93520.15 5385.29655209235 5385.29655209235 0.634065130071917 2.10529347261997 1.08384946548848
93521.15 5385.6928777018 5385.6928777018 0.634065150556273 2.10529361619357 1.08384946548848
93522.15 5386.35184257865 5386.35184257865 0.634065184696867 2.10529385548292 1.08384946548848
93523.15 5387.27239138876 5387.27239138876 0.634065232493698 2.105294190488 1.08384946548848
93524.15 5388.45724102869 5388.45724102869 0.634065293946766 2.10529462120884 1.08384946548848
93525.15 5389.90820754901 5389.90820754901 0.634065369056072 2.10529514764544 1.08384946548848
93526.15 5391.62550749832 5391.62550749832 0.634065457821615 2.10529576979781 1.08384946548848
93527.15 5393.60945490967 5393.60945490967 0.634065560243395 2.10529648766598 1.08384946548848
93528.15 5395.8594111818 5395.8594111818 0.634065676321412 2.10529730124996 1.08384946548848
93529.15 5398.37622624995 5398.37622624995 0.634065806055667 2.10529821054978 1.08384946548848
93530.15 5401.02914207732 5401.02914207732 0.634065942618041 2.10529916770757 1.08384946548848
93531.15 5403.68605678493 5403.68605678493 0.634066079180414 2.10530012486545 1.08384946548848
93532.15 5406.34698037898 5406.34698037898 0.634066215742786 2.10530108202343 1.08384946548848
93533.15 5409.01052942401 5409.01052942401 0.634066352305159 2.1053020391815 1.08384946548848
93534.15 5411.67704858543 5411.67704858543 0.634066488867532 2.10530299633967 1.08384946548848
93535.15 5414.34687187174 5414.34687187174 0.634066625429904 2.10530395349793 1.08384946548848
93536.15 5417.01999439602 5417.01999439602 0.634066761992276 2.10530491065629 1.08384946548848
93537.15 5419.69641127735 5419.69641127735 0.634066898554648 2.10530586781475 1.08384946548848
93538.15 5422.37714334122 5422.37714334122 0.63406703511702 2.1053068249733 1.08384946548848
93539.15 5425.06321009867 5425.06321009867 0.634067171679392 2.10530778213195 1.08384946548848
93540.15 5427.74947947586 5427.74947947586 0.634067308241763 2.10530873929069 1.08384946548848
93541.15 5430.439703709 5430.439703709 0.634067444804134 2.10530969644953 1.08384946548848
93542.15 5433.13149259548 5433.13149259548 0.634067581366506 2.10531065360846 1.08384946548848
93543.15 5435.82722532986 5435.82722532986 0.634067717928877 2.10531161076749 1.08384946548848
93544.15 5438.5275874402 5438.5275874402 0.634067854491247 2.10531256792662 1.08384946548848
93545.15 5441.23018093306 5441.23018093306 0.634067991053618 2.10531352508584 1.08384946548848
93546.15 5443.93602501265 5443.93602501265 0.634068127615988 2.10531448224515 1.08384946548848
93547.15 5446.64511483461 5446.64511483461 0.634068264178358 2.10531543940457 1.08384946548848
93548.15 5449.35779476764 5449.35779476764 0.634068400740728 2.10531639656407 1.08384946548848
93549.15 5452.07234013133 5452.07234013133 0.634068537303098 2.10531735372368 1.08384946548848
93550.15 5454.79216084857 5454.79216084857 0.634068673865468 2.10531831088338 1.08384946548848
93551.15 5457.54626475665 5457.54626475665 0.634068810427837 2.10531926804317 1.08384946548848
93552.15 5460.57452806458 5460.57452806458 0.634068946990207 2.10532022520306 1.08384946548848
93553.15 5463.89740424397 5463.89740424397 0.634069083552576 2.10532118236305 1.08384946548848
93554.15 5467.37693548304 5467.37693548304 0.634069220114945 2.10532213952313 1.08384946548848
93555.15 5471.43657427067 5471.43657427067 0.634069356677314 2.10532309668331 1.08384946548848
93556.15 5476.59070487468 5476.59070487468 0.634069493239682 2.10532405384358 1.08384946548848
93557.15 5481.94876703281 5481.94876703281 0.634069629802051 2.10532501100395 1.08384946548848
93558.15 5487.00863490794 5487.00863490794 0.634069766364419 2.10532596816442 1.08384946548848
93559.15 5491.6657883323 5491.6657883323 0.634069902926787 2.10532692532498 1.08384946548848
93560.15 5496.09371840425 5496.09371840425 0.634070039489155 2.10532788248564 1.08384946548848
93561.15 5500.33987275826 5500.33987275826 0.634070176051522 2.10532883964639 1.08384946548848
93562.15 5504.3629776653 5504.3629776653 0.63407031261389 2.10532979680724 1.08384946548848
93563.15 5508.22844737561 5508.22844737561 0.634070449176257 2.10533075396818 1.08384946548848
93564.15 5512.01638335251 5512.01638335251 0.634070585738625 2.10533171112922 1.08384946548848
93565.15 5515.73869349162 5515.73869349162 0.634070722300991 2.10533266829036 1.08384946548848
93566.15 5519.37821889861 5519.37821889861 0.634070858863358 2.10533362545159 1.08384946548848
93567.15 5523.06612307728 5523.06612307728 0.634070995425725 2.10533458261291 1.08384946548848
93568.15 5526.93136504866 5526.93136504866 0.634071131988091 2.10533553977434 1.08384946548848
93569.15 5530.82892675463 5530.82892675463 0.634071268550458 2.10533649693585 1.08384946548848
93570.15 5534.96921025641 5534.96921025641 0.634071405112824 2.10533745409747 1.08384946548848
93571.15 5539.71685846658 5539.71685846658 0.63407154167519 2.10533841125918 1.08384946548848
93572.15 5545.46327370916 5545.46327370916 0.634071678237555 2.10533936842098 1.08384946548848
93573.15 5552.4089081299 5552.4089081299 0.634071814799921 2.10534032558288 1.08384946548848
93574.15 5560.71178734992 5560.71178734992 0.634071951362286 2.10534128274488 1.08384946548848
93575.15 5570.18200127821 5570.18200127821 0.634072087924652 2.10534223990697 1.08384946548848
93576.15 5580.19623509062 5580.19623509062 0.634072224487017 2.10534319706916 1.08384946548848
93577.15 5590.58691038223 5590.58691038223 0.634072361049381 2.10534415423145 1.08384946548848
93578.15 5601.08862026577 5601.08862026577 0.634072497611746 2.10534511139382 1.08384946548848
93579.15 5611.30368288291 5611.30368288291 0.634072634174111 2.1053460685563 1.08384946548848
93580.15 5621.24680333593 5621.24680333593 0.634072770736475 2.10534702571887 1.08384946548848
93581.15 5630.89204710202 5630.89204710202 0.634072907298839 2.10534798288154 1.08384946548848
93582.15 5640.32022497776 5640.32022497776 0.634073043861203 2.1053489400443 1.08384946548848
93583.15 5649.61623231375 5649.61623231375 0.634073180423567 2.10534989720716 1.08384946548848
93584.15 5658.78960467843 5658.78960467843 0.63407331698593 2.10535085437011 1.08384946548848
93585.15 5667.76487943397 5667.76487943397 0.634073453548294 2.10535181153316 1.08384946548848
93586.15 5676.37134198084 5676.37134198084 0.634073590110657 2.10535276869631 1.08384946548848
93587.15 5684.55669294312 5684.55669294312 0.63407372667302 2.10535372585955 1.08384946548848
93588.15 5692.47670037946 5692.47670037946 0.634073863235383 2.10535468302288 1.08384946548848
93589.15 5700.32134732903 5700.32134732903 0.634073999797745 2.10535564018631 1.08384946548848
93590.15 5708.1479089135 5708.1479089135 0.634074136360108 2.10535659734984 1.08384946548848
93591.15 5715.8034452691 5715.8034452691 0.63407427292247 2.10535755451347 1.08384946548848
93592.15 5723.14664449742 5723.14664449742 0.634074409484832 2.10535851167719 1.08384946548848
93593.15 5729.96863892984 5729.96863892984 0.634074546047194 2.105359468841 1.08384946548848
93594.15 5736.26242903167 5736.26242903167 0.634074682609556 2.10536042600491 1.08384946548848
93595.15 5741.95572491725 5741.95572491725 0.634074819171918 2.10536138316892 1.08384946548848
93596.15 5746.95762539985 5746.95762539985 0.634074955734279 2.10536234033302 1.08384946548848
93597.15 5752.38431230193 5752.38431230193 0.63407509229664 2.10536329749722 1.08384946548848
93598.15 5758.30472389964 5758.30472389964 0.634075228859001 2.10536425466151 1.08384946548848
93599.15 5763.89830293171 5763.89830293171 0.634075365421362 2.1053652118259 1.08384946548848
93600.15 5768.90954084557 5768.90954084557 0.634075501983723 2.10536616899039 1.08384946548848
93601.15 5774.01693012014 5774.01693012014 0.634075638546084 2.10536712615497 1.08384946548848
93602.15 5778.3918718598 5778.3918718598 0.634075775108444 2.10536808331964 1.08384946548848
93603.15 5780.97434042935 5780.97434042935 0.634075911670804 2.10536904048441 1.08384946548848
93604.15 5781.3996737074 5781.3996737074 0.634076048233164 2.10536999764928 1.08384946548848
93605.15 5780.84926211244 5780.84926211244 0.634076184795524 2.10537095481425 1.08384946548848
93606.15 5779.99335861689 5779.99335861689 0.634076321357884 2.1053719119793 1.08384946548848
93607.15 5778.90243876854 5778.90243876854 0.634076457920243 2.10537286914446 1.08384946548848
93608.15 5777.66847925123 5777.66847925123 0.634076594482602 2.10537382630971 1.08384946548848
93609.15 5776.45211785487 5776.45211785487 0.634076731044961 2.10537478347506 1.08384946548848
93610.15 5775.32408228273 5775.32408228273 0.63407686760732 2.1053757406405 1.08384946548848
93611.15 5774.22135758788 5774.22135758788 0.634077004169679 2.10537669780604 1.08384946548848
93612.15 5773.10880815819 5773.10880815819 0.634077140732038 2.10537765497167 1.08384946548848
93613.15 5771.93039757149 5771.93039757149 0.634077277294396 2.1053786121374 1.08384946548848
93614.15 5770.70932256857 5770.70932256857 0.634077413856754 2.10537956930322 1.08384946548848
93615.15 5769.54824003178 5769.54824003178 0.634077550419112 2.10538052646914 1.08384946548848
93616.15 5768.66904294073 5768.66904294073 0.63407768698147 2.10538148363516 1.08384946548848
93617.15 5767.69046532912 5767.69046532912 0.634077823543828 2.10538244080127 1.08384946548848
93618.15 5765.71240080495 5765.71240080495 0.634077960106185 2.10538339796748 1.08384946548848
93619.15 5763.00028426462 5763.00028426462 0.634078096668543 2.10538435513378 1.08384946548848
93620.15 5760.08546875247 5760.08546875247 0.6340782332309 2.10538531230018 1.08384946548848
93621.15 5756.63025781289 5756.63025781289 0.634078369793257 2.10538626946667 1.08384946548848
93622.15 5752.45084560696 5752.45084560696 0.634078506355613 2.10538722663327 1.08384946548848
93623.15 5747.56592220208 5747.56592220208 0.63407864291797 2.10538818379995 1.08384946548848
93624.15 5742.28589841457 5742.28589841457 0.634078779480327 2.10538914096673 1.08384946548848
93625.15 5736.78758994626 5736.78758994626 0.634078916042683 2.10539009813361 1.08384946548848
93626.15 5731.00903087973 5731.00903087973 0.634079052605039 2.10539105530058 1.08384946548848
93627.15 5725.00420639553 5725.00420639553 0.634079189167395 2.10539201246765 1.08384946548848
93628.15 5719.02658688245 5719.02658688245 0.63407932572975 2.10539296963482 1.08384946548848
93629.15 5713.16454188975 5713.16454188975 0.634079462292106 2.10539392680208 1.08384946548848
93630.15 5707.03785121799 5707.03785121799 0.634079598854461 2.10539488396943 1.08384946548848
93631.15 5700.51622118924 5700.51622118924 0.634079735416816 2.10539584113688 1.08384946548848
93632.15 5693.85001062802 5693.85001062802 0.634079871979171 2.10539679830443 1.08384946548848
93633.15 5687.2109474883 5687.2109474883 0.634080008541526 2.10539775547208 1.08384946548848
93634.15 5680.63598132565 5680.63598132565 0.634080145103881 2.10539871263981 1.08384946548848
93635.15 5674.11060058407 5674.11060058407 0.634080281666235 2.10539966980765 1.08384946548848
93636.15 5667.5413054374 5667.5413054374 0.63408041822859 2.10540062697558 1.08384946548848
93637.15 5660.85702245428 5660.85702245428 0.634080554790944 2.1054015841436 1.08384946548848
93638.15 5654.05187059127 5654.05187059127 0.634080691353297 2.10540254131173 1.08384946548848
93639.15 5647.07420634534 5647.07420634534 0.634080827915651 2.10540349847994 1.08384946548848
93640.15 5639.94036356063 5639.94036356063 0.634080964478005 2.10540445564826 1.08384946548848
93641.15 5632.82988646602 5632.82988646602 0.634081101040358 2.10540541281667 1.08384946548848
93642.15 5625.84970050134 5625.84970050134 0.634081237602711 2.10540636998517 1.08384946548848
93643.15 5618.99355505371 5618.99355505371 0.634081374165064 2.10540732715377 1.08384946548848
93644.15 5612.12736110016 5612.12736110016 0.634081510727417 2.10540828432247 1.08384946548848
93645.15 5605.20287955099 5605.20287955099 0.63408164728977 2.10540924149126 1.08384946548848
93646.15 5598.2354159056 5598.2354159056 0.634081783852122 2.10541019866015 1.08384946548848
93647.15 5591.23957014372 5591.23957014372 0.634081920414475 2.10541115582913 1.08384946548848
93648.15 5584.23809860602 5584.23809860602 0.634082056976827 2.10541211299821 1.08384946548848
93649.15 5577.30432808187 5577.30432808187 0.634082193539179 2.10541307016738 1.08384946548848
93650.15 5570.48786006023 5570.48786006023 0.63408233010153 2.10541402733665 1.08384946548848
93651.15 5563.79429825421 5563.79429825421 0.634082466663882 2.10541498450602 1.08384946548848
93652.15 5557.18278040551 5557.18278040551 0.634082603226233 2.10541594167548 1.08384946548848
93653.15 5550.47017861647 5550.47017861647 0.634082739788585 2.10541689884504 1.08384946548848
93654.15 5543.57966874085 5543.57966874085 0.634082876350936 2.10541785601469 1.08384946548848
93655.15 5536.52615541742 5536.52615541742 0.634083012913286 2.10541881318444 1.08384946548848
93656.15 5529.42297182549 5529.42297182549 0.634083149475637 2.10541977035428 1.08384946548848
93657.15 5522.33950242005 5522.33950242005 0.634083286037988 2.10542072752422 1.08384946548848
93658.15 5515.29812409492 5515.29812409492 0.634083422600338 2.10542168469426 1.08384946548848
93659.15 5508.30552357267 5508.30552357267 0.634083559162688 2.10542264186439 1.08384946548848
93660.15 5501.36187632011 5501.36187632011 0.634083695725038 2.10542359903462 1.08384946548848
93661.15 5494.37066539995 5494.37066539995 0.634083832287388 2.10542455620494 1.08384946548848
93662.15 5487.27183211908 5487.27183211908 0.634083968849737 2.10542551337536 1.08384946548848
93663.15 5480.12680081614 5480.12680081614 0.634084105412087 2.10542647054587 1.08384946548848
93664.15 5472.95713207211 5472.95713207211 0.634084241974436 2.10542742771648 1.08384946548848
93665.15 5465.76746630235 5465.76746630235 0.634084378536785 2.10542838488719 1.08384946548848
93666.15 5458.53743968174 5458.53743968174 0.634084515099134 2.10542934205799 1.08384946548848
93667.15 5451.30400444382 5451.30400444382 0.634084651661483 2.10543029922889 1.08384946548848
93668.15 5444.0803655348 5444.0803655348 0.634084788223831 2.10543125639988 1.08384946548848
93669.15 5436.8830370313 5436.8830370313 0.63408492478618 2.10543221357097 1.08384946548848
93670.15 5429.75446966746 5429.75446966746 0.634085061348528 2.10543317074215 1.08384946548848
93671.15 5422.84499205009 5422.84499205009 0.634085197910876 2.10543412791343 1.08384946548848
93672.15 5416.16997955053 5416.16997955053 0.634085334473224 2.10543508508481 1.08384946548848
93673.15 5409.60792590626 5409.60792590626 0.634085471035571 2.10543604225628 1.08384946548848
93674.15 5403.08001127303 5403.08001127303 0.634085607597919 2.10543699942785 1.08384946548848
93675.15 5396.56562043697 5396.56562043697 0.634085744160266 2.10543795659951 1.08384946548848
93676.15 5390.0380272114 5390.0380272114 0.634085880722613 2.10543891377127 1.08384946548848
93677.15 5383.51940035692 5383.51940035692 0.63408601728496 2.10543987094312 1.08384946548848
93678.15 5376.99655972226 5376.99655972226 0.634086153847307 2.10544082811507 1.08384946548848
93679.15 5370.41991790234 5370.41991790234 0.634086290409653 2.10544178528712 1.08384946548848
93680.15 5363.77304103899 5363.77304103899 0.634086426972 2.10544274245926 1.08384946548848
93681.15 5357.08026690254 5357.08026690254 0.634086563534346 2.1054436996315 1.08384946548848
93682.15 5350.30761358382 5350.30761358382 0.634086700096692 2.10544465680383 1.08384946548848
93683.15 5343.44634767245 5343.44634767245 0.634086836659038 2.10544561397626 1.08384946548848
93684.15 5336.47765926903 5336.47765926903 0.634086973221383 2.10544657114878 1.08384946548848
93685.15 5329.33599600933 5329.33599600933 0.634087109783729 2.1054475283214 1.08384946548848
93686.15 5321.96137502584 5321.96137502584 0.634087246346074 2.10544848549412 1.08384946548848
93687.15 5314.31748276707 5314.31748276707 0.634087382908419 2.10544944266693 1.08384946548848
93688.15 5306.538796168 5306.538796168 0.634087519470764 2.10545039983983 1.08384946548848
93689.15 5298.66087365119 5298.66087365119 0.634087656033109 2.10545135701284 1.08384946548848
93690.15 5290.74601198185 5290.74601198185 0.634087792595454 2.10545231418594 1.08384946548848
93691.15 5282.82511905656 5282.82511905656 0.634087929157798 2.10545327135913 1.08384946548848
93692.15 5274.89503453539 5274.89503453539 0.634088065720142 2.10545422853242 1.08384946548848
93693.15 5267.02806670688 5267.02806670688 0.634088202282486 2.10545518570581 1.08384946548848
93694.15 5259.41365179629 5259.41365179629 0.63408833884483 2.10545614287929 1.08384946548848
93695.15 5252.44219876774 5252.44219876774 0.634088475407174 2.10545710005286 1.08384946548848
93696.15 5245.90530027204 5245.90530027204 0.634088611969517 2.10545805722654 1.08384946548848
93697.15 5239.47511590852 5239.47511590852 0.634088748531861 2.1054590144003 1.08384946548848
93698.15 5232.11342684812 5232.11342684812 0.634088885094204 2.10545997157417 1.08384946548848
93699.15 5223.98590530368 5223.98590530368 0.634089021656547 2.10546092874813 1.08384946548848
93700.15 5215.33089466922 5215.33089466922 0.63408915821889 2.10546188592218 1.08384946548848
93701.15 5206.64655561797 5206.64655561797 0.634089294781232 2.10546284309634 1.08384946548848
93702.15 5198.00885521293 5198.00885521293 0.634089431343575 2.10546380027058 1.08384946548848
93703.15 5189.70576228981 5189.70576228981 0.634089567905917 2.10546475744492 1.08384946548848
93704.15 5181.79255875478 5181.79255875478 0.634089704468259 2.10546571461936 1.08384946548848
93705.15 5174.06747392775 5174.06747392775 0.634089841030601 2.1054666717939 1.08384946548848
93706.15 5166.48027663626 5166.48027663626 0.634089977592943 2.10546762896853 1.08384946548848
93707.15 5158.93249869371 5158.93249869371 0.634090114155284 2.10546858614325 1.08384946548848
93708.15 5151.30137764141 5151.30137764141 0.634090250717625 2.10546954331807 1.08384946548848
93709.15 5143.479838591 5143.479838591 0.634090387279967 2.10547050049299 1.08384946548848
93710.15 5135.36151241271 5135.36151241271 0.634090523842308 2.105471457668 1.08384946548848
93711.15 5127.12022949234 5127.12022949234 0.634090660404648 2.10547241484311 1.08384946548848
93712.15 5118.9898185969 5118.9898185969 0.634090796966989 2.10547337201831 1.08384946548848
93713.15 5110.99205019656 5110.99205019656 0.63409093352933 2.10547432919361 1.08384946548848
93714.15 5103.13335620658 5103.13335620658 0.63409107009167 2.10547528636901 1.08384946548848
93715.15 5095.35117970291 5095.35117970291 0.63409120665401 2.1054762435445 1.08384946548848
93716.15 5087.57306176256 5087.57306176256 0.63409134321635 2.10547720072009 1.08384946548848
93717.15 5079.83224368215 5079.83224368215 0.63409147977869 2.10547815789577 1.08384946548848
93718.15 5072.34471690445 5072.34471690445 0.634091616341029 2.10547911507155 1.08384946548848
93719.15 5064.92563278045 5064.92563278045 0.634091752903369 2.10548007224742 1.08384946548848
93720.15 5057.49058599598 5057.49058599598 0.634091889465708 2.10548102942339 1.08384946548848
93721.15 5050.03867495836 5050.03867495836 0.634092026028047 2.10548198659946 1.08384946548848
93722.15 5042.58404985549 5042.58404985549 0.634092162590386 2.10548294377562 1.08384946548848
93723.15 5035.14646009381 5035.14646009381 0.634092299152724 2.10548390095188 1.08384946548848
93724.15 5027.72745158358 5027.72745158358 0.634092435715063 2.10548485812823 1.08384946548848
93725.15 5020.34819784179 5020.34819784179 0.634092572277401 2.10548581530468 1.08384946548848
93726.15 5013.02064336098 5013.02064336098 0.634092708839739 2.10548677248122 1.08384946548848
93727.15 5005.7127666308 5005.7127666308 0.634092845402077 2.10548772965786 1.08384946548848
93728.15 4998.32956117652 4998.32956117652 0.634092981964415 2.10548868683459 1.08384946548848
93729.15 4990.84570724827 4990.84570724827 0.634093118526753 2.10548964401143 1.08384946548848
93730.15 4983.27294174225 4983.27294174225 0.63409325508909 2.10549060118835 1.08384946548848
93731.15 4975.58386497893 4975.58386497893 0.634093391651427 2.10549155836538 1.08384946548848
93732.15 4967.8551114738 4967.8551114738 0.634093528213764 2.10549251554249 1.08384946548848
93733.15 4960.11379836053 4960.11379836053 0.634093664776101 2.10549347271971 1.08384946548848
93734.15 4952.25262193018 4952.25262193018 0.634093801338438 2.10549442989702 1.08384946548848
93735.15 4944.19725468967 4944.19725468967 0.634093937900775 2.10549538707442 1.08384946548848
93736.15 4936.08378625053 4936.08378625053 0.634094074463111 2.10549634425192 1.08384946548848
93737.15 4927.87845046126 4927.87845046126 0.634094211025447 2.10549730142952 1.08384946548848
93738.15 4919.36333550465 4919.36333550465 0.634094347587783 2.10549825860721 1.08384946548848
93739.15 4910.65814986834 4910.65814986834 0.634094484150119 2.105499215785 1.08384946548848
93740.15 4901.96013547253 4901.96013547253 0.634094620712454 2.10550017296288 1.08384946548848
93741.15 4893.20202584748 4893.20202584748 0.63409475727479 2.10550113014086 1.08384946548848
93742.15 4884.36847810355 4884.36847810355 0.634094893837125 2.10550208731894 1.08384946548848
93743.15 4875.39747053708 4875.39747053708 0.63409503039946 2.10550304449711 1.08384946548848
93744.15 4866.25160079412 4866.25160079412 0.634095166961795 2.10550400167538 1.08384946548848
93745.15 4857.21889089298 4857.21889089298 0.63409530352413 2.10550495885374 1.08384946548848
93746.15 4848.42904037513 4848.42904037513 0.634095440086464 2.1055059160322 1.08384946548848
93747.15 4839.78399663676 4839.78399663676 0.634095576648799 2.10550687321075 1.08384946548848
93748.15 4831.36212351962 4831.36212351962 0.634095713211133 2.1055078303894 1.08384946548848
93749.15 4823.18116539181 4823.18116539181 0.634095849773467 2.10550878756814 1.08384946548848
93750.15 4815.22127591633 4815.22127591633 0.634095986335801 2.10550974474699 1.08384946548848
93751.15 4807.33812545284 4807.33812545284 0.634096122898135 2.10551070192592 1.08384946548848
93752.15 4799.45560973003 4799.45560973003 0.634096259460468 2.10551165910495 1.08384946548848
93753.15 4791.59025945886 4791.59025945886 0.634096396022801 2.10551261628408 1.08384946548848
93754.15 4783.74347188706 4783.74347188706 0.634096532585134 2.10551357346331 1.08384946548848
93755.15 4776.05700720453 4776.05700720453 0.634096669147467 2.10551453064263 1.08384946548848
93756.15 4768.55023869641 4768.55023869641 0.6340968057098 2.10551548782204 1.08384946548848
93757.15 4761.33368212485 4761.33368212485 0.634096942272133 2.10551644500155 1.08384946548848
93758.15 4754.39192075394 4754.39192075394 0.634097078834465 2.10551740218116 1.08384946548848
93759.15 4747.78844246768 4747.78844246768 0.634097215396797 2.10551835936086 1.08384946548848
93760.15 4741.68330892471 4741.68330892471 0.634097351959129 2.10551931654066 1.08384946548848
93761.15 4736.18810033173 4736.18810033173 0.634097488521461 2.10552027372055 1.08384946548848
93762.15 4731.56143464913 4731.56143464913 0.634097625083793 2.10552123090054 1.08384946548848
93763.15 4728.0837698676 4728.0837698676 0.634097761646124 2.10552218808063 1.08384946548848
93764.15 4725.87905976874 4725.87905976874 0.634097898208456 2.10552314526081 1.08384946548848
93765.15 4725.0356276799 4725.0356276799 0.634098034770787 2.10552410244108 1.08384946548848
93766.15 4724.66224773419 4724.66224773419 0.634098171333118 2.10552505962146 1.08384946548848
93767.15 4724.36245141679 4724.36245141679 0.634098307895449 2.10552601680192 1.08384946548848
93768.15 4723.45176564964 4723.45176564964 0.634098444457779 2.10552697398249 1.08384946548848
93769.15 4721.37041209433 4721.37041209433 0.63409858102011 2.10552793116315 1.08384946548848
93770.15 4718.14327547978 4718.14327547978 0.63409871758244 2.1055288883439 1.08384946548848
93771.15 4713.99238256353 4713.99238256353 0.63409885414477 2.10552984552475 1.08384946548848
93772.15 4709.1378341447 4709.1378341447 0.6340989907071 2.1055308027057 1.08384946548848
93773.15 4703.74193477987 4703.74193477987 0.63409912726943 2.10553175988674 1.08384946548848
93774.15 4697.85996236978 4697.85996236978 0.634099263831759 2.10553271706788 1.08384946548848
93775.15 4691.32205191425 4691.32205191425 0.634099400394089 2.10553367424911 1.08384946548848
93776.15 4684.19411164269 4684.19411164269 0.634099536956418 2.10553463143044 1.08384946548848
93777.15 4676.99916926899 4676.99916926899 0.634099673518747 2.10553558861187 1.08384946548848
93778.15 4669.99625618556 4669.99625618556 0.634099810081076 2.10553654579339 1.08384946548848
93779.15 4663.47667809845 4663.47667809845 0.634099946643404 2.10553750297501 1.08384946548848
93780.15 4657.25095471122 4657.25095471122 0.634100083205733 2.10553846015672 1.08384946548848
93781.15 4650.74098241152 4650.74098241152 0.634100219768061 2.10553941733853 1.08384946548848
93782.15 4643.37699088265 4643.37699088265 0.634100356330389 2.10554037452043 1.08384946548848
93783.15 4635.2158789065 4635.2158789065 0.634100492892717 2.10554133170243 1.08384946548848
93784.15 4626.59861221144 4626.59861221144 0.634100629455045 2.10554228888452 1.08384946548848
93785.15 4617.92631630257 4617.92631630257 0.634100766017372 2.10554324606672 1.08384946548848
93786.15 4609.18637886657 4609.18637886657 0.6341009025797 2.105544203249 1.08384946548848
93787.15 4600.51289328125 4600.51289328125 0.634101039142027 2.10554516043138 1.08384946548848
93788.15 4591.88080060948 4591.88080060948 0.634101175704354 2.10554611761386 1.08384946548848
93789.15 4583.25818220228 4583.25818220228 0.634101312266681 2.10554707479644 1.08384946548848
93790.15 4574.50769951858 4574.50769951858 0.634101448829007 2.1055480319791 1.08384946548848
93791.15 4565.58362759921 4565.58362759921 0.634101585391334 2.10554898916187 1.08384946548848
93792.15 4556.7181254288 4556.7181254288 0.63410172195366 2.10554994634473 1.08384946548848
93793.15 4547.98336082333 4547.98336082333 0.634101858515986 2.10555090352769 1.08384946548848
93794.15 4539.24785294475 4539.24785294475 0.634101995078312 2.10555186071074 1.08384946548848
93795.15 4530.5483416164 4530.5483416164 0.634102131640638 2.10555281789389 1.08384946548848
93796.15 4521.86748441902 4521.86748441902 0.634102268202964 2.10555377507713 1.08384946548848
93797.15 4513.09529050926 4513.09529050926 0.634102404765289 2.10555473226047 1.08384946548848
93798.15 4504.22422013329 4504.22422013329 0.634102541327614 2.10555568944391 1.08384946548848
93799.15 4495.34570960477 4495.34570960477 0.634102677889939 2.10555664662744 1.08384946548848
93800.15 4486.48808442987 4486.48808442987 0.634102814452264 2.10555760381106 1.08384946548848
93801.15 4477.65737396767 4477.65737396767 0.634102951014589 2.10555856099478 1.08384946548848
93802.15 4468.93760675033 4468.93760675033 0.634103087576913 2.1055595181786 1.08384946548848
93803.15 4460.64627893929 4460.64627893929 0.634103224139238 2.10556047536252 1.08384946548848
93804.15 4452.63363148547 4452.63363148547 0.634103360701562 2.10556143254653 1.08384946548848
93805.15 4444.53213359585 4444.53213359585 0.634103497263886 2.10556238973063 1.08384946548848
93806.15 4436.25687614044 4436.25687614044 0.63410363382621 2.10556334691483 1.08384946548848
93807.15 4428.00976729691 4428.00976729691 0.634103770388533 2.10556430409913 1.08384946548848
93808.15 4419.89060252822 4419.89060252822 0.634103906950857 2.10556526128352 1.08384946548848
93809.15 4411.76109629922 4411.76109629922 0.63410404351318 2.10556621846801 1.08384946548848
93810.15 4403.58946919096 4403.58946919096 0.634104180075503 2.10556717565259 1.08384946548848
93811.15 4395.51923639781 4395.51923639781 0.634104316637826 2.10556813283727 1.08384946548848
93812.15 4387.64116363463 4387.64116363463 0.634104453200149 2.10556909002204 1.08384946548848
93813.15 4379.95152803433 4379.95152803433 0.634104589762471 2.10557004720692 1.08384946548848
93814.15 4372.44887042026 4372.44887042026 0.634104726324794 2.10557100439188 1.08384946548848
93815.15 4365.07543601813 4365.07543601813 0.634104862887116 2.10557196157694 1.08384946548848
93816.15 4357.79283253306 4357.79283253306 0.634104999449438 2.1055729187621 1.08384946548848
93817.15 4350.48439504844 4350.48439504844 0.63410513601176 2.10557387594736 1.08384946548848
93818.15 4343.03127512748 4343.03127512748 0.634105272574081 2.10557483313271 1.08384946548848
93819.15 4335.4276133357 4335.4276133357 0.634105409136403 2.10557579031815 1.08384946548848
93820.15 4327.87850273557 4327.87850273557 0.634105545698724 2.10557674750369 1.08384946548848
93821.15 4320.33091670546 4320.33091670546 0.634105682261045 2.10557770468933 1.08384946548848
93822.15 4312.66915356429 4312.66915356429 0.634105818823366 2.10557866187506 1.08384946548848
93823.15 4304.9720180519 4304.9720180519 0.634105955385687 2.10557961906089 1.08384946548848
93824.15 4297.23622721114 4297.23622721114 0.634106091948007 2.10558057624681 1.08384946548848
93825.15 4289.46716262762 4289.46716262762 0.634106228510328 2.10558153343283 1.08384946548848
93826.15 4281.71598843419 4281.71598843419 0.634106365072648 2.10558249061895 1.08384946548848
93827.15 4274.0370378506 4274.0370378506 0.634106501634968 2.10558344780516 1.08384946548848
93828.15 4266.33727477984 4266.33727477984 0.634106638197288 2.10558440499146 1.08384946548848
93829.15 4258.64490104791 4258.64490104791 0.634106774759608 2.10558536217786 1.08384946548848
93830.15 4251.05462249968 4251.05462249968 0.634106911321927 2.10558631936436 1.08384946548848
93831.15 4243.42503240322 4243.42503240322 0.634107047884247 2.10558727655096 1.08384946548848
93832.15 4235.93108010562 4235.93108010562 0.634107184446566 2.10558823373764 1.08384946548848
93833.15 4228.59206228486 4228.59206228486 0.634107321008885 2.10558919092443 1.08384946548848
93834.15 4221.36701743474 4221.36701743474 0.634107457571203 2.10559014811131 1.08384946548848
93835.15 4214.21789597165 4214.21789597165 0.634107594133522 2.10559110529829 1.08384946548848
93836.15 4207.1307476456 4207.1307476456 0.63410773069584 2.10559206248536 1.08384946548848
93837.15 4200.07086075209 4200.07086075209 0.634107867258159 2.10559301967253 1.08384946548848
93838.15 4193.02646868754 4193.02646868754 0.634108003820477 2.10559397685979 1.08384946548848
93839.15 4185.99269939801 4185.99269939801 0.634108140382795 2.10559493404715 1.08384946548848
93840.15 4178.96760197787 4178.96760197787 0.634108276945112 2.1055958912346 1.08384946548848
93841.15 4171.92367156365 4171.92367156365 0.63410841350743 2.10559684842215 1.08384946548848
93842.15 4164.93916495269 4164.93916495269 0.634108550069747 2.1055978056098 1.08384946548848
93843.15 4158.06078392739 4158.06078392739 0.634108686632064 2.10559876279754 1.08384946548848
93844.15 4151.27662549272 4151.27662549272 0.634108823194381 2.10559971998538 1.08384946548848
93845.15 4144.57699579791 4144.57699579791 0.634108959756698 2.10560067717331 1.08384946548848
93846.15 4137.96432016541 4137.96432016541 0.634109096319015 2.10560163436134 1.08384946548848
93847.15 4131.33610007137 4131.33610007137 0.634109232881331 2.10560259154947 1.08384946548848
93848.15 4124.56326907281 4124.56326907281 0.634109369443648 2.10560354873769 1.08384946548848
93849.15 4117.40231670461 4117.40231670461 0.634109506005964 2.10560450592601 1.08384946548848
93850.15 4109.91240501964 4109.91240501964 0.63410964256828 2.10560546311442 1.08384946548848
93851.15 4102.35182515699 4102.35182515699 0.634109779130595 2.10560642030293 1.08384946548848
93852.15 4094.73957366766 4094.73957366766 0.634109915692911 2.10560737749153 1.08384946548848
93853.15 4086.97431797518 4086.97431797518 0.634110052255226 2.10560833468023 1.08384946548848
93854.15 4078.92530310058 4078.92530310058 0.634110188817542 2.10560929186902 1.08384946548848
93855.15 4070.6780157124 4070.6780157124 0.634110325379857 2.10561024905791 1.08384946548848
93856.15 4062.53600797639 4062.53600797639 0.634110461942171 2.1056112062469 1.08384946548848
93857.15 4054.58229505778 4054.58229505778 0.634110598504486 2.10561216343598 1.08384946548848
93858.15 4046.59762230947 4046.59762230947 0.6341107350668 2.10561312062516 1.08384946548848
93859.15 4038.93156999549 4038.93156999549 0.634110871629115 2.10561407781443 1.08384946548848
93860.15 4031.57557755121 4031.57557755121 0.634111008191429 2.1056150350038 1.08384946548848
93861.15 4024.76494122582 4024.76494122582 0.634111144753743 2.10561599219327 1.08384946548848
93862.15 4018.53443292147 4018.53443292147 0.634111281316057 2.10561694938283 1.08384946548848
93863.15 4012.75423017613 4012.75423017613 0.63411141787837 2.10561790657248 1.08384946548848
93864.15 4007.45044448107 4007.45044448107 0.634111554440684 2.10561886376224 1.08384946548848
93865.15 4002.59081218355 4002.59081218355 0.634111691002997 2.10561982095208 1.08384946548848
93866.15 3997.83147459687 3997.83147459687 0.63411182756531 2.10562077814203 1.08384946548848
93867.15 3993.27693022879 3993.27693022879 0.634111964127623 2.10562173533207 1.08384946548848
93868.15 3988.84495155519 3988.84495155519 0.634112100689936 2.1056226925222 1.08384946548848
93869.15 3984.2337300904 3984.2337300904 0.634112237252248 2.10562364971243 1.08384946548848
93870.15 3979.31327222848 3979.31327222848 0.63411237381456 2.10562460690276 1.08384946548848
93871.15 3973.94486330244 3973.94486330244 0.634112510376872 2.10562556409318 1.08384946548848
93872.15 3968.11469096048 3968.11469096048 0.634112646939184 2.1056265212837 1.08384946548848
93873.15 3961.860183093 3961.860183093 0.634112783501496 2.10562747847431 1.08384946548848
93874.15 3955.34194199943 3955.34194199943 0.634112920063808 2.10562843566502 1.08384946548848
93875.15 3948.55319890957 3948.55319890957 0.634113056626119 2.10562939285583 1.08384946548848
93876.15 3941.72072082735 3941.72072082735 0.634113193188431 2.10563035004673 1.08384946548848
93877.15 3934.60961416549 3934.60961416549 0.634113329750742 2.10563130723772 1.08384946548848
93878.15 3927.15035735668 3927.15035735668 0.634113466313053 2.10563226442882 1.08384946548848
93879.15 3919.5898783683 3919.5898783683 0.634113602875363 2.10563322162 1.08384946548848
93880.15 3911.90975995943 3911.90975995943 0.634113739437674 2.10563417881129 1.08384946548848
93881.15 3904.15148183609 3904.15148183609 0.634113875999984 2.10563513600267 1.08384946548848
93882.15 3896.3780855652 3896.3780855652 0.634114012562294 2.10563609319414 1.08384946548848
93883.15 3888.43349405129 3888.43349405129 0.634114149124604 2.10563705038571 1.08384946548848
93884.15 3880.30514271711 3880.30514271711 0.634114285686914 2.10563800757738 1.08384946548848
93885.15 3872.09783253576 3872.09783253576 0.634114422249224 2.10563896476914 1.08384946548848
93886.15 3863.65487663644 3863.65487663644 0.634114558811533 2.105639921961 1.08384946548848
93887.15 3854.93530344939 3854.93530344939 0.634114695373843 2.10564087915295 1.08384946548848
93888.15 3846.16382541974 3846.16382541974 0.634114831936152 2.105641836345 1.08384946548848
93889.15 3837.56419752449 3837.56419752449 0.634114968498461 2.10564279353715 1.08384946548848
93890.15 3829.21961929309 3829.21961929309 0.634115105060769 2.10564375072939 1.08384946548848
93891.15 3820.859731385 3820.859731385 0.634115241623078 2.10564470792172 1.08384946548848
93892.15 3812.68881702945 3812.68881702945 0.634115378185386 2.10564566511415 1.08384946548848
93893.15 3804.95879933627 3804.95879933627 0.634115514747695 2.10564662230668 1.08384946548848
93894.15 3797.62900817066 3797.62900817066 0.634115651310003 2.10564757949931 1.08384946548848
93895.15 3790.46315102802 3790.46315102802 0.63411578787231 2.10564853669203 1.08384946548848
93896.15 3783.37426976426 3783.37426976426 0.634115924434618 2.10564949388484 1.08384946548848
93897.15 3776.17221970436 3776.17221970436 0.634116060996926 2.10565045107775 1.08384946548848
93898.15 3769.06203676937 3769.06203676937 0.634116197559233 2.10565140827076 1.08384946548848
93899.15 3762.10597053421 3762.10597053421 0.63411633412154 2.10565236546386 1.08384946548848
93900.15 3755.16074435485 3755.16074435485 0.634116470683847 2.10565332265706 1.08384946548848
93901.15 3748.20066134523 3748.20066134523 0.634116607246154 2.10565427985035 1.08384946548848
93902.15 3741.22431938722 3741.22431938722 0.63411674380846 2.10565523704374 1.08384946548848
93903.15 3734.22266287557 3734.22266287557 0.634116880370767 2.10565619423722 1.08384946548848
93904.15 3727.26978599538 3727.26978599538 0.634117016933073 2.10565715143081 1.08384946548848
93905.15 3720.36370863917 3720.36370863917 0.634117153495379 2.10565810862448 1.08384946548848
93906.15 3713.4591317955 3713.4591317955 0.634117290057685 2.10565906581825 1.08384946548848
93907.15 3706.57832405645 3706.57832405645 0.634117426619991 2.10566002301212 1.08384946548848
93908.15 3699.77031277517 3699.77031277517 0.634117563182296 2.10566098020609 1.08384946548848
93909.15 3693.11092465939 3693.11092465939 0.634117699744602 2.10566193740014 1.08384946548848
93910.15 3686.58830869523 3686.58830869523 0.634117836306907 2.1056628945943 1.08384946548848
93911.15 3680.16288353782 3680.16288353782 0.634117972869212 2.10566385178855 1.08384946548848
93912.15 3673.80185228494 3673.80185228494 0.634118109431517 2.1056648089829 1.08384946548848
93913.15 3667.4689982675 3667.4689982675 0.634118245993821 2.10566576617734 1.08384946548848
93914.15 3661.14445241242 3661.14445241242 0.634118382556126 2.10566672337188 1.08384946548848
93915.15 3654.65848119037 3654.65848119037 0.63411851911843 2.10566768056651 1.08384946548848
93916.15 3647.88838790515 3647.88838790515 0.634118655680734 2.10566863776124 1.08384946548848
93917.15 3640.9522339628 3640.9522339628 0.634118792243038 2.10566959495606 1.08384946548848
93918.15 3633.90589271072 3633.90589271072 0.634118928805342 2.10567055215098 1.08384946548848
93919.15 3626.79483658991 3626.79483658991 0.634119065367645 2.105671509346 1.08384946548848
93920.15 3619.71758852294 3619.71758852294 0.634119201929949 2.10567246654111 1.08384946548848
93921.15 3612.58104785847 3612.58104785847 0.634119338492252 2.10567342373632 1.08384946548848
93922.15 3605.49747617466 3605.49747617466 0.634119475054555 2.10567438093162 1.08384946548848
93923.15 3598.5147883458 3598.5147883458 0.634119611616858 2.10567533812702 1.08384946548848
93924.15 3591.54332295264 3591.54332295264 0.63411974817916 2.10567629532252 1.08384946548848
93925.15 3584.58621727649 3584.58621727649 0.634119884741463 2.10567725251811 1.08384946548848
93926.15 3577.73772082291 3577.73772082291 0.634120021303765 2.1056782097138 1.08384946548848
93927.15 3571.00084547254 3571.00084547254 0.634120157866067 2.10567916690958 1.08384946548848
93928.15 3564.31303248784 3564.31303248784 0.634120294428369 2.10568012410546 1.08384946548848
93929.15 3557.61178625736 3557.61178625736 0.634120430990671 2.10568108130143 1.08384946548848
93930.15 3550.79965638545 3550.79965638545 0.634120567552973 2.1056820384975 1.08384946548848
93931.15 3543.86052550696 3543.86052550696 0.634120704115274 2.10568299569366 1.08384946548848
93932.15 3536.80557586195 3536.80557586195 0.634120840677575 2.10568395288992 1.08384946548848
93933.15 3529.63221102068 3529.63221102068 0.634120977239876 2.10568491008628 1.08384946548848
93934.15 3522.35372115902 3522.35372115902 0.634121113802177 2.10568586728273 1.08384946548848
93935.15 3515.02822654247 3515.02822654247 0.634121250364478 2.10568682447928 1.08384946548848
93936.15 3507.76840568 3507.76840568 0.634121386926778 2.10568778167592 1.08384946548848
93937.15 3500.49835380146 3500.49835380146 0.634121523489079 2.10568873887266 1.08384946548848
93938.15 3493.21484826659 3493.21484826659 0.634121660051379 2.1056896960695 1.08384946548848
93939.15 3485.89197767703 3485.89197767703 0.634121796613679 2.10569065326643 1.08384946548848
93940.15 3478.50554058058 3478.50554058058 0.634121933175979 2.10569161046346 1.08384946548848
93941.15 3471.06102124543 3471.06102124543 0.634122069738278 2.10569256766058 1.08384946548848
93942.15 3463.5622580602 3463.5622580602 0.634122206300578 2.1056935248578 1.08384946548848
93943.15 3456.02114824502 3456.02114824502 0.634122342862877 2.10569448205511 1.08384946548848
93944.15 3448.51606863484 3448.51606863484 0.634122479425176 2.10569543925252 1.08384946548848
93945.15 3441.07851241197 3441.07851241197 0.634122615987475 2.10569639645002 1.08384946548848
93946.15 3433.6279463491 3433.6279463491 0.634122752549773 2.10569735364762 1.08384946548848
93947.15 3426.16074473369 3426.16074473369 0.634122889112072 2.10569831084532 1.08384946548848
93948.15 3418.66406557427 3418.66406557427 0.63412302567437 2.10569926804311 1.08384946548848
93949.15 3411.14282172501 3411.14282172501 0.634123162236669 2.105700225241 1.08384946548848
93950.15 3403.58505861584 3403.58505861584 0.634123298798967 2.10570118243898 1.08384946548848
93951.15 3395.96807043776 3395.96807043776 0.634123435361264 2.10570213963706 1.08384946548848
93952.15 3388.33541210818 3388.33541210818 0.634123571923562 2.10570309683524 1.08384946548848
93953.15 3380.77468869971 3380.77468869971 0.63412370848586 2.10570405403351 1.08384946548848
93954.15 3373.15834940907 3373.15834940907 0.634123845048157 2.10570501123188 1.08384946548848
93955.15 3365.52901208405 3365.52901208405 0.634123981610454 2.10570596843034 1.08384946548848
93956.15 3358.16790389097 3358.16790389097 0.634124118172751 2.1057069256289 1.08384946548848
93957.15 3350.91174917612 3350.91174917612 0.634124254735048 2.10570788282755 1.08384946548848
93958.15 3343.65693955382 3343.65693955382 0.634124391297344 2.1057088400263 1.08384946548848
93959.15 3336.40956912329 3336.40956912329 0.63412452785964 2.10570979722514 1.08384946548848
93960.15 3329.19796347361 3329.19796347361 0.634124664421937 2.10571075442408 1.08384946548848
93961.15 3322.13002948551 3322.13002948551 0.634124800984233 2.10571171162312 1.08384946548848
93962.15 3316.00344167341 3316.00344167341 0.634124937546529 2.10571266882225 1.08384946548848
93963.15 3311.69286088795 3311.69286088795 0.634125074108824 2.10571362602148 1.08384946548848
93964.15 3309.24025365042 3309.24025365042 0.63412521067112 2.1057145832208 1.08384946548848
93965.15 3308.38678392448 3308.38678392448 0.634125347233415 2.10571554042022 1.08384946548848
93966.15 3308.14032771506 3308.14032771506 0.63412548379571 2.10571649761974 1.08384946548848
93967.15 3308.075990277 3308.075990277 0.634125620358005 2.10571745481935 1.08384946548848
93968.15 3308.14837024678 3308.14837024678 0.6341257569203 2.10571841201906 1.08384946548848
93969.15 3308.07938152252 3308.07938152252 0.634125893482595 2.10571936921886 1.08384946548848
93970.15 3307.55437644084 3307.55437644084 0.634126030044889 2.10572032641876 1.08384946548848
93971.15 3306.35428648867 3306.35428648867 0.634126166607183 2.10572128361875 1.08384946548848
93972.15 3304.36156020504 3304.36156020504 0.634126303169477 2.10572224081884 1.08384946548848
93973.15 3301.58850279735 3301.58850279735 0.634126439731771 2.10572319801902 1.08384946548848
93974.15 3298.12267533103 3298.12267533103 0.634126576294065 2.10572415521931 1.08384946548848
93975.15 3294.16715107764 3294.16715107764 0.634126712856358 2.10572511241968 1.08384946548848
93976.15 3289.71349988528 3289.71349988528 0.634126849418652 2.10572606962015 1.08384946548848
93977.15 3284.75259294245 3284.75259294245 0.634126985980945 2.10572702682072 1.08384946548848
93978.15 3279.49733032486 3279.49733032486 0.634127122543238 2.10572798402139 1.08384946548848
93979.15 3274.16908267514 3274.16908267514 0.634127259105531 2.10572894122215 1.08384946548848
93980.15 3268.58717512602 3268.58717512602 0.634127395667823 2.105729898423 1.08384946548848
93981.15 3262.74684658676 3262.74684658676 0.634127532230116 2.10573085562395 1.08384946548848
93982.15 3256.80495213366 3256.80495213366 0.634127668792408 2.105731812825 1.08384946548848
93983.15 3250.84593741559 3250.84593741559 0.6341278053547 2.10573277002614 1.08384946548848
93984.15 3245.21659825364 3245.21659825364 0.634127941916992 2.10573372722738 1.08384946548848
93985.15 3239.97387762588 3239.97387762588 0.634128078479284 2.10573468442871 1.08384946548848
93986.15 3234.80826587133 3234.80826587133 0.634128215041575 2.10573564163014 1.08384946548848
93987.15 3229.71667699484 3229.71667699484 0.634128351603867 2.10573659883167 1.08384946548848
93988.15 3224.87322101036 3224.87322101036 0.634128488166158 2.10573755603329 1.08384946548848
93989.15 3220.25163808571 3220.25163808571 0.634128624728449 2.105738513235 1.08384946548848
93990.15 3215.87117977572 3215.87117977572 0.63412876129074 2.10573947043682 1.08384946548848
93991.15 3211.66952815381 3211.66952815381 0.63412889785303 2.10574042763872 1.08384946548848
93992.15 3207.35621651954 3207.35621651954 0.634129034415321 2.10574138484073 1.08384946548848
93993.15 3202.60568080997 3202.60568080997 0.634129170977611 2.10574234204283 1.08384946548848
93994.15 3197.65979527857 3197.65979527857 0.634129307539901 2.10574329924502 1.08384946548848
93995.15 3193.21960621691 3193.21960621691 0.634129444102191 2.10574425644731 1.08384946548848
93996.15 3189.8269620313 3189.8269620313 0.634129580664481 2.1057452136497 1.08384946548848
93997.15 3187.45470574188 3187.45470574188 0.63412971722677 2.10574617085218 1.08384946548848
93998.15 3185.68436876677 3185.68436876677 0.63412985378906 2.10574712805476 1.08384946548848
93999.15 3184.27713912965 3184.27713912965 0.634129990351349 2.10574808525743 1.08384946548848
94000.15 3183.6220483154 3183.6220483154 0.634130126913638 2.1057490424602 1.08384946548848
94001.15 3183.69042481497 3183.69042481497 0.634130263475927 2.10574999966307 1.08384946548848
94002.15 3184.16532114338 3184.16532114338 0.634130400038216 2.10575095686603 1.08384946548848
94003.15 3184.54129314657 3184.54129314657 0.634130536600504 2.10575191406909 1.08384946548848
94004.15 3184.14701804438 3184.14701804438 0.634130673162792 2.10575287127224 1.08384946548848
94005.15 3182.80910245746 3182.80910245746 0.634130809725081 2.10575382847549 1.08384946548848
94006.15 3180.57240414154 3180.57240414154 0.634130946287369 2.10575478567883 1.08384946548848
94007.15 3177.53056385685 3177.53056385685 0.634131082849656 2.10575574288227 1.08384946548848
94008.15 3173.89072744362 3173.89072744362 0.634131219411944 2.10575670008581 1.08384946548848
94009.15 3169.62930119746 3169.62930119746 0.634131355974231 2.10575765728944 1.08384946548848
94010.15 3164.7777050525 3164.7777050525 0.634131492536519 2.10575861449316 1.08384946548848
94011.15 3159.60430090756 3159.60430090756 0.634131629098806 2.10575957169699 1.08384946548848
94012.15 3154.00624047156 3154.00624047156 0.634131765661093 2.1057605289009 1.08384946548848
94013.15 3147.98538323025 3147.98538323025 0.634131902223379 2.10576148610492 1.08384946548848
94014.15 3141.81920845204 3141.81920845204 0.634132038785666 2.10576244330903 1.08384946548848
94015.15 3135.57597186284 3135.57597186284 0.634132175347952 2.10576340051323 1.08384946548848
94016.15 3129.13234885432 3129.13234885432 0.634132311910238 2.10576435771753 1.08384946548848
94017.15 3122.63120026125 3122.63120026125 0.634132448472524 2.10576531492193 1.08384946548848
94018.15 3116.32554284701 3116.32554284701 0.63413258503481 2.10576627212642 1.08384946548848
94019.15 3110.14299065667 3110.14299065667 0.634132721597096 2.10576722933101 1.08384946548848
94020.15 3103.81655844236 3103.81655844236 0.634132858159381 2.1057681865357 1.08384946548848
94021.15 3097.3339993627 3097.3339993627 0.634132994721667 2.10576914374047 1.08384946548848
94022.15 3090.80622952683 3090.80622952683 0.634133131283952 2.10577010094535 1.08384946548848
94023.15 3084.39511763976 3084.39511763976 0.634133267846237 2.10577105815032 1.08384946548848
94024.15 3078.05082748206 3078.05082748206 0.634133404408521 2.10577201535539 1.08384946548848
94025.15 3071.74653732481 3071.74653732481 0.634133540970806 2.10577297256055 1.08384946548848
94026.15 3065.47337562263 3065.47337562263 0.63413367753309 2.10577392976581 1.08384946548848
94027.15 3059.17925711741 3059.17925711741 0.634133814095374 2.10577488697116 1.08384946548848
94028.15 3052.84862873089 3052.84862873089 0.634133950657658 2.10577584417661 1.08384946548848
94029.15 3046.47967383538 3046.47967383538 0.634134087219942 2.10577680138216 1.08384946548848
94030.15 3040.06576683189 3040.06576683189 0.634134223782226 2.1057777585878 1.08384946548848
94031.15 3033.51454941062 3033.51454941062 0.634134360344509 2.10577871579354 1.08384946548848
94032.15 3026.92582404575 3026.92582404575 0.634134496906793 2.10577967299937 1.08384946548848
94033.15 3020.670430314 3020.670430314 0.634134633469076 2.1057806302053 1.08384946548848
94034.15 3014.6333213967 3014.6333213967 0.634134770031359 2.10578158741132 1.08384946548848
94035.15 3008.63667110307 3008.63667110307 0.634134906593642 2.10578254461744 1.08384946548848
94036.15 3002.5751427924 3002.5751427924 0.634135043155924 2.10578350182366 1.08384946548848
94037.15 2996.43700899966 2996.43700899966 0.634135179718207 2.10578445902997 1.08384946548848
94038.15 2990.20817430036 2990.20817430036 0.634135316280489 2.10578541623637 1.08384946548848
94039.15 2983.90054686846 2983.90054686846 0.634135452842771 2.10578637344288 1.08384946548848
94040.15 2977.521466547 2977.521466547 0.634135589405053 2.10578733064947 1.08384946548848
94041.15 2971.0792238465 2971.0792238465 0.634135725967334 2.10578828785617 1.08384946548848
94042.15 2964.58424439377 2964.58424439377 0.634135862529616 2.10578924506296 1.08384946548848
94043.15 2958.13727913556 2958.13727913556 0.634135999091897 2.10579020226984 1.08384946548848
94044.15 2951.77659568171 2951.77659568171 0.634136135654178 2.10579115947682 1.08384946548848
94045.15 2945.45936941669 2945.45936941669 0.634136272216459 2.1057921166839 1.08384946548848
94046.15 2939.17698398149 2939.17698398149 0.63413640877874 2.10579307389107 1.08384946548848
94047.15 2932.94834526024 2932.94834526024 0.634136545341021 2.10579403109834 1.08384946548848
94048.15 2926.75141383538 2926.75141383538 0.634136681903301 2.10579498830571 1.08384946548848
94049.15 2920.57981928993 2920.57981928993 0.634136818465582 2.10579594551317 1.08384946548848
94050.15 2914.44773391456 2914.44773391456 0.634136955027862 2.10579690272072 1.08384946548848
94051.15 2908.37500730619 2908.37500730619 0.634137091590142 2.10579785992837 1.08384946548848
94052.15 2902.37939055996 2902.37939055996 0.634137228152421 2.10579881713612 1.08384946548848
94053.15 2896.53368702346 2896.53368702346 0.634137364714701 2.10579977434396 1.08384946548848
94054.15 2890.83411582487 2890.83411582487 0.63413750127698 2.1058007315519 1.08384946548848
94055.15 2885.28445530794 2885.28445530794 0.634137637839259 2.10580168875993 1.08384946548848
94056.15 2879.92315118028 2879.92315118028 0.634137774401538 2.10580264596806 1.08384946548848
94057.15 2875.01393477518 2875.01393477518 0.634137910963817 2.10580360317629 1.08384946548848
94058.15 2871.00600138203 2871.00600138203 0.634138047526096 2.10580456038461 1.08384946548848
94059.15 2868.20501043775 2868.20501043775 0.634138184088374 2.10580551759303 1.08384946548848
94060.15 2866.87928746635 2866.87928746635 0.634138320650653 2.10580647480154 1.08384946548848
94061.15 2867.22827510425 2867.22827510425 0.634138457212931 2.10580743201015 1.08384946548848
94062.15 2869.13547723579 2869.13547723579 0.634138593775209 2.10580838921885 1.08384946548848
94063.15 2871.98410052937 2871.98410052937 0.634138730337486 2.10580934642765 1.08384946548848
94064.15 2875.37763010547 2875.37763010547 0.634138866899764 2.10581030363655 1.08384946548848
94065.15 2879.1309652403 2879.1309652403 0.634139003462041 2.10581126084554 1.08384946548848
94066.15 2883.03881073021 2883.03881073021 0.634139140024319 2.10581221805463 1.08384946548848
94067.15 2886.63216297461 2886.63216297461 0.634139276586596 2.10581317526381 1.08384946548848
94068.15 2890.18458505953 2890.18458505953 0.634139413148872 2.10581413247309 1.08384946548848
94069.15 2894.03394140998 2894.03394140998 0.634139549711149 2.10581508968246 1.08384946548848
94070.15 2898.14532817158 2898.14532817158 0.634139686273426 2.10581604689193 1.08384946548848
94071.15 2902.32670746168 2902.32670746168 0.634139822835702 2.1058170041015 1.08384946548848
94072.15 2906.26383096376 2906.26383096376 0.634139959397978 2.10581796131116 1.08384946548848
94073.15 2909.75414067315 2909.75414067315 0.634140095960254 2.10581891852092 1.08384946548848
94074.15 2912.42880825191 2912.42880825191 0.63414023252253 2.10581987573077 1.08384946548848
94075.15 2914.01933833321 2914.01933833321 0.634140369084805 2.10582083294072 1.08384946548848
94076.15 2915.01454553986 2915.01454553986 0.634140505647081 2.10582179015076 1.08384946548848
94077.15 2915.41129569229 2915.41129569229 0.634140642209356 2.1058227473609 1.08384946548848
94078.15 2914.94739799241 2914.94739799241 0.634140778771631 2.10582370457114 1.08384946548848
94079.15 2913.62956846034 2913.62956846034 0.634140915333906 2.10582466178147 1.08384946548848
94080.15 2911.66855463155 2911.66855463155 0.634141051896181 2.1058256189919 1.08384946548848
94081.15 2909.09685950703 2909.09685950703 0.634141188458455 2.10582657620242 1.08384946548848
94082.15 2905.95738729943 2905.95738729943 0.63414132502073 2.10582753341304 1.08384946548848
94083.15 2902.33144816105 2902.33144816105 0.634141461583004 2.10582849062375 1.08384946548848
94084.15 2898.38485311811 2898.38485311811 0.634141598145278 2.10582944783456 1.08384946548848
94085.15 2894.13974285757 2894.13974285757 0.634141734707552 2.10583040504547 1.08384946548848
94086.15 2889.51680525799 2889.51680525799 0.634141871269825 2.10583136225647 1.08384946548848
94087.15 2884.54361343436 2884.54361343436 0.634142007832099 2.10583231946757 1.08384946548848
94088.15 2879.48022750223 2879.48022750223 0.634142144394372 2.10583327667876 1.08384946548848
94089.15 2874.41417790998 2874.41417790998 0.634142280956645 2.10583423389005 1.08384946548848
94090.15 2869.20858084976 2869.20858084976 0.634142417518918 2.10583519110143 1.08384946548848
94091.15 2863.82261287147 2863.82261287147 0.634142554081191 2.10583614831291 1.08384946548848
94092.15 2858.25627140842 2858.25627140842 0.634142690643463 2.10583710552449 1.08384946548848
94093.15 2852.54070243615 2852.54070243615 0.634142827205736 2.10583806273616 1.08384946548848
94094.15 2846.79049183535 2846.79049183535 0.634142963768008 2.10583901994793 1.08384946548848
94095.15 2841.04832119292 2841.04832119292 0.63414310033028 2.10583997715979 1.08384946548848
94096.15 2835.24093172538 2835.24093172538 0.634143236892552 2.10584093437175 1.08384946548848
94097.15 2829.31594722359 2829.31594722359 0.634143373454823 2.1058418915838 1.08384946548848
94098.15 2823.32945440433 2823.32945440433 0.634143510017095 2.10584284879595 1.08384946548848
94099.15 2817.67834121506 2817.67834121506 0.634143646579366 2.1058438060082 1.08384946548848
94100.15 2812.17733824717 2812.17733824717 0.634143783141637 2.10584476322054 1.08384946548848
94101.15 2806.73402129589 2806.73402129589 0.634143919703908 2.10584572043298 1.08384946548848
94102.15 2801.31523065514 2801.31523065514 0.634144056266179 2.10584667764551 1.08384946548848
94103.15 2795.91213751313 2795.91213751313 0.634144192828449 2.10584763485814 1.08384946548848
94104.15 2790.50799757728 2790.50799757728 0.63414432939072 2.10584859207086 1.08384946548848
94105.15 2785.11995026789 2785.11995026789 0.63414446595299 2.10584954928368 1.08384946548848
94106.15 2779.86045265273 2779.86045265273 0.63414460251526 2.1058505064966 1.08384946548848
94107.15 2774.86067300993 2774.86067300993 0.63414473907753 2.10585146370961 1.08384946548848
94108.15 2769.97707900826 2769.97707900826 0.6341448756398 2.10585242092272 1.08384946548848
94109.15 2765.13255101583 2765.13255101583 0.634145012202069 2.10585337813592 1.08384946548848
94110.15 2760.28097424116 2760.28097424116 0.634145148764339 2.10585433534922 1.08384946548848
94111.15 2755.5338393054 2755.5338393054 0.634145285326608 2.10585529256262 1.08384946548848
94112.15 2750.74167871981 2750.74167871981 0.634145421888877 2.10585624977611 1.08384946548848
94113.15 2745.92899872412 2745.92899872412 0.634145558451146 2.10585720698969 1.08384946548848
94114.15 2741.11351939359 2741.11351939359 0.634145695013414 2.10585816420337 1.08384946548848
94115.15 2736.23859633267 2736.23859633267 0.634145831575682 2.10585912141715 1.08384946548848
94116.15 2731.29700916798 2731.29700916798 0.634145968137951 2.10586007863102 1.08384946548848
94117.15 2726.30948471819 2726.30948471819 0.634146104700219 2.10586103584499 1.08384946548848
94118.15 2721.25549423535 2721.25549423535 0.634146241262487 2.10586199305906 1.08384946548848
94119.15 2716.11643512543 2716.11643512543 0.634146377824754 2.10586295027322 1.08384946548848
94120.15 2710.91331778491 2710.91331778491 0.634146514387022 2.10586390748747 1.08384946548848
94121.15 2705.63760488755 2705.63760488755 0.634146650949289 2.10586486470183 1.08384946548848
94122.15 2700.3142312584 2700.3142312584 0.634146787511557 2.10586582191627 1.08384946548848
94123.15 2694.96617247105 2694.96617247105 0.634146924073824 2.10586677913082 1.08384946548848
94124.15 2689.6548259547 2689.6548259547 0.63414706063609 2.10586773634546 1.08384946548848
94125.15 2684.43061544271 2684.43061544271 0.634147197198357 2.10586869356019 1.08384946548848
94126.15 2679.26474780101 2679.26474780101 0.634147333760623 2.10586965077502 1.08384946548848
94127.15 2674.12033467544 2674.12033467544 0.63414747032289 2.10587060798995 1.08384946548848
94128.15 2668.94172535952 2668.94172535952 0.634147606885156 2.10587156520497 1.08384946548848
94129.15 2663.6753157539 2663.6753157539 0.634147743447422 2.10587252242009 1.08384946548848
94130.15 2658.34895964248 2658.34895964248 0.634147880009687 2.1058734796353 1.08384946548848
94131.15 2653.00224137709 2653.00224137709 0.634148016571953 2.10587443685061 1.08384946548848
94132.15 2647.67056988384 2647.67056988384 0.634148153134218 2.10587539406601 1.08384946548848
94133.15 2642.40023885658 2642.40023885658 0.634148289696484 2.10587635128151 1.08384946548848
94134.15 2637.13388319364 2637.13388319364 0.634148426258749 2.10587730849711 1.08384946548848
94135.15 2631.81380244004 2631.81380244004 0.634148562821014 2.1058782657128 1.08384946548848
94136.15 2626.4582059431 2626.4582059431 0.634148699383278 2.10587922292859 1.08384946548848
94137.15 2621.08289907767 2621.08289907767 0.634148835945543 2.10588018014447 1.08384946548848
94138.15 2615.68379417059 2615.68379417059 0.634148972507807 2.10588113736045 1.08384946548848
94139.15 2610.27306372223 2610.27306372223 0.634149109070071 2.10588209457653 1.08384946548848
94140.15 2604.87108876833 2604.87108876833 0.634149245632335 2.1058830517927 1.08384946548848
94141.15 2599.47818680196 2599.47818680196 0.634149382194599 2.10588400900896 1.08384946548848
94142.15 2594.04397194418 2594.04397194418 0.634149518756863 2.10588496622533 1.08384946548848
94143.15 2588.54120433094 2588.54120433094 0.634149655319126 2.10588592344178 1.08384946548848
94144.15 2582.97619288491 2582.97619288491 0.634149791881389 2.10588688065834 1.08384946548848
94145.15 2577.38632949577 2577.38632949577 0.634149928443652 2.10588783787499 1.08384946548848
94146.15 2571.83888027426 2571.83888027426 0.634150065005915 2.10588879509173 1.08384946548848
94147.15 2566.40820455187 2566.40820455187 0.634150201568178 2.10588975230857 1.08384946548848
94148.15 2561.09222761285 2561.09222761285 0.63415033813044 2.10589070952551 1.08384946548848
94149.15 2555.88211330926 2555.88211330926 0.634150474692703 2.10589166674254 1.08384946548848
94150.15 2550.73657729935 2550.73657729935 0.634150611254965 2.10589262395967 1.08384946548848
94151.15 2545.59891033144 2545.59891033144 0.634150747817227 2.10589358117689 1.08384946548848
94152.15 2540.48091301612 2540.48091301612 0.634150884379489 2.10589453839421 1.08384946548848
94153.15 2535.40000931115 2535.40000931115 0.63415102094175 2.10589549561163 1.08384946548848
94154.15 2530.32410251471 2530.32410251471 0.634151157504012 2.10589645282914 1.08384946548848
94155.15 2525.19517520581 2525.19517520581 0.634151294066273 2.10589741004674 1.08384946548848
94156.15 2520.01757054523 2520.01757054523 0.634151430628534 2.10589836726444 1.08384946548848
94157.15 2514.84042173325 2514.84042173325 0.634151567190795 2.10589932448224 1.08384946548848
94158.15 2509.67067566445 2509.67067566445 0.634151703753056 2.10590028170014 1.08384946548848
94159.15 2504.54433817357 2504.54433817357 0.634151840315316 2.10590123891813 1.08384946548848
94160.15 2499.49381488954 2499.49381488954 0.634151976877577 2.10590219613621 1.08384946548848
94161.15 2494.53698280338 2494.53698280338 0.634152113439837 2.10590315335439 1.08384946548848
94162.15 2489.66837942568 2489.66837942568 0.634152250002097 2.10590411057267 1.08384946548848
94163.15 2484.85736498125 2484.85736498125 0.634152386564357 2.10590506779104 1.08384946548848
94164.15 2479.97145052762 2479.97145052762 0.634152523126616 2.10590602500951 1.08384946548848
94165.15 2474.99886333511 2474.99886333511 0.634152659688876 2.10590698222807 1.08384946548848
94166.15 2470.00871820457 2470.00871820457 0.634152796251135 2.10590793944673 1.08384946548848
94167.15 2465.03317344305 2465.03317344305 0.634152932813394 2.10590889666549 1.08384946548848
94168.15 2460.0635645537 2460.0635645537 0.634153069375653 2.10590985388434 1.08384946548848
94169.15 2455.16409309697 2455.16409309697 0.634153205937912 2.10591081110328 1.08384946548848
94170.15 2450.50037773274 2450.50037773274 0.634153342500171 2.10591176832232 1.08384946548848
94171.15 2446.05226394059 2446.05226394059 0.634153479062429 2.10591272554146 1.08384946548848
94172.15 2441.71589945574 2441.71589945574 0.634153615624687 2.1059136827607 1.08384946548848
94173.15 2437.46316495236 2437.46316495236 0.634153752186945 2.10591463998003 1.08384946548848
94174.15 2433.29211080878 2433.29211080878 0.634153888749203 2.10591559719945 1.08384946548848
94175.15 2429.19952823011 2429.19952823011 0.634154025311461 2.10591655441897 1.08384946548848
94176.15 2425.19151570655 2425.19151570655 0.634154161873718 2.10591751163859 1.08384946548848
94177.15 2421.30700547636 2421.30700547636 0.634154298435975 2.1059184688583 1.08384946548848
94178.15 2417.54636969967 2417.54636969967 0.634154434998233 2.10591942607811 1.08384946548848
94179.15 2413.86747990992 2413.86747990992 0.63415457156049 2.10592038329801 1.08384946548848
94180.15 2410.25988193704 2410.25988193704 0.634154708122746 2.10592134051801 1.08384946548848
94181.15 2406.70781173814 2406.70781173814 0.634154844685003 2.10592229773811 1.08384946548848
94182.15 2403.02484897811 2403.02484897811 0.634154981247259 2.1059232549583 1.08384946548848
94183.15 2399.07553743401 2399.07553743401 0.634155117809516 2.10592421217859 1.08384946548848
94184.15 2394.85711002846 2394.85711002846 0.634155254371772 2.10592516939897 1.08384946548848
94185.15 2390.37088059673 2390.37088059673 0.634155390934028 2.10592612661945 1.08384946548848
94186.15 2385.66107325502 2385.66107325502 0.634155527496283 2.10592708384002 1.08384946548848
94187.15 2380.96012077479 2380.96012077479 0.634155664058539 2.10592804106069 1.08384946548848
94188.15 2376.33490261108 2376.33490261108 0.634155800620794 2.10592899828145 1.08384946548848
94189.15 2371.77780499238 2371.77780499238 0.634155937183049 2.10592995550232 1.08384946548848
94190.15 2367.29485709257 2367.29485709257 0.634156073745304 2.10593091272327 1.08384946548848
94191.15 2362.88032478723 2362.88032478723 0.634156210307559 2.10593186994433 1.08384946548848
94192.15 2358.52677880347 2358.52677880347 0.634156346869814 2.10593282716547 1.08384946548848
94193.15 2354.22993042078 2354.22993042078 0.634156483432068 2.10593378438672 1.08384946548848
94194.15 2349.99463546337 2349.99463546337 0.634156619994323 2.10593474160806 1.08384946548848
94195.15 2345.82031339257 2345.82031339257 0.634156756556577 2.10593569882949 1.08384946548848
94196.15 2341.70840637131 2341.70840637131 0.634156893118831 2.10593665605102 1.08384946548848
94197.15 2337.66485493479 2337.66485493479 0.634157029681084 2.10593761327265 1.08384946548848
94198.15 2333.69458024836 2333.69458024836 0.634157166243338 2.10593857049437 1.08384946548848
94199.15 2329.78997716095 2329.78997716095 0.634157302805591 2.10593952771619 1.08384946548848
94200.15 2325.95263747475 2325.95263747475 0.634157439367845 2.10594048493811 1.08384946548848
94201.15 2322.17502465321 2322.17502465321 0.634157575930098 2.10594144216011 1.08384946548848
94202.15 2318.46375217173 2318.46375217173 0.63415771249235 2.10594239938222 1.08384946548848
94203.15 2314.8275086997 2314.8275086997 0.634157849054603 2.10594335660442 1.08384946548848
94204.15 2311.25781368645 2311.25781368645 0.634157985616856 2.10594431382672 1.08384946548848
94205.15 2307.73655032095 2307.73655032095 0.634158122179108 2.10594527104911 1.08384946548848
94206.15 2304.14808999324 2304.14808999324 0.63415825874136 2.1059462282716 1.08384946548848
94207.15 2300.44658674878 2300.44658674878 0.634158395303612 2.10594718549418 1.08384946548848
94208.15 2296.58204707776 2296.58204707776 0.634158531865864 2.10594814271686 1.08384946548848
94209.15 2292.53621738969 2292.53621738969 0.634158668428115 2.10594909993964 1.08384946548848
94210.15 2288.32078104403 2288.32078104403 0.634158804990367 2.10595005716251 1.08384946548848
94211.15 2284.05482990712 2284.05482990712 0.634158941552618 2.10595101438548 1.08384946548848
94212.15 2279.89868002077 2279.89868002077 0.634159078114869 2.10595197160854 1.08384946548848
94213.15 2275.7112600436 2275.7112600436 0.63415921467712 2.1059529288317 1.08384946548848
94214.15 2271.5041810556 2271.5041810556 0.634159351239371 2.10595388605495 1.08384946548848
94215.15 2267.42170658589 2267.42170658589 0.634159487801621 2.1059548432783 1.08384946548848
94216.15 2263.50320603452 2263.50320603452 0.634159624363871 2.10595580050175 1.08384946548848
94217.15 2259.76440292875 2259.76440292875 0.634159760926122 2.10595675772529 1.08384946548848
94218.15 2256.3053536902 2256.3053536902 0.634159897488372 2.10595771494893 1.08384946548848
94219.15 2253.19627130485 2253.19627130485 0.634160034050621 2.10595867217266 1.08384946548848
94220.15 2250.45267137615 2250.45267137615 0.634160170612871 2.10595962939649 1.08384946548848
94221.15 2248.08566800038 2248.08566800038 0.63416030717512 2.10596058662041 1.08384946548848
94222.15 2246.14541009857 2246.14541009857 0.63416044373737 2.10596154384443 1.08384946548848
94223.15 2244.63167513203 2244.63167513203 0.634160580299619 2.10596250106855 1.08384946548848
94224.15 2243.53990729323 2243.53990729323 0.634160716861868 2.10596345829276 1.08384946548848
94225.15 2242.84618704407 2242.84618704407 0.634160853424116 2.10596441551707 1.08384946548848
94226.15 2242.51369895718 2242.51369895718 0.634160989986365 2.10596537274147 1.08384946548848
94227.15 2242.5651568526 2242.5651568526 0.634161126548613 2.10596632996597 1.08384946548848
94228.15 2243.19544761376 2243.19544761376 0.634161263110862 2.10596728719056 1.08384946548848
94229.15 2244.60591801745 2244.60591801745 0.634161399673109 2.10596824441525 1.08384946548848
94230.15 2246.78705635993 2246.78705635993 0.634161529476718 2.10596920311296 1.08384946548848
94231.15 2249.59988561045 2249.59988561045 0.634161645743279 2.1059701646106 1.08384946548848
94232.15 2253.01902709627 2253.01902709627 0.634161748435319 2.10597112861574 1.08384946548848
94233.15 2257.08662424794 2257.08662424794 0.6341618375195 2.10597209483517 1.08384946548848
94234.15 2261.6596125483 2261.6596125483 0.634161912966626 2.10597306297503 1.08384946548848
94235.15 2266.48138475904 2266.48138475904 0.63416197475166 2.10597403274086 1.08384946548848
94236.15 2271.35624465532 2271.35624465532 0.634162022853724 2.1059750038377 1.08384946548848
94237.15 2276.21227947842 2276.21227947842 0.634162057256106 2.1059759759702 1.08384946548848
94238.15 2281.04782356491 2281.04782356491 0.63416207794627 2.10597694884268 1.08384946548848
94239.15 2285.86036659618 2285.86036659618 0.634162084915856 2.10597792215924 1.08384946548848
94240.15 2290.65062623753 2290.65062623753 0.634162078160684 2.10597889562384 1.08384946548848
94241.15 2295.41588789152 2295.41588789152 0.634162057680753 2.10597986894041 1.08384946548848
94242.15 2300.15595480758 2300.15595480758 0.634162023480244 2.10598084181291 1.08384946548848
94243.15 2304.86900315202 2304.86900315202 0.634161975567517 2.10598181394543 1.08384946548848
94244.15 2309.55408189067 2309.55408189067 0.634161913955109 2.10598278504232 1.08384946548848
94245.15 2314.20932066877 2314.20932066877 0.63416183865973 2.10598375480819 1.08384946548848
94246.15 2318.8332462268 2318.8332462268 0.634161749702258 2.10598472294811 1.08384946548848
94247.15 2323.4260545294 2323.4260545294 0.634161647107733 2.10598568916762 1.08384946548848
94248.15 2327.98654418789 2327.98654418789 0.634161530905348 2.10598665317283 1.08384946548848
94249.15 2332.5118032898 2332.5118032898 0.634161401128442 2.10598761467056 1.08384946548848
94250.15 2336.99979668056 2336.99979668056 0.634161257814489 2.10598857336836 1.08384946548848
94251.15 2341.4525662766 2341.4525662766 0.634161101005085 2.10598952897466 1.08384946548848
94252.15 2345.86719244033 2345.86719244033 0.634160930745938 2.10599048119882 1.08384946548848
94253.15 2350.24285607308 2350.24285607308 0.634160747086854 2.10599142975122 1.08384946548848
94254.15 2354.57931256883 2354.57931256883 0.634160550081718 2.10599237434338 1.08384946548848
94255.15 2358.87460529504 2358.87460529504 0.634160339788484 2.10599331468801 1.08384946548848
94256.15 2363.1273585077 2363.1273585077 0.634160116269149 2.10599425049913 1.08384946548848
94257.15 2367.33624471429 2367.33624471429 0.634159879589744 2.10599518149211 1.08384946548848
94258.15 2371.50107958472 2371.50107958472 0.634159629820304 2.10599610738384 1.08384946548848
94259.15 2375.6211060253 2375.6211060253 0.634159367034854 2.1059970278927 1.08384946548848
94260.15 2379.69387770246 2379.69387770246 0.634159091311384 2.10599794273877 1.08384946548848
94261.15 2383.513583677 2383.513583677 0.634158802731823 2.10599885164382 1.08384946548848
94262.15 2386.07144502091 2386.07144502091 0.634158501382018 2.10599975433143 1.08384946548848
94263.15 2387.1633440763 2387.1633440763 0.634158187351706 2.1060006505271 1.08384946548848
94264.15 2387.07200397088 2387.07200397088 0.634157860734485 2.10600153995827 1.08384946548848
94265.15 2385.94020106887 2385.94020106887 0.634157521627788 2.10600242235448 1.08384946548848
94266.15 2383.94030141578 2383.94030141578 0.634157170132852 2.10600329744738 1.08384946548848
94267.15 2381.34300949133 2381.34300949133 0.634156806354689 2.10600416497088 1.08384946548848
94268.15 2378.35590112616 2378.35590112616 0.63415643040205 2.10600502466115 1.08384946548848
94269.15 2374.91435516635 2374.91435516635 0.634156042387398 2.10600587625679 1.08384946548848
94270.15 2371.12509198122 2371.12509198122 0.634155642426867 2.10600671949885 1.08384946548848
94271.15 2367.11965600475 2367.11965600475 0.63415523064023 2.10600755413092 1.08384946548848
94272.15 2362.84979050238 2362.84979050238 0.634154807150866 2.10600837989921 1.08384946548848
94273.15 2358.33669404463 2358.33669404463 0.634154372085714 2.10600919655264 1.08384946548848
94274.15 2353.65953320036 2353.65953320036 0.634153925575242 2.10601000384292 1.08384946548848
94275.15 2348.9005605077 2348.9005605077 0.634153467753403 2.10601080152457 1.08384946548848
94276.15 2344.03212273083 2344.03212273083 0.634152998757597 2.10601158935509 1.08384946548848
94277.15 2339.09318166466 2339.09318166466 0.634152518728627 2.10601236709494 1.08384946548848
94278.15 2334.0467939407 2334.0467939407 0.634152027810655 2.10601313450767 1.08384946548848
94279.15 2328.94528569838 2328.94528569838 0.634151526151164 2.10601389135998 1.08384946548848
94280.15 2323.95919920868 2323.95919920868 0.634151013900904 2.10601463742178 1.08384946548848
94281.15 2319.04655754843 2319.04655754843 0.634150491213855 2.10601537246628 1.08384946548848
94282.15 2314.03691297683 2314.03691297683 0.634149958247174 2.10601609627003 1.08384946548848
94283.15 2308.91940015083 2308.91940015083 0.634149415161151 2.10601680861301 1.08384946548848
94284.15 2303.72618087324 2303.72618087324 0.634148862119156 2.1060175092787 1.08384946548848
94285.15 2298.56047197471 2298.56047197471 0.634148299287594 2.10601819805412 1.08384946548848
94286.15 2293.47837018303 2293.47837018303 0.634147726835851 2.10601887472993 1.08384946548848
94287.15 2288.57901979285 2288.57901979285 0.634147144936243 2.10601953910047 1.08384946548848
94288.15 2283.81684017136 2283.81684017136 0.634146553763965 2.10602019096382 1.08384946548848
94289.15 2279.02115458717 2279.02115458717 0.634145953497036 2.10602083012189 1.08384946548848
94290.15 2274.10160316109 2274.10160316109 0.634145344316245 2.10602145638044 1.08384946548848
94291.15 2269.04093164304 2269.04093164304 0.634144726405097 2.10602206954918 1.08384946548848
94292.15 2263.87891373767 2263.87891373767 0.634144099949755 2.10602266944179 1.08384946548848
94293.15 2258.57971878596 2258.57971878596 0.634143465138986 2.10602325587599 1.08384946548848
94294.15 2253.1235944862 2253.1235944862 0.634142822164102 2.10602382867363 1.08384946548848
94295.15 2247.59988288444 2247.59988288444 0.634142171218901 2.10602438766069 1.08384946548848
94296.15 2242.01484250338 2242.01484250338 0.634141512499609 2.10602493266736 1.08384946548848
94297.15 2236.38009174023 2236.38009174023 0.634140846204822 2.10602546352809 1.08384946548848
94298.15 2230.784342989 2230.784342989 0.63414017253544 2.10602598008165 1.08384946548848
94299.15 2225.25252624317 2225.25252624317 0.634139491694613 2.10602648217115 1.08384946548848
94300.15 2219.79632117621 2219.79632117621 0.634138803887673 2.10602696964412 1.08384946548848
94301.15 2214.39946575445 2214.39946575445 0.634138109322075 2.10602744235254 1.08384946548848
94302.15 2209.07833436715 2209.07833436715 0.634137408207333 2.10602790015289 1.08384946548848
94303.15 2203.88469407133 2203.88469407133 0.634136700754955 2.10602834290618 1.08384946548848
94304.15 2198.83703522346 2198.83703522346 0.63413598717838 2.10602877047802 1.08384946548848
94305.15 2193.78514868352 2193.78514868352 0.634135267692914 2.10602918273864 1.08384946548848
94306.15 2188.67756804105 2188.67756804105 0.634134542515659 2.10602957956293 1.08384946548848
94307.15 2183.52526884077 2183.52526884077 0.634133811865454 2.10602996083048 1.08384946548848
94308.15 2178.32555023135 2178.32555023135 0.634133075962806 2.10603032642562 1.08384946548848
94309.15 2173.0753097281 2173.0753097281 0.634132335029818 2.10603067623746 1.08384946548848
94310.15 2167.76557736203 2167.76557736203 0.634131589290129 2.10603101015992 1.08384946548848
94311.15 2162.39141147718 2162.39141147718 0.63413083896884 2.10603132809176 1.08384946548848
94312.15 2156.9526716198 2156.9526716198 0.634130084292449 2.1060316299366 1.08384946548848
94313.15 2151.49073728613 2151.49073728613 0.63412932548878 2.10603191560297 1.08384946548848
94314.15 2146.05036424885 2146.05036424885 0.634128562786913 2.10603218500432 1.08384946548848
94315.15 2140.70572957718 2140.70572957718 0.634127796417118 2.10603243805908 1.08384946548848
94316.15 2135.57463290088 2135.57463290088 0.63412702661078 2.10603267469062 1.08384946548848
94317.15 2130.55462160763 2130.55462160763 0.634126253600332 2.10603289482734 1.08384946548848
94318.15 2125.59673085345 2125.59673085345 0.634125477619182 2.10603309840266 1.08384946548848
94319.15 2120.70545832515 2120.70545832515 0.634124698901645 2.10603328535504 1.08384946548848
94320.15 2115.82084494522 2115.82084494522 0.634123923899186 2.10603345505724 1.08384946548848
94321.15 2111.0151261549 2111.0151261549 0.634123149837864 2.10603362308782 1.08384946548848
94322.15 2106.2833556254 2106.2833556254 0.634122375011676 2.10603379247674 1.08384946548848
94323.15 2101.64682586615 2101.64682586615 0.634121600807079 2.10603396076157 1.08384946548848
94324.15 2097.11319558558 2097.11319558558 0.634120826097309 2.10603412994351 1.08384946548848
94325.15 2092.66760344374 2092.66760344374 0.634120051798079 2.10603429839621 1.08384946548848
94326.15 2088.31214424245 2088.31214424245 0.634119277165196 2.10603446744138 1.08384946548848
94327.15 2084.07366345411 2084.07366345411 0.634118502803459 2.10603463600488 1.08384946548848
94328.15 2080.04975299508 2080.04975299508 0.634117728221354 2.10603480495966 1.08384946548848
94329.15 2076.25170844189 2076.25170844189 0.63411695381833 2.10603497359627 1.08384946548848
94330.15 2072.62368180059 2072.62368180059 0.634116179269757 2.10603514249128 1.08384946548848
94331.15 2069.15008229829 2069.15008229829 0.63411540483946 2.10603531117612 1.08384946548848
94332.15 2065.87238065127 2065.87238065127 0.634114630313031 2.10603548003159 1.08384946548848
94333.15 2062.75103979182 2062.75103979182 0.634113855864718 2.10603564874822 1.08384946548848
94334.15 2059.78544470733 2059.78544470733 0.63411308135291 2.10603581757751 1.08384946548848
94335.15 2056.98281143407 2056.98281143407 0.634112306892693 2.10603598631506 1.08384946548848
94336.15 2054.34034982818 2054.34034982818 0.634111532390538 2.106036155127 1.08384946548848
94337.15 2051.82511770618 2051.82511770618 0.634110757922455 2.10603632387831 1.08384946548848
94338.15 2049.34405270183 2049.34405270183 0.634109983426672 2.10603649267872 1.08384946548848
94339.15 2046.92003695 2046.92003695 0.63410920895339 2.10603666143905 1.08384946548848
94340.15 2044.4136598566 2044.4136598566 0.634108434461811 2.10603683023178 1.08384946548848
94341.15 2041.88796518094 2041.88796518094 0.634107659985092 2.10603699899801 1.08384946548848
94342.15 2039.49557964468 2039.49557964468 0.634106885496286 2.1060371677856 1.08384946548848
94343.15 2037.26081731798 2037.26081731798 0.634106111017292 2.10603733655566 1.08384946548848
94344.15 2035.21126687484 2035.21126687484 0.634105336530313 2.10603750533979 1.08384946548848
94345.15 2033.38665508992 2033.38665508992 0.634104562049813 2.10603767411231 1.08384946548848
94346.15 2031.69638348262 2031.69638348262 0.634103787564038 2.1060378428941 1.08384946548848
94347.15 2030.01453533445 2030.01453533445 0.634103013082539 2.10603801166818 1.08384946548848
94348.15 2028.27812907354 2028.27812907354 0.634102238597554 2.10603818044835 1.08384946548848
94349.15 2026.47821291753 2026.47821291753 0.634101464115392 2.1060383492234 1.08384946548848
94350.15 2024.59351843587 2024.59351843587 0.634100689630926 2.10603851800243 1.08384946548848
94351.15 2022.80827377651 2022.80827377651 0.634099915148321 2.10603868677805 1.08384946548848
94352.15 2021.12494208447 2021.12494208447 0.634099140664193 2.10603885555628 1.08384946548848
94353.15 2019.59554873503 2019.59554873503 0.634098366181293 2.10603902433221 1.08384946548848
94354.15 2018.22499504273 2018.22499504273 0.634097591697385 2.10603919310983 1.08384946548848
94355.15 2017.02250859102 2017.02250859102 0.634096817214285 2.10603936188591 1.08384946548848
94356.15 2015.99191183597 2015.99191183597 0.634096042730518 2.10603953066307 1.08384946548848
94357.15 2015.12650223375 2015.12650223375 0.634095268247283 2.10603969943917 1.08384946548848
94358.15 2014.36500337937 2014.36500337937 0.634094493763605 2.10603986821596 1.08384946548848
94359.15 2013.61661598688 2013.61661598688 0.634093719280276 2.10604003699202 1.08384946548848
94360.15 2012.75986371338 2012.75986371338 0.634092944796653 2.1060402057685 1.08384946548848
94361.15 2012.08653773167 2012.08653773167 0.634092170313259 2.10604037454447 1.08384946548848
94362.15 2011.9809012515 2011.9809012515 0.634091395829668 2.10604054332067 1.08384946548848
94363.15 2012.53835511266 2012.53835511266 0.634090621346227 2.10604071209651 1.08384946548848
94364.15 2013.49403828585 2013.49403828585 0.634089846862654 2.10604088087248 1.08384946548848
94365.15 2014.64128490014 2014.64128490014 0.634089072379177 2.10604104964816 1.08384946548848
94366.15 2015.92992325519 2015.92992325519 0.634088297895612 2.10604121842391 1.08384946548848
94367.15 2017.3498152544 2017.3498152544 0.634087523412108 2.10604138719943 1.08384946548848
94368.15 2018.83921415525 2018.83921415525 0.634086748928544 2.10604155597496 1.08384946548848
94369.15 2020.39036850892 2020.39036850892 0.634085974445018 2.10604172475031 1.08384946548848
94370.15 2022.005259086 2022.005259086 0.634085199961451 2.10604189352563 1.08384946548848
94371.15 2023.71744766736 2023.71744766736 0.634084425477907 2.1060420623008 1.08384946548848
94372.15 2025.57010279558 2025.57010279558 0.634083650994334 2.10604223107592 1.08384946548848
94373.15 2027.57200508739 2027.57200508739 0.634082876510774 2.1060423998509 1.08384946548848
94374.15 2029.66297284664 2029.66297284664 0.634082102027193 2.10604256862583 1.08384946548848
94375.15 2031.86496527974 2031.86496527974 0.634081327543618 2.10604273740063 1.08384946548848
94376.15 2034.1679437791 2034.1679437791 0.634080553060028 2.10604290617535 1.08384946548848
94377.15 2036.5866648787 2036.5866648787 0.63407977857644 2.10604307494997 1.08384946548848
94378.15 2039.1268606239 2039.1268606239 0.63407900409284 2.1060432437245 1.08384946548848
94379.15 2041.77209113319 2041.77209113319 0.634078229609239 2.10604341249892 1.08384946548848
94380.15 2044.50676512814 2044.50676512814 0.634077455125628 2.10604358127326 1.08384946548848
94381.15 2047.33706254474 2047.33706254474 0.634076680642015 2.1060437500475 1.08384946548848
94382.15 2050.24757669068 2050.24757669068 0.634075906158393 2.10604391882164 1.08384946548848
94383.15 2053.34221653688 2053.34221653688 0.634075131674768 2.10604408759569 1.08384946548848
94384.15 2056.62304680177 2056.62304680177 0.634074357191136 2.10604425636964 1.08384946548848
94385.15 2060.16347663817 2060.16347663817 0.634073582707499 2.10604442514349 1.08384946548848
94386.15 2063.48379536882 2063.48379536882 0.634072808223855 2.10604459391725 1.08384946548848
94387.15 2066.50015613671 2066.50015613671 0.634072033740206 2.10604476269092 1.08384946548848
94388.15 2069.62580521527 2069.62580521527 0.634071259256551 2.10604493146448 1.08384946548848
94389.15 2072.96921566045 2072.96921566045 0.63407048477289 2.10604510023796 1.08384946548848
94390.15 2076.46340569228 2076.46340569228 0.634069710289224 2.10604526901133 1.08384946548848
94391.15 2080.09856732267 2080.09856732267 0.634068935805551 2.10604543778461 1.08384946548848
94392.15 2083.87165068063 2083.87165068063 0.634068161321873 2.1060456065578 1.08384946548848
94393.15 2087.78513365051 2087.78513365051 0.63406738683819 2.10604577533089 1.08384946548848
94394.15 2091.79629367869 2091.79629367869 0.6340666123545 2.10604594410388 1.08384946548848
94395.15 2095.88031599136 2095.88031599136 0.634065837870805 2.10604611287678 1.08384946548848
94396.15 2100.06049488331 2100.06049488331 0.634065063387104 2.10604628164959 1.08384946548848
94397.15 2104.33584281797 2104.33584281797 0.634064288903397 2.10604645042229 1.08384946548848
94398.15 2108.78518883432 2108.78518883432 0.634063514419684 2.1060466191949 1.08384946548848
94399.15 2113.36707916632 2113.36707916632 0.634062739935966 2.10604678796742 1.08384946548848
94400.15 2118.03418391477 2118.03418391477 0.634061965452242 2.10604695673984 1.08384946548848
94401.15 2122.71737639269 2122.71737639269 0.634061190968512 2.10604712551216 1.08384946548848
94402.15 2127.47013779893 2127.47013779893 0.634060416484776 2.10604729428439 1.08384946548848
94403.15 2132.29457416106 2132.29457416106 0.634059642001035 2.10604746305652 1.08384946548848
94404.15 2137.17166140288 2137.17166140288 0.634058867517288 2.10604763182856 1.08384946548848
94405.15 2142.13782829815 2142.13782829815 0.634058093033535 2.1060478006005 1.08384946548848
94406.15 2147.20553889038 2147.20553889038 0.634057318549776 2.10604796937235 1.08384946548848
94407.15 2152.39895622166 2152.39895622166 0.634056544066012 2.1060481381441 1.08384946548848
94408.15 2157.6470450308 2157.6470450308 0.634055769582242 2.10604830691575 1.08384946548848
94409.15 2162.93098854235 2162.93098854235 0.634054995098466 2.10604847568731 1.08384946548848
94410.15 2168.26591620437 2168.26591620437 0.634054220614684 2.10604864445877 1.08384946548848
94411.15 2173.73645149713 2173.73645149713 0.634053446130896 2.10604881323014 1.08384946548848
94412.15 2179.30184704399 2179.30184704399 0.634052671647103 2.10604898200141 1.08384946548848
94413.15 2184.92637598913 2184.92637598913 0.634051897163304 2.10604915077259 1.08384946548848
94414.15 2190.70696404792 2190.70696404792 0.634051122679499 2.10604931954367 1.08384946548848
94415.15 2196.71811761512 2196.71811761512 0.634050348195689 2.10604948831465 1.08384946548848
94416.15 2202.78539560466 2202.78539560466 0.634049573711872 2.10604965708554 1.08384946548848
94417.15 2208.90139457872 2208.90139457872 0.63404879922805 2.10604982585634 1.08384946548848
94418.15 2214.99295383219 2214.99295383219 0.634048024744223 2.10604999462703 1.08384946548848
94419.15 2221.05530400043 2221.05530400043 0.634047250260389 2.10605016339763 1.08384946548848
94420.15 2227.21595494458 2227.21595494458 0.634046475776549 2.10605033216814 1.08384946548848
94421.15 2233.49060044659 2233.49060044659 0.634045701292704 2.10605050093855 1.08384946548848
94422.15 2239.87259963243 2239.87259963243 0.634044926808853 2.10605066970887 1.08384946548848
94423.15 2246.35606865204 2246.35606865204 0.634044152324997 2.10605083847908 1.08384946548848
94424.15 2252.8932769529 2252.8932769529 0.634043377841134 2.10605100724921 1.08384946548848
94425.15 2259.46041597608 2259.46041597608 0.634042603357266 2.10605117601923 1.08384946548848
94426.15 2266.16033030496 2266.16033030496 0.634041828873392 2.10605134478917 1.08384946548848
94427.15 2273.0357977522 2273.0357977522 0.634041054389513 2.106051513559 1.08384946548848
94428.15 2279.97964843353 2279.97964843353 0.634040279905627 2.10605168232874 1.08384946548848
94429.15 2286.96005890609 2286.96005890609 0.634039505421736 2.10605185109839 1.08384946548848
94430.15 2293.97894210152 2293.97894210152 0.634038730937839 2.10605201986794 1.08384946548848
94431.15 2301.00073155282 2301.00073155282 0.634037956453936 2.10605218863739 1.08384946548848
94432.15 2308.02872177441 2308.02872177441 0.634037181970027 2.10605235740675 1.08384946548848
94433.15 2315.08344667529 2315.08344667529 0.634036407486113 2.10605252617601 1.08384946548848
94434.15 2322.28283360638 2322.28283360638 0.634035633002193 2.10605269494517 1.08384946548848
94435.15 2329.60424826232 2329.60424826232 0.634034858518267 2.10605286371424 1.08384946548848
94436.15 2337.02791407984 2337.02791407984 0.634034084034336 2.10605303248322 1.08384946548848
94437.15 2344.53097905331 2344.53097905331 0.634033309550398 2.1060532012521 1.08384946548848
94438.15 2352.10411567145 2352.10411567145 0.634032535066455 2.10605337002088 1.08384946548848
94439.15 2359.75483850813 2359.75483850813 0.634031760582507 2.10605353878957 1.08384946548848
94440.15 2367.47922335531 2367.47922335531 0.634030986098552 2.10605370755816 1.08384946548848
94441.15 2375.28669656483 2375.28669656483 0.634030211614591 2.10605387632666 1.08384946548848
94442.15 2383.10158079701 2383.10158079701 0.634029437130625 2.10605404509506 1.08384946548848
94443.15 2390.92872406317 2390.92872406317 0.634028662646653 2.10605421386336 1.08384946548848
94444.15 2398.72969777972 2398.72969777972 0.634027888162676 2.10605438263157 1.08384946548848
94445.15 2406.52159335386 2406.52159335386 0.634027113678692 2.10605455139969 1.08384946548848
94446.15 2414.30599446623 2414.30599446623 0.634026339194703 2.1060547201677 1.08384946548848
94447.15 2422.07176570141 2422.07176570141 0.634025564710708 2.10605488893563 1.08384946548848
94448.15 2429.71333103006 2429.71333103006 0.634024790226707 2.10605505770345 1.08384946548848
94449.15 2437.2115761125 2437.2115761125 0.634024015742701 2.10605522647118 1.08384946548848
94450.15 2444.58249080989 2444.58249080989 0.634023241258689 2.10605539523882 1.08384946548848
94451.15 2451.88037496618 2451.88037496618 0.634022466774671 2.10605556400636 1.08384946548848
94452.15 2459.10017888433 2459.10017888433 0.634021692290647 2.1060557327738 1.08384946548848
94453.15 2466.20592260687 2466.20592260687 0.634020917806617 2.10605590154115 1.08384946548848
94454.15 2473.19689397303 2473.19689397303 0.634020143322582 2.1060560703084 1.08384946548848
94455.15 2480.03426376928 2480.03426376928 0.634019368838541 2.10605623907556 1.08384946548848
94456.15 2486.55537081516 2486.55537081516 0.634018594354494 2.10605640784262 1.08384946548848
94457.15 2492.62665232021 2492.62665232021 0.634017819870441 2.10605657660958 1.08384946548848
94458.15 2498.31679358917 2498.31679358917 0.634017045386383 2.10605674537645 1.08384946548848
94459.15 2503.64811943778 2503.64811943778 0.634016270902319 2.10605691414323 1.08384946548848
94460.15 2508.61084737969 2508.61084737969 0.634015496418249 2.10605708290991 1.08384946548848
94461.15 2513.25176228033 2513.25176228033 0.634014721934174 2.10605725167649 1.08384946548848
94462.15 2517.76864715004 2517.76864715004 0.634013947450092 2.10605742044297 1.08384946548848
94463.15 2522.28850584461 2522.28850584461 0.634013172966005 2.10605758920937 1.08384946548848
94464.15 2526.80926567106 2526.80926567106 0.634012398481912 2.10605775797566 1.08384946548848
94465.15 2531.33272958123 2531.33272958123 0.634011623997813 2.10605792674186 1.08384946548848
94466.15 2535.85798190407 2535.85798190407 0.634010849513709 2.10605809550796 1.08384946548848
94467.15 2540.38501308306 2540.38501308306 0.634010075029598 2.10605826427397 1.08384946548848
94468.15 2544.91523753853 2544.91523753853 0.634009300545483 2.10605843303989 1.08384946548848
94469.15 2549.44579793238 2549.44579793238 0.634008526061361 2.1060586018057 1.08384946548848
94470.15 2553.97953264325 2553.97953264325 0.634007751577233 2.10605877057142 1.08384946548848
94471.15 2558.51409814455 2558.51409814455 0.6340069770931 2.10605893933705 1.08384946548848
94472.15 2563.05130528452 2563.05130528452 0.634006202608961 2.10605910810258 1.08384946548848
94473.15 2567.59074725234 2567.59074725234 0.634005428124816 2.10605927686801 1.08384946548848
94474.15 2572.13047816382 2572.13047816382 0.634004653640666 2.10605944563335 1.08384946548848
94475.15 2576.67242349621 2576.67242349621 0.634003879156509 2.10605961439859 1.08384946548848
94476.15 2581.21606211438 2581.21606211438 0.634003104672347 2.10605978316374 1.08384946548848
94477.15 2585.76138509025 2585.76138509025 0.634002330188179 2.10605995192879 1.08384946548848
94478.15 2590.30838355886 2590.30838355886 0.634001555704006 2.10606012069375 1.08384946548848
94479.15 2594.85704871225 2594.85704871225 0.634000781219826 2.10606028945861 1.08384946548848
94480.15 2599.40737179961 2599.40737179961 0.634000006735641 2.10606045822337 1.08384946548848
94481.15 2603.95893611947 2603.95893611947 0.63399923225145 2.10606062698804 1.08384946548848
94482.15 2608.51254797533 2608.51254797533 0.633998457767254 2.10606079575262 1.08384946548848
94483.15 2613.06779186801 2613.06779186801 0.633997683283051 2.10606096451709 1.08384946548848
94484.15 2617.62516491504 2617.62516491504 0.633996908798843 2.10606113328147 1.08384946548848
94485.15 2622.18415184983 2622.18415184983 0.633996134314629 2.10606130204576 1.08384946548848
94486.15 2626.74474426919 2626.74474426919 0.633995359830409 2.10606147080995 1.08384946548848
94487.15 2631.3064299282 2631.3064299282 0.633994585346184 2.10606163957405 1.08384946548848
94488.15 2635.86929007391 2635.86929007391 0.633993810861953 2.10606180833804 1.08384946548848
94489.15 2640.43464917469 2640.43464917469 0.633993036377716 2.10606197710195 1.08384946548848
94490.15 2645.00158069781 2645.00158069781 0.633992261893473 2.10606214586576 1.08384946548848
94491.15 2649.57007651109 2649.57007651109 0.633991487409224 2.10606231462947 1.08384946548848
94492.15 2654.13920779762 2654.13920779762 0.63399071292497 2.10606248339308 1.08384946548848
94493.15 2658.71080754021 2658.71080754021 0.63398993844071 2.1060626521566 1.08384946548848
94494.15 2663.2834476027 2663.2834476027 0.633989163956444 2.10606282092003 1.08384946548848
94495.15 2667.85812042637 2667.85812042637 0.633988389472173 2.10606298968336 1.08384946548848
94496.15 2672.43381890554 2672.43381890554 0.633987614987895 2.10606315844659 1.08384946548848
94497.15 2677.01011203698 2677.01011203698 0.633986840503612 2.10606332720973 1.08384946548848
94498.15 2681.64123927442 2681.64123927442 0.633986066019323 2.10606349597277 1.08384946548848
94499.15 2686.71964686017 2686.71964686017 0.633985291535029 2.10606366473572 1.08384946548848
94500.15 2692.41765287923 2692.41765287923 0.633984517050728 2.10606383349857 1.08384946548848
94501.15 2698.71608014823 2698.71608014823 0.633983742566422 2.10606400226132 1.08384946548848
94502.15 2705.51513946114 2705.51513946114 0.63398296808211 2.10606417102398 1.08384946548848
94503.15 2712.75115484616 2712.75115484616 0.633982193597793 2.10606433978655 1.08384946548848
94504.15 2720.43252724084 2720.43252724084 0.633981419113469 2.10606450854901 1.08384946548848
94505.15 2728.46954474851 2728.46954474851 0.63398064462914 2.10606467731139 1.08384946548848
94506.15 2736.7210304052 2736.7210304052 0.633979870144805 2.10606484607366 1.08384946548848
94507.15 2744.97316770917 2744.97316770917 0.633979095660464 2.10606501483585 1.08384946548848
94508.15 2753.11795601735 2753.11795601735 0.633978321176118 2.10606518359793 1.08384946548848
94509.15 2761.26036623297 2761.26036623297 0.633977546691765 2.10606535235992 1.08384946548848
94510.15 2769.39093968319 2769.39093968319 0.633976772207407 2.10606552112181 1.08384946548848
94511.15 2777.54227424024 2777.54227424024 0.633975997723044 2.10606568988361 1.08384946548848
94512.15 2785.70828260188 2785.70828260188 0.633975223238674 2.10606585864531 1.08384946548848
94513.15 2793.80969423466 2793.80969423466 0.633974448754299 2.10606602740692 1.08384946548848
94514.15 2801.8755579614 2801.8755579614 0.633973674269918 2.10606619616843 1.08384946548848
94515.15 2809.87831127349 2809.87831127349 0.633972899785531 2.10606636492985 1.08384946548848
94516.15 2817.74655678444 2817.74655678444 0.633972125301138 2.10606653369117 1.08384946548848
94517.15 2825.55027975343 2825.55027975343 0.63397135081674 2.10606670245239 1.08384946548848
94518.15 2833.38846276524 2833.38846276524 0.633970576332336 2.10606687121352 1.08384946548848
94519.15 2841.20138531149 2841.20138531149 0.633969801847926 2.10606703997455 1.08384946548848
94520.15 2849.02443193481 2849.02443193481 0.63396902736351 2.10606720873549 1.08384946548848
94521.15 2856.74901458932 2856.74901458932 0.633968252879089 2.10606737749633 1.08384946548848
94522.15 2864.4644042062 2864.4644042062 0.633967478394662 2.10606754625708 1.08384946548848
94523.15 2872.13484971782 2872.13484971782 0.633966703910229 2.10606771501773 1.08384946548848
94524.15 2879.69498905245 2879.69498905245 0.63396592942579 2.10606788377828 1.08384946548848
94525.15 2887.19790560819 2887.19790560819 0.633965154941346 2.10606805253874 1.08384946548848
94526.15 2894.64349222678 2894.64349222678 0.633964380456895 2.10606822129911 1.08384946548848
94527.15 2902.03593144418 2902.03593144418 0.633963605972439 2.10606839005937 1.08384946548848
94528.15 2909.44073366603 2909.44073366603 0.633962831487978 2.10606855881954 1.08384946548848
94529.15 2916.81401634007 2916.81401634007 0.63396205700351 2.10606872757962 1.08384946548848
94530.15 2924.1598498188 2924.1598498188 0.633961282519037 2.1060688963396 1.08384946548848
94531.15 2931.4993037966 2931.4993037966 0.633960508034558 2.10606906509949 1.08384946548848
94532.15 2938.82560810917 2938.82560810917 0.633959733550073 2.10606923385928 1.08384946548848
94533.15 2946.09288903049 2946.09288903049 0.633958959065583 2.10606940261897 1.08384946548848
94534.15 2953.39753148993 2953.39753148993 0.633958184581086 2.10606957137857 1.08384946548848
94535.15 2960.78595368851 2960.78595368851 0.633957410096584 2.10606974013807 1.08384946548848
94536.15 2968.17309585885 2968.17309585885 0.633956635612076 2.10606990889748 1.08384946548848
94537.15 2975.51164332444 2975.51164332444 0.633955861127563 2.10607007765679 1.08384946548848
94538.15 2982.71728518422 2982.71728518422 0.633955086643043 2.106070246416 1.08384946548848
94539.15 2989.80143935311 2989.80143935311 0.633954312158518 2.10607041517512 1.08384946548848
94540.15 2996.84065164858 2996.84065164858 0.633953537673987 2.10607058393414 1.08384946548848
94541.15 3003.88549263733 3003.88549263733 0.63395276318945 2.10607075269307 1.08384946548848
94542.15 3010.96758242961 3010.96758242961 0.633951988704908 2.1060709214519 1.08384946548848
94543.15 3017.99734093159 3017.99734093159 0.63395121422036 2.10607109021064 1.08384946548848
94544.15 3025.02081815363 3025.02081815363 0.633950439735806 2.10607125896928 1.08384946548848
94545.15 3032.01225736761 3032.01225736761 0.633949665251246 2.10607142772783 1.08384946548848
94546.15 3038.95773242747 3038.95773242747 0.633948890766681 2.10607159648628 1.08384946548848
94547.15 3045.90133387921 3045.90133387921 0.63394811628211 2.10607176524463 1.08384946548848
94548.15 3052.89574428958 3052.89574428958 0.633947341797533 2.10607193400289 1.08384946548848
94549.15 3059.9798825532 3059.9798825532 0.63394656731295 2.10607210276105 1.08384946548848
94550.15 3067.19059666657 3067.19059666657 0.633945792828361 2.10607227151912 1.08384946548848
94551.15 3074.51387227496 3074.51387227496 0.633945018343767 2.10607244027709 1.08384946548848
94552.15 3081.95936943244 3081.95936943244 0.633944243859167 2.10607260903497 1.08384946548848
94553.15 3089.56807380284 3089.56807380284 0.633943469374561 2.10607277779275 1.08384946548848
94554.15 3097.23787703949 3097.23787703949 0.63394269488995 2.10607294655043 1.08384946548848
94555.15 3104.90994437889 3104.90994437889 0.633941920405332 2.10607311530802 1.08384946548848
94556.15 3112.53640552407 3112.53640552407 0.633941145920709 2.10607328406551 1.08384946548848
94557.15 3120.12465088912 3120.12465088912 0.63394037143608 2.10607345282291 1.08384946548848
94558.15 3127.73875501366 3127.73875501366 0.633939596951446 2.10607362158021 1.08384946548848
94559.15 3135.37508050849 3135.37508050849 0.633938822466805 2.10607379033742 1.08384946548848
94560.15 3143.06291772923 3143.06291772923 0.633938047982159 2.10607395909453 1.08384946548848
94561.15 3150.79533507901 3150.79533507901 0.633937273497507 2.10607412785154 1.08384946548848
94562.15 3158.51845132243 3158.51845132243 0.63393649901285 2.10607429660846 1.08384946548848
94563.15 3166.19596994099 3166.19596994099 0.633935724528186 2.10607446536529 1.08384946548848
94564.15 3173.77106467253 3173.77106467253 0.633934950043517 2.10607463412201 1.08384946548848
94565.15 3181.34055453325 3181.34055453325 0.633934175558842 2.10607480287865 1.08384946548848
94566.15 3188.96132701499 3188.96132701499 0.633933401074161 2.10607497163518 1.08384946548848
94567.15 3196.66000364088 3196.66000364088 0.633932626589475 2.10607514039162 1.08384946548848
94568.15 3204.44999099434 3204.44999099434 0.633931852104783 2.10607530914797 1.08384946548848
94569.15 3212.33067147796 3212.33067147796 0.633931077620084 2.10607547790422 1.08384946548848
94570.15 3220.29328065947 3220.29328065947 0.633930303135381 2.10607564666037 1.08384946548848
94571.15 3228.34078462896 3228.34078462896 0.633929528650671 2.10607581541643 1.08384946548848
94572.15 3236.45285816532 3236.45285816532 0.633928754165956 2.10607598417239 1.08384946548848
94573.15 3244.57205595161 3244.57205595161 0.633927979681235 2.10607615292826 1.08384946548848
94574.15 3252.65778378139 3252.65778378139 0.633927205196508 2.10607632168403 1.08384946548848
94575.15 3260.70210548957 3260.70210548957 0.633926430711775 2.1060764904397 1.08384946548848
94576.15 3268.86944636207 3268.86944636207 0.633925656227037 2.10607665919528 1.08384946548848
94577.15 3277.18394804704 3277.18394804704 0.633924881742293 2.10607682795077 1.08384946548848
94578.15 3285.64482976802 3285.64482976802 0.633924107257543 2.10607699670616 1.08384946548848
94579.15 3294.1164500886 3294.1164500886 0.633923332772787 2.10607716546145 1.08384946548848
94580.15 3302.59589299353 3302.59589299353 0.633922558288026 2.10607733421665 1.08384946548848
94581.15 3311.15801499698 3311.15801499698 0.633921783803259 2.10607750297175 1.08384946548848
94582.15 3319.74896432495 3319.74896432495 0.633921009318486 2.10607767172675 1.08384946548848
94583.15 3328.33891542095 3328.33891542095 0.633920234833707 2.10607784048166 1.08384946548848
94584.15 3336.88603158238 3336.88603158238 0.633919460348923 2.10607800923648 1.08384946548848
94585.15 3345.40754165003 3345.40754165003 0.633918685864133 2.1060781779912 1.08384946548848
94586.15 3353.950698097 3353.950698097 0.633917911379337 2.10607834674582 1.08384946548848
94587.15 3362.4761461967 3362.4761461967 0.633917136894535 2.10607851550035 1.08384946548848
94588.15 3370.94602184332 3370.94602184332 0.633916362409727 2.10607868425478 1.08384946548848
94589.15 3379.46821617177 3379.46821617177 0.633915587924914 2.10607885300911 1.08384946548848
94590.15 3387.99214689688 3387.99214689688 0.633914813440095 2.10607902176335 1.08384946548848
94591.15 3396.57606454571 3396.57606454571 0.63391403895527 2.1060791905175 1.08384946548848
94592.15 3405.14027308717 3405.14027308717 0.63391326447044 2.10607935927155 1.08384946548848
94593.15 3413.63149769875 3413.63149769875 0.633912489985603 2.1060795280255 1.08384946548848
94594.15 3422.13631418693 3422.13631418693 0.633911715500761 2.10607969677936 1.08384946548848
94595.15 3430.68483556123 3430.68483556123 0.633910941015914 2.10607986553312 1.08384946548848
94596.15 3439.28449788769 3439.28449788769 0.63391016653106 2.10608003428679 1.08384946548848
94597.15 3447.91364139647 3447.91364139647 0.633909392046201 2.10608020304036 1.08384946548848
94598.15 3456.70683249995 3456.70683249995 0.633908617561336 2.10608037179383 1.08384946548848
94599.15 3465.5592175427 3465.5592175427 0.633907843076465 2.10608054054721 1.08384946548848
94600.15 3474.37883009937 3474.37883009937 0.633907068591588 2.1060807093005 1.08384946548848
94601.15 3483.15583706799 3483.15583706799 0.633906294106706 2.10608087805369 1.08384946548848
94602.15 3491.92229567291 3491.92229567291 0.633905519621817 2.10608104680678 1.08384946548848
94603.15 3500.71800212618 3500.71800212618 0.633904745136923 2.10608121555978 1.08384946548848
94604.15 3509.591931748 3509.591931748 0.633903970652024 2.10608138431268 1.08384946548848
94605.15 3518.51082047082 3518.51082047082 0.633903196167118 2.10608155306548 1.08384946548848
94606.15 3527.41544865143 3527.41544865143 0.633902421682207 2.10608172181819 1.08384946548848
94607.15 3536.33953763055 3536.33953763055 0.63390164719729 2.10608189057081 1.08384946548848
94608.15 3545.42856971719 3545.42856971719 0.633900872712367 2.10608205932332 1.08384946548848
94609.15 3554.64732134661 3554.64732134661 0.633900098227439 2.10608222807575 1.08384946548848
94610.15 3563.97313161678 3563.97313161678 0.633899323742505 2.10608239682807 1.08384946548848
94611.15 3573.40310825148 3573.40310825148 0.633898549257565 2.10608256558031 1.08384946548848
94612.15 3582.84937440741 3582.84937440741 0.633897774772619 2.10608273433244 1.08384946548848
94613.15 3592.54109957082 3592.54109957082 0.633897000287667 2.10608290308448 1.08384946548848
94614.15 3602.44455766183 3602.44455766183 0.63389622580271 2.10608307183643 1.08384946548848
94615.15 3612.40979042606 3612.40979042606 0.633895451317747 2.10608324058828 1.08384946548848
94616.15 3622.34756196755 3622.34756196755 0.633894676832778 2.10608340934003 1.08384946548848
94617.15 3632.13410022592 3632.13410022592 0.633893902347803 2.10608357809169 1.08384946548848
94618.15 3641.89268103718 3641.89268103718 0.633893127862823 2.10608374684325 1.08384946548848
94619.15 3651.67357633053 3651.67357633053 0.633892353377837 2.10608391559472 1.08384946548848
94620.15 3661.47587900687 3661.47587900687 0.633891578892845 2.10608408434609 1.08384946548848
94621.15 3671.37314703441 3671.37314703441 0.633890804407847 2.10608425309736 1.08384946548848
94622.15 3681.42219651285 3681.42219651285 0.633890029922844 2.10608442184854 1.08384946548848
94623.15 3691.66389750873 3691.66389750873 0.633889255437835 2.10608459059962 1.08384946548848
94624.15 3702.13525862566 3702.13525862566 0.63388848095282 2.10608475935061 1.08384946548848
94625.15 3712.64668337794 3712.64668337794 0.633887706467799 2.1060849281015 1.08384946548848
94626.15 3723.45425845418 3723.45425845418 0.633886931982773 2.1060850968523 1.08384946548848
94627.15 3734.56056698251 3734.56056698251 0.63388615749774 2.106085265603 1.08384946548848
94628.15 3745.84358641426 3745.84358641426 0.633885383012702 2.10608543435361 1.08384946548848
94629.15 3757.22228725355 3757.22228725355 0.633884608527659 2.10608560310412 1.08384946548848
94630.15 3768.724003541 3768.724003541 0.633883834042609 2.10608577185453 1.08384946548848
94631.15 3780.3798714004 3780.3798714004 0.633883059557554 2.10608594060485 1.08384946548848
94632.15 3792.08601024669 3792.08601024669 0.633882285072493 2.10608610935507 1.08384946548848
94633.15 3803.90925362802 3803.90925362802 0.633881510587426 2.1060862781052 1.08384946548848
94634.15 3815.80995424425 3815.80995424425 0.633880736102353 2.10608644685523 1.08384946548848
94635.15 3827.72928785142 3827.72928785142 0.633879961617275 2.10608661560517 1.08384946548848
94636.15 3839.6392293228 3839.6392293228 0.633879187132191 2.10608678435501 1.08384946548848
94637.15 3851.43630199856 3851.43630199856 0.633878412647101 2.10608695310475 1.08384946548848
94638.15 3863.18237206908 3863.18237206908 0.633877638162006 2.1060871218544 1.08384946548848
94639.15 3875.01184546802 3875.01184546802 0.633876863676904 2.10608729060395 1.08384946548848
94640.15 3886.86992323326 3886.86992323326 0.633876089191797 2.10608745935341 1.08384946548848
94641.15 3898.65749682072 3898.65749682072 0.633875314706684 2.10608762810277 1.08384946548848
94642.15 3910.44272073856 3910.44272073856 0.633874540221565 2.10608779685204 1.08384946548848
94643.15 3921.02924010224 3921.02924010224 0.633873765736441 2.10608796560121 1.08384946548848
94644.15 3929.44093561532 3929.44093561532 0.633872991251311 2.10608813435029 1.08384946548848
94645.15 3938.36908955249 3938.36908955249 0.633872216766175 2.10608830309927 1.08384946548848
94646.15 3947.53017823128 3947.53017823128 0.633871442281033 2.10608847184815 1.08384946548848
94647.15 3960.4141577068 3960.4141577068 0.633870667795886 2.10608864059694 1.08384946548848
94648.15 3972.41525764377 3972.41525764377 0.633869893310733 2.10608880934563 1.08384946548848
94649.15 3983.79159144264 3983.79159144264 0.633869118825574 2.10608897809423 1.08384946548848
94650.15 3994.17588371394 3994.17588371394 0.633868344340409 2.10608914684273 1.08384946548848
94651.15 4003.63783057182 4003.63783057182 0.633867569855238 2.10608931559113 1.08384946548848
94652.15 4012.17047824844 4012.17047824844 0.633866795370062 2.10608948433944 1.08384946548848
94653.15 4021.29451038948 4021.29451038948 0.63386602088488 2.10608965308766 1.08384946548848
94654.15 4029.99307982835 4029.99307982835 0.633865246399692 2.10608982183578 1.08384946548848
94655.15 4040.53981958068 4040.53981958068 0.633864471914498 2.1060899905838 1.08384946548848
94656.15 4054.21211579904 4054.21211579904 0.633863697429299 2.10609015933173 1.08384946548848
94657.15 4069.83800479157 4069.83800479157 0.633862922944094 2.10609032807956 1.08384946548848
94658.15 4084.81684232371 4084.81684232371 0.633862148458883 2.10609049682729 1.08384946548848
94659.15 4099.98770022284 4099.98770022284 0.633861373973667 2.10609066557493 1.08384946548848
94660.15 4114.99585791482 4114.99585791482 0.633860599488444 2.10609083432248 1.08384946548848
94661.15 4129.65304986671 4129.65304986671 0.633859825003216 2.10609100306993 1.08384946548848
94662.15 4144.28454759381 4144.28454759381 0.633859050517982 2.10609117181728 1.08384946548848
94663.15 4158.52155843592 4158.52155843592 0.633858276032742 2.10609134056454 1.08384946548848
94664.15 4172.85307357346 4172.85307357346 0.633857501547497 2.1060915093117 1.08384946548848
94665.15 4186.7151758916 4186.7151758916 0.633856727062246 2.10609167805877 1.08384946548848
94666.15 4200.44159223456 4200.44159223456 0.633855952576989 2.10609184680574 1.08384946548848
94667.15 4214.02675481731 4214.02675481731 0.633855178091726 2.10609201555261 1.08384946548848
94668.15 4227.50937348963 4227.50937348963 0.633854403606458 2.10609218429939 1.08384946548848
94669.15 4241.2859906361 4241.2859906361 0.633853629121183 2.10609235304608 1.08384946548848
94670.15 4254.79685180109 4254.79685180109 0.633852854635903 2.10609252179266 1.08384946548848
94671.15 4268.09334752324 4268.09334752324 0.633852080150618 2.10609269053916 1.08384946548848
94672.15 4281.14021735447 4281.14021735447 0.633851305665326 2.10609285928555 1.08384946548848
94673.15 4293.99027735061 4293.99027735061 0.633850531180029 2.10609302803186 1.08384946548848
94674.15 4306.72802590592 4306.72802590592 0.633849756694726 2.10609319677806 1.08384946548848
94675.15 4319.34261533917 4319.34261533917 0.633848982209417 2.10609336552417 1.08384946548848
94676.15 4331.73284952692 4331.73284952692 0.633848207724102 2.10609353427019 1.08384946548848
94677.15 4343.9302062102 4343.9302062102 0.633847433238782 2.1060937030161 1.08384946548848
94678.15 4355.98776416217 4355.98776416217 0.633846658753456 2.10609387176193 1.08384946548848
94679.15 4367.9749249299 4367.9749249299 0.633845884268124 2.10609404050765 1.08384946548848
94680.15 4379.85735289323 4379.85735289323 0.633845109782787 2.10609420925329 1.08384946548848
94681.15 4391.5921491762 4391.5921491762 0.633844335297443 2.10609437799882 1.08384946548848
94682.15 4403.10301889962 4403.10301889962 0.633843560812094 2.10609454674426 1.08384946548848
94683.15 4414.3986841937 4414.3986841937 0.633842786326739 2.10609471548961 1.08384946548848
94684.15 4425.50335854284 4425.50335854284 0.633842011841378 2.10609488423486 1.08384946548848
94685.15 4436.49648288026 4436.49648288026 0.633841237356012 2.10609505298001 1.08384946548848
94686.15 4447.49245158124 4447.49245158124 0.63384046287064 2.10609522172507 1.08384946548848
94687.15 4458.52845690944 4458.52845690944 0.633839688385262 2.10609539047003 1.08384946548848
94688.15 4469.50572299943 4469.50572299943 0.633838913899878 2.1060955592149 1.08384946548848
94689.15 4480.33370886602 4480.33370886602 0.633838139414489 2.10609572795967 1.08384946548848
94690.15 4491.0161043127 4491.0161043127 0.633837364929093 2.10609589670434 1.08384946548848
94691.15 4501.55834708181 4501.55834708181 0.633836590443692 2.10609606544892 1.08384946548848
94692.15 4511.85613225875 4511.85613225875 0.633835815958286 2.10609623419341 1.08384946548848
94693.15 4521.90141473737 4521.90141473737 0.633835041472873 2.1060964029378 1.08384946548848
94694.15 4531.85558203473 4531.85558203473 0.633834266987455 2.10609657168209 1.08384946548848
94695.15 4541.77648902639 4541.77648902639 0.633833492502031 2.10609674042629 1.08384946548848
94696.15 4551.72232053995 4551.72232053995 0.633832718016601 2.10609690917039 1.08384946548848
94697.15 4561.54827290287 4561.54827290287 0.633831943531165 2.10609707791439 1.08384946548848
94698.15 4571.17398142537 4571.17398142537 0.633831169045724 2.1060972466583 1.08384946548848
94699.15 4580.68480998459 4580.68480998459 0.633830394560277 2.10609741540212 1.08384946548848
94700.15 4590.14415845943 4590.14415845943 0.633829620074824 2.10609758414584 1.08384946548848
94701.15 4599.59354706468 4599.59354706468 0.633828845589365 2.10609775288946 1.08384946548848
94702.15 4608.90992106033 4608.90992106033 0.633828071103901 2.10609792163299 1.08384946548848
94703.15 4618.17212552073 4618.17212552073 0.633827296618431 2.10609809037642 1.08384946548848
94704.15 4627.5641078041 4627.5641078041 0.633826522132955 2.10609825911976 1.08384946548848
94705.15 4637.09500803268 4637.09500803268 0.633825747647473 2.106098427863 1.08384946548848
94706.15 4646.79301557799 4646.79301557799 0.633824973161986 2.10609859660614 1.08384946548848
94707.15 4656.67337913123 4656.67337913123 0.633824198676492 2.10609876534919 1.08384946548848
94708.15 4666.58663653994 4666.58663653994 0.633823424190993 2.10609893409215 1.08384946548848
94709.15 4676.54090554961 4676.54090554961 0.633822649705489 2.106099102835 1.08384946548848
94710.15 4686.52941780068 4686.52941780068 0.633821875219978 2.10609927157777 1.08384946548848
94711.15 4696.50556551127 4696.50556551127 0.633821100734462 2.10609944032043 1.08384946548848
94712.15 4706.49936606497 4706.49936606497 0.63382032624894 2.106099609063 1.08384946548848
94713.15 4716.54967385906 4716.54967385906 0.633819551763412 2.10609977780548 1.08384946548848
94714.15 4726.64291774685 4726.64291774685 0.633818777277878 2.10609994654786 1.08384946548848
94715.15 4736.73215431731 4736.73215431731 0.633818002792339 2.10610011529015 1.08384946548848
94716.15 4746.81721064084 4746.81721064084 0.633817228306794 2.10610028403233 1.08384946548848
94717.15 4756.86782344399 4756.86782344399 0.633816453821243 2.10610045277443 1.08384946548848
94718.15 4766.81222898262 4766.81222898262 0.633815679335687 2.10610062151642 1.08384946548848
94719.15 4776.67484704485 4776.67484704485 0.633814904850124 2.10610079025833 1.08384946548848
94720.15 4786.58199452148 4786.58199452148 0.633814130364556 2.10610095900013 1.08384946548848
94721.15 4796.56492718582 4796.56492718582 0.633813355878982 2.10610112774184 1.08384946548848
94722.15 4806.61078879317 4806.61078879317 0.633812581393403 2.10610129648346 1.08384946548848
94723.15 4816.70887712174 4816.70887712174 0.633811806907817 2.10610146522498 1.08384946548848
94724.15 4826.88061282225 4826.88061282225 0.633811032422226 2.1061016339664 1.08384946548848
94725.15 4837.14260857444 4837.14260857444 0.633810257936629 2.10610180270773 1.08384946548848
94726.15 4847.44207896733 4847.44207896733 0.633809483451027 2.10610197144896 1.08384946548848
94727.15 4857.82311930887 4857.82311930887 0.633808708965418 2.1061021401901 1.08384946548848
94728.15 4868.21878361879 4868.21878361879 0.633807934479804 2.10610230893114 1.08384946548848
94729.15 4878.58177266337 4878.58177266337 0.633807159994184 2.10610247767209 1.08384946548848
94730.15 4888.9033454087 4888.9033454087 0.633806385508558 2.10610264641294 1.08384946548848
94731.15 4899.13708344461 4899.13708344461 0.633805611022927 2.10610281515369 1.08384946548848
94732.15 4909.36661487045 4909.36661487045 0.633804836537289 2.10610298389435 1.08384946548848
94733.15 4919.56644589105 4919.56644589105 0.633804062051646 2.10610315263491 1.08384946548848
94734.15 4929.71806792942 4929.71806792942 0.633803287565998 2.10610332137538 1.08384946548848
94735.15 4939.91814831904 4939.91814831904 0.633802513080343 2.10610349011575 1.08384946548848
94736.15 4950.16308438128 4950.16308438128 0.633801738594683 2.10610365885603 1.08384946548848
94737.15 4960.41660837145 4960.41660837145 0.633800964109017 2.10610382759621 1.08384946548848
94738.15 4970.57027115273 4970.57027115273 0.633800189623345 2.10610399633629 1.08384946548848
94739.15 4980.37788952293 4980.37788952293 0.633799415137667 2.10610416507628 1.08384946548848
94740.15 4989.77613214696 4989.77613214696 0.633798640651984 2.10610433381617 1.08384946548848
94741.15 4998.90374299355 4998.90374299355 0.633797866166295 2.10610450255597 1.08384946548848
94742.15 5007.76080147222 5007.76080147222 0.6337970916806 2.10610467129567 1.08384946548848
94743.15 5016.33391898546 5016.33391898546 0.633796317194899 2.10610484003528 1.08384946548848
94744.15 5024.43558500089 5024.43558500089 0.633795542709193 2.10610500877479 1.08384946548848
94745.15 5031.71695653272 5031.71695653272 0.633794768223481 2.10610517751421 1.08384946548848
94746.15 5038.04496698511 5038.04496698511 0.633793993737763 2.10610534625353 1.08384946548848
94747.15 5043.54432142181 5043.54432142181 0.633793219252039 2.10610551499275 1.08384946548848
94748.15 5048.6064463143 5048.6064463143 0.63379244476631 2.10610568373188 1.08384946548848
94749.15 5053.57390050591 5053.57390050591 0.633791670280574 2.10610585247091 1.08384946548848
94750.15 5058.51972284632 5058.51972284632 0.633790895794833 2.10610602120985 1.08384946548848
94751.15 5063.4482767219 5063.4482767219 0.633790121309087 2.10610618994869 1.08384946548848
94752.15 5068.36060040254 5068.36060040254 0.633789346823334 2.10610635868744 1.08384946548848
94753.15 5073.26106048163 5073.26106048163 0.633788572337576 2.10610652742609 1.08384946548848
94754.15 5078.15180726587 5078.15180726587 0.633787797851812 2.10610669616464 1.08384946548848
94755.15 5083.03394783421 5083.03394783421 0.633787023366042 2.1061068649031 1.08384946548848
94756.15 5087.90960247836 5087.90960247836 0.633786248880267 2.10610703364147 1.08384946548848
94757.15 5092.78098894507 5092.78098894507 0.633785474394485 2.10610720237973 1.08384946548848
94758.15 5097.64807552775 5097.64807552775 0.633784699908698 2.10610737111791 1.08384946548848
94759.15 5102.51089402446 5102.51089402446 0.633783925422905 2.10610753985598 1.08384946548848
94760.15 5107.37163106005 5107.37163106005 0.633783150937107 2.10610770859397 1.08384946548848
94761.15 5112.23031812525 5112.23031812525 0.633782376451302 2.10610787733185 1.08384946548848
94762.15 5117.08797154446 5117.08797154446 0.633781601965492 2.10610804606964 1.08384946548848
94763.15 5121.94465422931 5121.94465422931 0.633780827479676 2.10610821480733 1.08384946548848
94764.15 5126.80036665085 5126.80036665085 0.633780052993855 2.10610838354493 1.08384946548848
94765.15 5131.65507894963 5131.65507894963 0.633779278508027 2.10610855228244 1.08384946548848
94766.15 5136.51104035199 5136.51104035199 0.633778504022194 2.10610872101984 1.08384946548848
94767.15 5141.3660332927 5141.3660332927 0.633777729536355 2.10610888975715 1.08384946548848
94768.15 5146.22224654057 5146.22224654057 0.633776955050511 2.10610905849437 1.08384946548848
94769.15 5151.07971076773 5151.07971076773 0.63377618056466 2.10610922723149 1.08384946548848
94770.15 5155.93842648874 5155.93842648874 0.633775406078804 2.10610939596852 1.08384946548848
94771.15 5160.79947402366 5160.79947402366 0.633774631592942 2.10610956470545 1.08384946548848
94772.15 5165.66177445344 5165.66177445344 0.633773857107074 2.10610973344228 1.08384946548848
94773.15 5170.52751754965 5170.52751754965 0.633773082621201 2.10610990217902 1.08384946548848
94774.15 5175.39454368989 5175.39454368989 0.633772308135321 2.10611007091566 1.08384946548848
94775.15 5180.26390484116 5180.26390484116 0.633771533649437 2.10611023965221 1.08384946548848
94776.15 5185.13676793363 5185.13676793363 0.633770759163546 2.10611040838866 1.08384946548848
94777.15 5190.01199567612 5190.01199567612 0.633769984677649 2.10611057712501 1.08384946548848
94778.15 5194.8895886041 5194.8895886041 0.633769210191747 2.10611074586127 1.08384946548848
94779.15 5199.76960294425 5199.76960294425 0.633768435705839 2.10611091459744 1.08384946548848
94780.15 5204.65198282577 5204.65198282577 0.633767661219925 2.1061110833335 1.08384946548848
94781.15 5209.53564713524 5209.53564713524 0.633766886734005 2.10611125206948 1.08384946548848
94782.15 5214.42281414398 5214.42281414398 0.63376611224808 2.10611142080535 1.08384946548848
94783.15 5219.31237472025 5219.31237472025 0.633765337762149 2.10611158954114 1.08384946548848
94784.15 5224.20324667041 5224.20324667041 0.633764563276212 2.10611175827682 1.08384946548848
94785.15 5229.09542944457 5229.09542944457 0.633763788790269 2.10611192701241 1.08384946548848
94786.15 5233.99000505899 5233.99000505899 0.633763014304321 2.10611209574791 1.08384946548848
94787.15 5238.88591720813 5238.88591720813 0.633762239818367 2.10611226448331 1.08384946548848
94788.15 5243.78311230216 5243.78311230216 0.633761465332407 2.10611243321861 1.08384946548848
94789.15 5248.68269951594 5248.68269951594 0.633760690846441 2.10611260195382 1.08384946548848
94790.15 5253.58251227775 5253.58251227775 0.63375991636047 2.10611277068893 1.08384946548848
94791.15 5258.4836329764 5258.4836329764 0.633759141874493 2.10611293942395 1.08384946548848
94792.15 5263.38608663555 5263.38608663555 0.63375836738851 2.10611310815887 1.08384946548848
94793.15 5268.28984681208 5268.28984681208 0.633757592902521 2.1061132768937 1.08384946548848
94794.15 5273.19380374934 5273.19380374934 0.633756818416526 2.10611344562842 1.08384946548848
94795.15 5278.09798194448 5278.09798194448 0.633756043930526 2.10611361436306 1.08384946548848
94796.15 5283.00346469619 5283.00346469619 0.63375526944452 2.1061137830976 1.08384946548848
94797.15 5287.90916693751 5287.90916693751 0.633754494958508 2.10611395183204 1.08384946548848
94798.15 5292.81506308492 5292.81506308492 0.633753720472491 2.10611412056639 1.08384946548848
94799.15 5297.72228620644 5297.72228620644 0.633752945986467 2.10611428930064 1.08384946548848
94800.15 5302.62970182753 5302.62970182753 0.633752171500438 2.1061144580348 1.08384946548848
94801.15 5307.53844269239 5307.53844269239 0.633751397014404 2.10611462676886 1.08384946548848
94802.15 5312.44628923797 5312.44628923797 0.633750622528363 2.10611479550282 1.08384946548848
94803.15 5317.35432600955 5317.35432600955 0.633749848042316 2.10611496423669 1.08384946548848
94804.15 5322.34604215853 5322.34604215853 0.633749073556264 2.10611513297046 1.08384946548848
94805.15 5328.05985748122 5328.05985748122 0.633748299070207 2.10611530170414 1.08384946548848
94806.15 5334.56957856159 5334.56957856159 0.633747524584143 2.10611547043773 1.08384946548848
94807.15 5341.89134505121 5341.89134505121 0.633746750098074 2.10611563917121 1.08384946548848
94808.15 5350.09239306239 5350.09239306239 0.633745975611998 2.1061158079046 1.08384946548848
94809.15 5358.98427158737 5358.98427158737 0.633745201125917 2.1061159766379 1.08384946548848
94810.15 5368.45606253886 5368.45606253886 0.633744426639831 2.1061161453711 1.08384946548848
94811.15 5378.3783262285 5378.3783262285 0.633743652153738 2.1061163141042 1.08384946548848
94812.15 5388.68590260974 5388.68590260974 0.63374287766764 2.10611648283721 1.08384946548848
94813.15 5399.24265594872 5399.24265594872 0.633742103181536 2.10611665157013 1.08384946548848
94814.15 5410.01157351644 5410.01157351644 0.633741328695426 2.10611682030294 1.08384946548848
94815.15 5421.00711255299 5421.00711255299 0.633740554209311 2.10611698903567 1.08384946548848
94816.15 5431.9995176948 5431.9995176948 0.63373977972319 2.10611715776829 1.08384946548848
94817.15 5442.90171749936 5442.90171749936 0.633739005237063 2.10611732650082 1.08384946548848
94818.15 5453.80081526849 5453.80081526849 0.63373823075093 2.10611749523326 1.08384946548848
94819.15 5464.77774741924 5464.77774741924 0.633737456264791 2.1061176639656 1.08384946548848
94820.15 5475.71217134738 5475.71217134738 0.633736681778647 2.10611783269784 1.08384946548848
94821.15 5486.68103373137 5486.68103373137 0.633735907292497 2.10611800142999 1.08384946548848
94822.15 5497.77195175176 5497.77195175176 0.633735132806341 2.10611817016204 1.08384946548848
94823.15 5508.92723925485 5508.92723925485 0.633734358320179 2.106118338894 1.08384946548848
94824.15 5520.13630678303 5520.13630678303 0.633733583834012 2.10611850762586 1.08384946548848
94825.15 5531.46272714224 5531.46272714224 0.633732809347839 2.10611867635763 1.08384946548848
94826.15 5542.92735668118 5542.92735668118 0.63373203486166 2.1061188450893 1.08384946548848
94827.15 5554.54014135514 5554.54014135514 0.633731260375476 2.10611901382087 1.08384946548848
94828.15 5566.28942525056 5566.28942525056 0.633730485889285 2.10611918255235 1.08384946548848
94829.15 5578.14854086782 5578.14854086782 0.633729711403089 2.10611935128373 1.08384946548848
94830.15 5589.90052018655 5589.90052018655 0.633728936916887 2.10611952001502 1.08384946548848
94831.15 5601.63126367429 5601.63126367429 0.633728162430679 2.10611968874621 1.08384946548848
94832.15 5613.58624449465 5613.58624449465 0.633727387944466 2.10611985747731 1.08384946548848
94833.15 5625.76479648769 5625.76479648769 0.633726613458247 2.10612002620831 1.08384946548848
94834.15 5638.04040740606 5638.04040740606 0.633725838972022 2.10612019493922 1.08384946548848
94835.15 5650.4023819535 5650.4023819535 0.633725064485791 2.10612036367003 1.08384946548848
94836.15 5662.8276390122 5662.8276390122 0.633724289999555 2.10612053240074 1.08384946548848
94837.15 5675.37813573649 5675.37813573649 0.633723515513312 2.10612070113136 1.08384946548848
94838.15 5688.09156012216 5688.09156012216 0.633722741027064 2.10612086986188 1.08384946548848
94839.15 5700.94504167428 5700.94504167428 0.63372196654081 2.10612103859231 1.08384946548848
94840.15 5713.82849388279 5713.82849388279 0.633721192054551 2.10612120732264 1.08384946548848
94841.15 5726.77913329642 5726.77913329642 0.633720417568286 2.10612137605288 1.08384946548848
94842.15 5739.75489159718 5739.75489159718 0.633719643082014 2.10612154478302 1.08384946548848
94843.15 5752.746469012 5752.746469012 0.633718868595738 2.10612171351306 1.08384946548848
94844.15 5765.72750999283 5765.72750999283 0.633718094109455 2.10612188224301 1.08384946548848
94845.15 5778.70074612708 5778.70074612708 0.633717319623167 2.10612205097286 1.08384946548848
94846.15 5791.65756205349 5791.65756205349 0.633716545136873 2.10612221970262 1.08384946548848
94847.15 5804.61926388754 5804.61926388754 0.633715770650573 2.10612238843228 1.08384946548848
94848.15 5817.62447941441 5817.62447941441 0.633714996164267 2.10612255716185 1.08384946548848
94849.15 5830.68085560657 5830.68085560657 0.633714221677956 2.10612272589132 1.08384946548848
94850.15 5843.79697812962 5843.79697812962 0.633713447191639 2.1061228946207 1.08384946548848
94851.15 5856.94869079317 5856.94869079317 0.633712672705316 2.10612306334998 1.08384946548848
94852.15 5870.16371580553 5870.16371580553 0.633711898218987 2.10612323207916 1.08384946548848
94853.15 5883.58828038355 5883.58828038355 0.633711123732652 2.10612340080825 1.08384946548848
94854.15 5897.18611734529 5897.18611734529 0.633710349246312 2.10612356953724 1.08384946548848
94855.15 5910.89539411432 5910.89539411432 0.633709574759966 2.10612373826614 1.08384946548848
94856.15 5924.75515648432 5924.75515648432 0.633708800273615 2.10612390699494 1.08384946548848
94857.15 5938.73931074371 5938.73931074371 0.633708025787257 2.10612407572365 1.08384946548848
94858.15 5952.87176058649 5952.87176058649 0.633707251300894 2.10612424445226 1.08384946548848
94859.15 5967.15958710444 5967.15958710444 0.633706476814525 2.10612441318078 1.08384946548848
94860.15 5981.54667398879 5981.54667398879 0.63370570232815 2.1061245819092 1.08384946548848
94861.15 5996.00616378852 5996.00616378852 0.633704927841769 2.10612475063752 1.08384946548848
94862.15 6010.45354687463 6010.45354687463 0.633704153355383 2.10612491936575 1.08384946548848
94863.15 6024.81871117495 6024.81871117495 0.633703378868991 2.10612508809388 1.08384946548848
94864.15 6039.1409497153 6039.1409497153 0.633702604382593 2.10612525682192 1.08384946548848
94865.15 6053.46356336681 6053.46356336681 0.63370182989619 2.10612542554986 1.08384946548848
94866.15 6067.87784576306 6067.87784576306 0.633701055409781 2.10612559427771 1.08384946548848
94867.15 6082.40117693205 6082.40117693205 0.633700280923365 2.10612576300546 1.08384946548848
94868.15 6096.96860325873 6096.96860325873 0.633699506436945 2.10612593173311 1.08384946548848
94869.15 6111.56736644441 6111.56736644441 0.633698731950518 2.10612610046067 1.08384946548848
94870.15 6126.30604581938 6126.30604581938 0.633697957464085 2.10612626918813 1.08384946548848
94871.15 6141.21052676643 6141.21052676643 0.633697182977647 2.1061264379155 1.08384946548848
94872.15 6156.23667966875 6156.23667966875 0.633696408491203 2.10612660664277 1.08384946548848
94873.15 6171.3656274434 6171.3656274434 0.633695634004754 2.10612677536995 1.08384946548848
94874.15 6186.59480764834 6186.59480764834 0.633694859518298 2.10612694409703 1.08384946548848
94875.15 6201.93022424207 6201.93022424207 0.633694085031837 2.10612711282402 1.08384946548848
94876.15 6217.37518165479 6217.37518165479 0.63369331054537 2.10612728155091 1.08384946548848
94877.15 6232.94172748059 6232.94172748059 0.633692536058897 2.1061274502777 1.08384946548848
94878.15 6248.57145514781 6248.57145514781 0.633691761572419 2.1061276190044 1.08384946548848
94879.15 6264.15273136793 6264.15273136793 0.633690987085935 2.106127787731 1.08384946548848
94880.15 6279.61351584845 6279.61351584845 0.633690212599445 2.10612795645751 1.08384946548848
94881.15 6295.02878299756 6295.02878299756 0.633689438112949 2.10612812518392 1.08384946548848
94882.15 6310.43674613615 6310.43674613615 0.633688663626447 2.10612829391024 1.08384946548848
94883.15 6325.87067429069 6325.87067429069 0.63368788913994 2.10612846263646 1.08384946548848
94884.15 6341.31229199928 6341.31229199928 0.633687114653427 2.10612863136258 1.08384946548848
94885.15 6356.5437687684 6356.5437687684 0.633686340166908 2.10612880008861 1.08384946548848
94886.15 6371.32775738562 6371.32775738562 0.633685565680384 2.10612896881455 1.08384946548848
94887.15 6385.71610955153 6385.71610955153 0.633684791193853 2.10612913754039 1.08384946548848
94888.15 6399.77442864918 6399.77442864918 0.633684016707317 2.10612930626613 1.08384946548848
94889.15 6413.48878321237 6413.48878321237 0.633683242220775 2.10612947499178 1.08384946548848
94890.15 6427.10047206939 6427.10047206939 0.633682467734228 2.10612964371733 1.08384946548848
94891.15 6440.86160699266 6440.86160699266 0.633681693247674 2.10612981244278 1.08384946548848
94892.15 6454.96731127187 6454.96731127187 0.633680918761115 2.10612998116814 1.08384946548848
94893.15 6469.30157333523 6469.30157333523 0.63368014427455 2.10613014989341 1.08384946548848
94894.15 6483.83311912348 6483.83311912348 0.63367936978798 2.10613031861858 1.08384946548848
94895.15 6498.5760248534 6498.5760248534 0.633678595301403 2.10613048734365 1.08384946548848
94896.15 6513.49894719805 6513.49894719805 0.633677820814821 2.10613065606863 1.08384946548848
94897.15 6528.59340348264 6528.59340348264 0.633677046328233 2.10613082479351 1.08384946548848
94898.15 6543.82937188017 6543.82937188017 0.633676271841639 2.1061309935183 1.08384946548848
94899.15 6559.14408147878 6559.14408147878 0.63367549735504 2.10613116224299 1.08384946548848
94900.15 6574.42342261885 6574.42342261885 0.633674722868434 2.10613133096758 1.08384946548848
94901.15 6589.68050812194 6589.68050812194 0.633673948381823 2.10613149969208 1.08384946548848
94902.15 6604.9913193124 6604.9913193124 0.633673173895207 2.10613166841649 1.08384946548848
94903.15 6620.36885825344 6620.36885825344 0.633672399408584 2.1061318371408 1.08384946548848
94904.15 6635.71062874549 6635.71062874549 0.633671624921956 2.10613200586501 1.08384946548848
94905.15 6650.97801176663 6650.97801176663 0.633670850435322 2.10613217458913 1.08384946548848
94906.15 6666.24729141065 6666.24729141065 0.633670075948682 2.10613234331315 1.08384946548848
94907.15 6681.54968079959 6681.54968079959 0.633669301462036 2.10613251203708 1.08384946548848
94908.15 6696.91515589819 6696.91515589819 0.633668526975385 2.10613268076091 1.08384946548848
94909.15 6712.34190816855 6712.34190816855 0.633667752488728 2.10613284948464 1.08384946548848
94910.15 6727.70960709624 6727.70960709624 0.633666978002065 2.10613301820828 1.08384946548848
94911.15 6742.91213528895 6742.91213528895 0.633666203515397 2.10613318693182 1.08384946548848
94912.15 6758.04500059129 6758.04500059129 0.633665429028722 2.10613335565527 1.08384946548848
94913.15 6773.14511262034 6773.14511262034 0.633664654542042 2.10613352437863 1.08384946548848
94914.15 6788.21695531007 6788.21695531007 0.633663880055356 2.10613369310188 1.08384946548848
94915.15 6803.25081154668 6803.25081154668 0.633663105568665 2.10613386182504 1.08384946548848
94916.15 6818.18134828078 6818.18134828078 0.633662331081967 2.10613403054811 1.08384946548848
94917.15 6832.99504888816 6832.99504888816 0.633661556595264 2.10613419927108 1.08384946548848
94918.15 6847.7248419468 6847.7248419468 0.633660782108555 2.10613436799396 1.08384946548848
94919.15 6862.43823252717 6862.43823252717 0.63366000762184 2.10613453671674 1.08384946548848
94920.15 6877.20902482089 6877.20902482089 0.63365923313512 2.10613470543942 1.08384946548848
94921.15 6891.98806437276 6891.98806437276 0.633658458648394 2.10613487416201 1.08384946548848
94922.15 6906.76050083387 6906.76050083387 0.633657684161662 2.1061350428845 1.08384946548848
94923.15 6921.55132828469 6921.55132828469 0.633656909674924 2.1061352116069 1.08384946548848
94924.15 6936.35547944501 6936.35547944501 0.63365613518818 2.1061353803292 1.08384946548848
94925.15 6951.15735620751 6951.15735620751 0.633655360701431 2.1061355490514 1.08384946548848
94926.15 6965.96101388903 6965.96101388903 0.633654586214676 2.10613571777351 1.08384946548848
94927.15 6980.76180227921 6980.76180227921 0.633653811727915 2.10613588649553 1.08384946548848
94928.15 6995.47257216833 6995.47257216833 0.633653037241149 2.10613605521745 1.08384946548848
94929.15 7009.98691667076 7009.98691667076 0.633652262754376 2.10613622393927 1.08384946548848
94930.15 7024.35431296365 7024.35431296365 0.633651488267598 2.106136392661 1.08384946548848
94931.15 7038.67925390791 7038.67925390791 0.633650713780814 2.10613656138263 1.08384946548848
94932.15 7053.05666173995 7053.05666173995 0.633649939294025 2.10613673010417 1.08384946548848
94933.15 7067.49502488364 7067.49502488364 0.633649164807229 2.10613689882561 1.08384946548848
94934.15 7081.9667196617 7081.9667196617 0.633648390320428 2.10613706754695 1.08384946548848
94935.15 7096.38785680061 7096.38785680061 0.633647615833621 2.1061372362682 1.08384946548848
94936.15 7110.87319735042 7110.87319735042 0.633646841346809 2.10613740498936 1.08384946548848
94937.15 7125.46361106196 7125.46361106196 0.63364606685999 2.10613757371042 1.08384946548848
94938.15 7140.13312434413 7140.13312434413 0.633645292373166 2.10613774243138 1.08384946548848
94939.15 7154.8518824994 7154.8518824994 0.633644517886336 2.10613791115225 1.08384946548848
94940.15 7169.61189417905 7169.61189417905 0.6336437433995 2.10613807987302 1.08384946548848
94941.15 7184.39800770436 7184.39800770436 0.633642968912659 2.10613824859369 1.08384946548848
94942.15 7199.18518950748 7199.18518950748 0.633642194425812 2.10613841731428 1.08384946548848
94943.15 7214.03035402044 7214.03035402044 0.633641419938959 2.10613858603476 1.08384946548848
94944.15 7228.89681125923 7228.89681125923 0.6336406454521 2.10613875475515 1.08384946548848
94945.15 7243.80563719365 7243.80563719365 0.633639870965236 2.10613892347544 1.08384946548848
94946.15 7258.80380140831 7258.80380140831 0.633639096478365 2.10613909219564 1.08384946548848
94947.15 7273.88413321499 7273.88413321499 0.633638321991489 2.10613926091574 1.08384946548848
94948.15 7288.99074563257 7288.99074563257 0.633637547504607 2.10613942963575 1.08384946548848
94949.15 7304.13443297491 7304.13443297491 0.63363677301772 2.10613959835566 1.08384946548848
94950.15 7319.29172031502 7319.29172031502 0.633635998530827 2.10613976707548 1.08384946548848
94951.15 7334.41480579708 7334.41480579708 0.633635224043928 2.1061399357952 1.08384946548848
94952.15 7349.47061947189 7349.47061947189 0.633634449557023 2.10614010451482 1.08384946548848
94953.15 7364.46712926637 7364.46712926637 0.633633675070112 2.10614027323435 1.08384946548848
94954.15 7379.40533959318 7379.40533959318 0.633632900583196 2.10614044195379 1.08384946548848
94955.15 7394.24212349974 7394.24212349974 0.633632126096274 2.10614061067313 1.08384946548848
94956.15 7409.00706159777 7409.00706159777 0.633631351609346 2.10614077939237 1.08384946548848
94957.15 7423.72633579864 7423.72633579864 0.633630577122412 2.10614094811151 1.08384946548848
94958.15 7438.48385255104 7438.48385255104 0.633629802635473 2.10614111683057 1.08384946548848
94959.15 7453.32591615836 7453.32591615836 0.633629028148528 2.10614128554952 1.08384946548848
94960.15 7468.17103045535 7468.17103045535 0.633628253661577 2.10614145426838 1.08384946548848
94961.15 7482.93972195083 7482.93972195083 0.63362747917462 2.10614162298715 1.08384946548848
94962.15 7497.65182979469 7497.65182979469 0.633626704687657 2.10614179170582 1.08384946548848
94963.15 7512.30442124579 7512.30442124579 0.633625930200689 2.10614196042439 1.08384946548848
94964.15 7526.90538408332 7526.90538408332 0.633625155713715 2.10614212914287 1.08384946548848
94965.15 7541.43957493725 7541.43957493725 0.633624381226735 2.10614229786125 1.08384946548848
94966.15 7556.01300523568 7556.01300523568 0.63362360673975 2.10614246657954 1.08384946548848
94967.15 7570.66402702277 7570.66402702277 0.633622832252759 2.10614263529773 1.08384946548848
94968.15 7585.41642240116 7585.41642240116 0.633622057765762 2.10614280401582 1.08384946548848
94969.15 7600.26301858809 7600.26301858809 0.633621283278759 2.10614297273382 1.08384946548848
94970.15 7615.10691687366 7615.10691687366 0.63362050879175 2.10614314145173 1.08384946548848
94971.15 7629.96166205627 7629.96166205627 0.633619734304736 2.10614331016953 1.08384946548848
94972.15 7644.86595334738 7644.86595334738 0.633618959817716 2.10614347888725 1.08384946548848
94973.15 7659.84110338114 7659.84110338114 0.63361818533069 2.10614364760487 1.08384946548848
94974.15 7674.87224086497 7674.87224086497 0.633617410843659 2.10614381632239 1.08384946548848
94975.15 7689.94228737735 7689.94228737735 0.633616636356621 2.10614398503981 1.08384946548848
94976.15 7705.07505444161 7705.07505444161 0.633615861869578 2.10614415375714 1.08384946548848
94977.15 7720.26560332473 7720.26560332473 0.633615087382529 2.10614432247438 1.08384946548848
94978.15 7735.47544481251 7735.47544481251 0.633614312895475 2.10614449119152 1.08384946548848
94979.15 7750.68420385139 7750.68420385139 0.633613538408414 2.10614465990856 1.08384946548848
94980.15 7765.90909212643 7765.90909212643 0.633612763921348 2.10614482862551 1.08384946548848
94981.15 7781.15962310716 7781.15962310716 0.633611989434276 2.10614499734236 1.08384946548848
94982.15 7796.42887930385 7796.42887930385 0.633611214947199 2.10614516605912 1.08384946548848
94983.15 7811.71602433153 7811.71602433153 0.633610440460115 2.10614533477578 1.08384946548848
94984.15 7827.02292991497 7827.02292991497 0.633609665973026 2.10614550349235 1.08384946548848
94985.15 7842.36157038654 7842.36157038654 0.633608891485931 2.10614567220882 1.08384946548848
94986.15 7857.73005011048 7857.73005011048 0.63360811699883 2.1061458409252 1.08384946548848
94987.15 7873.12609473708 7873.12609473708 0.633607342511724 2.10614600964148 1.08384946548848
94988.15 7888.5541824782 7888.5541824782 0.633606568024611 2.10614617835766 1.08384946548848
94989.15 7904.00677464097 7904.00677464097 0.633605793537493 2.10614634707375 1.08384946548848
94990.15 7919.49210087082 7919.49210087082 0.63360501905037 2.10614651578974 1.08384946548848
94991.15 7935.01239343343 7935.01239343343 0.63360424456324 2.10614668450564 1.08384946548848
94992.15 7950.57152681822 7950.57152681822 0.633603470076105 2.10614685322144 1.08384946548848
94993.15 7966.17475969414 7966.17475969414 0.633602695588964 2.10614702193714 1.08384946548848
94994.15 7981.86490066373 7981.86490066373 0.633601921101817 2.10614719065275 1.08384946548848
94995.15 7997.66768257973 7997.66768257973 0.633601146614664 2.10614735936827 1.08384946548848
94996.15 8013.58432661191 8013.58432661191 0.633600372127506 2.10614752808369 1.08384946548848
94997.15 8029.60639438814 8029.60639438814 0.633599597640342 2.10614769679901 1.08384946548848
94998.15 8045.72941484539 8045.72941484539 0.633598823153172 2.10614786551424 1.08384946548848
94999.15 8061.95236551818 8061.95236551818 0.633598048665996 2.10614803422937 1.08384946548848
95000.15 8078.26184681141 8078.26184681141 0.633597274178815 2.10614820294441 1.08384946548848
95001.15 8094.65228650617 8094.65228650617 0.633596499691628 2.10614837165935 1.08384946548848
95002.15 8111.08972768971 8111.08972768971 0.633595725204435 2.1061485403742 1.08384946548848
95003.15 8127.49299479897 8127.49299479897 0.633594950717236 2.10614870908895 1.08384946548848
95004.15 8143.81807906169 8143.81807906169 0.633594176230032 2.1061488778036 1.08384946548848
95005.15 8159.97321857084 8159.97321857084 0.633593401742822 2.10614904651816 1.08384946548848
95006.15 8175.99445985688 8175.99445985688 0.633592627255606 2.10614921523262 1.08384946548848
95007.15 8191.95919768493 8191.95919768493 0.633591852768384 2.10614938394699 1.08384946548848
95008.15 8207.98544440665 8207.98544440665 0.633591078281157 2.10614955266126 1.08384946548848
95009.15 8224.09584573252 8224.09584573252 0.633590303793923 2.10614972137544 1.08384946548848
95010.15 8240.25801643139 8240.25801643139 0.633589529306684 2.10614989008952 1.08384946548848
95011.15 8256.44435200322 8256.44435200322 0.63358875481944 2.10615005880351 1.08384946548848
95012.15 8272.60939515551 8272.60939515551 0.633587980332189 2.1061502275174 1.08384946548848
95013.15 8288.72618870127 8288.72618870127 0.633587205844933 2.10615039623119 1.08384946548848
95014.15 8304.77895582148 8304.77895582148 0.633586431357671 2.10615056494489 1.08384946548848
95015.15 8320.59271544706 8320.59271544706 0.633585656870403 2.1061507336585 1.08384946548848
95016.15 8336.0568668239 8336.0568668239 0.633584882383129 2.106150902372 1.08384946548848
95017.15 8351.36003509332 8351.36003509332 0.63358410789585 2.10615107108541 1.08384946548848
95018.15 8366.72622373186 8366.72622373186 0.633583333408565 2.10615123979873 1.08384946548848
95019.15 8382.29310931298 8382.29310931298 0.633582558921274 2.10615140851195 1.08384946548848
95020.15 8398.09337433883 8398.09337433883 0.63358178324224 2.10615156887525 1.08384946548848
95021.15 8414.07987046766 8414.07987046766 0.633581005297864 2.10615171251439 1.08384946548848
95022.15 8430.13203687407 8430.13203687407 0.633580225324744 2.1061518393831 1.08384946548848
95023.15 8446.08839458081 8446.08839458081 0.6335794435601 2.10615194944019 1.08384946548848
95024.15 8461.87778403355 8461.87778403355 0.633578660241695 2.10615204264964 1.08384946548848
95025.15 8477.57629728616 8477.57629728616 0.633577875607767 2.10615211898052 1.08384946548848
95026.15 8493.23556967939 8493.23556967939 0.633577089896954 2.10615217840706 1.08384946548848
95027.15 8508.79013972818 8508.79013972818 0.633576303348222 2.10615222090863 1.08384946548848
95028.15 8524.24658765053 8524.24658765053 0.633575516200792 2.10615224646977 1.08384946548848
95029.15 8539.69219527711 8539.69219527711 0.633574728694068 2.10615225508016 1.08384946548848
95030.15 8555.1292879108 8555.1292879108 0.633573941067564 2.10615224673467 1.08384946548848
95031.15 8570.54571455471 8570.54571455471 0.633573153560828 2.1061522214333 1.08384946548848
95032.15 8585.95811676295 8585.95811676295 0.633572366413375 2.10615217918125 1.08384946548848
95033.15 8601.40906822168 8601.40906822168 0.633571579864607 2.10615211998886 1.08384946548848
95034.15 8616.86513004457 8616.86513004457 0.633570794153746 2.10615204387164 1.08384946548848
95035.15 8632.24488620161 8632.24488620161 0.633570009519759 2.10615195085025 1.08384946548848
95036.15 8647.58969990949 8647.58969990949 0.633569226201283 2.10615184095052 1.08384946548848
95037.15 8662.96175824263 8662.96175824263 0.633568444436556 2.10615171420338 1.08384946548848
95038.15 8678.34825850603 8678.34825850603 0.633567664463343 2.10615157064492 1.08384946548848
95039.15 8693.73114751751 8693.73114751751 0.63356688651886 2.10615141031636 1.08384946548848
95040.15 8709.10699343553 8709.10699343553 0.63356611083971 2.106151233264 1.08384946548848
95041.15 8724.48161819334 8724.48161819334 0.633565337661802 2.10615103953926 1.08384946548848
95042.15 8739.84998620027 8739.84998620027 0.633564567220285 2.10615082919861 1.08384946548848
95043.15 8755.19835019592 8755.19835019592 0.633563799749473 2.10615060230362 1.08384946548848
95044.15 8770.5590582967 8770.5590582967 0.633563035482778 2.10615035892087 1.08384946548848
95045.15 8785.98158813439 8785.98158813439 0.633562274652633 2.10615009912197 1.08384946548848
95046.15 8801.47614060612 8801.47614060612 0.633561517490426 2.10614982298353 1.08384946548848
95047.15 8816.97961358421 8816.97961358421 0.633560764226425 2.10614953058715 1.08384946548848
95048.15 8832.46344121394 8832.46344121394 0.633560015089715 2.10614922201936 1.08384946548848
95049.15 8847.94277181423 8847.94277181423 0.633559270308121 2.10614889737164 1.08384946548848
95050.15 8863.32039496357 8863.32039496357 0.63355853010814 2.10614855674035 1.08384946548848
95051.15 8878.56021941032 8878.56021941032 0.633557794714877 2.10614820022673 1.08384946548848
95052.15 8893.67225371692 8893.67225371692 0.63355706435197 2.10614782793683 1.08384946548848
95053.15 8908.62926887887 8908.62926887887 0.633556339241527 2.10614743998155 1.08384946548848
95054.15 8923.43915591675 8923.43915591675 0.633555619604053 2.10614703647653 1.08384946548848
95055.15 8938.0993871914 8938.0993871914 0.633554905658389 2.10614661754215 1.08384946548848
95056.15 8952.76579376274 8952.76579376274 0.63355419762164 2.1061461833035 1.08384946548848
95057.15 8967.55195979971 8967.55195979971 0.633553495709113 2.10614573389032 1.08384946548848
95058.15 8982.43702795273 8982.43702795273 0.633552800134248 2.10614526943698 1.08384946548848
95059.15 8997.30490069598 8997.30490069598 0.633552111108554 2.10614479008243 1.08384946548848
95060.15 9012.05416357498 9012.05416357498 0.633551428841548 2.10614429597015 1.08384946548848
95061.15 9026.65635106706 9026.65635106706 0.633550753540684 2.10614378724813 1.08384946548848
95062.15 9041.13681302362 9041.13681302362 0.633550085411298 2.1061432640688 1.08384946548848
95063.15 9055.51569191072 9055.51569191072 0.63354942465654 2.10614272658899 1.08384946548848
95064.15 9069.79884553711 9069.79884553711 0.633548771477312 2.10614217496989 1.08384946548848
95065.15 9083.97915814397 9083.97915814397 0.63354812607221 2.10614160937701 1.08384946548848
95066.15 9098.07453566634 9098.07453566634 0.633547488637463 2.10614102998008 1.08384946548848
95067.15 9112.08114412229 9112.08114412229 0.633546859366871 2.10614043695308 1.08384946548848
95068.15 9125.99043441736 9125.99043441736 0.633546238451746 2.10613983047411 1.08384946548848
95069.15 9139.81833792755 9139.81833792755 0.633545626080856 2.10613921072538 1.08384946548848
95070.15 9153.57084376797 9153.57084376797 0.633545022440366 2.10613857789312 1.08384946548848
95071.15 9167.22497833589 9167.22497833589 0.633544427713783 2.10613793216759 1.08384946548848
95072.15 9180.80301854795 9180.80301854795 0.633543842081897 2.10613727374293 1.08384946548848
95073.15 9194.31083362239 9194.31083362239 0.633543265722729 2.10613660281717 1.08384946548848
95074.15 9207.7323850114 9207.7323850114 0.633542698811473 2.10613591959215 1.08384946548848
95075.15 9221.09748523649 9221.09748523649 0.633542141520449 2.10613522427344 1.08384946548848
95076.15 9234.41080506518 9234.41080506518 0.633541594019043 2.10613451707032 1.08384946548848
95077.15 9247.6817228463 9247.6817228463 0.63354105647366 2.10613379819566 1.08384946548848
95078.15 9260.94105849846 9260.94105849846 0.633540529047674 2.1061330678659 1.08384946548848
95079.15 9274.18989744658 9274.18989744658 0.633540011901375 2.10613232630097 1.08384946548848
95080.15 9287.43693111918 9287.43693111918 0.633539505191921 2.10613157372422 1.08384946548848
95081.15 9300.70811901665 9300.70811901665 0.633539009073292 2.10613081036236 1.08384946548848
95082.15 9313.97156958404 9313.97156958404 0.633538523696243 2.10613003644536 1.08384946548848
95083.15 9327.24791469553 9327.24791469553 0.633538049208254 2.10612925220643 1.08384946548848
95084.15 9340.57961249487 9340.57961249487 0.63353758575349 2.10612845788192 1.08384946548848
95085.15 9354.12276586532 9354.12276586532 0.633537133472756 2.10612765371124 1.08384946548848
95086.15 9367.80511186253 9367.80511186253 0.633536692503452 2.10612683993681 1.08384946548848
95087.15 9381.49845775147 9381.49845775147 0.633536262979531 2.10612601680397 1.08384946548848
95088.15 9395.07802444831 9395.07802444831 0.633535845031464 2.10612518456092 1.08384946548848
95089.15 9408.56101885235 9408.56101885235 0.633535438786191 2.10612434345861 1.08384946548848
95090.15 9421.95310519968 9421.95310519968 0.633535044367091 2.10612349375072 1.08384946548848
95091.15 9435.24305746129 9435.24305746129 0.633534661893937 2.10612263569352 1.08384946548848
95092.15 9448.47065663735 9448.47065663735 0.633534291482867 2.10612176954585 1.08384946548848
95093.15 9461.73016790119 9461.73016790119 0.633533933246343 2.106120895569 1.08384946548848
95094.15 9475.0769945395 9475.0769945395 0.633533587293117 2.10612001402664 1.08384946548848
95095.15 9488.55039538957 9488.55039538957 0.633533253728201 2.10611912518475 1.08384946548848
95096.15 9502.12783335477 9502.12783335477 0.633532932652834 2.10611822931154 1.08384946548848
95097.15 9515.61913598422 9515.61913598422 0.63353262416445 2.10611732667735 1.08384946548848
95098.15 9528.93641312093 9528.93641312093 0.633532328356648 2.10611641755459 1.08384946548848
95099.15 9542.05099643156 9542.05099643156 0.633532045319165 2.10611550221763 1.08384946548848
95100.15 9554.99245191556 9554.99245191556 0.633531775137849 2.10611458094275 1.08384946548848
95101.15 9567.81466495859 9567.81466495859 0.63353151789463 2.10611365400803 1.08384946548848
95102.15 9580.52947629986 9580.52947629986 0.633531273667498 2.10611272169328 1.08384946548848
95103.15 9593.14464916735 9593.14464916735 0.633531042530478 2.10611178427993 1.08384946548848
95104.15 9605.64949333077 9605.64949333077 0.633530824553607 2.10611084205098 1.08384946548848
95105.15 9618.0745482924 9618.0745482924 0.633530619802916 2.1061098952909 1.08384946548848
95106.15 9630.43904988306 9630.43904988306 0.633530428340404 2.10610894428553 1.08384946548848
95107.15 9642.73093693578 9642.73093693578 0.633530250224022 2.106107989322 1.08384946548848
95108.15 9654.90703926838 9654.90703926838 0.633530085507659 2.10610703068866 1.08384946548848
95109.15 9666.89366715054 9666.89366715054 0.63352993424112 2.10610606867495 1.08384946548848
95110.15 9678.70175733432 9678.70175733432 0.633529796931941 2.10610511125091 1.08384946548848
95111.15 9690.4285480607 9690.4285480607 0.633529660975217 2.10610415498964 1.08384946548848
95112.15 9702.1966694749 9702.1966694749 0.633529523919363 2.10610319778357 1.08384946548848
95113.15 9714.01054026745 9714.01054026745 0.633529387756763 2.1061022413455 1.08384946548848
95114.15 9725.90220852056 9725.90220852056 0.633529250868222 2.10610128428346 1.08384946548848
95115.15 9737.84992897531 9737.84992897531 0.633529114569647 2.10610032772869 1.08384946548848
95116.15 9749.6766184158 9749.6766184158 0.633528977791611 2.10609937076184 1.08384946548848
95117.15 9761.44412041352 9761.44412041352 0.63352884140323 2.10609841413006 1.08384946548848
95118.15 9773.26557884672 9773.26557884672 0.633528704698178 2.10609745722614 1.08384946548848
95119.15 9785.09693837917 9785.09693837917 0.633528568250482 2.10609650054356 1.08384946548848
95120.15 9796.8676317741 9796.8676317741 0.633528431593634 2.10609554368127 1.08384946548848
95121.15 9808.5803057522 9808.5803057522 0.633528295106762 2.1060945869652 1.08384946548848
95122.15 9820.24474300824 9820.24474300824 0.633528158481752 2.10609363013047 1.08384946548848
95123.15 9831.88958115765 9831.88958115765 0.633528021969005 2.10609267339235 1.08384946548848
95124.15 9843.5753532493 9843.5753532493 0.633527885365022 2.10609171657589 1.08384946548848
95125.15 9855.31854255682 9855.31854255682 0.633527748835186 2.10609075982327 1.08384946548848
95126.15 9867.10646964056 9867.10646964056 0.633527612245091 2.10608980301894 1.08384946548848
95127.15 9878.92707961408 9878.92707961408 0.633527475703968 2.10608884625681 1.08384946548848
95128.15 9890.66562156479 9890.66562156479 0.633527339123045 2.10608788946056 1.08384946548848
95129.15 9902.32054224652 9902.32054224652 0.633527202574467 2.10608693269221 1.08384946548848
95130.15 9913.95954410264 9913.95954410264 0.633527065999603 2.10608597590136 1.08384946548848
95131.15 9925.59440639897 9925.59440639897 0.6335269294461 2.10608501912897 1.08384946548848
95132.15 9937.21988367084 9937.21988367084 0.633526792875237 2.10608406234175 1.08384946548848
95133.15 9948.84128643054 9948.84128643054 0.633526656318482 2.10608310556675 1.08384946548848
95134.15 9960.45304361065 9960.45304361065 0.633526519750261 2.10608214878199 1.08384946548848
95135.15 9972.05440507418 9972.05440507418 0.633526383191358 2.10608119200534 1.08384946548848
95136.15 9983.64073534272 9983.64073534272 0.633526246624882 2.10608023522227 1.08384946548848
95137.15 9995.2303389671 9995.2303389671 0.633526110064561 2.10607927844459 1.08384946548848
95138.15 10006.8373949741 10006.8373949741 0.633525973499237 2.10607832166271 1.08384946548848
95139.15 10018.5007226098 10018.5007226098 0.633525836937978 2.10607736488441 1.08384946548848
95140.15 10030.2867872457 10030.2867872457 0.633525700373416 2.10607640810338 1.08384946548848
95141.15 10042.2292528778 10042.2292528778 0.633525563811538 2.10607545132474 1.08384946548848
95142.15 10054.2343372909 10054.2343372909 0.633525427247478 2.10607449454433 1.08384946548848
95143.15 10066.2769423425 10066.2769423425 0.633525290685191 2.10607353776553 1.08384946548848
95144.15 10078.3717821408 10078.3717821408 0.633525154121463 2.10607258098559 1.08384946548848
95145.15 10090.5167527494 10090.5167527494 0.633525017558905 2.10607162420676 1.08384946548848
95146.15 10102.6295338972 10102.6295338972 0.633524880995396 2.1060706674272 1.08384946548848
95147.15 10114.6367437579 10114.6367437579 0.63352474443266 2.1060697106484 1.08384946548848
95148.15 10126.54331499 10126.54331499 0.633524607869296 2.10606875386916 1.08384946548848
95149.15 10138.3347864143 10138.3347864143 0.633524471306442 2.10606779709045 1.08384946548848
95150.15 10150.0063897098 10150.0063897098 0.633524334743172 2.10606684031148 1.08384946548848
95151.15 10161.579717721 10161.579717721 0.63352419818024 2.10606588353289 1.08384946548848
95152.15 10173.1236737362 10173.1236737362 0.633524061617034 2.10606492675417 1.08384946548848
95153.15 10184.7044693046 10184.7044693046 0.63352392505405 2.10606396997573 1.08384946548848
95154.15 10196.3148315977 10196.3148315977 0.633523788490885 2.10606301319723 1.08384946548848
95155.15 10207.9924988149 10207.9924988149 0.633523651927867 2.10606205641896 1.08384946548848
95156.15 10219.7416193965 10219.7416193965 0.633523515364729 2.10606109964068 1.08384946548848
95157.15 10231.4795440631 10231.4795440631 0.633523378801688 2.10606014286257 1.08384946548848
95158.15 10243.0651249047 10243.0651249047 0.633523242238568 2.1060591860845 1.08384946548848
95159.15 10254.5415267698 10254.5415267698 0.633523105675512 2.10605822930657 1.08384946548848
95160.15 10265.9396578588 10265.9396578588 0.633522969112403 2.1060572725287 1.08384946548848
95161.15 10277.2536673379 10277.2536673379 0.633522832549337 2.10605631575096 1.08384946548848
95162.15 10288.5567209214 10288.5567209214 0.633522695986236 2.10605535897328 1.08384946548848
95163.15 10299.8669680159 10299.8669680159 0.633522559423163 2.10605440219572 1.08384946548848
95164.15 10311.1193618321 10311.1193618321 0.633522422860067 2.10605344541824 1.08384946548848
95165.15 10322.3786553415 10322.3786553415 0.63352228629699 2.10605248864087 1.08384946548848
95166.15 10333.6008445063 10333.6008445063 0.633522149733897 2.10605153186359 1.08384946548848
95167.15 10344.833467582 10344.833467582 0.633522013170816 2.10605057508641 1.08384946548848
95168.15 10356.064121709 10356.064121709 0.633521876607725 2.10604961830931 1.08384946548848
95169.15 10367.2130236293 10367.2130236293 0.633521740044642 2.10604866153232 1.08384946548848
95170.15 10378.2870178965 10378.2870178965 0.633521603481553 2.10604770475542 1.08384946548848
95171.15 10389.3230604582 10389.3230604582 0.633521466918468 2.10604674797862 1.08384946548848
95172.15 10400.3465013903 10400.3465013903 0.633521330355379 2.10604579120191 1.08384946548848
95173.15 10411.2961333101 10411.2961333101 0.633521193792293 2.1060448344253 1.08384946548848
95174.15 10422.0227284065 10422.0227284065 0.633521057229204 2.10604387764878 1.08384946548848
95175.15 10432.5480485963 10432.5480485963 0.633520920666118 2.10604292087236 1.08384946548848
95176.15 10442.893644802 10442.893644802 0.633520784103029 2.10604196409604 1.08384946548848
95177.15 10453.0363714922 10453.0363714922 0.633520647539942 2.10604100731981 1.08384946548848
95178.15 10463.0175977527 10463.0175977527 0.633520510976853 2.10604005054367 1.08384946548848
95179.15 10472.8984954877 10472.8984954877 0.633520374413765 2.10603909376763 1.08384946548848
95180.15 10482.767828924 10482.767828924 0.633520237850676 2.10603813699169 1.08384946548848
95181.15 10492.6726245709 10492.6726245709 0.633520101287587 2.10603718021584 1.08384946548848
95182.15 10502.5834473649 10502.5834473649 0.633519964724498 2.10603622344009 1.08384946548848
95183.15 10512.4384972434 10512.4384972434 0.633519828161409 2.10603526666443 1.08384946548848
95184.15 10522.21261492 10522.21261492 0.63351969159832 2.10603430988887 1.08384946548848
95185.15 10531.9231377811 10531.9231377811 0.63351955503523 2.10603335311341 1.08384946548848
95186.15 10541.6669081143 10541.6669081143 0.633519418472141 2.10603239633804 1.08384946548848
95187.15 10551.4891426815 10551.4891426815 0.633519281909051 2.10603143956276 1.08384946548848
95188.15 10561.3521936632 10561.3521936632 0.633519145345961 2.10603048278758 1.08384946548848
95189.15 10571.2332651252 10571.2332651252 0.633519008782871 2.1060295260125 1.08384946548848
95190.15 10581.1929787121 10581.1929787121 0.63351887221978 2.10602856923751 1.08384946548848
95191.15 10591.2033210373 10591.2033210373 0.63351873565669 2.10602761246262 1.08384946548848
95192.15 10601.2143192229 10601.2143192229 0.633518599093599 2.10602665568782 1.08384946548848
95193.15 10611.2061498289 10611.2061498289 0.633518462530508 2.10602569891312 1.08384946548848
95194.15 10621.0931507815 10621.0931507815 0.633518325967417 2.10602474213852 1.08384946548848
95195.15 10630.9038761143 10630.9038761143 0.633518189404326 2.10602378536401 1.08384946548848
95196.15 10640.6849019569 10640.6849019569 0.633518052841234 2.10602282858959 1.08384946548848
95197.15 10650.4832873478 10650.4832873478 0.633517916278143 2.10602187181528 1.08384946548848
95198.15 10660.2795592391 10660.2795592391 0.633517779715051 2.10602091504105 1.08384946548848
95199.15 10670.0535583581 10670.0535583581 0.633517643151959 2.10601995826693 1.08384946548848
95200.15 10679.7389825785 10679.7389825785 0.633517506588867 2.10601900149289 1.08384946548848
95201.15 10689.3988921346 10689.3988921346 0.633517370025774 2.10601804471896 1.08384946548848
95202.15 10699.0760719672 10699.0760719672 0.633517233462682 2.10601708794512 1.08384946548848
95203.15 10708.8276123877 10708.8276123877 0.633517096899589 2.10601613117137 1.08384946548848
95204.15 10718.7088774343 10718.7088774343 0.633516960336496 2.10601517439772 1.08384946548848
95205.15 10728.7219360573 10728.7219360573 0.633516823773403 2.10601421762417 1.08384946548848
95206.15 10738.793261354 10738.793261354 0.63351668721031 2.10601326085071 1.08384946548848
95207.15 10748.9313967199 10748.9313967199 0.633516550647216 2.10601230407734 1.08384946548848
95208.15 10759.1138933881 10759.1138933881 0.633516414084123 2.10601134730408 1.08384946548848
95209.15 10769.1686171607 10769.1686171607 0.633516277521029 2.1060103905309 1.08384946548848
95210.15 10779.0873500553 10779.0873500553 0.633516140957935 2.10600943375783 1.08384946548848
95211.15 10788.9181728638 10788.9181728638 0.633516004394841 2.10600847698485 1.08384946548848
95212.15 10798.7431401332 10798.7431401332 0.633515867831747 2.10600752021196 1.08384946548848
95213.15 10808.6574173443 10808.6574173443 0.633515731268652 2.10600656343917 1.08384946548848
95214.15 10818.6165663719 10818.6165663719 0.633515594705557 2.10600560666648 1.08384946548848
95215.15 10828.6329602041 10828.6329602041 0.633515458142462 2.10600464989388 1.08384946548848
95216.15 10838.6680420052 10838.6680420052 0.633515321579367 2.10600369312138 1.08384946548848
95217.15 10848.6285864169 10848.6285864169 0.633515185016272 2.10600273634897 1.08384946548848
95218.15 10858.6348363103 10858.6348363103 0.633515048453177 2.10600177957666 1.08384946548848
95219.15 10868.6797352246 10868.6797352246 0.633514911890081 2.10600082280444 1.08384946548848
95220.15 10878.7364744096 10878.7364744096 0.633514775326986 2.10599986603232 1.08384946548848
95221.15 10888.8187774099 10888.8187774099 0.63351463876389 2.10599890926029 1.08384946548848
95222.15 10898.9570347755 10898.9570347755 0.633514502200793 2.10599795248836 1.08384946548848
95223.15 10909.2063909702 10909.2063909702 0.633514365637697 2.10599699571653 1.08384946548848
95224.15 10919.5117612022 10919.5117612022 0.633514229074601 2.10599603894479 1.08384946548848
95225.15 10929.7728677325 10929.7728677325 0.633514092511504 2.10599508217315 1.08384946548848
95226.15 10939.9412765004 10939.9412765004 0.633513955948407 2.1059941254016 1.08384946548848
95227.15 10949.9779903265 10949.9779903265 0.63351381938531 2.10599316863015 1.08384946548848
95228.15 10959.8621006566 10959.8621006566 0.633513682822213 2.10599221185879 1.08384946548848
95229.15 10969.4778549624 10969.4778549624 0.633513546259116 2.10599125508753 1.08384946548848
95230.15 10978.6351926862 10978.6351926862 0.633513409696018 2.10599029831636 1.08384946548848
95231.15 10986.9628484615 10986.9628484615 0.63351327313292 2.10598934154529 1.08384946548848
95232.15 10994.2670146087 10994.2670146087 0.633513136569822 2.10598838477432 1.08384946548848
95233.15 11000.5368207863 11000.5368207863 0.633513000006724 2.10598742800344 1.08384946548848
95234.15 11005.767245751 11005.767245751 0.633512863443626 2.10598647123266 1.08384946548848
95235.15 11009.9672060013 11009.9672060013 0.633512726880528 2.10598551446197 1.08384946548848
95236.15 11013.2082008569 11013.2082008569 0.633512590317429 2.10598455769138 1.08384946548848
95237.15 11015.6743987426 11015.6743987426 0.63351245375433 2.10598360092088 1.08384946548848
95238.15 11017.722844937 11017.722844937 0.633512317191231 2.10598264415048 1.08384946548848
95239.15 11019.6388411668 11019.6388411668 0.633512180628132 2.10598168738017 1.08384946548848
95240.15 11021.4046803031 11021.4046803031 0.633512044065033 2.10598073060997 1.08384946548848
95241.15 11023.1454373982 11023.1454373982 0.633511907501933 2.10597977383985 1.08384946548848
95242.15 11024.8846344993 11024.8846344993 0.633511770938833 2.10597881706983 1.08384946548848
95243.15 11026.6241346063 11026.6241346063 0.633511634375734 2.10597786029991 1.08384946548848
95244.15 11028.3637776598 11028.3637776598 0.633511497812634 2.10597690353008 1.08384946548848
95245.15 11030.1044932052 11030.1044932052 0.633511361249533 2.10597594676035 1.08384946548848
95246.15 11031.8453544164 11031.8453544164 0.633511224686433 2.10597498999071 1.08384946548848
95247.15 11033.5880525775 11033.5880525775 0.633511088123332 2.10597403322117 1.08384946548848
95248.15 11035.3319883047 11035.3319883047 0.633510951560232 2.10597307645173 1.08384946548848
95249.15 11037.0777592567 11037.0777592567 0.633510814997131 2.10597211968238 1.08384946548848
95250.15 11038.8264540374 11038.8264540374 0.63351067843403 2.10597116291312 1.08384946548848
95251.15 11040.5762204085 11040.5762204085 0.633510541870928 2.10597020614396 1.08384946548848
95252.15 11042.3278172842 11042.3278172842 0.633510405307827 2.1059692493749 1.08384946548848
95253.15 11044.0814089766 11044.0814089766 0.633510268744725 2.10596829260593 1.08384946548848
95254.15 11045.8379180996 11045.8379180996 0.633510132181623 2.10596733583706 1.08384946548848
95255.15 11047.596419215 11047.596419215 0.633509995618521 2.10596637906828 1.08384946548848
95256.15 11049.3567438614 11049.3567438614 0.633509859055419 2.1059654222996 1.08384946548848
95257.15 11051.1201479124 11051.1201479124 0.633509722492317 2.10596446553102 1.08384946548848
95258.15 11052.8862936358 11052.8862936358 0.633509585929214 2.10596350876253 1.08384946548848
95259.15 11054.6555148354 11054.6555148354 0.633509449366111 2.10596255199413 1.08384946548848
95260.15 11056.426551493 11056.426551493 0.633509312803008 2.10596159522583 1.08384946548848
95261.15 11058.200491243 11058.200491243 0.633509176239905 2.10596063845763 1.08384946548848
95262.15 11059.9773317481 11059.9773317481 0.633509039676802 2.10595968168952 1.08384946548848
95263.15 11061.7572407934 11061.7572407934 0.633508903113699 2.10595872492151 1.08384946548848
95264.15 11063.5387867232 11063.5387867232 0.633508766550595 2.10595776815359 1.08384946548848
95265.15 11065.3244867904 11065.3244867904 0.633508629987491 2.10595681138577 1.08384946548848
95266.15 11067.1118184979 11067.1118184979 0.633508493424387 2.10595585461805 1.08384946548848
95267.15 11068.9022110551 11068.9022110551 0.633508356861283 2.10595489785042 1.08384946548848
95268.15 11070.6954912567 11070.6954912567 0.633508220298179 2.10595394108288 1.08384946548848
95269.15 11072.4916567602 11072.4916567602 0.633508083735074 2.10595298431544 1.08384946548848
95270.15 11074.2896163213 11074.2896163213 0.633507947171969 2.1059520275481 1.08384946548848
95271.15 11076.0906297795 11076.0906297795 0.633507810608864 2.10595107078085 1.08384946548848
95272.15 11077.8945224405 11077.8945224405 0.633507674045759 2.1059501140137 1.08384946548848
95273.15 11079.7002033303 11079.7002033303 0.633507537482654 2.10594915724664 1.08384946548848
95274.15 11081.5089331263 11081.5089331263 0.633507400919549 2.10594820047968 1.08384946548848
95275.15 11083.3194475715 11083.3194475715 0.633507264356443 2.10594724371282 1.08384946548848
95276.15 11085.1319195408 11085.1319195408 0.633507127793337 2.10594628694605 1.08384946548848
95277.15 11086.9474363448 11086.9474363448 0.633506991230231 2.10594533017937 1.08384946548848
95278.15 11088.7649085689 11088.7649085689 0.633506854667125 2.10594437341279 1.08384946548848
95279.15 11090.5841592001 11090.5841592001 0.633506718104019 2.10594341664631 1.08384946548848
95280.15 11092.4055390131 11092.4055390131 0.633506581540912 2.10594245987992 1.08384946548848
95281.15 11094.2297824756 11094.2297824756 0.633506444977806 2.10594150311363 1.08384946548848
95282.15 11096.0548887771 11096.0548887771 0.633506308414699 2.10594054634743 1.08384946548848
95283.15 11097.8828551447 11097.8828551447 0.633506171851592 2.10593958958133 1.08384946548848
95284.15 11099.7118597691 11099.7118597691 0.633506035288485 2.10593863281533 1.08384946548848
95285.15 11101.5438998782 11101.5438998782 0.633505898725377 2.10593767604942 1.08384946548848
95286.15 11103.3778867853 11103.3778867853 0.63350576216227 2.1059367192836 1.08384946548848
95287.15 11105.212732173 11105.212732173 0.633505625599162 2.10593576251788 1.08384946548848
95288.15 11107.0506098762 11107.0506098762 0.633505489036054 2.10593480575226 1.08384946548848
95289.15 11108.8891645795 11108.8891645795 0.633505352472946 2.10593384898673 1.08384946548848
95290.15 11110.7309288495 11110.7309288495 0.633505215909838 2.1059328922213 1.08384946548848
95291.15 11112.6218835378 11112.6218835378 0.633505079346729 2.10593193545596 1.08384946548848
95292.15 11114.9146595023 11114.9146595023 0.63350494278362 2.10593097869072 1.08384946548848
95293.15 11117.550068455 11117.550068455 0.633504806220512 2.10593002192557 1.08384946548848
95294.15 11120.310280692 11120.310280692 0.633504669657403 2.10592906516052 1.08384946548848
95295.15 11123.843023655 11123.843023655 0.633504533094293 2.10592810839557 1.08384946548848
95296.15 11128.4931059442 11128.4931059442 0.633504396531184 2.10592715163071 1.08384946548848
95297.15 11133.9284841491 11133.9284841491 0.633504259968074 2.10592619486595 1.08384946548848
95298.15 11140.1783809072 11140.1783809072 0.633504123404965 2.10592523810128 1.08384946548848
95299.15 11147.3182238188 11147.3182238188 0.633503986841855 2.10592428133671 1.08384946548848
95300.15 11155.2958573544 11155.2958573544 0.633503850278745 2.10592332457223 1.08384946548848
95301.15 11163.9107300763 11163.9107300763 0.633503713715635 2.10592236780785 1.08384946548848
95302.15 11173.103431238 11173.103431238 0.633503577152524 2.10592141104356 1.08384946548848
95303.15 11182.7915665285 11182.7915665285 0.633503440589413 2.10592045427937 1.08384946548848
95304.15 11192.9365938876 11192.9365938876 0.633503304026303 2.10591949751528 1.08384946548848
95305.15 11203.3910859247 11203.3910859247 0.633503167463192 2.10591854075128 1.08384946548848
95306.15 11213.9402215314 11213.9402215314 0.633503030900081 2.10591758398737 1.08384946548848
95307.15 11224.4459628389 11224.4459628389 0.633502894336969 2.10591662722357 1.08384946548848
95308.15 11235.0396932815 11235.0396932815 0.633502757773858 2.10591567045985 1.08384946548848
95309.15 11245.6966707375 11245.6966707375 0.633502621210746 2.10591471369624 1.08384946548848
95310.15 11256.3394857179 11256.3394857179 0.633502484647634 2.10591375693272 1.08384946548848
95311.15 11267.0499739257 11267.0499739257 0.633502348084522 2.10591280016929 1.08384946548848
95312.15 11277.8633265905 11277.8633265905 0.63350221152141 2.10591184340596 1.08384946548848
95313.15 11288.6977879694 11288.6977879694 0.633502074958297 2.10591088664273 1.08384946548848
95314.15 11299.6442728393 11299.6442728393 0.633501938395185 2.10590992987959 1.08384946548848
95315.15 11310.6482186224 11310.6482186224 0.633501801832072 2.10590897311654 1.08384946548848
95316.15 11321.6532951069 11321.6532951069 0.633501665268959 2.10590801635359 1.08384946548848
95317.15 11332.6737065786 11332.6737065786 0.633501528705846 2.10590705959074 1.08384946548848
95318.15 11343.6904422499 11343.6904422499 0.633501392142733 2.10590610282798 1.08384946548848
95319.15 11354.6043414444 11354.6043414444 0.633501255579619 2.10590514606532 1.08384946548848
95320.15 11365.4423962725 11365.4423962725 0.633501119016505 2.10590418930276 1.08384946548848
95321.15 11376.3311357838 11376.3311357838 0.633500982453392 2.10590323254029 1.08384946548848
95322.15 11387.2811067096 11387.2811067096 0.633500845890278 2.10590227577791 1.08384946548848
95323.15 11398.2859170856 11398.2859170856 0.633500709327163 2.10590131901563 1.08384946548848
95324.15 11409.3419272044 11409.3419272044 0.633500572764049 2.10590036225345 1.08384946548848
95325.15 11420.4906162966 11420.4906162966 0.633500436200934 2.10589940549136 1.08384946548848
95326.15 11431.7573501235 11431.7573501235 0.63350029963782 2.10589844872937 1.08384946548848
95327.15 11443.1453310422 11443.1453310422 0.633500163074705 2.10589749196747 1.08384946548848
95328.15 11454.5683642769 11454.5683642769 0.63350002651159 2.10589653520567 1.08384946548848
95329.15 11465.9520742246 11465.9520742246 0.633499889948474 2.10589557844396 1.08384946548848
95330.15 11477.3644497729 11477.3644497729 0.633499753385359 2.10589462168235 1.08384946548848
95331.15 11488.8636153027 11488.8636153027 0.633499616822243 2.10589366492084 1.08384946548848
95332.15 11500.4246878867 11500.4246878867 0.633499480259128 2.10589270815942 1.08384946548848
95333.15 11512.0655001602 11512.0655001602 0.633499343696011 2.1058917513981 1.08384946548848
95334.15 11523.7819053466 11523.7819053466 0.633499207132895 2.10589079463687 1.08384946548848
95335.15 11535.6036129313 11535.6036129313 0.633499070569779 2.10588983787574 1.08384946548848
95336.15 11547.4335248815 11547.4335248815 0.633498934006662 2.1058888811147 1.08384946548848
95337.15 11559.1279704389 11559.1279704389 0.633498797443546 2.10588792435376 1.08384946548848
95338.15 11570.796652573 11570.796652573 0.633498660880429 2.10588696759291 1.08384946548848
95339.15 11582.5459338863 11582.5459338863 0.633498524317312 2.10588601083216 1.08384946548848
95340.15 11594.3826938361 11594.3826938361 0.633498387754195 2.10588505407151 1.08384946548848
95341.15 11606.3022414699 11606.3022414699 0.633498251191077 2.10588409731095 1.08384946548848
95342.15 11617.8865775149 11617.8865775149 0.633498114627959 2.10588314055048 1.08384946548848
95343.15 11629.2536683651 11629.2536683651 0.633497978064842 2.10588218379011 1.08384946548848
95344.15 11640.5619181847 11640.5619181847 0.633497841501724 2.10588122702984 1.08384946548848
95345.15 11651.8579336454 11651.8579336454 0.633497704938606 2.10588027026966 1.08384946548848
95346.15 11663.14365933 11663.14365933 0.633497568375487 2.10587931350958 1.08384946548848
95347.15 11674.4046673081 11674.4046673081 0.633497431812369 2.1058783567496 1.08384946548848
95348.15 11685.3953680024 11685.3953680024 0.63349729524925 2.10587739998971 1.08384946548848
95349.15 11695.9979109934 11695.9979109934 0.633497158686131 2.10587644322991 1.08384946548848
95350.15 11706.0529394434 11706.0529394434 0.633497022123012 2.10587548647021 1.08384946548848
95351.15 11715.1975599079 11715.1975599079 0.633496885559893 2.10587452971061 1.08384946548848
95352.15 11723.0986170503 11723.0986170503 0.633496748996774 2.1058735729511 1.08384946548848
95353.15 11729.6466058399 11729.6466058399 0.633496612433654 2.10587261619169 1.08384946548848
95354.15 11734.8346994063 11734.8346994063 0.633496475870534 2.10587165943237 1.08384946548848
95355.15 11739.0392930965 11739.0392930965 0.633496339307414 2.10587070267315 1.08384946548848
95356.15 11742.7571859128 11742.7571859128 0.633496202744294 2.10586974591402 1.08384946548848
95357.15 11745.9571444492 11745.9571444492 0.633496066181174 2.10586878915499 1.08384946548848
95358.15 11748.5306037055 11748.5306037055 0.633495929618053 2.10586783239606 1.08384946548848
95359.15 11750.7458256386 11750.7458256386 0.633495793054933 2.10586687563722 1.08384946548848
95360.15 11752.8636795198 11752.8636795198 0.633495656491812 2.10586591887847 1.08384946548848
95361.15 11754.9484731803 11754.9484731803 0.633495519928691 2.10586496211982 1.08384946548848
95362.15 11757.0352537381 11757.0352537381 0.63349538336557 2.10586400536127 1.08384946548848
95363.15 11759.1231758339 11759.1231758339 0.633495246802448 2.10586304860281 1.08384946548848
95364.15 11761.2133140395 11761.2133140395 0.633495110239327 2.10586209184445 1.08384946548848
95365.15 11763.3028377543 11763.3028377543 0.633494973676205 2.10586113508619 1.08384946548848
95366.15 11765.3956511013 11765.3956511013 0.633494837113083 2.10586017832802 1.08384946548848
95367.15 11767.4889215768 11767.4889215768 0.633494700549961 2.10585922156994 1.08384946548848
95368.15 11769.5841793459 11769.5841793459 0.633494563986839 2.10585826481196 1.08384946548848
95369.15 11771.6798921341 11771.6798921341 0.633494427423716 2.10585730805408 1.08384946548848
95370.15 11773.7784335433 11773.7784335433 0.633494290860594 2.10585635129629 1.08384946548848
95371.15 11775.8776575035 11775.8776575035 0.633494154297471 2.1058553945386 1.08384946548848
95372.15 11777.9797079892 11777.9797079892 0.633494017734348 2.105854437781 1.08384946548848
95373.15 11780.0832803492 11780.0832803492 0.633493881171225 2.1058534810235 1.08384946548848
95374.15 11782.1886041765 11782.1886041765 0.633493744608101 2.10585252426609 1.08384946548848
95375.15 11784.2956785332 11784.2956785332 0.633493608044978 2.10585156750878 1.08384946548848
95376.15 11786.4042702774 11786.4042702774 0.633493471481854 2.10585061075156 1.08384946548848
95377.15 11788.5156817443 11788.5156817443 0.63349333491873 2.10584965399444 1.08384946548848
95378.15 11790.6275355388 11790.6275355388 0.633493198355606 2.10584869723742 1.08384946548848
95379.15 11792.7430446054 11792.7430446054 0.633493061792482 2.10584774048049 1.08384946548848
95380.15 11794.8592256568 11794.8592256568 0.633492925229358 2.10584678372366 1.08384946548848
95381.15 11796.9790581056 11796.9790581056 0.633492788666233 2.10584582696692 1.08384946548848
95382.15 11799.0995599977 11799.0995599977 0.633492652103108 2.10584487021028 1.08384946548848
95383.15 11801.2215672667 11801.2215672667 0.633492515539983 2.10584391345373 1.08384946548848
95384.15 11803.3472199017 11803.3472199017 0.633492378976858 2.10584295669728 1.08384946548848
95385.15 11805.4735379449 11805.4735379449 0.633492242413733 2.10584199994093 1.08384946548848
95386.15 11807.6024267423 11807.6024267423 0.633492105850607 2.10584104318467 1.08384946548848
95387.15 11809.7330492584 11809.7330492584 0.633491969287482 2.1058400864285 1.08384946548848
95388.15 11811.8662388777 11811.8662388777 0.633491832724356 2.10583912967244 1.08384946548848
95389.15 11814.001159453 11814.001159453 0.63349169616123 2.10583817291646 1.08384946548848
95390.15 11816.137810046 11816.137810046 0.633491559598104 2.10583721616058 1.08384946548848
95391.15 11818.2759525336 11818.2759525336 0.633491423034977 2.1058362594048 1.08384946548848
95392.15 11820.4155849867 11820.4155849867 0.633491286471851 2.10583530264912 1.08384946548848
95393.15 11822.5582511179 11822.5582511179 0.633491149908724 2.10583434589353 1.08384946548848
95394.15 11824.7024044517 11824.7024044517 0.633491013345597 2.10583338913803 1.08384946548848
95395.15 11826.8482815665 11826.8482815665 0.63349087678247 2.10583243238263 1.08384946548848
95396.15 11828.996712303 11828.996712303 0.633490740219343 2.10583147562733 1.08384946548848
95397.15 11831.1460337196 11831.1460337196 0.633490603656215 2.10583051887212 1.08384946548848
95398.15 11833.2968366059 11833.2968366059 0.633490467093088 2.105829562117 1.08384946548848
95399.15 11835.4504281377 11835.4504281377 0.63349033052996 2.10582860536199 1.08384946548848
95400.15 11837.6057378719 11837.6057378719 0.633490193966832 2.10582764860706 1.08384946548848
95401.15 11839.7616958204 11839.7616958204 0.633490057403704 2.10582669185224 1.08384946548848
95402.15 11841.9204392604 11841.9204392604 0.633489920840575 2.10582573509751 1.08384946548848
95403.15 11844.0811392291 11844.0811392291 0.633489784277447 2.10582477834287 1.08384946548848
95404.15 11846.243312836 11846.243312836 0.633489647714318 2.10582382158833 1.08384946548848
95405.15 11848.4071999536 11848.4071999536 0.633489511151189 2.10582286483389 1.08384946548848
95406.15 11850.5730417696 11850.5730417696 0.63348937458806 2.10582190807954 1.08384946548848
95407.15 11852.7403534216 11852.7403534216 0.633489238024931 2.10582095132529 1.08384946548848
95408.15 11854.9085502956 11854.9085502956 0.633489101461801 2.10581999457113 1.08384946548848
95409.15 11857.0795259502 11857.0795259502 0.633488964898672 2.10581903781707 1.08384946548848
95410.15 11859.2522110777 11859.2522110777 0.633488828335542 2.1058180810631 1.08384946548848
95411.15 11861.4263609728 11861.4263609728 0.633488691772412 2.10581712430923 1.08384946548848
95412.15 11863.6013941014 11863.6013941014 0.633488555209282 2.10581616755545 1.08384946548848
95413.15 11865.7792017972 11865.7792017972 0.633488418646152 2.10581521080177 1.08384946548848
95414.15 11867.9576476385 11867.9576476385 0.633488282083021 2.10581425404819 1.08384946548848
95415.15 11870.1377984852 11870.1377984852 0.63348814551989 2.1058132972947 1.08384946548848
95416.15 11872.3198987992 11872.3198987992 0.633488008956759 2.10581234054131 1.08384946548848
95417.15 11874.5045243899 11874.5045243899 0.633487872393628 2.10581138378801 1.08384946548848
95418.15 11876.6900308829 11876.6900308829 0.633487735830497 2.10581042703481 1.08384946548848
95419.15 11878.8769928935 11878.8769928935 0.633487599267366 2.1058094702817 1.08384946548848
95420.15 11881.0659019202 11881.0659019202 0.633487462704234 2.10580851352869 1.08384946548848
95421.15 11883.2565109679 11883.2565109679 0.633487326141102 2.10580755677577 1.08384946548848
95422.15 11885.4488190952 11885.4488190952 0.633487189577971 2.10580660002295 1.08384946548848
95423.15 11887.6417588321 11887.6417588321 0.633487053014838 2.10580564327023 1.08384946548848
95424.15 11889.8374624163 11889.8374624163 0.633486916451706 2.1058046865176 1.08384946548848
95425.15 11892.035110598 11892.035110598 0.633486779888574 2.10580372976507 1.08384946548848
95426.15 11894.2331399051 11894.2331399051 0.633486643325441 2.10580277301263 1.08384946548848
95427.15 11896.4331128117 11896.4331128117 0.633486506762308 2.10580181626029 1.08384946548848
95428.15 11898.6355966804 11898.6355966804 0.633486370199175 2.10580085950804 1.08384946548848
95429.15 11900.8389568509 11900.8389568509 0.633486233636042 2.10579990275589 1.08384946548848
95430.15 11903.0440094638 11903.0440094638 0.633486097072909 2.10579894600383 1.08384946548848
95431.15 11905.250503291 11905.250503291 0.633485960509775 2.10579798925187 1.08384946548848
95432.15 11907.4591882539 11907.4591882539 0.633485823946641 2.10579703250001 1.08384946548848
95433.15 11909.6690616136 11909.6690616136 0.633485687383508 2.10579607574824 1.08384946548848
95434.15 11911.8808742665 11911.8808742665 0.633485550820373 2.10579511899656 1.08384946548848
95435.15 11914.094374659 11914.094374659 0.633485414257239 2.10579416224499 1.08384946548848
95436.15 11916.3084968339 11916.3084968339 0.633485277694105 2.1057932054935 1.08384946548848
95437.15 11918.5253700021 11918.5253700021 0.63348514113097 2.10579224874212 1.08384946548848
95438.15 11920.7439280892 11920.7439280892 0.633485004567835 2.10579129199083 1.08384946548848
95439.15 11922.9641701539 11922.9641701539 0.6334848680047 2.10579033523963 1.08384946548848
95440.15 11925.1852839111 11925.1852839111 0.633484731441565 2.10578937848853 1.08384946548848
95441.15 11927.4088915508 11927.4088915508 0.63348459487843 2.10578842173753 1.08384946548848
95442.15 11929.6333698835 11929.6333698835 0.633484458315294 2.10578746498662 1.08384946548848
95443.15 11931.8603393357 11931.8603393357 0.633484321752159 2.1057865082358 1.08384946548848
95444.15 11934.0879239868 11934.0879239868 0.633484185189023 2.10578555148508 1.08384946548848
95445.15 11936.3396063836 11936.3396063836 0.633484048625887 2.10578459473446 1.08384946548848
95446.15 11939.3842008312 11939.3842008312 0.63348391206275 2.10578363798394 1.08384946548848
95447.15 11944.1527896676 11944.1527896676 0.633483775499614 2.1057826812335 1.08384946548848
95448.15 11950.4115463587 11950.4115463587 0.633483638936477 2.10578172448317 1.08384946548848
95449.15 11957.9055079568 11957.9055079568 0.633483502373341 2.10578076773293 1.08384946548848
95450.15 11966.3734206265 11966.3734206265 0.633483365810204 2.10577981098278 1.08384946548848
95451.15 11975.5773445132 11975.5773445132 0.633483229247067 2.10577885423273 1.08384946548848
95452.15 11985.4608265312 11985.4608265312 0.633483092683929 2.10577789748278 1.08384946548848
95453.15 11995.9436741451 11995.9436741451 0.633482956120792 2.10577694073292 1.08384946548848
95454.15 12006.8302957726 12006.8302957726 0.633482819557654 2.10577598398316 1.08384946548848
95455.15 12018.0206580769 12018.0206580769 0.633482682994516 2.10577502723349 1.08384946548848
95456.15 12029.5895362963 12029.5895362963 0.633482546431378 2.10577407048392 1.08384946548848
95457.15 12041.5581167532 12041.5581167532 0.63348240986824 2.10577311373444 1.08384946548848
95458.15 12053.9406277874 12053.9406277874 0.633482273305102 2.10577215698506 1.08384946548848
95459.15 12066.6701053328 12066.6701053328 0.633482136741963 2.10577120023578 1.08384946548848
95460.15 12079.6141340246 12079.6141340246 0.633482000178824 2.10577024348659 1.08384946548848
95461.15 12092.7112351835 12092.7112351835 0.633481863615685 2.1057692867375 1.08384946548848
95462.15 12105.9480892183 12105.9480892183 0.633481727052546 2.1057683299885 1.08384946548848
95463.15 12119.224447609 12119.224447609 0.633481590489407 2.1057673732396 1.08384946548848
95464.15 12132.4747234731 12132.4747234731 0.633481453926268 2.10576641649079 1.08384946548848
95465.15 12145.6767690438 12145.6767690438 0.633481317363128 2.10576545974208 1.08384946548848
95466.15 12158.8382965657 12158.8382965657 0.633481180799988 2.10576450299346 1.08384946548848
95467.15 12171.9654598441 12171.9654598441 0.633481044236848 2.10576354624494 1.08384946548848
95468.15 12185.0421340908 12185.0421340908 0.633480907673708 2.10576258949652 1.08384946548848
95469.15 12198.0581065146 12198.0581065146 0.633480771110568 2.10576163274819 1.08384946548848
95470.15 12211.0244073879 12211.0244073879 0.633480634547427 2.10576067599995 1.08384946548848
95471.15 12223.8912420245 12223.8912420245 0.633480497984286 2.10575971925181 1.08384946548848
95472.15 12236.4957785405 12236.4957785405 0.633480361421145 2.10575876250377 1.08384946548848
95473.15 12248.7796322035 12248.7796322035 0.633480224858004 2.10575780575582 1.08384946548848
95474.15 12260.7810743966 12260.7810743966 0.633480088294863 2.10575684900797 1.08384946548848
95475.15 12272.6385169267 12272.6385169267 0.633479951731722 2.10575589226022 1.08384946548848
95476.15 12284.3831588772 12284.3831588772 0.63347981516858 2.10575493551255 1.08384946548848
95477.15 12296.0383521928 12296.0383521928 0.633479678605438 2.10575397876499 1.08384946548848
95478.15 12307.6252834839 12307.6252834839 0.633479542042296 2.10575302201752 1.08384946548848
95479.15 12319.1767867313 12319.1767867313 0.633479405479154 2.10575206527015 1.08384946548848
95480.15 12330.760892021 12330.760892021 0.633479268916012 2.10575110852287 1.08384946548848
95481.15 12342.4099696272 12342.4099696272 0.633479132352869 2.10575015177568 1.08384946548848
95482.15 12354.1540533282 12354.1540533282 0.633478995789727 2.1057491950286 1.08384946548848
95483.15 12365.9620711274 12365.9620711274 0.633478859226584 2.10574823828161 1.08384946548848
95484.15 12377.8655596202 12377.8655596202 0.633478722663441 2.10574728153471 1.08384946548848
95485.15 12389.8169499475 12389.8169499475 0.633478586100298 2.10574632478791 1.08384946548848
95486.15 12401.6022835599 12401.6022835599 0.633478449537154 2.1057453680412 1.08384946548848
95487.15 12412.9959636819 12412.9959636819 0.633478312974011 2.10574441129459 1.08384946548848
95488.15 12423.9740104762 12423.9740104762 0.633478176410867 2.10574345454808 1.08384946548848
95489.15 12434.5510639519 12434.5510639519 0.633478039847723 2.10574249780166 1.08384946548848
95490.15 12444.7538694535 12444.7538694535 0.633477903284579 2.10574154105534 1.08384946548848
95491.15 12454.5175149477 12454.5175149477 0.633477766721434 2.10574058430911 1.08384946548848
95492.15 12463.8240283111 12463.8240283111 0.63347763015829 2.10573962756298 1.08384946548848
95493.15 12472.6798461415 12472.6798461415 0.633477493595145 2.10573867081694 1.08384946548848
95494.15 12480.9824376229 12480.9824376229 0.633477357032 2.105737714071 1.08384946548848
95495.15 12488.1832231724 12488.1832231724 0.633477220468855 2.10573675732516 1.08384946548848
95496.15 12494.1433509981 12494.1433509981 0.63347708390571 2.10573580057941 1.08384946548848
95497.15 12499.6981171478 12499.6981171478 0.633476947342565 2.10573484383375 1.08384946548848
95498.15 12504.9291914985 12504.9291914985 0.633476810779419 2.10573388708819 1.08384946548848
95499.15 12510.5259770884 12510.5259770884 0.633476674216274 2.10573293034273 1.08384946548848
95500.15 12516.8954423884 12516.8954423884 0.633476537653128 2.10573197359736 1.08384946548848
95501.15 12524.1512710503 12524.1512710503 0.633476401089982 2.10573101685209 1.08384946548848
95502.15 12532.2680052824 12532.2680052824 0.633476264526835 2.10573006010691 1.08384946548848
95503.15 12541.1535774722 12541.1535774722 0.633476127963689 2.10572910336183 1.08384946548848
95504.15 12550.694547068 12550.694547068 0.633475991400542 2.10572814661685 1.08384946548848
95505.15 12560.9077612724 12560.9077612724 0.633475854837396 2.10572718987196 1.08384946548848
95506.15 12571.7770972653 12571.7770972653 0.633475718274249 2.10572623312716 1.08384946548848
95507.15 12583.236529658 12583.236529658 0.633475581711101 2.10572527638246 1.08384946548848
95508.15 12595.3300944487 12595.3300944487 0.633475445147954 2.10572431963786 1.08384946548848
95509.15 12608.095774512 12608.095774512 0.633475308584806 2.10572336289335 1.08384946548848
95510.15 12621.3883918632 12621.3883918632 0.633475172021659 2.10572240614894 1.08384946548848
95511.15 12635.0464141027 12635.0464141027 0.633475035458511 2.10572144940462 1.08384946548848
95512.15 12648.9665317148 12648.9665317148 0.633474898895363 2.1057204926604 1.08384946548848
95513.15 12662.8048183703 12662.8048183703 0.633474762332215 2.10571953591628 1.08384946548848
95514.15 12676.3561116835 12676.3561116835 0.633474625769066 2.10571857917225 1.08384946548848
95515.15 12689.9290465334 12689.9290465334 0.633474489205918 2.10571762242831 1.08384946548848
95516.15 12703.7506528764 12703.7506528764 0.633474352642769 2.10571666568447 1.08384946548848
95517.15 12717.8557935065 12717.8557935065 0.63347421607962 2.10571570894073 1.08384946548848
95518.15 12732.1920537041 12732.1920537041 0.633474079516471 2.10571475219708 1.08384946548848
95519.15 12746.7713936399 12746.7713936399 0.633473942953321 2.10571379545353 1.08384946548848
95520.15 12761.5681239876 12761.5681239876 0.633473806390172 2.10571283871007 1.08384946548848
95521.15 12776.4961542081 12776.4961542081 0.633473669827022 2.10571188196671 1.08384946548848
95522.15 12791.4383108279 12791.4383108279 0.633473533263872 2.10571092522345 1.08384946548848
95523.15 12806.3904805894 12806.3904805894 0.633473396700722 2.10570996848028 1.08384946548848
95524.15 12821.3561297338 12821.3561297338 0.633473260137572 2.1057090117372 1.08384946548848
95525.15 12836.3885008333 12836.3885008333 0.633473123574422 2.10570805499422 1.08384946548848
95526.15 12851.5546412749 12851.5546412749 0.633472987011271 2.10570709825134 1.08384946548848
95527.15 12866.8740890513 12866.8740890513 0.633472850448121 2.10570614150855 1.08384946548848
95528.15 12882.2439347149 12882.2439347149 0.63347271388497 2.10570518476586 1.08384946548848
95529.15 12897.5838706931 12897.5838706931 0.633472577321818 2.10570422802326 1.08384946548848
95530.15 12912.9613926817 12912.9613926817 0.633472440758667 2.10570327128076 1.08384946548848
95531.15 12928.3680104996 12928.3680104996 0.633472304195516 2.10570231453835 1.08384946548848
95532.15 12943.7612897728 12943.7612897728 0.633472167632364 2.10570135779604 1.08384946548848
95533.15 12959.1422249893 12959.1422249893 0.633472031069212 2.10570040105383 1.08384946548848
95534.15 12974.5575269622 12974.5575269622 0.63347189450606 2.10569944431171 1.08384946548848
95535.15 12990.0521286871 12990.0521286871 0.633471757942908 2.10569848756969 1.08384946548848
95536.15 13005.5441982514 13005.5441982514 0.633471621379756 2.10569753082776 1.08384946548848
95537.15 13020.9764165188 13020.9764165188 0.633471484816603 2.10569657408593 1.08384946548848
95538.15 13036.3583112124 13036.3583112124 0.633471348253451 2.10569561734419 1.08384946548848
95539.15 13051.561599176 13051.561599176 0.633471211690298 2.10569466060255 1.08384946548848
95540.15 13066.5832636145 13066.5832636145 0.633471075127145 2.105693703861 1.08384946548848
95541.15 13081.444798953 13081.444798953 0.633470938563991 2.10569274711955 1.08384946548848
95542.15 13096.2041574509 13096.2041574509 0.633470802000838 2.1056917903782 1.08384946548848
95543.15 13110.9142136171 13110.9142136171 0.633470665437684 2.10569083363694 1.08384946548848
95544.15 13125.5119119631 13125.5119119631 0.633470528874531 2.10568987689577 1.08384946548848
95545.15 13140.0136806412 13140.0136806412 0.633470392311377 2.10568892015471 1.08384946548848
95546.15 13154.4668583306 13154.4668583306 0.633470255748222 2.10568796341373 1.08384946548848
95547.15 13168.8625671314 13168.8625671314 0.633470119185068 2.10568700667286 1.08384946548848
95548.15 13183.2008109017 13183.2008109017 0.633469982621914 2.10568604993207 1.08384946548848
95549.15 13197.4968817314 13197.4968817314 0.633469846058759 2.10568509319139 1.08384946548848
95550.15 13211.7640515608 13211.7640515608 0.633469709495604 2.1056841364508 1.08384946548848
95551.15 13226.0118133754 13226.0118133754 0.633469572932449 2.1056831797103 1.08384946548848
95552.15 13240.2582612926 13240.2582612926 0.633469436369294 2.1056822229699 1.08384946548848
95553.15 13254.5092455398 13254.5092455398 0.633469299806138 2.1056812662296 1.08384946548848
95554.15 13268.768661803 13268.768661803 0.633469163242983 2.10568030948939 1.08384946548848
95555.15 13283.0500518836 13283.0500518836 0.633469026679827 2.10567935274928 1.08384946548848
95556.15 13297.3747611561 13297.3747611561 0.633468890116671 2.10567839600926 1.08384946548848
95557.15 13311.7646644751 13311.7646644751 0.633468753553515 2.10567743926934 1.08384946548848
95558.15 13326.2496294577 13326.2496294577 0.633468616990359 2.10567648252951 1.08384946548848
95559.15 13340.885619512 13340.885619512 0.633468480427202 2.10567552578978 1.08384946548848
95560.15 13355.6192518249 13355.6192518249 0.633468343864046 2.10567456905015 1.08384946548848
95561.15 13370.4031211066 13370.4031211066 0.633468207300889 2.10567361231061 1.08384946548848
95562.15 13385.1739882478 13385.1739882478 0.633468070737732 2.10567265557116 1.08384946548848
95563.15 13399.9147596907 13399.9147596907 0.633467934174575 2.10567169883181 1.08384946548848
95564.15 13414.3795882011 13414.3795882011 0.633467797611417 2.10567074209256 1.08384946548848
95565.15 13428.4327779151 13428.4327779151 0.63346766104826 2.1056697853534 1.08384946548848
95566.15 13442.2509990326 13442.2509990326 0.633467524485102 2.10566882861434 1.08384946548848
95567.15 13455.916485143 13455.916485143 0.633467387921944 2.10566787187538 1.08384946548848
95568.15 13469.4737144088 13469.4737144088 0.633467251358786 2.10566691513651 1.08384946548848
95569.15 13483.0024906539 13483.0024906539 0.633467114795628 2.10566595839773 1.08384946548848
95570.15 13496.4740734471 13496.4740734471 0.633466978232469 2.10566500165905 1.08384946548848
95571.15 13509.8242504929 13509.8242504929 0.633466841669311 2.10566404492047 1.08384946548848
95572.15 13523.0331609103 13523.0331609103 0.633466705106152 2.10566308818198 1.08384946548848
95573.15 13536.1712692891 13536.1712692891 0.633466568542993 2.10566213144358 1.08384946548848
95574.15 13549.3263094632 13549.3263094632 0.633466431979834 2.10566117470529 1.08384946548848
95575.15 13562.4985741707 13562.4985741707 0.633466295416674 2.10566021796708 1.08384946548848
95576.15 13575.6899333238 13575.6899333238 0.633466158853515 2.10565926122898 1.08384946548848
95577.15 13588.9149719245 13588.9149719245 0.633466022290355 2.10565830449097 1.08384946548848
95578.15 13602.1341255857 13602.1341255857 0.633465885727195 2.10565734775305 1.08384946548848
95579.15 13615.3209334193 13615.3209334193 0.633465749164035 2.10565639101523 1.08384946548848
95580.15 13628.5095805778 13628.5095805778 0.633465612600875 2.10565543427751 1.08384946548848
95581.15 13641.7093405065 13641.7093405065 0.633465476037715 2.10565447753988 1.08384946548848
95582.15 13654.9096095801 13654.9096095801 0.633465339474554 2.10565352080235 1.08384946548848
95583.15 13668.1252052078 13668.1252052078 0.633465202911393 2.10565256406491 1.08384946548848
95584.15 13681.3664189418 13681.3664189418 0.633465066348232 2.10565160732757 1.08384946548848
95585.15 13694.6263500194 13694.6263500194 0.633464929785071 2.10565065059032 1.08384946548848
95586.15 13707.8861284776 13707.8861284776 0.63346479322191 2.10564969385317 1.08384946548848
95587.15 13721.153590944 13721.153590944 0.633464656658748 2.10564873711611 1.08384946548848
95588.15 13734.4344981904 13734.4344981904 0.633464520095587 2.10564778037915 1.08384946548848
95589.15 13747.73243873 13747.73243873 0.633464383532425 2.10564682364229 1.08384946548848
95590.15 13761.0861501618 13761.0861501618 0.633464246969263 2.10564586690552 1.08384946548848
95591.15 13774.5069351645 13774.5069351645 0.633464110406101 2.10564491016885 1.08384946548848
95592.15 13788.0418561211 13788.0418561211 0.633463973842938 2.10564395343227 1.08384946548848
95593.15 13801.6778470911 13801.6778470911 0.633463837279776 2.10564299669579 1.08384946548848
95594.15 13815.4331015116 13815.4331015116 0.633463700716613 2.1056420399594 1.08384946548848
95595.15 13829.3292175564 13829.3292175564 0.63346356415345 2.10564108322311 1.08384946548848
95596.15 13843.3011817589 13843.3011817589 0.633463427590287 2.10564012648691 1.08384946548848
95597.15 13857.2974717994 13857.2974717994 0.633463291027124 2.10563916975081 1.08384946548848
95598.15 13871.2696698715 13871.2696698715 0.63346315446396 2.10563821301481 1.08384946548848
95599.15 13885.2332879617 13885.2332879617 0.633463017900796 2.1056372562789 1.08384946548848
95600.15 13899.1689426876 13899.1689426876 0.633462881337633 2.10563629954308 1.08384946548848
95601.15 13912.9803797658 13912.9803797658 0.633462744774469 2.10563534280737 1.08384946548848
95602.15 13926.3013375656 13926.3013375656 0.633462608211304 2.10563438607174 1.08384946548848
95603.15 13938.974707484 13938.974707484 0.63346247164814 2.10563342933622 1.08384946548848
95604.15 13951.5828992073 13951.5828992073 0.633462335084976 2.10563247260079 1.08384946548848
95605.15 13964.5030094156 13964.5030094156 0.633462198521811 2.10563151586545 1.08384946548848
95606.15 13977.7520712689 13977.7520712689 0.633462061958646 2.10563055913021 1.08384946548848
95607.15 13991.328327387 13991.328327387 0.633461925395481 2.10562960239506 1.08384946548848
95608.15 14005.1883949992 14005.1883949992 0.633461788832316 2.10562864566002 1.08384946548848
95609.15 14019.1840045855 14019.1840045855 0.63346165226915 2.10562768892506 1.08384946548848
95610.15 14033.1366994024 14033.1366994024 0.633461515705985 2.1056267321902 1.08384946548848
95611.15 14046.5816036052 14046.5816036052 0.633461379142819 2.10562577545544 1.08384946548848
95612.15 14058.8146971136 14058.8146971136 0.633461242579653 2.10562481872077 1.08384946548848
95613.15 14069.3890964463 14069.3890964463 0.633461106016487 2.1056238619862 1.08384946548848
95614.15 14078.0129518572 14078.0129518572 0.63346096945332 2.10562290525173 1.08384946548848
95615.15 14084.482777828 14084.482777828 0.633460832890154 2.10562194851735 1.08384946548848
95616.15 14088.9839616521 14088.9839616521 0.633460696326987 2.10562099178306 1.08384946548848
95617.15 14092.5082493984 14092.5082493984 0.63346055976382 2.10562003504887 1.08384946548848
95618.15 14095.4926333306 14095.4926333306 0.633460423200653 2.10561907831478 1.08384946548848
95619.15 14098.5965744597 14098.5965744597 0.633460286637486 2.10561812158078 1.08384946548848
95620.15 14101.7432039476 14101.7432039476 0.633460150074319 2.10561716484688 1.08384946548848
95621.15 14104.6659712678 14104.6659712678 0.633460013511151 2.10561620811307 1.08384946548848
95622.15 14107.7774894354 14107.7774894354 0.633459876947983 2.10561525137936 1.08384946548848
95623.15 14111.0230469775 14111.0230469775 0.633459740384815 2.10561429464574 1.08384946548848
95624.15 14114.4555025992 14114.4555025992 0.633459603821647 2.10561333791222 1.08384946548848
95625.15 14117.5405559789 14117.5405559789 0.633459467258479 2.1056123811788 1.08384946548848
95626.15 14119.319149263 14119.319149263 0.633459330695311 2.10561142444547 1.08384946548848
95627.15 14119.7838271411 14119.7838271411 0.633459194132142 2.10561046771223 1.08384946548848
95628.15 14119.817203025 14119.817203025 0.633459057568973 2.10560951097909 1.08384946548848
95629.15 14119.8754582437 14119.8754582437 0.633458921005804 2.10560855424605 1.08384946548848
95630.15 14119.9187403813 14119.9187403813 0.633458784442635 2.1056075975131 1.08384946548848
95631.15 14120.0061843953 14120.0061843953 0.633458647879465 2.10560664078025 1.08384946548848
95632.15 14120.3284313523 14120.3284313523 0.633458511316296 2.1056056840475 1.08384946548848
95633.15 14121.0779863049 14121.0779863049 0.633458374753126 2.10560472731483 1.08384946548848
95634.15 14122.7070999619 14122.7070999619 0.633458238189956 2.10560377058227 1.08384946548848
95635.15 14125.187980924 14125.187980924 0.633458101626786 2.1056028138498 1.08384946548848
95636.15 14127.7983708582 14127.7983708582 0.633457965063616 2.10560185711743 1.08384946548848
95637.15 14130.4179322775 14130.4179322775 0.633457828500446 2.10560090038515 1.08384946548848
95638.15 14133.0459738527 14133.0459738527 0.633457691937275 2.10559994365296 1.08384946548848
95639.15 14135.6838591814 14135.6838591814 0.633457555374104 2.10559898692088 1.08384946548848
95640.15 14138.3288510241 14138.3288510241 0.633457418810933 2.10559803018888 1.08384946548848
95641.15 14140.9823128559 14140.9823128559 0.633457282247762 2.10559707345699 1.08384946548848
95642.15 14143.6432149614 14143.6432149614 0.633457145684591 2.10559611672519 1.08384946548848
95643.15 14146.3091606513 14146.3091606513 0.633457009121419 2.10559515999348 1.08384946548848
95644.15 14148.9818575533 14148.9818575533 0.633456872558247 2.10559420326187 1.08384946548848
95645.15 14151.6599328256 14151.6599328256 0.633456735995075 2.10559324653036 1.08384946548848
95646.15 14154.3420163771 14154.3420163771 0.633456599431903 2.10559228979894 1.08384946548848
95647.15 14157.0287890191 14157.0287890191 0.633456462868731 2.10559133306762 1.08384946548848
95648.15 14159.7195639723 14159.7195639723 0.633456326305559 2.10559037633639 1.08384946548848
95649.15 14162.4143386313 14162.4143386313 0.633456189742386 2.10558941960526 1.08384946548848
95650.15 14165.1107167445 14165.1107167445 0.633456053179213 2.10558846287422 1.08384946548848
95651.15 14167.8100641792 14167.8100641792 0.63345591661604 2.10558750614328 1.08384946548848
95652.15 14170.5123787097 14170.5123787097 0.633455780052867 2.10558654941243 1.08384946548848
95653.15 14173.2162894254 14173.2162894254 0.633455643489694 2.10558559268168 1.08384946548848
95654.15 14175.9211129414 14175.9211129414 0.633455506926521 2.10558463595103 1.08384946548848
95655.15 14178.6278724774 14178.6278724774 0.633455370363347 2.10558367922047 1.08384946548848
95656.15 14181.3362217036 14181.3362217036 0.633455233800173 2.10558272249001 1.08384946548848
95657.15 14184.0444539277 14184.0444539277 0.633455097236999 2.10558176575964 1.08384946548848
95658.15 14186.7549616676 14186.7549616676 0.633454960673825 2.10558080902937 1.08384946548848
95659.15 14189.4660291857 14189.4660291857 0.63345482411065 2.10557985229919 1.08384946548848
95660.15 14192.1779997675 14192.1779997675 0.633454687547476 2.10557889556911 1.08384946548848
95661.15 14194.8898480433 14194.8898480433 0.633454550984301 2.10557793883912 1.08384946548848
95662.15 14197.6029427026 14197.6029427026 0.633454414421126 2.10557698210923 1.08384946548848
95663.15 14200.3155669371 14200.3155669371 0.633454277857951 2.10557602537944 1.08384946548848
95664.15 14203.0294354041 14203.0294354041 0.633454141294776 2.10557506864974 1.08384946548848
95665.15 14205.7431772696 14205.7431772696 0.6334540047316 2.10557411192013 1.08384946548848
95666.15 14208.4581617068 14208.4581617068 0.633453868168425 2.10557315519063 1.08384946548848
95667.15 14211.1719944863 14211.1719944863 0.633453731605249 2.10557219846121 1.08384946548848
95668.15 14213.8870684321 14213.8870684321 0.633453595042073 2.1055712417319 1.08384946548848
95669.15 14216.6030351502 14216.6030351502 0.633453458478897 2.10557028500267 1.08384946548848
95670.15 14219.3178476378 14219.3178476378 0.63345332191572 2.10556932827355 1.08384946548848
95671.15 14222.03389869 14222.03389869 0.633453185352544 2.10556837154452 1.08384946548848
95672.15 14224.7505134861 14224.7505134861 0.633453048789367 2.10556741481558 1.08384946548848
95673.15 14227.4669951145 14227.4669951145 0.63345291222619 2.10556645808674 1.08384946548848
95674.15 14230.1843647884 14230.1843647884 0.633452775663013 2.105565501358 1.08384946548848
95675.15 14232.9019480684 14232.9019480684 0.633452639099836 2.10556454462935 1.08384946548848
95676.15 14235.6197446295 14235.6197446295 0.633452502536658 2.1055635879008 1.08384946548848
95677.15 14238.3387760351 14238.3387760351 0.633452365973481 2.10556263117234 1.08384946548848
95678.15 14241.0576699416 14241.0576699416 0.633452229410303 2.10556167444398 1.08384946548848
95679.15 14243.7771255277 14243.7771255277 0.633452092847125 2.10556071771571 1.08384946548848
95680.15 14246.4974639872 14246.4974639872 0.633451956283947 2.10555976098754 1.08384946548848
95681.15 14249.2183637101 14249.2183637101 0.633451819720769 2.10555880425947 1.08384946548848
95682.15 14251.9415167613 14251.9415167613 0.63345168315759 2.10555784753149 1.08384946548848
95683.15 14254.6638586773 14254.6638586773 0.633451546594411 2.10555689080361 1.08384946548848
95684.15 14257.3874315131 14257.3874315131 0.633451410031233 2.10555593407582 1.08384946548848
95685.15 14260.1118829905 14260.1118829905 0.633451273468054 2.10555497734812 1.08384946548848
95686.15 14262.837915307 14262.837915307 0.633451136904874 2.10555402062053 1.08384946548848
95687.15 14265.5638393144 14265.5638393144 0.633451000341695 2.10555306389303 1.08384946548848
95688.15 14268.2906406022 14268.2906406022 0.633450863778515 2.10555210716562 1.08384946548848
95689.15 14271.0207109953 14271.0207109953 0.633450727215336 2.10555115043831 1.08384946548848
95690.15 14273.7516557808 14273.7516557808 0.633450590652156 2.10555019371109 1.08384946548848
95691.15 14276.4828064506 14276.4828064506 0.633450454088975 2.10554923698397 1.08384946548848
95692.15 14279.2141626862 14279.2141626862 0.633450317525795 2.10554828025695 1.08384946548848
95693.15 14281.9477638588 14281.9477638588 0.633450180962615 2.10554732353002 1.08384946548848
95694.15 14284.6822769439 14284.6822769439 0.633450044399434 2.10554636680319 1.08384946548848
95695.15 14287.4186802781 14287.4186802781 0.633449907836253 2.10554541007645 1.08384946548848
95696.15 14290.1556415912 14290.1556415912 0.633449771273072 2.10554445334981 1.08384946548848
95697.15 14292.8948454808 14292.8948454808 0.633449634709891 2.10554349662326 1.08384946548848
95698.15 14295.6342524507 14295.6342524507 0.63344949814671 2.10554253989681 1.08384946548848
95699.15 14298.376255291 14298.376255291 0.633449361583528 2.10554158317046 1.08384946548848
95700.15 14301.1194794913 14301.1194794913 0.633449225020346 2.1055406264442 1.08384946548848
