30.4447588426608 114.47187142887 -19.2214255732164 456300.999412
30.4448050945885 114.471871666607 -15.534445630565 456301.994413
30.4447693239014 114.471830901898 -21.3840911361294 456302.989413
30.4447678189987 114.471877711918 -19.6804352203965 456303.984414
30.4447681431194 114.47187438541 -22.2273315562524 456304.979414
30.4447876809808 114.471869363802 -21.9217256417759 456305.974414
30.4447976969475 114.471882211538 -20.6333352713543 456306.969415
30.4447710608824 114.471833698921 -19.0770503792688 456307.964415
30.4447940661842 114.471895867533 -22.9252132516683 456308.959415
30.4447929689227 114.471863988293 -19.5512516076746 456309.954415
30.4447573329244 114.471868682757 -20.9006519364935 456310.949416
30.4447991344779 114.471863922637 -23.5658613565307 456311.944416
30.4447951473087 114.471858235781 -24.4846772360419 456312.939416
30.4447965569827 114.471874074735 -24.7993211446298 456313.934417
30.4447868941217 114.471877003916 -19.9119112593946 456314.929417
30.4447807582658 114.471828289298 -23.0794222181457 456315.924418
30.4447949177014 114.471846206487 -17.5376092808217 456316.919418
30.4447887107975 114.471852065419 -22.7090747707021 456317.914418
30.4447676419034 114.471842586978 -25.4917632285357 456318.909419
30.4447942304344 114.471853712421 -21.4705372430384 456319.904419
30.444793125043 114.47189463152 -21.5804925946385 456320.89942
30.4448069702841 114.471853745066 -20.174806886859 456321.89442
30.4447957619688 114.471853662693 -21.0982260570111 456322.88942
30.4448021813 114.471873567181 -16.9693060892491 456323.884421
30.4447888694096 114.471852540199 -20.2901019580186 456324.879421
30.444802067594 114.471861318709 -20.2702362652456 456325.874421
30.4447915505326 114.47187554144 -18.0845696391392 456326.869422
30.4447802183308 114.471869325536 -22.8378329467949 456327.864422
30.4447947028128 114.471856279032 -17.2581509671139 456328.859423
30.4448038028801 114.471841680313 -17.3874820309358 456329.854423
30.4447806224143 114.47187579413 -18.2736741363903 456330.849423
30.4447552380926 114.471856434146 -18.7506198138105 456331.844424
30.444757567582 114.471843782031 -19.7951925890294 456332.839424
30.4447894176701 114.471859398934 -17.696636450175 456333.834425
30.4448168430674 114.471863480069 -22.3767508285504 456334.829425
30.4447868557244 114.471888814406 -21.6023634771619 456335.824425
30.4447801988985 114.471862427878 -26.6381187857718 456336.819426
30.444777362927 114.47187060517 -20.5225394946795 456337.814426
30.4447944780549 114.471884460616 -22.4081903084831 456338.809426
30.4448044608375 114.471842123862 -19.9468069203136 456339.804427
30.4448109802863 114.471876491151 -23.1496856550643 456340.799427
30.4448172784972 114.471842604841 -20.3827505228053 456341.794427
30.4447963433143 114.471871592261 -20.6725538834949 456342.789428
30.4447922428617 114.471883196048 -21.403690776687 456343.784428
30.4447793272367 114.471883863488 -21.2809656703504 456344.779429
30.4448025909186 114.471877030733 -18.1113951770161 456345.774429
30.4448044466731 114.471871048529 -21.4769269512891 456346.769429
30.4447757658342 114.471868475409 -21.0780362012117 456347.764429
30.4447606907118 114.471864082912 -22.5986940664129 456348.75943
30.4448000689411 114.471849473467 -20.4369334945324 456349.75443
30.4447667552552 114.471894064021 -22.9739329220383 456350.749431
30.4447934591424 114.471870672138 -20.0084876989484 456351.744431
30.4448051276411 114.4718651324 -17.1572289351418 456352.739431
30.4448053583898 114.471862852907 -22.3382368015095 456353.734431
30.4448110909941 114.471850852058 -19.5608617420449 456354.729432
30.444818453973 114.471852293535 -21.4786558919429 456355.724432
30.4448033670766 114.471899301031 -22.2616429976904 456356.719432
30.4447771412602 114.471905054584 -22.0512791227558 456357.714433
30.4447727260311 114.471851598837 -16.4842009433597 456358.709433
30.4447573300074 114.471835805632 -19.8678357799905 456359.704433
30.444774522122 114.471873690094 -18.8382199386966 456360.699434
30.4447841344124 114.471853082916 -23.5784134616567 456361.694434
30.4448301855652 114.471826260561 -22.5616251645509 456362.689434
30.4448044517932 114.471852304233 -19.2543731583736 456363.684435
30.4447650910752 114.471872101792 -20.0641284206598 456364.679435
30.4447678798114 114.471877702253 -21.2636720956027 456365.674435
30.4446860517959 114.471853482509 -23.091427339922 456366.669436
30.4446303304844 114.471903435773 -22.4267515702273 456367.664436
30.4445786753778 114.471854942517 -20.255610126119 456368.659437
30.4445830400719 114.471894130602 -21.8981242733267 456369.654437
30.4444635573982 114.471856765324 -19.5484091147953 456370.649437
30.44439423104 114.471856922753 -18.5880947476202 456371.644437
30.4443515088402 114.471870546295 -18.760401886168 456372.639438
30.4442571877582 114.471877671608 -18.6210356483144 456373.634438
30.4441596425323 114.471862169401 -21.8957174188143 456374.629439
30.444060071323 114.471867121002 -21.3908735773302 456375.624439
30.4439260870328 114.471862987934 -20.2038743454352 456376.619439
30.4438329327026 114.471876592561 -19.9567690613587 456377.614439
30.443721553794 114.47190427008 -19.1184277196757 456378.60944
30.443673578415 114.471892638084 -19.3157869205932 456379.60444
30.4435300093408 114.471849833581 -19.6399616873858 456380.599441
30.4434514668244 114.471847729188 -20.7154952862739 456381.594441
30.44337833606 114.471832064492 -17.2149260258512 456382.589442
30.44327300804 114.471842820137 -24.1683637644612 456383.584442
30.4432233117015 114.4718488342 -20.70573655351 456384.579442
30.4431748225592 114.471848311881 -20.2278484368058 456385.574442
30.4431054445577 114.471882182239 -17.1613558479113 456386.569442
30.4430152486933 114.471818757439 -19.1251470774948 456387.564443
30.44298399908 114.471794035624 -21.9011369921281 456388.559443
30.4429369661293 114.471751317233 -21.304818370182 456389.554444
30.4429139306491 114.471649016613 -21.5011041756177 456390.549444
30.4428819785006 114.471586498596 -16.774725074732 456391.544445
30.4428982591346 114.471492538951 -21.2172588625727 456392.539445
30.4428719858201 114.471425416086 -21.5422954361062 456393.534445
30.4428939986615 114.471329184682 -18.2994296941731 456394.529446
30.4428708187656 114.471205668199 -18.2780103093085 456395.524446
30.4428249994801 114.47109977524 -21.3126013187581 456396.519446
30.4428357420215 114.47097233577 -22.3286288629425 456397.514447
30.4428447449762 114.470848250876 -20.1675170875594 456398.509447
30.4428749723891 114.470726141049 -17.6997331325699 456399.504448
30.4428779339201 114.470637831706 -20.0200997071285 456400.499448
30.4428821424094 114.470536153065 -21.8823193862053 456401.494448
30.4428662847092 114.47037897938 -17.3810739875226 456402.489449
30.4428086577606 114.470310672419 -20.0254497471071 456403.484449
30.4428048930272 114.470203921785 -18.5968843195246 456404.479449
30.4428150737944 114.470120354241 -20.6489648888997 456405.47445
30.4428035555408 114.469922051226 -20.1577147016475 456406.469451
30.4427511308185 114.469855403194 -20.4636191440554 456407.464451
30.4428016090906 114.469693684571 -18.4077923804148 456408.459451
30.4427887358809 114.469599658323 -21.9928227436996 456409.454451
30.4427691219305 114.469482796445 -16.4182614279228 456410.449451
30.4427545717854 114.46934486702 -19.5974056671325 456411.444452
30.4427994086566 114.46922999445 -19.5182865741032 456412.439452
30.4427773234432 114.469077193345 -23.8104001037055 456413.434452
30.442762814726 114.468981007311 -18.7991683080659 456414.429453
30.4427760286576 114.468868283432 -14.3986277554755 456415.424453
30.4427827942362 114.468725735399 -20.6963325827459 456416.419454
30.4428085568684 114.468609897036 -21.8796139604275 456417.414454
30.4428059361146 114.468510854689 -21.7447206146064 456418.409454
30.4428001165664 114.468399455565 -20.7152899448021 456419.404455
30.4427802640742 114.468332852612 -19.371748118836 456420.399455
30.4427920441245 114.468243947581 -22.2130543001317 456421.394455
30.4427844991224 114.468147255813 -22.2789317229184 456422.389456
30.4428152595948 114.468113297439 -22.557683150419 456423.384456
30.4428161071695 114.468016353077 -19.3328360587399 456424.379456
30.4427943721255 114.467987148988 -17.5321497157494 456425.374456
30.4428055971913 114.467980139918 -23.7554166384073 456426.369457
30.4428022575477 114.467984712838 -19.1550112144505 456427.364457
30.4428301270437 114.467951448274 -20.1672460157353 456428.359458
30.4427977590728 114.467947397118 -20.3046022195671 456429.354458
30.4428139899256 114.467985597453 -16.6764327479868 456430.349459
30.4427951228725 114.468000327671 -19.8656009777857 456431.344459
30.4428121516822 114.467949709561 -21.3724503714108 456432.339459
30.4428004842794 114.467943233542 -19.4851307194564 456433.334459
30.4427770898153 114.467952807771 -21.2115041212776 456434.329459
30.4427716896729 114.467946406336 -22.1117253668162 456435.32446
30.4428267241845 114.467990990138 -23.7971956996951 456436.31946
30.4428187336145 114.467961700908 -23.7725831767886 456437.31446
30.4428227526022 114.467963984378 -22.1466230259189 456438.309461
30.4427654585397 114.467991194024 -21.2565895345494 456439.304461
30.4428039562544 114.467992639486 -21.5704408910205 456440.299462
30.4427791924743 114.467961724863 -21.916374813595 456441.294462
30.4428007997117 114.467999943412 -21.1544418905402 456442.289462
30.4427831430348 114.467912099857 -23.9546230559668 456443.284463
30.4428050537205 114.467976514618 -21.6543451146299 456444.279463
30.4428034426129 114.467973439327 -24.7201855082446 456445.274463
30.4427823015936 114.467954614168 -20.339755679276 456446.269464
30.4428233469146 114.467966774427 -18.9920514259546 456447.264464
30.442790512449 114.468000518614 -22.5219625018463 456448.259464
30.4428157637134 114.468000500006 -18.3753860776351 456449.254464
30.4428113033706 114.46798811282 -23.2345614538542 456450.249465
30.4428126791772 114.467950162955 -19.4892948610321 456451.244465
30.4427983706212 114.467942381178 -24.4314771434671 456452.239466
30.4427859323669 114.467971160727 -19.275896384233 456453.234466
30.4428148209323 114.468007755143 -20.9691202950609 456454.229467
30.442807571747 114.467984682852 -19.6897293267776 456455.224467
30.4427936814373 114.468007994282 -22.3271809182105 456456.219467
30.4427541646752 114.467955022521 -21.6970553245735 456457.214468
30.4427925762037 114.467952151387 -18.1183254053878 456458.209468
30.442771808445 114.467941982201 -22.5476038207791 456459.204468
30.4427962705316 114.46794055299 -20.9427879367894 456460.199468
30.4428045140412 114.467946429434 -19.1948187942911 456461.194469
30.4428070645274 114.467939240023 -24.6323921423547 456462.18947
30.4428100300613 114.467970478148 -18.3597364916725 456463.18447
30.4427850681795 114.46796280709 -17.4662985788746 456464.17947
30.4427885651056 114.467960080668 -22.4243509413655 456465.174471
30.4428251748727 114.467994215017 -21.0106318628144 456466.169471
30.4427764217988 114.467975326937 -23.7474535822218 456467.164471
30.4428146803456 114.467932873277 -23.3462224607597 456468.159472
30.442816885851 114.467963835687 -20.4306778445521 456469.154472
30.4428074268406 114.467972973952 -17.5803442072287 456470.149473
30.4427778281735 114.467996795317 -20.5727908945186 456471.144473
30.4427745475891 114.467918485974 -22.5035805153207 456472.139473
30.4427958555558 114.467927173494 -21.1963292205471 456473.134473
30.4428071313725 114.467901486308 -17.116550396975 456474.129474
30.4427636792638 114.467802280125 -18.1577081008994 456475.124474
30.4428343500923 114.467801725269 -25.2095208347518 456476.119475
30.4427913944919 114.46766156939 -21.7069457561469 456477.114475
30.4427610168801 114.467603101938 -23.5715696070107 456478.109476
30.4427864699049 114.467472170736 -22.423814234408 456479.104476
30.4427543393174 114.46737246315 -25.4992203339817 456480.099476
30.4428004911445 114.467253377858 -20.3754187704389 456481.094476
30.4427702282185 114.467096578284 -22.6104917282473 456482.089477
30.4427861481173 114.466959480339 -22.6607288123699 456483.084477
30.4427671952369 114.466851768298 -19.4882627129015 456484.079477
30.4427665304431 114.466655985196 -18.9414957768258 456485.074477
30.4427777824204 114.466524379087 -20.2673513591708 456486.069478
30.4427704085558 114.466350350267 -21.282353902507 456487.064478
30.4427765671172 114.466216542411 -22.6449007196874 456488.059478
30.4427813326362 114.46605925105 -24.10718307358 456489.054479
30.4427715191969 114.465930176069 -22.9251197307468 456490.049479
30.4428255437539 114.465757372645 -22.8707087482204 456491.04448
30.4427930316068 114.465633235928 -23.7597133681844 456492.03948
30.4428022773716 114.46548926998 -20.0119824185119 456493.03448
30.4427901509984 114.465327419415 -23.0715651357274 456494.029481
30.4427854326886 114.465185069878 -24.2352115494089 456495.024481
30.4428052832114 114.465032612544 -21.5399386177775 456496.019481
30.4428045939683 114.464873984903 -25.4514548676327 456497.014481
30.4428189997045 114.464756251349 -23.9909223924416 456498.009484
30.442835199338 114.464559574855 -24.2591451881119 456499.004482
30.4428074123488 114.464447311438 -20.6901805280491 456500
30.4427994663786 114.464286825999 -25.4526049438075 456500.999483
30.4428045173258 114.464114918176 -22.102112606453 456501.994483
30.4428182631934 114.463969333899 -26.4839807607885 456502.989484
30.4427936748629 114.463820856251 -23.2687534635296 456503.984484
30.4427965279674 114.463684504332 -25.4506791442031 456504.979484
30.4428095503722 114.463517884308 -25.1451589926782 456505.974484
30.4428055734383 114.463368950679 -23.3544708592286 456506.969485
30.4428266994646 114.463224065181 -22.1122833224707 456507.964485
30.4428111186179 114.463066693761 -27.9819427501946 456508.959486
30.442850453109 114.462935052414 -25.1329835716985 456509.954486
30.4428151009287 114.462777937898 -23.3538557958061 456510.949486
30.4428613353963 114.462706247011 -20.7297735403515 456511.944486
30.4428509695251 114.46255274005 -19.8292440932719 456512.939487
30.4428160780274 114.462454164202 -24.9155558984493 456513.934487
30.4428704402068 114.462342521101 -23.6127359328604 456514.929488
30.4428751085857 114.462250763094 -25.808224887573 456515.924488
30.4429214413486 114.462181655916 -23.9378477606917 456516.919489
30.4430207853847 114.462094423819 -24.4448764951668 456517.914489
30.4430160752573 114.462037103861 -24.9076214397422 456518.90949
30.4430947861184 114.46195109949 -24.8385939301426 456519.90449
30.443149771423 114.461960568809 -29.1967495448694 456520.89949
30.4432574388429 114.461914213991 -23.120968553526 456521.89449
30.4433383765578 114.461934490859 -28.5372901658028 456522.889491
30.4434406862335 114.461951597299 -26.6786981537111 456523.884491
30.4435010122417 114.461910450675 -23.964252663767 456524.879491
30.4436574153755 114.46191461822 -22.1281076068656 456525.874492
30.4437210571713 114.461927101287 -25.0330937685875 456526.869493
30.4438088245447 114.461921437644 -25.5586983154787 456527.864493
30.4439267797653 114.461898842595 -21.1555996234822 456528.859493
30.4440383760186 114.461932386882 -26.4127016817725 456529.854493
30.4441517998274 114.461920798782 -26.4892193975117 456530.849494
30.4442291110048 114.461909110622 -25.3863430278736 456531.844494
30.444343435224 114.461918201917 -27.0583014595936 456532.839494
30.4444235515335 114.461937612187 -25.2953234431164 456533.834495
30.4445749777121 114.461922666871 -24.1756976299002 456534.829495
30.4446372445073 114.461937763602 -28.0990893730203 456535.824495
30.444796269128 114.46190283463 -23.6493247121279 456536.819496
30.4448975184334 114.461944515009 -26.6179337131191 456537.814496
30.4450529955706 114.461912440255 -23.3174583367835 456538.809496
30.445145378854 114.461921413424 -22.8801331513535 456539.804497
30.4452553820287 114.461962863546 -22.9212972954161 456540.799497
30.4453586719911 114.461947429581 -23.4406728645994 456541.794497
30.4454503049367 114.46192421692 -26.0545074607867 456542.789498
30.4455542864112 114.461976800954 -25.1012514817644 456543.784498
30.4456313612839 114.46196187528 -22.6831849508009 456544.779499
30.4457357518021 114.461968409335 -29.841368839997 456545.774499
30.4458206182046 114.461985647337 -26.2869521929579 456546.769499
30.445900375064 114.461974757858 -24.4584600301996 456547.764499
30.4459232275501 114.461922502923 -26.6125487408529 456548.759499
30.4459689393203 114.461980981549 -25.4797082627624 456549.7545
30.4459973667471 114.461976580913 -24.7050442791432 456550.7495
30.4460116120706 114.461976811103 -25.0952868726954 456551.749501
30.4460038579581 114.461958391103 -27.6817143083754 456552.749501
30.4460065971415 114.461968882846 -25.7098775667777 456553.749501
30.4460111005934 114.461928609015 -24.6783149627509 456554.749502
30.4460033377719 114.461961519017 -23.7190440335658 456555.749502
30.4460079094141 114.461960019706 -27.3074069960209 456556.749502
30.44598349699 114.461937550143 -25.0658075762892 456557.749503
30.4460203169783 114.461933855149 -23.3381572617662 456558.749503
30.446002770843 114.461959786219 -24.9506648780149 456559.749503
30.4460271537525 114.461983302677 -25.896180038923 456560.749504
30.4460291531376 114.461975739051 -23.2010458373109 456561.749504
30.4459905315809 114.461939369893 -26.0318092986856 456562.749504
30.4459899276963 114.461971210601 -22.6794115876632 456563.749505
30.4459943621922 114.461947374345 -23.5957227034987 456564.749505
30.4459826944729 114.461937786036 -28.9880857644251 456565.749506
30.4460057712216 114.461946967319 -23.3186407003819 456566.749506
30.4459998052702 114.461961553646 -23.1058070012137 456567.749506
30.446008048838 114.461927846026 -25.9760358832236 456568.749507
30.446031888951 114.461941644528 -25.6948367951472 456569.749507
30.4459923985602 114.46192069105 -26.9549605254977 456570.749507
30.4459898539215 114.461945681899 -26.4130776684617 456571.749508
30.4460011201708 114.461929774925 -24.9438705758619 456572.749508
30.4459902150473 114.461952174178 -23.4125037982511 456573.749509
30.4460113019709 114.461982257568 -26.0476987284257 456574.749509
30.446031771384 114.461947326886 -26.0110202262813 456575.749509
30.4459975446554 114.461943984271 -26.2290912717533 456576.74951
30.445994864337 114.461930085653 -25.8018700414143 456577.74951
30.4459781973535 114.461953897219 -24.6518025980961 456578.74951
30.4460037642111 114.461962470614 -22.3880648663647 456579.749511
30.4460589324073 114.461967373542 -21.3170397781502 456580.749511
30.4461007439159 114.461966376971 -20.4908719249161 456581.749512
30.4461089608635 114.461960027266 -23.696241773708 456582.749512
30.4461570365317 114.461944895177 -25.0306110928136 456583.749512
30.4462584325506 114.461944905006 -23.2533077595175 456584.749513
30.4463054449003 114.46193893569 -26.3057437453384 456585.749513
30.4463712930377 114.461951697689 -23.576942350003 456586.749513
30.4464511261856 114.461972687562 -24.7901478744881 456587.749514
30.4465286165682 114.461977487601 -26.3299536389037 456588.749514
30.4466898360179 114.461963449307 -27.7639055371393 456589.749514
30.4467739316858 114.461941436218 -27.6063739469427 456590.749515
30.446879703624 114.461932180654 -23.0140555459474 456591.749515
30.4470057394988 114.461907481436 -26.4079866253028 456592.749515
30.4471367563266 114.461895169481 -26.8669574990384 456593.749516
30.4472526710725 114.461915355907 -27.7830490179659 456594.749516
30.447379965957 114.461898558527 -27.5010776612762 456595.749516
30.4474884351778 114.461904578586 -27.2363744553205 456596.749517
30.4476496301337 114.461849580335 -25.2263618555342 456597.749517
30.4477312471816 114.461850679996 -27.4860025404301 456598.749517
30.4478930982568 114.461763677329 -26.3097389402599 456599.749518
30.4480152314969 114.461818188065 -29.3360017975106 456600.749518
30.4481393189975 114.461808159038 -24.0655072041493 456601.749518
30.4482536681924 114.461769154955 -26.5929491313252 456602.749519
30.448381433634 114.461751222948 -28.7572891364986 456603.749519
30.4484959100106 114.461756750107 -27.227196383499 456604.749519
30.4486608662733 114.461746789233 -26.9261287549462 456605.74952
30.4487667144016 114.461732473992 -25.7428121529918 456606.74952
30.4488656995517 114.461698344056 -24.1905502762353 456607.74952
30.4489649872365 114.461632588133 -28.3151122219495 456608.74952
30.4491243058482 114.461644490284 -25.5426478342955 456609.749521
30.449196882969 114.461607911941 -30.1142477461774 456610.749521
30.4493481158387 114.461571125803 -28.3563215006974 456611.749521
30.4494601949644 114.461598498776 -24.9513135183507 456612.749522
30.4495518092269 114.461604346345 -26.1976147453364 456613.749522
30.4496922984118 114.461540508849 -29.8794128702856 456614.749523
30.4497629598488 114.461507051517 -24.3907212171083 456615.749523
30.4498809712478 114.461477800886 -30.4276195485044 456616.749523
30.4499847736874 114.461477509728 -31.0512318181443 456617.749524
30.4500896383099 114.461411336354 -28.9101162511631 456618.749524
30.450210315522 114.461430013293 -30.0439318079305 456619.749524
30.4503273356411 114.461380249083 -27.6604340762309 456620.749525
30.4504621046086 114.461340250771 -31.978952816904 456621.749525
30.4505307052437 114.461298003202 -26.0384936272449 456622.749525
30.45060668393 114.461253148605 -27.2108343794438 456623.749526
30.450769011996 114.461243861629 -30.3040677518648 456624.749526
30.4508563568605 114.461231174769 -28.6599574934215 456625.749527
30.4509781014472 114.461164335282 -29.4369945664338 456626.749527
30.4510846909193 114.461115535245 -26.800696561702 456627.749527
30.4512405681101 114.4610967151 -29.5946562383629 456628.749528
30.4513221908405 114.461059709881 -27.6409307604389 456629.749528
30.4514176847359 114.461019379725 -32.9188745326254 456630.749528
30.4515549847128 114.460960529364 -31.4669498895365 456631.749529
30.4516801185171 114.460952175617 -30.0890349883959 456632.749529
30.4517855367847 114.460897232588 -31.6139314944547 456633.74953
30.4519056999246 114.460872355667 -28.1102655828679 456634.74953
30.452007525992 114.460820126412 -30.4693116894312 456635.74953
30.4521673083773 114.460785893723 -32.9722867432952 456636.749531
30.4523028899915 114.460753965595 -27.0288083185545 456637.749531
30.452392466639 114.460740121038 -29.820217571888 456638.749531
30.4525138192834 114.460677874551 -31.6659276547112 456639.749532
30.4526637265791 114.460652949054 -29.8165986691206 456640.749532
30.452747726223 114.460621224542 -32.4781949239754 456641.749532
30.4528702982646 114.460584931 -31.2428830555159 456642.749533
30.4529663504877 114.460583769807 -27.3181897248718 456643.749533
30.4531050174249 114.460542894077 -30.1925264131213 456644.749534
30.4531946404768 114.460532562581 -31.2633101699879 456645.749534
30.4532572392262 114.460498869662 -29.3878157178819 456646.749534
30.4533927884476 114.460469096679 -30.8813533558177 456647.749535
30.4534884321883 114.460473785114 -32.9528373775285 456648.749535
30.4535624997135 114.460432576623 -31.1156680292904 456649.749535
30.4536319306693 114.460392364001 -28.4949129052148 456650.749536
30.4536941879666 114.460378441607 -28.6969394949179 456651.749536
30.4537288550812 114.460430496769 -32.9879925991156 456652.749537
30.4537799862954 114.460476057492 -33.4172917686362 456653.749537
30.4538191314343 114.460520913327 -32.5610518994502 456654.749537
30.4538347064619 114.460556753167 -31.2397871511287 456655.749538
30.4538477895298 114.46065428795 -27.9780897108188 456656.749538
30.4538164545537 114.460706802448 -30.2243096444874 456657.749538
30.4538575217463 114.460796920086 -32.1576986558055 456658.749539
30.4538517091073 114.460884397606 -32.0098557548493 456659.749539
30.453845895694 114.461001282393 -31.1749433119279 456660.749539
30.4538553086184 114.461089463303 -30.4104055809746 456661.74954
30.4538834807345 114.461230563206 -34.2966021369378 456662.74954
30.4538640345846 114.461316647213 -32.2367106684263 456663.74954
30.4538626109285 114.461422365889 -32.780958604591 456664.749541
30.4538574379441 114.461561696207 -32.0854467438173 456665.749541
30.4538677412957 114.461707496344 -34.6512295502626 456666.749541
30.4538209487708 114.461808337985 -34.4823645563121 456667.749541
30.4538449758262 114.461947159959 -32.8143243137689 456668.749542
30.4538284235818 114.462088026581 -37.5640646638061 456669.749542
30.4538393607229 114.462174550868 -34.8750038827216 456670.749542
30.4537951289011 114.462322184772 -35.5753458018884 456671.749543
30.4538336710961 114.462486685669 -33.3358342224124 456672.749543
30.4538219140035 114.462606282536 -35.3173678359361 456673.749543
30.453793557344 114.46275630724 -34.8690852089653 456674.749544
30.4538191125309 114.462881110966 -32.2748559300172 456675.749544
30.4537904291082 114.463019206807 -36.012688364448 456676.749544
30.4537930164121 114.463145906659 -34.0351367247062 456677.749545
30.4537795982037 114.463321885057 -39.0396886302326 456678.749545
30.4537976001766 114.463400215906 -31.9456976305743 456679.749545
30.4537619828623 114.46353590542 -35.3776898159139 456680.749546
30.4537877964771 114.463699635393 -32.6970534234132 456681.749546
30.4537464938586 114.463772419134 -29.7345962582207 456682.749546
30.4537545329487 114.463922802664 -35.6128801229655 456683.749547
30.4537346837529 114.464052774928 -30.7913722636897 456684.749547
30.4537259543195 114.464198478881 -32.7838619869591 456685.749548
30.4537124929803 114.46429951026 -33.0319906884823 456686.749548
30.4536692831622 114.464420803777 -31.784154812571 456687.749548
30.4537099862239 114.464544398223 -27.0881893278449 456688.749549
30.453642459118 114.464697097356 -35.7183661072085 456689.749549
30.4536462533288 114.464807900494 -32.3495932923428 456690.749549
30.4537276705115 114.464930535505 -30.7926743388275 456691.74955
30.4536720118604 114.465089908237 -30.5378314605156 456692.74955
30.4536657106634 114.465215254678 -31.7132514368345 456693.749551
30.4536530140293 114.465329813052 -29.9643219472385 456694.749551
30.4536385655057 114.465521790398 -29.9438489979459 456695.749551
30.4536305785738 114.465648576729 -28.2953175956408 456696.749552
30.453643915607 114.465778939197 -27.9569842442041 456697.749552
30.4536249193805 114.465916446655 -32.4839831642801 456698.749552
30.4536480628944 114.466074318274 -31.4791026117591 456699.749553
30.4536156198274 114.466175637388 -32.7799645008768 456700.749553
30.4536148792933 114.466318297882 -31.2680548038579 456701.749553
30.4535851129656 114.466505489656 -27.3805716770161 456702.749554
30.4536150408391 114.466627870096 -29.8052623014347 456703.749554
30.4535659686275 114.466731508038 -27.9184802695294 456704.749555
30.4535545651383 114.466873842985 -26.3344080055604 456705.749555
30.4535913079094 114.46700268578 -25.3137528596357 456706.749555
30.4535853840241 114.467136962822 -31.5466280002295 456707.749556
30.453591607408 114.467279235762 -29.6714421770163 456708.749556
30.4535646007422 114.467411142521 -27.7386282384841 456709.749556
30.4535570508235 114.46752690377 -26.5657525312887 456710.749557
30.4535428193164 114.467641271018 -28.3111746536647 456711.749557
30.4535376351559 114.467827595165 -24.472778889985 456712.749558
30.4535313001942 114.467919850171 -28.4258156579991 456713.749558
30.4535521994104 114.468032070452 -24.7116193147347 456714.749558
30.4535305190591 114.468222803184 -28.1717145423567 456715.749559
30.4535440191771 114.46833998986 -28.2142463254729 456716.749559
30.453522874565 114.468468267802 -24.3434143609983 456717.749559
30.4535089651109 114.468624775228 -24.7499411468958 456718.74956
30.453509971017 114.468747891013 -22.4705567145077 456719.74956
30.4534966286941 114.468905965689 -24.7754917978474 456720.749561
30.4534883605429 114.469101465434 -30.773267649381 456721.749561
30.4534797262255 114.469233103178 -30.0551971276007 456722.749561
30.4534859927154 114.469396989624 -27.5837195355229 456723.749562
30.4534676672636 114.469582902864 -25.2378688573925 456724.749562
30.4534574052365 114.469728597573 -27.6464286867777 456725.749562
30.4534531316284 114.469924311363 -27.3752513268161 456726.749563
30.453450757909 114.470031810414 -27.4554022613235 456727.749563
30.4534308115609 114.470235526259 -24.7722655749893 456728.749563
30.4534144364024 114.47038461802 -23.9850358606394 456729.749564
30.4534074652699 114.470538176586 -27.4864580236957 456730.749564
30.4534079574239 114.470677508538 -23.8125869367016 456731.749564
30.4533819152341 114.470843912854 -23.3523828314381 456732.749564
30.4533804987958 114.470996917369 -26.2187179128605 456733.749565
30.4533211998632 114.471127092226 -24.753167862155 456734.749565
30.4533589106021 114.47124541461 -25.060821847751 456735.749565
30.4533647185011 114.471375600114 -28.104544725731 456736.749566
30.4533417168726 114.471479215376 -24.8267985522503 456737.749566
30.4533002199795 114.471589814197 -25.4339659132065 456738.749566
30.4533285698446 114.471695028743 -24.6595408976097 456739.749567
30.453280359534 114.471748059544 -21.2957605232451 456740.749567
30.4532711444871 114.471823653672 -22.4344714414833 456741.749567
30.4532005281585 114.471859151937 -27.7163241066436 456742.749568
30.4531448599581 114.471921358435 -22.2759519932996 456743.749568
30.4531035566212 114.471948123811 -21.7977284815101 456744.749568
30.4529750755539 114.471898888647 -23.0178424063229 456745.749569
30.4529133418946 114.471913521812 -22.1212020918025 456746.749569
30.452809478448 114.471909316698 -22.4949180448589 456747.749569
30.4527422883183 114.47191180051 -22.3658467331852 456748.74957
30.4526482652003 114.471929245491 -25.5198412322623 456749.74957
30.4525395758794 114.471963995597 -23.5398336188455 456750.749571
30.4524625158789 114.471928497901 -24.6684477271256 456751.749571
30.4523563097947 114.471949293511 -21.1512419698999 456752.749571
30.4522354687044 114.471900200815 -21.1632894575839 456753.749572
30.4520969269551 114.471926259296 -22.7605926380102 456754.749572
30.4520124958165 114.471918237016 -17.7926151523536 456755.749572
30.451913927084 114.471936619407 -18.5505337979696 456756.749573
30.4517846706886 114.471912341433 -22.1068445818586 456757.749573
30.4516356832663 114.471914797628 -22.2818600129881 456758.749573
30.4515505050632 114.471901764652 -19.1377873812256 456759.749574
30.4514400953555 114.471934062144 -19.2358052452504 456760.749574
30.4512870831027 114.471926691689 -20.5180938003905 456761.749575
30.4511853691358 114.47189059195 -19.6805145554098 456762.749575
30.4510520263291 114.471901794421 -20.385452298063 456763.749575
30.4509406556109 114.471909815816 -23.1032757249292 456764.749576
30.4508024122727 114.471916780827 -20.3404902281238 456765.749576
30.450687047985 114.471888865027 -17.5518901051066 456766.749576
30.4505265128595 114.471881282045 -21.4071237355924 456767.749577
30.4504147292829 114.471913846806 -19.3187996829101 456768.749577
30.4502912841682 114.47189024549 -18.2614193474009 456769.749578
30.4501657837489 114.471909805192 -19.1303951421498 456770.749578
30.4500263231747 114.471890209875 -20.9041415991159 456771.749578
30.449914903017 114.471902141648 -22.5990650579919 456772.749579
30.4498226288696 114.471927147034 -16.9939542217983 456773.749579
30.4496981633507 114.471904465574 -19.7480842043778 456774.749579
30.4495179546571 114.471896845695 -17.3246722926414 456775.74958
30.4493784774353 114.471897144812 -17.3260683725461 456776.74958
30.4492970954807 114.471921059474 -20.1433049719641 456777.749581
30.4491639428838 114.471911083856 -19.254193579454 456778.749581
30.4490165516547 114.471918544139 -21.1682699453175 456779.749581
30.4489379146002 114.471898702527 -18.2130589361945 456780.749582
30.4487778853809 114.47193639448 -17.4248940706752 456781.749582
30.4487009589447 114.471941626263 -23.2357772556426 456782.749583
30.4485143556923 114.471896991232 -20.2225761951583 456783.749583
30.4484507058035 114.471911287058 -18.8347262304059 456784.749583
30.4482919377373 114.471967925687 -19.8992911106783 456785.749584
30.4481708197823 114.471910124695 -20.5734997797253 456786.749584
30.448036966484 114.471915215522 -21.6278242322613 456787.749584
30.4479546662721 114.471919738249 -20.9220621368735 456788.749585
30.4478226778304 114.471942071769 -22.6465870362099 456789.749585
30.4476806384696 114.471926137485 -18.8619177039739 456790.749585
30.4475614483002 114.471921299844 -19.4894473377654 456791.749586
30.4474797215512 114.471898511641 -19.4693123226203 456792.749586
30.4473095576392 114.471930963363 -22.0373403657836 456793.749586
30.4472288291109 114.471877580923 -21.9887142150561 456794.749587
30.4471069345924 114.471922862493 -20.7281646071754 456795.749587
30.4469824320314 114.471905465126 -16.8405628304404 456796.749587
30.446884988663 114.471874808252 -21.2576910078148 456797.749588
30.4468155905201 114.471871413563 -21.5903493207887 456798.749588
30.4467183894036 114.471889974234 -20.8988074469308 456799.749588
30.4466357747228 114.47188741384 -21.6650222150417 456800.749589
30.4465069307776 114.47190056877 -24.3730803541989 456801.749589
30.4464178530318 114.471887758062 -18.3123171256224 456802.749589
30.4463002073174 114.471875714038 -21.3381112578098 456803.749589
30.4461833738343 114.471891684632 -19.0106365527214 456804.74959
30.4460650138249 114.471882934501 -19.8232208617705 456805.74959
30.4459857654737 114.47186523875 -21.3777311076633 456806.74959
30.4458824156003 114.471853258163 -20.012223982839 456807.749591
30.4457563754797 114.471918588856 -23.0600552543233 456808.749591
30.4456474163478 114.471871794578 -22.0786365406103 456809.749591
30.4455038427733 114.471868764785 -19.2993537228172 456810.749592
30.4453597215011 114.471886005261 -17.6760165158022 456811.749592
30.4452796350117 114.471898614457 -23.9541488551011 456812.749593
30.4451208224666 114.471883300338 -18.6426273075656 456813.749593
30.445006472784 114.471874302687 -19.7654697670388 456814.749593
30.4448804169326 114.47191717696 -21.4650339501299 456815.749594
30.4447538246653 114.471915726908 -20.2121173265831 456816.749594
30.4446492169566 114.471889875733 -22.3979086406617 456817.749594
30.4445417219803 114.471872503555 -20.7729652696791 456818.749595
30.4444108532199 114.471922219504 -20.5276222085631 456819.749595
30.4442714093648 114.471884752752 -21.3405651818794 456820.749596
30.4441477934804 114.471917330967 -20.8530045354719 456821.749596
30.4440283368249 114.471902929088 -20.4020790456536 456822.749596
30.4438771499704 114.471927067386 -27.0566664915759 456823.749597
30.4437765438399 114.47190690553 -20.5809900294054 456824.749597
30.443657299664 114.471900599045 -23.1637250149067 456825.749598
30.4435595735593 114.471854502534 -25.8307665891223 456826.749598
30.4434410207072 114.471892628554 -20.2152461011329 456827.749598
30.4433369869734 114.471911711483 -20.8245252535898 456828.749599
30.443213578333 114.471898291157 -19.4714716909371 456829.749599
30.4431772525184 114.471896615591 -20.7636485237919 456830.749599
30.443108534223 114.471906416432 -18.9644530866808 456831.7496
30.4430147374699 114.471840151467 -16.410751026179 456832.7496
30.4429560729256 114.47181631896 -20.3539685007095 456833.749601
30.4429586998321 114.471757753564 -19.8252855470667 456834.749601
30.44290054095 114.471733235955 -20.6746168021873 456835.749601
30.4429019003946 114.4716317423 -17.8062209734907 456836.749602
30.4428863038382 114.471539429529 -21.3694525935933 456837.749602
30.4428959474004 114.471438995193 -21.2015427670127 456838.749602
30.4428663622287 114.471359389266 -19.6048300665298 456839.749603
30.4428668315138 114.471275574586 -19.5142844204596 456840.749603
30.4429024571277 114.471128442612 -17.9804481293169 456841.749604
30.4428823146234 114.470991167134 -19.3182035586709 456842.749604
30.4428696576015 114.470894988053 -24.3562492500539 456843.749604
30.442891280448 114.470747824208 -21.6926974481165 456844.749605
30.4428498121108 114.470619040979 -23.7146715538032 456845.749605
30.4429045270085 114.470497515233 -23.1255509123356 456846.749605
30.442863149892 114.470409218354 -19.3695635849446 456847.749606
30.4428950721031 114.470315580465 -20.9083207032244 456848.749606
30.4428751991291 114.470141019636 -21.1052636704176 456849.749606
30.4428783678494 114.470053052753 -21.5263709006744 456850.749607
30.4428927714926 114.469892668829 -21.6264620014529 456851.749607
30.4428577022714 114.469773875134 -27.1485434091339 456852.749607
30.442869523007 114.469656809862 -21.0757238813408 456853.749608
30.4428829620369 114.469515495997 -16.6199451009897 456854.749608
30.4428813874439 114.469432462979 -24.6944235224857 456855.749608
30.4428537746825 114.469329919092 -23.4708130897284 456856.749609
30.4428626738177 114.469203554721 -21.546173296547 456857.749609
30.4428891336474 114.469076057573 -17.135467468655 456858.749609
30.4428806094207 114.468952310848 -24.4678219125766 456859.74961
30.4428835947143 114.468841483166 -21.3707811966258 456860.74961
30.4428833455555 114.468692806827 -21.7877570124942 456861.74961
30.4428737345687 114.468598846357 -21.5769413661537 456862.749611
30.4428560154368 114.468503756208 -23.3533296885757 456863.749611
30.4428954490767 114.468401735685 -23.3766764505761 456864.749611
30.4428674961701 114.468290356926 -18.0596230614878 456865.749612
30.4428929135357 114.468190606183 -22.0175785900239 456866.749612
30.442865388872 114.468088100477 -18.977966583733 456867.749612
30.4429074583513 114.468050349192 -21.1678392343374 456868.749613
30.4429370084569 114.467948407374 -22.0049971010211 456869.749613
30.4429314698744 114.467860407384 -19.8542546404583 456870.749613
30.4430013898263 114.46784080188 -24.786424365864 456871.749614
30.4430349171719 114.467784706693 -24.4022645399872 456872.749614
30.4431149630855 114.467765845051 -20.9316913190595 456873.749615
30.4432032937935 114.46775772464 -24.5314700226019 456874.749615
30.4433121573348 114.467748939801 -20.6993916441171 456875.749615
30.4433569242876 114.467744391345 -22.0546121552239 456876.749616
30.4434724613331 114.467697607128 -21.541716316552 456877.749616
30.4434964154937 114.46771516175 -23.8600017913238 456878.749616
30.4436659344837 114.467695210292 -18.1368258339041 456879.749617
30.4437492921386 114.467692440979 -24.2421108614099 456880.749617
30.4438809911722 114.46769839661 -23.800351844708 456881.749618
30.4439642374599 114.467711874157 -24.805262853208 456882.749618
30.4440930602955 114.467693003171 -24.4805324125406 456883.749618
30.4442045149764 114.467705012651 -21.4476244010827 456884.749619
30.4443217210125 114.467722740353 -29.1052270862728 456885.749619
30.4444544663355 114.467691725007 -23.7392636485139 456886.749619
30.4445595571849 114.467686227099 -24.2678828180745 456887.74962
30.444696749484 114.467712635451 -27.6049595178436 456888.74962
30.4448019966969 114.467695432428 -25.3859626692532 456889.749621
30.4449522683738 114.467721755979 -27.7555290900011 456890.749621
30.4450555021095 114.467716590333 -27.2673338310683 456891.749621
30.4451970168626 114.467722839235 -22.6267018119052 456892.749622
30.4452825964391 114.467725810848 -29.2263791473781 456893.749622
30.4454189401983 114.467717731111 -27.4505010912035 456894.749622
30.4455203598834 114.467740345177 -26.2883279438458 456895.749623
30.4456415746972 114.467698854691 -28.9227493737348 456896.749623
30.4457495299832 114.467732229177 -25.1631732431393 456897.749624
30.4458494481314 114.467712857709 -27.7374156574295 456898.749624
30.4459641386044 114.467699050667 -25.17544423759 456899.749624
30.4460518105974 114.467687783206 -31.0456263558651 456900.749625
30.4461682804196 114.46771865101 -28.2246998876536 456901.749625
30.4462930910509 114.467725035706 -29.7479229449566 456902.749625
30.4464154642042 114.467728707125 -29.5656970402914 456903.749626
30.4465508654434 114.467708552692 -31.2246252295592 456904.749626
30.4466512510079 114.46771988625 -27.7899589983513 456905.749627
30.4467721814961 114.467719673662 -28.2069266085884 456906.749627
30.4468911548623 114.467692501932 -26.2876831528158 456907.749627
30.4470427481135 114.467721305854 -27.8313867408254 456908.749628
30.4471279099147 114.467689518017 -32.2947756025152 456909.749628
30.4473041529551 114.467702223775 -29.3990521688987 456910.749628
30.4473850934129 114.467712892777 -28.8913138342752 456911.749629
30.4475327452809 114.467698415055 -29.6854764584437 456912.749629
30.4476601839059 114.467713344592 -27.9962599882823 456913.749629
30.4478014732946 114.467705650464 -29.3011434593613 456914.74963
30.4478993300709 114.467708998121 -28.0838848335842 456915.74963
30.4480686852481 114.467716630459 -27.3060810961431 456916.74963
30.4481653535508 114.467699018832 -27.906291349004 456917.749631
30.4482919970047 114.467716326768 -30.998132027054 456918.749631
30.4484448604297 114.467732833113 -28.8803046902018 456919.749631
30.4485411766025 114.467697537825 -25.3936110142492 456920.749632
30.4486789639894 114.467759529399 -28.4982809420689 456921.749632
30.4488385053336 114.467713801334 -28.8686711371076 456922.749632
30.4489505921206 114.467731101467 -27.9787811397729 456923.749633
30.4490305179868 114.467742809667 -29.2757848932665 456924.749633
30.4491411444575 114.467740503189 -25.9171354607908 456925.749633
30.4492438234612 114.467703249918 -32.0049119677046 456926.749634
30.4493809081251 114.467764701198 -26.3657948877062 456927.749634
30.4495296576764 114.467743858038 -24.2226468014719 456928.749634
30.4495714599808 114.467738921425 -23.4699145258459 456929.749635
30.4496803663863 114.46772675106 -24.1051915209856 456930.749635
30.4497894941171 114.467747370143 -25.0892679772967 456931.749635
30.4498541555974 114.467741062807 -26.3998409594567 456932.749636
30.4499059812485 114.46774240243 -26.0893023435339 456933.749636
30.4499688003974 114.467761105996 -25.708485801729 456934.749636
30.450039776889 114.467719625058 -24.350505736038 456935.749637
30.4500643201813 114.467759078646 -27.1843029778583 456936.749637
30.4500913209473 114.467736347874 -25.3327752124019 456937.749638
30.4500917552151 114.467759330702 -24.1304051914438 456938.749638
30.4501128773511 114.467738920687 -27.6533255412446 456939.749638
30.4501149258055 114.467734873619 -23.7110040099427 456940.749639
30.4501221543676 114.467734672738 -25.5744007352887 456941.749639
30.450084927585 114.467777292009 -26.1969952517494 456942.74964
30.4501245126977 114.467769551182 -27.2166256461678 456943.74964
30.4501514841332 114.467759657944 -30.2530286319039 456944.74964
30.4502239480643 114.467753833852 -26.6802909806238 456945.749641
30.4502565831389 114.467727130654 -29.9866363338674 456946.749641
30.4502907412887 114.467739605609 -28.7274906014508 456947.749641
30.4503910726823 114.467728758133 -23.447842242912 456948.749642
30.4504537651556 114.467704924231 -25.2392742435678 456949.749642
30.4505082893464 114.467737576297 -22.0941041005052 456950.749643
30.4506129933227 114.467724608653 -26.7174737087623 456951.749643
30.4506997052844 114.467755439485 -26.661952509778 456952.749643
30.4508021915429 114.467705561612 -26.0419294537958 456953.749644
30.4509125219492 114.467730668719 -24.9120266852952 456954.749644
30.451038828271 114.467753805411 -27.0614552742506 456955.749644
30.4511499005015 114.467725230328 -29.5982183129241 456956.749645
30.4512116329664 114.467730999068 -29.1977157744954 456957.749645
30.4513397074743 114.467723039521 -26.2459149961808 456958.749646
30.4514067225044 114.467721220421 -23.0801661272977 456959.749646
30.4515414573409 114.467723405379 -29.6452399599696 456960.749646
30.4516628438634 114.467714073989 -26.5344242960538 456961.749647
30.4518139435176 114.467736844365 -22.1350363775525 456962.749647
30.4519144501589 114.467738459535 -28.3696160810506 456963.749648
30.4520494462062 114.467700526998 -29.0371701043848 456964.749648
30.4521741510379 114.46771314651 -26.1741121967262 456965.749648
30.452280741278 114.467710261788 -25.4515041919394 456966.749649
30.4523818192044 114.467709291209 -26.5271485218661 456967.749649
30.4525215147053 114.467736810034 -25.4944096865004 456968.749649
30.4526190084147 114.467717259287 -28.1951764462694 456969.74965
30.4527352290429 114.467726258879 -27.1997215570463 456970.74965
30.4528182211692 114.467722203131 -27.1568211704847 456971.74965
30.4529434943861 114.467732473619 -28.4758137306115 456972.749651
30.4529937923239 114.467710543649 -28.4849957949549 456973.749651
30.4531261976319 114.467705660288 -27.1477115398528 456974.749651
30.4531402491094 114.467725687453 -27.3443942290321 456975.749652
30.4532273214325 114.467714608801 -28.0145551310833 456976.749652
30.4532730413251 114.467717159804 -29.8572221554718 456977.749652
30.4533239359577 114.467707449158 -29.1436573895787 456978.749653
30.4533755192265 114.467717575237 -28.1423146841295 456979.749653
30.4533585900345 114.467735964433 -29.3652639107252 456980.749653
30.453384732563 114.467676782615 -30.598224586788 456981.749654
30.4534004731807 114.467708124978 -24.9372164941515 456982.749654
30.453384713598 114.467738739563 -33.528342768118 456983.749654
30.4533884723149 114.46769878786 -29.3171394481405 456984.749655
30.4534009567387 114.467706836994 -28.8883784842977 456985.749655
30.4533599174783 114.467734671174 -27.4747583553283 456986.749655
30.4533794898942 114.467733638032 -28.9318440261256 456987.749656
30.453411556591 114.467710256499 -30.8526861903857 456988.749656
30.4533914610956 114.467706796735 -27.0358326146708 456989.749656
30.4533470257741 114.467748940871 -27.3855604774806 456990.749657
30.4534022362734 114.46772831261 -24.3837283700559 456991.749657
30.4533496760713 114.467717011795 -33.2239126510481 456992.749657
30.4533780107616 114.467707266176 -29.9355714850121 456993.749658
30.4533694191863 114.467731100661 -27.0516770400219 456994.749658
30.4533724314358 114.467687397954 -26.4137929724918 456995.749659
30.4533676683962 114.467685718277 -28.4363769193381 456996.749659
30.4533626453113 114.467692591935 -27.0885587665134 456997.749659
30.4533967581629 114.467705501285 -27.2184280234154 456998.74966
30.4533736919267 114.467715044203 -29.1093543986 456999.74966
30.453370500918 114.467733463202 -32.8081752058089 457000.74966
30.4533969523003 114.4677086891 -28.2171509011889 457001.749661
30.4534207625988 114.467737238228 -26.1907329658604 457002.749661
30.4533952116048 114.467708628293 -28.4918517055587 457003.749662
30.4533892237848 114.467733013644 -25.9712502305909 457004.749662
30.4534473535712 114.467710817191 -27.2374423943573 457005.749662
30.4534387050265 114.46775298544 -28.9639846802114 457006.749663
30.4535061050618 114.467735930561 -28.9570296362913 457007.749663
30.453552410467 114.467656345743 -31.8895988332366 457008.749663
30.4535393155521 114.46760199088 -27.1673715312882 457009.749664
30.4535827418513 114.467585328478 -26.84075536293 457010.749664
30.4536178671435 114.46750938677 -25.5769358408703 457011.749665
30.4536151843018 114.467472799295 -23.1693568661299 457012.749665
30.4536213404093 114.46736178257 -30.6908328851849 457013.749665
30.4536062245602 114.467320506735 -30.272606116821 457014.749666
30.4536119830221 114.467177937676 -29.6499069097853 457015.749666
30.4536498976452 114.467076896896 -30.8707067944791 457016.749667
30.4536657695411 114.466951257195 -28.3321351934878 457017.749667
30.453653198319 114.466865357324 -29.1318047974402 457018.749667
30.4536497147684 114.466783603901 -31.4998518897674 457019.749668
30.4536381039411 114.466660523272 -31.6119325311413 457020.749668
30.4536466408768 114.466546092281 -30.7445069515733 457021.749669
30.4536788478083 114.466413340248 -26.4331798683046 457022.749669
30.4536364510155 114.466277892851 -33.2465310923751 457023.749669
30.4536713679573 114.466172735029 -32.4406670986464 457024.74967
30.4536926184389 114.466044826217 -28.9496488493733 457025.74967
30.4537088278899 114.465949143068 -29.6595616459347 457026.74967
30.4537031982669 114.465806656395 -30.8537149325092 457027.749671
30.4536721727642 114.46569672899 -30.2583963535568 457028.749671
30.4537234618346 114.465579741118 -31.1013439114274 457029.749672
30.4536986440552 114.465464190129 -30.1142663478787 457030.749672
30.4537189027499 114.465387330945 -34.46598745241 457031.749672
30.4537273536856 114.465257909643 -31.6023981175473 457032.749673
30.453715547995 114.465166085857 -37.7807314757483 457033.749673
30.4537316209536 114.465061374046 -28.8496635313395 457034.749673
30.4536942849062 114.464969621469 -38.0967367873488 457035.749674
30.4536930956432 114.464926342906 -29.6762881277334 457036.749674
30.4536439908702 114.464859589209 -32.6177443872284 457037.749674
30.4535794305585 114.464820299374 -32.6061250316682 457038.749675
30.4534997874817 114.46482561229 -30.3140823144365 457039.749675
30.4534609631565 114.464798685194 -31.4136358154113 457040.749675
30.4533796052243 114.464808205799 -34.8442527993978 457041.749676
30.4532858551581 114.464812711084 -32.4264613307313 457042.749676
30.4531654595191 114.464821285309 -31.8009228752512 457043.749676
30.4531277439948 114.464841392406 -32.2239300352359 457044.749677
30.4529726747726 114.464833249785 -30.2781447854621 457045.749677
30.4528841992973 114.464803600019 -35.8450221795421 457046.749677
30.4527440552235 114.464799799021 -30.2302116561617 457047.749678
30.4526359029465 114.464843675163 -31.9959274243594 457048.749678
30.4525034961355 114.464833640938 -31.8331423958181 457049.749678
30.4523912720952 114.464826960066 -28.646981889908 457050.749679
30.4522720775936 114.464826787068 -29.3132960539652 457051.749679
30.4521289961481 114.464815826155 -27.281024342016 457052.749679
30.4520131550169 114.46479419466 -29.7539295914933 457053.74968
30.4518818040725 114.464817892964 -31.1548142927647 457054.74968
30.4517847288564 114.464801109453 -31.1390934877829 457055.74968
30.4516408704226 114.464776687056 -31.4387327197412 457056.749681
30.4514943871289 114.464781615157 -27.6954937323376 457057.749681
30.4513703909184 114.4647649758 -29.8066131982591 457058.749682
30.4513370847808 114.464788861149 -26.454828207967 457059.749682
30.451177218544 114.464765035419 -27.0527282973002 457060.749682
30.4510639199196 114.464760200888 -28.5212295826123 457061.749683
30.4510029311401 114.46477088604 -30.0330233477687 457062.749683
30.4509018939416 114.464768191592 -31.6179473311855 457063.749683
30.4508151752942 114.464753174816 -25.1959811417578 457064.749684
30.4507059355766 114.464776948902 -26.5381000843589 457065.749684
30.450621289104 114.464750224333 -31.208096278719 457066.749685
30.4504821378218 114.464770283198 -24.7507593378084 457067.749685
30.4503996381945 114.464729163517 -28.104901917601 457068.749685
30.4502940817204 114.46475271833 -29.9844639270373 457069.749686
30.4502281510495 114.464776978881 -27.7050379644155 457070.749686
30.4500847964062 114.46477447802 -29.311166045484 457071.749686
30.4499788206893 114.464783670889 -29.9331779127336 457072.749687
30.449830656021 114.464793949661 -29.2142423593389 457073.749687
30.4497483597564 114.464765347934 -24.4730467335055 457074.749688
30.449594419757 114.464772448136 -27.0054780574776 457075.749688
30.4494972338505 114.464784566152 -27.7365755257444 457076.749688
30.4494035513683 114.464824705447 -28.4263214421141 457077.749689
30.4492516477581 114.464779186847 -24.84178439693 457078.749689
30.449134350954 114.464805594448 -26.1189138753435 457079.74969
30.4490086336776 114.464771966968 -27.3062396706372 457080.74969
30.4488981133332 114.464793381013 -26.8914131506408 457081.74969
30.4487875915665 114.46476718285 -29.0641430313294 457082.749691
30.4486243933502 114.464784292713 -26.1852909959861 457083.749691
30.4484994631569 114.464778378241 -27.9860508645909 457084.749692
30.4484018995156 114.464800233828 -27.2979925590522 457085.749692
30.4482386295683 114.464763747068 -24.4432358810994 457086.749692
30.4481115107618 114.464809646267 -27.7843103332134 457087.749693
30.4479820164442 114.464778009905 -24.7842512684547 457088.749693
30.4478172407449 114.464769816053 -22.323531160236 457089.749693
30.4477022404275 114.464765080494 -24.57094819629 457090.749694
30.4476202045607 114.464791471651 -26.8644669706405 457091.749694
30.4474731041838 114.464739607098 -23.9885409980894 457092.749694
30.4473475642802 114.464771990136 -25.687699759182 457093.749695
30.4472252646059 114.464750275257 -24.1999389514466 457094.749695
30.4471295734457 114.464778290984 -25.2445368067845 457095.749695
30.4469938271398 114.464774204049 -24.8506115836186 457096.749696
30.4469049817323 114.464784385401 -25.7608923810551 457097.749696
30.4467841430568 114.464734938761 -25.9664348366653 457098.749696
30.4467203137561 114.464740558728 -25.4518827582057 457099.749697
30.446688072758 114.464790023862 -28.5363738248095 457100.749697
30.4465819173488 114.464723044288 -27.1268934040306 457101.749697
30.446588382985 114.464750645479 -24.8254077152134 457102.749698
30.4465600039981 114.464733949478 -24.8442265956113 457103.749698
30.4465176117377 114.464761356752 -22.4046767530901 457104.749698
30.4465211277229 114.46474211326 -23.9413480065844 457105.749699
30.4465190353772 114.464779699286 -23.4547856416529 457106.749699
30.4465457135071 114.464740676341 -23.6118388908653 457107.749699
30.4465279669105 114.464731671632 -24.7166843331909 457108.7497
30.4465279255763 114.46475192954 -24.1019523676966 457109.7497
30.4465174686343 114.464744633705 -23.3313391340137 457110.7497
30.4465442816685 114.464740426126 -25.7660126008143 457111.749701
30.4464906236436 114.464752380302 -23.329593971853 457112.749701
30.4465020742713 114.464750364404 -25.4987058565136 457113.749701
30.4465147874519 114.464742950534 -21.8683709205596 457114.749702
30.4465133861255 114.464725279046 -20.8337023249511 457115.749702
30.4465118166668 114.464763245697 -25.51294767774 457116.749703
30.446480661625 114.464749928972 -23.8868034053145 457117.749703
30.446518470817 114.464773007968 -24.551328353565 457118.749703
30.44650343617 114.4647631034 -24.5879748298192 457119.749704
30.4465091590175 114.464764035311 -25.4925958743881 457120.749704
30.4465192253048 114.464745159285 -23.9946200206247 457121.749705
30.4465353095306 114.464738638328 -23.162668445027 457122.749705
30.4465207981706 114.464744442746 -25.4330921356941 457123.749705
30.4465147317694 114.464731572307 -23.3273054132732 457124.749706
30.4464849498292 114.464738570603 -22.9383192485898 457125.749706
30.4464993225193 114.464722653488 -23.3573794467003 457126.749707
30.446509410048 114.464771423452 -24.4974056129698 457127.749707
30.4464915949032 114.464768273194 -25.0731804423061 457128.749707
30.4465307196248 114.464756965232 -25.4733005467138 457129.749708
30.4465060816612 114.464720985631 -24.7811034263939 457130.749708
30.4465178708245 114.464748382212 -25.3818323163941 457131.749708
30.446507970047 114.46473864844 -25.3759195103767 457132.749709
30.4465191642862 114.464747256392 -25.1468532636528 457133.749709
30.4464991136008 114.464729924344 -23.5395554211766 457134.74971
30.4464702534483 114.46473538179 -26.127868781476 457135.74971
30.4464417554884 114.464727701801 -21.7021569594638 457136.74971
30.4464257386889 114.46472057765 -21.0094554987843 457137.749711
30.4463567516278 114.464721474328 -26.3692470767265 457138.749711
30.4463009248196 114.464766014435 -23.9943071497746 457139.749712
30.4462150335786 114.464732640945 -24.9299490168836 457140.749712
30.4461667115831 114.464758013283 -28.2470358480798 457141.749712
30.4460912258296 114.464755686847 -22.3115080472776 457142.749713
30.4460145143545 114.464759148516 -26.193954549454 457143.749713
30.4459119853641 114.464765664115 -26.0060888941175 457144.749713
30.4458125823437 114.464755850147 -20.6472121761041 457145.749714
30.445718438297 114.46471812032 -24.5339621153756 457146.749714
30.4456257634153 114.464771274161 -20.4483527792785 457147.749714
30.4455164015129 114.464812792416 -23.3822269783331 457148.749715
30.4453818969637 114.464740686568 -22.8928364639611 457149.749715
30.445242770657 114.464752295672 -24.4413107348989 457150.749715
30.4451606960735 114.464739553527 -23.4838213652058 457151.749716
30.4450432333043 114.464777349858 -21.6382783607326 457152.749716
30.4448917688334 114.464762373921 -25.2451208327004 457153.749716
30.4448045068227 114.464763996377 -28.2999163195733 457154.749717
30.4446823131811 114.464781233768 -18.2078338936307 457155.749717
30.4445808159127 114.464772034262 -26.6632593205326 457156.749717
30.4444213140436 114.464759385453 -23.1123585681372 457157.749718
30.4443116785366 114.464764164354 -24.6283236372779 457158.749718
30.4441888059342 114.464794117095 -24.625749561692 457159.749718
30.444107419053 114.464784437989 -23.9411875022551 457160.749719
30.4439841067435 114.464751267957 -24.6148391246124 457161.749719
30.4438993195494 114.464766732174 -23.0374695441387 457162.749719
30.4437987291566 114.46474909289 -21.9279887271512 457163.74972
30.4436912492731 114.464780692108 -25.9599689239558 457164.74972
30.4435811658146 114.464782041453 -21.5436208533271 457165.74972
30.4434729663781 114.464761770779 -23.3542984506183 457166.749721
30.4434049165742 114.464771291491 -26.6937873890011 457167.749721
30.4433389432689 114.464741248852 -18.7213587053067 457168.749721
30.44326879152 114.464747331694 -23.1498079781222 457169.749722
30.4431796559497 114.464768314638 -21.0767038606756 457170.749722
30.4431269270555 114.464701952697 -26.1964450501891 457171.749723
30.4430353012545 114.464667990399 -20.3564004372196 457172.749723
30.4429549970168 114.464623671907 -20.8746361120283 457173.749723
30.4429455134773 114.464563818026 -20.4382603126344 457174.749724
30.4428813603257 114.464480355795 -22.0879486345858 457175.749724
30.442903063263 114.464414491229 -23.3854432841802 457176.749725
30.4428977626522 114.464287159751 -22.6528049439685 457177.749725
30.4429066805913 114.464239382484 -24.6996911183647 457178.749725
30.442891319971 114.464147507177 -21.8901177966622 457179.749726
30.4428880586017 114.46402588377 -23.8870596154717 457180.749726
30.4429200446308 114.463956015576 -24.2902210211563 457181.749726
30.4428868081683 114.463854418138 -25.2988017372876 457182.749727
30.4429151634631 114.463729773319 -23.426902403509 457183.749727
30.44291508905 114.463648506102 -24.5683093025226 457184.749728
30.4428935287253 114.463481752096 -27.3666255553869 457185.749728
30.4428965684106 114.463407731325 -18.4539935208687 457186.749728
30.4429225876575 114.463284941538 -22.0108258743762 457187.749729
30.4428923868728 114.463168943146 -24.3376631394592 457188.749729
30.4428767832073 114.463016474734 -23.3562755708423 457189.74973
30.4429149556771 114.462947747535 -25.8617220979617 457190.74973
30.4428943862119 114.462847591212 -23.9205943639701 457191.74973
30.4429161772937 114.462736045542 -24.039053612685 457192.749731
30.4429402509098 114.462634650843 -23.5955486667107 457193.749731
30.4429036288258 114.462500540733 -24.0219132287459 457194.749732
30.4428805485222 114.462373648853 -23.4285066144464 457195.749732
30.4429131152018 114.462308518575 -22.5339207676475 457196.749732
30.4429272505831 114.462236056556 -20.6362921405325 457197.749733
30.4429179754086 114.462162694159 -24.427044759265 457198.749733
30.4429978614461 114.462072570024 -20.9219358192818 457199.749733
30.4430375877188 114.462039765176 -24.4214159470116 457200.749734
30.4431160431025 114.461974262748 -23.3658779891272 457201.749734
30.443177494778 114.46195117683 -24.8994372468032 457202.749734
30.4432753620444 114.461923141031 -25.6755378278121 457203.749735
30.4433303853532 114.461933303007 -20.5846860279474 457204.749735
30.4434433213429 114.461975703273 -24.0618922184891 457205.749735
30.4435408118438 114.461936120629 -21.3072996066837 457206.749736
30.443613128893 114.461935567326 -23.1515337346255 457207.749736
30.4437119878222 114.46196528806 -21.5394282364544 457208.749736
30.4438693031866 114.461961206674 -25.0223946360719 457209.749737
30.4439309562182 114.461958039782 -23.2781673267706 457210.749737
30.4440663174033 114.461937754136 -24.4517353412315 457211.749737
30.444183235807 114.461947865853 -26.1882933324655 457212.749738
30.4442753363962 114.46194398745 -21.909149183672 457213.749738
30.4444050025499 114.461939391121 -24.3111711924853 457214.749738
30.4445547669273 114.461955588416 -26.8606222246436 457215.749739
30.444649527852 114.461980230723 -27.8373797912427 457216.749739
30.4447608539981 114.461922108417 -21.099105970587 457217.749739
30.4448929029014 114.461954611094 -28.0407377878946 457218.74974
30.4450276235966 114.46195288557 -26.0292896104853 457219.74974
30.4451095662818 114.461937317909 -24.813972284199 457220.74974
30.4452507714436 114.461939973071 -24.0528550090985 457221.749741
30.4453440903299 114.461974996589 -24.5083319200685 457222.749741
30.4454765902726 114.461982080636 -21.8913487285795 457223.749741
30.445611442676 114.461998476504 -27.1575062508523 457224.749742
30.445635342401 114.461953853266 -26.6648637334141 457225.749742
30.4457589856403 114.461978841784 -24.8942098738102 457226.749743
30.4457972933691 114.462005519733 -24.1733658537649 457227.749743
30.4458478022027 114.461964559786 -27.2441778361242 457228.749743
30.4459430611123 114.462018029765 -26.8711296335463 457229.749744
30.4459826460911 114.461975017709 -27.3719681371765 457230.749744
30.4460160395046 114.461992386304 -31.6954082987068 457231.749745
30.4459952392496 114.461968483681 -28.4978472117502 457232.749745
30.4460142068886 114.461972602605 -25.629402447187 457233.749745
30.4460066081201 114.461967410996 -25.178876781134 457234.749746
30.4460250618523 114.461982335552 -23.8994480925256 457235.749746
30.4460065517628 114.462004437037 -22.56513967277 457236.749746
30.4460129994451 114.461978743898 -27.8336871775555 457237.749747
30.4460150687548 114.46197964128 -24.0663964503648 457238.749747
30.4460312350306 114.461997003607 -26.4490174331752 457239.749748
30.4460784406942 114.461999968061 -27.5449085935018 457240.749748
30.4460727156286 114.462015610848 -20.9887378193352 457241.749748
30.4461104086841 114.461990275178 -25.8006096460809 457242.749749
30.446193039881 114.462001619559 -27.7940114699249 457243.749749
30.4462538828478 114.461994760459 -24.9200776447678 457244.74975
30.4463392803425 114.461994930934 -24.0792933156698 457245.74975
30.4463570573623 114.461955559289 -24.8986257379279 457246.74975
30.4464932909204 114.461997497005 -31.2657781685001 457247.749751
30.4465618327298 114.461947473533 -26.8329221151265 457248.749751
30.4466631887142 114.461956437239 -23.1938271635806 457249.749752
30.4467789797485 114.46197303994 -24.3128557832512 457250.749752
30.4468561098093 114.461968480612 -26.5275940414021 457251.749752
30.4470104832334 114.461960398309 -29.0199208529374 457252.749753
30.4471188437687 114.461944759072 -28.5363848528916 457253.749753
30.4472447408507 114.461919598367 -29.7277029181482 457254.749753
30.4473490486577 114.461917098064 -26.4523602330772 457255.749754
30.4474319061328 114.461885053074 -23.8241856364943 457256.749754
30.4475516352664 114.461898339082 -27.7392790335876 457257.749754
30.4476604861645 114.461890570227 -27.2734124210362 457258.749755
30.4478137777305 114.461877401115 -25.4280701312588 457259.749755
30.4479226231854 114.461867724333 -25.1241358811265 457260.749755
30.4480220772627 114.461823809343 -25.3023192667323 457261.749756
30.4481622652297 114.461829544577 -24.7733790744714 457262.749756
30.4482697131146 114.461800341533 -26.474949683219 457263.749756
30.4483812455095 114.46172816758 -24.7226644378671 457264.749757
30.4485166546189 114.461765317845 -24.7659657128029 457265.749757
30.4485944726436 114.461719334036 -25.2099085414269 457266.749757
30.4487444195258 114.461737839432 -23.0655366478123 457267.749758
30.4488181548259 114.461713049584 -26.6847283164806 457268.749758
30.4489377163105 114.461661064402 -27.7611365895515 457269.749758
30.4490521371727 114.461673772515 -27.8450860207676 457270.749759
30.4491760683781 114.461653919151 -30.1958840914537 457271.749759
30.4493160668941 114.461638610875 -26.9930956880675 457272.749759
30.4494150637458 114.461612681175 -28.181888922159 457273.74976
30.4494771471848 114.46158836596 -28.6301326310248 457274.74976
30.4495674581712 114.461588312324 -27.8400921355997 457275.74976
30.4496576601467 114.46155670039 -24.7341650257738 457276.749761
30.4497343864115 114.461531771533 -27.5292150540746 457277.749761
30.4498224329075 114.461474230348 -28.294546859033 457278.749761
30.4499002976288 114.46147964003 -28.4777596022471 457279.749762
30.4499475662229 114.461455686356 -27.8348457157186 457280.749762
30.4500184252444 114.461454411109 -28.4913514106637 457281.749762
30.4500430402377 114.461447617805 -29.6271111019576 457282.749763
30.4501255116955 114.461458652194 -27.8697634948226 457283.749763
30.4501133745161 114.461457416126 -29.3509733991805 457284.749764
30.4501743891622 114.461420909398 -28.1328934892279 457285.749764
30.4501795600451 114.461406192327 -29.1254905501105 457286.749764
30.4501888788833 114.46141596179 -24.3639524013805 457287.749765
30.4502316024513 114.461393678937 -32.125320793254 457288.749765
30.4503019403571 114.461402679824 -33.0576656330368 457289.749766
30.450350416318 114.461368341829 -29.3576310804442 457290.749766
30.4504356923199 114.461338831259 -28.5023805857873 457291.749766
30.4505272226081 114.461312927543 -31.5953599589546 457292.749767
30.4505435372262 114.461294047336 -33.1604338099119 457293.749767
30.4506717073791 114.461294651962 -29.5444627785796 457294.749767
30.450753080516 114.461249578924 -27.3056024229386 457295.749768
30.4508364612218 114.461231618631 -33.2541381691906 457296.749768
30.4509219628818 114.461172325803 -32.4452219133885 457297.749769
30.4510402672885 114.461137628236 -32.9790403151906 457298.749769
30.4511576596282 114.461124766756 -29.2641309906763 457299.749769
30.4513080248217 114.461098618788 -27.2746108905593 457300.74977
30.4513834837479 114.461026582132 -27.5271841355746 457301.74977
30.4515313271303 114.460996242735 -28.9992436535907 457302.749771
30.4516089172499 114.460965481978 -31.2384856006868 457303.749771
30.4517464019419 114.460938101156 -27.9396821135465 457304.749771
30.4518475944804 114.46092880249 -27.8049861037253 457305.749772
30.4519805505572 114.460841214469 -29.1690574577293 457306.749772
30.452122893292 114.460813034253 -32.261837730944 457307.749772
30.4521877131555 114.46077747489 -28.2029285525046 457308.749773
30.4523038876867 114.460708358684 -32.088316759955 457309.749773
30.4524552720837 114.46074294479 -31.0633065251931 457310.749774
30.4525980539746 114.460654841403 -32.6947207254889 457311.749774
30.4526847557497 114.460626931302 -28.394690403013 457312.749774
30.4528231480392 114.460575952159 -34.2178572777265 457313.749775
30.4529708838567 114.460575217924 -29.7358817524667 457314.749775
30.4530685651632 114.460528981583 -28.5355662178632 457315.749775
30.4531946702122 114.460484090221 -32.651958282541 457316.749776
30.4532962845754 114.460513925819 -32.3615120730716 457317.749776
30.4533766446278 114.460472953179 -28.6221915758008 457318.749776
30.4534614721507 114.460437989616 -32.1548675339555 457319.749777
30.4535440677389 114.460463494173 -32.9587637171941 457320.749777
30.4536333820443 114.460408552122 -33.6662917984263 457321.749777
30.4537015749242 114.460404831066 -31.2323211472095 457322.749778
30.4537316030808 114.46041717765 -33.2474884309463 457323.749778
30.4537838014418 114.460486818815 -31.2064615484657 457324.749778
30.4538051747981 114.460543429595 -32.0557720133696 457325.749779
30.4538501419927 114.460598680593 -29.6520741548934 457326.749779
30.4538343534463 114.460667699285 -29.8381248354107 457327.749779
30.4538515037321 114.460728143629 -33.8035467052559 457328.74978
30.4538502709928 114.460774437552 -30.4036764591279 457329.74978
30.4538732932366 114.46081036206 -30.9528056842312 457330.74978
30.4538705214479 114.460863589646 -26.2764530050815 457331.749781
30.4538707571439 114.460854404228 -31.1488997697618 457332.749781
30.4538859741787 114.460875131239 -34.7479874787271 457333.749781
30.4538920343852 114.460898656864 -35.6631784651611 457334.749782
30.4538778626971 114.460909418145 -31.6140106556461 457335.749782
30.4538517081929 114.460981443128 -35.664624166012 457336.749782
30.4538952519053 114.460983440807 -31.4040031776914 457337.749783
30.4538485513085 114.461060519233 -32.0303776117243 457338.749783
30.4538714926737 114.461147123557 -35.2069014503728 457339.749783
30.4538336190015 114.461211669949 -34.8639535217563 457340.749784
30.453847094135 114.461335483004 -32.866235650919 457341.749784
30.4538642157223 114.461435414961 -31.8236855808876 457342.749785
30.4538482058948 114.461527496298 -36.369505799837 457343.749785
30.4538677057931 114.461677312814 -36.2225430202575 457344.749785
30.4538308591295 114.46176222328 -35.0591276593042 457345.749786
30.4538361960186 114.461884876222 -30.4530766321237 457346.749786
30.4538402441709 114.461966852647 -33.6353079830236 457347.749787
30.4538544559914 114.46209733124 -31.9117255325481 457348.749787
30.4538230368721 114.462211525484 -33.3183439752467 457349.749787
30.4538392298205 114.462368996706 -31.3763767321139 457350.749788
30.4538557721238 114.462432478519 -31.593691249618 457351.749788
30.4538369218497 114.462537753628 -34.5363426365797 457352.749788
30.4538182201115 114.462647858281 -33.9300780006175 457353.749789
30.4538355548339 114.46280757249 -29.049092653352 457354.749789
30.4538330635342 114.462880888305 -34.6381273097413 457355.74979
30.4537898312984 114.463018071518 -34.3174829049695 457356.74979
30.4538087021956 114.463123484125 -36.2287020074621 457357.74979
30.4537345023377 114.463226412036 -31.8216367718855 457358.749791
30.453782417082 114.463364689872 -37.4759886601867 457359.749791
30.4537378683418 114.46349498788 -31.3260709824976 457360.749792
30.4537630428297 114.463581167063 -36.3390548357133 457361.749792
30.4537725835877 114.463712382631 -35.1501497945054 457362.749792
30.4537280985924 114.463837027705 -30.3608363228675 457363.749793
30.453757573318 114.463941566158 -31.9374127189795 457364.749793
30.4536985277113 114.464064670648 -31.4337687866981 457365.749794
30.4537104907827 114.464153684517 -33.8869383814413 457366.749794
30.453735002878 114.46420822157 -36.4207176967332 457367.749794
30.4536992752826 114.464313794886 -34.7046411183335 457368.749795
30.453674894945 114.464366435464 -30.7172300555663 457369.749795
30.4536954079551 114.464387411801 -30.9083001179419 457370.749795
30.4537191045807 114.464460365068 -32.8828729911586 457371.749796
30.453729691318 114.464489218202 -29.6896576381951 457372.749796
30.4536907389002 114.464485162005 -33.1597518797689 457373.749796
30.4536838969053 114.464489875973 -34.1952775753513 457374.749797
30.4537300202759 114.464513023443 -32.499820289927 457375.749797
30.4536737100362 114.464507678748 -33.7127758731085 457376.749798
30.4537063595368 114.464531825355 -35.9919613167936 457377.749798
30.4536804324809 114.464533538345 -34.0903333556294 457378.749798
30.4536935637711 114.464549230025 -34.7497523464492 457379.749799
30.4536706887422 114.464619389264 -29.9252146048214 457380.749799
30.4536905863726 114.464710592468 -33.1072465510569 457381.749799
30.453699361007 114.464746207855 -35.7435870483406 457382.7498
30.4536698812835 114.464793794078 -32.3854556304732 457383.7498
30.4537058745262 114.464896646914 -33.4921318796005 457384.7498
30.4536766603673 114.465012225724 -28.2621246743668 457385.749801
30.4536547716687 114.465085275404 -31.6650012729144 457386.749801
30.4536704794021 114.465181278372 -30.2056400219251 457387.749801
30.4536741260561 114.465310445371 -27.2622346775788 457388.749802
30.453672967602 114.465429273666 -28.3488082387107 457389.749802
30.4536620595621 114.465544110893 -27.1333871031576 457390.749802
30.453649072469 114.465698916322 -29.4957083354609 457391.749803
30.4536419614435 114.465799050203 -24.2478143994741 457392.749803
30.4536289116068 114.46594357919 -30.319435573812 457393.749803
30.4536426210633 114.466043705277 -31.6910707797647 457394.749804
30.453611626381 114.466143105471 -33.4888578829075 457395.749804
30.4536185807686 114.466313710013 -29.8097619737905 457396.749804
30.4536382308102 114.466453885469 -27.2482974188207 457397.749805
30.4535690066181 114.466551235511 -29.0407193978657 457398.749805
30.4536195697451 114.466660248222 -28.4400225331167 457399.749805
30.4536019871961 114.466809163471 -30.573279779408 457400.749806
30.4535844880035 114.466913981505 -28.9354733035711 457401.749806
30.4535768489708 114.467015635141 -30.8039960844893 457402.749806
30.4535719572571 114.467118918813 -28.6622895889153 457403.749807
30.4535841988809 114.467189217239 -26.9230549694868 457404.749807
30.4535787593891 114.467289725558 -29.221657517703 457405.749808
30.4535497656684 114.467354454603 -26.7393228181991 457406.749808
30.4535418460517 114.467475983684 -26.3571380828259 457407.749808
30.4535789618102 114.467555971555 -28.4945549337383 457408.749809
30.4535616154849 114.467619669063 -30.033100165533 457409.749809
30.4535470851533 114.467744281358 -31.5181783903717 457410.74981
30.4535647480337 114.467801714832 -26.9648344611654 457411.74981
30.4535560017313 114.467905843069 -25.7404077771797 457412.74981
30.4535660115138 114.468014136337 -30.8125122671523 457413.749811
30.4534969267028 114.468117687366 -26.0985582130965 457414.749811
30.4535312798352 114.468242024606 -25.9425090937326 457415.749811
30.4535280518048 114.468387133643 -30.5186922204326 457416.749812
30.4534847322778 114.468496591114 -26.2717335662017 457417.749812
30.4535223034323 114.468585549507 -33.3044137579191 457418.749813
30.4535046316246 114.468730487389 -27.3077983347488 457419.749813
30.4534639361082 114.468845526758 -29.0650605571747 457420.749813
30.4534934604314 114.468962351554 -27.8944201396268 457421.749814
30.4534718304386 114.469134686057 -24.3448748854717 457422.749814
30.45350160058 114.469272392774 -29.0863754417322 457423.749815
30.4534800566458 114.469387626176 -29.3141238156899 457424.749815
30.4534342551488 114.469500999563 -30.9814885990798 457425.749815
30.4534232340481 114.469654719272 -28.4032688834243 457426.749816
30.4534448111256 114.469766801799 -29.6444725393273 457427.749816
30.4534214914665 114.469947202444 -25.4054693774027 457428.749817
30.4534225563697 114.470032992809 -28.7469211689001 457429.749817
30.4534510385548 114.470160561711 -26.3259722995897 457430.749817
30.4534151584671 114.470322962383 -30.3383571970093 457431.749818
30.4534094651578 114.470445732672 -23.5917902878408 457432.749818
30.4534327732021 114.470610335985 -26.1088665802281 457433.749818
30.4534087013891 114.47072444703 -26.8055290336763 457434.749819
30.4534045910048 114.470837023119 -24.7983212393616 457435.749819
30.4533695343739 114.470972988522 -28.9032160449139 457436.749819
30.4533869570249 114.471065686124 -28.1933101736636 457437.74982
30.453359517164 114.471194437912 -21.9028496291055 457438.74982
30.4533531071927 114.471287953439 -22.346259189075 457439.74982
30.4533693707571 114.471362342792 -26.3103542538343 457440.749821
30.4533204811531 114.471443664307 -21.5045559303869 457441.749821
30.4533059907092 114.471564209528 -25.6316984064155 457442.749821
30.4533086812518 114.471616948521 -26.3823497263528 457443.749822
30.4533060735122 114.471695192712 -27.7383684369928 457444.749822
30.4533061542147 114.471747003675 -23.4155495389046 457445.749822
30.4532768459313 114.471854712764 -21.6237852525432 457446.749823
30.4531884861554 114.471878140619 -24.7975204036983 457447.749823
30.4531475689087 114.471903195084 -21.7818312329592 457448.749823
30.4530605923553 114.471931497002 -26.7137209762272 457449.749824
30.4530049539463 114.47194692533 -23.3181726971304 457450.749824
30.4528973890933 114.471916223432 -24.2700988927998 457451.749824
30.4528163378495 114.471922733704 -24.6046237047787 457452.749825
30.4527219069809 114.47194743362 -24.8277416227826 457453.749825
30.4526604492834 114.47194504148 -24.6748668179036 457454.749825
30.4525370249412 114.471906849305 -20.8336243091346 457455.749826
30.4524215411666 114.471947142184 -22.7929968142733 457456.749826
30.4523486162505 114.471927800821 -20.3984854978115 457457.749826
30.4522403360427 114.471923686107 -22.9698736298846 457458.749827
30.4521152235918 114.471924764356 -21.6414932670829 457459.749827
30.4520418603921 114.471927603264 -21.32311482953 457460.749828
30.4518979113673 114.471938672317 -22.8700319208431 457461.749828
30.451792934256 114.471895630209 -21.2905586677842 457462.749828
30.4516878571109 114.471906603715 -20.6029765810813 457463.749829
30.4515762920681 114.471932816301 -11.9027371301454 457464.749829
30.4514927434082 114.47191515523 -20.0583071226178 457465.749829
30.4513526010334 114.471932929991 -21.3642699217627 457466.74983
30.4512977141132 114.471921717472 -19.395294434088 457467.74983
30.4511816822908 114.471908990323 -20.6409153783189 457468.749831
30.4510894230929 114.471882730734 -13.5831521538838 457469.749831
30.4509907618516 114.471898112287 -17.4623385345771 457470.749831
30.4509445990644 114.471905156165 -20.1288316942673 457471.749832
30.4508567888753 114.471935077207 -17.6817445355317 457472.749832
30.4507426132644 114.471918522713 -16.5731287665361 457473.749833
30.4506882831817 114.471881773003 -19.0135249172842 457474.749833
30.450619695514 114.471892004721 -23.6219039961567 457475.749833
30.450506493234 114.471894920349 -20.9509901983639 457476.749834
30.4504211859031 114.47194034399 -17.1008447356043 457477.749834
30.450326530482 114.471896225798 -16.3153777875771 457478.749835
30.4502224290328 114.471886553059 -15.6858720505255 457479.749835
30.4501410694408 114.47186153171 -18.8097004960323 457480.749835
30.4500339794767 114.471925081744 -19.7213466743805 457481.749836
30.4499019232682 114.471903449498 -19.3626753515094 457482.749836
30.4498054239435 114.47189064554 -17.6983209493668 457483.749837
30.4497172658306 114.471885382959 -18.7438246446577 457484.749837
30.4496043336653 114.4719005663 -14.8577919774881 457485.749837
30.4494967222719 114.471882460116 -14.6989886536388 457486.749838
30.4493769956196 114.471922298167 -24.1286164491101 457487.749838
30.4492942644737 114.47191987179 -17.9161571603333 457488.749838
30.4491766445355 114.471919355038 -18.5603322517395 457489.749839
30.4490683708638 114.471914154123 -18.4940269931788 457490.749839
30.4489543152098 114.471937340938 -16.4905684010643 457491.749839
30.4488211083987 114.471891379061 -16.1504080815898 457492.74984
30.4486921037394 114.471902365057 -14.4994157341727 457493.74984
30.4486126229992 114.47196903215 -24.5706720053397 457494.74984
30.4485047851031 114.471939671804 -19.8246844347614 457495.749841
30.4484325822803 114.471914753479 -20.2358775661252 457496.749841
30.4482667417133 114.471914241011 -20.7022558986301 457497.749841
30.4481557326229 114.471910865214 -16.3709026976236 457498.749842
30.4480618134401 114.471892001096 -19.9007228695868 457499.749842
30.4479917675582 114.471912318015 -19.1688334866582 457500.749842
30.4478770720037 114.471898133756 -17.9560613988088 457501.749843
30.4477527323825 114.471885214688 -18.9501637070111 457502.749843
30.4476235714803 114.471892978007 -18.241389806382 457503.749843
30.4475851327877 114.471898390709 -21.0304273413574 457504.749844
30.4473989638552 114.471918519985 -19.8198137660466 457505.749844
30.4473118296565 114.471891667519 -23.0176233734085 457506.749844
30.4472175644016 114.471891433132 -20.2894692131583 457507.749845
30.4470941959899 114.47190092752 -20.7716465692421 457508.749845
30.4470104816801 114.471891212518 -24.77221885687 457509.749845
30.4469221294044 114.471889528475 -20.1599257438207 457510.749846
30.4468216922542 114.471922028449 -23.0439099428422 457511.749846
30.4466857798297 114.471862264569 -21.6566036732866 457512.749846
30.4466062762351 114.471892276762 -21.1302052551778 457513.749847
30.4465078627635 114.471888126252 -22.0876596115249 457514.749847
30.4464221082449 114.471873640578 -26.6315233463413 457515.749847
30.4463246581957 114.471859914769 -18.2707295573635 457516.749848
30.4461955962841 114.471892026573 -21.0012856997043 457517.749848
30.4461089294918 114.471852996757 -21.7178022476862 457518.749849
30.4459982317398 114.471898560631 -21.7900803686399 457519.749849
30.4459128875474 114.471866089357 -21.7786577712603 457520.749849
30.4457919850444 114.471898960072 -21.8980811147584 457521.74985
30.4457214057984 114.471902445266 -20.9090502821065 457522.74985
30.4455614283435 114.471878170348 -21.9378754487348 457523.749851
30.4454642111302 114.471905462298 -20.0670563343181 457524.749851
30.4453568755842 114.471918353511 -19.7373215049585 457525.749851
30.4452344714587 114.471852186097 -18.581064905057 457526.749852
30.4451034414119 114.471905074496 -19.023839960823 457527.749852
30.445010748108 114.471908603147 -20.794019030878 457528.749853
30.4449143200373 114.471911156646 -17.9406123131934 457529.749853
30.4447848244835 114.47191367415 -19.7127698444562 457530.749853
30.444662596232 114.471904112195 -18.7972269539576 457531.749854
30.4445690928853 114.471889634389 -21.1377049462134 457532.749854
30.4444070465772 114.471862874008 -20.2762166268645 457533.749854
30.4443088890989 114.47192249903 -22.7624118548703 457534.749855
30.4442067021304 114.471917283659 -17.5097907177783 457535.749855
30.4440950169663 114.471868146523 -18.9259272450656 457536.749856
30.4439611233131 114.471904398914 -21.5643210897806 457537.749856
30.4438233228923 114.471899140895 -18.9087946734527 457538.749856
30.4437156028625 114.471888003707 -20.327181200358 457539.749857
30.4435720524398 114.471915500517 -21.1656262755913 457540.749857
30.4434873183273 114.471901082696 -20.4878106997176 457541.749858
30.4433744042258 114.471885060664 -18.5082526754525 457542.749858
30.4433041729821 114.471908720927 -20.5326000285431 457543.749858
30.4431958070634 114.471891948101 -18.8218582901822 457544.749859
30.4431231783563 114.47190299856 -22.564843593921 457545.749859
30.4430573938013 114.471869441552 -18.8826159589361 457546.749859
30.4429918878323 114.471837501403 -22.0838878910331 457547.74986
30.4429340047726 114.471819378583 -18.7860267990394 457548.74986
30.4429200489125 114.471748486642 -20.3131678776776 457549.74986
30.4428896259498 114.471634568013 -21.3540326342656 457550.749861
30.4428768579517 114.471551827924 -22.2136314418825 457551.749861
30.4428645589383 114.471472490139 -19.6582630867978 457552.749861
30.4428550390288 114.471372381611 -19.5671585897644 457553.749862
30.4428537638102 114.471266266924 -18.4853942502412 457554.749862
30.4428491834138 114.471161017916 -20.0956311290624 457555.749862
30.4428497339559 114.471094923688 -21.0355919899626 457556.749863
30.4428779041245 114.470984343654 -20.7693874228993 457557.749863
30.4428653311167 114.470858651422 -22.6995070411876 457558.749863
30.4429055590829 114.470754446272 -21.6099751001382 457559.749864
30.4428811624342 114.470627015295 -21.0587408415854 457560.749864
30.4428795927561 114.470538317678 -21.577779623121 457561.749864
30.4428775020164 114.470458586514 -21.8256722654078 457562.749865
30.4428781043876 114.47032703314 -23.4316510122299 457563.749865
30.4428041272733 114.470219284219 -18.8967337874042 457564.749865
30.4428341531191 114.470110177963 -20.2136989725318 457565.749866
30.4427971159949 114.470044023844 -22.0766313621339 457566.749866
30.4427927826075 114.469912264954 -20.6852105824117 457567.749866
30.4427453115182 114.469800967116 -15.9808468706079 457568.749867
30.4427919543198 114.469646360134 -23.4701949325417 457569.749867
30.4427863540863 114.469554089073 -18.044393758765 457570.749867
30.4427958401995 114.469391439472 -18.2804305597383 457571.749868
30.4427745825015 114.469268911361 -19.1505681559458 457572.749869
30.4427458738578 114.469144943305 -21.6761082366484 457573.749869
30.4428107459126 114.469002875161 -24.194526400874 457574.749869
30.4428013141519 114.46887507944 -19.5992990703785 457575.749869
30.4427565855707 114.468700671758 -22.9875374753321 457576.74987
30.4427990880959 114.468617883237 -23.6822782722672 457577.74987
30.4427742431921 114.46854055756 -22.1826642561921 457578.74987
30.4428035435307 114.468357925359 -21.9815443201156 457579.749871
30.4427840305558 114.468309075744 -19.839133115405 457580.749871
30.4427957682936 114.468246900467 -23.5115189202917 457581.749872
30.4427983841095 114.468191904144 -23.0695507469524 457582.749872
30.4427958902881 114.468131385491 -21.7486984106841 457583.749872
30.4428105740775 114.468051852627 -21.7365928607895 457584.749873
30.4427956839284 114.468024289484 -22.511710388685 457585.749873
30.4428034530236 114.468000252256 -20.5839532256369 457586.749874
30.4427720844285 114.467995594661 -21.3426310909265 457587.749874
30.4428208130082 114.467975130276 -16.6411373968298 457588.749874
30.4428027754249 114.467988577552 -20.9560144126297 457589.749875
30.4427909243922 114.467946641962 -23.0278647398785 457590.749875
30.4427891641643 114.467970957281 -19.8340770447207 457591.749876
30.4428259604013 114.467933028294 -23.4169486849647 457592.749876
30.4428104725401 114.467998619228 -22.6995030851361 457593.749876
30.4428156444784 114.467983608526 -18.8675955485223 457594.749877
30.4427842878123 114.46795717915 -25.6241757291715 457595.749877
30.4428241862641 114.467935918478 -21.3240086147003 457596.749877
30.4427760185636 114.46794325022 -20.1298748056264 457597.749878
30.4428162354932 114.467966916322 -21.3400069255741 457598.749878
30.4428079101729 114.467989825565 -22.1721851224644 457599.749879
30.4428018147244 114.467981146858 -22.0469503190514 457600.749879
30.4428108989747 114.467946703155 -20.4182331979577 457601.749879
30.4427711723113 114.467968531893 -20.7381146768205 457602.74988
30.4428132259108 114.467993022087 -21.5437867613824 457603.74988
30.4427795847781 114.467932983359 -23.7830328535513 457604.74988
30.4427985174859 114.467960231893 -23.0214492823012 457605.749881
30.4428041651682 114.467931385124 -20.1379289982784 457606.749881
30.4428057392285 114.467972102057 -21.2095257600852 457607.749881
30.4428026765766 114.467938564588 -14.1017648856639 457608.749882
30.4428145774466 114.467950335615 -17.479121757912 457609.749882
30.4428089058071 114.467971342678 -20.2194613051521 457610.749882
30.4428131757459 114.467949146537 -19.1822639913091 457611.749883
30.4427565257541 114.467962405898 -22.367275165078 457612.749883
30.4428100917888 114.467976296017 -20.9122294259253 457613.749883
30.4428015866252 114.467981930309 -22.0825963173757 457614.749884
30.442820025436 114.467943865015 -20.8634446027938 457615.749884
30.442822608384 114.467981673482 -22.1275105256585 457616.749884
30.4428302024317 114.467960445395 -21.5809607549989 457617.749885
30.4428083257105 114.467930928366 -21.7181091010055 457618.749885
30.4427858349601 114.467971611704 -21.2359118850561 457619.749885
30.4428381449712 114.467957573834 -23.5128198398216 457620.749886
30.4427816773227 114.467947861234 -19.7626794912652 457621.749886
30.4428112380931 114.467941786075 -17.7193833604381 457622.749886
30.4427643727994 114.467996587844 -22.1681950529552 457623.749887
30.4427580919617 114.467954328823 -22.3240472823403 457624.749887
30.4428044205538 114.467972205925 -21.8362538907889 457625.749887
30.4427888118618 114.467985235533 -23.5694900814808 457626.749888
30.4428317225533 114.467950547911 -22.7027275098622 457627.749888
30.4427704695547 114.467957542894 -20.962961127841 457628.749889
30.4428030370936 114.467999826727 -20.4060941480262 457629.749889
30.4427947421916 114.46795163605 -23.660646970056 457630.749889
30.4428233066826 114.467973132449 -20.1914770932085 457631.74989
30.4427965329783 114.467963393475 -20.4525034460486 457632.74989
30.442752287397 114.467954324399 -21.4331972978412 457633.74989
30.4427733743902 114.467981409609 -20.9250541058242 457634.749891
30.4427939784265 114.467955846913 -23.4611872335576 457635.749891
30.4427919335574 114.467962126264 -19.825784637205 457636.749891
30.442780554943 114.467948210306 -22.8961963634246 457637.749892
30.4428024923362 114.467934245042 -18.7179195469951 457638.749892
30.4427731711515 114.467967757475 -19.3359954377637 457639.749893
30.4428195779562 114.467963093998 -23.2874544423354 457640.749893
30.4427980525016 114.467977630489 -17.7685601771166 457641.749893
30.4428295953984 114.467939180668 -21.7807176266252 457642.749894
30.4428128782729 114.467887136187 -22.0677375690919 457643.749894
30.4428211200508 114.467845116505 -19.1754652227519 457644.749895
30.4427742035553 114.467763128456 -22.0599316979567 457645.749895
30.4428070845981 114.467686087052 -22.2627715200043 457646.749895
30.4427867148921 114.467648472772 -18.6131708352314 457647.749896
30.442783322269 114.467542742295 -19.7957703467357 457648.749896
30.4427849587839 114.467483328315 -23.279781675404 457649.749896
30.4427973421149 114.46735893957 -19.7383868862075 457650.749897
30.4428114752969 114.467245549173 -22.8493628422208 457651.749897
30.4428121339443 114.46709138637 -19.9513881011897 457652.749898
30.4428135398324 114.467000448164 -20.416446640774 457653.749898
30.4428174578342 114.466876144528 -19.1263405546485 457654.749898
30.4427763932357 114.466765019264 -18.3340137041939 457655.749899
30.44278588957 114.466603233837 -23.1718399987611 457656.749899
30.4427969754398 114.46650493725 -22.491649215333 457657.7499
30.4427871072484 114.466352530473 -19.8224135226621 457658.7499
30.4428264091191 114.466223284283 -24.6177836326688 457659.7499
30.4428118319838 114.466079070663 -20.4170784809894 457660.749901
30.4428181718132 114.465967106231 -19.3401914468433 457661.749901
30.4428129730655 114.465830803601 -24.4939539291936 457662.749901
30.442796952321 114.465702253638 -21.0877271730032 457663.749902
30.4428079262864 114.465587253331 -21.2705214769418 457664.749902
30.4428015274883 114.465401808615 -18.374103178317 457665.749902
30.4428113773989 114.465261078413 -23.4643324545799 457666.749903
30.4428003353842 114.465145010912 -22.8821191928968 457667.749903
30.4427806985695 114.46499122845 -23.9819561868379 457668.749903
30.4427970226767 114.464842342279 -25.5575382888386 457669.749904
30.4427801985317 114.464705469847 -23.4985152004304 457670.749904
30.4428453189589 114.464591076713 -22.2892544923975 457671.749904
30.442791430338 114.464432407664 -22.4590037902777 457672.749905
30.4428206222712 114.464362905238 -22.4520501497595 457673.749905
30.4427904619871 114.464188061951 -21.6572278621507 457674.749905
30.4428048465577 114.464046070378 -24.5547060849595 457675.749906
30.4428032727902 114.463895108234 -23.8396305972162 457676.749906
30.4428230981844 114.463745091357 -20.4723258315097 457677.749906
30.442798629469 114.463613371962 -24.5766158705699 457678.749907
30.4427952646127 114.463472678156 -23.9602114151395 457679.749907
30.4428288597253 114.463326784717 -22.329367476331 457680.749908
30.4428300061959 114.463245358327 -21.5823872971327 457681.749908
30.4428276135285 114.463098919485 -23.9589969171811 457682.749908
30.4428299157069 114.462975233384 -23.3077495809486 457683.749909
30.4428416304156 114.462869581851 -21.7159653232066 457684.749909
30.4428481426521 114.462728750539 -22.9132734303515 457685.749909
30.4428327448568 114.462639240307 -21.308887423567 457686.74991
30.442864229442 114.46255300983 -24.4596886199856 457687.74991
30.4428450174584 114.462450144769 -22.2434837889841 457688.74991
30.4428330900485 114.462410925176 -23.2879261786112 457689.749911
30.4428439866346 114.46229127209 -24.1622011441733 457690.749911
30.4428954935879 114.462230159483 -22.5916268901101 457691.749911
30.4429210460561 114.46217321054 -21.4231521047874 457692.749912
30.4429650499883 114.46210882889 -25.9489042324835 457693.749912
30.4430674420754 114.462044503737 -24.0885179002138 457694.749912
30.4431010219718 114.462012393161 -21.5905800816028 457695.749913
30.4431690605073 114.461955544734 -23.6487142690731 457696.749913
30.4432131504814 114.461935293584 -25.14909148864 457697.749913
30.4433083920201 114.461918155872 -27.4133493173337 457698.749914
30.4433895445439 114.461937595017 -25.2792820852462 457699.749914
30.4434967670596 114.461933300974 -26.1432253377607 457700.749915
30.4435590252857 114.461885583446 -24.8968032117714 457701.749915
30.443627901434 114.461934031087 -25.3315208478656 457702.749915
30.44370793409 114.461909734057 -23.4422238026388 457703.749916
30.4438620699423 114.461958293517 -25.2652488502235 457704.749916
30.4439127522957 114.461932475001 -23.8994541107549 457705.749916
30.4440067640426 114.461917266905 -25.6878062788118 457706.749917
30.4441102062521 114.461927756035 -25.8489710555013 457707.749917
30.4441880572614 114.461917998794 -23.5522074932712 457708.749918
30.4442856652448 114.461901622689 -27.7299550246901 457709.749918
30.4444343931861 114.461936722029 -25.9093658802044 457710.749918
30.4444948979318 114.461975387665 -25.5611905337541 457711.749919
30.4446004118051 114.461911563205 -25.2735576264421 457712.749919
30.4447452074227 114.461962285095 -26.6940034382754 457713.74992
30.4448285250647 114.461963974322 -25.4755121389107 457714.74992
30.4449458818046 114.461950735982 -23.9053434792603 457715.74992
30.4450583352402 114.461983363957 -24.5575686709021 457716.749921
30.4451692270709 114.461993435129 -25.2797608234989 457717.749921
30.4452642206518 114.461983111777 -25.4665668284771 457718.749922
30.4453590293569 114.461999891227 -27.392435224108 457719.749922
30.445438356668 114.461989636531 -18.851357713847 457720.749922
30.4455291049055 114.461994085946 -25.64471346984 457721.749923
30.4456051027988 114.462016415594 -20.6741505385119 457722.749923
30.4456920433726 114.462001437053 -25.140725786124 457723.749923
30.4457793567436 114.461995564485 -28.5196909927967 457724.749924
30.4458338035221 114.461962139784 -26.0723114847184 457725.749924
30.4459149532387 114.462058835937 -19.3345323472228 457726.749924
30.4459521801187 114.462047443437 -28.9917969254793 457727.749925
30.446054037237 114.462121177706 -28.2422909302556 457728.749925
30.446087400961 114.462178436646 -23.0760703630409 457729.749926
30.4461087489917 114.462223724097 -27.9341123413875 457730.749926
30.4461295699424 114.462357355927 -24.6756820332061 457731.749926
30.4461105945018 114.462431495138 -26.7435321749966 457732.749927
30.4461590412318 114.462515945444 -22.7970032044002 457733.749927
30.4461643163313 114.462639654436 -24.2470367988391 457734.749927
30.4461580489184 114.46275607767 -23.0079909883086 457735.749928
30.4461755233244 114.462862585632 -28.3860921563874 457736.749928
30.4461744996912 114.462913482646 -26.0107360384738 457737.749928
30.4461879381213 114.463053441781 -26.3799396597707 457738.749929
30.4461889724781 114.463172091436 -27.4582417898715 457739.749929
30.4461702897596 114.463262751657 -25.4178489782763 457740.749929
30.4461895407703 114.463414923132 -23.7796180516967 457741.74993
30.4461976361824 114.463516024183 -23.9208108421613 457742.74993
30.4461883267859 114.463634627954 -25.4835920957188 457743.74993
30.4461994194978 114.463740595239 -23.0187789343464 457744.749931
30.4461595094696 114.463857503739 -28.112432559242 457745.749931
30.4461884052088 114.463989854535 -27.0192891185324 457746.749931
30.44619211265 114.464084903386 -28.5441322012655 457747.749932
30.4461579960502 114.464175226194 -25.8064102168406 457748.749932
30.4462196677032 114.464275205733 -26.7606879041543 457749.749932
30.4461882370489 114.464330157274 -27.6995710627106 457750.749933
30.4461789073241 114.464359823775 -25.6516628292984 457751.749933
30.4462035221488 114.464422651691 -25.2968093414405 457752.749933
30.4461982319632 114.464456905473 -25.2561363583528 457753.749934
30.4461947903079 114.464445325558 -26.0707060223295 457754.749934
30.4461969106579 114.464467599836 -24.4890057659094 457755.749934
30.4461891886275 114.464465848792 -26.153467414376 457756.749935
30.4461780611092 114.464496948462 -25.243557001596 457757.749935
30.4461622151421 114.464525165784 -22.7618167673188 457758.749935
30.4461647751717 114.464591771656 -25.1145040874253 457759.749936
30.4461829489959 114.464616452699 -27.7160667972905 457760.749936
30.4461972860956 114.464695045891 -30.4398786200059 457761.749937
30.4462056433909 114.46481980098 -26.2036805770467 457762.749937
30.4461583281614 114.464877921193 -25.7275684092113 457763.749937
30.4461854113674 114.464937417928 -26.5897225269212 457764.749938
30.446200873687 114.465056668115 -27.084407056326 457765.749938
30.4462245118664 114.46518087209 -24.4192228234351 457766.749939
30.4462236772187 114.465246344665 -23.1769789564206 457767.749939
30.446227294067 114.465383447469 -30.3764030709088 457768.749939
30.4461905317499 114.465492648965 -24.6969252144898 457769.74994
30.4461895689637 114.465646567232 -24.4946164487405 457770.74994
30.4462184125394 114.465712577929 -27.8982284128766 457771.749941
30.4461901954125 114.465835600476 -27.2599244321148 457772.749941
30.4461888197638 114.465941471395 -25.0617076573414 457773.749941
30.4461727774286 114.466073345789 -26.8608292130918 457774.749942
30.4462055693606 114.466156303147 -26.6405997569784 457775.749942
30.4461692896139 114.466288881136 -24.33523401967 457776.749942
30.4461812010925 114.466384640094 -25.9766656596185 457777.749943
30.4461838295016 114.46646024044 -29.7034226183959 457778.749943
30.4461574350446 114.466599544268 -28.107241722402 457779.749944
30.4461641306306 114.466707247857 -26.1984243423255 457780.749944
30.4461551067788 114.466807397888 -28.1743617478273 457781.749944
30.4461723620295 114.466870568439 -25.306217020061 457782.749945
30.4461590905365 114.467008190143 -23.368004281822 457783.749945
30.4461669695786 114.467100385225 -28.2082025166877 457784.749945
30.446161068964 114.467155944818 -27.2568354554872 457785.749946
30.4461560854745 114.467241943151 -28.8570006585952 457786.749946
30.4461727875839 114.467343069556 -24.2147583940347 457787.749946
30.4461644395675 114.467446168297 -32.3528431416258 457788.749947
30.4461887179902 114.46753175447 -29.8637891754908 457789.749947
30.4461627292522 114.467588879612 -25.6742955916371 457790.749947
30.4461910489084 114.467711617484 -27.9389286121624 457791.749948
30.4461613033014 114.46777815087 -28.4727421273604 457792.749948
30.4461972364994 114.467852027886 -27.3310904667806 457793.749948
30.4461521817196 114.467945823344 -30.7808806230338 457794.749949
30.4461689924377 114.468107065429 -25.8239563244018 457795.749949
30.4461727771408 114.468182408464 -27.0687207992612 457796.749949
30.4461694702166 114.468234960675 -23.319679360136 457797.74995
30.4461388474381 114.468354954934 -28.79161217484 457798.74995
30.446182187993 114.468423826948 -27.8504456636674 457799.74995
30.4461816161526 114.46852024018 -25.2481817508871 457800.749951
30.4462029659397 114.468669354511 -26.4308028506319 457801.749951
30.4461690898425 114.468778590379 -27.6789677273684 457802.749951
30.4462237345332 114.468895939097 -27.7008226980239 457803.749952
30.4461648921778 114.468981185626 -31.4678264286079 457804.749952
30.4462044121046 114.469126197918 -26.1744300476305 457805.749952
30.4462023660426 114.469201482146 -23.9070524014071 457806.749953
30.4461869857639 114.469343156983 -25.7792507104768 457807.749953
30.4461633385909 114.469447803693 -23.90186252558 457808.749954
30.4461603402675 114.46954083385 -22.5440753858202 457809.749954
30.446197176323 114.469707030759 -25.1620633500256 457810.749954
30.4461928516751 114.469829574564 -25.9615937454377 457811.749954
30.4461672555116 114.469933632218 -23.8666610269818 457812.749955
30.4461526161746 114.470049552274 -25.8959920928611 457813.749955
30.4461855302143 114.470170655595 -24.5486034907598 457814.749956
30.4461685445837 114.470292203023 -24.0281662820279 457815.749956
30.4461597127752 114.470431018048 -25.1772785148183 457816.749956
30.4461469025366 114.470554899505 -24.467022415835 457817.749957
30.4461619367072 114.470673214759 -21.1718967423027 457818.749957
30.446168306917 114.470830770673 -22.1413341069616 457819.749958
30.4461516119939 114.47094079691 -21.5208703948618 457820.749958
30.4461798418451 114.471012645537 -21.398739648304 457821.749958
30.4461580663784 114.471184440274 -21.2987520001027 457822.749959
30.4461702221265 114.471239466181 -22.8082983703143 457823.749959
30.4461590385966 114.471309866216 -19.4648344095806 457824.74996
30.4461711644594 114.471423652804 -24.7592865149506 457825.74996
30.4461823417765 114.471498970231 -17.6426267088677 457826.74996
30.4461897266203 114.471489683692 -20.072714053559 457827.749961
30.4462203190017 114.471542478763 -24.9355245898658 457828.749961
30.4461798932624 114.471632164242 -19.5937976212103 457829.749962
30.4461823473217 114.47158609693 -19.5409244488558 457830.749962
30.4461586181974 114.471641282996 -20.4357110063156 457831.749962
30.4461901739935 114.471656275453 -24.4259200224325 457832.749963
30.4461660458019 114.471632527033 -21.5708064517163 457833.749963
30.4461702695649 114.471690667808 -20.8046371822687 457834.749963
30.4461910537367 114.471677468652 -19.9026605964871 457835.749964
30.4461784950158 114.471733104957 -21.2898019031681 457836.749964
30.4461807485973 114.471761235418 -24.4788748650205 457837.749965
30.4462060353878 114.471850060744 -22.9331586682828 457838.749965
30.4462012286024 114.471860441407 -22.1583613319311 457839.749965
30.4462433463435 114.471877189274 -24.0430635319754 457840.749966
30.4463845357512 114.471917702892 -23.6053931806029 457841.749966
30.4463893474097 114.471948024061 -23.364184807636 457842.749966
30.4464607816598 114.471954888304 -22.6504130859051 457843.749967
30.4465436830382 114.471951419366 -19.6202982187717 457844.749967
30.4466368300688 114.471972582974 -21.2131002428253 457845.749967
30.4466933216783 114.471958180109 -18.3255354947013 457846.749968
30.446812540852 114.471963279655 -21.453786378882 457847.749968
30.4468688889189 114.471933976558 -20.3645192903285 457848.749968
30.4469895553517 114.471937952131 -21.4035048657624 457849.749969
30.44707689268 114.471951570329 -20.8424692705726 457850.749969
30.4471567209769 114.471962694017 -19.8979668619985 457851.749969
30.4472746052971 114.471979955609 -19.2984107715533 457852.74997
30.4473502696053 114.471944742767 -18.3023471006736 457853.74997
30.4474694262568 114.471955716754 -21.2629846874611 457854.74997
30.4476358614253 114.47195510048 -21.1292422374987 457855.749971
30.4477032148989 114.471947167893 -21.0994846027322 457856.749971
30.4477836416557 114.471914254871 -19.2232191934041 457857.749971
30.4479013261705 114.471973963731 -21.4504271040113 457858.749972
30.4479937889059 114.471953687381 -17.4491025031684 457859.749972
30.4481344971192 114.471939358696 -19.955505611433 457860.749972
30.4482651922421 114.47190639893 -18.6993838701831 457861.749973
30.448329043205 114.471986249098 -21.2440501013563 457862.749973
30.4484754584789 114.471972764629 -20.3730624588151 457863.749973
30.4485934062873 114.471971274322 -21.0950946303088 457864.749974
30.4486777731607 114.471942452844 -18.3971838927351 457865.749974
30.4487964267368 114.471950826985 -17.7418499244981 457866.749974
30.4489333804965 114.471965178826 -17.1586638854669 457867.749975
30.4490584294661 114.471960849185 -17.8371004450727 457868.749975
30.4490743265432 114.471994810389 -16.3364510577537 457869.749975
30.4492463653981 114.472006302668 -17.7267779884351 457870.749976
30.4493208734527 114.471954230991 -21.2076157687161 457871.749976
30.4494471850224 114.471968779717 -19.2564530097801 457872.749977
30.4495222080477 114.471964761746 -19.1894584262809 457873.749977
30.4496126820095 114.47196771267 -17.87806432272 457874.749977
30.4497006824254 114.471952975997 -20.553004023642 457875.749978
30.4497851124663 114.471934827779 -17.5035589803675 457876.749978
30.4498508931923 114.471957381813 -21.7993271327531 457877.749979
30.4498974502313 114.471978226045 -22.1878456904391 457878.749979
30.4499360549002 114.471971119809 -15.9073545757922 457879.749979
30.449990441885 114.471978187025 -16.2229542128055 457880.74998
30.4500570735219 114.471951395987 -16.8464995953653 457881.74998
30.4500693308508 114.471957369349 -18.6614797011069 457882.74998
30.4500737060863 114.471954596805 -19.6023910507925 457883.749981
30.4500735600268 114.471967406283 -21.3684857192113 457884.749981
30.4500753847576 114.471953034862 -18.3901633378603 457885.749982
30.4500922345209 114.471928017939 -21.1275090138662 457886.749982
30.4500945507822 114.471944506737 -21.3097177782802 457887.749982
30.4500905717686 114.471964049215 -15.7057096396956 457888.749983
30.4501019899241 114.471962738922 -17.3810895426542 457889.749983
30.4500813030181 114.471919412176 -19.9730788619326 457890.749984
30.4501033190826 114.471961917055 -19.0175530925797 457891.749984
30.4500973297385 114.471973273463 -17.6987125234996 457892.749984
30.4501049586429 114.471968085883 -16.2669308335495 457893.749985
30.4500812644435 114.471982015556 -17.1357379038053 457894.749985
30.4501114132438 114.471913455936 -20.3970724588693 457895.749986
30.4500649833002 114.47195767931 -17.4546784762822 457896.749986
30.450098372084 114.471978035298 -17.3873138491899 457897.749986
30.4501351481847 114.471965445549 -21.6841829941256 457898.749986
30.450098653362 114.471945257543 -19.4501924542122 457899.749986
30.4501045192934 114.471949330067 -17.7625937450244 457900.749986
30.4500747643143 114.471951267038 -19.8384642155922 457901.749986
30.4500749805014 114.471947794236 -17.0399304284397 457902.749985
30.4500796425688 114.471932708462 -19.3101287866727 457903.749985
30.4500829816236 114.471972181472 -14.3116481920681 457904.749985
30.4500737939675 114.471935530951 -15.3537697309396 457905.749985
30.4500792656958 114.471947635991 -18.8875777657064 457906.749985
30.4500771818994 114.471957299871 -17.2399957545128 457907.749984
30.4500744910291 114.471968762325 -18.9129131676734 457908.749984
30.450095560276 114.471972148644 -17.1312328850487 457909.749984
30.4500909662904 114.471986374184 -19.1529701148795 457910.749984
30.4500847064134 114.471947191646 -17.3784726527185 457911.749985
30.4500932262167 114.471960536909 -16.4442478849641 457912.749985
30.4501254766628 114.471990717599 -16.299185195833 457913.749985
30.4501133114495 114.47196632642 -16.5498567513389 457914.749985
30.4501143842658 114.471951927233 -19.3400355051161 457915.749985
30.4501050235384 114.471940609415 -18.1928387436872 457916.749985
30.450071295378 114.472008446412 -17.8799616197325 457917.749985
30.4500728182308 114.471951673918 -21.4292521368735 457918.749985
30.4500785644097 114.471952084314 -20.209217362764 457919.749986
30.4500917091084 114.471931321872 -20.2535473968326 457920.749986
30.450089047167 114.471978630728 -17.8959937807089 457921.749985
30.4501211099184 114.471955035481 -17.6319867040202 457922.749985
30.4500991704628 114.471928658271 -15.8059626039454 457923.749985
30.4500923077707 114.471936314908 -17.8495360050158 457924.749985
30.4501025980749 114.471957352617 -19.7831000678185 457925.749985
30.4501387655947 114.471922548226 -18.139133172278 457926.749985
30.4501777134033 114.471935744279 -20.947844564472 457927.749985
30.450203793786 114.471948752661 -19.9937913273822 457928.749985
30.4502357495169 114.471939407734 -13.9854878291043 457929.749985
30.4502905690144 114.471919578382 -21.121560350373 457930.749985
30.4503014504846 114.471866663127 -18.2802455578167 457931.749985
30.450351421168 114.471824769748 -20.1549000123987 457932.749985
30.4503244815242 114.471786039227 -19.7371648456069 457933.749985
30.4503579214954 114.471680977575 -19.9604234952721 457934.749985
30.4503536524308 114.471620570652 -19.3932206753117 457935.749985
30.4503208240364 114.47152637046 -23.2266187614539 457936.749985
30.4503044897128 114.471457839441 -17.9053387007602 457937.749988
30.4503670563877 114.471351912437 -20.6329810886409 457938.749992
30.4503899966916 114.471293858803 -21.0310793027375 457939.749997
30.4503997540518 114.471150639193 -18.6228383958221 457940.750002
30.4503809303644 114.471083736211 -22.1800562256011 457941.750006
30.4503937476329 114.470961746548 -18.1891153357692 457942.750009
30.4503641690646 114.470866634594 -18.9064514286201 457943.750011
30.4503540493077 114.470723439253 -23.9918075800419 457944.750012
30.4503435099541 114.470607578219 -23.2251441572481 457945.750011
30.4503519707116 114.470536629392 -22.6823596324556 457946.75001
30.4503581248335 114.47036876335 -22.4338950847347 457947.750008
30.4503829483618 114.470284331378 -23.6748851991705 457948.750006
30.4503673902487 114.470136583085 -23.4383100127672 457949.750004
30.4503710358103 114.470008791269 -20.347422139892 457950.750002
30.4503346341026 114.469916366309 -23.5242340889723 457951.750001
30.4503664300425 114.469827712838 -19.1552515344628 457952.750001
30.4503636626364 114.469717105565 -20.3618090460852 457953.750001
30.4503757457296 114.46959167816 -19.5950546283565 457954.750002
30.4503340529278 114.46949636104 -20.0124600398383 457955.750003
30.4503719450217 114.469316117138 -23.8263006692205 457956.750004
30.4503463237142 114.46925193158 -21.434138966275 457957.750006
30.4503458211876 114.469050729091 -25.1055241021748 457958.750008
30.4503406134436 114.469021010302 -23.3830841095125 457959.750009
30.4503872980138 114.468891711306 -24.9961068428442 457960.750011
30.4503750299128 114.468804589819 -24.2900117337081 457961.750011
30.4503854415335 114.468698116445 -25.4283802840493 457962.750012
30.4504308377987 114.468562189671 -23.0306799576521 457963.750012
30.4504151450921 114.46848984324 -26.5578454400681 457964.750012
30.4503929470899 114.468447441349 -26.1031555370471 457965.750012
30.4504201646166 114.46830730634 -24.9238278724619 457966.750011
30.4504302224882 114.468242204537 -23.7125664348375 457967.750011
30.4504184934692 114.468098720215 -22.2142001829589 457968.75001
30.4504101278359 114.468052549853 -28.7186028200042 457969.75001
30.4504178988451 114.467993305718 -25.7901146446194 457970.75001
30.4503907051785 114.467916412627 -27.3331912058061 457971.75001
30.4504138956664 114.467900034895 -21.1884099946248 457972.750011
30.4504004994585 114.467793274493 -26.2958737731711 457973.750011
30.4503859480619 114.467784874726 -25.0134608679227 457974.750012
30.450395742988 114.46767551174 -24.6223471808739 457975.750013
30.4503808608652 114.467637305669 -27.4196922742094 457976.750014
30.450410420954 114.467540954755 -32.673593133449 457977.750015
30.4503962746285 114.467424530386 -24.5963606751958 457978.750015
30.4503799568223 114.46732350985 -28.0125400330845 457979.750016
30.4504134335592 114.467228286835 -20.9450470099606 457980.750016
30.4503726933456 114.467144601947 -27.9721643317847 457981.750017
30.4504115162473 114.467071685181 -25.9999266755954 457982.750017
30.4504134830439 114.466935916319 -28.4003547152322 457983.750017
30.4504267895142 114.466845900693 -27.2235312349692 457984.750017
30.45037050617 114.466775473448 -25.4045437230283 457985.750017
30.450453863933 114.466649838015 -30.0915109569694 457986.750018
30.4503655141896 114.466523533862 -29.6759455747419 457987.750018
30.4504065135808 114.466442919196 -24.2122657978794 457988.750018
30.4504014565038 114.466341956173 -26.8384213519881 457989.750018
30.4504227960246 114.46624147706 -25.2540217665253 457990.750018
30.4504061127044 114.466127215131 -30.3768880417321 457991.750019
30.4504081375286 114.466028515362 -28.690501586267 457992.750019
30.4504047427344 114.465915499655 -25.9025232704162 457993.750019
30.450407562982 114.46584677844 -26.4547411233319 457994.75002
30.4504359616788 114.465700762834 -27.2491143669909 457995.75002
30.4504170346878 114.465625181575 -24.8035586565608 457996.750021
30.4503979713779 114.465510559543 -26.9058287336183 457997.750021
30.4503919998014 114.465493359453 -29.7514202057951 457998.750022
30.4503784124227 114.465330298143 -25.7964586918013 457999.750022
30.4503762770947 114.465231095313 -28.4886600624128 458000.750023
30.4504330813357 114.465114315098 -28.001954588239 458001.750023
30.4504029598273 114.465036531323 -24.881285399589 458002.750023
30.4503881796577 114.464910710503 -29.950746444533 458003.750024
30.4504116772297 114.464822232826 -30.2854625414714 458004.750024
30.4503854977659 114.464718804466 -29.5838838532698 458005.750025
30.4504099066465 114.464581025206 -26.5693453828574 458006.750025
30.4504184349167 114.464479269708 -28.2530302427891 458007.750025
30.450442409432 114.46437498954 -25.4598843100078 458008.750026
30.4504142551549 114.464266105066 -24.4471633286865 458009.750026
30.450401517976 114.464127711877 -26.8677839133294 458010.750026
30.4504454121881 114.463989970719 -28.1757260057062 458011.750027
30.4504405993857 114.463900209647 -29.3184006419009 458012.750027
30.450402846565 114.463733553354 -27.9266450777578 458013.750027
30.4504622401147 114.463617628168 -24.3014705903792 458014.750028
30.4504325170047 114.463515032752 -27.1024941973716 458015.750028
30.4504147414625 114.463404306335 -26.3925919454281 458016.750028
30.450442433087 114.463260539338 -26.498902498468 458017.750029
30.4504077912232 114.463141218328 -26.6573813887759 458018.750029
30.4504108178682 114.462983437873 -28.1671316965507 458019.750029
30.4504128134061 114.462872403075 -28.1438498571574 458020.75003
30.4504645448047 114.462743456158 -27.7099538705403 458021.75003
30.4504278211044 114.462583121479 -30.3246044168866 458022.75003
30.4504301614833 114.462512713903 -21.8292637767727 458023.750031
30.4504553244877 114.462405573775 -27.2018352198845 458024.750031
30.4504709975451 114.462306942637 -28.2879814013477 458025.750031
30.4504674357178 114.462198061581 -29.2786454174294 458026.750032
30.4504507267706 114.462120231846 -29.0902529534656 458027.750032
30.4504314202554 114.462015708889 -27.0213141712782 458028.750033
30.4504628033714 114.461937762494 -31.2092310517201 458029.750033
30.4504747067306 114.461865166209 -25.8801915550077 458030.750033
30.4504622858357 114.46179511977 -28.8035338453613 458031.750034
30.4504809217249 114.461716399498 -29.1896154582998 458032.750034
30.4505068445298 114.461612221704 -24.6628459737745 458033.750034
30.4505036473321 114.461540939025 -28.9342088092977 458034.750035
30.4505507049546 114.461499752134 -30.9549246883457 458035.750035
30.4506079999378 114.461397409529 -29.097776478633 458036.750035
30.4506407931907 114.461349625177 -27.1769984456528 458037.750036
30.4506842886967 114.461315254728 -30.4830365574954 458038.750036
30.4507470468817 114.461301581322 -30.1572066631709 458039.750036
30.4508107313657 114.461266428793 -29.2012346538746 458040.750037
30.4508976329245 114.461238241814 -31.3415362614292 458041.750037
30.4509838417185 114.46115484841 -30.3845811578709 458042.750037
30.4510655733797 114.461158858441 -29.5192911311659 458043.750038
30.4511775594311 114.461102805523 -27.4746928249182 458044.750038
30.4512452998961 114.461086745644 -30.406074512468 458045.750038
30.4513541512916 114.461074907256 -28.5401338500501 458046.750039
30.4513904643271 114.461063088217 -29.1674981946669 458047.750039
30.4514393515116 114.460981441198 -27.8997192745966 458048.750039
30.4515768569476 114.460963310565 -27.9416349321164 458049.75004
30.4516217921726 114.460931205636 -29.1841847175781 458050.75004
30.4517235585987 114.460888999021 -33.317706218297 458051.750041
30.4518487510708 114.460895595259 -28.5801388769096 458052.750041
30.4519338991011 114.46084231066 -32.1873451068796 458053.750041
30.4520330749816 114.460772322223 -31.5725117454666 458054.750042
30.4521111501564 114.460771434028 -30.3291497279691 458055.750042
30.4522495971631 114.460740546787 -30.1985276507933 458056.750042
30.4523596169664 114.460704007682 -30.4257617613341 458057.750043
30.4524740476244 114.460690801687 -31.3090850341359 458058.750043
30.4525811624844 114.460677232791 -28.2759490190803 458059.750044
30.4526776296369 114.460636899423 -32.189639504836 458060.750044
30.452780001085 114.460619169929 -29.7349222012188 458061.750044
30.4529057551279 114.460551101187 -35.9590412791743 458062.750045
30.4530047441309 114.460601590084 -29.2771187630472 458063.750045
30.4531141897177 114.460500784995 -29.914730185746 458064.750046
30.4532075824908 114.460531229354 -28.9594696639859 458065.750046
30.4533040898768 114.460489531341 -34.0987340740469 458066.750046
30.4533809443334 114.460454431018 -30.8397986639307 458067.750047
30.453463490622 114.460407234849 -30.0081133799359 458068.750047
30.4535705582508 114.460425914238 -30.8675165958933 458069.750048
30.4536314351882 114.460392216822 -27.8844406819855 458070.750048
30.4536702925592 114.460445873833 -28.8480589735301 458071.750048
30.4537284159437 114.460465580617 -30.265191934831 458072.750049
30.4537852107479 114.460432898927 -35.8076431395115 458073.750049
30.4538405831425 114.460477845952 -30.0659767782776 458074.750049
30.4538075835129 114.460586009791 -33.9779448386419 458075.75005
30.4538589388941 114.460653829154 -34.3557936835381 458076.75005
30.4538603115712 114.460719998635 -34.5091627557318 458077.75005
30.4538435921038 114.460805867595 -33.504735973037 458078.750051
30.4538787492674 114.46090316773 -30.2892827137989 458079.750051
30.4538464678352 114.461008192161 -30.9301429707543 458080.750051
30.4538747160966 114.461118494636 -33.2904610451148 458081.750052
30.4538365798981 114.461255754317 -33.307047940413 458082.750052
30.453856500582 114.461332363946 -31.6353366286904 458083.750053
30.4538830588942 114.461431277456 -35.841785557951 458084.750053
30.4538777867991 114.461536283827 -34.8362187378169 458085.750053
30.4538442013738 114.461628649936 -33.9793168268505 458086.750053
30.4538526320081 114.461765579357 -31.8098032442378 458087.750054
30.453832414222 114.461882281876 -34.9051454306092 458088.750054
30.4538188807044 114.46201350181 -32.8468904164859 458089.750054
30.4538431663356 114.462109655504 -29.7302732960801 458090.750055
30.4538443218216 114.462214604893 -31.5562082283601 458091.750055
30.4538278625601 114.462330339396 -34.9192352366698 458092.750055
30.4538135128417 114.462469170303 -35.9007304559413 458093.750056
30.4538018324782 114.462577693223 -36.7924878339447 458094.750056
30.4538282516501 114.462688469825 -38.8784751246074 458095.750056
30.453779518875 114.462831656058 -34.5265852702108 458096.750057
30.4537978814698 114.462932816631 -30.1848666067736 458097.750057
30.4537987940965 114.463088562568 -33.5908815171834 458098.750057
30.4538017453655 114.463179410439 -35.4340259549203 458099.750058
30.4537751769416 114.463342771266 -35.8414624008913 458100.750058
30.4537613130986 114.463459089286 -36.0299195575953 458101.750058
30.453736459133 114.463558366407 -33.4016551109917 458102.750059
30.4537619923134 114.463690580874 -33.2225645803469 458103.750059
30.4537118014326 114.463775358418 -31.6082460679614 458104.750059
30.4537360617092 114.463939236771 -34.2769795012628 458105.75006
30.4537045620802 114.464068008612 -36.8337688296205 458106.75006
30.4537437329822 114.464180623461 -34.5842933832366 458107.75006
30.4537145543646 114.46432233737 -34.1573478913783 458108.750061
30.4536620917938 114.464429636593 -31.1552537619923 458109.750061
30.4536891803621 114.46455030571 -31.2162074578793 458110.750062
30.4537382548928 114.464701818428 -32.9415784990174 458111.750062
30.4536924118866 114.464784924716 -32.6275703696224 458112.750062
30.4536643288632 114.464947212154 -30.1143118371358 458113.750063
30.4537080387695 114.465031093032 -32.4511773776674 458114.750063
30.4537138975227 114.465168630757 -31.9908256597138 458115.750064
30.4536861385898 114.465320805725 -31.5759596944845 458116.750064
30.4536641849107 114.465465628479 -32.4550573081213 458117.750064
30.4536819099589 114.465601607982 -31.3700238576822 458118.750065
30.4536820589616 114.465707110084 -28.6406553086688 458119.750065
30.4536316986881 114.465854266418 -31.1307234180658 458120.750065
30.4536729966216 114.466011761595 -25.7478321809323 458121.750066
30.4536738360029 114.466150660785 -33.6073113847654 458122.750066
30.453647092515 114.466260618828 -26.1172145669029 458123.750067
30.4536038428019 114.466396801567 -32.6962812671122 458124.750067
30.4536064640311 114.466520400505 -29.8924918570438 458125.750067
30.4536129718564 114.466627862065 -24.9717130898901 458126.750068
30.4535840383518 114.466818285609 -28.1580295139543 458127.750068
30.4535920656044 114.466910835883 -28.8613769309699 458128.750069
30.4535671165008 114.467003409713 -32.2327925523168 458129.750069
30.4535804974724 114.467147310913 -31.1801213620867 458130.750069
30.4535491038446 114.467265359342 -27.5843163649782 458131.75007
30.4535731331642 114.467393511202 -29.2763662393061 458132.75007
30.4535599727968 114.467521215385 -29.0710262167806 458133.75007
30.4535881054972 114.467629564644 -27.7163986966777 458134.750071
30.4535437634053 114.467728240411 -30.6767130480705 458135.750071
30.453519311679 114.467907805418 -29.687389891791 458136.750071
30.4535529464213 114.468023782738 -29.4649096707105 458137.750072
30.4535356879709 114.468161090563 -27.8427132208038 458138.750072
30.4535960442099 114.468298192395 -25.4542770758421 458139.750072
30.4535555658216 114.468413500532 -28.5648303936766 458140.750073
30.4535025047176 114.468571113602 -29.8066043790502 458141.750073
30.45348018171 114.468715020656 -28.8590612972754 458142.750073
30.4535007872575 114.468846881151 -27.2532041738987 458143.750074
30.4534957678931 114.468988829818 -29.3622479439409 458144.750074
30.4534570220272 114.46912700492 -28.0317675849446 458145.750074
30.4534715345661 114.469290193054 -26.1668293375529 458146.750075
30.4534886401029 114.46943594915 -28.1427607220436 458147.750075
30.45346470238 114.469573581402 -28.74532351366 458148.750075
30.4534633845111 114.469700875797 -28.2027031334299 458149.750076
30.4534482340151 114.469842706725 -29.6634244560567 458150.750076
30.4534188685822 114.470005961465 -25.8613436293208 458151.750076
30.4534432734542 114.470138158303 -26.540064248928 458152.750077
30.4534244649638 114.47027810999 -22.8467967796797 458153.750077
30.4534251629902 114.470405201629 -27.0601127227161 458154.750077
30.4534068554617 114.470564591012 -28.0306228056262 458155.750078
30.453405080146 114.47062419141 -26.3506990215843 458156.750078
30.4534182590818 114.470807864857 -29.3631053517414 458157.750078
30.4533768302962 114.47089754002 -27.2016213173146 458158.750079
30.4533999713225 114.471019435881 -24.4780369231978 458159.750079
30.4533668877018 114.471169443062 -24.7020949690209 458160.75008
30.4533528208895 114.471268329942 -22.1728969083838 458161.75008
30.4533481506762 114.471338206055 -23.7094249951882 458162.75008
30.4533231094437 114.471430003393 -29.4665485456937 458163.750081
30.4533549561545 114.471476722536 -23.2996489079997 458164.750081
30.4533331731808 114.471597221828 -24.0297409017438 458165.750081
30.4533232547657 114.471716356825 -25.4540160870062 458166.750082
30.4533048918064 114.471758939355 -23.7177004911549 458167.750082
30.4532868515219 114.471817272262 -20.5962984284225 458168.750082
30.4532152084693 114.471880713259 -21.6395445569662 458169.750083
30.4531601048706 114.471906766909 -23.914067034522 458170.750083
30.4531116412111 114.471900401598 -22.7926509263548 458171.750083
30.4530627287677 114.471931224376 -25.3371870222065 458172.750084
30.4529815764537 114.471933419697 -22.7618393575947 458173.750084
30.4528989013234 114.471952506662 -22.8651858846795 458174.750085
30.4527711435234 114.471950871852 -22.3507145410941 458175.750085
30.4526816559196 114.471929235596 -26.2314138994212 458176.750085
30.4526047821568 114.471933191024 -22.798567702675 458177.750086
30.4525379003272 114.471933731842 -22.3416763968225 458178.750086
30.452484300996 114.471958884656 -21.5430400789405 458179.750087
30.4523599738501 114.471940919733 -21.5731965107935 458180.750087
30.4522277735206 114.471900987106 -17.7071326766017 458181.750087
30.4521106871027 114.471915595873 -25.0717367512941 458182.750088
30.4520168781839 114.471940529648 -21.4184501367583 458183.750088
30.4519092390994 114.471930156195 -24.4449767814229 458184.750089
30.4517745301664 114.471929045598 -23.4029810664096 458185.750089
30.4516800152921 114.471915099939 -24.3633366994813 458186.750089
30.451587186512 114.471928562853 -16.4433672727596 458187.75009
30.4514750507216 114.471905251939 -19.6131435735015 458188.75009
30.4513614794883 114.471925919351 -23.5181292006244 458189.75009
30.4512164420801 114.471906610061 -23.6944385344664 458190.750091
30.4511811806666 114.471882175862 -20.147509062288 458191.750091
30.4510505518345 114.471887133388 -17.9838212745642 458192.750091
30.450931817816 114.471863830181 -19.5435257649243 458193.750092
30.4508480924857 114.471846025853 -21.632950906347 458194.750092
30.4507889064797 114.471857618447 -21.1946971887589 458195.750092
30.450719631382 114.471857588033 -19.2809743974515 458196.750093
30.4506086748606 114.471808623179 -19.1129352944783 458197.750093
30.4505839915284 114.471816201947 -18.3795517963621 458198.750093
30.4505215723745 114.471752989785 -17.9192578285434 458199.750094
30.4505200806767 114.471738085373 -20.1684630326872 458200.750094
30.4504658509875 114.471678472019 -18.5441825693916 458201.750094
30.4503954443233 114.471567160783 -19.9179963514013 458202.750095
30.450383806491 114.471498363315 -22.1516438620266 458203.750095
30.4503906887691 114.47145190752 -17.0202650128008 458204.750095
30.4504023835076 114.471344023793 -19.9823126223 458205.750096
30.4504258334775 114.471220436225 -22.768694375775 458206.750096
30.4503693551903 114.471147963489 -21.6863890450844 458207.750097
30.450368386121 114.471047694426 -17.8958033495498 458208.750097
30.4503639830021 114.470897444968 -18.8338360976973 458209.750097
30.4503765342844 114.470834269279 -19.3725349734212 458210.750098
30.450367783914 114.470699216884 -20.1826278364307 458211.750098
30.4504069251038 114.470610219941 -23.6760799118264 458212.750098
30.4503720573536 114.470457025556 -22.4459255283171 458213.750099
30.450385241387 114.470396890328 -20.9861163721599 458214.750099
30.4503943144561 114.4702982341 -19.7375091631307 458215.750099
30.4503617638093 114.470203034718 -23.0012498626507 458216.7501
30.4504084288764 114.470041274765 -26.7401822106559 458217.7501
30.450381782691 114.469974495677 -26.8023745006101 458218.7501
30.4503949532183 114.469829082035 -23.5444981931578 458219.750101
30.4504031047594 114.469757148274 -23.9608116999515 458220.750101
30.4504110805971 114.469622586943 -23.8169029508202 458221.750101
30.4504140752886 114.469519933099 -23.6383422505295 458222.750102
30.4503483311784 114.469400821654 -25.8287431349761 458223.750102
30.4503860492426 114.469322239871 -20.7970105470413 458224.750102
30.4504009440958 114.469186565345 -26.6844078899117 458225.750103
30.4503957481162 114.469081557708 -24.6730125217535 458226.750103
30.4504238531293 114.468999657576 -26.3402674953517 458227.750103
30.4503810484736 114.468897291607 -23.7323243398494 458228.750104
30.450462772604 114.468808968716 -25.9314252603217 458229.750104
30.4504314768984 114.468729811096 -24.8160398414642 458230.750104
30.4504243232726 114.468637813991 -25.8331246279223 458231.750105
30.450424887179 114.468509841084 -29.0728557446885 458232.750105
30.4504281666357 114.468421691094 -25.6674978547677 458233.750106
30.4503871351238 114.468344257891 -27.4756978728531 458234.750106
30.4504028653228 114.468225188274 -27.1017672352105 458235.750106
30.4504322539711 114.468190922595 -28.0347847380523 458236.750107
30.4503997535054 114.468086788377 -25.1957576264923 458237.750107
30.4504025562526 114.468034834661 -23.8296546396047 458238.750108
30.4503891584542 114.468009915823 -25.488141140002 458239.750108
30.4503704582976 114.467979510822 -25.6318796896606 458240.750108
30.45041553777 114.467946030944 -26.2657890566203 458241.750109
30.4503602896205 114.467967532727 -27.2399815336462 458242.750109
30.4504118023435 114.467956030741 -25.5309613514445 458243.75011
30.4504252410084 114.467980804861 -25.4916116205807 458244.75011
30.4503927118762 114.467936564908 -27.6684855091382 458245.75011
30.450412275796 114.467934072598 -25.9997661495272 458246.750111
30.4503925822053 114.467979515522 -27.6160496364317 458247.750111
30.4503988905463 114.467962421734 -27.2665170410644 458248.750112
30.4503869003219 114.467956547054 -26.2257868755524 458249.750112
30.4504102133933 114.467934261269 -26.9142093476008 458250.750112
30.4503771577529 114.467923388985 -27.3976357300498 458251.750113
30.4503822946301 114.467955821729 -25.7500447120747 458252.750113
30.4503571946914 114.467931224433 -23.9918819567536 458253.750113
30.450416417973 114.467877052907 -27.066226843256 458254.750114
30.4504073542405 114.467866398285 -26.8009582346776 458255.750114
30.4503475493222 114.467798333181 -25.5650847561895 458256.750114
30.4503720864554 114.467712401497 -20.4218284106263 458257.750115
30.4503822833431 114.46763340769 -24.8995383762051 458258.750115
30.4504142895157 114.467560699647 -26.7924330617008 458259.750115
30.4503696955934 114.467490151499 -27.4525135552681 458260.750116
30.4503675747054 114.467374794398 -24.727634505773 458261.750116
30.4503999300882 114.467266588292 -23.5044565221556 458262.750116
30.4504000839498 114.467172132936 -29.0822959595447 458263.750117
30.4503851404954 114.467059806155 -24.7183289530214 458264.750117
30.4504083445019 114.46693800206 -27.3575261562327 458265.750117
30.4504171959982 114.466792099809 -27.2257425417498 458266.750118
30.4504005937108 114.466718236785 -30.1650799014321 458267.750118
30.4504152674999 114.466638786552 -27.0144810034677 458268.750118
30.4503967763347 114.466481626088 -24.217978781316 458269.750119
30.4503784009725 114.466353600212 -25.7339790560681 458270.750119
30.4504551840538 114.466249011159 -24.5807418172586 458271.750119
30.4504338679158 114.46608292855 -27.7362276402011 458272.75012
30.4504129923079 114.465961977053 -31.1577739662418 458273.75012
30.4503927727217 114.465866827371 -25.3764078767668 458274.75012
30.450429092495 114.465708026629 -25.2510645096244 458275.750121
30.4504069547278 114.465598346902 -26.5949847009969 458276.750121
30.4504110759201 114.465528176008 -25.4628754538558 458277.750121
30.4503930477423 114.465421441012 -33.5843046202422 458278.750122
30.4504019291183 114.465284727225 -26.7728570210503 458279.750122
30.4503875633946 114.465278828674 -26.348208138866 458280.750122
30.4503889121094 114.465168941503 -27.2423444507341 458281.750123
30.4504267884405 114.465156008706 -28.4380046034413 458282.750123
30.4503929221225 114.465138251064 -26.4868166019196 458283.750123
30.4504136599078 114.465124998446 -27.4037336432151 458284.750124
30.4503990444868 114.465161238245 -27.1684719748954 458285.750124
30.4504262759967 114.465148390517 -27.2030170718789 458286.750124
30.4503797099763 114.465194911317 -29.133800144921 458287.750125
30.450435428847 114.465159205686 -26.4795242161688 458288.750125
30.4504120136366 114.465136765981 -26.2583809932916 458289.750126
30.4504028477567 114.465165266586 -27.7425707000004 458290.750126
30.450405289816 114.465173548067 -30.1646294498867 458291.750126
30.4504156132158 114.465159044126 -28.7247348617226 458292.750127
30.4503857515139 114.465139704877 -24.4441207983845 458293.750127
30.450395149285 114.465166569915 -27.8356086802909 458294.750127
30.4504067320065 114.465181008506 -24.9891064097446 458295.750128
30.4504058809337 114.465162949066 -25.37518293786 458296.750128
30.4503959437578 114.465181309881 -25.9954201230461 458297.750129
30.4503920160696 114.465151369528 -26.6508913138748 458298.750129
30.4503997106025 114.465155294618 -24.3228353972882 458299.750129
30.4504027341931 114.465159767831 -30.5364442667002 458300.75013
30.4503818884228 114.465140561779 -27.2133289295192 458301.75013
30.4503876882414 114.465151694712 -29.5811292096369 458302.750131
30.4503829186141 114.465158955186 -28.8341467193284 458303.750131
30.4504089744103 114.465162320166 -26.3159798751574 458304.750131
30.4504152692932 114.465172007688 -28.3533684322121 458305.750132
30.4504214291886 114.465142306663 -24.2820999876157 458306.750132
30.4504034381967 114.465144171439 -25.5788781645034 458307.750132
30.4504320351063 114.465193060389 -25.8728549723812 458308.750133
30.450393953046 114.465138466754 -29.1044338718712 458309.750133
30.4504249332911 114.465166461006 -24.7614257048258 458310.750134
30.4503798344732 114.465189057283 -24.465891020641 458311.750134
30.4503630260396 114.465116129401 -31.3780957544589 458312.750134
30.4504078081102 114.465136929411 -28.3352097835633 458313.750135
30.4503721940709 114.465146562103 -26.1461041545668 458314.750135
30.4503960696736 114.465178097124 -28.9376946159243 458315.750135
30.4503566596391 114.465145957087 -28.4140879648628 458316.750136
30.4504312815934 114.46509986291 -29.3504576635506 458317.750136
30.4503708595626 114.465057996588 -26.8742439789346 458318.750136
30.4504460362641 114.465024758309 -28.9810438926504 458319.750137
30.450391712176 114.464926379508 -28.424930258584 458320.750137
30.4504088538921 114.46487941884 -27.418987944637 458321.750138
30.4503987749219 114.464789644122 -27.960002178789 458322.750138
30.450391976066 114.464699683742 -26.9865511022087 458323.750138
30.4504092247142 114.464620895976 -26.5168484676359 458324.750139
30.450384322943 114.464489100724 -27.2184699576726 458325.750139
30.4503935592089 114.464438535529 -22.3191397507518 458326.750139
30.4504069568579 114.46429922241 -28.9035814897879 458327.75014
30.4503963418855 114.464155505325 -26.8671902535327 458328.75014
30.450440677977 114.464056012156 -28.1954909977487 458329.75014
30.4503661179036 114.463952160448 -32.1696985462763 458330.750141
30.4503841193157 114.463797963186 -27.512415554464 458331.750141
30.4504181538316 114.46370324083 -28.1229554559898 458332.750141
30.4504044591868 114.46357979019 -27.8398562067592 458333.750142
30.4504053168552 114.463413241814 -28.6805155953497 458334.750142
30.450452323013 114.463317089973 -30.1279474703815 458335.750142
30.4503790501439 114.463199596071 -28.8227466155055 458336.750143
30.4504093687718 114.463086188934 -28.6495396683732 458337.750143
30.4503917217645 114.46295257702 -25.8128052558705 458338.750143
30.4504297096446 114.462856541789 -27.7643550840665 458339.750144
30.45039208134 114.462743622809 -28.7611346838019 458340.750144
30.4504162705705 114.462627983386 -25.8449605623229 458341.750144
30.4504024241965 114.462518331748 -27.4565327255376 458342.750145
30.4503708777104 114.462344068922 -23.3978402355845 458343.750145
30.4504022827848 114.462251713419 -26.6118097954464 458344.750145
30.4503904669569 114.462161993841 -30.3185107012639 458345.750146
30.4503971369611 114.462085589766 -27.5473218751851 458346.750146
30.4503915119573 114.461956391673 -26.4627598034421 458347.750146
30.450375381378 114.461856548133 -25.6276994494808 458348.750147
30.4503950370289 114.46178983551 -29.2141605852562 458349.750147
30.450395701478 114.461793396656 -29.2322791031603 458350.750147
30.4503898479364 114.461687650114 -27.708827320617 458351.750148
30.450389034242 114.461670484924 -29.7961595897085 458352.750148
30.4503848501614 114.461626656511 -29.933484125826 458353.750148
30.4503535756023 114.461627303266 -30.8516174479127 458354.750149
30.4503842424571 114.461575816997 -23.5838868263034 458355.750149
30.4503964506433 114.461587427768 -30.2821374273367 458356.750149
30.4503776709779 114.461609112351 -29.8095670766093 458357.75015
30.4504085784232 114.461631442722 -29.0305900192769 458358.75015
30.450393304854 114.461588471031 -28.1236757675025 458359.750151
30.4503771130117 114.461591174093 -28.7332717021315 458360.750151
30.4503543876591 114.461582080815 -31.3972843147336 458361.750151
30.4503975299114 114.461601424211 -27.9061750114306 458362.750152
30.4503783386694 114.461597960034 -28.7896344384203 458363.750152
30.4503896595031 114.461580729216 -28.024582854986 458364.750153
30.4503616048027 114.461598218221 -29.4597732306089 458365.750153
30.4503798840018 114.46156254138 -27.2864682708915 458366.750153
30.4503754915225 114.461621830806 -28.460193133015 458367.750154
30.4504014363353 114.461577020468 -28.452086288885 458368.750154
30.4504076944603 114.46156218036 -27.1839314453963 458369.750154
30.4503717667703 114.461582628775 -26.7367051789091 458370.750155
30.4503986219657 114.461591463119 -28.485203684128 458371.750155
30.45038537239 114.461595587691 -26.959444849194 458372.750156
30.4503844859162 114.461582971613 -28.791775169386 458373.750156
30.4504166802427 114.461589414166 -28.9303033803503 458374.750156
30.4504017714672 114.461549152404 -26.4662978318694 458375.750157
30.4504095544439 114.461534324071 -27.5383755537636 458376.750157
30.4504058164326 114.4615072812 -30.5547993481247 458377.750158
30.4504181211815 114.461474080567 -28.0661108562467 458378.750158
30.4503942876566 114.46145574675 -27.3618469457647 458379.750158
30.4503772112012 114.461435180661 -28.4031235365617 458380.750159
30.4503624655279 114.46136837022 -28.8849103752413 458381.750159
30.4503259448736 114.461367059274 -30.5490923776549 458382.750159
30.4503158483946 114.461358058402 -31.282247653496 458383.75016
30.4502395045139 114.461352523459 -28.4645023138612 458384.75016
30.4501775415211 114.461381535765 -27.7644220423615 458385.75016
30.450159549997 114.461348869811 -30.9477364069473 458386.750161
30.4500639720275 114.461411899664 -27.4506920079363 458387.750161
30.4499970724882 114.461349181722 -26.7869474702873 458388.750161
30.4499172990331 114.46140857046 -22.5066166865718 458389.750162
30.4498027907948 114.461439703141 -24.4160688868999 458390.750162
30.4497200909101 114.461451252409 -27.7003956154719 458391.750162
30.4496442283486 114.461480047617 -27.5000256425518 458392.750163
30.449537695606 114.461527508098 -29.9875901251795 458393.750163
30.4493957197177 114.461509714953 -29.1169405761679 458394.750163
30.4493545756242 114.461563263808 -26.1541717352629 458395.750164
30.4492390354655 114.461564352447 -31.3011569538052 458396.750164
30.4491016621373 114.461590590053 -28.0400968892624 458397.750164
30.4490304338573 114.461574170115 -31.9368232038965 458398.750165
30.4488963495128 114.461624001007 -30.3892140128344 458399.750165
30.4487810062553 114.461652984108 -28.9045520435367 458400.750165
30.4487098335512 114.461680638359 -27.3855116754465 458401.750166
30.4485964397952 114.461667322581 -28.7298960186044 458402.750166
30.4484520688774 114.461710113625 -27.639044964749 458403.750166
30.448378539002 114.461730174819 -28.8314196115718 458404.750167
30.4481982490641 114.461749713919 -27.7984368851446 458405.750167
30.4481137679953 114.461745510329 -25.9815083128417 458406.750167
30.4479882706923 114.461759882386 -29.3932906759852 458407.750168
30.447922782967 114.461785567964 -31.3065353328598 458408.750168
30.4477988151282 114.461792915928 -26.4697168770309 458409.750168
30.4476898489954 114.461785218001 -25.323732060358 458410.750169
30.4475563227911 114.461803845283 -25.9577672244526 458411.750169
30.4474742086594 114.461817315419 -26.8767837315458 458412.750169
30.4473663775494 114.461871190732 -26.0457917060893 458413.75017
30.4472408816456 114.4618333432 -29.9060211074496 458414.75017
30.4471295357367 114.461830954428 -24.5429710318259 458415.75017
30.4470654939405 114.461836886782 -27.7720059038183 458416.750171
30.4468993035091 114.461893762018 -26.4344643604467 458417.750171
30.4468366059417 114.461865621056 -23.3538507134157 458418.750172
30.446764105482 114.461894357361 -26.2976131461294 458419.750172
30.446680031953 114.461879469385 -26.3574234352725 458420.750172
30.4465822228259 114.461920278181 -24.992017301978 458421.750173
30.446499365609 114.461878446108 -25.7915457400881 458422.750173
30.4464425613265 114.46191353664 -25.9189509243971 458423.750173
30.4464178299691 114.461919089619 -24.1204312452635 458424.750174
30.4463329462501 114.461952478366 -23.455379313574 458425.750174
30.4463007514131 114.461976104217 -26.7586334858069 458426.750175
30.4462561424333 114.462037967275 -29.630075267073 458427.750175
30.4462186804349 114.462078013155 -26.4776523002348 458428.750175
30.4461714724535 114.462157192468 -27.0344818609292 458429.750176
30.446160026009 114.462247569442 -24.1238964889852 458430.750176
30.4461803266087 114.462322389457 -25.2322572176394 458431.750177
30.4462206426764 114.462411203346 -23.6728979928485 458432.750177
30.4461756809201 114.462541711583 -27.3895156039234 458433.750177
30.4461875154946 114.46264889097 -23.8746189800852 458434.750178
30.4461857350609 114.4627918418 -26.0860281509892 458435.750178
30.4461788342605 114.462903074957 -24.620870362893 458436.750179
30.4461987123865 114.463033632958 -27.006068521202 458437.750179
30.4462037858626 114.463168208125 -23.3207081666697 458438.750179
30.4461693670319 114.463275988725 -26.2985413920474 458439.750179
30.446203019806 114.463452368578 -25.4997053434043 458440.75018
30.4461943004921 114.463549594038 -23.8000174602984 458441.75018
30.4461962229396 114.463695797555 -24.8083561280479 458442.75018
30.4461684354337 114.46380426207 -22.1127605368961 458443.750181
30.4461525256014 114.463946156795 -21.6596681499911 458444.750181
30.4461854820489 114.464086736357 -26.7577448409831 458445.750182
30.4461292700233 114.464146133052 -24.1224818217164 458446.750182
30.4461981093681 114.464322602611 -25.6938393656128 458447.750182
30.446159472996 114.464404467227 -24.0212605785724 458448.750183
30.4461775037571 114.464375852571 -29.0821926622494 458449.750183
30.4461752814019 114.464440059232 -25.7234071520574 458450.750183
30.4461702285507 114.464408844437 -24.1927144322457 458451.750184
30.4461939613787 114.464465174705 -26.8176736819474 458452.750184
30.4461377112838 114.464475579828 -20.9693074528335 458453.750184
30.4461763511666 114.464449300917 -24.5284989455376 458454.750185
30.4461745932496 114.464467725678 -26.5485738715921 458455.750185
30.4461705499054 114.46449280506 -27.7427005350389 458456.750185
30.4461803701504 114.464465051008 -21.8189810404991 458457.750186
30.4461850397429 114.464513940007 -27.056669268709 458458.750186
30.4461877570938 114.464469331989 -23.8748100190383 458459.750186
30.4461853956045 114.46445072208 -22.8477864982485 458460.750187
30.4461684726449 114.46446511939 -25.0776905800017 458461.750187
30.4461803001868 114.464459429976 -20.4551695296156 458462.750187
30.4461673779742 114.464484667759 -25.7826322918828 458463.750188
30.4461886428732 114.464482541064 -23.3215726427334 458464.750188
30.4461747420208 114.464486364814 -22.2670114938263 458465.750188
30.446182277171 114.464517346033 -27.1310917356483 458466.750189
30.4462019828523 114.464503104335 -24.3847502564639 458467.750189
30.4461779323409 114.464473546997 -26.9247093113907 458468.750189
30.4461729106213 114.464500365633 -25.9635999437352 458469.75019
30.4461604830733 114.464454062482 -27.6222488846528 458470.75019
30.4461833551171 114.464487906705 -22.495496185074 458471.75019
30.4461891280103 114.464457680636 -24.6861035636634 458472.750191
30.4461799604424 114.464481390869 -21.8203889706549 458473.750191
30.4461816522561 114.464439370877 -24.822848312902 458474.750191
30.4461690826782 114.46448144893 -23.7220512351401 458475.750192
30.4461696707676 114.464439667462 -26.0794918607524 458476.750192
30.4461746493209 114.464500023327 -18.9708555087848 458477.750192
30.4461514873944 114.464506009626 -20.7457582604742 458478.750193
30.4461382880496 114.464535457577 -24.5155666236717 458479.750193
30.4461640540956 114.464582871629 -19.9146230865284 458480.750193
30.4461769838815 114.464617875479 -26.5353731928597 458481.750194
30.4461829082698 114.46467691982 -23.8919868137192 458482.750194
30.4461997862048 114.46474624178 -24.4734822533211 458483.750194
30.446171167318 114.464810485402 -24.4266215353755 458484.750195
30.4461782742265 114.464927933647 -23.3747092612071 458485.750195
30.4462078458344 114.464993373587 -24.3295569911613 458486.750196
30.4461940461753 114.465068645181 -19.2809827909124 458487.750196
30.4461902167289 114.46518709228 -26.8153407809769 458488.750196
30.4462052310241 114.465259326099 -28.5516677732929 458489.750197
30.4461846962204 114.465384347652 -21.6071055866657 458490.750197
30.4462091287496 114.46550941696 -25.1698352460675 458491.750198
30.446192413376 114.465595306188 -26.5216167751725 458492.750198
30.4462252758386 114.465711048738 -26.7327425681519 458493.750198
30.4461897240895 114.465859402824 -24.2672935043385 458494.750199
30.4462072152484 114.465966153485 -25.8828561685399 458495.750199
30.4461837809964 114.466104250817 -26.1255527055471 458496.750199
30.4461692461747 114.466214254181 -24.7073521989008 458497.7502
30.4461973234357 114.466318308459 -25.5823959888874 458498.7502
30.4461974196721 114.466442385067 -26.440273329773 458499.750201
30.4461699192943 114.46651740944 -29.8657558422762 458500.750201
30.4461627584999 114.466648250858 -30.2567517784356 458501.750201
30.4461759432217 114.466778633318 -26.915336667026 458502.750202
30.4461853877006 114.4668942731 -24.4080890272536 458503.750202
30.4461694912737 114.467000228267 -24.2005751466722 458504.750203
30.4461681044522 114.46704919788 -27.2741528281267 458505.750203
30.4461685980845 114.46716401854 -29.6738033085613 458506.750203
30.4461491584367 114.467209193855 -26.7217401131289 458507.750204
30.4461289259627 114.467310470327 -27.2124653257717 458508.750204
30.4461592730513 114.467377954035 -27.1175691525548 458509.750204
30.4461340330312 114.467459599757 -23.8275055211251 458510.750205
30.4461730255979 114.467501444174 -23.376242961643 458511.750205
30.4461700193806 114.467585367661 -29.8153015624383 458512.750205
30.4461572229944 114.467704184111 -25.7318437104931 458513.750206
30.4461480750021 114.467793264176 -27.3233047066154 458514.750206
30.4461473543722 114.467856060986 -27.6496021137614 458515.750206
30.4461656751105 114.467940824077 -27.4399566514504 458516.750207
30.4461591348008 114.468036189858 -26.735838406131 458517.750207
30.446158579766 114.468125069422 -26.9933091863011 458518.750207
30.4461297898161 114.468223105247 -26.6829252664335 458519.750208
30.4461792240115 114.468315082757 -29.9092908046196 458520.750208
30.4461760405524 114.468447018615 -27.7401424510346 458521.750208
30.4461368187809 114.468546860076 -26.6259279532824 458522.750209
30.4461385263678 114.4686213223 -23.8179990787894 458523.750209
30.4461657459628 114.468800264112 -24.4082696728607 458524.750209
30.4461878421686 114.468923411806 -24.4420222759773 458525.75021
30.4462116889809 114.468966471316 -29.2797581676874 458526.75021
30.4461860877211 114.46913313858 -23.9390198330217 458527.75021
30.4461872353554 114.469230702213 -26.5891251171648 458528.750211
30.4461646913616 114.469325750238 -24.1363969863947 458529.750211
30.4461980691504 114.469512635221 -27.0896100079005 458530.750211
30.4461683364734 114.469631819433 -22.6320675437336 458531.750212
30.4461399587856 114.469756028776 -25.0208162779439 458532.750212
30.446168044362 114.469850187015 -24.1271146893514 458533.750212
30.4461620658356 114.470035182573 -27.7435932984867 458534.750213
30.4461587667874 114.470159039693 -24.9178739759928 458535.750213
30.446176158484 114.470322578039 -22.6677042750468 458536.750213
30.4461245119679 114.470427635724 -21.3345448766973 458537.750214
30.4461635969013 114.47055946791 -25.9290192397177 458538.750214
30.4461557484404 114.470707591131 -25.9290387414546 458539.750214
30.4461094583482 114.470841100891 -23.8160620453572 458540.750215
30.4461231219962 114.470957673624 -26.1269673678643 458541.750215
30.4461346015066 114.471072307744 -24.4768748850945 458542.750215
30.4461368172243 114.471191724752 -23.5669514785354 458543.750216
30.4461278456754 114.47127725835 -24.4785476396357 458544.750216
30.4461056101972 114.471385665395 -21.1000918910282 458545.750216
30.4461016996722 114.471481853507 -23.613271470745 458546.750217
30.4461287280088 114.471558417046 -20.7922547130894 458547.750217
30.446085698005 114.471648434383 -24.9167200511361 458548.750217
30.4460662533379 114.471716166631 -28.8431883934251 458549.750218
30.446042708009 114.471812896758 -24.3986010595377 458550.750218
30.4460425342431 114.471807434737 -22.8447072745094 458551.750219
30.4459475350946 114.471881447966 -19.9352161076797 458552.750219
30.4458681678107 114.471882534295 -18.7959065485438 458553.750219
30.4458174715262 114.471920543495 -23.8605962618997 458554.75022
30.4456985123693 114.471928338055 -24.3344960265205 458555.75022
30.4456138099108 114.471910078904 -19.0562648503816 458556.75022
30.4455185846711 114.471899862152 -23.8160537240417 458557.750221
30.4454470229507 114.471887365877 -20.5495196483632 458558.750221
30.4453762529253 114.471909065632 -24.2451623051495 458559.750222
30.4452459479993 114.471902361503 -22.4430382799505 458560.750222
30.4451273344608 114.471910749548 -17.4344090167676 458561.750222
30.4450363703767 114.47191831274 -23.3481569784008 458562.750223
30.4449206197462 114.471887873841 -22.1954620523196 458563.750223
30.4447882196962 114.471858307862 -20.560377001986 458564.750224
30.4447019874868 114.471884384138 -22.4760904422426 458565.750224
30.4446145943798 114.471921146945 -20.7320762371018 458566.750224
30.444481850976 114.471938817075 -19.8146876511925 458567.750225
30.4443755496356 114.471925581063 -21.3421258095878 458568.750225
30.444244194977 114.471906464236 -19.3834680564632 458569.750225
30.4441408673676 114.471923882795 -23.730031404802 458570.750226
30.4440480234112 114.471908927983 -21.6190860274158 458571.750226
30.4439231955828 114.47188006214 -17.4040297140646 458572.750227
30.4438001949594 114.471895550885 -21.1108819900321 458573.750227
30.443720315183 114.471892479863 -22.0202426958644 458574.750227
30.4436065820258 114.471896163702 -19.7724073318025 458575.750228
30.4434742476041 114.471913158688 -21.5955313415795 458576.750228
30.443382466559 114.47189895099 -24.698364022645 458577.750228
30.4433064693958 114.471886296996 -22.0234579423142 458578.750229
30.4432056244738 114.471879725768 -21.972322799491 458579.750229
30.4430736175416 114.471868624823 -19.031138826426 458580.750229
30.4430424141694 114.471842967799 -18.2357478056849 458581.75023
30.4429778598899 114.471864423566 -19.905078371814 458582.75023
30.4429414558832 114.471775817866 -20.9539411865267 458583.75023
30.4429255799981 114.471710783419 -17.5223039916333 458584.750231
30.4428681378086 114.471614348016 -21.3343216590807 458585.750231
30.4428945250726 114.471563720158 -20.0273812581214 458586.750231
30.4428510865297 114.471432842478 -18.0749661567236 458587.750232
30.4428630937878 114.471351084349 -19.0864149074944 458588.750232
30.442867227799 114.471268965677 -18.9234084920424 458589.750232
30.4428901270118 114.471151219025 -18.9118116274197 458590.750233
30.4428529316004 114.471081426455 -21.3232155728897 458591.750233
30.4428755109556 114.470998944771 -20.5405095508912 458592.750233
30.4428549728851 114.470879656928 -19.043447986012 458593.750234
30.4428466782408 114.470727024062 -22.0964790225017 458594.750234
30.4428857238483 114.470642216664 -16.7113964098372 458595.750234
30.442879701475 114.470512407141 -21.3315756108122 458596.750235
30.4428298062755 114.470441840521 -24.5852014413329 458597.750236
30.4429088665744 114.470347515999 -18.8636208417461 458598.750236
30.4428826293352 114.470182392922 -22.4303596494589 458599.750236
30.4428754344654 114.470068250738 -22.1470642456114 458600.750236
30.4428595260963 114.469917715633 -20.7758549295211 458601.750236
30.442912078213 114.469823973996 -22.524843523522 458602.750237
30.4428653147763 114.469674680082 -23.2038651882608 458603.750237
30.4428429487723 114.469588463094 -21.5552640330712 458604.750237
30.442842928181 114.469469099729 -20.7814144271471 458605.750238
30.4428610455976 114.469330787056 -20.1973630339795 458606.750238
30.4428726258978 114.469234378309 -21.4864613189278 458607.750238
30.4428887093016 114.469091254408 -19.6354452733582 458608.750239
30.4428904691835 114.468989079414 -17.3723425863273 458609.750239
30.4428649274605 114.46885528141 -18.4030421542549 458610.750239
30.4428771253022 114.468749891935 -19.1710079892821 458611.75024
30.4428582168454 114.468609738508 -19.3873804168414 458612.75024
30.4428858095576 114.468520753468 -23.7060344117953 458613.75024
30.4428699125122 114.468422419251 -23.3588502243831 458614.750241
30.4428570538902 114.468280535382 -21.5240942578799 458615.750241
30.4428857088967 114.468206884958 -23.6871299088265 458616.750242
30.4428977919954 114.468125929175 -21.1321309517469 458617.750242
30.4428704497512 114.468017456731 -22.1115251478717 458618.750242
30.4429084342822 114.467932507795 -23.3029958915691 458619.750243
30.44295426084 114.467872634704 -21.6714291576698 458620.750243
30.4430100278413 114.467807264853 -21.2417089156968 458621.750243
30.4430760322286 114.467785049576 -20.8347740092182 458622.750244
30.4431658161637 114.467739311633 -23.364077329058 458623.750244
30.4432127471203 114.467749883823 -21.1419290044981 458624.750245
30.4432914737377 114.467735353089 -24.2271502103608 458625.750245
30.4433759920173 114.467682363667 -24.4086054520513 458626.750245
30.4434764145381 114.467735046045 -24.0099387750575 458627.750246
30.4436089643874 114.467696404634 -23.5446857957637 458628.750246
30.4436682488548 114.467691935413 -24.5067877314303 458629.750247
30.4437593547467 114.467690016888 -26.6910664909541 458630.750247
30.443857164164 114.467651606103 -26.7301359058766 458631.750247
30.4439453351922 114.467696109709 -22.092442076881 458632.750248
30.444082258157 114.467659423979 -23.8954918255564 458633.750248
30.4441772537395 114.467662508478 -22.1725347521943 458634.750248
30.4443151035405 114.467667932591 -24.3669480825016 458635.750249
30.444442850147 114.467702892357 -23.1258686550061 458636.750249
30.4445264134419 114.4676772021 -25.4416744362627 458637.750249
30.4446391320308 114.467673507922 -26.0832779581884 458638.75025
30.4447287918507 114.467705854312 -24.1049101628646 458639.75025
30.4448980333205 114.467698212156 -23.0174251815667 458640.75025
30.4450059040509 114.467689209876 -27.2112466205382 458641.750251
30.4451303868892 114.467710957683 -24.9536306895927 458642.750251
30.445258812075 114.46770098353 -23.8405388489597 458643.750251
30.4453532501014 114.467713992408 -24.9596481535925 458644.750252
30.4454473909688 114.467734784948 -28.9102866389238 458645.750252
30.4455748838038 114.467704509217 -28.5514385330657 458646.750252
30.4456560963809 114.467748310245 -28.2812780436194 458647.750253
30.445750690684 114.467722271057 -29.9817054842811 458648.750253
30.4458055500373 114.467706087051 -24.3393711814655 458649.750253
30.4458661438943 114.467721658106 -28.9782582291275 458650.750254
30.4459430410593 114.467700071868 -29.200368546584 458651.750254
30.4459616799126 114.46770908189 -26.3061449260567 458652.750254
30.4459657374266 114.467758070055 -27.3200484985477 458653.750255
30.4459794395522 114.467724450221 -27.7867669627872 458654.750255
30.4459863770468 114.467756439034 -24.5176866469881 458655.750255
30.4459952813968 114.467737050256 -24.3699062822939 458656.750256
30.4460268613503 114.467725090356 -26.7775981520478 458657.750256
30.4459873223944 114.467698421786 -25.0460938048515 458658.750256
30.4459747096673 114.46771131471 -28.6243472138559 458659.750257
30.4459517259619 114.467730206513 -28.934528211158 458660.750257
30.4460085274719 114.467733295427 -25.284635334284 458661.750257
30.4459708692754 114.467755931699 -28.4626213876518 458662.750258
30.4459928189623 114.467690107809 -27.1866487168666 458663.750258
30.4459829989649 114.467693481877 -27.8256663115509 458664.750258
30.4460011011055 114.467747040888 -27.5436552521073 458665.750259
30.4460029006987 114.467714913302 -28.4622477387231 458666.750259
30.4459610874817 114.467739529216 -25.5717879030303 458667.750259
30.4459773091619 114.46770132064 -29.2919915687481 458668.75026
30.4459764993514 114.46773132835 -27.8799115359469 458669.75026
30.4459993479459 114.467713494611 -29.0960769335271 458670.75026
30.4459777671028 114.467713163697 -30.7893115756818 458671.750261
30.4459807636622 114.467719631721 -25.7323294468405 458672.750261
30.4459969420692 114.467729066476 -31.5161536255636 458673.750261
30.4460220319461 114.46775391704 -27.0888256919611 458674.750262
30.4460414388995 114.467720392621 -26.5662670234687 458675.750262
30.4460787517042 114.467717958701 -29.8626048424902 458676.750263
30.4461386230475 114.467719076784 -27.3173621371183 458677.750263
30.4461719526364 114.467727342006 -29.4121944958117 458678.750263
30.4462829406634 114.467694025297 -30.0031784348157 458679.750264
30.4463353254236 114.467714052436 -27.0117550997387 458680.750264
30.4464390941133 114.467738914804 -29.6301632256009 458681.750265
30.4465565683288 114.467715040098 -30.5975673134917 458682.750265
30.4466163160538 114.467671943767 -26.1552864527374 458683.750265
30.4467277910543 114.467697155151 -25.8980174621966 458684.750266
30.4468259269051 114.467694906516 -33.1584498370957 458685.750266
30.4469395896272 114.467676655638 -28.3435746036713 458686.750266
30.4470427479858 114.467670902555 -28.5735129554324 458687.750267
30.4471433733707 114.467684748378 -28.6730766069399 458688.750267
30.4472567945217 114.467708177355 -29.529037645552 458689.750268
30.4473600757885 114.467693293029 -25.5620429846101 458690.750268
30.4474588540202 114.46770912478 -30.5743446540824 458691.750268
30.4475693770151 114.467684093071 -32.90023918693 458692.750269
30.4476736442575 114.467718749896 -33.5636314002871 458693.750269
30.4477989480516 114.467706256699 -28.9360442918354 458694.750269
30.4479363049343 114.467698026811 -30.1418179419486 458695.75027
30.4479986337735 114.467688238393 -27.8031255531811 458696.75027
30.4481388513682 114.467697495487 -30.1295885379843 458697.75027
30.4482421421808 114.467704228181 -29.0155740621975 458698.750271
30.4483589186569 114.467703106781 -24.5583000031334 458699.750271
30.4484617504346 114.467708763234 -28.5013698436598 458700.750271
30.4485774351678 114.467703799805 -31.2052176921252 458701.750272
30.4486800912222 114.467684059385 -27.2494637652688 458702.750272
30.4488105210845 114.467690587613 -28.8444838277141 458703.750272
30.4489246885224 114.467731610737 -28.0761402751039 458704.750273
30.4490251238793 114.467726722163 -29.5377452476323 458705.750273
30.4491237065891 114.467694961649 -27.0207572909221 458706.750273
30.4492548296375 114.467732868024 -23.5263075864728 458707.750274
30.4493291290037 114.467704256529 -26.1436594574276 458708.750274
30.4494524051893 114.467725687002 -26.5049796556665 458709.750274
30.4495131410697 114.467741714314 -28.8248969207882 458710.750275
30.4496574162965 114.467720240482 -26.5631330528318 458711.750275
30.4496965129953 114.467733451261 -28.1090335555183 458712.750275
30.4497910670953 114.467721636629 -24.3222341178184 458713.750276
30.4498623005943 114.467721134035 -22.7139707267128 458714.750276
30.4499163961929 114.467766569914 -26.33488606798 458715.750276
30.4499303548768 114.467775019249 -27.9233129507843 458716.750277
30.4499917183735 114.467737720689 -25.3473217094118 458717.750277
30.4500584562372 114.467729500424 -25.7510370980268 458718.750277
30.4500713473818 114.467739959059 -27.0620955102755 458719.750278
30.4500896368426 114.467742083732 -27.2634992952482 458720.750278
30.450142136795 114.467735407315 -30.4307309971973 458721.750278
30.4500989708214 114.467736122355 -25.1448335287568 458722.750279
30.4501062634545 114.46776274712 -26.014434117089 458723.750279
30.4501155411625 114.467724247392 -31.3532475581589 458724.750279
30.4501068155135 114.467787034442 -26.2663770346874 458725.75028
30.450137903206 114.467746746035 -24.6655799236468 458726.75028
30.4501006944232 114.467733946363 -25.9577857714355 458727.75028
30.4501304063734 114.467753806499 -29.2491887885965 458728.750281
30.4501386808816 114.467740248811 -27.0953357741641 458729.750281
30.450128282545 114.467764459483 -27.5998989771312 458730.750281
30.4501006128451 114.467747037226 -26.7426470851778 458731.750282
30.4501036521539 114.467750227446 -29.426794010754 458732.750282
30.4501064531892 114.467720516454 -28.2063935861945 458733.750283
30.4501110200663 114.467721544943 -22.2533203209022 458734.750283
30.450123504432 114.467742302195 -25.5532643988596 458735.750283
30.4501501087879 114.467755079484 -26.5526905903781 458736.750284
30.4501289335735 114.467731537435 -27.193541446303 458737.750284
30.450162041022 114.467747666802 -21.6161501286747 458738.750285
30.4501212801206 114.46772657961 -24.6233836868209 458739.750285
30.4501445745716 114.467783176409 -25.9813119014203 458740.750285
30.4501597034203 114.467765722137 -28.3932012646763 458741.750286
30.4501326666024 114.467765496808 -23.2717772813815 458742.750286
30.4501457152022 114.467753198626 -23.6644524311433 458743.750287
30.4500924555658 114.4677201364 -26.7421430100677 458744.750287
30.4501195694827 114.467757340936 -26.7907156599247 458745.750287
30.4501123562181 114.467730176924 -21.7105199211093 458746.750288
30.4501292662417 114.467756812773 -24.1068290847827 458747.750288
30.4501041372666 114.467777886978 -28.1170341726824 458748.750288
30.4500998621684 114.467747326703 -27.3711419366208 458749.750289
30.4501061873532 114.467700457807 -23.8626831139917 458750.750289
30.450108949982 114.467735374068 -28.908748569815 458751.75029
30.4501266159927 114.467736857443 -26.0844583559924 458752.75029
30.4501033033912 114.467743921433 -23.5163618999623 458753.75029
30.4501292375169 114.467721555619 -27.1286147932036 458754.750291
30.4501464711956 114.467734527583 -26.9545016320329 458755.750291
30.4501149942167 114.467735696954 -27.9610840284361 458756.750291
30.4501140541681 114.467739193999 -27.2493630394131 458757.750292
30.4501428341742 114.467742487056 -23.3078686452301 458758.750292
30.4501135028997 114.467723387979 -24.9307553493211 458759.750292
30.4500967523055 114.46772986561 -29.7950921574635 458760.750293
30.4501505537283 114.467758460641 -20.9795553472182 458761.750293
30.4501586640002 114.467724356281 -25.3168887788242 458762.750293
30.4502516813628 114.467752237288 -25.9108600689362 458763.750294
30.450235832551 114.467766032324 -26.6545898315061 458764.750294
30.4503026226048 114.467750664949 -24.8486441578303 458765.750294
30.4503397001452 114.467717010681 -26.4856902979654 458766.750295
30.4504321612936 114.46775511136 -26.5426455610958 458767.750295
30.4504672908224 114.467741698773 -25.2613932135843 458768.750295
30.4505572412227 114.467717244239 -26.7805589711029 458769.750296
30.4506836968252 114.467761326646 -28.0735136096474 458770.750296
30.4507583975912 114.467726521397 -22.7965941225428 458771.750296
30.4508147472304 114.467709018245 -27.3404918747735 458772.750297
30.4509614276188 114.46771663756 -28.5314374531417 458773.750297
30.4511001558661 114.467727310297 -26.6063542300332 458774.750297
30.4512097755224 114.467735806685 -26.1009905753503 458775.750298
30.4513547543329 114.467688797047 -25.790739296259 458776.750298
30.4514598784665 114.467682867702 -27.7518114004907 458777.750298
30.4515396741556 114.467725977474 -25.7732500405582 458778.750299
30.4516672115946 114.467710867104 -25.6163910364335 458779.750299
30.4517950809694 114.467689982477 -28.3921784901358 458780.750299
30.4518970518252 114.467664867603 -28.7103686706955 458781.7503
30.4520599385973 114.467715985801 -25.9990976654048 458782.7503
30.4521460318237 114.467724728848 -24.6844001322619 458783.7503
30.4522478538059 114.467679723432 -24.2757716606184 458784.750301
30.4523526559974 114.467712532873 -26.191862659744 458785.750301
30.4524968504912 114.467736170737 -29.1268889309828 458786.750301
30.4526091504906 114.467737685729 -30.5410928079785 458787.750302
30.4527109636895 114.467736913751 -24.028441158694 458788.750302
30.4528120928213 114.467681324956 -25.3095998997766 458789.750302
30.4529321678899 114.467713125492 -28.7490434330119 458790.750303
30.453063228049 114.467718749184 -25.8664422079854 458791.750303
30.4531342601058 114.467732840997 -26.8408709226354 458792.750303
30.4532175897708 114.467723039715 -27.4388205497342 458793.750304
30.453316781551 114.467770190793 -29.1115507798464 458794.750304
30.4533567159 114.467712504891 -29.7729696287553 458795.750305
30.4534250329254 114.467687104735 -27.814913368367 458796.750305
30.4534931636703 114.467685028387 -28.5806204473517 458797.750305
30.4535184877368 114.467631350562 -28.4580144451246 458798.750306
30.4535415619965 114.467599393577 -29.0455291841922 458799.750306
30.4535940706649 114.467585663985 -29.8770004734212 458800.750306
30.4535729894102 114.467485828862 -28.7456985241568 458801.750307
30.4536141158997 114.467437382857 -29.2205434924446 458802.750307
30.4536276618184 114.467340291251 -31.0027836264994 458803.750308
30.4536764183439 114.46727200284 -27.9121042260085 458804.750308
30.4536394274747 114.467220599732 -27.0573781100035 458805.750308
30.4536341699572 114.467083038678 -29.8920342954626 458806.750309
30.4536639581485 114.467041604554 -26.2749785929241 458807.750309
30.4536543309953 114.466927730643 -33.7967610502715 458808.750309
30.4536428132082 114.466837777843 -27.0248181134384 458809.75031
30.4536132302234 114.466757920022 -25.4151313708895 458810.75031
30.4536161610291 114.466632369347 -28.7896597066473 458811.750311
30.4536686289762 114.466544776947 -30.8200183219825 458812.750311
30.4536723302444 114.466450894021 -29.5808890958553 458813.750311
30.4536884943245 114.46634687288 -30.4627769792834 458814.750312
30.453666134719 114.466176511023 -28.2843313813459 458815.750312
30.453670151279 114.46611621926 -26.8683007305408 458816.750313
30.4536773423546 114.466013069364 -32.635822048639 458817.750313
30.4536737677987 114.465922956877 -28.7951731509639 458818.750313
30.4536492076796 114.46579864902 -29.4689248654114 458819.750314
30.4537108962163 114.465693398578 -34.8713669808815 458820.750314
30.4536969320244 114.465563711428 -28.4412659736091 458821.750314
30.453691416826 114.465456760986 -31.8891374489268 458822.750315
30.4537192869688 114.465318225368 -29.5283081609665 458823.750315
30.453694261862 114.465183269827 -34.6558029257534 458824.750315
30.4537175744638 114.465117450619 -30.9652953754167 458825.750316
30.453697955452 114.46509213737 -29.3682468579844 458826.750316
30.4537175121459 114.464990852648 -31.7857327418848 458827.750316
30.453682458758 114.464926597996 -33.3077741659947 458828.750317
30.4536658786641 114.464871636892 -29.1387612180684 458829.750317
30.4535939820363 114.464859011382 -29.4029253674789 458830.750317
30.4535461116637 114.464827071439 -32.5447329529138 458831.750318
30.4534568958285 114.464828519508 -29.2887573762985 458832.750318
30.4533942997752 114.46478567128 -29.97339230282 458833.750318
30.4533001079872 114.464827921308 -33.1032818743086 458834.750319
30.453195198905 114.464808429414 -31.7936451036205 458835.750319
30.45310440894 114.464811861595 -34.0552426467314 458836.750319
30.4530034781377 114.464798174746 -28.5771978528219 458837.75032
30.4528996384965 114.464812548685 -30.4477825469651 458838.75032
30.4528163415742 114.464805850503 -27.1967655532491 458839.75032
30.4526824225374 114.464828259763 -30.2738361865001 458840.750321
30.4525224014668 114.464812171335 -33.907910111144 458841.750321
30.4524231435368 114.464773772992 -33.4320127997122 458842.750321
30.4523327654 114.464778701123 -30.8730391509608 458843.750322
30.4521650688425 114.464808842027 -26.2574768140038 458844.750322
30.452080166776 114.46480212878 -28.6116791037012 458845.750322
30.4518799861627 114.464768594878 -27.996849847715 458846.750323
30.4518292445964 114.464776852794 -28.7974000703032 458847.750323
30.4516838026316 114.464815085909 -30.5847045304704 458848.750323
30.4515668646602 114.464797382786 -27.9098908481 458849.750324
30.4514346092675 114.464755216105 -32.679480380702 458850.750324
30.4513268079261 114.464759685392 -29.1326181576046 458851.750324
30.4512316277741 114.46477885354 -28.3127092300143 458852.750325
30.4511284253913 114.464791031472 -29.0448607653686 458853.750325
30.4510437876401 114.464778168074 -32.8149716032352 458854.750325
30.4509146643946 114.464806472714 -29.5935456119574 458855.750326
30.4508241206294 114.46476244761 -27.2964561690777 458856.750326
30.4507623705841 114.464779203019 -28.0009829697679 458857.750326
30.4506608808059 114.464762605019 -27.6874223438796 458858.750327
30.450557800273 114.464764561981 -29.0059367527893 458859.750327
30.4505235169114 114.464738058878 -26.383048389045 458860.750327
30.4504158874463 114.464787499723 -31.224586828435 458861.750328
30.4503258226818 114.464752973193 -28.5164790248109 458862.750328
30.4501699661 114.464781799658 -29.5187091027761 458863.750329
30.4501262627211 114.464795600416 -24.4857195032712 458864.750329
30.4500451228045 114.464776978083 -27.4989720872179 458865.750329
30.4498784849755 114.46479806559 -28.4074920057399 458866.75033
30.4498158956899 114.464784615424 -27.0331474036059 458867.75033
30.449678685899 114.464786231878 -26.3080707044786 458868.75033
30.4496024370464 114.464791571295 -25.3380118235585 458869.750331
30.4494747084684 114.464777501501 -27.2489858051377 458870.750331
30.4493720621859 114.464772848841 -26.2038261535366 458871.750332
30.4492271457203 114.46481432101 -27.4974004610617 458872.750332
30.4491616486739 114.464797053699 -24.59606912958 458873.750332
30.4490014099421 114.464791142506 -27.01299067958 458874.750333
30.448911449168 114.464799208229 -26.8482400784797 458875.750333
30.4487614665819 114.464791752312 -26.9013499758377 458876.750334
30.4486690137123 114.464799449981 -27.5027129916756 458877.750334
30.4485285520535 114.464791995979 -26.860093940166 458878.750334
30.4484259016977 114.464792336897 -24.4096388023763 458879.750335
30.4483229847264 114.464780158536 -26.1003191028485 458880.750335
30.4481965678196 114.46478869171 -23.7086396841299 458881.750335
30.4480763148863 114.464802163858 -29.8212119590584 458882.750336
30.4479923220178 114.464795836205 -26.1717596399241 458883.750336
30.4478381052289 114.464829662805 -27.0432981350131 458884.750336
30.4477177566259 114.464796946435 -26.3945019242983 458885.750337
30.4476173576167 114.464782752973 -27.2597804839687 458886.750337
30.4475125800153 114.464779247974 -24.5121329254465 458887.750337
30.4473970214812 114.464788757705 -23.1131963997879 458888.750338
30.4473004400456 114.46476979996 -28.9072503689975 458889.750338
30.4472094258211 114.464774328901 -28.3255172497783 458890.750338
30.4470587569935 114.464780473786 -24.034519500137 458891.750339
30.4469676467572 114.464777819105 -23.5035191293671 458892.750339
30.446868572332 114.464754370026 -25.3762764481477 458893.750339
30.4467643619137 114.464764138394 -24.2252249447064 458894.75034
30.4466698749869 114.464743119501 -25.7116337844438 458895.75034
30.4466352886688 114.464756677424 -21.110333537277 458896.75034
30.4465553393083 114.46475160485 -27.2108078715721 458897.750341
30.4465335223568 114.464785247885 -23.2611488672662 458898.750341
30.4465442319052 114.464771570993 -27.1853134961031 458899.750341
30.4465500887002 114.464752096014 -28.4794067834228 458900.750342
30.4464779930001 114.464745383938 -22.3154459125813 458901.750342
30.4465283047257 114.464750503614 -27.9521074402476 458902.750342
30.4464810963423 114.46476832103 -27.0514826165718 458903.750343
30.4465214177807 114.464755364915 -25.3453420310834 458904.750343
30.4465050215489 114.464746613219 -24.8649122177829 458905.750343
30.4465414567858 114.464758715365 -21.3407749882053 458906.750344
30.4464886378605 114.464717084326 -24.5063005772446 458907.750344
30.4465160049416 114.464745939967 -25.22423159946 458908.750344
30.4465306164923 114.464760432838 -25.1689122052605 458909.750345
30.446537849777 114.464772007112 -23.8267668722541 458910.750345
30.4464868680021 114.464761337411 -26.4312524754058 458911.750345
30.4465070354185 114.464782193418 -25.4312740447017 458912.750346
30.4464825301928 114.464720719481 -26.5146746938424 458913.750346
30.4465332378218 114.464732391477 -25.9806807760607 458914.750346
30.4464924021581 114.464759383204 -26.4828958668166 458915.750347
30.4465043652912 114.464754922463 -28.4636588052339 458916.750347
30.4465098657056 114.464738724079 -22.4418591873021 458917.750347
30.4465047265098 114.464783053467 -26.6496396685868 458918.750348
30.4465111512981 114.464757391741 -21.6224111478481 458919.750348
30.4464297339081 114.464772322519 -23.0560390160447 458920.750348
30.4463899072559 114.464706531458 -23.8663365526471 458921.750349
30.4463660961119 114.464753666124 -22.0934617085382 458922.750349
30.4462559762951 114.464743091889 -28.9564024579545 458923.750349
30.4462104461878 114.464790001294 -26.4449044766203 458924.75035
30.4461744916103 114.464739539214 -21.8399074409594 458925.75035
30.4460691278013 114.464779860475 -20.1210266623938 458926.750351
30.4460311868399 114.46474186752 -27.0661867923273 458927.750351
30.4459150658874 114.464761438812 -27.1973478292925 458928.750351
30.4458087543447 114.464824297494 -28.1806211580288 458929.750352
30.4457366455645 114.464721549982 -25.0144150780256 458930.750352
30.4456447902801 114.464777816387 -24.0202212845205 458931.750353
30.4455624558576 114.464767297519 -25.8817345640913 458932.750353
30.4454097602945 114.464791056859 -24.0131131173711 458933.750353
30.4453136939033 114.464737129651 -28.3929331776788 458934.750354
30.4452028554523 114.464782203425 -26.5442460595053 458935.750354
30.4451028958138 114.464787987904 -24.110488289766 458936.750355
30.4450027700512 114.464761153844 -25.3830826720058 458937.750355
30.4449035769712 114.464776396497 -21.1456841028475 458938.750355
30.4448023970093 114.464802697557 -25.4468934025462 458939.750356
30.4446923157253 114.464778751511 -21.8336702479921 458940.750356
30.4445369668991 114.4647787733 -20.5755437927006 458941.750357
30.4444527150418 114.46476969723 -25.5430307700224 458942.750357
30.4443463059831 114.464756795123 -24.7644899960787 458943.750357
30.4442223846468 114.464769413586 -26.4896642858686 458944.750358
30.4441545867014 114.464760666192 -22.4488653663967 458945.750358
30.4440252262984 114.464785566201 -20.160063591593 458946.750358
30.4439669515523 114.464774856692 -19.98702865554 458947.750359
30.4438667106909 114.464761096006 -20.7833388959869 458948.750359
30.4437574916612 114.464772341446 -24.6316833220879 458949.750359
30.4436538589893 114.464750263978 -20.0557228801886 458950.75036
30.4435849433062 114.464775241368 -21.6355880061642 458951.75036
30.443467739309 114.46476477789 -21.8268135830338 458952.75036
30.4433866211916 114.464791168432 -21.8283160514038 458953.750361
30.4433036114139 114.464808657532 -24.4496255994885 458954.750361
30.4432255992088 114.464784867841 -20.7909860027226 458955.750361
30.4431560212594 114.464757275527 -23.2719887440019 458956.750362
30.4431002112691 114.464733233655 -24.6849807553208 458957.750362
30.4430603253876 114.464710800651 -25.7790446803583 458958.750362
30.4430018274317 114.46464533318 -21.6803436240944 458959.750363
30.4429724135291 114.464587807527 -20.4969473449843 458960.750363
30.4429240380213 114.464537106991 -22.5308127642383 458961.750363
30.4429043603467 114.464431473839 -20.4637184151473 458962.750364
30.4428822358167 114.464354056679 -24.1462848777723 458963.750364
30.4429029677101 114.464266558724 -21.7016269829526 458964.750364
30.4428942491957 114.464209082011 -22.4035317655144 458965.750365
30.4428846652685 114.464119183346 -23.7622597516951 458966.750365
30.4428693282759 114.464019532252 -24.510400201794 458967.750365
30.4428097150219 114.463952733709 -24.0394630367112 458968.750366
30.442814163222 114.463872941588 -24.6538759304261 458969.750366
30.4428096182524 114.463757765737 -23.5606510119691 458970.750366
30.4428063000361 114.463690224478 -19.8496035394965 458971.750367
30.4428213258863 114.463539909165 -26.2685701851117 458972.750367
30.4428421719729 114.46343159203 -24.773419159359 458973.750367
30.4428324973071 114.463324334969 -21.5121158307548 458974.750368
30.4428285578703 114.46322098101 -23.6933371856159 458975.750368
30.442870645807 114.463067824404 -22.089721281566 458976.750368
30.4427906159317 114.463011490353 -25.7508269576206 458977.750369
30.4428030595279 114.462885868763 -28.3273708725841 458978.750369
30.4428604653386 114.462777294083 -23.5647975007079 458979.750369
30.4428424917807 114.462614468388 -23.3695655477736 458980.75037
30.4428629723172 114.462559324032 -23.940600306859 458981.75037
30.4428539418182 114.462425686375 -25.1800061546554 458982.75037
30.4428526035071 114.462368605493 -23.5836393518887 458983.750371
30.442887443275 114.462268539193 -25.0681905127338 458984.750371
30.4429142031056 114.462208188188 -24.5911452433018 458985.750371
30.4429334977976 114.462138028017 -22.0666031641653 458986.750372
30.4430276612158 114.46207654761 -20.3795914655561 458987.750372
30.4430622384808 114.461995988723 -22.5059338106325 458988.750372
30.443168557667 114.461976948812 -23.550308579327 458989.750373
30.4432200499526 114.461959474108 -25.8811976437103 458990.750373
30.4432483811192 114.461921112079 -26.4298822067694 458991.750373
30.4433567189634 114.461925562488 -21.6148421707214 458992.750374
30.4434483973372 114.46191590394 -21.9295303281454 458993.750374
30.4435377719822 114.461946554233 -25.1803582501384 458994.750375
30.4436425739624 114.461926680872 -23.6339261068849 458995.750375
30.4437057792182 114.461925027213 -23.8504222686888 458996.750375
30.4438202414544 114.461908958065 -23.2299715270383 458997.750376
30.4439294509443 114.461929465744 -23.2051917939513 458998.750376
30.4440275063927 114.46194021417 -24.8720125513657 458999.750377
30.4441403248931 114.461915456184 -24.35867179055 459000.750377
30.4442476613136 114.461901156039 -27.0253080281037 459001.750377
30.444402119794 114.461951458659 -22.6534961980141 459002.750378
30.4444479939971 114.461945316435 -25.556489815105 459003.750378
30.4446199853411 114.461937355866 -23.660665996958 459004.750378
30.4446928168071 114.461914393826 -22.7997528163886 459005.750379
30.4448198875813 114.461898622693 -24.2199927590883 459006.750379
30.4448929775331 114.461938883474 -25.3056250956763 459007.75038
30.4449839311253 114.461962211627 -22.662488280722 459008.75038
30.4451549608966 114.461942503893 -26.4245646890913 459009.75038
30.4452069275344 114.461913975244 -26.1259692880438 459010.750381
30.4453612503615 114.461951974986 -28.8863620749019 459011.750381
30.4454517900205 114.461978043725 -23.8723676755408 459012.750382
30.4455266178596 114.461952039828 -27.1026558270036 459013.750382
30.4456275691094 114.461945137954 -22.7753520475149 459014.750382
30.4456978309597 114.461950137621 -24.4094481020354 459015.750383
30.4458198001999 114.461965128062 -26.1732278597598 459016.750383
30.4458749664732 114.461950941494 -24.6310350812007 459017.750383
30.4459211539672 114.461950563884 -27.9602562916908 459018.750384
30.4459696469134 114.461968424122 -23.7966911718741 459019.750384
30.4459468724143 114.461977744195 -26.0928821682297 459020.750384
30.44603233781 114.461924774731 -24.9015020895587 459021.750385
30.4459992337523 114.461925796043 -25.0619164734164 459022.750385
30.4460246945562 114.46192825872 -25.6840611788429 459023.750385
30.4460086007305 114.461937135054 -26.3331779482584 459024.750386
30.4460045807886 114.461940928896 -25.8742376153898 459025.750386
30.4460062700266 114.461967843102 -25.8835096539443 459026.750386
30.4459828393795 114.461950291742 -25.7640526565591 459027.750387
30.4459984122116 114.4619399104 -29.7758216891318 459028.750387
30.4460058629526 114.461939515212 -28.1736732999062 459029.750387
30.4460189861056 114.461955581956 -23.5277499714406 459030.750388
30.4460327266446 114.461971152423 -24.2855057849044 459031.750388
30.4459708163656 114.461962185646 -24.2374627605561 459032.750388
30.4460185116974 114.4619828463 -23.8384195642274 459033.750389
30.4460159472664 114.461941209475 -23.0068481754067 459034.750389
30.445979432255 114.461951860309 -26.7675445138261 459035.750389
30.4460161993097 114.461950255194 -25.2938078288104 459036.75039
30.4460109322269 114.461967521378 -28.7523031417721 459037.75039
30.4460270537067 114.461962078469 -23.9397061204344 459038.75039
30.4460342735988 114.461917049818 -22.4611914232943 459039.750391
30.4460606019445 114.461923960492 -27.5300890000389 459040.750391
30.4460932211492 114.461967557859 -26.9380326719507 459041.750391
30.4461378466184 114.461951893657 -22.5950221034379 459042.750392
30.4462301451549 114.461976237248 -22.5371019446383 459043.750392
30.4463035564855 114.461953703958 -27.6512896964847 459044.750392
30.4463724613421 114.461934313923 -24.7469691102397 459045.750393
30.4464501816839 114.461966940029 -28.31342261524 459046.750393
30.4465265874713 114.46191629012 -25.8335764255197 459047.750393
30.4466368606896 114.461928466285 -27.7447198806908 459048.750394
30.4467359886565 114.461932666513 -27.4128015525798 459049.750394
30.4468148243594 114.461920612563 -25.8332254319962 459050.750394
30.4469346288923 114.461947906799 -26.7351117541705 459051.750395
30.447052158235 114.46190821184 -25.0732176250949 459052.750395
30.4471625822165 114.461886371175 -27.5203052882892 459053.750395
30.4473058429854 114.461883736548 -26.1916375035417 459054.750396
30.4474085313171 114.461906209283 -33.2839583682989 459055.750396
30.4474870829253 114.461879710734 -29.0643451155952 459056.750396
30.4476521381052 114.461840540541 -31.8615800964148 459057.750397
30.4477577493726 114.461866760967 -31.2858838375902 459058.750397
30.4478204714944 114.461799874865 -27.486110962386 459059.750397
30.4480119101141 114.461813827039 -24.4320995401656 459060.750398
30.4480942882563 114.461815550073 -27.3091051533901 459061.750398
30.4481819995264 114.461808316918 -28.3403057434273 459062.750399
30.4482975410157 114.461793913504 -30.2459389421822 459063.750399
30.4484140943959 114.461758726358 -26.1013551588686 459064.750399
30.4485389951275 114.461736421677 -26.9709195819192 459065.7504
30.4486595077709 114.461692353337 -28.3340026569343 459066.7504
30.4487203668473 114.461725157992 -29.7514138545945 459067.750401
30.4488483607494 114.461671501177 -25.9471718861601 459068.750401
30.4489688328253 114.461709373061 -26.6161886159762 459069.750401
30.4490487190311 114.46166932291 -27.5874126541168 459070.750402
30.4491911637489 114.461644317361 -25.3852731933295 459071.750402
30.4492714011958 114.461604617402 -26.0226079373778 459072.750403
30.449406903093 114.461596050649 -26.3328324985176 459073.750403
30.4494706870701 114.461591435589 -26.1982986919096 459074.750403
30.4495580547085 114.461562296812 -30.859996891679 459075.750404
30.4496439320343 114.461582239131 -30.1781683523408 459076.750404
30.4497322058618 114.46153524301 -26.0246364613094 459077.750404
30.4497917185636 114.461545778068 -28.5257131472018 459078.750405
30.4498898719929 114.461471194891 -23.6817413327364 459079.750405
30.4499300473618 114.461474350652 -25.8208692898389 459080.750406
30.4499757713821 114.461482143954 -30.1247387285455 459081.750406
30.4500405078751 114.461462485797 -27.6841253179445 459082.750406
30.4500412241276 114.461448621193 -30.0143533339134 459083.750407
30.4500990507208 114.4614770413 -27.6194906499491 459084.750407
30.4501215813523 114.461422264312 -27.2277985758162 459085.750407
30.4500660785791 114.461445575262 -27.7225097716791 459086.750408
30.4500645931207 114.461439161439 -27.6481359230055 459087.750408
30.4501263858674 114.461419575709 -27.9835719316159 459088.750408
30.450158894139 114.461420260869 -31.7155244508146 459089.750409
30.450075990723 114.461432063516 -25.9494645248408 459090.750409
30.4500748648848 114.461436280517 -27.0792725671663 459091.750409
30.4501036275141 114.461433217472 -27.2765992222205 459092.75041
30.4500935503497 114.461416484801 -28.4145800426096 459093.75041
30.4500741011882 114.461431562387 -28.967083858165 459094.75041
30.4501061250767 114.461429220936 -30.3817417579297 459095.750411
30.4501115315102 114.461419383164 -30.7399443867286 459096.750411
30.4501099141251 114.461437813453 -28.0074235391802 459097.750411
30.4501051663621 114.461424716866 -26.2265778280241 459098.750412
30.4501156111372 114.46144717496 -25.1011348638079 459099.750412
30.4501027478158 114.461439220698 -29.4993816639736 459100.750412
30.450114053631 114.461475339134 -26.0704019641153 459101.750413
30.4501003782802 114.461458859983 -25.1717439987513 459102.750413
30.4501321856574 114.461444054502 -26.1840548396107 459103.750413
30.4500992077645 114.461454519552 -30.0238141453106 459104.750414
30.4500528259866 114.461427086779 -30.2685620711723 459105.750414
30.4501141492632 114.461430547918 -29.8846478593629 459106.750414
30.4501585609616 114.461439651843 -24.5508141978757 459107.750415
30.4501912202891 114.461392605155 -29.9300470654756 459108.750415
30.4501971776854 114.461369706267 -29.4982005587634 459109.750415
30.4502599854633 114.461391354592 -25.7123139659576 459110.750416
30.4502983566428 114.461375762752 -29.5228185208616 459111.750416
30.4503881516578 114.46135796836 -26.8815752732357 459112.750416
30.4504308797883 114.461326070555 -27.2101392153795 459113.750417
30.4505189341866 114.461328425291 -29.967765664648 459114.750417
30.4505870154014 114.461289749343 -27.4515354506352 459115.750418
30.4506756970995 114.461240848186 -30.3701952047933 459116.750418
30.450745066117 114.461200100381 -25.40021130846 459117.750418
30.4508491302249 114.4611903581 -29.4600531644868 459118.750418
30.4509607886115 114.461144611299 -29.7357093716582 459119.750419
30.4510476984385 114.461163690686 -29.2903533356138 459120.750419
30.4511661025929 114.461099450485 -26.4742877899351 459121.750419
30.4512849460067 114.461047363537 -27.2019902506223 459122.75042
30.4514013443978 114.461026408588 -30.738326906021 459123.75042
30.451476515794 114.461037414308 -27.6360000307782 459124.75042
30.4516018358988 114.460958803001 -30.7727439949118 459125.750421
30.4517032345519 114.460926879059 -29.4401549966063 459126.750421
30.4518199890417 114.460890708992 -27.7717621834692 459127.750422
30.4519713510527 114.460849983671 -30.1626603563136 459128.750422
30.4520339062821 114.460818886552 -32.0431324181957 459129.750422
30.4521696741351 114.460820436225 -29.6503401198504 459130.750423
30.4522632088342 114.46076381837 -27.5713317558577 459131.750423
30.4523717126311 114.460718552635 -31.7874085945963 459132.750423
30.4525069087876 114.46068759289 -30.8378837931453 459133.750424
30.4526032734464 114.460674860338 -30.4834434650715 459134.750424
30.4527197911531 114.460649422753 -32.7228057708088 459135.750425
30.4528312950421 114.46061663561 -30.7944174421032 459136.750425
30.4529128045152 114.460535329357 -32.0986481225785 459137.750425
30.4530416208285 114.46052273002 -29.8462639974752 459138.750426
30.4531186050091 114.460503800298 -29.8585757700646 459139.750426
30.4532572139322 114.460546100275 -30.9043764476332 459140.750427
30.4533405415696 114.46046877961 -34.119526247596 459141.750427
30.4534146078746 114.460424009806 -29.7151960897255 459142.750427
30.4534922576504 114.460428806247 -29.8406832400445 459143.750428
30.4535678042845 114.460439658934 -29.4414886445403 459144.750428
30.4536348286519 114.460386256466 -32.4373502159335 459145.750429
30.4537066664843 114.460391027746 -34.6240904883519 459146.750429
30.4537643481225 114.460440711038 -32.1984785239849 459147.750429
30.4537887742724 114.460454860549 -36.1832377528324 459148.75043
30.4538379129309 114.460572424312 -31.0786669769716 459149.75043
30.4538672374607 114.460584994493 -28.9672340188691 459150.75043
30.4539039852889 114.460673377803 -33.2869940536451 459151.75043
30.4538785191207 114.460728561477 -31.1637078682149 459152.750431
30.4538690164874 114.460850302417 -28.6293287667788 459153.750431
30.4538598268642 114.460905573921 -30.49272390648 459154.750431
30.4538532519021 114.461030397491 -33.6111028871169 459155.750432
30.45385517286 114.461115431008 -30.7036704382933 459156.750432
30.4538644870969 114.461224344918 -31.7465042139477 459157.750432
30.4538444929343 114.46134280972 -31.7775439364959 459158.750433
30.4538669071579 114.461427461877 -35.1894519327864 459159.750433
30.4538570950793 114.461527092399 -30.6210596313794 459160.750433
30.4538503852726 114.46163698241 -28.1856627449024 459161.750434
30.453868560371 114.461768949495 -31.2208568284843 459162.750434
30.4538355151647 114.461905297602 -31.2979887806065 459163.750434
30.4538566042028 114.462008597239 -35.8281800304887 459164.750435
30.4538441752377 114.462083786383 -33.6478882621198 459165.750435
30.4538436743513 114.462231116385 -33.5655075812915 459166.750435
30.4538512277621 114.462333974616 -36.8386588543137 459167.750436
30.4538377890639 114.462462614165 -36.1857521223945 459168.750436
30.4538264589593 114.46256515284 -32.8627393853757 459169.750436
30.4538194111696 114.462672959746 -36.7027575123755 459170.750437
30.4537917937583 114.46279235542 -34.4004881887652 459171.750437
30.4538200052777 114.462907420868 -31.4323006608276 459172.750437
30.453818621965 114.462989800156 -34.4960889974252 459173.750438
30.4538047345707 114.463107914469 -34.97884016491 459174.750438
30.4537666945856 114.463265348334 -36.4125935455435 459175.750438
30.4537348089043 114.463379219772 -37.3145662341819 459176.750439
30.4537723028438 114.463481189488 -33.540969145559 459177.750439
30.4537407677885 114.463628385856 -32.6640514794001 459178.750439
30.4537560435314 114.463721015372 -31.4403176421773 459179.75044
30.4537259167602 114.463823738218 -35.4692453264065 459180.75044
30.4537239370571 114.463963686027 -35.5990312506385 459181.75044
30.4537184274759 114.464081382266 -32.6278343033814 459182.750441
30.4536921612796 114.464168716444 -33.2069220950316 459183.750441
30.4536965726087 114.464225349461 -30.5315506835671 459184.750441
30.4537075003337 114.464291345108 -29.0735462829133 459185.750442
30.4537018104014 114.46436830302 -33.2698119924726 459186.750442
30.4537163324338 114.464378369918 -35.8268917979064 459187.750443
30.4536822260845 114.464458448698 -31.807018019022 459188.750443
30.4537190285259 114.464474597015 -32.7255559633208 459189.750443
30.4536914649681 114.464505016528 -30.0530591660809 459190.750444
30.4536950999687 114.464493179196 -34.1791720971529 459191.750444
30.4536985498346 114.464519369057 -29.9842726581659 459192.750445
30.4536675265037 114.464533775459 -33.0815965068139 459193.750445
30.453700615362 114.464498173588 -32.6053498428791 459194.750445
30.4537009187374 114.464518711129 -31.2114623747742 459195.750446
30.4537241546561 114.464506218115 -29.3148956991336 459196.750446
30.4536936760819 114.464554430858 -30.5249716534532 459197.750447
30.4536916119818 114.464526363423 -32.2396586597921 459198.750447
30.4536954430021 114.464580077334 -35.6834047896258 459199.750447
30.4536866571528 114.464643611216 -28.1816503447174 459200.750448
30.4537147166473 114.464692230514 -32.3039961157584 459201.750448
30.453700718762 114.464745851272 -31.4898863534172 459202.750448
30.4536654302495 114.464839756663 -32.9193392528996 459203.750449
30.4536699390697 114.464901712039 -34.6198572551658 459204.750449
30.4536758266273 114.465023764906 -30.9871363209703 459205.75045
30.4536969690032 114.465110618664 -31.6886427013163 459206.75045
30.4537059712741 114.465187687367 -29.3079974103262 459207.75045
30.4536740269463 114.465266946778 -30.5008681800176 459208.750451
30.4536707147675 114.465380104186 -33.7227546801182 459209.750451
30.4537010689489 114.465506030271 -29.3582906072148 459210.750451
30.453685933334 114.465641224562 -28.9054709436568 459211.750452
30.4536523413106 114.46572894998 -29.6696816735347 459212.750452
30.4536785618473 114.465876176926 -31.9756013758251 459213.750452
30.4536373840808 114.465991631879 -29.9097640671318 459214.750453
30.4536288164614 114.466108745287 -27.9844926169673 459215.750453
30.453607148633 114.466239323608 -29.6076855460784 459216.750453
30.4536502593145 114.466370269653 -26.5348344430681 459217.750454
30.4536134012766 114.466472149313 -27.3993102155391 459218.750454
30.4536017861129 114.466573136622 -30.618937942012 459219.750454
30.453601620643 114.466717770148 -26.2895529488459 459220.750455
30.4536191980321 114.466819875349 -29.9893230875109 459221.750455
30.4536032439257 114.466958809316 -32.0874744367044 459222.750455
30.4535844916646 114.467045927172 -25.3921646137112 459223.750456
30.4535567559579 114.467165604209 -29.4543800555793 459224.750456
30.4535792042705 114.467275809391 -28.0073645467077 459225.750456
30.4535585835826 114.467322851703 -31.3727465307089 459226.750457
30.4535483099647 114.467369476999 -29.2648750028193 459227.750457
30.4535596701565 114.46740798186 -27.981641923643 459228.750457
30.4535518780624 114.467423661306 -31.0146603989762 459229.750458
30.4536056229552 114.467434982594 -29.1809514234535 459230.750458
30.453562650407 114.467439139399 -29.6600747161125 459231.750458
30.4535618811563 114.467456235394 -27.1698808907831 459232.750459
30.4535502028486 114.467454063811 -26.47240602265 459233.750459
30.4535367842497 114.467499687889 -28.1184679724542 459234.750459
30.453582321603 114.467434270347 -29.5822336986994 459235.75046
30.4535563311603 114.467444429604 -28.5673279430244 459236.75046
30.4535351099175 114.467425604533 -25.274949030552 459237.75046
30.4535525250285 114.467428495021 -27.7012275701424 459238.750461
30.4535191654743 114.467465743944 -26.440196253443 459239.750461
30.4535629033627 114.467443704331 -28.600976379357 459240.750461
30.4535388353242 114.467481955087 -30.2450454056918 459241.750462
30.4535889172752 114.467476777168 -25.9163877662503 459242.750462
30.45356989984 114.467474707083 -28.7438222609241 459243.750462
30.4535462746827 114.467513062939 -26.4778697304083 459244.750463
30.4535530022455 114.467552548955 -31.0522950292433 459245.750463
30.45354930263 114.467616154608 -30.1441028647542 459246.750463
30.4535598783004 114.467664836507 -27.0323023370602 459247.750464
30.453536687614 114.467739840687 -29.8809175814952 459248.750464
30.453528294347 114.467805778246 -27.6810054535242 459249.750464
30.453544002323 114.467907209076 -28.5045586628867 459250.750465
30.4535140842933 114.468019312268 -25.0410667047845 459251.750465
30.453556244338 114.468106684078 -27.2231440066253 459252.750466
30.4535675196702 114.468212310182 -31.1420723897987 459253.750466
30.453527907047 114.468286418465 -30.7567323587462 459254.750466
30.4535622979624 114.468435622975 -26.5036769560717 459255.750467
30.4535416854589 114.468586585303 -29.5530537563214 459256.750467
30.4535403023703 114.468688785664 -25.304113364181 459257.750467
30.4535018869314 114.468819491916 -29.2818018977429 459258.750468
30.4535129957888 114.46896284691 -25.9567653194247 459259.750468
30.4535474947055 114.469070374473 -28.8715604009486 459260.750469
30.4534935562437 114.469190449678 -26.5500202012628 459261.750469
30.453484658438 114.469336241536 -25.7910654092848 459262.750469
30.4534905103122 114.469456954381 -26.4191288277892 459263.75047
30.4535053015855 114.469591519263 -29.2297131840832 459264.75047
30.4535020411947 114.469793439651 -28.2164629820455 459265.750471
30.4534446219659 114.469897340111 -27.6713699131282 459266.750471
30.4534606966865 114.470068481155 -24.5160404047838 459267.750471
30.4534036227941 114.470215942197 -30.7611637370792 459268.750472
30.4534378028194 114.470392358292 -29.9153868676328 459269.750472
30.453391258801 114.470517798626 -27.9712559884917 459270.750472
30.4534163004054 114.470655664363 -25.38367187806 459271.750473
30.4533744926847 114.470833406777 -27.2454549729618 459272.750473
30.4533614994151 114.470976064481 -29.1037361753896 459273.750474
30.4533722021955 114.471111902516 -25.4024000795009 459274.750474
30.4533782264175 114.471195756008 -24.9776730690797 459275.750474
30.4533431492317 114.471331688606 -26.4762001560905 459276.750475
30.4533576716175 114.471466993381 -27.323515701337 459277.750475
30.4533276916827 114.471547882404 -28.7584410264207 459278.750475
30.4533382625757 114.471638976893 -23.4761458390496 459279.750476
30.453347775558 114.471732742189 -24.49304766423 459280.750476
30.4533283373071 114.471766142907 -26.5442589374957 459281.750476
30.4532405388027 114.471860746228 -21.6656618563571 459282.750477
30.4532290314103 114.471901691557 -24.3844843885189 459283.750477
30.4531310942083 114.471892897245 -26.5745531607822 459284.750477
30.4530730686499 114.471958913058 -25.9656796650964 459285.750478
30.4530133894165 114.471928526184 -21.0346968583228 459286.750478
30.4529131063421 114.471941225124 -24.8460004653627 459287.750478
30.4528384510858 114.471940727955 -23.0337871362418 459288.750479
30.4527509628287 114.471937462795 -23.0840231908784 459289.750479
30.4526449041558 114.471909575615 -22.6051737149175 459290.750479
30.4525502436879 114.471936538847 -21.6204788554635 459291.75048
30.4524489108047 114.471973236792 -23.3054818205008 459292.75048
30.4523395384279 114.471964704598 -21.7407726057801 459293.75048
30.452257594624 114.471959069897 -21.7950739332294 459294.750481
30.4521207208553 114.471920406919 -21.0821999966876 459295.750481
30.4519831668762 114.471880182382 -19.7141689939497 459296.750481
30.4518870115071 114.471929959055 -19.9937913779697 459297.750482
30.4517468540602 114.471929879553 -20.6265279213993 459298.750482
30.4516416362132 114.471903942965 -20.3331278183954 459299.750482
30.4514923080637 114.471932962081 -19.793222253279 459300.750483
30.4513726731139 114.47190195251 -21.6992579735952 459301.750483
30.4512809413238 114.471892851055 -21.821344469035 459302.750483
30.4511757146398 114.47190924932 -23.8986749267427 459303.750484
30.4510384999865 114.471893923906 -20.2934480128615 459304.750484
30.4509362512661 114.471874338937 -17.459666199743 459305.750484
30.4508537907893 114.471863266285 -19.0383564498618 459306.750485
30.4507549098431 114.471833113277 -18.5199768448527 459307.750485
30.4506780076897 114.47181918186 -17.7535406891383 459308.750485
30.4506117391908 114.471833458433 -17.3747635701034 459309.750486
30.4505453122036 114.471759558091 -23.2959707494142 459310.750486
30.4504892522047 114.471730728058 -18.0438311227675 459311.750486
30.4504785121058 114.471658292774 -19.4633586860834 459312.750487
30.4504132072967 114.471617098393 -19.7843787334139 459313.750487
30.4503953966543 114.471471414654 -21.9885482862104 459314.750487
30.4503675644258 114.471401033945 -23.8238957981443 459315.750488
30.4503890465 114.471336821821 -16.9534786300101 459316.750488
30.4503960976523 114.471216218958 -19.5028103429262 459317.750488
30.4504015246095 114.471057670577 -19.3806992585958 459318.750489
30.4504257204375 114.471034736615 -21.3874255473744 459319.750489
30.4503819220917 114.470878301714 -21.4949685210868 459320.75049
30.4504004290508 114.470741213854 -22.4554721275079 459321.75049
30.4504323541259 114.470621753164 -20.438503875856 459322.75049
30.4504113951262 114.470486276644 -22.7048779328821 459323.750491
30.4503838060032 114.470371238342 -22.4394427319017 459324.750491
30.4504187728874 114.470246036318 -21.0494715315451 459325.750492
30.4503613715347 114.470160476171 -23.8618957798908 459326.750492
30.450403509571 114.469977414246 -23.3891294845816 459327.750492
30.4504035830416 114.469846734017 -17.2596208099041 459328.750493
30.4503842489366 114.46977200486 -22.6642728989174 459329.750493
30.4504024792594 114.469618036273 -24.0888914812684 459330.750493
30.45038670557 114.469514997405 -26.5469531532642 459331.750494
30.4503631041236 114.46938422727 -24.9262457022579 459332.750494
30.4503921691201 114.469223618313 -27.2897213697391 459333.750495
30.4503768476128 114.469122994965 -28.4710032704801 459334.750495
30.4504017970706 114.46900844126 -23.6451171700197 459335.750495
30.4503700668986 114.468838079248 -22.6549356318264 459336.750496
30.4503853128921 114.468772040991 -26.2222906377532 459337.750496
30.4503997314039 114.468635314894 -24.8059590547592 459338.750497
30.4504372063454 114.4685517089 -21.9821932615186 459339.750497
30.4504181238156 114.46838991701 -26.4566657761399 459340.750497
30.4504192017236 114.468280061988 -24.5550147049018 459341.750497
30.4504425161835 114.468225733567 -23.7653118218301 459342.750498
30.4504199310065 114.468139794593 -24.4489383977723 459343.750498
30.450415218977 114.468069164443 -22.6830554672082 459344.750498
30.4504441765821 114.46799938234 -26.0289778869195 459345.750499
30.4504272615074 114.467956236125 -21.9166559569411 459346.750499
30.4504163072468 114.467955075746 -25.5695323448707 459347.7505
30.4504298811938 114.467917689366 -25.2456371589125 459348.7505
30.4504204757918 114.467949564863 -24.0557561171935 459349.7505
30.4504330049333 114.467929840707 -27.1603429082536 459350.745501
30.4504135915254 114.467950380928 -27.6835915840648 459351.740501
30.4504285522144 114.467952335446 -26.2640145401798 459352.735501
30.4504327647212 114.467931359423 -29.2171133593549 459353.730502
30.4504370929268 114.467943843739 -25.284477555198 459354.725502
30.4504360880739 114.467953893463 -22.7049834818444 459355.720502
30.450401064864 114.467926130995 -23.4573559096114 459356.715503
30.4503881461913 114.467973331803 -23.8206353682987 459357.710503
30.4504166192882 114.467959848992 -24.7798605144566 459358.705503
30.4504278971314 114.467956874062 -23.4241893853459 459359.700503
30.4504344788904 114.467956266708 -30.2241666292941 459360.695504
30.4504346198782 114.467961730933 -24.4150790015875 459361.690504
30.4504055139958 114.467948584142 -27.8129958210997 459362.685504
30.4504198054432 114.467970136326 -24.362400026549 459363.680505
30.4503890582468 114.467936725128 -25.731370163516 459364.675505
30.450468755097 114.467959715665 -24.56622226844 459365.670506
30.4504020433779 114.467914787908 -28.7186235791666 459366.665506
30.4504257167167 114.46796168473 -24.9581462171232 459367.660506
30.4504397977029 114.467932814412 -26.9811800121713 459368.655507
30.4504401316049 114.467946883565 -26.2935532922469 459369.650507
30.450442719621 114.467949109177 -26.6360283035663 459370.645507
30.4504394396282 114.467889598475 -24.0254072368608 459371.640507
30.4504153178216 114.467922051216 -28.3413777118767 459372.635508
30.4504176464055 114.46786432497 -24.9368740284152 459373.630508
30.4504168853179 114.467823197931 -28.1279095607201 459374.625509
30.4504241743328 114.467779745775 -27.5933777714157 459375.620509
30.4504341553655 114.467707865217 -26.6729172898549 459376.615509
30.4503925691664 114.467607830972 -27.9974784345055 459377.61051
30.4503964195403 114.467524272128 -30.4057160979218 459378.60551
30.4504144381818 114.467406781552 -25.868817280414 459379.600511
30.4504159995358 114.467289168929 -25.3044643274758 459380.595511
30.4504146247349 114.467192626753 -26.5672120929467 459381.590511
30.4503974573676 114.467089224249 -26.6158523267978 459382.585512
30.4504049324664 114.466972244656 -24.1113986954434 459383.580512
30.4503485980171 114.46685120662 -24.1286551324455 459384.575512
30.4503945109807 114.466725116691 -30.9970814722291 459385.570513
30.4503984969113 114.466579593289 -26.3117744560236 459386.565513
30.4504337993557 114.466472934569 -28.897134647539 459387.560513
30.450384785368 114.466348777191 -23.8887976681111 459388.555514
30.4504094935051 114.466218145962 -29.6543537410523 459389.550514
30.4503989273319 114.466094103208 -29.4021278619184 459390.545515
30.4504153101007 114.465918383047 -27.651552275359 459391.540515
30.4504266139432 114.465817716874 -26.6583623547452 459392.535516
30.4503821614973 114.465632074531 -30.0348286131347 459393.530516
30.4504242042825 114.465566900617 -25.3863236785481 459394.525516
30.4503923782817 114.465494489631 -26.3219917304025 459395.520516
30.4504265058684 114.465395116452 -25.9922126498386 459396.515517
30.450418016016 114.465333070101 -25.3723289555919 459397.510517
30.4503909467246 114.465278083918 -28.8857227805951 459398.505518
30.4503917021086 114.465225690413 -26.695612817678 459399.500518
30.4504000530893 114.465214982746 -26.5282153645559 459400.495518
30.4503984795237 114.465176522991 -28.9156718762012 459401.490519
30.4504208904319 114.465155356052 -26.8320911359144 459402.485519
30.450401046684 114.465090212935 -28.0137162058472 459403.480519
30.4503865027784 114.465070178931 -25.0924390637996 459404.47552
30.4503852270768 114.464976142049 -28.0352441670074 459405.47052
30.4503774247535 114.464982810723 -26.5360789109935 459406.465521
30.4504196390203 114.464845507501 -28.1245374607295 459407.460521
30.4503871679891 114.464765276297 -28.0384506870279 459408.455521
30.4503657391895 114.464721461042 -27.0273213502778 459409.450521
30.4504030740875 114.464569958699 -25.6832506655066 459410.445521
30.4504098745787 114.464456282317 -28.6132132088296 459411.440522
30.4504235937132 114.464366169615 -27.1281234460684 459412.435522
30.4503964810384 114.464187168041 -28.7351785060629 459413.430523
30.4504000225365 114.464118756091 -27.5420504344101 459414.425523
30.4504110002399 114.463983457826 -27.3708322218758 459415.420523
30.4504529338735 114.463881977691 -26.8017541729893 459416.415524
30.4504065972401 114.46374507771 -26.3602565317311 459417.410524
30.4503944382978 114.463599551257 -28.0895092970003 459418.405524
30.4503943998073 114.463443018333 -27.8828892137298 459419.400525
30.4503634488069 114.463326087848 -26.3851763856586 459420.395525
30.4503950200602 114.46316830331 -27.5000340980856 459421.390525
30.4503861666731 114.46298868799 -28.4076174303573 459422.385526
30.450372519271 114.462834663355 -26.4771940140907 459423.380526
30.4503503773333 114.462746436612 -27.7564966400417 459424.375526
30.4504090595347 114.462597046051 -31.0945882021121 459425.370527
30.4503653892728 114.462472942235 -26.8885043128734 459426.365527
30.4504017475176 114.462331041268 -30.656995588523 459427.360527
30.450379716797 114.462240252462 -24.8390157800943 459428.355528
30.4503984667842 114.462086342403 -30.0188600415447 459429.350528
30.4504012054691 114.461999539883 -35.2102971082241 459430.345529
30.4503620824015 114.461913499175 -30.0608182566973 459431.340529
30.4504078715552 114.461780143376 -28.5621402638472 459432.335529
30.4503812503745 114.461667391044 -26.6789376452299 459433.330529
30.4504120182246 114.461599894977 -27.4020052327813 459434.32553
30.4503946283175 114.461523371662 -31.8826273075098 459435.32053
30.4503792580998 114.461471671633 -30.1420947368068 459436.31553
30.4503319374438 114.461392619208 -23.4526087174175 459437.310531
30.4502881024112 114.461374109912 -29.0459522303484 459438.305532
30.4502259138114 114.461356932016 -32.233475716668 459439.300532
30.4501762616985 114.461355612322 -31.0229958518972 459440.295532
30.4501047090168 114.461371698702 -30.2577274498875 459441.290532
30.4500598497811 114.46138672521 -29.7814178188738 459442.285533
30.4499712146889 114.461409467561 -27.8295582901787 459443.280533
30.4498596691557 114.461463123704 -27.2416692793985 459444.275534
30.4497664760618 114.461459839753 -27.4591654324202 459445.270534
30.4496577266625 114.461489121875 -29.7856207321629 459446.265535
30.4495563795894 114.461491450656 -30.553891096402 459447.260535
30.4494344767495 114.461521849774 -30.4281177338966 459448.255535
30.4493300230504 114.461552106832 -27.8519003040624 459449.250535
30.4492344961294 114.461573840262 -25.231710518087 459450.245536
30.4490953355938 114.46159356744 -30.046253206644 459451.240536
30.4489902809695 114.461650066494 -28.9022659221565 459452.235537
30.4488573899291 114.461629357488 -28.3782518062042 459453.230537
30.4487404847994 114.461677430134 -25.4257526424822 459454.225538
30.4485926273923 114.461699667434 -26.6292252374751 459455.220538
30.4484547919614 114.461697638042 -26.1975812050658 459456.215538
30.4483349022352 114.461750919989 -27.4423499343825 459457.210538
30.4482088598604 114.461739762031 -26.2400068352893 459458.205539
30.4480997544006 114.461788065319 -28.3532619605654 459459.200539
30.4479443321294 114.461798916987 -28.7441005056723 459460.195539
30.4478386735967 114.461814676088 -28.7334705004945 459461.19054
30.4476955700334 114.461817039843 -28.7698362570733 459462.18554
30.44755416183 114.461815911831 -27.3254038316796 459463.18054
30.447471465397 114.461825101749 -26.3369070540678 459464.175541
30.4472921969126 114.461879860259 -25.7200477326808 459465.170541
30.4471934391465 114.461852375587 -24.2518923108437 459466.165541
30.447072236268 114.461853290183 -28.1623511316894 459467.160542
30.4469512183002 114.461876894074 -28.2811644931075 459468.155542
30.4468669017763 114.461896238996 -25.1234066601467 459469.150542
30.4467370352234 114.461885963217 -27.9775247520406 459470.145543
30.4467067918809 114.46189383571 -25.7100208570376 459471.140543
30.4466496986363 114.461924150963 -23.8909825986353 459472.135543
30.4465666340693 114.461901848677 -27.7071556167161 459473.130544
30.4465177445347 114.461873020367 -31.8433920878682 459474.125544
30.4464822308748 114.461934141598 -27.3569473531608 459475.120544
30.4464594779643 114.461902410168 -24.8227298638732 459476.115545
30.4464559642237 114.461910620552 -27.1790789504439 459477.110545
30.4464892272196 114.46192230321 -25.3921125368713 459478.105546
30.4464499816925 114.461896709361 -29.4277667937724 459479.100546
30.446443940514 114.461899138043 -26.3758043190518 459480.095546
30.4464520495951 114.461919693231 -23.4304247343339 459481.090546
30.4464398862886 114.461907997838 -24.9182758255008 459482.085547
30.4464463707984 114.461925753585 -24.093328120893 459483.080547
30.4464066207714 114.461926943803 -26.0328345391228 459484.075547
30.4464126184035 114.461913861892 -27.8818491524945 459485.070548
30.4464191476624 114.461930324886 -25.7789217197201 459486.065548
30.4464532323965 114.461899020355 -25.5973625620054 459487.060548
30.4464180505017 114.461899653095 -27.8973801754923 459488.055549
30.44643562017 114.461936490671 -25.476678970499 459489.050549
30.4464499567632 114.461885111628 -26.9281161940087 459490.045549
30.4464368033517 114.461915572704 -29.0622018331341 459491.04055
30.4464364185541 114.461901795058 -32.0183106381374 459492.03555
30.4464472196159 114.461907761819 -26.7188911575667 459493.03055
30.4464460516641 114.461908570274 -26.8634529838115 459494.025551
30.4464298235092 114.46191342005 -24.7660495414436 459495.020551
30.446453823975 114.461898899936 -23.5241906224335 459496.015551
30.4464373311188 114.461923376894 -22.2963034023786 459497.010552
30.4464517602968 114.461898803288 -27.9447003625859 459498.005552
30.4464379512179 114.461902705031 -27.87073016028 459499.000552
30.4464357040231 114.46190145902 -24.5752266462969 459500
30.4464428281098 114.461915864664 -25.1131255591631 459500.995553
30.4464428653428 114.461903416733 -26.3894058212 459501.990554
30.4464182141794 114.461910030522 -23.841302891762 459502.985554
30.4464127469692 114.461901804744 -28.1555683633322 459503.980554
30.4464004447234 114.461889450348 -25.3454257206038 459504.975555
30.4463632199055 114.461907195004 -23.3758325760363 459505.970555
30.4463350939968 114.461906659885 -26.3230970891733 459506.965556
30.4462865324379 114.461950476485 -24.832627475496 459507.960556
30.4462306783755 114.462019824104 -25.0311214655063 459508.955556
30.4462282474444 114.462047017108 -24.1233004261046 459509.950557
30.4462038563229 114.462111978064 -25.7157132153205 459510.945557
30.4461755417591 114.462183815977 -25.0750647288391 459511.940557
30.4461640912355 114.462269500238 -29.4042947521436 459512.935558
30.4461882091927 114.462344023809 -25.1028752885185 459513.930558
30.4462017982894 114.462497984193 -25.2838462329863 459514.925559
30.446191203768 114.462573793064 -24.2740634022597 459515.920559
30.4461936648367 114.462680790932 -26.5613270913028 459516.915559
30.4462370948801 114.462807126762 -21.657840254547 459517.91056
30.4462119072061 114.462902882201 -24.6041666999632 459518.90556
30.4462138098405 114.463066788447 -22.5549805619649 459519.900561
30.4462206629985 114.463182110588 -29.214183853928 459520.895561
30.4462146395719 114.463289959847 -25.5508994545622 459521.890561
30.4462279963185 114.463462476408 -23.0468849791694 459522.885561
30.4462029643873 114.463579501844 -25.9368161552069 459523.880562
30.4462006543207 114.463735721113 -27.8997869053403 459524.875562
30.4462153868425 114.463846887113 -26.3999936214199 459525.870563
30.4461856207462 114.463983542177 -23.5188930529289 459526.865563
30.4461481722801 114.464135578627 -24.2299040860688 459527.860563
30.4461963693705 114.464191254919 -24.2514387098748 459528.855564
30.4461811574668 114.464348797332 -23.550332586604 459529.850564
30.4461681754097 114.464480101551 -24.9073371314259 459530.845564
30.4461645026076 114.464563291304 -27.0966863042526 459531.840565
30.4461748848546 114.464667693601 -24.464973502808 459532.835565
30.4461412777336 114.464799155529 -26.9027216344217 459533.830565
30.4461975002613 114.464912066584 -27.6466304615836 459534.825566
30.4462078607749 114.465084144121 -22.8690261204658 459535.820566
30.446209727007 114.465253922706 -23.7035561848376 459536.815566
30.4461794399318 114.465350041627 -27.1802050576672 459537.810566
30.4461823408909 114.465504572164 -24.7296504460415 459538.805567
30.4461848084113 114.46564563463 -26.3639826196422 459539.800567
30.4461961494577 114.46578541085 -24.4478062629944 459540.795568
30.4461906804455 114.465898007055 -24.7525907080241 459541.790568
30.446195581178 114.466044504483 -28.0353097439021 459542.785569
30.4462062958998 114.466159076214 -24.4312148252207 459543.780569
30.4461965887419 114.466321678714 -26.860705997392 459544.775569
30.4461871210987 114.466443083311 -26.5809150674805 459545.770569
30.4461908428417 114.466560271403 -30.9726699097155 459546.765569
30.4461721603424 114.466697947426 -25.7796541525996 459547.76057
30.4461389058654 114.466757846875 -25.2571615841364 459548.75557
30.446130130094 114.466895410171 -22.7518361360409 459549.75057
30.4461263304747 114.466956415464 -27.8093416366337 459550.745571
30.4461476861253 114.467080590977 -23.0785501296495 459551.740571
30.4461454696458 114.467151208292 -26.6913181920366 459552.735571
30.446168282741 114.467210051661 -27.0659311148438 459553.730572
30.4461715391366 114.467261426847 -28.2245230567755 459554.725572
30.4461712450983 114.467356801712 -26.4609141696038 459555.720572
30.4461708414317 114.467363553658 -25.1136118552702 459556.715573
30.4461592780688 114.467409878595 -29.5435988484421 459557.710573
30.4461695668133 114.467394604793 -26.3551280899334 459558.705574
30.4461736794898 114.467389073346 -29.6522039713253 459559.700574
30.4461510706818 114.467450119946 -21.9160819219201 459560.695574
30.4461230659123 114.467373820136 -28.0429059505728 459561.690575
30.4461653334353 114.467402576147 -29.9028342931634 459562.685575
30.4461528932511 114.467396612016 -27.8245787253741 459563.680576
30.4461759700962 114.467415022186 -25.8422404207727 459564.675576
30.4461558499766 114.467428017449 -28.3756152195493 459565.670576
30.4461566115066 114.46742503081 -28.5774488627631 459566.665577
30.4461460172594 114.4674132252 -28.3981629162564 459567.660577
30.4461604512648 114.467428001002 -28.1723079369213 459568.655577
30.4461689644845 114.467436734991 -31.0646623218772 459569.650578
30.4461612077043 114.467479089658 -25.1393435943603 459570.645578
30.4461626028621 114.467498641148 -29.0550879147677 459571.640578
30.4461489708989 114.467494802084 -30.9832248628206 459572.635579
30.4461723627713 114.467532796497 -26.2811247217024 459573.63058
30.4461442850142 114.467576122707 -28.0892880674581 459574.62558
30.4461466408912 114.467672780175 -29.5632006532923 459575.62058
30.4461620935247 114.467732660291 -27.7510175740338 459576.615581
30.446164022794 114.467776004727 -29.7888625054474 459577.610581
30.4461633811987 114.467865744913 -26.3161142155319 459578.605581
30.4461606895668 114.467935074664 -30.969276204429 459579.600582
30.4461507663538 114.468053163055 -24.329812051129 459580.595582
30.4461424826425 114.468112350759 -25.441413407632 459581.590582
30.4461779929014 114.468232879978 -24.2416374021648 459582.585583
30.4461894783113 114.468325015248 -29.6687693182688 459583.580583
30.4462132480784 114.468409686243 -31.4048853985169 459584.575583
30.4461779917545 114.468552274868 -27.0970092387146 459585.570583
30.4462006750208 114.468646851665 -26.8191513142881 459586.565584
30.4461857328362 114.46873451806 -26.3480014623989 459587.560584
30.44618514034 114.468832682983 -26.1947845769411 459588.555585
30.4462041034968 114.468995647533 -25.5431224244496 459589.550585
30.446172874239 114.469113753586 -27.4265109621659 459590.545586
30.4461918795945 114.469258867894 -29.0692605434919 459591.540586
30.4461757510306 114.469380803782 -24.1900867066952 459592.535586
30.4462005205126 114.469504763191 -27.5027698507792 459593.530586
30.4461677079961 114.469666775713 -24.7547355507628 459594.525587
30.4461794487128 114.469774822326 -26.4868837940353 459595.520587
30.4461769443476 114.469897488809 -24.562959011321 459596.515587
30.4461702758793 114.470031661601 -24.2167143561286 459597.510587
30.4461798315406 114.470210833125 -20.9681692245361 459598.505588
30.4461449237051 114.470374382331 -21.0173381537883 459599.500588
30.4461928412596 114.470487896674 -22.558245765684 459600.495589
30.4461678037452 114.47062712343 -24.0303870822034 459601.490589
30.446149833565 114.470771105728 -24.536377763044 459602.485589
30.4461662979682 114.470899862697 -22.0155851223778 459603.480589
30.446143218444 114.471028166005 -23.2042709754901 459604.47559
30.4461178017956 114.471124951874 -20.656248707852 459605.47059
30.4461131383948 114.471252567184 -22.5244737280282 459606.465591
30.4461206990408 114.47134114282 -24.9818391735899 459607.460591
30.44615162292 114.471454933584 -20.6226860655395 459608.455591
30.4461242675978 114.471496622412 -22.5313261316458 459609.450591
30.4460973600164 114.471607021229 -22.5634828299945 459610.445592
30.4460984223269 114.471678696219 -20.5288889027674 459611.440592
30.4460796241237 114.471713893763 -22.7426805576066 459612.435592
30.4460407560007 114.471800298351 -20.9038860338509 459613.430593
30.446015349591 114.471829995493 -21.6131198010735 459614.425593
30.4459505090235 114.471855628794 -19.3583654513181 459615.420594
30.4459117343786 114.471869460311 -20.7800195426927 459616.415594
30.4457987495252 114.471879660803 -22.2897101825488 459617.410594
30.4457302788007 114.471883427788 -19.7658864805117 459618.405595
30.4456472074779 114.471865137539 -20.1521008886361 459619.400595
30.4455358227086 114.471841577967 -22.5849279062625 459620.395595
30.4455319616042 114.471877146232 -25.1117054522591 459621.390596
30.4453834378909 114.471883091599 -18.2658532091076 459622.385596
30.4453509082668 114.471881734395 -15.9948126281734 459623.380596
30.4452660066864 114.471892065051 -19.610273544838 459624.375597
30.445220838956 114.471850523649 -25.8837990402239 459625.370597
30.4451116499746 114.471880691262 -21.8307399058814 459626.365598
30.4451325217015 114.471853201677 -26.4038087906554 459627.360598
30.4450757153572 114.471874612831 -17.6279759797777 459628.355599
30.4450906390496 114.471869318725 -19.0662917279666 459629.350599
30.4450725374368 114.471866701824 -22.6228963590653 459630.3456
30.4450727032045 114.471888153507 -20.6589815613568 459631.3406
30.445074723786 114.471846770407 -22.6536016306196 459632.3356
30.4450620063628 114.471861721766 -20.0065386401498 459633.3306
30.445074481007 114.471867185733 -20.9850073876327 459634.325601
30.4450793097877 114.471846167303 -23.7739018347846 459635.320601
30.445042573818 114.471887379878 -22.4125328701809 459636.315601
30.4450669609356 114.471869438877 -21.1845882687694 459637.310602
30.4450784706528 114.471859277556 -21.2940473314035 459638.305603
30.4450689630622 114.471868478154 -19.4344372262586 459639.300603
30.4450472923588 114.471853675773 -19.2358754689834 459640.295603
30.4450728887603 114.471827596679 -22.9932690421568 459641.290603
30.4450601782452 114.471910004664 -21.9536195780813 459642.285604
30.4450442887642 114.471840292293 -25.5228181390235 459643.280604
30.4450459371339 114.47188409252 -22.205215899476 459644.275604
30.4450738035279 114.471872121127 -24.2307776400457 459645.270604
30.4450638645203 114.471832280579 -19.7397025511686 459646.265605
30.4450661090625 114.47187426362 -22.2570527488013 459647.260605
30.445087124047 114.471864416647 -23.8267504974685 459648.255605
30.4450585255794 114.471882107337 -22.365790200712 459649.250606
30.4450923751595 114.471901851152 -19.4395413956262 459650.245606
30.4450572465054 114.471838584201 -19.2182971553222 459651.240607
30.4450966750956 114.471855370617 -23.4863994381299 459652.235607
30.4450300557058 114.471858094346 -21.9483502358779 459653.230607
30.4450770851869 114.471854120639 -19.6441065756133 459654.225608
30.4450258479942 114.471839131072 -17.4533845496907 459655.220608
30.4450795300921 114.471869373544 -22.3349306400395 459656.215608
30.4450556913358 114.47185171183 -21.1369209723622 459657.210609
30.445051887212 114.471868111249 -21.3708725304742 459658.205609
30.4450699509733 114.471876880166 -23.94232593783 459659.200609
30.4450581349157 114.471854625993 -19.1449899335791 459660.195609
30.4450562046867 114.471864120072 -25.3510925532406 459661.19061
30.4450708060211 114.471830773514 -19.2640900945078 459662.18561
30.4451044816455 114.471853133651 -20.2744684291738 459663.185611
30.4450602696014 114.471845884563 -18.3389737456179 459664.185611
