456250 936.581417610912 945.206435661745 0.531278224307074 1.99805292768311 20
456251 941.009644860567 946.935012849215 0.531278224307074 1.99805292768311 20
456252 941.590523661251 942.698908518605 0.531278224307074 1.99805292768311 20
456253 949.344658294296 944.806766205672 0.531278224307074 1.99805292768311 20
456254 946.981515113619 943.212388559137 0.531278224307074 1.99805292768311 20
456255 944.597577096676 949.474918306819 0.531278224307074 1.99805292768311 20
456256 948.997667119814 953.963757787586 0.531278224307074 1.99805292768311 20
456257 942.730280016651 950.631327818551 0.531278224307074 1.99805292768311 20
456258 938.601440580162 940.924526191592 0.531278224307074 1.99805292768311 20
456259 951.337768800534 952.387362825742 0.531278224307074 1.99805292768311 20
456260 946.547367652096 937.083183038584 0.531278224307074 1.99805292768311 20
456261 940.018798065152 947.444026677491 0.531278224307074 1.99805292768311 20
456262 941.676218490455 945.770124154151 0.531278224307074 1.99805292768311 20
456263 936.014605857526 943.7483955963 0.531278224307074 1.99805292768311 20
456264 948.941940044606 943.415751719655 0.531278224307074 1.99805292768311 20
456265 932.818204901707 948.659932155934 0.531278224307074 1.99805292768311 20
456266 941.533127283443 940.402150421552 0.531278224307074 1.99805292768311 20
456267 942.244325125045 937.067668192326 0.531278224307074 1.99805292768311 20
456268 945.966795131283 943.802841193395 0.531278224307074 1.99805292768311 20
456269 948.243966875883 936.563284675374 0.531278224307074 1.99805292768311 20
456270 947.632379417515 947.76958925171 0.531278224307074 1.99805292768311 20
456271 955.613365630649 938.846313427632 0.531278224307074 1.99805292768311 20
456272 941.248802306771 939.200700303518 0.531278224307074 1.99805292768311 20
456273 940.55915280191 944.824284454235 0.531278224307074 1.99805292768311 20
456274 945.365647797823 951.384819843716 0.531278224307074 1.99805292768311 20
456275 935.780156852567 948.746332010583 0.531278224307074 1.99805292768311 20
456276 939.593570393097 950.206989916046 0.531278224307074 1.99805292768311 20
456277 941.162948851327 934.660747697637 0.531278224307074 1.99805292768311 20
456278 938.179036537983 943.438945791281 0.531278224307074 1.99805292768311 20
456279 948.707788783156 940.472103278379 0.531278224307074 1.99805292768311 20
456280 941.763888793035 947.127408201372 0.531278224307074 1.99805292768311 20
456281 942.919997229796 944.695500570112 0.531278224307074 1.99805292768311 20
456282 934.38947437935 944.684596054079 0.531278224307074 1.99805292768311 20
456283 939.247152068825 949.208503954613 0.531278224307074 1.99805292768311 20
456284 944.858005672309 942.295950928751 0.531278224307074 1.99805292768311 20
456285 948.628045228663 949.494185870893 0.531278224307074 1.99805292768311 20
456286 947.315254262421 930.106759007066 0.531278224307074 1.99805292768311 20
456287 947.612685860889 935.726382981665 0.531278224307074 1.99805292768311 20
456288 944.973375500151 947.089149350164 0.531278224307074 1.99805292768311 20
456289 947.976863094385 942.912669406541 0.531278224307074 1.99805292768311 20
456290 944.934851708765 944.628290330177 0.531278224307074 1.99805292768311 20
456291 937.502534058976 945.570894726172 0.531278224307074 1.99805292768311 20
456292 951.258746582697 945.518293131134 0.531278224307074 1.99805292768311 20
456293 944.752933817766 935.810057316113 0.531278224307074 1.99805292768311 20
456294 940.134397543212 929.731711686314 0.531278224307074 1.99805292768311 20
456295 942.712108444738 947.198537134992 0.531278224307074 1.99805292768311 20
456296 944.554279389694 943.518068626381 0.531278224307074 1.99805292768311 20
456297 947.814540644451 954.06847834075 0.531278224307074 1.99805292768311 20
456298 947.67884189619 942.959904486145 0.531278224307074 1.99805292768311 20
456299 955.621690568257 940.027032780804 0.531278224307074 1.99805292768311 20
456300 945.671917221099 951.1183832694 0.531278224307074 1.99805292768311 20
456301 942.019160115857 949.177549670453 0.531278224307074 1.99805292768311 20
456302 942.900434902008 949.746814601129 0.531278224307074 1.99805292768311 20
456303 945.089995716237 940.140596936459 0.531278224307074 1.99805292768311 20
456304 941.924543860285 940.114661921384 0.531278224307074 1.99805292768311 20
456305 940.334837561524 941.191822468127 0.531278224307074 1.99805292768311 20
456306 938.556253258372 949.555335861372 0.531278224307074 1.99805292768311 20
456307 929.108477201321 947.595974731816 0.531278224307074 1.99805292768311 20
456308 944.587817748126 944.150951819049 0.531278224307074 1.99805292768311 20
456309 945.843438790298 951.581320670371 0.531278224307074 1.99805292768311 20
456310 938.438501217243 943.454783982472 0.531278224307074 1.99805292768311 20
456311 941.667221080814 940.839338020304 0.531278224307074 1.99805292768311 20
456312 940.967281647579 946.392065541077 0.531278224307074 1.99805292768311 20
456313 942.084675279278 936.276767909856 0.531278224307074 1.99805292768311 20
456314 944.814500495414 949.888919498911 0.531278224307074 1.99805292768311 20
456315 945.344632709366 945.736509969551 0.531278224307074 1.99805292768311 20
456316 943.307870795752 940.605468486324 0.531278224307074 1.99805292768311 20
456317 945.220419447753 938.293299949601 0.531278224307074 1.99805292768311 20
456318 947.605371320148 940.61256752574 0.531278224307074 1.99805292768311 20
456319 940.021192008849 942.854444448532 0.531278224307074 1.99805292768311 20
456320 941.18919706856 944.444979216396 0.531278224307074 1.99805292768311 20
456321 944.898528920027 948.793776868164 0.531278224307074 1.99805292768311 20
456322 946.902788876272 947.264881635818 0.531278224307074 1.99805292768311 20
456323 937.307806319861 953.837800225978 0.531278224307074 1.99805292768311 20
456324 941.626715105865 949.837006455403 0.531278224307074 1.99805292768311 20
456325 951.361160569126 936.672140353283 0.531278224307074 1.99805292768311 20
456326 944.875483983156 952.906852600099 0.531278224307074 1.99805292768311 20
456327 942.536366055622 942.25736842569 0.531278224307074 1.99805292768311 20
456328 939.787588165429 947.440960211615 0.531278224307074 1.99805292768311 20
456329 948.428466835411 940.498658363523 0.531278224307074 1.99805292768311 20
456330 953.856815904981 949.280613066775 0.531278224307074 1.99805292768311 20
456331 945.392570353956 948.63402743746 0.531278224307074 1.99805292768311 20
456332 945.371826396255 937.444887789865 0.531278224307074 1.99805292768311 20
456333 945.502114830021 944.343464883678 0.531278224307074 1.99805292768311 20
456334 944.56555736782 954.73348287297 0.531278224307074 1.99805292768311 20
456335 943.762868251157 944.527623266549 0.531278224307074 1.99805292768311 20
456336 938.405609059164 948.93695534292 0.531278224307074 1.99805292768311 20
456337 935.236392299734 944.00247917905 0.531278224307074 1.99805292768311 20
456338 941.776971838768 940.510201921039 0.531278224307074 1.99805292768311 20
456339 948.331413796065 939.249745723976 0.531278224307074 1.99805292768311 20
456340 947.447801081068 946.996378646168 0.531278224307074 1.99805292768311 20
456341 939.108034881741 948.650698941032 0.531278224307074 1.99805292768311 20
456342 940.046621481499 945.152788390985 0.531278224307074 1.99805292768311 20
456343 934.099224560552 948.458260310855 0.531278224307074 1.99805292768311 20
456344 942.613144295382 940.368701067862 0.531278224307074 1.99805292768311 20
456345 947.388309315918 935.847280738878 0.531278224307074 1.99805292768311 20
456346 944.142755968797 940.391474296691 0.531278224307074 1.99805292768311 20
456347 945.976726559223 938.601267584658 0.531278224307074 1.99805292768311 20
456348 938.797102451153 948.605039210739 0.531278224307074 1.99805292768311 20
456349 940.270850973874 947.55105195275 0.531278224307074 1.99805292768311 20
456350 939.465529600641 944.590697367401 0.531278224307074 1.99805292768311 20
456351 951.817212549001 945.687416186733 0.531278224307074 1.99805292768311 20
456352 956.407705951354 941.035757223546 0.531278224307074 1.99805292768311 20
456353 941.708849300653 943.825568270797 0.531278224307074 1.99805292768311 20
456354 946.07367784797 938.923065852752 0.531278224307074 1.99805292768311 20
456355 941.632606461006 940.15168611681 0.531278224307074 1.99805292768311 20
456356 941.891603722895 944.525118317543 0.531278224307074 1.99805292768311 20
456357 944.028135166133 944.670849101668 0.531278224307074 1.99805292768311 20
456358 945.674403253947 936.656260556483 0.531278224307074 1.99805292768311 20
456359 943.23963954477 943.933132947336 0.531278224307074 1.99805292768311 20
456360 941.572076954768 954.162209970866 0.531278224307074 1.99805292768311 20
456361 941.817594069707 944.260857232643 0.531278224307074 1.99805292768311 20
456362 945.163653431381 949.225939111726 0.531278224307074 1.99805292768311 20
456363 950.540027042299 942.960573971596 0.531278224307074 1.99805292768311 20
456364 943.260390990245 943.747789498157 0.531278224307074 1.99805292768311 20
456365 933.420131596898 937.209934280213 0.531278224307074 1.99805292768311 20
456366 932.983934242877 946.798670711172 0.531278224307074 1.99805292768311 20
456367 934.765787911988 943.558383973216 0.531278224307074 1.99805292768311 20
456368 947.757593422246 935.146067148739 0.531278224307074 1.99805292768311 20
456369 928.964164062347 936.876103427059 0.531278224307074 1.99805292768311 20
456370 925.349603232646 923.498992182989 0.531278224307074 1.99805292768311 20
456371 925.559308386636 920.37902156859 0.531278224307074 1.99805292768311 20
456372 919.564642684514 910.010489638112 0.531278224307074 1.99805292768311 20
456373 918.360210518973 919.259163659145 0.531278224307074 1.99805292768311 20
456374 899.435135044944 909.343224702647 0.531278224307074 1.99805292768311 20
456375 902.988700241508 904.224534152445 0.531278224307074 1.99805292768311 20
456376 894.729619839648 906.149494609259 0.531278224307074 1.99805292768311 20
456377 898.319661198903 887.522287503235 0.531278224307074 1.99805292768311 20
456378 897.09153228574 892.00555718298 0.531278224307074 1.99805292768311 20
456379 893.451826272202 882.817746688816 0.531278224307074 1.99805292768311 20
456380 881.338946004554 868.468478248174 0.531278224307074 1.99805292768311 20
456381 868.1789805145 880.292578546374 0.531278224307074 1.99805292768311 20
456382 863.019900081239 866.551759851825 0.531278224307074 1.99805292768311 20
456383 869.307265209372 865.963231487842 0.531278224307074 1.99805292768311 20
456384 868.005843104079 857.207530660345 0.531278224307074 1.99805292768311 20
456385 852.311712269676 857.085118227135 0.531278224307074 1.99805292768311 20
456386 848.433977806271 846.232049693325 0.531278224307074 1.99805292768311 20
456387 852.765331694377 861.651809753384 0.531278224307074 1.99805292768311 20
456388 851.06641851944 855.625124028851 0.531278224307074 1.99805292768311 20
456389 860.96143679736 854.58649728062 0.531278224307074 1.99805292768311 20
456390 858.489065006847 866.53147005859 0.531278224307074 1.99805292768311 20
456391 868.381961226943 872.297606465726 0.531278224307074 1.99805292768311 20
456392 880.339977154939 866.931102364709 0.531278224307074 1.99805292768311 20
456393 871.357206516573 883.687130446852 0.531278224307074 1.99805292768311 20
456394 880.268074877362 891.171541124642 0.531278224307074 1.99805292768311 20
456395 899.15509963643 893.311995135453 0.531278224307074 1.99805292768311 20
456396 905.461493148793 904.181483166796 0.531278224307074 1.99805292768311 20
456397 918.868170122342 912.160025997044 0.531278224307074 1.99805292768311 20
456398 920.640406533931 930.5241034467 0.531278224307074 1.99805292768311 20
456399 947.396416890566 929.898141401544 0.531278224307074 1.99805292768311 20
456400 954.612864656348 954.040378201743 0.531278224307074 1.99805292768311 20
456401 967.005434241159 961.961068796766 0.531278224307074 1.99805292768311 20
456402 968.948716971543 970.756360749516 0.531278224307074 1.99805292768311 20
456403 971.540572928234 987.46928094013 0.531278224307074 1.99805292768311 20
456404 984.656405841503 991.901107714631 0.531278224307074 1.99805292768311 20
456405 996.497944454669 1005.64464169346 0.531278224307074 1.99805292768311 20
456406 1015.16389038263 1011.22118483505 0.531278224307074 1.99805292768311 20
456407 1021.91573812567 1018.60173373268 0.531278224307074 1.99805292768311 20
456408 1020.08293109745 1032.01317498679 0.531278224307074 1.99805292768311 20
456409 1039.03118886011 1041.72973226439 0.531278224307074 1.99805292768311 20
456410 1047.36027469337 1048.46689633301 0.531278224307074 1.99805292768311 20
456411 1059.34261646376 1056.03729915093 0.531278224307074 1.99805292768311 20
456412 1078.64914927648 1073.8624308943 0.531278224307074 1.99805292768311 20
456413 1091.87395190472 1089.21995468927 0.531278224307074 1.99805292768311 20
456414 1102.78383246259 1099.36966326206 0.531278224307074 1.99805292768311 20
456415 1109.73365161307 1110.44676163169 0.531278224307074 1.99805292768311 20
456416 1126.2127091122 1123.01493244825 0.531278224307074 1.99805292768311 20
456417 1132.38729721761 1121.31068227598 0.531278224307074 1.99805292768311 20
456418 1145.22463312787 1143.22364086671 0.531278224307074 1.99805292768311 20
456419 1152.77885122885 1146.99244837423 0.531278224307074 1.99805292768311 20
456420 1149.23029307108 1165.80240002612 0.531278224307074 1.99805292768311 20
456421 1162.29477833747 1165.9241528947 0.531278224307074 1.99805292768311 20
456422 1179.85960598096 1169.24306308402 0.531278224307074 1.99805292768311 20
456423 1179.75769814819 1184.0677105593 0.531278224307074 1.99805292768311 20
456424 1192.16967140165 1184.46443799731 0.531278224307074 1.99805292768311 20
456425 1187.60248437289 1193.97372513858 0.531278224307074 1.99805292768311 20
456426 1197.00157352625 1201.76343909572 0.531278224307074 1.99805292768311 20
456427 1185.89043414955 1192.05937028829 0.531278224307074 1.99805292768311 20
456428 1204.54181597931 1193.21621697857 0.531278224307074 1.99805292768311 20
456429 1194.32671109594 1197.16192002764 0.531278224307074 1.99805292768311 20
456430 1187.78937078599 1201.38037653339 0.531278224307074 1.99805292768311 20
456431 1193.47711984234 1197.86173945143 0.531278224307074 1.99805292768311 20
456432 1204.13250244947 1203.28341621728 0.531278224307074 1.99805292768311 20
456433 1200.60670694449 1199.49244614142 0.531278224307074 1.99805292768311 20
456434 1202.35557777168 1191.42001839561 0.531278224307074 1.99805292768311 20
456435 1204.53512677159 1200.42771307429 0.531278224307074 1.99805292768311 20
456436 1202.51151197383 1197.83831084546 0.531278224307074 1.99805292768311 20
456437 1194.35726876314 1196.17356972277 0.531278224307074 1.99805292768311 20
456438 1192.4237280622 1197.1370602261 0.531278224307074 1.99805292768311 20
456439 1191.78673348752 1204.65236798659 0.531278224307074 1.99805292768311 20
456440 1193.07487150003 1199.71791772002 0.531278224307074 1.99805292768311 20
456441 1192.50764662362 1200.848349603 0.531278224307074 1.99805292768311 20
456442 1191.30621738503 1195.5679578922 0.531278224307074 1.99805292768311 20
456443 1210.30853681122 1202.28803550378 0.531278224307074 1.99805292768311 20
456444 1205.49970982002 1196.47619675386 0.531278224307074 1.99805292768311 20
456445 1205.35458226475 1198.36054201075 0.531278224307074 1.99805292768311 20
456446 1198.90685279728 1201.88234058972 0.531278224307074 1.99805292768311 20
456447 1185.44194251268 1199.83001690464 0.531278224307074 1.99805292768311 20
456448 1188.21629783152 1200.9766828917 0.531278224307074 1.99805292768311 20
456449 1186.38362563968 1193.93188407305 0.531278224307074 1.99805292768311 20
456450 1200.15117839014 1196.36892462334 0.531278224307074 1.99805292768311 20
456451 1186.58863668182 1198.81655417735 0.531278224307074 1.99805292768311 20
456452 1187.19614421309 1193.54977693915 0.531278224307074 1.99805292768311 20
456453 1193.84863830724 1189.6438254673 0.531278224307074 1.99805292768311 20
456454 1189.22719539594 1199.36249945495 0.531278224307074 1.99805292768311 20
456455 1200.83074836789 1192.85379987484 0.531278224307074 1.99805292768311 20
456456 1194.19915263814 1194.73920157396 0.531278224307074 1.99805292768311 20
456457 1200.05025820927 1200.25600469172 0.531278224307074 1.99805292768311 20
456458 1200.86459390804 1194.45393572838 0.531278224307074 1.99805292768311 20
456459 1199.05075031437 1191.94392280034 0.531278224307074 1.99805292768311 20
456460 1198.48260059092 1196.90501562441 0.531278224307074 1.99805292768311 20
456461 1207.47521368279 1196.18753332866 0.531278224307074 1.99805292768311 20
456462 1187.9643618477 1194.5520429208 0.531278224307074 1.99805292768311 20
456463 1200.29511852409 1194.40755510653 0.531278224307074 1.99805292768311 20
456464 1200.95194886132 1193.41885516521 0.531278224307074 1.99805292768311 20
456465 1201.73749435201 1202.22198209992 0.531278224307074 1.99805292768311 20
456466 1204.51413364335 1196.75203312166 0.531278224307074 1.99805292768311 20
456467 1200.61059112347 1195.28406355665 0.531278224307074 1.99805292768311 20
456468 1201.10436345731 1194.50737844366 0.531278224307074 1.99805292768311 20
456469 1199.91065525034 1201.07077711125 0.531278224307074 1.99805292768311 20
456470 1198.26400503644 1191.17227003159 0.531278224307074 1.99805292768311 20
456471 1192.52914443717 1192.89152195719 0.531278224307074 1.99805292768311 20
456472 1198.26346576095 1191.55987895538 0.531278224307074 1.99805292768311 20
456473 1203.58568018009 1194.64905564641 0.531278224307074 1.99805292768311 20
456474 1195.97570856172 1197.41922281517 0.531278224307074 1.99805292768311 20
456475 1209.69879026438 1202.58384483424 0.531278224307074 1.99805292768311 20
456476 1218.50995687512 1208.52753665567 0.531278224307074 1.99805292768311 20
456477 1220.73370324856 1224.32265955699 0.531278224307074 1.99805292768311 20
456478 1226.79933496105 1223.63497005033 0.531278224307074 1.99805292768311 20
456479 1244.62433848564 1241.13394042062 0.531278224307074 1.99805292768311 20
456480 1240.53235154497 1255.46514157568 0.531278224307074 1.99805292768311 20
456481 1262.39826469981 1253.50685230715 0.531278224307074 1.99805292768311 20
456482 1275.04127914008 1282.47632893891 0.531278224307074 1.99805292768311 20
456483 1301.22987995344 1286.64310087863 0.531278224307074 1.99805292768311 20
456484 1306.21745788195 1299.62337471497 0.531278224307074 1.99805292768311 20
456485 1313.64222944084 1315.69326915165 0.531278224307074 1.99805292768311 20
456486 1331.93446349795 1330.0260741004 0.531278224307074 1.99805292768311 20
456487 1346.14207915316 1342.24431756767 0.531278224307074 1.99805292768311 20
456488 1355.24988881969 1356.20063124645 0.531278224307074 1.99805292768311 20
456489 1376.41433979928 1377.34708842262 0.531278224307074 1.99805292768311 20
456490 1391.38706376673 1384.64892909535 0.531278224307074 1.99805292768311 20
456491 1399.64564484042 1403.74314638527 0.531278224307074 1.99805292768311 20
456492 1410.89332744081 1416.01651481556 0.531278224307074 1.99805292768311 20
456493 1425.41153691101 1428.01381554312 0.531278224307074 1.99805292768311 20
456494 1443.62638572614 1444.89737263574 0.531278224307074 1.99805292768311 20
456495 1457.81214314378 1458.86692440777 0.531278224307074 1.99805292768311 20
456496 1469.68921458648 1478.87193136193 0.531278224307074 1.99805292768311 20
456497 1484.2890096769 1489.0020147885 0.531278224307074 1.99805292768311 20
456498 1494.72947886251 1505.4724531038 0.531278224307074 1.99805292768311 20
456499 1512.45090702547 1511.06045885378 0.531278224307074 1.99805292768311 20
456500 1529.65549857526 1529.81221499385 0.531278224307074 1.99805292768311 20
456501 1541.45223771531 1532.63321098691 0.531278224307074 1.99805292768311 20
456502 1553.64323535683 1554.9549808411 0.531278224307074 1.99805292768311 20
456503 1559.27009537365 1571.1870812814 0.531278224307074 1.99805292768311 20
456504 1586.79545811836 1590.42948109507 0.531278224307074 1.99805292768311 20
456505 1600.08236030002 1600.63615228655 0.531278224307074 1.99805292768311 20
456506 1610.44290297365 1613.64920903626 0.531278224307074 1.99805292768311 20
456507 1634.08449988138 1629.90147579225 0.531278224307074 1.99805292768311 20
456508 1643.81896146548 1646.54402778386 0.531278224307074 1.99805292768311 20
456509 1653.07762935761 1659.32507630949 0.531278224307074 1.99805292768311 20
456510 1673.80825939948 1670.79951375853 0.531278224307074 1.99805292768311 20
456511 1690.69393256316 1690.56117741794 0.531278224307074 1.99805292768311 20
456512 1699.1681744793 1689.63495444364 0.531278224307074 1.99805292768311 20
456513 1700.12720433723 1706.18389252811 0.531278224307074 1.99805292768311 20
456514 1722.64649304647 1721.05303097145 0.531278224307074 1.99805292768311 20
456515 1721.16182234767 1729.98338995423 0.531278224307074 1.99805292768311 20
456516 1733.8358418351 1736.48890775946 0.531278224307074 1.99805292768311 20
456517 1744.54936007388 1751.51170937141 0.531278224307074 1.99805292768311 20
456518 1752.53015392007 1742.65224380425 0.531278224307074 1.99805292768311 20
456519 1764.75260587635 1768.22941873604 0.531278224307074 1.99805292768311 20
456520 1769.02266605041 1759.08740463497 0.531278224307074 1.99805292768311 20
456521 1768.77393686192 1773.32870120026 0.531278224307074 1.99805292768311 20
456522 1771.97886665724 1778.89761061786 0.531278224307074 1.99805292768311 20
456523 1773.63774089026 1775.68945249 0.531278224307074 1.99805292768311 20
456524 1778.35585096718 1776.02786122374 0.531278224307074 1.99805292768311 20
456525 1779.4380499869 1772.70685034989 0.531278224307074 1.99805292768311 20
456526 1771.83513220357 1783.00187756938 0.531278224307074 1.99805292768311 20
456527 1784.07504524052 1780.38254863804 0.531278224307074 1.99805292768311 20
456528 1781.38036820914 1798.50119730903 0.531278224307074 1.99805292768311 20
456529 1791.51562493376 1792.49066103089 0.531278224307074 1.99805292768311 20
456530 1790.8925526029 1793.32293147136 0.531278224307074 1.99805292768311 20
456531 1795.60104309227 1793.3579245003 0.531278224307074 1.99805292768311 20
456532 1799.82557591875 1790.1586541358 0.531278224307074 1.99805292768311 20
456533 1802.87800763513 1794.59049919149 0.531278224307074 1.99805292768311 20
456534 1809.66999756354 1807.33773115422 0.531278224307074 1.99805292768311 20
456535 1817.91251322828 1808.04384882529 0.531278224307074 1.99805292768311 20
456536 1808.81006151136 1813.87314305187 0.531278224307074 1.99805292768311 20
456537 1818.63516737928 1820.0241273343 0.531278224307074 1.99805292768311 20
456538 1815.77992264179 1822.58610722789 0.531278224307074 1.99805292768311 20
456539 1828.05580632864 1816.15559240125 0.531278224307074 1.99805292768311 20
456540 1827.98845174625 1828.95029012131 0.531278224307074 1.99805292768311 20
456541 1825.17688709737 1829.5618954476 0.531278224307074 1.99805292768311 20
456542 1835.72438854491 1831.37412949999 0.531278224307074 1.99805292768311 20
456543 1843.84931916596 1845.92228611451 0.531278224307074 1.99805292768311 20
456544 1841.23566812591 1846.86305532262 0.531278224307074 1.99805292768311 20
456545 1844.64002445657 1831.39893129184 0.531278224307074 1.99805292768311 20
456546 1840.47664255045 1844.34215314472 0.531278224307074 1.99805292768311 20
456547 1853.96980374694 1852.6868325103 0.531278224307074 1.99805292768311 20
456548 1846.70011120116 1852.20146536708 0.531278224307074 1.99805292768311 20
456549 1859.9987537019 1852.71185853968 0.531278224307074 1.99805292768311 20
456550 1856.76079492312 1850.21803826235 0.531278224307074 1.99805292768311 20
456551 1855.80498052549 1863.94511907754 0.531278224307074 1.99805292768311 20
456552 1858.32673970338 1860.13499549285 0.531278224307074 1.99805292768311 20
456553 1857.97300552181 1852.7686558418 0.531278224307074 1.99805292768311 20
456554 1852.33567174022 1867.23785553212 0.531278224307074 1.99805292768311 20
456555 1862.36709914327 1858.05078434254 0.531278224307074 1.99805292768311 20
456556 1853.44242232546 1858.53988698661 0.531278224307074 1.99805292768311 20
456557 1857.3873884349 1859.66855515525 0.531278224307074 1.99805292768311 20
456558 1857.18892071307 1855.57022266517 0.531278224307074 1.99805292768311 20
456559 1858.14953648354 1860.22699216116 0.531278224307074 1.99805292768311 20
456560 1854.84447659303 1861.59714762732 0.531278224307074 1.99805292768311 20
456561 1853.99658978615 1859.83449973206 0.531278224307074 1.99805292768311 20
456562 1853.16514358168 1853.66589585723 0.531278224307074 1.99805292768311 20
456563 1859.99121380301 1858.09269496403 0.531278224307074 1.99805292768311 20
456564 1854.93058690985 1863.43463382825 0.531278224307074 1.99805292768311 20
456565 1853.56718628546 1865.10699194206 0.531278224307074 1.99805292768311 20
456566 1854.78030271469 1857.28682611036 0.531278224307074 1.99805292768311 20
456567 1862.26813000408 1848.2039591891 0.531278224307074 1.99805292768311 20
456568 1856.8367685425 1866.76193004555 0.531278224307074 1.99805292768311 20
456569 1849.02174944598 1863.70097695971 0.531278224307074 1.99805292768311 20
456570 1843.09436141742 1856.88954815991 0.531278224307074 1.99805292768311 20
456571 1865.57462068884 1853.27676766306 0.531278224307074 1.99805292768311 20
456572 1858.08018555158 1851.11857844538 0.531278224307074 1.99805292768311 20
456573 1856.49191549652 1852.11494713324 0.531278224307074 1.99805292768311 20
456574 1862.4969823151 1854.2159519538 0.531278224307074 1.99805292768311 20
456575 1849.83521159622 1856.78734664196 0.531278224307074 1.99805292768311 20
456576 1852.83816873695 1856.25197947846 0.531278224307074 1.99805292768311 20
456577 1848.70371565345 1862.27211924842 0.531278224307074 1.99805292768311 20
456578 1865.64894335899 1857.99545033121 0.531278224307074 1.99805292768311 20
456579 1850.17257940893 1870.42108841835 0.531278224307074 1.99805292768311 20
456580 1861.47257881229 1861.6872439384 0.531278224307074 1.99805292768311 20
456581 1862.34838469877 1853.02514381554 0.531278224307074 1.99805292768311 20
456582 1857.14190003332 1865.36162796335 0.531278224307074 1.99805292768311 20
456583 1867.20950869417 1856.52751973958 0.531278224307074 1.99805292768311 20
456584 1867.34126480178 1859.31501713758 0.531278224307074 1.99805292768311 20
456585 1861.94645759424 1871.12356424175 0.531278224307074 1.99805292768311 20
456586 1868.20950713345 1877.49524770056 0.531278224307074 1.99805292768311 20
456587 1872.09053926882 1875.3377956482 0.531278224307074 1.99805292768311 20
456588 1874.73395994711 1874.70468094975 0.531278224307074 1.99805292768311 20
456589 1890.14239710203 1879.7182217908 0.531278224307074 1.99805292768311 20
456590 1885.63892131136 1885.8373171236 0.531278224307074 1.99805292768311 20
456591 1895.4335772451 1897.25435415126 0.531278224307074 1.99805292768311 20
456592 1898.64826144491 1898.05239098621 0.531278224307074 1.99805292768311 20
456593 1903.82902604629 1901.36444456357 0.531278224307074 1.99805292768311 20
456594 1914.35447123012 1915.88020651433 0.531278224307074 1.99805292768311 20
456595 1913.13708158365 1917.95609942688 0.531278224307074 1.99805292768311 20
456596 1918.25868780554 1921.44153767532 0.531278224307074 1.99805292768311 20
456597 1931.19295613582 1927.75522669295 0.531278224307074 1.99805292768311 20
456598 1942.28748298046 1946.15076591552 0.531278224307074 1.99805292768311 20
456599 1945.04835210844 1939.80476280342 0.531278224307074 1.99805292768311 20
456600 1945.97798596258 1950.19871642878 0.531278224307074 1.99805292768311 20
456601 1969.62187694994 1964.4127813727 0.531278224307074 1.99805292768311 20
456602 1974.24628537094 1965.40656042504 0.531278224307074 1.99805292768311 20
456603 1979.91889396349 1979.6534979068 0.531278224307074 1.99805292768311 20
456604 1974.02261182118 1988.10793865894 0.531278224307074 1.99805292768311 20
456605 1996.06031720331 1993.83638958123 0.531278224307074 1.99805292768311 20
456606 1997.37293907326 1999.87336347064 0.531278224307074 1.99805292768311 20
456607 2022.98664665099 2011.9780844098 0.531278224307074 1.99805292768311 20
456608 2024.92788015646 2019.95457298629 0.531278224307074 1.99805292768311 20
456609 2035.17020024776 2025.61684271949 0.531278224307074 1.99805292768311 20
456610 2031.36626738909 2033.7501092519 0.531278224307074 1.99805292768311 20
456611 2044.56645893029 2052.87428240673 0.531278224307074 1.99805292768311 20
456612 2046.39393586077 2047.61262242251 0.531278224307074 1.99805292768311 20
456613 2061.35211777787 2058.93196560568 0.531278224307074 1.99805292768311 20
456614 2057.14385767819 2069.71734837198 0.531278224307074 1.99805292768311 20
456615 2076.67177861538 2071.45547046466 0.531278224307074 1.99805292768311 20
456616 2093.92752388242 2084.31479321778 0.531278224307074 1.99805292768311 20
456617 2099.83441660745 2089.83705763721 0.531278224307074 1.99805292768311 20
456618 2096.31821243736 2103.76804791618 0.531278224307074 1.99805292768311 20
456619 2114.22966494188 2107.59228302082 0.531278224307074 1.99805292768311 20
456620 2116.5413399514 2116.40613617564 0.531278224307074 1.99805292768311 20
456621 2124.67794888222 2128.54241472318 0.531278224307074 1.99805292768311 20
456622 2131.94509196647 2125.48240821497 0.531278224307074 1.99805292768311 20
456623 2147.330461298 2152.19992761141 0.531278224307074 1.99805292768311 20
456624 2159.25771834369 2160.93220809414 0.531278224307074 1.99805292768311 20
456625 2169.23942303589 2165.17961103784 0.531278224307074 1.99805292768311 20
456626 2179.7062825542 2179.10996425776 0.531278224307074 1.99805292768311 20
456627 2188.9173242789 2181.66340564369 0.531278224307074 1.99805292768311 20
456628 2188.81783917618 2191.43545819073 0.531278224307074 1.99805292768311 20
456629 2204.56557924583 2205.74169050767 0.531278224307074 1.99805292768311 20
456630 2226.31329269737 2217.25224057539 0.531278224307074 1.99805292768311 20
456631 2223.18465074433 2219.37116646609 0.531278224307074 1.99805292768311 20
456632 2230.23916722405 2237.67914879059 0.531278224307074 1.99805292768311 20
456633 2243.03204961258 2245.05177313053 0.531278224307074 1.99805292768311 20
456634 2252.90461794876 2255.26010154344 0.531278224307074 1.99805292768311 20
456635 2269.89333824004 2261.26565777621 0.531278224307074 1.99805292768311 20
456636 2273.89356213735 2276.38081558875 0.531278224307074 1.99805292768311 20
456637 2290.63992119231 2290.67858555068 0.531278224307074 1.99805292768311 20
456638 2300.59217206237 2299.16619011857 0.531278224307074 1.99805292768311 20
456639 2303.044227557 2306.21988171997 0.531278224307074 1.99805292768311 20
456640 2327.50056738847 2319.7150102956 0.531278224307074 1.99805292768311 20
456641 2331.9742937192 2331.33053813894 0.531278224307074 1.99805292768311 20
456642 2332.96249196031 2325.03398755449 0.531278224307074 1.99805292768311 20
456643 2352.72867258994 2356.66031941521 0.531278224307074 1.99805292768311 20
456644 2360.33660029271 2354.89709018372 0.531278224307074 1.99805292768311 20
456645 2368.88042700539 2368.9943850451 0.531278224307074 1.99805292768311 20
456646 2382.65450997324 2376.82020893414 0.531278224307074 1.99805292768311 20
456647 2383.13007367944 2386.0785585688 0.531278224307074 1.99805292768311 20
456648 2394.25075595823 2400.75758286921 0.531278224307074 1.99805292768311 20
456649 2397.57261054856 2407.62666841925 0.531278224307074 1.99805292768311 20
456650 2403.59552954357 2408.78767739071 0.531278224307074 1.99805292768311 20
456651 2422.74164489496 2411.8130700054 0.531278224307074 1.99805292768311 20
456652 2426.0455726028 2430.32301696943 0.531278224307074 1.99805292768311 20
456653 2416.74879275155 2416.08718788163 0.531278224307074 1.99805292768311 20
456654 2425.22230350434 2418.7701525094 0.531278224307074 1.99805292768311 20
456655 2421.2748163785 2417.2396907183 0.531278224307074 1.99805292768311 20
456656 2419.17144223667 2412.93293399626 0.531278224307074 1.99805292768311 20
456657 2405.63421973703 2412.06028764186 0.531278224307074 1.99805292768311 20
456658 2407.70275750438 2397.39089236435 0.531278224307074 1.99805292768311 20
456659 2403.51106922949 2405.90164313512 0.531278224307074 1.99805292768311 20
456660 2399.08451060279 2392.55718334651 0.531278224307074 1.99805292768311 20
456661 2390.25171355867 2381.59416279738 0.531278224307074 1.99805292768311 20
456662 2378.4933122765 2372.53038834674 0.531278224307074 1.99805292768311 20
456663 2369.90989501038 2366.14017496659 0.531278224307074 1.99805292768311 20
456664 2360.53437251029 2359.68611293889 0.531278224307074 1.99805292768311 20
456665 2362.02226233884 2348.69763994971 0.531278224307074 1.99805292768311 20
456666 2342.52397208294 2350.38822206432 0.531278224307074 1.99805292768311 20
456667 2338.07955989876 2337.07118595734 0.531278224307074 1.99805292768311 20
456668 2326.72143507521 2315.22092697711 0.531278224307074 1.99805292768311 20
456669 2312.9861657263 2312.50914958046 0.531278224307074 1.99805292768311 20
456670 2305.22487628187 2315.40396219934 0.531278224307074 1.99805292768311 20
456671 2298.11603973241 2289.8162397176 0.531278224307074 1.99805292768311 20
456672 2285.94036437067 2281.16097116423 0.531278224307074 1.99805292768311 20
456673 2265.99878737836 2275.34262503046 0.531278224307074 1.99805292768311 20
456674 2259.92470834623 2258.8588828562 0.531278224307074 1.99805292768311 20
456675 2255.37726196002 2250.63553359086 0.531278224307074 1.99805292768311 20
456676 2240.52623804737 2237.35971635589 0.531278224307074 1.99805292768311 20
456677 2236.71430784971 2231.4456561309 0.531278224307074 1.99805292768311 20
456678 2223.77322868026 2221.17712978021 0.531278224307074 1.99805292768311 20
456679 2219.71757050826 2208.63535346645 0.531278224307074 1.99805292768311 20
456680 2205.2677653994 2207.72806500257 0.531278224307074 1.99805292768311 20
456681 2194.44134386269 2191.99718463655 0.531278224307074 1.99805292768311 20
456682 2188.8900425256 2187.24365661691 0.531278224307074 1.99805292768311 20
456683 2185.86067416144 2173.03276075708 0.531278224307074 1.99805292768311 20
456684 2156.09945285191 2166.16489583743 0.531278224307074 1.99805292768311 20
456685 2150.20775498524 2161.71866786771 0.531278224307074 1.99805292768311 20
456686 2139.83196398159 2144.317746887 0.531278224307074 1.99805292768311 20
456687 2136.74499716417 2139.15489577342 0.531278224307074 1.99805292768311 20
456688 2135.575951762 2124.46509568209 0.531278224307074 1.99805292768311 20
456689 2118.51682230577 2112.65374272913 0.531278224307074 1.99805292768311 20
456690 2115.65545675878 2109.40293817698 0.531278224307074 1.99805292768311 20
456691 2100.01884495149 2101.54977569591 0.531278224307074 1.99805292768311 20
456692 2092.56816860055 2092.48386800721 0.531278224307074 1.99805292768311 20
456693 2082.70388425196 2082.25612641845 0.531278224307074 1.99805292768311 20
456694 2078.67891626506 2069.74351932789 0.531278224307074 1.99805292768311 20
456695 2068.93298343617 2068.42093600048 0.531278224307074 1.99805292768311 20
456696 2059.95017671657 2054.86403169007 0.531278224307074 1.99805292768311 20
456697 2049.00930217631 2042.86247028269 0.531278224307074 1.99805292768311 20
456698 2038.26120115506 2021.92008337259 0.531278224307074 1.99805292768311 20
456699 2028.96992145635 2025.86166627 0.531278224307074 1.99805292768311 20
456700 2019.93847438211 2025.11799577685 0.531278224307074 1.99805292768311 20
456701 2008.62979352805 1999.44114255546 0.531278224307074 1.99805292768311 20
456702 1993.00100051087 1996.12054410667 0.531278224307074 1.99805292768311 20
456703 1985.2955714248 1982.53821162279 0.531278224307074 1.99805292768311 20
456704 1973.30673411392 1983.87336342479 0.531278224307074 1.99805292768311 20
456705 1975.00765629586 1966.60643635349 0.531278224307074 1.99805292768311 20
456706 1957.28549683018 1965.12065574935 0.531278224307074 1.99805292768311 20
456707 1956.70171529955 1948.98908800054 0.531278224307074 1.99805292768311 20
456708 1952.07413747056 1948.7688657502 0.531278224307074 1.99805292768311 20
456709 1942.40201453638 1928.63152579397 0.531278224307074 1.99805292768311 20
456710 1918.5660471617 1929.20323724262 0.531278224307074 1.99805292768311 20
456711 1918.51095906613 1922.9067608905 0.531278224307074 1.99805292768311 20
456712 1904.80331795804 1913.2210464886 0.531278224307074 1.99805292768311 20
456713 1892.19868318395 1905.00819131349 0.531278224307074 1.99805292768311 20
456714 1883.61128307451 1891.30875402952 0.531278224307074 1.99805292768311 20
456715 1885.79825327602 1888.89636502235 0.531278224307074 1.99805292768311 20
456716 1882.43139925914 1875.62209284346 0.531278224307074 1.99805292768311 20
456717 1865.75959888701 1872.80940456503 0.531278224307074 1.99805292768311 20
456718 1860.63687911934 1864.19922278802 0.531278224307074 1.99805292768311 20
456719 1848.0746501512 1859.38051177928 0.531278224307074 1.99805292768311 20
456720 1848.26796245977 1843.69161956859 0.531278224307074 1.99805292768311 20
456721 1832.7525500971 1830.30560430622 0.531278224307074 1.99805292768311 20
456722 1824.11341909834 1823.55653108564 0.531278224307074 1.99805292768311 20
456723 1813.10213593733 1812.66113388966 0.531278224307074 1.99805292768311 20
456724 1799.6271610046 1808.57797117354 0.531278224307074 1.99805292768311 20
456725 1795.45219965708 1791.56782931052 0.531278224307074 1.99805292768311 20
456726 1782.19982299431 1791.53570676761 0.531278224307074 1.99805292768311 20
456727 1770.48708426654 1773.52476984101 0.531278224307074 1.99805292768311 20
456728 1770.6003836658 1767.24541372517 0.531278224307074 1.99805292768311 20
456729 1767.25322488805 1765.19990215386 0.531278224307074 1.99805292768311 20
456730 1761.01149634461 1759.76972372962 0.531278224307074 1.99805292768311 20
456731 1741.24195315935 1749.13465368133 0.531278224307074 1.99805292768311 20
456732 1733.07004097775 1736.97802113767 0.531278224307074 1.99805292768311 20
456733 1724.68635058209 1727.28481303478 0.531278224307074 1.99805292768311 20
456734 1714.90988453917 1725.32693928124 0.531278224307074 1.99805292768311 20
456735 1699.33368293577 1716.2255860042 0.531278224307074 1.99805292768311 20
456736 1693.26759009788 1702.48982516769 0.531278224307074 1.99805292768311 20
456737 1693.94815639051 1695.35132410598 0.531278224307074 1.99805292768311 20
456738 1692.06913874547 1695.56827303461 0.531278224307074 1.99805292768311 20
456739 1671.8941875986 1683.97944076865 0.531278224307074 1.99805292768311 20
456740 1676.94887157749 1676.03480030772 0.531278224307074 1.99805292768311 20
456741 1670.15689675309 1671.21072519574 0.531278224307074 1.99805292768311 20
456742 1664.38739499999 1659.51067607233 0.531278224307074 1.99805292768311 20
456743 1653.32350846468 1663.29353034962 0.531278224307074 1.99805292768311 20
456744 1646.37301887144 1657.32522570925 0.531278224307074 1.99805292768311 20
456745 1645.12395074534 1640.89156863243 0.531278224307074 1.99805292768311 20
456746 1632.16567599355 1633.16342707383 0.531278224307074 1.99805292768311 20
456747 1620.33274656214 1623.84000008774 0.531278224307074 1.99805292768311 20
456748 1614.14080706576 1615.57245029103 0.531278224307074 1.99805292768311 20
456749 1606.28247030453 1605.98736419264 0.531278224307074 1.99805292768311 20
456750 1598.2016611451 1595.05018796791 0.531278224307074 1.99805292768311 20
456751 1592.9838757696 1586.11083899958 0.531278224307074 1.99805292768311 20
456752 1584.63522570296 1577.37393097309 0.531278224307074 1.99805292768311 20
456753 1572.41571608063 1551.3429799149 0.531278224307074 1.99805292768311 20
456754 1564.55791915952 1564.13972409663 0.531278224307074 1.99805292768311 20
456755 1554.89027408189 1550.63999866497 0.531278224307074 1.99805292768311 20
456756 1535.61206272919 1538.27979376542 0.531278224307074 1.99805292768311 20
456757 1531.9712765631 1527.39386217036 0.531278224307074 1.99805292768311 20
456758 1520.78888727663 1515.51182031833 0.531278224307074 1.99805292768311 20
456759 1501.95492192159 1502.83373493909 0.531278224307074 1.99805292768311 20
456760 1501.23787349345 1492.90191005332 0.531278224307074 1.99805292768311 20
456761 1489.37004463546 1483.00845648871 0.531278224307074 1.99805292768311 20
456762 1470.03479600987 1474.49786038285 0.531278224307074 1.99805292768311 20
456763 1462.27531830607 1461.74506385076 0.531278224307074 1.99805292768311 20
456764 1450.03659486384 1443.03136243917 0.531278224307074 1.99805292768311 20
456765 1439.43870493201 1433.8112161871 0.531278224307074 1.99805292768311 20
456766 1420.41608926329 1424.35993270989 0.531278224307074 1.99805292768311 20
456767 1412.70663942233 1409.77418656975 0.531278224307074 1.99805292768311 20
456768 1390.95202611586 1401.47136745877 0.531278224307074 1.99805292768311 20
456769 1388.54250205084 1393.50172472461 0.531278224307074 1.99805292768311 20
456770 1375.80621898377 1374.03549511146 0.531278224307074 1.99805292768311 20
456771 1363.56238069938 1363.69821434774 0.531278224307074 1.99805292768311 20
456772 1349.3968352957 1352.69719637118 0.531278224307074 1.99805292768311 20
456773 1347.5151037982 1343.74957663555 0.531278224307074 1.99805292768311 20
456774 1332.20623612004 1333.59466757037 0.531278224307074 1.99805292768311 20
456775 1319.88078121258 1325.82788323637 0.531278224307074 1.99805292768311 20
456776 1307.34257611276 1304.39521128935 0.531278224307074 1.99805292768311 20
456777 1289.31571480155 1286.90011796228 0.531278224307074 1.99805292768311 20
456778 1283.80532051375 1276.26165506001 0.531278224307074 1.99805292768311 20
456779 1272.55382012796 1283.08310275541 0.531278224307074 1.99805292768311 20
456780 1259.48967057793 1260.563164345 0.531278224307074 1.99805292768311 20
456781 1261.89384274352 1249.98667681961 0.531278224307074 1.99805292768311 20
456782 1246.49824075717 1232.21586306341 0.531278224307074 1.99805292768311 20
456783 1227.62312746586 1235.22954651342 0.531278224307074 1.99805292768311 20
456784 1214.93509821814 1220.89971929584 0.531278224307074 1.99805292768311 20
456785 1210.42585867142 1214.74111196294 0.531278224307074 1.99805292768311 20
456786 1189.20335977855 1198.90813882355 0.531278224307074 1.99805292768311 20
456787 1196.77016050424 1191.40036273882 0.531278224307074 1.99805292768311 20
456788 1175.92436169321 1178.2890756222 0.531278224307074 1.99805292768311 20
456789 1166.41368113761 1165.43790339189 0.531278224307074 1.99805292768311 20
456790 1165.46880398645 1153.20760351225 0.531278224307074 1.99805292768311 20
456791 1152.09922011365 1159.07696686441 0.531278224307074 1.99805292768311 20
456792 1145.17866999991 1146.54688971433 0.531278224307074 1.99805292768311 20
456793 1131.47684302898 1131.16617936161 0.531278224307074 1.99805292768311 20
456794 1125.57565745133 1124.93089428157 0.531278224307074 1.99805292768311 20
456795 1113.23155734322 1114.78069545307 0.531278224307074 1.99805292768311 20
456796 1108.71817137484 1103.37365737855 0.531278224307074 1.99805292768311 20
456797 1090.38909418796 1095.58895431177 0.531278224307074 1.99805292768311 20
456798 1085.564477683 1093.83034949444 0.531278224307074 1.99805292768311 20
456799 1079.81112674804 1087.00990713508 0.531278224307074 1.99805292768311 20
456800 1069.0116907048 1078.40424031285 0.531278224307074 1.99805292768311 20
456801 1067.16339316722 1070.46920962634 0.531278224307074 1.99805292768311 20
456802 1061.28878324481 1051.09674721873 0.531278224307074 1.99805292768311 20
456803 1055.46117225965 1055.7684001856 0.531278224307074 1.99805292768311 20
456804 1039.81972862121 1050.52109213313 0.531278224307074 1.99805292768311 20
456805 1041.60365910135 1036.88114638711 0.531278224307074 1.99805292768311 20
456806 1031.09857455166 1027.25255825092 0.531278224307074 1.99805292768311 20
456807 1018.87829084173 1017.83652801756 0.531278224307074 1.99805292768311 20
456808 1012.23295514511 1013.97144304964 0.531278224307074 1.99805292768311 20
456809 1004.35883387528 1009.1178438824 0.531278224307074 1.99805292768311 20
456810 985.647676169728 990.525119407489 0.531278224307074 1.99805292768311 20
456811 992.071812443977 986.208092372754 0.531278224307074 1.99805292768311 20
456812 990.70859461549 968.489514928753 0.531278224307074 1.99805292768311 20
456813 972.753233821349 969.123226448125 0.531278224307074 1.99805292768311 20
456814 971.151411487702 950.954285166574 0.531278224307074 1.99805292768311 20
456815 956.287815747014 955.298627443907 0.531278224307074 1.99805292768311 20
456816 945.546495295874 935.150670223479 0.531278224307074 1.99805292768311 20
456817 938.302899867871 944.075060495714 0.531278224307074 1.99805292768311 20
456818 928.780052773406 938.300064797188 0.531278224307074 1.99805292768311 20
456819 927.029818792042 930.390861672818 0.531278224307074 1.99805292768311 20
456820 923.209112573771 918.432836290123 0.531278224307074 1.99805292768311 20
456821 908.429280132117 913.475778429982 0.531278224307074 1.99805292768311 20
456822 903.368299002592 902.965790837248 0.531278224307074 1.99805292768311 20
456823 894.384515352034 893.996817678754 0.531278224307074 1.99805292768311 20
456824 885.604079017173 882.567203909198 0.531278224307074 1.99805292768311 20
456825 886.680793313709 877.940995223924 0.531278224307074 1.99805292768311 20
456826 871.212170612972 870.78473117487 0.531278224307074 1.99805292768311 20
456827 867.97230810501 862.027941816528 0.531278224307074 1.99805292768311 20
456828 867.77547907187 872.818033380605 0.531278224307074 1.99805292768311 20
456829 864.242535310348 863.227069094562 0.531278224307074 1.99805292768311 20
456830 857.767452358895 850.360606050639 0.531278224307074 1.99805292768311 20
456831 845.695706123733 854.307530711843 0.531278224307074 1.99805292768311 20
456832 850.126766802737 843.07311855926 0.531278224307074 1.99805292768311 20
456833 847.975752623756 857.235843977349 0.531278224307074 1.99805292768311 20
456834 843.213342914151 846.08501338894 0.531278224307074 1.99805292768311 20
456835 863.890881649984 856.268252522272 0.531278224307074 1.99805292768311 20
456836 862.12727259684 856.814497295602 0.531278224307074 1.99805292768311 20
456837 870.010162404359 871.039063099107 0.531278224307074 1.99805292768311 20
456838 869.469486489303 881.140963457591 0.531278224307074 1.99805292768311 20
456839 888.796822309247 882.388804818497 0.531278224307074 1.99805292768311 20
456840 895.010914299436 898.926256629638 0.531278224307074 1.99805292768311 20
456841 902.908559510411 900.190611481827 0.531278224307074 1.99805292768311 20
456842 915.684257155147 906.636561460133 0.531278224307074 1.99805292768311 20
456843 929.540045990817 920.928072943884 0.531278224307074 1.99805292768311 20
456844 933.991250888884 938.986914293888 0.531278224307074 1.99805292768311 20
456845 938.252680272255 944.242287234035 0.531278224307074 1.99805292768311 20
456846 954.271626053607 954.339296216115 0.531278224307074 1.99805292768311 20
456847 969.575382198348 965.19213451552 0.531278224307074 1.99805292768311 20
456848 974.053218751582 985.330607364517 0.531278224307074 1.99805292768311 20
456849 993.190149993332 988.735233125468 0.531278224307074 1.99805292768311 20
456850 1001.80057413739 996.420349885417 0.531278224307074 1.99805292768311 20
456851 1013.10838349171 1017.5731749768 0.531278224307074 1.99805292768311 20
456852 1030.62958683449 1027.25877385945 0.531278224307074 1.99805292768311 20
456853 1036.76510367586 1021.25514369132 0.531278224307074 1.99805292768311 20
456854 1048.19989794687 1036.11576810229 0.531278224307074 1.99805292768311 20
456855 1049.41006786008 1059.32206739402 0.531278224307074 1.99805292768311 20
456856 1063.71646168779 1070.29090097379 0.531278224307074 1.99805292768311 20
456857 1077.48128415667 1080.73630876008 0.531278224307074 1.99805292768311 20
456858 1086.430478227 1096.28847543153 0.531278224307074 1.99805292768311 20
456859 1104.87547791634 1098.8574752447 0.531278224307074 1.99805292768311 20
456860 1107.09845732329 1119.33952319437 0.531278224307074 1.99805292768311 20
456861 1118.1129339206 1121.49575614248 0.531278224307074 1.99805292768311 20
456862 1129.23138962739 1130.72025446819 0.531278224307074 1.99805292768311 20
456863 1138.61031341311 1139.33602064732 0.531278224307074 1.99805292768311 20
456864 1152.93610616398 1154.32043683212 0.531278224307074 1.99805292768311 20
456865 1158.68682578643 1156.7229716224 0.531278224307074 1.99805292768311 20
456866 1168.03840300101 1169.58984741913 0.531278224307074 1.99805292768311 20
456867 1186.01819093456 1186.4170204102 0.531278224307074 1.99805292768311 20
456868 1190.2422426456 1182.75154248356 0.531278224307074 1.99805292768311 20
456869 1205.26832907222 1194.75968481754 0.531278224307074 1.99805292768311 20
456870 1211.86050084715 1202.54412961894 0.531278224307074 1.99805292768311 20
456871 1219.42324815477 1216.48095563806 0.531278224307074 1.99805292768311 20
456872 1210.95481864582 1216.24970222066 0.531278224307074 1.99805292768311 20
456873 1225.82982745597 1226.51070465593 0.531278224307074 1.99805292768311 20
456874 1215.30265608425 1231.30625786251 0.531278224307074 1.99805292768311 20
456875 1238.96947223077 1229.87560911208 0.531278224307074 1.99805292768311 20
456876 1224.85049174384 1236.21836908713 0.531278224307074 1.99805292768311 20
456877 1234.61162550608 1237.8666324677 0.531278224307074 1.99805292768311 20
456878 1242.35752220004 1245.84378022928 0.531278224307074 1.99805292768311 20
456879 1235.10309664692 1240.71299472067 0.531278224307074 1.99805292768311 20
456880 1240.20116367364 1260.55388660101 0.531278224307074 1.99805292768311 20
456881 1255.46234213068 1255.42721753474 0.531278224307074 1.99805292768311 20
456882 1248.86426845247 1249.61491070441 0.531278224307074 1.99805292768311 20
456883 1258.34328699858 1258.09510613113 0.531278224307074 1.99805292768311 20
456884 1260.29713093896 1270.51282480302 0.531278224307074 1.99805292768311 20
456885 1267.55773815937 1268.81095450778 0.531278224307074 1.99805292768311 20
456886 1280.44663909979 1289.8364586058 0.531278224307074 1.99805292768311 20
456887 1283.85921437086 1281.42888355981 0.531278224307074 1.99805292768311 20
456888 1295.13128774849 1288.0340340649 0.531278224307074 1.99805292768311 20
456889 1295.62044378063 1294.93947062518 0.531278224307074 1.99805292768311 20
456890 1297.37176468149 1299.89300792273 0.531278224307074 1.99805292768311 20
456891 1303.09374512273 1303.63724789928 0.531278224307074 1.99805292768311 20
456892 1314.42823737955 1304.17763640225 0.531278224307074 1.99805292768311 20
456893 1313.98096699224 1303.17368469087 0.531278224307074 1.99805292768311 20
456894 1321.04933601683 1317.74150919115 0.531278224307074 1.99805292768311 20
456895 1328.65134247426 1325.49154312922 0.531278224307074 1.99805292768311 20
456896 1329.08937175308 1338.39261980562 0.531278224307074 1.99805292768311 20
456897 1313.32644501051 1345.64483153384 0.531278224307074 1.99805292768311 20
456898 1340.9982290014 1343.00594179936 0.531278224307074 1.99805292768311 20
456899 1342.15076731808 1354.15764680184 0.531278224307074 1.99805292768311 20
456900 1357.20550977911 1351.43543464334 0.531278224307074 1.99805292768311 20
456901 1354.41951181784 1358.69949930517 0.531278224307074 1.99805292768311 20
456902 1360.00123015704 1371.50768520739 0.531278224307074 1.99805292768311 20
456903 1369.16227313855 1369.13149505059 0.531278224307074 1.99805292768311 20
456904 1376.64997738953 1374.36801734355 0.531278224307074 1.99805292768311 20
456905 1381.20607732831 1389.4108233896 0.531278224307074 1.99805292768311 20
456906 1392.58236475571 1391.09682663195 0.531278224307074 1.99805292768311 20
456907 1396.44682089912 1400.56467195882 0.531278224307074 1.99805292768311 20
456908 1413.13790589587 1404.10761790319 0.531278224307074 1.99805292768311 20
456909 1418.27710674107 1408.54903228311 0.531278224307074 1.99805292768311 20
456910 1417.6571242329 1423.85459657718 0.531278224307074 1.99805292768311 20
456911 1428.4577451395 1427.5608126913 0.531278224307074 1.99805292768311 20
456912 1431.46653620028 1439.45101786273 0.531278224307074 1.99805292768311 20
456913 1450.70748870452 1453.17987262363 0.531278224307074 1.99805292768311 20
456914 1458.0854669905 1453.9338413275 0.531278224307074 1.99805292768311 20
456915 1469.84846215635 1470.64530323728 0.531278224307074 1.99805292768311 20
456916 1465.95230330291 1472.73395665487 0.531278224307074 1.99805292768311 20
456917 1482.77791849547 1480.00237147538 0.531278224307074 1.99805292768311 20
456918 1485.34262507192 1493.15123489551 0.531278224307074 1.99805292768311 20
456919 1504.55141118447 1506.25759011588 0.531278224307074 1.99805292768311 20
456920 1504.54555564037 1494.56141651552 0.531278224307074 1.99805292768311 20
456921 1517.75863884005 1524.73723721845 0.531278224307074 1.99805292768311 20
456922 1536.60796495178 1522.96018426014 0.531278224307074 1.99805292768311 20
456923 1531.10965589964 1535.88537080922 0.531278224307074 1.99805292768311 20
456924 1541.66037324031 1545.12100482314 0.531278224307074 1.99805292768311 20
456925 1544.03531253781 1552.78944395849 0.531278224307074 1.99805292768311 20
456926 1546.41998679546 1556.19631812947 0.531278224307074 1.99805292768311 20
456927 1565.99954518819 1571.09029775053 0.531278224307074 1.99805292768311 20
456928 1578.0826510256 1572.98376639303 0.531278224307074 1.99805292768311 20
456929 1585.41548020913 1578.45065340807 0.531278224307074 1.99805292768311 20
456930 1591.92053674617 1586.01628874057 0.531278224307074 1.99805292768311 20
456931 1592.83491980314 1592.32788033297 0.531278224307074 1.99805292768311 20
456932 1594.38901105248 1605.79928086117 0.531278224307074 1.99805292768311 20
456933 1603.79372376537 1612.40862715387 0.531278224307074 1.99805292768311 20
456934 1613.48556454376 1613.47773301331 0.531278224307074 1.99805292768311 20
456935 1612.79034514037 1614.56322848371 0.531278224307074 1.99805292768311 20
456936 1622.7770480684 1632.99537231516 0.531278224307074 1.99805292768311 20
456937 1620.54282427858 1625.39445705681 0.531278224307074 1.99805292768311 20
456938 1624.19160546897 1616.33239023856 0.531278224307074 1.99805292768311 20
456939 1626.84798098537 1621.03860584353 0.531278224307074 1.99805292768311 20
456940 1637.6500092771 1623.4421976311 0.531278224307074 1.99805292768311 20
456941 1629.73392222462 1621.04641362699 0.531278224307074 1.99805292768311 20
456942 1623.52179509926 1623.14340114105 0.531278224307074 1.99805292768311 20
456943 1628.11115547009 1623.8898058899 0.531278224307074 1.99805292768311 20
456944 1632.87505317631 1629.39023092889 0.531278224307074 1.99805292768311 20
456945 1628.06760357499 1632.27321906474 0.531278224307074 1.99805292768311 20
456946 1632.94789999161 1635.60287465445 0.531278224307074 1.99805292768311 20
456947 1641.21612863835 1639.8134408822 0.531278224307074 1.99805292768311 20
456948 1642.6035114161 1642.06808771705 0.531278224307074 1.99805292768311 20
456949 1649.50603989031 1649.29366778508 0.531278224307074 1.99805292768311 20
456950 1651.0210447571 1657.20761689049 0.531278224307074 1.99805292768311 20
456951 1655.52479071591 1664.96069086371 0.531278224307074 1.99805292768311 20
456952 1665.70642732298 1662.95766565768 0.531278224307074 1.99805292768311 20
456953 1679.02739913944 1673.80815965471 0.531278224307074 1.99805292768311 20
456954 1671.90387020898 1687.82944614503 0.531278224307074 1.99805292768311 20
456955 1690.7294774712 1690.15539218009 0.531278224307074 1.99805292768311 20
456956 1699.92307623303 1708.76832188683 0.531278224307074 1.99805292768311 20
456957 1708.88462128047 1714.91698019831 0.531278224307074 1.99805292768311 20
456958 1707.2417366371 1715.37768818451 0.531278224307074 1.99805292768311 20
456959 1720.80040447342 1722.5424425463 0.531278224307074 1.99805292768311 20
456960 1723.80527204408 1725.07363437246 0.531278224307074 1.99805292768311 20
456961 1738.76815680071 1741.28293845507 0.531278224307074 1.99805292768311 20
456962 1754.67503214488 1754.18588859569 0.531278224307074 1.99805292768311 20
456963 1771.29701314754 1767.25722182465 0.531278224307074 1.99805292768311 20
456964 1786.42339560886 1776.91115438533 0.531278224307074 1.99805292768311 20
456965 1781.64822011711 1784.16285932131 0.531278224307074 1.99805292768311 20
456966 1796.92902159827 1797.95037728229 0.531278224307074 1.99805292768311 20
456967 1810.35586551286 1803.48953745217 0.531278224307074 1.99805292768311 20
456968 1814.17649381093 1815.61627835478 0.531278224307074 1.99805292768311 20
456969 1824.67382559461 1828.95255655833 0.531278224307074 1.99805292768311 20
456970 1836.45491207125 1844.3406185053 0.531278224307074 1.99805292768311 20
456971 1839.31732511965 1847.48776255638 0.531278224307074 1.99805292768311 20
456972 1854.72919932647 1843.46351928118 0.531278224307074 1.99805292768311 20
456973 1861.04629956086 1863.92479300243 0.531278224307074 1.99805292768311 20
456974 1859.82949640971 1862.72611702825 0.531278224307074 1.99805292768311 20
456975 1876.19887791048 1873.00148826074 0.531278224307074 1.99805292768311 20
456976 1878.96330971432 1882.78547176753 0.531278224307074 1.99805292768311 20
456977 1886.01469027501 1883.82959561201 0.531278224307074 1.99805292768311 20
456978 1888.87422929333 1888.22441594233 0.531278224307074 1.99805292768311 20
456979 1887.06980852072 1883.99832090104 0.531278224307074 1.99805292768311 20
456980 1895.94671114091 1896.56247611738 0.531278224307074 1.99805292768311 20
456981 1887.78974590868 1894.1088580944 0.531278224307074 1.99805292768311 20
456982 1901.8923772256 1892.72298105271 0.531278224307074 1.99805292768311 20
456983 1890.57851409601 1893.21541769785 0.531278224307074 1.99805292768311 20
456984 1887.30406660559 1886.5295433284 0.531278224307074 1.99805292768311 20
456985 1897.54670973719 1895.69971752025 0.531278224307074 1.99805292768311 20
456986 1891.51229494702 1898.01190160115 0.531278224307074 1.99805292768311 20
456987 1895.21668265487 1891.05846909178 0.531278224307074 1.99805292768311 20
456988 1899.20544257407 1889.14105795481 0.531278224307074 1.99805292768311 20
456989 1890.07438718653 1902.21021388803 0.531278224307074 1.99805292768311 20
456990 1893.39739980234 1886.78283364055 0.531278224307074 1.99805292768311 20
456991 1888.48726936456 1895.11600445984 0.531278224307074 1.99805292768311 20
456992 1888.3147917724 1900.1961251002 0.531278224307074 1.99805292768311 20
456993 1892.26568545439 1898.54327011966 0.531278224307074 1.99805292768311 20
456994 1896.97686030626 1893.43215543606 0.531278224307074 1.99805292768311 20
456995 1895.36282331386 1892.17792896834 0.531278224307074 1.99805292768311 20
456996 1891.99809924067 1888.14286230859 0.531278224307074 1.99805292768311 20
456997 1895.41202657951 1901.59853276866 0.531278224307074 1.99805292768311 20
456998 1903.90451970737 1892.46086741825 0.531278224307074 1.99805292768311 20
456999 1894.8551417049 1888.35935079223 0.531278224307074 1.99805292768311 20
457000 1898.40605112814 1892.77725999011 0.531278224307074 1.99805292768311 20
457001 1896.30558645583 1891.5717175355 0.531278224307074 1.99805292768311 20
457002 1896.32918503587 1897.77580507802 0.531278224307074 1.99805292768311 20
457003 1893.80036899406 1904.49823300853 0.531278224307074 1.99805292768311 20
457004 1889.54387824949 1894.29710762843 0.531278224307074 1.99805292768311 20
457005 1894.6118253968 1898.67028869847 0.531278224307074 1.99805292768311 20
457006 1903.78403784944 1907.63108603396 0.531278224307074 1.99805292768311 20
457007 1904.85488084133 1899.27987178936 0.531278224307074 1.99805292768311 20
457008 1909.61292337815 1908.85260605924 0.531278224307074 1.99805292768311 20
457009 1927.39759802377 1909.03514685989 0.531278224307074 1.99805292768311 20
457010 1922.00451173642 1911.8310229814 0.531278224307074 1.99805292768311 20
457011 1927.550169319 1921.42053924292 0.531278224307074 1.99805292768311 20
457012 1925.37677454718 1921.94096724003 0.531278224307074 1.99805292768311 20
457013 1934.56343371546 1932.59498833644 0.531278224307074 1.99805292768311 20
457014 1942.50570399734 1941.78301285962 0.531278224307074 1.99805292768311 20
457015 1949.8052111864 1953.23702237305 0.531278224307074 1.99805292768311 20
457016 1950.47664396487 1955.3748075584 0.531278224307074 1.99805292768311 20
457017 1961.9875041501 1958.49693554074 0.531278224307074 1.99805292768311 20
457018 1961.4523388208 1963.2045013941 0.531278224307074 1.99805292768311 20
457019 1962.4189085247 1969.82967671278 0.531278224307074 1.99805292768311 20
457020 1975.0827677013 1977.63008657247 0.531278224307074 1.99805292768311 20
457021 1983.75684108097 1986.32829795919 0.531278224307074 1.99805292768311 20
457022 1987.15127020638 1999.92908588325 0.531278224307074 1.99805292768311 20
457023 2000.81709622562 2005.75827927063 0.531278224307074 1.99805292768311 20
457024 2007.20310716538 2016.72830808679 0.531278224307074 1.99805292768311 20
457025 2010.09667836751 2018.74567082877 0.531278224307074 1.99805292768311 20
457026 2025.4889745323 2024.14945109871 0.531278224307074 1.99805292768311 20
457027 2027.56160959491 2033.63310521978 0.531278224307074 1.99805292768311 20
457028 2042.10479892804 2037.64128780549 0.531278224307074 1.99805292768311 20
457029 2044.83010694126 2049.56898581129 0.531278224307074 1.99805292768311 20
457030 2054.99648976337 2051.85705616476 0.531278224307074 1.99805292768311 20
457031 2062.41103841204 2061.13335616592 0.531278224307074 1.99805292768311 20
457032 2076.24324621025 2074.36513583901 0.531278224307074 1.99805292768311 20
457033 2084.42949903246 2075.1024201424 0.531278224307074 1.99805292768311 20
457034 2085.14360502129 2094.81773989287 0.531278224307074 1.99805292768311 20
457035 2097.6866996486 2092.33028102588 0.531278224307074 1.99805292768311 20
457036 2097.36158303096 2098.34191066811 0.531278224307074 1.99805292768311 20
457037 2098.00692551251 2097.4172426225 0.531278224307074 1.99805292768311 20
457038 2102.27884361762 2100.6900015478 0.531278224307074 1.99805292768311 20
457039 2094.11232683001 2090.94235679745 0.531278224307074 1.99805292768311 20
457040 2095.72526180402 2091.93308870676 0.531278224307074 1.99805292768311 20
457041 2084.01007363297 2079.64887582379 0.531278224307074 1.99805292768311 20
457042 2078.54203884377 2071.5823777788 0.531278224307074 1.99805292768311 20
457043 2067.39030867812 2061.87610336789 0.531278224307074 1.99805292768311 20
457044 2067.35688720821 2056.56368367226 0.531278224307074 1.99805292768311 20
457045 2054.01281371301 2048.07286848808 0.531278224307074 1.99805292768311 20
457046 2044.85906774869 2049.94671495634 0.531278224307074 1.99805292768311 20
457047 2030.93704385613 2036.20727094722 0.531278224307074 1.99805292768311 20
457048 2036.34579375317 2029.05120279492 0.531278224307074 1.99805292768311 20
457049 2013.52879133549 2016.19937180063 0.531278224307074 1.99805292768311 20
457050 2011.7849836968 2017.73219250153 0.531278224307074 1.99805292768311 20
457051 2001.49849355003 1998.78126069829 0.531278224307074 1.99805292768311 20
457052 1988.89331064824 1990.29460548924 0.531278224307074 1.99805292768311 20
457053 1974.74960916173 1980.54770054367 0.531278224307074 1.99805292768311 20
457054 1964.58219908857 1972.25641363563 0.531278224307074 1.99805292768311 20
457055 1958.56533241639 1962.15505148786 0.531278224307074 1.99805292768311 20
457056 1956.27960738842 1953.46515422259 0.531278224307074 1.99805292768311 20
457057 1948.22140281874 1945.95788346807 0.531278224307074 1.99805292768311 20
457058 1932.22079845861 1940.20996229339 0.531278224307074 1.99805292768311 20
457059 1921.92222932387 1926.69204469493 0.531278224307074 1.99805292768311 20
457060 1909.7507322612 1919.26537696235 0.531278224307074 1.99805292768311 20
457061 1918.94422776363 1905.16702222725 0.531278224307074 1.99805292768311 20
457062 1914.29682157813 1907.02850732665 0.531278224307074 1.99805292768311 20
457063 1903.13750636299 1906.10578399205 0.531278224307074 1.99805292768311 20
457064 1894.42359577537 1895.1624892119 0.531278224307074 1.99805292768311 20
457065 1877.41272581257 1898.27190048383 0.531278224307074 1.99805292768311 20
457066 1873.31657302232 1884.46745236959 0.531278224307074 1.99805292768311 20
457067 1879.94607524839 1867.83214844079 0.531278224307074 1.99805292768311 20
457068 1880.82452217197 1871.17404720475 0.531278224307074 1.99805292768311 20
457069 1859.22861876478 1862.252843215 0.531278224307074 1.99805292768311 20
457070 1850.51320459873 1839.21901340681 0.531278224307074 1.99805292768311 20
457071 1843.44448347466 1854.41032326242 0.531278224307074 1.99805292768311 20
457072 1839.25743539005 1841.42583617589 0.531278224307074 1.99805292768311 20
457073 1831.38301344424 1828.35207777903 0.531278224307074 1.99805292768311 20
457074 1826.07485612234 1823.40315678982 0.531278224307074 1.99805292768311 20
457075 1813.37386811246 1814.66807343812 0.531278224307074 1.99805292768311 20
457076 1811.52267147094 1802.37690059591 0.531278224307074 1.99805292768311 20
457077 1799.42909491119 1792.4861919389 0.531278224307074 1.99805292768311 20
457078 1797.05282646857 1788.4073137858 0.531278224307074 1.99805292768311 20
457079 1786.62633594362 1777.72901832924 0.531278224307074 1.99805292768311 20
457080 1775.60377644605 1771.70678005465 0.531278224307074 1.99805292768311 20
457081 1766.03810599764 1764.61865649071 0.531278224307074 1.99805292768311 20
457082 1758.97075537094 1754.37129891949 0.531278224307074 1.99805292768311 20
457083 1753.09607308384 1751.0456181516 0.531278224307074 1.99805292768311 20
457084 1737.47325723632 1748.08657961148 0.531278224307074 1.99805292768311 20
457085 1734.86001532937 1740.298737337 0.531278224307074 1.99805292768311 20
457086 1723.93451118834 1732.54233499269 0.531278224307074 1.99805292768311 20
457087 1717.40001025556 1723.1531452029 0.531278224307074 1.99805292768311 20
457088 1719.71067632091 1715.86995839509 0.531278224307074 1.99805292768311 20
457089 1709.07390525759 1707.26952150361 0.531278224307074 1.99805292768311 20
457090 1707.33002743769 1693.01089114028 0.531278224307074 1.99805292768311 20
457091 1686.83824791916 1692.45130502656 0.531278224307074 1.99805292768311 20
457092 1691.9173760169 1690.30775545208 0.531278224307074 1.99805292768311 20
457093 1670.91158362894 1679.9220752134 0.531278224307074 1.99805292768311 20
457094 1670.43762043526 1670.03672577193 0.531278224307074 1.99805292768311 20
457095 1662.59121557024 1666.77887992939 0.531278224307074 1.99805292768311 20
457096 1666.69728097363 1657.72198796275 0.531278224307074 1.99805292768311 20
457097 1653.00391780125 1646.94055311793 0.531278224307074 1.99805292768311 20
457098 1646.80992772122 1641.00997678457 0.531278224307074 1.99805292768311 20
457099 1645.21044320577 1644.51409182182 0.531278224307074 1.99805292768311 20
457100 1649.72449897851 1637.39451118561 0.531278224307074 1.99805292768311 20
457101 1637.71080295892 1640.28683428649 0.531278224307074 1.99805292768311 20
457102 1639.80263956835 1636.22426591618 0.531278224307074 1.99805292768311 20
457103 1638.36651636443 1640.7303703451 0.531278224307074 1.99805292768311 20
457104 1634.34641344656 1630.63966327697 0.531278224307074 1.99805292768311 20
457105 1631.29855471601 1634.68514927968 0.531278224307074 1.99805292768311 20
457106 1636.39994889152 1637.6639482669 0.531278224307074 1.99805292768311 20
457107 1635.25123304783 1633.13296482339 0.531278224307074 1.99805292768311 20
457108 1626.97245948994 1640.77423584343 0.531278224307074 1.99805292768311 20
457109 1630.77250824078 1626.56792333905 0.531278224307074 1.99805292768311 20
457110 1632.69311886336 1633.82967663242 0.531278224307074 1.99805292768311 20
457111 1635.69901649069 1636.71365679646 0.531278224307074 1.99805292768311 20
457112 1642.44540223374 1630.31767491211 0.531278224307074 1.99805292768311 20
457113 1629.93422148658 1634.41161889577 0.531278224307074 1.99805292768311 20
457114 1633.17293972116 1629.43515634535 0.531278224307074 1.99805292768311 20
457115 1639.6383902416 1628.95255429404 0.531278224307074 1.99805292768311 20
457116 1628.73942160461 1634.76039754185 0.531278224307074 1.99805292768311 20
457117 1629.7652458813 1630.57919771623 0.531278224307074 1.99805292768311 20
457118 1643.0698195543 1633.7853780119 0.531278224307074 1.99805292768311 20
457119 1631.94487660683 1635.06737710525 0.531278224307074 1.99805292768311 20
457120 1637.65566767227 1635.45692102223 0.531278224307074 1.99805292768311 20
457121 1638.69933389778 1630.48196148077 0.531278224307074 1.99805292768311 20
457122 1640.62546971043 1634.69322114204 0.531278224307074 1.99805292768311 20
457123 1632.08573436733 1639.66646836678 0.531278224307074 1.99805292768311 20
457124 1633.85559496097 1634.59364637265 0.531278224307074 1.99805292768311 20
457125 1632.91887459966 1628.96153991658 0.531278224307074 1.99805292768311 20
457126 1634.74885437066 1630.19511000284 0.531278224307074 1.99805292768311 20
457127 1640.32976432513 1636.20810633433 0.531278224307074 1.99805292768311 20
457128 1629.92362475903 1636.46952976203 0.531278224307074 1.99805292768311 20
457129 1638.38050958254 1622.80633875187 0.531278224307074 1.99805292768311 20
457130 1638.39172977749 1625.09228109607 0.531278224307074 1.99805292768311 20
457131 1634.04422229085 1628.20512854851 0.531278224307074 1.99805292768311 20
457132 1633.29004532598 1630.80684990838 0.531278224307074 1.99805292768311 20
457133 1639.72029195689 1632.84224147361 0.531278224307074 1.99805292768311 20
457134 1627.45171064387 1625.53023154524 0.531278224307074 1.99805292768311 20
457135 1636.55193018606 1623.18236862967 0.531278224307074 1.99805292768311 20
457136 1638.34284849837 1626.16916369709 0.531278224307074 1.99805292768311 20
457137 1631.70825586504 1630.03939690464 0.531278224307074 1.99805292768311 20
457138 1623.27182455581 1618.41575781991 0.531278224307074 1.99805292768311 20
457139 1637.45165084929 1624.45103779034 0.531278224307074 1.99805292768311 20
457140 1616.21120741158 1611.12525237721 0.531278224307074 1.99805292768311 20
457141 1624.89581639469 1612.35566259219 0.531278224307074 1.99805292768311 20
457142 1616.47284527985 1620.11793051252 0.531278224307074 1.99805292768311 20
457143 1609.96998184252 1615.08350600038 0.531278224307074 1.99805292768311 20
457144 1608.26227596367 1601.51022801717 0.531278224307074 1.99805292768311 20
457145 1611.01323237231 1595.36508610535 0.531278224307074 1.99805292768311 20
457146 1597.30953688041 1597.10864508459 0.531278224307074 1.99805292768311 20
457147 1593.10928289844 1589.69569449884 0.531278224307074 1.99805292768311 20
457148 1588.52186123208 1590.35929946302 0.531278224307074 1.99805292768311 20
457149 1576.96853319251 1581.98151655678 0.531278224307074 1.99805292768311 20
457150 1579.95045593501 1572.02397239992 0.531278224307074 1.99805292768311 20
457151 1577.39521770903 1572.38156350656 0.531278224307074 1.99805292768311 20
457152 1577.70274932156 1576.81743168009 0.531278224307074 1.99805292768311 20
457153 1566.28631793216 1564.36454605795 0.531278224307074 1.99805292768311 20
457154 1559.61458006317 1559.4021772678 0.531278224307074 1.99805292768311 20
457155 1549.64529218562 1550.31976402073 0.531278224307074 1.99805292768311 20
457156 1543.78372202978 1557.27337378469 0.531278224307074 1.99805292768311 20
457157 1548.00718176595 1536.52025636611 0.531278224307074 1.99805292768311 20
457158 1550.93298445547 1546.05941421266 0.531278224307074 1.99805292768311 20
457159 1541.72987759923 1542.66518402295 0.531278224307074 1.99805292768311 20
457160 1530.9083458637 1540.33498643362 0.531278224307074 1.99805292768311 20
457161 1533.37597359258 1530.67433356183 0.531278224307074 1.99805292768311 20
457162 1519.45911675718 1529.57623493851 0.531278224307074 1.99805292768311 20
457163 1521.36391650807 1526.01091743319 0.531278224307074 1.99805292768311 20
457164 1526.37158917353 1517.89641792243 0.531278224307074 1.99805292768311 20
457165 1513.8467942951 1521.0182282547 0.531278224307074 1.99805292768311 20
457166 1514.86955027257 1522.73204410061 0.531278224307074 1.99805292768311 20
457167 1508.8901038432 1510.67724904221 0.531278224307074 1.99805292768311 20
457168 1522.44477353641 1514.56840405966 0.531278224307074 1.99805292768311 20
457169 1506.50778285641 1501.78526670214 0.531278224307074 1.99805292768311 20
457170 1512.03965205772 1496.1458916209 0.531278224307074 1.99805292768311 20
457171 1514.10269025099 1503.12808122854 0.531278224307074 1.99805292768311 20
457172 1505.10582498565 1518.94411562835 0.531278224307074 1.99805292768311 20
457173 1513.10230404576 1512.0788744987 0.531278224307074 1.99805292768311 20
457174 1520.59319817884 1514.52423537146 0.531278224307074 1.99805292768311 20
457175 1526.02600007188 1517.66510837421 0.531278224307074 1.99805292768311 20
457176 1524.36037931196 1530.76453137153 0.531278224307074 1.99805292768311 20
457177 1534.77383332001 1535.58104453499 0.531278224307074 1.99805292768311 20
457178 1546.82625149475 1536.80614652898 0.531278224307074 1.99805292768311 20
457179 1548.03449471492 1553.46092173764 0.531278224307074 1.99805292768311 20
457180 1563.10383377899 1556.16846557407 0.531278224307074 1.99805292768311 20
457181 1573.67186823778 1566.26112644195 0.531278224307074 1.99805292768311 20
457182 1579.88854965346 1576.36991586058 0.531278224307074 1.99805292768311 20
457183 1582.27622063973 1581.28372495486 0.531278224307074 1.99805292768311 20
457184 1598.30182592845 1610.16472290367 0.531278224307074 1.99805292768311 20
457185 1605.47157870324 1612.72966629884 0.531278224307074 1.99805292768311 20
457186 1623.90449543409 1623.19221145389 0.531278224307074 1.99805292768311 20
457187 1635.2027679725 1624.12267630006 0.531278224307074 1.99805292768311 20
457188 1632.68325362012 1639.16985627181 0.531278224307074 1.99805292768311 20
457189 1644.5188454465 1652.820172252 0.531278224307074 1.99805292768311 20
457190 1663.81228292745 1665.73270101815 0.531278224307074 1.99805292768311 20
457191 1671.79390613735 1675.60912441003 0.531278224307074 1.99805292768311 20
457192 1685.4744169567 1685.20246404786 0.531278224307074 1.99805292768311 20
457193 1691.89111048833 1695.55802076733 0.531278224307074 1.99805292768311 20
457194 1705.34240720764 1697.00866109658 0.531278224307074 1.99805292768311 20
457195 1710.36434287874 1711.21653623067 0.531278224307074 1.99805292768311 20
457196 1735.83826997302 1721.60529292186 0.531278224307074 1.99805292768311 20
457197 1734.94669767474 1731.59748970611 0.531278224307074 1.99805292768311 20
457198 1735.36628265737 1738.52294073634 0.531278224307074 1.99805292768311 20
457199 1749.27096102538 1749.51249328617 0.531278224307074 1.99805292768311 20
457200 1759.1702971367 1751.1181801802 0.531278224307074 1.99805292768311 20
457201 1760.75741435949 1755.41126951226 0.531278224307074 1.99805292768311 20
457202 1771.95746537572 1767.29640824098 0.531278224307074 1.99805292768311 20
457203 1762.87692680555 1768.33057865027 0.531278224307074 1.99805292768311 20
457204 1773.83883495533 1774.12130381726 0.531278224307074 1.99805292768311 20
457205 1774.36162387107 1774.49582391865 0.531278224307074 1.99805292768311 20
457206 1769.26213039819 1774.08097583749 0.531278224307074 1.99805292768311 20
457207 1782.00799823027 1779.1293480149 0.531278224307074 1.99805292768311 20
457208 1784.39649780556 1777.49421316896 0.531278224307074 1.99805292768311 20
457209 1772.40797149796 1788.01793428788 0.531278224307074 1.99805292768311 20
457210 1781.12896452377 1792.03191701003 0.531278224307074 1.99805292768311 20
457211 1789.32399109793 1795.74492031442 0.531278224307074 1.99805292768311 20
457212 1792.67518719397 1795.42688033536 0.531278224307074 1.99805292768311 20
457213 1795.97686404989 1791.19724312233 0.531278224307074 1.99805292768311 20
457214 1802.60624773708 1805.39242627307 0.531278224307074 1.99805292768311 20
457215 1806.19887823884 1801.31503250167 0.531278224307074 1.99805292768311 20
457216 1791.84693739816 1808.39686080343 0.531278224307074 1.99805292768311 20
457217 1809.53195164069 1802.08177582433 0.531278224307074 1.99805292768311 20
457218 1819.27966610411 1813.55059018362 0.531278224307074 1.99805292768311 20
457219 1822.98744714793 1820.24738827478 0.531278224307074 1.99805292768311 20
457220 1826.24459049802 1814.9784708777 0.531278224307074 1.99805292768311 20
457221 1830.30771362968 1824.19177944138 0.531278224307074 1.99805292768311 20
457222 1831.35463847824 1828.98348600775 0.531278224307074 1.99805292768311 20
457223 1835.18971196111 1838.08148438338 0.531278224307074 1.99805292768311 20
457224 1836.19446548989 1829.96014832204 0.531278224307074 1.99805292768311 20
457225 1836.97420224748 1848.28898919259 0.531278224307074 1.99805292768311 20
457226 1835.19508947337 1844.85880425612 0.531278224307074 1.99805292768311 20
457227 1840.29420375514 1856.25985035644 0.531278224307074 1.99805292768311 20
457228 1849.97744416473 1855.15711932294 0.531278224307074 1.99805292768311 20
457229 1856.09864884187 1844.33194011185 0.531278224307074 1.99805292768311 20
457230 1852.82453361485 1858.59560509964 0.531278224307074 1.99805292768311 20
457231 1851.0504354443 1848.43999414471 0.531278224307074 1.99805292768311 20
457232 1852.01673205005 1855.71139442874 0.531278224307074 1.99805292768311 20
457233 1850.46461377775 1849.61556588966 0.531278224307074 1.99805292768311 20
457234 1857.05618309013 1857.44736784276 0.531278224307074 1.99805292768311 20
457235 1852.60403330539 1854.67100485353 0.531278224307074 1.99805292768311 20
457236 1846.70831810089 1850.98905768787 0.531278224307074 1.99805292768311 20
457237 1857.93893294986 1857.22493507787 0.531278224307074 1.99805292768311 20
457238 1860.17627716517 1857.15648041203 0.531278224307074 1.99805292768311 20
457239 1849.95580643739 1861.14353930374 0.531278224307074 1.99805292768311 20
457240 1852.73740783898 1856.37331125087 0.531278224307074 1.99805292768311 20
457241 1852.8889680867 1852.64669861432 0.531278224307074 1.99805292768311 20
457242 1854.34219009133 1857.50017966662 0.531278224307074 1.99805292768311 20
457243 1859.30505579066 1863.61702797982 0.531278224307074 1.99805292768311 20
457244 1861.11109924956 1867.87551015419 0.531278224307074 1.99805292768311 20
457245 1861.14397866279 1867.59362080653 0.531278224307074 1.99805292768311 20
457246 1865.0654167833 1875.77259260361 0.531278224307074 1.99805292768311 20
457247 1873.1174789787 1873.48389014643 0.531278224307074 1.99805292768311 20
457248 1879.88450370593 1872.82062707265 0.531278224307074 1.99805292768311 20
457249 1880.09954273294 1873.54995582554 0.531278224307074 1.99805292768311 20
457250 1884.58096530438 1885.20403320018 0.531278224307074 1.99805292768311 20
457251 1887.41164809533 1891.45485919407 0.531278224307074 1.99805292768311 20
457252 1893.13036173271 1892.17252979282 0.531278224307074 1.99805292768311 20
457253 1904.04177222681 1898.40599437036 0.531278224307074 1.99805292768311 20
457254 1904.57902604127 1907.58070731503 0.531278224307074 1.99805292768311 20
457255 1914.24203446855 1909.83900070536 0.531278224307074 1.99805292768311 20
457256 1922.72905064416 1916.35287703933 0.531278224307074 1.99805292768311 20
457257 1920.5635617547 1927.78234929046 0.531278224307074 1.99805292768311 20
457258 1934.5175706638 1939.338800918 0.531278224307074 1.99805292768311 20
457259 1937.62412335527 1944.21899851661 0.531278224307074 1.99805292768311 20
457260 1941.07354044508 1944.34374272337 0.531278224307074 1.99805292768311 20
457261 1953.07571431031 1963.52774707342 0.531278224307074 1.99805292768311 20
457262 1966.16089205614 1950.86989801863 0.531278224307074 1.99805292768311 20
457263 1981.09452425206 1958.7506011567 0.531278224307074 1.99805292768311 20
457264 1968.58955279182 1970.58465537546 0.531278224307074 1.99805292768311 20
457265 1987.13068886742 1986.93417742662 0.531278224307074 1.99805292768311 20
457266 1995.24024890599 1991.11306492694 0.531278224307074 1.99805292768311 20
457267 2004.30973049651 2001.38759996556 0.531278224307074 1.99805292768311 20
457268 2005.93048706052 2004.02627980912 0.531278224307074 1.99805292768311 20
457269 2030.84570635024 2013.99729888523 0.531278224307074 1.99805292768311 20
457270 2022.50675043472 2015.65877118077 0.531278224307074 1.99805292768311 20
457271 2030.72165491181 2030.37960218626 0.531278224307074 1.99805292768311 20
457272 2038.88719826219 2038.51507344691 0.531278224307074 1.99805292768311 20
457273 2041.44387743433 2041.15849043142 0.531278224307074 1.99805292768311 20
457274 2049.13300065136 2048.87508767417 0.531278224307074 1.99805292768311 20
457275 2056.80648032297 2058.74409104292 0.531278224307074 1.99805292768311 20
457276 2065.21643073863 2073.7910621089 0.531278224307074 1.99805292768311 20
457277 2073.59921056371 2070.34864765606 0.531278224307074 1.99805292768311 20
457278 2074.24415964133 2076.56402851932 0.531278224307074 1.99805292768311 20
457279 2086.23913121723 2085.47234133151 0.531278224307074 1.99805292768311 20
457280 2083.46482471954 2081.05289599491 0.531278224307074 1.99805292768311 20
457281 2096.12343772389 2109.27737386961 0.531278224307074 1.99805292768311 20
457282 2088.56608197244 2088.22990682041 0.531278224307074 1.99805292768311 20
457283 2094.07396039325 2100.3720083744 0.531278224307074 1.99805292768311 20
457284 2100.32302776945 2108.34031524848 0.531278224307074 1.99805292768311 20
457285 2104.34917470229 2112.09248275187 0.531278224307074 1.99805292768311 20
457286 2115.81118669804 2104.40355224786 0.531278224307074 1.99805292768311 20
457287 2107.52771308795 2115.19204660995 0.531278224307074 1.99805292768311 20
457288 2119.50823217111 2110.60771456606 0.531278224307074 1.99805292768311 20
457289 2118.71543863645 2122.75235117486 0.531278224307074 1.99805292768311 20
457290 2125.20274290931 2125.9125207309 0.531278224307074 1.99805292768311 20
457291 2131.00882337883 2123.81033068879 0.531278224307074 1.99805292768311 20
457292 2137.78089204177 2136.3559293923 0.531278224307074 1.99805292768311 20
457293 2144.00268924048 2143.49396518282 0.531278224307074 1.99805292768311 20
457294 2145.38221598031 2150.42334506265 0.531278224307074 1.99805292768311 20
457295 2163.40637783595 2159.62914458051 0.531278224307074 1.99805292768311 20
457296 2166.35985908154 2165.97216036227 0.531278224307074 1.99805292768311 20
457297 2176.26129145423 2168.58265925095 0.531278224307074 1.99805292768311 20
457298 2182.45196026413 2178.62302996415 0.531278224307074 1.99805292768311 20
457299 2189.72718537685 2191.7700709957 0.531278224307074 1.99805292768311 20
457300 2202.00109780966 2198.36456281409 0.531278224307074 1.99805292768311 20
457301 2203.56540915636 2214.67229436173 0.531278224307074 1.99805292768311 20
457302 2214.9736274422 2228.59779766811 0.531278224307074 1.99805292768311 20
457303 2240.34026720829 2220.54668535677 0.531278224307074 1.99805292768311 20
457304 2227.37389087637 2232.69677640441 0.531278224307074 1.99805292768311 20
457305 2249.08423607583 2244.16075240114 0.531278224307074 1.99805292768311 20
457306 2261.57247989881 2254.99025418214 0.531278224307074 1.99805292768311 20
457307 2263.72085133399 2261.44666277518 0.531278224307074 1.99805292768311 20
457308 2277.84460309768 2277.01132671752 0.531278224307074 1.99805292768311 20
457309 2292.62119590131 2282.06824928833 0.531278224307074 1.99805292768311 20
457310 2308.66709439787 2309.23893437177 0.531278224307074 1.99805292768311 20
457311 2314.27655239165 2312.07137326064 0.531278224307074 1.99805292768311 20
457312 2329.98487836138 2331.87853959724 0.531278224307074 1.99805292768311 20
457313 2319.95779637943 2334.97517824706 0.531278224307074 1.99805292768311 20
457314 2345.47136632318 2344.28700945195 0.531278224307074 1.99805292768311 20
457315 2359.0688713766 2352.17190392253 0.531278224307074 1.99805292768311 20
457316 2361.3564894952 2373.87891534705 0.531278224307074 1.99805292768311 20
457317 2372.85378861263 2379.9161230041 0.531278224307074 1.99805292768311 20
457318 2387.15590153112 2387.12965877831 0.531278224307074 1.99805292768311 20
457319 2398.84850260452 2383.32291484642 0.531278224307074 1.99805292768311 20
457320 2393.26881644528 2406.54073918611 0.531278224307074 1.99805292768311 20
457321 2416.04179103927 2398.93816453649 0.531278224307074 1.99805292768311 20
457322 2409.46481645032 2411.12849952378 0.531278224307074 1.99805292768311 20
457323 2429.05927884997 2418.09586304711 0.531278224307074 1.99805292768311 20
457324 2427.202552297 2425.52774023408 0.531278224307074 1.99805292768311 20
457325 2418.18312218598 2429.97378817726 0.531278224307074 1.99805292768311 20
457326 2424.65205600434 2413.90625088544 0.531278224307074 1.99805292768311 20
457327 2402.90591249027 2413.87540083002 0.531278224307074 1.99805292768311 20
457328 2405.16665801287 2403.13334472284 0.531278224307074 1.99805292768311 20
457329 2406.78335488758 2406.59102950041 0.531278224307074 1.99805292768311 20
457330 2401.40850894815 2395.4872677108 0.531278224307074 1.99805292768311 20
457331 2398.8412662148 2401.7131678589 0.531278224307074 1.99805292768311 20
457332 2396.56869656618 2398.14535526247 0.531278224307074 1.99805292768311 20
457333 2393.96443502412 2401.4542586736 0.531278224307074 1.99805292768311 20
457334 2390.24284344491 2395.5923217948 0.531278224307074 1.99805292768311 20
457335 2399.98629807185 2396.63227432661 0.531278224307074 1.99805292768311 20
457336 2386.36620230105 2390.16776747353 0.531278224307074 1.99805292768311 20
457337 2394.14008319117 2395.392631132 0.531278224307074 1.99805292768311 20
457338 2381.3225793821 2391.5611579269 0.531278224307074 1.99805292768311 20
457339 2375.98177658893 2384.93786252278 0.531278224307074 1.99805292768311 20
457340 2377.28574888628 2374.57222956678 0.531278224307074 1.99805292768311 20
457341 2371.57540239316 2372.93675304025 0.531278224307074 1.99805292768311 20
457342 2360.66607628484 2367.11275296495 0.531278224307074 1.99805292768311 20
457343 2355.38270476448 2346.79759019984 0.531278224307074 1.99805292768311 20
457344 2347.87350314045 2349.38953777879 0.531278224307074 1.99805292768311 20
457345 2341.30359188176 2335.08162338289 0.531278224307074 1.99805292768311 20
457346 2317.94597002029 2323.53213000469 0.531278224307074 1.99805292768311 20
457347 2308.15877322085 2322.8687133819 0.531278224307074 1.99805292768311 20
457348 2308.82598474552 2303.39135648891 0.531278224307074 1.99805292768311 20
457349 2301.14459114612 2304.4072461015 0.531278224307074 1.99805292768311 20
457350 2290.20773333081 2289.96646723609 0.531278224307074 1.99805292768311 20
457351 2289.14428400587 2287.62989713832 0.531278224307074 1.99805292768311 20
457352 2280.16351356764 2284.28514980959 0.531278224307074 1.99805292768311 20
457353 2273.82622376251 2270.47857217177 0.531278224307074 1.99805292768311 20
457354 2255.09629043039 2256.48856380272 0.531278224307074 1.99805292768311 20
457355 2246.73996952863 2252.1376326089 0.531278224307074 1.99805292768311 20
457356 2232.58835244141 2241.83241501078 0.531278224307074 1.99805292768311 20
457357 2228.04488138128 2240.95422252688 0.531278224307074 1.99805292768311 20
457358 2230.56355387243 2225.43289027565 0.531278224307074 1.99805292768311 20
457359 2222.12214386394 2218.3863238735 0.531278224307074 1.99805292768311 20
457360 2213.66904626852 2210.92800164836 0.531278224307074 1.99805292768311 20
457361 2194.45172315074 2199.31437285733 0.531278224307074 1.99805292768311 20
457362 2191.16367035274 2197.97004096356 0.531278224307074 1.99805292768311 20
457363 2194.13745382719 2178.93646531596 0.531278224307074 1.99805292768311 20
457364 2171.62752614568 2176.80371090121 0.531278224307074 1.99805292768311 20
457365 2162.95769924431 2163.7235092399 0.531278224307074 1.99805292768311 20
457366 2158.30042773635 2153.77297144283 0.531278224307074 1.99805292768311 20
457367 2150.52861970467 2149.92497286274 0.531278224307074 1.99805292768311 20
457368 2139.6406772483 2144.05998689179 0.531278224307074 1.99805292768311 20
457369 2131.48286707058 2132.16710560508 0.531278224307074 1.99805292768311 20
457370 2136.75251704911 2140.87357708835 0.531278224307074 1.99805292768311 20
457371 2133.32899466572 2132.00070047828 0.531278224307074 1.99805292768311 20
457372 2132.01130143207 2131.33127240373 0.531278224307074 1.99805292768311 20
457373 2120.0212713862 2138.59595030436 0.531278224307074 1.99805292768311 20
457374 2129.85230267846 2130.96783347441 0.531278224307074 1.99805292768311 20
457375 2118.89258128281 2138.84093646022 0.531278224307074 1.99805292768311 20
457376 2118.24232204833 2133.83620095078 0.531278224307074 1.99805292768311 20
457377 2125.01550512506 2120.47754056194 0.531278224307074 1.99805292768311 20
457378 2127.17140865923 2127.33461001957 0.531278224307074 1.99805292768311 20
457379 2120.55048686999 2123.17374965518 0.531278224307074 1.99805292768311 20
457380 2118.91289356388 2129.62570251223 0.531278224307074 1.99805292768311 20
457381 2112.08277102519 2121.87164075131 0.531278224307074 1.99805292768311 20
457382 2116.09544291415 2114.59010357993 0.531278224307074 1.99805292768311 20
457383 2110.15666982108 2110.81460886908 0.531278224307074 1.99805292768311 20
457384 2117.6851837912 2100.87981818629 0.531278224307074 1.99805292768311 20
457385 2092.50272882276 2096.94312905848 0.531278224307074 1.99805292768311 20
457386 2091.06130951799 2086.20757432219 0.531278224307074 1.99805292768311 20
457387 2080.84859132804 2086.90995613031 0.531278224307074 1.99805292768311 20
457388 2071.38365931896 2084.4821118323 0.531278224307074 1.99805292768311 20
457389 2078.55073763201 2073.61002497938 0.531278224307074 1.99805292768311 20
457390 2054.04897490965 2066.77137529617 0.531278224307074 1.99805292768311 20
457391 2043.48313244817 2047.2085239415 0.531278224307074 1.99805292768311 20
457392 2041.62967630002 2045.13839473408 0.531278224307074 1.99805292768311 20
457393 2036.62031393837 2032.50436620027 0.531278224307074 1.99805292768311 20
457394 2030.54661224977 2033.0010559833 0.531278224307074 1.99805292768311 20
457395 2020.19417942064 2020.62638654918 0.531278224307074 1.99805292768311 20
457396 2007.20077437685 2021.15027179128 0.531278224307074 1.99805292768311 20
457397 2001.84323064508 1988.39040219093 0.531278224307074 1.99805292768311 20
457398 1990.01300987646 1995.46671023042 0.531278224307074 1.99805292768311 20
457399 1984.68959571043 1991.97962740021 0.531278224307074 1.99805292768311 20
457400 1976.81454812485 1981.34135101703 0.531278224307074 1.99805292768311 20
457401 1964.82703355105 1964.42763839298 0.531278224307074 1.99805292768311 20
457402 1951.74245804808 1954.05092652056 0.531278224307074 1.99805292768311 20
457403 1954.35602733622 1950.08353264888 0.531278224307074 1.99805292768311 20
457404 1958.54705234433 1942.26075810795 0.531278224307074 1.99805292768311 20
457405 1945.61185550036 1941.34341136829 0.531278224307074 1.99805292768311 20
457406 1939.61335985509 1939.380981976 0.531278224307074 1.99805292768311 20
457407 1929.21844456996 1936.52368166318 0.531278224307074 1.99805292768311 20
457408 1925.33992031328 1926.19121059495 0.531278224307074 1.99805292768311 20
457409 1916.11549019743 1916.22410764207 0.531278224307074 1.99805292768311 20
457410 1910.68695513661 1914.1009294485 0.531278224307074 1.99805292768311 20
457411 1911.7229242547 1913.08765673911 0.531278224307074 1.99805292768311 20
457412 1904.68017572365 1918.15836870872 0.531278224307074 1.99805292768311 20
457413 1893.52749862571 1907.02283451247 0.531278224307074 1.99805292768311 20
457414 1884.28798365541 1892.3156986207 0.531278224307074 1.99805292768311 20
457415 1881.85605298534 1881.69235336545 0.531278224307074 1.99805292768311 20
457416 1877.33089011617 1875.5965893875 0.531278224307074 1.99805292768311 20
457417 1864.25115413534 1865.09955622689 0.531278224307074 1.99805292768311 20
457418 1861.04443236684 1862.69639758257 0.531278224307074 1.99805292768311 20
457419 1850.41475925395 1857.17320234785 0.531278224307074 1.99805292768311 20
457420 1851.15859488813 1850.10429267032 0.531278224307074 1.99805292768311 20
457421 1835.66709555995 1839.70944355507 0.531278224307074 1.99805292768311 20
457422 1830.95960273441 1829.81085052272 0.531278224307074 1.99805292768311 20
457423 1820.44516016341 1826.98856165428 0.531278224307074 1.99805292768311 20
457424 1803.09600664784 1810.28111215583 0.531278224307074 1.99805292768311 20
457425 1804.28979915619 1803.83869447289 0.531278224307074 1.99805292768311 20
457426 1805.50127888006 1792.66778249975 0.531278224307074 1.99805292768311 20
457427 1793.44092004619 1786.04939406241 0.531278224307074 1.99805292768311 20
457428 1786.5665992615 1785.89768387538 0.531278224307074 1.99805292768311 20
457429 1777.49707423544 1775.77958081264 0.531278224307074 1.99805292768311 20
457430 1772.81262344664 1769.82555272569 0.531278224307074 1.99805292768311 20
457431 1758.15492464373 1755.57615166812 0.531278224307074 1.99805292768311 20
457432 1746.90006926724 1749.69836201694 0.531278224307074 1.99805292768311 20
457433 1744.34653359937 1740.90562049523 0.531278224307074 1.99805292768311 20
457434 1746.44682840961 1726.56730801014 0.531278224307074 1.99805292768311 20
457435 1733.43726900238 1726.12044407867 0.531278224307074 1.99805292768311 20
457436 1724.20603393263 1728.34790094386 0.531278224307074 1.99805292768311 20
457437 1718.96640531386 1713.21280245967 0.531278224307074 1.99805292768311 20
457438 1713.73250528104 1714.77203391297 0.531278224307074 1.99805292768311 20
457439 1705.36020041414 1710.48009482763 0.531278224307074 1.99805292768311 20
457440 1702.8737954416 1691.12337464103 0.531278224307074 1.99805292768311 20
457441 1685.13962156781 1691.73219467049 0.531278224307074 1.99805292768311 20
457442 1690.47565269871 1689.21651861043 0.531278224307074 1.99805292768311 20
457443 1685.16299498044 1683.36064850379 0.531278224307074 1.99805292768311 20
457444 1677.36202686367 1675.13169022104 0.531278224307074 1.99805292768311 20
457445 1665.37976245996 1670.61199001081 0.531278224307074 1.99805292768311 20
457446 1680.99063076352 1674.91599555481 0.531278224307074 1.99805292768311 20
457447 1663.57086405929 1666.46118571243 0.531278224307074 1.99805292768311 20
457448 1646.5186664731 1655.44682812925 0.531278224307074 1.99805292768311 20
457449 1653.38629573603 1657.29421732819 0.531278224307074 1.99805292768311 20
457450 1642.44812056274 1634.11424726165 0.531278224307074 1.99805292768311 20
457451 1630.3490522835 1632.55049200504 0.531278224307074 1.99805292768311 20
457452 1631.94141408589 1626.63985797068 0.531278224307074 1.99805292768311 20
457453 1620.93834374273 1613.69105779102 0.531278224307074 1.99805292768311 20
457454 1607.09161899409 1604.0133522745 0.531278224307074 1.99805292768311 20
457455 1591.68577427595 1599.59355038243 0.531278224307074 1.99805292768311 20
457456 1603.03641981262 1587.98095266803 0.531278224307074 1.99805292768311 20
457457 1579.93153780719 1577.19799510533 0.531278224307074 1.99805292768311 20
457458 1578.84836393723 1570.23215169362 0.531278224307074 1.99805292768311 20
457459 1565.45846883299 1548.48110961407 0.531278224307074 1.99805292768311 20
457460 1551.36498082115 1558.05567926855 0.531278224307074 1.99805292768311 20
457461 1543.02843855245 1544.15004667394 0.531278224307074 1.99805292768311 20
457462 1518.13159711471 1528.66772824435 0.531278224307074 1.99805292768311 20
457463 1514.67441144087 1508.40224117459 0.531278224307074 1.99805292768311 20
457464 1510.47757959577 1500.3793812181 0.531278224307074 1.99805292768311 20
457465 1501.90692501669 1492.62975201303 0.531278224307074 1.99805292768311 20
457466 1494.98710085138 1488.69070208255 0.531278224307074 1.99805292768311 20
457467 1485.92280479824 1474.62194650469 0.531278224307074 1.99805292768311 20
457468 1474.82400027701 1464.83978444461 0.531278224307074 1.99805292768311 20
457469 1461.06211228447 1457.10193721244 0.531278224307074 1.99805292768311 20
457470 1454.48586752054 1450.55147677777 0.531278224307074 1.99805292768311 20
457471 1444.90427539685 1442.64902685767 0.531278224307074 1.99805292768311 20
457472 1438.74397222781 1435.37695608153 0.531278224307074 1.99805292768311 20
457473 1421.8920508825 1429.2662263283 0.531278224307074 1.99805292768311 20
457474 1420.36763732492 1426.39061980811 0.531278224307074 1.99805292768311 20
457475 1419.63260949388 1418.31824242252 0.531278224307074 1.99805292768311 20
457476 1414.26021179081 1411.88254327855 0.531278224307074 1.99805292768311 20
457477 1397.19367996851 1397.85921207794 0.531278224307074 1.99805292768311 20
457478 1384.66405739443 1386.00528061336 0.531278224307074 1.99805292768311 20
457479 1379.97237409797 1388.35879453695 0.531278224307074 1.99805292768311 20
457480 1379.50364043858 1376.01838903684 0.531278224307074 1.99805292768311 20
457481 1365.08315084387 1362.76272141332 0.531278224307074 1.99805292768311 20
457482 1355.77073334477 1352.83145862015 0.531278224307074 1.99805292768311 20
457483 1342.83843582463 1350.11500598052 0.531278224307074 1.99805292768311 20
457484 1327.22992052922 1332.84714015444 0.531278224307074 1.99805292768311 20
457485 1321.86617736023 1318.64648109534 0.531278224307074 1.99805292768311 20
457486 1316.6207997237 1318.4476929082 0.531278224307074 1.99805292768311 20
457487 1302.570626864 1310.72287239553 0.531278224307074 1.99805292768311 20
457488 1300.45829547927 1304.94576021614 0.531278224307074 1.99805292768311 20
457489 1294.36793192136 1284.14955624532 0.531278224307074 1.99805292768311 20
457490 1280.42844010225 1269.89733072548 0.531278224307074 1.99805292768311 20
457491 1265.19272162385 1267.57832770456 0.531278224307074 1.99805292768311 20
457492 1258.7417819058 1261.20557353875 0.531278224307074 1.99805292768311 20
457493 1252.70315827631 1244.15349097039 0.531278224307074 1.99805292768311 20
457494 1238.28511811524 1243.94970116785 0.531278224307074 1.99805292768311 20
457495 1230.93390184277 1233.83500981945 0.531278224307074 1.99805292768311 20
457496 1213.55507782234 1229.43972080833 0.531278224307074 1.99805292768311 20
457497 1207.20338141089 1211.89634191963 0.531278224307074 1.99805292768311 20
457498 1200.94881860254 1196.12844574886 0.531278224307074 1.99805292768311 20
457499 1186.26033377275 1198.59244789078 0.531278224307074 1.99805292768311 20
457500 1180.37135946508 1182.84607757326 0.531278224307074 1.99805292768311 20
457501 1174.42272766536 1178.0376446901 0.531278224307074 1.99805292768311 20
457502 1160.26463097398 1160.81154765273 0.531278224307074 1.99805292768311 20
457503 1161.42019862005 1158.12319742288 0.531278224307074 1.99805292768311 20
457504 1152.63756950899 1147.11375457922 0.531278224307074 1.99805292768311 20
457505 1140.05867662854 1132.99612216778 0.531278224307074 1.99805292768311 20
457506 1129.55381298462 1124.85862459241 0.531278224307074 1.99805292768311 20
457507 1124.55544192765 1123.62708109091 0.531278224307074 1.99805292768311 20
457508 1114.22059900558 1115.55148939836 0.531278224307074 1.99805292768311 20
457509 1112.8100360329 1096.29403124617 0.531278224307074 1.99805292768311 20
457510 1099.85838132796 1095.65415854629 0.531278224307074 1.99805292768311 20
457511 1091.56338843195 1096.35048375153 0.531278224307074 1.99805292768311 20
457512 1088.83895302872 1081.961934406 0.531278224307074 1.99805292768311 20
457513 1082.78120688845 1082.43836654144 0.531278224307074 1.99805292768311 20
457514 1074.35657409623 1064.6227062567 0.531278224307074 1.99805292768311 20
457515 1061.15490731365 1062.21037499988 0.531278224307074 1.99805292768311 20
457516 1053.83578909551 1048.0621060036 0.531278224307074 1.99805292768311 20
457517 1047.79707549282 1051.50355251455 0.531278224307074 1.99805292768311 20
457518 1028.07737654855 1044.55212917071 0.531278224307074 1.99805292768311 20
457519 1033.42907445874 1022.62942036474 0.531278224307074 1.99805292768311 20
457520 1020.25898887781 1020.45981718847 0.531278224307074 1.99805292768311 20
457521 1022.05728047026 1009.96198110193 0.531278224307074 1.99805292768311 20
457522 1005.11985792208 1001.98651288211 0.531278224307074 1.99805292768311 20
457523 1001.86585887213 994.388757928226 0.531278224307074 1.99805292768311 20
457524 987.586340137524 991.72976871459 0.531278224307074 1.99805292768311 20
457525 994.135389621535 982.479872690529 0.531278224307074 1.99805292768311 20
457526 981.227537366348 975.600612446275 0.531278224307074 1.99805292768311 20
457527 972.528904899258 971.579036027214 0.531278224307074 1.99805292768311 20
457528 957.22339972706 961.637911207936 0.531278224307074 1.99805292768311 20
457529 950.659964087674 952.0869272848 0.531278224307074 1.99805292768311 20
457530 949.884984660833 953.117203102838 0.531278224307074 1.99805292768311 20
457531 945.780555538697 929.361515222009 0.531278224307074 1.99805292768311 20
457532 929.910902385641 932.350192978233 0.531278224307074 1.99805292768311 20
457533 925.056400266376 922.610904543618 0.531278224307074 1.99805292768311 20
457534 910.120506443329 922.381223575011 0.531278224307074 1.99805292768311 20
457535 914.86972719997 905.40834913819 0.531278224307074 1.99805292768311 20
457536 909.626445363645 902.002790203955 0.531278224307074 1.99805292768311 20
457537 899.104784878966 899.355411458838 0.531278224307074 1.99805292768311 20
457538 889.858948889741 893.932018702442 0.531278224307074 1.99805292768311 20
457539 883.000993861904 886.757199606513 0.531278224307074 1.99805292768311 20
457540 874.57171938175 880.225450412141 0.531278224307074 1.99805292768311 20
457541 873.648988195266 868.841949431268 0.531278224307074 1.99805292768311 20
457542 866.601272565631 868.515351488961 0.531278224307074 1.99805292768311 20
457543 866.474069031608 863.785880597221 0.531278224307074 1.99805292768311 20
457544 863.783086970549 859.505104165584 0.531278224307074 1.99805292768311 20
457545 850.072538274426 861.793496360515 0.531278224307074 1.99805292768311 20
457546 842.810281986313 849.099856927166 0.531278224307074 1.99805292768311 20
457547 853.271731954144 850.180507815604 0.531278224307074 1.99805292768311 20
457548 855.989705525591 846.024859226349 0.531278224307074 1.99805292768311 20
457549 849.823588441296 845.875464948342 0.531278224307074 1.99805292768311 20
457550 852.529857982546 860.312209593592 0.531278224307074 1.99805292768311 20
457551 867.026083578433 861.275849761261 0.531278224307074 1.99805292768311 20
457552 873.310192512186 872.416756347207 0.531278224307074 1.99805292768311 20
457553 883.310747218117 883.099732521816 0.531278224307074 1.99805292768311 20
457554 896.741505185866 897.572057613098 0.531278224307074 1.99805292768311 20
457555 907.221649026851 907.988196397053 0.531278224307074 1.99805292768311 20
457556 904.900528302067 903.062998638009 0.531278224307074 1.99805292768311 20
457557 923.663041645332 921.372448388579 0.531278224307074 1.99805292768311 20
457558 927.998815667342 934.505446952848 0.531278224307074 1.99805292768311 20
457559 932.435747321339 945.869518831512 0.531278224307074 1.99805292768311 20
457560 945.862558809769 949.540770498091 0.531278224307074 1.99805292768311 20
457561 948.010943988592 960.095366341991 0.531278224307074 1.99805292768311 20
457562 969.271323979991 962.492407452069 0.531278224307074 1.99805292768311 20
457563 971.288736967458 974.034331598701 0.531278224307074 1.99805292768311 20
457564 976.137061844304 987.158745829432 0.531278224307074 1.99805292768311 20
457565 993.500653245913 992.372366409377 0.531278224307074 1.99805292768311 20
457566 991.418407621295 998.047392513816 0.531278224307074 1.99805292768311 20
457567 1017.89036607016 1009.64291749215 0.531278224307074 1.99805292768311 20
457568 1019.34146161853 1018.61712973947 0.531278224307074 1.99805292768311 20
457569 1028.4933012174 1032.43783904654 0.531278224307074 1.99805292768311 20
457570 1038.5676669049 1044.67137557697 0.531278224307074 1.99805292768311 20
457571 1049.2000026288 1048.64958468406 0.531278224307074 1.99805292768311 20
457572 1065.67689540053 1075.5285156451 0.531278224307074 1.99805292768311 20
457573 1079.29003824912 1077.15835332349 0.531278224307074 1.99805292768311 20
457574 1089.78449442042 1094.90316502453 0.531278224307074 1.99805292768311 20
457575 1100.2278906111 1107.30789634189 0.531278224307074 1.99805292768311 20
457576 1116.42498530618 1105.78251533295 0.531278224307074 1.99805292768311 20
457577 1121.85961653576 1120.8522211204 0.531278224307074 1.99805292768311 20
457578 1133.94753780694 1137.17854826513 0.531278224307074 1.99805292768311 20
457579 1143.83322079953 1149.85755840301 0.531278224307074 1.99805292768311 20
457580 1165.67248688777 1158.81923184831 0.531278224307074 1.99805292768311 20
457581 1166.25604432691 1166.09916388526 0.531278224307074 1.99805292768311 20
457582 1166.34378046144 1175.53814087519 0.531278224307074 1.99805292768311 20
457583 1178.29581807369 1181.15996836209 0.531278224307074 1.99805292768311 20
457584 1179.67001746235 1174.87014344541 0.531278224307074 1.99805292768311 20
457585 1193.44426752255 1182.45985369886 0.531278224307074 1.99805292768311 20
457586 1194.85474437682 1191.47893858581 0.531278224307074 1.99805292768311 20
457587 1200.05147086766 1179.99023716036 0.531278224307074 1.99805292768311 20
457588 1195.36589061728 1189.01288145488 0.531278224307074 1.99805292768311 20
457589 1194.0739615932 1199.75982497884 0.531278224307074 1.99805292768311 20
457590 1204.13143287214 1197.72006528493 0.531278224307074 1.99805292768311 20
457591 1194.84063552555 1192.45345281918 0.531278224307074 1.99805292768311 20
457592 1210.93666031268 1198.6998350346 0.531278224307074 1.99805292768311 20
457593 1197.89004094307 1202.22187488403 0.531278224307074 1.99805292768311 20
457594 1191.45711876426 1196.26293794745 0.531278224307074 1.99805292768311 20
457595 1208.65058596399 1193.98738254082 0.531278224307074 1.99805292768311 20
457596 1190.21203799753 1199.80712931128 0.531278224307074 1.99805292768311 20
457597 1203.5774456556 1190.82104488656 0.531278224307074 1.99805292768311 20
457598 1196.66860434792 1187.42167257396 0.531278224307074 1.99805292768311 20
457599 1200.39066685057 1199.07811739341 0.531278224307074 1.99805292768311 20
457600 1204.48005822563 1191.75703068098 0.531278224307074 1.99805292768311 20
457601 1204.16235987518 1192.83474413438 0.531278224307074 1.99805292768311 20
457602 1202.58091746387 1196.80203201441 0.531278224307074 1.99805292768311 20
457603 1196.39779891049 1197.15837166582 0.531278224307074 1.99805292768311 20
457604 1200.24262124226 1193.95890008103 0.531278224307074 1.99805292768311 20
457605 1192.68057743534 1198.09484454859 0.531278224307074 1.99805292768311 20
457606 1198.97834667254 1198.49543666732 0.531278224307074 1.99805292768311 20
457607 1199.16360402859 1194.62496095049 0.531278224307074 1.99805292768311 20
457608 1201.56198770258 1190.44517801502 0.531278224307074 1.99805292768311 20
457609 1196.05533092413 1197.86827081474 0.531278224307074 1.99805292768311 20
457610 1195.94462616998 1187.14798647216 0.531278224307074 1.99805292768311 20
457611 1199.91597982186 1187.89757430359 0.531278224307074 1.99805292768311 20
457612 1197.17767806144 1190.77974568605 0.531278224307074 1.99805292768311 20
457613 1197.41118929138 1190.57452815243 0.531278224307074 1.99805292768311 20
457614 1194.92886509664 1188.30299884624 0.531278224307074 1.99805292768311 20
457615 1208.33004192741 1199.22974385473 0.531278224307074 1.99805292768311 20
457616 1200.39943598198 1197.56742246279 0.531278224307074 1.99805292768311 20
457617 1204.0512893074 1198.30742248988 0.531278224307074 1.99805292768311 20
457618 1202.36862496151 1202.7876769432 0.531278224307074 1.99805292768311 20
457619 1191.08777207481 1199.86772974389 0.531278224307074 1.99805292768311 20
457620 1205.7842875228 1196.69307999941 0.531278224307074 1.99805292768311 20
457621 1200.81584997213 1195.93362059681 0.531278224307074 1.99805292768311 20
457622 1200.44267693651 1202.11520114015 0.531278224307074 1.99805292768311 20
457623 1192.44606624685 1203.19650751686 0.531278224307074 1.99805292768311 20
457624 1202.33379937416 1202.007948364 0.531278224307074 1.99805292768311 20
457625 1195.92107405454 1194.26175998216 0.531278224307074 1.99805292768311 20
457626 1194.25915468347 1201.02607612278 0.531278224307074 1.99805292768311 20
457627 1201.59710382764 1198.63183219962 0.531278224307074 1.99805292768311 20
457628 1190.44613890891 1200.33472982564 0.531278224307074 1.99805292768311 20
457629 1199.96279656195 1193.44990127463 0.531278224307074 1.99805292768311 20
457630 1191.72397822474 1188.12181644462 0.531278224307074 1.99805292768311 20
457631 1186.42150848107 1194.85322984812 0.531278224307074 1.99805292768311 20
457632 1193.72564222059 1198.15877914074 0.531278224307074 1.99805292768311 20
457633 1202.32447781268 1199.26616703115 0.531278224307074 1.99805292768311 20
457634 1197.78518749636 1199.84206850771 0.531278224307074 1.99805292768311 20
457635 1197.71586010545 1200.25293470795 0.531278224307074 1.99805292768311 20
457636 1195.87143405002 1201.0661601556 0.531278224307074 1.99805292768311 20
457637 1202.47479061781 1199.11072578984 0.531278224307074 1.99805292768311 20
457638 1190.95672071144 1197.53716820649 0.531278224307074 1.99805292768311 20
457639 1190.18332096303 1193.40149364164 0.531278224307074 1.99805292768311 20
457640 1191.32472421125 1191.81818669711 0.531278224307074 1.99805292768311 20
457641 1190.25400299817 1199.88638793648 0.531278224307074 1.99805292768311 20
457642 1192.56187038843 1200.91143923975 0.531278224307074 1.99805292768311 20
457643 1197.62821931504 1204.00774277209 0.531278224307074 1.99805292768311 20
457644 1198.48253454757 1211.81937778601 0.531278224307074 1.99805292768311 20
457645 1217.93845835011 1209.97165468959 0.531278224307074 1.99805292768311 20
457646 1212.50375565012 1220.42411494399 0.531278224307074 1.99805292768311 20
457647 1226.96282026363 1223.09849334543 0.531278224307074 1.99805292768311 20
457648 1226.60892430106 1233.88086562095 0.531278224307074 1.99805292768311 20
457649 1234.94507112898 1242.46214637101 0.531278224307074 1.99805292768311 20
457650 1242.20713494944 1248.42160368637 0.531278224307074 1.99805292768311 20
457651 1260.56119015387 1254.3437720776 0.531278224307074 1.99805292768311 20
457652 1263.27392686682 1272.46339272413 0.531278224307074 1.99805292768311 20
457653 1274.49031458799 1279.32049768997 0.531278224307074 1.99805292768311 20
457654 1293.11432702128 1286.35067785107 0.531278224307074 1.99805292768311 20
457655 1301.04127552687 1307.94839083259 0.531278224307074 1.99805292768311 20
457656 1312.72018623624 1306.47093278136 0.531278224307074 1.99805292768311 20
457657 1322.66184937492 1328.1831038269 0.531278224307074 1.99805292768311 20
457658 1331.36894603832 1334.4319671415 0.531278224307074 1.99805292768311 20
457659 1346.60858109941 1343.26593336129 0.531278224307074 1.99805292768311 20
457660 1359.53035825513 1354.58721955465 0.531278224307074 1.99805292768311 20
457661 1377.83131940169 1373.82307706383 0.531278224307074 1.99805292768311 20
457662 1382.48071319876 1379.90418264283 0.531278224307074 1.99805292768311 20
457663 1395.72334868482 1406.64282606973 0.531278224307074 1.99805292768311 20
457664 1416.9315750312 1405.02717371172 0.531278224307074 1.99805292768311 20
457665 1431.25614641785 1421.86332664275 0.531278224307074 1.99805292768311 20
457666 1433.15235473284 1447.08838829429 0.531278224307074 1.99805292768311 20
457667 1451.53255338126 1458.1510508143 0.531278224307074 1.99805292768311 20
457668 1460.55638102735 1450.36915394461 0.531278224307074 1.99805292768311 20
457669 1485.87798475036 1461.12859123124 0.531278224307074 1.99805292768311 20
457670 1495.52006683054 1484.51880623279 0.531278224307074 1.99805292768311 20
457671 1511.62366031024 1492.60100032949 0.531278224307074 1.99805292768311 20
457672 1509.66974312592 1507.48895664245 0.531278224307074 1.99805292768311 20
457673 1532.21394911843 1528.20313655353 0.531278224307074 1.99805292768311 20
457674 1538.52678506586 1540.73680252665 0.531278224307074 1.99805292768311 20
457675 1551.00445182999 1555.23120346839 0.531278224307074 1.99805292768311 20
457676 1563.24878493802 1567.13063389438 0.531278224307074 1.99805292768311 20
457677 1584.1728945952 1585.33843550199 0.531278224307074 1.99805292768311 20
457678 1581.63182097212 1583.84944174498 0.531278224307074 1.99805292768311 20
457679 1614.47852963925 1604.20739289693 0.531278224307074 1.99805292768311 20
457680 1624.75709505576 1622.16826764554 0.531278224307074 1.99805292768311 20
457681 1630.14058125442 1633.44032487165 0.531278224307074 1.99805292768311 20
457682 1638.59003630608 1637.90352637167 0.531278224307074 1.99805292768311 20
457683 1658.55400047528 1662.29699463769 0.531278224307074 1.99805292768311 20
457684 1673.32500373778 1663.25147710963 0.531278224307074 1.99805292768311 20
457685 1674.40258857946 1675.87337899238 0.531278224307074 1.99805292768311 20
457686 1684.27504468757 1691.8125405249 0.531278224307074 1.99805292768311 20
457687 1696.58632127704 1706.20638116828 0.531278224307074 1.99805292768311 20
457688 1714.71969479447 1704.04781765427 0.531278224307074 1.99805292768311 20
457689 1706.12775391446 1707.89425434647 0.531278224307074 1.99805292768311 20
457690 1722.36388331193 1729.8908342905 0.531278224307074 1.99805292768311 20
457691 1736.53834640276 1733.36301581497 0.531278224307074 1.99805292768311 20
457692 1739.67688915715 1734.02611198912 0.531278224307074 1.99805292768311 20
457693 1748.45036781202 1745.86005336553 0.531278224307074 1.99805292768311 20
457694 1759.39201322649 1759.5410348799 0.531278224307074 1.99805292768311 20
457695 1757.18531882732 1762.15208589618 0.531278224307074 1.99805292768311 20
457696 1758.38163401428 1768.52824002149 0.531278224307074 1.99805292768311 20
457697 1777.73604880489 1769.45899051576 0.531278224307074 1.99805292768311 20
457698 1774.68244360649 1780.36889224163 0.531278224307074 1.99805292768311 20
457699 1778.2838385612 1773.7335483654 0.531278224307074 1.99805292768311 20
457700 1776.95566045029 1773.05650737529 0.531278224307074 1.99805292768311 20
457701 1780.79328521621 1777.61311198419 0.531278224307074 1.99805292768311 20
457702 1775.06979838137 1786.55784971074 0.531278224307074 1.99805292768311 20
457703 1780.23548123755 1784.50397979727 0.531278224307074 1.99805292768311 20
457704 1781.89316400691 1779.99903881391 0.531278224307074 1.99805292768311 20
457705 1799.90203290005 1781.50925726617 0.531278224307074 1.99805292768311 20
457706 1801.33912505336 1792.57215516195 0.531278224307074 1.99805292768311 20
457707 1796.62592113262 1792.02573847635 0.531278224307074 1.99805292768311 20
457708 1797.91170010598 1799.49163070795 0.531278224307074 1.99805292768311 20
457709 1792.76806227905 1797.77536824038 0.531278224307074 1.99805292768311 20
457710 1797.16607713031 1801.00969582732 0.531278224307074 1.99805292768311 20
457711 1797.43692741794 1807.23387823889 0.531278224307074 1.99805292768311 20
457712 1802.05933412477 1797.33482771646 0.531278224307074 1.99805292768311 20
457713 1806.46430525274 1808.48003020715 0.531278224307074 1.99805292768311 20
457714 1808.60233137927 1814.99541779325 0.531278224307074 1.99805292768311 20
457715 1826.51922930029 1815.53818089046 0.531278224307074 1.99805292768311 20
457716 1814.28775210733 1827.65983161674 0.531278224307074 1.99805292768311 20
457717 1817.79385969489 1826.34451549262 0.531278224307074 1.99805292768311 20
457718 1834.90942055493 1826.80228040465 0.531278224307074 1.99805292768311 20
457719 1824.56652219541 1822.98407210857 0.531278224307074 1.99805292768311 20
457720 1838.79476471724 1825.37790643832 0.531278224307074 1.99805292768311 20
457721 1832.94938770153 1830.37333667087 0.531278224307074 1.99805292768311 20
457722 1833.57563659029 1835.2407132734 0.531278224307074 1.99805292768311 20
457723 1834.64421287451 1835.228548743 0.531278224307074 1.99805292768311 20
457724 1838.40888426123 1843.83421958761 0.531278224307074 1.99805292768311 20
457725 1847.53323582207 1842.53653122564 0.531278224307074 1.99805292768311 20
457726 1847.87166067887 1848.85390574371 0.531278224307074 1.99805292768311 20
457727 1850.76330251698 1844.40009533453 0.531278224307074 1.99805292768311 20
457728 1848.63769465727 1844.45893610191 0.531278224307074 1.99805292768311 20
457729 1849.2119004372 1850.86851487172 0.531278224307074 1.99805292768311 20
457730 1837.53367390743 1841.24453149841 0.531278224307074 1.99805292768311 20
457731 1837.60654675026 1831.56575437022 0.531278224307074 1.99805292768311 20
457732 1818.75932386478 1830.80167380824 0.531278224307074 1.99805292768311 20
457733 1823.16806186455 1816.75572853657 0.531278224307074 1.99805292768311 20
457734 1811.9488185968 1810.88616789298 0.531278224307074 1.99805292768311 20
457735 1799.47099541909 1805.39731608186 0.531278224307074 1.99805292768311 20
457736 1788.70245323402 1798.67727452308 0.531278224307074 1.99805292768311 20
457737 1785.42092589721 1777.90377133971 0.531278224307074 1.99805292768311 20
457738 1769.45055184612 1774.03840232754 0.531278224307074 1.99805292768311 20
457739 1759.96353540068 1767.81623878006 0.531278224307074 1.99805292768311 20
457740 1752.32628513185 1749.72609178854 0.531278224307074 1.99805292768311 20
457741 1747.49762835834 1740.47664511923 0.531278224307074 1.99805292768311 20
457742 1729.24228162858 1731.96020547194 0.531278224307074 1.99805292768311 20
457743 1722.00746153933 1720.07062150576 0.531278224307074 1.99805292768311 20
457744 1716.02508369084 1710.63277911733 0.531278224307074 1.99805292768311 20
457745 1704.95790973699 1699.66333384523 0.531278224307074 1.99805292768311 20
457746 1691.7360039326 1693.45500721375 0.531278224307074 1.99805292768311 20
457747 1689.35219987874 1684.24258955171 0.531278224307074 1.99805292768311 20
457748 1668.50031819565 1672.43844834207 0.531278224307074 1.99805292768311 20
457749 1661.74315632896 1655.49876866535 0.531278224307074 1.99805292768311 20
457750 1662.75240817625 1653.70674242486 0.531278224307074 1.99805292768311 20
457751 1658.27501197258 1652.45919317348 0.531278224307074 1.99805292768311 20
457752 1641.63765836465 1650.97529041409 0.531278224307074 1.99805292768311 20
457753 1642.50183737556 1646.65755326949 0.531278224307074 1.99805292768311 20
457754 1654.13229620634 1646.2035748925 0.531278224307074 1.99805292768311 20
457755 1645.11785027901 1644.7403070203 0.531278224307074 1.99805292768311 20
457756 1633.48379284187 1639.22361534044 0.531278224307074 1.99805292768311 20
457757 1634.34138605716 1648.91058956947 0.531278224307074 1.99805292768311 20
457758 1633.03966469992 1633.39671794889 0.531278224307074 1.99805292768311 20
457759 1631.10313008823 1629.9930516886 0.531278224307074 1.99805292768311 20
457760 1636.48041335593 1627.08793153348 0.531278224307074 1.99805292768311 20
457761 1616.32133060698 1616.1694806924 0.531278224307074 1.99805292768311 20
457762 1612.39056570837 1614.41267584097 0.531278224307074 1.99805292768311 20
457763 1604.95941566315 1612.0092004529 0.531278224307074 1.99805292768311 20
457764 1611.3067420927 1602.85107244178 0.531278224307074 1.99805292768311 20
457765 1597.03691897463 1597.51550357818 0.531278224307074 1.99805292768311 20
457766 1585.80116238174 1589.54446243727 0.531278224307074 1.99805292768311 20
457767 1580.66140522467 1574.0615051496 0.531278224307074 1.99805292768311 20
457768 1572.13035536353 1568.41173605436 0.531278224307074 1.99805292768311 20
457769 1560.94601800342 1559.37363274285 0.531278224307074 1.99805292768311 20
457770 1554.32725851483 1543.92038007554 0.531278224307074 1.99805292768311 20
457771 1543.07689126015 1539.08410818741 0.531278224307074 1.99805292768311 20
457772 1531.31288727692 1525.31304768544 0.531278224307074 1.99805292768311 20
457773 1520.96833555793 1526.80899149638 0.531278224307074 1.99805292768311 20
457774 1521.07235777169 1516.90626832938 0.531278224307074 1.99805292768311 20
457775 1512.89880178844 1499.62782839556 0.531278224307074 1.99805292768311 20
457776 1496.23183280564 1484.71246651231 0.531278224307074 1.99805292768311 20
457777 1481.87329742955 1484.30687594494 0.531278224307074 1.99805292768311 20
457778 1468.28129609463 1478.63278019276 0.531278224307074 1.99805292768311 20
457779 1456.46393591462 1464.82822229152 0.531278224307074 1.99805292768311 20
457780 1453.81761630094 1461.28979763311 0.531278224307074 1.99805292768311 20
457781 1441.61919017239 1450.2489940701 0.531278224307074 1.99805292768311 20
457782 1449.15220384092 1433.02695628166 0.531278224307074 1.99805292768311 20
457783 1431.14831646449 1422.89358261097 0.531278224307074 1.99805292768311 20
457784 1419.22884312344 1431.9641215712 0.531278224307074 1.99805292768311 20
457785 1426.9605887719 1416.43951381645 0.531278224307074 1.99805292768311 20
457786 1412.20012664585 1404.87876467243 0.531278224307074 1.99805292768311 20
457787 1403.04162645012 1394.49091791187 0.531278224307074 1.99805292768311 20
457788 1395.38720783218 1387.0049152925 0.531278224307074 1.99805292768311 20
457789 1389.9386571559 1386.87762332878 0.531278224307074 1.99805292768311 20
457790 1374.46886146653 1387.45194826 0.531278224307074 1.99805292768311 20
457791 1369.66049306629 1374.71814338826 0.531278224307074 1.99805292768311 20
457792 1363.1773377611 1368.3061043 0.531278224307074 1.99805292768311 20
457793 1365.01785296057 1366.80834372978 0.531278224307074 1.99805292768311 20
457794 1344.60865580254 1354.12046284388 0.531278224307074 1.99805292768311 20
457795 1339.59885159577 1346.64083332417 0.531278224307074 1.99805292768311 20
457796 1332.65152273628 1329.25017306346 0.531278224307074 1.99805292768311 20
457797 1325.62587678487 1335.6182719222 0.531278224307074 1.99805292768311 20
457798 1320.79208729158 1314.71400355629 0.531278224307074 1.99805292768311 20
457799 1305.43406221865 1304.06973744974 0.531278224307074 1.99805292768311 20
457800 1298.46965286487 1302.32948205546 0.531278224307074 1.99805292768311 20
457801 1291.27386359053 1283.68095336293 0.531278224307074 1.99805292768311 20
457802 1289.87522802221 1276.27980597205 0.531278224307074 1.99805292768311 20
457803 1273.00567305348 1271.2090355849 0.531278224307074 1.99805292768311 20
457804 1266.44041042127 1258.94255082926 0.531278224307074 1.99805292768311 20
457805 1245.66913877743 1256.28385850456 0.531278224307074 1.99805292768311 20
457806 1250.60356094782 1251.58300249425 0.531278224307074 1.99805292768311 20
457807 1236.47605542921 1244.46937873312 0.531278224307074 1.99805292768311 20
457808 1226.32002653963 1230.997127325 0.531278224307074 1.99805292768311 20
457809 1229.89761198422 1219.21912199005 0.531278224307074 1.99805292768311 20
457810 1211.64403047566 1201.21201068866 0.531278224307074 1.99805292768311 20
457811 1202.89525692543 1192.12570196514 0.531278224307074 1.99805292768311 20
457812 1196.63711892696 1194.18299821108 0.531278224307074 1.99805292768311 20
457813 1172.92006633045 1177.6689520143 0.531278224307074 1.99805292768311 20
457814 1170.13843201063 1174.53809034189 0.531278224307074 1.99805292768311 20
457815 1158.02399145285 1155.86625813715 0.531278224307074 1.99805292768311 20
457816 1150.16576663107 1150.86039415234 0.531278224307074 1.99805292768311 20
457817 1142.1192659499 1129.2319236532 0.531278224307074 1.99805292768311 20
457818 1131.00941793564 1131.95120820836 0.531278224307074 1.99805292768311 20
457819 1114.50728294698 1119.38781453027 0.531278224307074 1.99805292768311 20
457820 1115.39475798944 1119.66910656875 0.531278224307074 1.99805292768311 20
457821 1103.67030885451 1107.37870523517 0.531278224307074 1.99805292768311 20
457822 1085.13457157627 1099.12224256099 0.531278224307074 1.99805292768311 20
457823 1085.63497344201 1094.32791606609 0.531278224307074 1.99805292768311 20
457824 1086.45913485108 1086.61663313593 0.531278224307074 1.99805292768311 20
457825 1077.50541743111 1071.03094159584 0.531278224307074 1.99805292768311 20
457826 1079.87942291469 1073.48164519232 0.531278224307074 1.99805292768311 20
457827 1070.73748959211 1070.2326756363 0.531278224307074 1.99805292768311 20
457828 1070.91355402418 1058.26816547417 0.531278224307074 1.99805292768311 20
457829 1059.72819658568 1061.7142660464 0.531278224307074 1.99805292768311 20
457830 1060.7752385838 1061.87769603067 0.531278224307074 1.99805292768311 20
457831 1068.13282135607 1058.80267281183 0.531278224307074 1.99805292768311 20
457832 1054.47350644868 1053.97407185025 0.531278224307074 1.99805292768311 20
457833 1050.27028248754 1060.73438069182 0.531278224307074 1.99805292768311 20
457834 1048.76308717526 1055.6005683647 0.531278224307074 1.99805292768311 20
457835 1053.06986410456 1047.12391842054 0.531278224307074 1.99805292768311 20
457836 1052.03652050691 1054.39672113066 0.531278224307074 1.99805292768311 20
457837 1058.7386858557 1055.62037294278 0.531278224307074 1.99805292768311 20
457838 1035.03174251158 1035.55092769582 0.531278224307074 1.99805292768311 20
457839 1050.81498667011 1047.96557991969 0.531278224307074 1.99805292768311 20
457840 1044.78111087155 1047.5507994209 0.531278224307074 1.99805292768311 20
457841 1049.47470518382 1053.87553752873 0.531278224307074 1.99805292768311 20
457842 1051.17660667539 1048.05244586518 0.531278224307074 1.99805292768311 20
457843 1052.20828769877 1056.78981072149 0.531278224307074 1.99805292768311 20
457844 1059.21946268812 1059.94411492642 0.531278224307074 1.99805292768311 20
457845 1066.57040819372 1060.16926579747 0.531278224307074 1.99805292768311 20
457846 1061.29099504265 1071.33546254796 0.531278224307074 1.99805292768311 20
457847 1079.30296028613 1073.97024147271 0.531278224307074 1.99805292768311 20
457848 1088.38558304684 1080.28077955201 0.531278224307074 1.99805292768311 20
457849 1093.51803674904 1086.96939973292 0.531278224307074 1.99805292768311 20
457850 1098.79618760664 1095.14571974026 0.531278224307074 1.99805292768311 20
457851 1102.31904912642 1101.5347521739 0.531278224307074 1.99805292768311 20
457852 1114.03951994682 1113.93940491405 0.531278224307074 1.99805292768311 20
457853 1120.00795727659 1121.28439518597 0.531278224307074 1.99805292768311 20
457854 1116.86401014617 1118.36304630919 0.531278224307074 1.99805292768311 20
457855 1129.14536291784 1137.93138473147 0.531278224307074 1.99805292768311 20
457856 1154.72848129866 1145.41588251858 0.531278224307074 1.99805292768311 20
457857 1149.51708671778 1160.40551795183 0.531278224307074 1.99805292768311 20
457858 1166.22208417046 1157.03032512276 0.531278224307074 1.99805292768311 20
457859 1168.4740078438 1162.5021517339 0.531278224307074 1.99805292768311 20
457860 1181.74276329704 1179.2770666307 0.531278224307074 1.99805292768311 20
457861 1190.05587546252 1191.71583114436 0.531278224307074 1.99805292768311 20
457862 1197.82077091705 1191.70831384324 0.531278224307074 1.99805292768311 20
457863 1203.56472651947 1204.69889802848 0.531278224307074 1.99805292768311 20
457864 1217.62373772544 1212.86314672534 0.531278224307074 1.99805292768311 20
457865 1224.23585705418 1222.12073335515 0.531278224307074 1.99805292768311 20
457866 1243.00107039747 1234.21263936254 0.531278224307074 1.99805292768311 20
457867 1247.76350328136 1244.63637781463 0.531278224307074 1.99805292768311 20
457868 1261.17867645323 1260.62675549646 0.531278224307074 1.99805292768311 20
457869 1266.95796984975 1258.14605426502 0.531278224307074 1.99805292768311 20
457870 1272.78506704175 1276.44201636706 0.531278224307074 1.99805292768311 20
457871 1280.14808738509 1286.50603695254 0.531278224307074 1.99805292768311 20
457872 1298.22641073428 1285.77232437099 0.531278224307074 1.99805292768311 20
457873 1295.12472927058 1306.44159979527 0.531278224307074 1.99805292768311 20
457874 1307.10646794443 1311.73200631379 0.531278224307074 1.99805292768311 20
457875 1329.99227900383 1317.22832955489 0.531278224307074 1.99805292768311 20
457876 1327.56549097241 1318.82699128347 0.531278224307074 1.99805292768311 20
457877 1337.28401139602 1327.6275889664 0.531278224307074 1.99805292768311 20
457878 1336.3907833389 1341.93465083721 0.531278224307074 1.99805292768311 20
457879 1342.91362780804 1349.7658009165 0.531278224307074 1.99805292768311 20
457880 1346.64750096984 1355.18628502128 0.531278224307074 1.99805292768311 20
457881 1355.0565872035 1347.97799529453 0.531278224307074 1.99805292768311 20
457882 1355.90771585954 1362.94081884474 0.531278224307074 1.99805292768311 20
457883 1357.45865603751 1364.66529945719 0.531278224307074 1.99805292768311 20
457884 1359.58910000949 1356.63783479695 0.531278224307074 1.99805292768311 20
457885 1357.82274827899 1355.0783979237 0.531278224307074 1.99805292768311 20
457886 1362.60097702194 1356.80994408749 0.531278224307074 1.99805292768311 20
457887 1357.98426555776 1358.29470435389 0.531278224307074 1.99805292768311 20
457888 1364.07595174256 1356.39053875624 0.531278224307074 1.99805292768311 20
457889 1359.99718928132 1353.80866266865 0.531278224307074 1.99805292768311 20
457890 1365.48273672577 1358.99702004689 0.531278224307074 1.99805292768311 20
457891 1360.47509171059 1370.05707485469 0.531278224307074 1.99805292768311 20
457892 1356.00934897377 1356.43223992593 0.531278224307074 1.99805292768311 20
457893 1360.86358147695 1360.36550153247 0.531278224307074 1.99805292768311 20
457894 1362.5377527427 1360.45059325043 0.531278224307074 1.99805292768311 20
457895 1358.54045199534 1360.6406914739 0.531278224307074 1.99805292768311 20
457896 1364.22890663741 1357.51610441875 0.531278224307074 1.99805292768311 20
457897 1356.15654480625 1360.03730805726 0.531278224307074 1.99805292768311 20
457898 1360.03781023618 1361.31731744995 0.531278224307074 1.99805292768311 20
457899 1355.16137878491 1366.82680170594 0.531278224307074 1.99805292768311 20
457900 1363.3660902559 1354.40878455444 0.531278224307074 1.99805292768311 20
457901 1362.86352901824 1353.34461917648 0.531278224307074 1.99805292768311 20
457902 1361.09534407945 1364.39506420562 0.531278224307074 1.99805292768311 20
457903 1364.42761706565 1360.85702497285 0.531278224307074 1.99805292768311 20
457904 1355.28700841552 1360.52874012748 0.531278224307074 1.99805292768311 20
457905 1351.89564091607 1366.19053510915 0.531278224307074 1.99805292768311 20
457906 1351.56375664342 1360.13862280027 0.531278224307074 1.99805292768311 20
457907 1361.54719978382 1351.10452907735 0.531278224307074 1.99805292768311 20
457908 1360.57830509934 1367.46560249677 0.531278224307074 1.99805292768311 20
457909 1350.58154241203 1354.9779410801 0.531278224307074 1.99805292768311 20
457910 1359.53282661204 1365.37941128362 0.531278224307074 1.99805292768311 20
457911 1362.68650627614 1361.80864174393 0.531278224307074 1.99805292768311 20
457912 1363.84136562899 1362.23921029887 0.531278224307074 1.99805292768311 20
457913 1369.23172330384 1366.460815884 0.531278224307074 1.99805292768311 20
457914 1367.92295156948 1365.52601846119 0.531278224307074 1.99805292768311 20
457915 1358.07530745777 1365.23095249401 0.531278224307074 1.99805292768311 20
457916 1359.92656815464 1360.20904195295 0.531278224307074 1.99805292768311 20
457917 1359.14922016794 1367.15240246087 0.531278224307074 1.99805292768311 20
457918 1352.73108945715 1355.01104092612 0.531278224307074 1.99805292768311 20
457919 1349.84267610649 1360.6150752456 0.531278224307074 1.99805292768311 20
457920 1361.59063805471 1353.05961993106 0.531278224307074 1.99805292768311 20
457921 1361.32274546205 1365.44164120338 0.531278224307074 1.99805292768311 20
457922 1356.3653557817 1355.4348221928 0.531278224307074 1.99805292768311 20
457923 1360.44696821439 1353.4309355263 0.531278224307074 1.99805292768311 20
457924 1356.04453015242 1358.33809073956 0.531278224307074 1.99805292768311 20
457925 1371.62066639407 1361.82393787585 0.531278224307074 1.99805292768311 20
457926 1367.69218651212 1370.68766812792 0.531278224307074 1.99805292768311 20
457927 1364.82818544905 1372.69542824813 0.531278224307074 1.99805292768311 20
457928 1367.30805989791 1373.79590927826 0.531278224307074 1.99805292768311 20
457929 1365.07396036987 1359.55750630852 0.531278224307074 1.99805292768311 20
457930 1381.57928764746 1377.77623308856 0.531278224307074 1.99805292768311 20
457931 1376.74995522065 1375.33192284288 0.531278224307074 1.99805292768311 20
457932 1388.54603971989 1384.90733292423 0.531278224307074 1.99805292768311 20
457933 1380.68747027512 1384.00831681807 0.531278224307074 1.99805292768311 20
457934 1378.54158914354 1391.20585378157 0.531278224307074 1.99805292768311 20
457935 1390.20195426398 1395.91060783626 0.531278224307074 1.99805292768311 20
457936 1405.46848445283 1404.2128574918 0.531278224307074 1.99805292768311 20
457937 1410.76766581063 1404.14222743349 0.531278224307074 1.99805292768311 20
457938 1404.6890667682 1416.46904302159 0.531278224307074 1.99805292768311 20
457939 1410.00733907446 1411.86079934914 0.531278224307074 1.99805292768311 20
457940 1420.30521753161 1428.37794936997 0.531278224307074 1.99805292768311 20
457941 1429.83354728961 1423.39458882142 0.531278224307074 1.99805292768311 20
457942 1442.24374243146 1437.20622886978 0.531278224307074 1.99805292768311 20
457943 1445.02481790498 1447.23760210979 0.531278224307074 1.99805292768311 20
457944 1456.70928047088 1450.8352837734 0.531278224307074 1.99805292768311 20
457945 1451.96467647 1456.42392888888 0.531278224307074 1.99805292768311 20
457946 1460.85437961078 1466.15967738756 0.531278224307074 1.99805292768311 20
457947 1462.76613070223 1466.51875363799 0.531278224307074 1.99805292768311 20
457948 1474.29089667355 1481.7806713036 0.531278224307074 1.99805292768311 20
457949 1476.51229844442 1481.13586164604 0.531278224307074 1.99805292768311 20
457950 1486.13265670026 1496.72869103754 0.531278224307074 1.99805292768311 20
457951 1496.47616156982 1493.07507434855 0.531278224307074 1.99805292768311 20
457952 1499.93700199192 1504.7321231646 0.531278224307074 1.99805292768311 20
457953 1504.97320532674 1510.24776143146 0.531278224307074 1.99805292768311 20
457954 1524.80226907887 1513.59047865553 0.531278224307074 1.99805292768311 20
457955 1522.46193222537 1532.19590815951 0.531278224307074 1.99805292768311 20
457956 1539.14271337404 1531.93968876249 0.531278224307074 1.99805292768311 20
457957 1540.17209952439 1542.78428241581 0.531278224307074 1.99805292768311 20
457958 1550.86194861657 1550.55946846129 0.531278224307074 1.99805292768311 20
457959 1556.39908541215 1555.73307987466 0.531278224307074 1.99805292768311 20
457960 1559.88278708979 1559.68612775873 0.531278224307074 1.99805292768311 20
457961 1573.73642015961 1567.15176504973 0.531278224307074 1.99805292768311 20
457962 1580.95094895147 1580.30243488555 0.531278224307074 1.99805292768311 20
457963 1575.36087075524 1578.3358618321 0.531278224307074 1.99805292768311 20
457964 1588.53974097626 1588.23521676471 0.531278224307074 1.99805292768311 20
457965 1592.76466516464 1600.3409505528 0.531278224307074 1.99805292768311 20
457966 1600.71283635139 1595.57690838997 0.531278224307074 1.99805292768311 20
457967 1611.67284199887 1609.33601342593 0.531278224307074 1.99805292768311 20
457968 1607.06839611915 1616.08265117451 0.531278224307074 1.99805292768311 20
457969 1628.92594482553 1617.73354192934 0.531278224307074 1.99805292768311 20
457970 1621.91983574495 1632.15184638916 0.531278224307074 1.99805292768311 20
457971 1633.11287210149 1637.04611048366 0.531278224307074 1.99805292768311 20
457972 1635.01561009683 1636.63159386596 0.531278224307074 1.99805292768311 20
457973 1639.4809798374 1640.91593842205 0.531278224307074 1.99805292768311 20
457974 1649.52427131039 1644.59687438587 0.531278224307074 1.99805292768311 20
457975 1657.9506644995 1652.04658209511 0.531278224307074 1.99805292768311 20
457976 1652.56883671113 1652.95580320661 0.531278224307074 1.99805292768311 20
457977 1655.40941618602 1659.73801965333 0.531278224307074 1.99805292768311 20
457978 1663.18314696452 1657.41240365501 0.531278224307074 1.99805292768311 20
457979 1670.80021964924 1659.8015972729 0.531278224307074 1.99805292768311 20
457980 1683.77286186771 1675.07152644048 0.531278224307074 1.99805292768311 20
457981 1680.13721051704 1690.00647255629 0.531278224307074 1.99805292768311 20
457982 1691.42368337055 1690.39391511183 0.531278224307074 1.99805292768311 20
457983 1697.18084430436 1691.73741824198 0.531278224307074 1.99805292768311 20
457984 1706.34823375771 1709.30545904825 0.531278224307074 1.99805292768311 20
457985 1712.70972899775 1716.76401000783 0.531278224307074 1.99805292768311 20
457986 1715.06039905549 1717.89925712535 0.531278224307074 1.99805292768311 20
457987 1728.12049866944 1727.51481335932 0.531278224307074 1.99805292768311 20
457988 1736.22080773858 1734.04897683725 0.531278224307074 1.99805292768311 20
457989 1738.13152181506 1744.17077216067 0.531278224307074 1.99805292768311 20
457990 1761.67256724544 1753.66456030941 0.531278224307074 1.99805292768311 20
457991 1757.10670315376 1760.37304215549 0.531278224307074 1.99805292768311 20
457992 1770.22495107545 1767.19623434251 0.531278224307074 1.99805292768311 20
457993 1772.66466200724 1772.07222848234 0.531278224307074 1.99805292768311 20
457994 1784.10110814301 1779.21895284956 0.531278224307074 1.99805292768311 20
457995 1783.87650987478 1792.8657863359 0.531278224307074 1.99805292768311 20
457996 1794.55752971222 1800.14188946634 0.531278224307074 1.99805292768311 20
457997 1804.79080763663 1806.96302247326 0.531278224307074 1.99805292768311 20
457998 1808.52841381792 1805.95816738676 0.531278224307074 1.99805292768311 20
457999 1815.46429526206 1814.35231888537 0.531278224307074 1.99805292768311 20
458000 1812.9510768002 1825.04230636105 0.531278224307074 1.99805292768311 20
458001 1826.29583191064 1825.93664807614 0.531278224307074 1.99805292768311 20
458002 1840.51760954507 1832.2141991081 0.531278224307074 1.99805292768311 20
458003 1854.91512764513 1836.20567675402 0.531278224307074 1.99805292768311 20
458004 1848.33584448019 1844.99490881198 0.531278224307074 1.99805292768311 20
458005 1858.37362245852 1862.08145028002 0.531278224307074 1.99805292768311 20
458006 1865.69615169713 1864.18081242595 0.531278224307074 1.99805292768311 20
458007 1881.01184213729 1874.62235835038 0.531278224307074 1.99805292768311 20
458008 1887.96658706142 1898.62665802772 0.531278224307074 1.99805292768311 20
458009 1896.06965906973 1896.1038278234 0.531278224307074 1.99805292768311 20
458010 1904.25696181162 1897.20303062888 0.531278224307074 1.99805292768311 20
458011 1924.43278394356 1920.04497195888 0.531278224307074 1.99805292768311 20
458012 1918.07381738434 1920.82001748038 0.531278224307074 1.99805292768311 20
458013 1943.30965857511 1934.6810236176 0.531278224307074 1.99805292768311 20
458014 1948.36030776367 1947.19029610436 0.531278224307074 1.99805292768311 20
458015 1951.5988522281 1950.39122779319 0.531278224307074 1.99805292768311 20
458016 1961.76974359173 1955.69096639287 0.531278224307074 1.99805292768311 20
458017 1984.41699350356 1979.88044750258 0.531278224307074 1.99805292768311 20
458018 1982.42763318869 1983.55506779734 0.531278224307074 1.99805292768311 20
458019 2003.15506862179 1984.37230742816 0.531278224307074 1.99805292768311 20
458020 1996.99454857754 1999.32993270706 0.531278224307074 1.99805292768311 20
458021 2021.59126469354 2016.28416562416 0.531278224307074 1.99805292768311 20
458022 2029.15310618543 2019.77037898698 0.531278224307074 1.99805292768311 20
458023 2031.40422575292 2035.07701968109 0.531278224307074 1.99805292768311 20
458024 2041.92635536485 2044.07904440715 0.531278224307074 1.99805292768311 20
458025 2046.49096887288 2053.19103960219 0.531278224307074 1.99805292768311 20
458026 2069.17626715925 2053.01724888129 0.531278224307074 1.99805292768311 20
458027 2069.31640400501 2069.63919299822 0.531278224307074 1.99805292768311 20
458028 2076.01842920729 2086.92275656044 0.531278224307074 1.99805292768311 20
458029 2089.33221825737 2082.40718330201 0.531278224307074 1.99805292768311 20
458030 2087.83176289572 2087.76843584217 0.531278224307074 1.99805292768311 20
458031 2097.56706953435 2097.20182160536 0.531278224307074 1.99805292768311 20
458032 2100.00683148838 2101.46426507892 0.531278224307074 1.99805292768311 20
458033 2105.15950195848 2118.68425290051 0.531278224307074 1.99805292768311 20
458034 2116.72335000161 2107.15589332326 0.531278224307074 1.99805292768311 20
458035 2122.53351919778 2121.70398388403 0.531278224307074 1.99805292768311 20
458036 2131.1371743421 2138.37762443256 0.531278224307074 1.99805292768311 20
458037 2137.73617775092 2131.32997142555 0.531278224307074 1.99805292768311 20
458038 2149.32187870258 2136.36502545087 0.531278224307074 1.99805292768311 20
458039 2156.63139649059 2149.18610879789 0.531278224307074 1.99805292768311 20
458040 2153.46297863317 2157.11341670376 0.531278224307074 1.99805292768311 20
458041 2169.98291800774 2164.41342240151 0.531278224307074 1.99805292768311 20
458042 2171.79804152186 2176.37197753261 0.531278224307074 1.99805292768311 20
458043 2189.34416614242 2173.94511386789 0.531278224307074 1.99805292768311 20
458044 2185.56478836659 2196.62081607116 0.531278224307074 1.99805292768311 20
458045 2198.59288309758 2196.91829355463 0.531278224307074 1.99805292768311 20
458046 2207.89161757212 2203.52174244907 0.531278224307074 1.99805292768311 20
458047 2201.30401850579 2209.70599869395 0.531278224307074 1.99805292768311 20
458048 2217.35967283761 2219.18043408335 0.531278224307074 1.99805292768311 20
458049 2232.00157717336 2221.01977237246 0.531278224307074 1.99805292768311 20
458050 2233.87687958354 2229.94501478352 0.531278224307074 1.99805292768311 20
458051 2233.99188755871 2241.87994430006 0.531278224307074 1.99805292768311 20
458052 2242.497780705 2247.00846647236 0.531278224307074 1.99805292768311 20
458053 2264.94055972801 2263.01912183321 0.531278224307074 1.99805292768311 20
458054 2270.22558229351 2271.18952826171 0.531278224307074 1.99805292768311 20
458055 2288.82175758602 2278.11469324107 0.531278224307074 1.99805292768311 20
458056 2296.72477709411 2290.01910904834 0.531278224307074 1.99805292768311 20
458057 2301.82247674016 2296.30247265456 0.531278224307074 1.99805292768311 20
458058 2305.37068161385 2305.49266753901 0.531278224307074 1.99805292768311 20
458059 2311.7547668813 2311.40810662505 0.531278224307074 1.99805292768311 20
458060 2329.34658053088 2328.92123986984 0.531278224307074 1.99805292768311 20
458061 2334.94874909164 2336.93200214606 0.531278224307074 1.99805292768311 20
458062 2337.65437897205 2345.91351186406 0.531278224307074 1.99805292768311 20
458063 2351.77613282495 2354.96015857908 0.531278224307074 1.99805292768311 20
458064 2356.51066867003 2361.88707217847 0.531278224307074 1.99805292768311 20
458065 2371.25763558664 2374.99612038705 0.531278224307074 1.99805292768311 20
458066 2388.2741064755 2379.39266084114 0.531278224307074 1.99805292768311 20
458067 2379.51279447648 2384.8800856394 0.531278224307074 1.99805292768311 20
458068 2392.62066094611 2390.76144433048 0.531278224307074 1.99805292768311 20
458069 2401.80565695343 2400.43412099014 0.531278224307074 1.99805292768311 20
458070 2408.51466565729 2399.33600375412 0.531278224307074 1.99805292768311 20
458071 2417.43212745604 2417.70282429312 0.531278224307074 1.99805292768311 20
458072 2410.1196293044 2412.64667600501 0.531278224307074 1.99805292768311 20
458073 2421.19180838019 2421.46351747073 0.531278224307074 1.99805292768311 20
458074 2418.8706594843 2417.10954416998 0.531278224307074 1.99805292768311 20
458075 2421.66005607145 2412.80906380049 0.531278224307074 1.99805292768311 20
458076 2412.41663419925 2406.73326418809 0.531278224307074 1.99805292768311 20
458077 2411.88343254231 2401.5579368638 0.531278224307074 1.99805292768311 20
458078 2388.81719092347 2385.64721611081 0.531278224307074 1.99805292768311 20
458079 2402.16173889214 2392.36982111411 0.531278224307074 1.99805292768311 20
458080 2389.31178676132 2396.85059313379 0.531278224307074 1.99805292768311 20
458081 2379.03453418508 2389.35304853105 0.531278224307074 1.99805292768311 20
458082 2376.86509180442 2377.01857186355 0.531278224307074 1.99805292768311 20
458083 2371.3189178679 2363.20233391207 0.531278224307074 1.99805292768311 20
458084 2362.76937881057 2356.77913880197 0.531278224307074 1.99805292768311 20
458085 2346.1961258054 2355.76938455063 0.531278224307074 1.99805292768311 20
458086 2338.69876382596 2339.59161663205 0.531278224307074 1.99805292768311 20
458087 2334.31916044109 2332.99727106091 0.531278224307074 1.99805292768311 20
458088 2322.12202009328 2327.90714048284 0.531278224307074 1.99805292768311 20
458089 2315.23044908011 2319.71562293476 0.531278224307074 1.99805292768311 20
458090 2305.63948347134 2315.3388774661 0.531278224307074 1.99805292768311 20
458091 2301.06630490499 2306.15968497747 0.531278224307074 1.99805292768311 20
458092 2287.75536366213 2293.81730409543 0.531278224307074 1.99805292768311 20
458093 2289.51850049152 2277.9875227264 0.531278224307074 1.99805292768311 20
458094 2280.13104551 2273.30173400474 0.531278224307074 1.99805292768311 20
458095 2258.48001876604 2271.86129721217 0.531278224307074 1.99805292768311 20
458096 2244.48632095436 2264.78498977884 0.531278224307074 1.99805292768311 20
458097 2250.38756325093 2243.24862606141 0.531278224307074 1.99805292768311 20
458098 2239.63455384476 2239.94835747049 0.531278224307074 1.99805292768311 20
458099 2223.13770063616 2234.72814010471 0.531278224307074 1.99805292768311 20
458100 2227.72331056688 2222.37056618786 0.531278224307074 1.99805292768311 20
458101 2202.68301320024 2205.19263473944 0.531278224307074 1.99805292768311 20
458102 2201.1429432272 2203.12629670012 0.531278224307074 1.99805292768311 20
458103 2190.68507407641 2184.08187240847 0.531278224307074 1.99805292768311 20
458104 2181.23052997725 2185.34368130187 0.531278224307074 1.99805292768311 20
458105 2176.91957016295 2167.83325091027 0.531278224307074 1.99805292768311 20
458106 2164.29975001355 2168.44033629257 0.531278224307074 1.99805292768311 20
458107 2159.8765842147 2150.65895376655 0.531278224307074 1.99805292768311 20
458108 2153.53240955452 2142.97309976012 0.531278224307074 1.99805292768311 20
458109 2132.83954964342 2132.72994400481 0.531278224307074 1.99805292768311 20
458110 2118.62546795423 2132.40371313559 0.531278224307074 1.99805292768311 20
458111 2126.12246918886 2111.59889899423 0.531278224307074 1.99805292768311 20
458112 2113.62052988972 2096.70399795917 0.531278224307074 1.99805292768311 20
458113 2102.62924037293 2104.62313525177 0.531278224307074 1.99805292768311 20
458114 2096.08749279714 2090.10656263162 0.531278224307074 1.99805292768311 20
458115 2094.18045046706 2096.90448477283 0.531278224307074 1.99805292768311 20
458116 2083.13626401116 2071.77123225232 0.531278224307074 1.99805292768311 20
458117 2072.00772445729 2074.02345901749 0.531278224307074 1.99805292768311 20
458118 2051.90800040326 2057.8333171829 0.531278224307074 1.99805292768311 20
458119 2045.33617387878 2054.00898530472 0.531278224307074 1.99805292768311 20
458120 2038.61634789828 2038.45610252723 0.531278224307074 1.99805292768311 20
458121 2030.48092981065 2024.65178444516 0.531278224307074 1.99805292768311 20
458122 2025.67789756198 2025.39211350616 0.531278224307074 1.99805292768311 20
458123 2012.49442658515 2015.26370105458 0.531278224307074 1.99805292768311 20
458124 2005.80024670119 2001.14721994609 0.531278224307074 1.99805292768311 20
458125 2002.82645529054 1995.40956817074 0.531278224307074 1.99805292768311 20
458126 1990.8686123972 1992.23986805898 0.531278224307074 1.99805292768311 20
458127 1982.10240973869 1970.29191135158 0.531278224307074 1.99805292768311 20
458128 1969.37823373256 1972.5624630485 0.531278224307074 1.99805292768311 20
458129 1956.03207502395 1965.5388078217 0.531278224307074 1.99805292768311 20
458130 1963.91067230457 1947.65105870949 0.531278224307074 1.99805292768311 20
458131 1950.45358567575 1940.80941960252 0.531278224307074 1.99805292768311 20
458132 1942.60561368797 1941.66044629152 0.531278224307074 1.99805292768311 20
458133 1925.02932442993 1928.15984683163 0.531278224307074 1.99805292768311 20
458134 1925.20635202024 1921.5763110928 0.531278224307074 1.99805292768311 20
458135 1921.09858572623 1915.5633228855 0.531278224307074 1.99805292768311 20
458136 1914.20007636899 1902.19021356855 0.531278224307074 1.99805292768311 20
458137 1896.96285026598 1905.67792655214 0.531278224307074 1.99805292768311 20
458138 1884.88187767766 1893.99036225659 0.531278224307074 1.99805292768311 20
458139 1884.69200063002 1890.83722794598 0.531278224307074 1.99805292768311 20
458140 1873.24622993359 1874.21299577798 0.531278224307074 1.99805292768311 20
458141 1874.4813163868 1869.7428920639 0.531278224307074 1.99805292768311 20
458142 1860.39318628248 1860.3471813711 0.531278224307074 1.99805292768311 20
458143 1844.55520737067 1850.58512934054 0.531278224307074 1.99805292768311 20
458144 1836.14418125582 1837.9616119408 0.531278224307074 1.99805292768311 20
458145 1830.46554905702 1829.60380491251 0.531278224307074 1.99805292768311 20
458146 1821.31702413484 1818.48556427047 0.531278224307074 1.99805292768311 20
458147 1813.32161725291 1812.23817690213 0.531278224307074 1.99805292768311 20
458148 1804.16401138628 1805.02001994151 0.531278224307074 1.99805292768311 20
458149 1804.71332880132 1801.85513298608 0.531278224307074 1.99805292768311 20
458150 1789.12422540928 1788.89398926695 0.531278224307074 1.99805292768311 20
458151 1779.62759966356 1778.57000171664 0.531278224307074 1.99805292768311 20
458152 1774.13730872127 1770.12293442651 0.531278224307074 1.99805292768311 20
458153 1760.19320480886 1758.21696014063 0.531278224307074 1.99805292768311 20
458154 1754.07770170072 1756.94516029164 0.531278224307074 1.99805292768311 20
458155 1748.33032432596 1741.80862063176 0.531278224307074 1.99805292768311 20
458156 1744.71912428556 1741.34259092576 0.531278224307074 1.99805292768311 20
458157 1730.38100327585 1722.69162682073 0.531278224307074 1.99805292768311 20
458158 1728.43625892187 1725.27994392305 0.531278224307074 1.99805292768311 20
458159 1716.75442465591 1725.95685678914 0.531278224307074 1.99805292768311 20
458160 1726.29520774453 1715.83716002506 0.531278224307074 1.99805292768311 20
458161 1708.55850893679 1708.95715268112 0.531278224307074 1.99805292768311 20
458162 1700.73563291802 1711.05931869434 0.531278224307074 1.99805292768311 20
458163 1694.6838461737 1708.87286359872 0.531278224307074 1.99805292768311 20
458164 1694.79532591105 1687.03816658719 0.531278224307074 1.99805292768311 20
458165 1684.21279035273 1693.1731756427 0.531278224307074 1.99805292768311 20
458166 1687.68609122572 1680.18683729359 0.531278224307074 1.99805292768311 20
458167 1685.37995743707 1680.83628838098 0.531278224307074 1.99805292768311 20
458168 1676.76207588671 1663.65774971724 0.531278224307074 1.99805292768311 20
458169 1666.37291125372 1658.5452585988 0.531278224307074 1.99805292768311 20
458170 1659.08518728389 1656.78323795363 0.531278224307074 1.99805292768311 20
458171 1656.74054399042 1651.18164173354 0.531278224307074 1.99805292768311 20
458172 1639.23807974586 1637.86428426279 0.531278224307074 1.99805292768311 20
458173 1631.62118262826 1643.16096487569 0.531278224307074 1.99805292768311 20
458174 1620.8254631128 1637.00910148203 0.531278224307074 1.99805292768311 20
458175 1624.25600277879 1622.12972287006 0.531278224307074 1.99805292768311 20
458176 1619.79980384962 1620.52728662329 0.531278224307074 1.99805292768311 20
458177 1608.85798188137 1601.80005116453 0.531278224307074 1.99805292768311 20
458178 1584.93677686282 1602.68218514988 0.531278224307074 1.99805292768311 20
458179 1578.78585274722 1588.38274719938 0.531278224307074 1.99805292768311 20
458180 1585.40814130357 1579.09550682397 0.531278224307074 1.99805292768311 20
458181 1574.92389709432 1570.47042547447 0.531278224307074 1.99805292768311 20
458182 1557.8602765787 1559.90684701382 0.531278224307074 1.99805292768311 20
458183 1547.33696903198 1543.91499441209 0.531278224307074 1.99805292768311 20
458184 1536.87791025118 1547.28131361993 0.531278224307074 1.99805292768311 20
458185 1531.46146092467 1527.46172171059 0.531278224307074 1.99805292768311 20
458186 1524.78525017467 1520.47992505349 0.531278224307074 1.99805292768311 20
458187 1506.54193904979 1516.48027868927 0.531278224307074 1.99805292768311 20
458188 1500.2768846323 1497.96855882963 0.531278224307074 1.99805292768311 20
458189 1487.41631837128 1486.33129760065 0.531278224307074 1.99805292768311 20
458190 1481.72543593844 1490.22834026912 0.531278224307074 1.99805292768311 20
458191 1472.0101820069 1465.5374318674 0.531278224307074 1.99805292768311 20
458192 1461.96633048212 1459.25771138649 0.531278224307074 1.99805292768311 20
458193 1451.71257244844 1441.85871783825 0.531278224307074 1.99805292768311 20
458194 1448.80849696262 1440.71820348913 0.531278224307074 1.99805292768311 20
458195 1428.38780901962 1434.17297728548 0.531278224307074 1.99805292768311 20
458196 1427.8598018713 1426.91972738892 0.531278224307074 1.99805292768311 20
458197 1412.25151867196 1423.52305115079 0.531278224307074 1.99805292768311 20
458198 1419.34297088679 1417.55603423749 0.531278224307074 1.99805292768311 20
458199 1419.21973827581 1417.74995493572 0.531278224307074 1.99805292768311 20
458200 1399.71467271739 1413.07777868775 0.531278224307074 1.99805292768311 20
458201 1411.79478289228 1411.41491963486 0.531278224307074 1.99805292768311 20
458202 1405.26314033588 1408.18289435819 0.531278224307074 1.99805292768311 20
458203 1413.86401820712 1413.78839137981 0.531278224307074 1.99805292768311 20
458204 1420.26160854682 1416.00108189401 0.531278224307074 1.99805292768311 20
458205 1419.01725847092 1426.13883555093 0.531278224307074 1.99805292768311 20
458206 1426.39548075249 1423.35269815071 0.531278224307074 1.99805292768311 20
458207 1437.46363940365 1428.68849832159 0.531278224307074 1.99805292768311 20
458208 1440.95867056133 1442.09207265241 0.531278224307074 1.99805292768311 20
458209 1434.96229673946 1446.19847387919 0.531278224307074 1.99805292768311 20
458210 1454.64780074799 1447.23520313399 0.531278224307074 1.99805292768311 20
458211 1448.02142811096 1455.86518077349 0.531278224307074 1.99805292768311 20
458212 1455.03315428963 1458.7129954791 0.531278224307074 1.99805292768311 20
458213 1471.72333126534 1457.12990162694 0.531278224307074 1.99805292768311 20
458214 1467.05132683545 1474.51394812629 0.531278224307074 1.99805292768311 20
458215 1474.39198253325 1475.15961156439 0.531278224307074 1.99805292768311 20
458216 1476.8888601598 1485.44128686034 0.531278224307074 1.99805292768311 20
458217 1485.67966253679 1493.80584910949 0.531278224307074 1.99805292768311 20
458218 1499.17320500514 1496.818517358 0.531278224307074 1.99805292768311 20
458219 1513.43907521349 1498.32837560888 0.531278224307074 1.99805292768311 20
458220 1511.30437304687 1508.83076352539 0.531278224307074 1.99805292768311 20
458221 1505.76053846351 1522.0662110829 0.531278224307074 1.99805292768311 20
458222 1521.43639467077 1523.2127844536 0.531278224307074 1.99805292768311 20
458223 1536.44372241379 1531.0406993066 0.531278224307074 1.99805292768311 20
458224 1538.65091586304 1537.89275671327 0.531278224307074 1.99805292768311 20
458225 1534.40372714243 1551.58347185433 0.531278224307074 1.99805292768311 20
458226 1558.37749216233 1550.61868804711 0.531278224307074 1.99805292768311 20
458227 1556.52484678062 1566.13194061201 0.531278224307074 1.99805292768311 20
458228 1556.15604649104 1564.11007877578 0.531278224307074 1.99805292768311 20
458229 1575.67167006191 1582.8311690663 0.531278224307074 1.99805292768311 20
458230 1577.6799529261 1578.28153334866 0.531278224307074 1.99805292768311 20
458231 1588.07292225311 1586.29376944812 0.531278224307074 1.99805292768311 20
458232 1595.98700163294 1590.72449296127 0.531278224307074 1.99805292768311 20
458233 1590.3370343522 1599.20967430259 0.531278224307074 1.99805292768311 20
458234 1601.0769817655 1598.28382401819 0.531278224307074 1.99805292768311 20
458235 1605.35250158501 1612.08331286147 0.531278224307074 1.99805292768311 20
458236 1611.04334505257 1614.12238183629 0.531278224307074 1.99805292768311 20
458237 1608.67771065603 1620.20283948921 0.531278224307074 1.99805292768311 20
458238 1626.0855090384 1622.36026239348 0.531278224307074 1.99805292768311 20
458239 1627.79442024368 1627.70601595422 0.531278224307074 1.99805292768311 20
458240 1624.01831693376 1626.32579784254 0.531278224307074 1.99805292768311 20
458241 1631.86817511766 1637.00967087261 0.531278224307074 1.99805292768311 20
458242 1633.44481561568 1636.09290407968 0.531278224307074 1.99805292768311 20
458243 1630.72457868645 1626.18258714259 0.531278224307074 1.99805292768311 20
458244 1632.447261373 1627.96300628675 0.531278224307074 1.99805292768311 20
458245 1635.88624640599 1633.7517284267 0.531278224307074 1.99805292768311 20
458246 1639.6370859473 1630.11474692928 0.531278224307074 1.99805292768311 20
458247 1638.59453142369 1623.27533925397 0.531278224307074 1.99805292768311 20
458248 1633.50506716742 1644.84494666053 0.531278224307074 1.99805292768311 20
458249 1641.02006314084 1635.10217694675 0.531278224307074 1.99805292768311 20
458250 1626.5021919348 1628.08400024377 0.531278224307074 1.99805292768311 20
458251 1631.89001383492 1628.87773472347 0.531278224307074 1.99805292768311 20
458252 1627.85399969328 1631.26715931694 0.531278224307074 1.99805292768311 20
458253 1636.39524321356 1635.38972020087 0.531278224307074 1.99805292768311 20
458254 1640.11257652519 1640.06137026675 0.531278224307074 1.99805292768311 20
458255 1634.13035490749 1637.74397550683 0.531278224307074 1.99805292768311 20
458256 1639.72644639348 1642.64693398859 0.531278224307074 1.99805292768311 20
458257 1644.84302394716 1646.67743594796 0.531278224307074 1.99805292768311 20
458258 1645.41448370583 1647.17020953374 0.531278224307074 1.99805292768311 20
458259 1649.51969373673 1653.37276915148 0.531278224307074 1.99805292768311 20
458260 1665.3981395262 1657.75007603225 0.531278224307074 1.99805292768311 20
458261 1666.30614193593 1661.2867879423 0.531278224307074 1.99805292768311 20
458262 1665.67601906962 1673.09420734122 0.531278224307074 1.99805292768311 20
458263 1682.09174693352 1676.88412957917 0.531278224307074 1.99805292768311 20
458264 1687.51714346034 1687.49760551332 0.531278224307074 1.99805292768311 20
458265 1693.86568936765 1686.72122446897 0.531278224307074 1.99805292768311 20
458266 1698.3251605402 1698.84760078833 0.531278224307074 1.99805292768311 20
458267 1707.82957619528 1716.87420040527 0.531278224307074 1.99805292768311 20
458268 1721.38896594303 1723.94996224994 0.531278224307074 1.99805292768311 20
458269 1734.00044626856 1732.79670714508 0.531278224307074 1.99805292768311 20
458270 1731.36250993311 1745.17560663726 0.531278224307074 1.99805292768311 20
458271 1755.62226768837 1745.93842237514 0.531278224307074 1.99805292768311 20
458272 1756.65542389904 1761.16534158066 0.531278224307074 1.99805292768311 20
458273 1768.28346036173 1770.78672191501 0.531278224307074 1.99805292768311 20
458274 1769.60527070709 1781.26608717903 0.531278224307074 1.99805292768311 20
458275 1784.51118706757 1782.36769016768 0.531278224307074 1.99805292768311 20
458276 1801.95632796393 1794.23453100757 0.531278224307074 1.99805292768311 20
458277 1802.36936128159 1803.69070640028 0.531278224307074 1.99805292768311 20
458278 1823.81491393181 1804.81135898685 0.531278224307074 1.99805292768311 20
458279 1813.86050997474 1825.33242354354 0.531278224307074 1.99805292768311 20
458280 1825.47347359927 1830.39432061567 0.531278224307074 1.99805292768311 20
458281 1816.51855347363 1826.97690775869 0.531278224307074 1.99805292768311 20
458282 1825.09447357141 1831.00745575862 0.531278224307074 1.99805292768311 20
458283 1831.9257951755 1833.0872510792 0.531278224307074 1.99805292768311 20
458284 1838.92710881108 1842.91929801528 0.531278224307074 1.99805292768311 20
458285 1838.28895965659 1833.8037019708 0.531278224307074 1.99805292768311 20
458286 1840.25827699234 1835.16380298056 0.531278224307074 1.99805292768311 20
458287 1836.63389985145 1827.2801780813 0.531278224307074 1.99805292768311 20
458288 1838.65503297456 1835.26834395406 0.531278224307074 1.99805292768311 20
458289 1844.7889045818 1827.5286983668 0.531278224307074 1.99805292768311 20
458290 1828.91942409226 1836.13115059767 0.531278224307074 1.99805292768311 20
458291 1832.56861543519 1833.81089754451 0.531278224307074 1.99805292768311 20
458292 1828.44541085132 1838.61112009541 0.531278224307074 1.99805292768311 20
458293 1836.18233606909 1834.27309893573 0.531278224307074 1.99805292768311 20
458294 1833.48299275901 1833.35633807054 0.531278224307074 1.99805292768311 20
458295 1832.5665020809 1836.87298745768 0.531278224307074 1.99805292768311 20
458296 1831.36423057671 1831.15843836129 0.531278224307074 1.99805292768311 20
458297 1831.03268108056 1834.56716031669 0.531278224307074 1.99805292768311 20
458298 1839.82248684194 1831.50463018996 0.531278224307074 1.99805292768311 20
458299 1843.05583638136 1832.14388483425 0.531278224307074 1.99805292768311 20
458300 1830.64047242414 1842.06036438799 0.531278224307074 1.99805292768311 20
458301 1842.62074849216 1834.09350083241 0.531278224307074 1.99805292768311 20
458302 1829.69780266445 1836.01836900036 0.531278224307074 1.99805292768311 20
458303 1830.50355550553 1833.54239339022 0.531278224307074 1.99805292768311 20
458304 1826.8122846522 1839.50792469504 0.531278224307074 1.99805292768311 20
458305 1835.36817999634 1828.76853909031 0.531278224307074 1.99805292768311 20
458306 1834.00551810149 1830.02187170507 0.531278224307074 1.99805292768311 20
458307 1830.77787152795 1837.2238604368 0.531278224307074 1.99805292768311 20
458308 1830.50478608194 1843.73162920037 0.531278224307074 1.99805292768311 20
458309 1837.93512904339 1827.84446981473 0.531278224307074 1.99805292768311 20
458310 1832.83438862053 1835.74011016795 0.531278224307074 1.99805292768311 20
458311 1833.50234820093 1831.10579960299 0.531278224307074 1.99805292768311 20
458312 1823.08191036605 1825.98933104683 0.531278224307074 1.99805292768311 20
458313 1832.57001018673 1837.12452890237 0.531278224307074 1.99805292768311 20
458314 1825.29751889338 1833.8946547482 0.531278224307074 1.99805292768311 20
458315 1830.82628471314 1834.71033952833 0.531278224307074 1.99805292768311 20
458316 1830.86252436987 1828.94138045613 0.531278224307074 1.99805292768311 20
458317 1836.45356601257 1831.20694030427 0.531278224307074 1.99805292768311 20
458318 1833.03333076176 1839.61781819917 0.531278224307074 1.99805292768311 20
458319 1844.54053705892 1837.21692882162 0.531278224307074 1.99805292768311 20
458320 1844.50707599471 1843.3047710756 0.531278224307074 1.99805292768311 20
458321 1854.2673626953 1843.69262609473 0.531278224307074 1.99805292768311 20
458322 1848.25745444445 1853.8523337083 0.531278224307074 1.99805292768311 20
458323 1861.19216799762 1861.29891573414 0.531278224307074 1.99805292768311 20
458324 1867.5292688474 1870.67318157912 0.531278224307074 1.99805292768311 20
458325 1874.74179497795 1878.98276385788 0.531278224307074 1.99805292768311 20
458326 1881.18852241168 1889.04482559563 0.531278224307074 1.99805292768311 20
458327 1888.41139957431 1902.78609082593 0.531278224307074 1.99805292768311 20
458328 1895.70590791381 1896.3551804633 0.531278224307074 1.99805292768311 20
458329 1913.01004175734 1906.89767532821 0.531278224307074 1.99805292768311 20
458330 1918.56907708443 1910.03574671383 0.531278224307074 1.99805292768311 20
458331 1930.7975968668 1923.31300373568 0.531278224307074 1.99805292768311 20
458332 1935.76553586061 1945.92546764975 0.531278224307074 1.99805292768311 20
458333 1939.65788250718 1949.56054177648 0.531278224307074 1.99805292768311 20
458334 1954.10590050245 1953.93032890736 0.531278224307074 1.99805292768311 20
458335 1970.07507949093 1961.02404259488 0.531278224307074 1.99805292768311 20
458336 1973.03707438913 1968.83652356473 0.531278224307074 1.99805292768311 20
458337 1990.96553101958 1992.87964160732 0.531278224307074 1.99805292768311 20
458338 1993.16520225409 1997.91132807913 0.531278224307074 1.99805292768311 20
458339 2005.9174026799 2002.77516262358 0.531278224307074 1.99805292768311 20
458340 2021.24933536001 2012.30687460059 0.531278224307074 1.99805292768311 20
458341 2022.74979834375 2023.80584698053 0.531278224307074 1.99805292768311 20
458342 2036.26860661609 2030.53435507246 0.531278224307074 1.99805292768311 20
458343 2042.73663930453 2048.47208909418 0.531278224307074 1.99805292768311 20
458344 2054.18677017937 2054.95150948034 0.531278224307074 1.99805292768311 20
458345 2057.9426894655 2052.84131338563 0.531278224307074 1.99805292768311 20
458346 2060.16899184101 2061.93786591908 0.531278224307074 1.99805292768311 20
458347 2077.99152714934 2088.19815445172 0.531278224307074 1.99805292768311 20
458348 2077.22868003981 2077.92882068376 0.531278224307074 1.99805292768311 20
458349 2092.26011932558 2089.93888381706 0.531278224307074 1.99805292768311 20
458350 2082.68739303106 2097.8566356905 0.531278224307074 1.99805292768311 20
458351 2090.76550509172 2105.37328818362 0.531278224307074 1.99805292768311 20
458352 2109.94549263552 2092.49822434696 0.531278224307074 1.99805292768311 20
458353 2103.71216176555 2104.17772206599 0.531278224307074 1.99805292768311 20
458354 2104.48565004239 2109.73293227863 0.531278224307074 1.99805292768311 20
458355 2104.2144534816 2108.29943420713 0.531278224307074 1.99805292768311 20
458356 2107.87239609067 2111.23139667423 0.531278224307074 1.99805292768311 20
458357 2110.67052306797 2113.02447380473 0.531278224307074 1.99805292768311 20
458358 2115.81651866537 2108.8883389467 0.531278224307074 1.99805292768311 20
458359 2112.50497047814 2111.80894639323 0.531278224307074 1.99805292768311 20
458360 2112.3318562388 2105.34711678135 0.531278224307074 1.99805292768311 20
458361 2105.5510095252 2110.71151705755 0.531278224307074 1.99805292768311 20
458362 2113.75567148261 2121.24763636376 0.531278224307074 1.99805292768311 20
458363 2105.52539402279 2113.34991772432 0.531278224307074 1.99805292768311 20
458364 2113.43916172436 2115.04649300467 0.531278224307074 1.99805292768311 20
458365 2116.52866967573 2120.31078592792 0.531278224307074 1.99805292768311 20
458366 2098.98380240516 2105.77530016562 0.531278224307074 1.99805292768311 20
458367 2102.6233205597 2106.93486466349 0.531278224307074 1.99805292768311 20
458368 2113.71029327745 2108.81057606878 0.531278224307074 1.99805292768311 20
458369 2116.51805793971 2108.62992452685 0.531278224307074 1.99805292768311 20
458370 2111.33174838269 2115.71211075061 0.531278224307074 1.99805292768311 20
458371 2118.58409647456 2104.8742190877 0.531278224307074 1.99805292768311 20
458372 2111.78342592146 2121.58254923022 0.531278224307074 1.99805292768311 20
458373 2111.64262808661 2116.05775476311 0.531278224307074 1.99805292768311 20
458374 2114.08189949673 2115.24679153989 0.531278224307074 1.99805292768311 20
458375 2107.40666673647 2104.22240901779 0.531278224307074 1.99805292768311 20
458376 2108.3787701366 2110.95838847783 0.531278224307074 1.99805292768311 20
458377 2121.35886015127 2117.35295109843 0.531278224307074 1.99805292768311 20
458378 2122.09601274969 2114.7584268044 0.531278224307074 1.99805292768311 20
458379 2113.26677302746 2106.26966915061 0.531278224307074 1.99805292768311 20
458380 2120.364497809 2126.1511189509 0.531278224307074 1.99805292768311 20
458381 2127.24181365165 2117.12750611575 0.531278224307074 1.99805292768311 20
458382 2123.95711442634 2123.85255381493 0.531278224307074 1.99805292768311 20
458383 2128.01932696244 2126.23072293974 0.531278224307074 1.99805292768311 20
458384 2125.29830072995 2126.07909955972 0.531278224307074 1.99805292768311 20
458385 2119.40445938963 2121.64822843407 0.531278224307074 1.99805292768311 20
458386 2107.80224126884 2107.81872501014 0.531278224307074 1.99805292768311 20
458387 2103.98407194988 2107.83512273533 0.531278224307074 1.99805292768311 20
458388 2112.91346015714 2108.50492764882 0.531278224307074 1.99805292768311 20
458389 2091.54687513359 2098.14629258951 0.531278224307074 1.99805292768311 20
458390 2088.40547354838 2091.09949933477 0.531278224307074 1.99805292768311 20
458391 2084.57115511304 2087.78061191671 0.531278224307074 1.99805292768311 20
458392 2076.04390492337 2085.99177439407 0.531278224307074 1.99805292768311 20
458393 2067.34150030489 2072.04125558698 0.531278224307074 1.99805292768311 20
458394 2071.59031999507 2067.63847908697 0.531278224307074 1.99805292768311 20
458395 2056.66766200093 2043.58286332804 0.531278224307074 1.99805292768311 20
458396 2041.00890093919 2050.05891056606 0.531278224307074 1.99805292768311 20
458397 2028.10243984241 2045.26813602301 0.531278224307074 1.99805292768311 20
458398 2029.25367078782 2034.36102088899 0.531278224307074 1.99805292768311 20
458399 2027.65197524757 2031.49463148508 0.531278224307074 1.99805292768311 20
458400 2015.16261663219 2015.9448078067 0.531278224307074 1.99805292768311 20
458401 2009.55721831615 2009.87929723973 0.531278224307074 1.99805292768311 20
458402 2002.81350231268 1998.17348657844 0.531278224307074 1.99805292768311 20
458403 1995.04325576289 2006.48826983184 0.531278224307074 1.99805292768311 20
458404 1988.35101303254 1984.62370731282 0.531278224307074 1.99805292768311 20
458405 1981.34972550421 1984.3828888054 0.531278224307074 1.99805292768311 20
458406 1972.87360153547 1972.7248368553 0.531278224307074 1.99805292768311 20
458407 1969.03453829776 1965.16266918254 0.531278224307074 1.99805292768311 20
458408 1971.76508846833 1961.92207746791 0.531278224307074 1.99805292768311 20
458409 1952.72140157108 1954.78009778066 0.531278224307074 1.99805292768311 20
458410 1946.61246043624 1949.05410612315 0.531278224307074 1.99805292768311 20
458411 1942.96992972378 1943.0260524913 0.531278224307074 1.99805292768311 20
458412 1933.95662943917 1937.77802933121 0.531278224307074 1.99805292768311 20
458413 1924.84140294787 1922.56891357166 0.531278224307074 1.99805292768311 20
458414 1921.03715514212 1921.79535328411 0.531278224307074 1.99805292768311 20
458415 1920.50330478933 1904.63684777415 0.531278224307074 1.99805292768311 20
458416 1905.31339931196 1913.55394292538 0.531278224307074 1.99805292768311 20
458417 1898.36436696377 1904.23333713167 0.531278224307074 1.99805292768311 20
458418 1899.81602936258 1904.56856396237 0.531278224307074 1.99805292768311 20
458419 1901.45922395862 1895.5021255408 0.531278224307074 1.99805292768311 20
458420 1883.86050986437 1889.87217879129 0.531278224307074 1.99805292768311 20
458421 1888.40045521165 1887.93408575741 0.531278224307074 1.99805292768311 20
458422 1873.58010029125 1881.19180036762 0.531278224307074 1.99805292768311 20
458423 1874.75827876845 1876.56881164906 0.531278224307074 1.99805292768311 20
458424 1874.71189102433 1880.56412646858 0.531278224307074 1.99805292768311 20
458425 1878.45188496386 1868.1412968142 0.531278224307074 1.99805292768311 20
458426 1864.48170595064 1870.36848211326 0.531278224307074 1.99805292768311 20
458427 1855.78915270148 1860.90389258094 0.531278224307074 1.99805292768311 20
458428 1860.70131259362 1853.7573802444 0.531278224307074 1.99805292768311 20
458429 1850.05960332094 1858.27234378793 0.531278224307074 1.99805292768311 20
458430 1851.99357299364 1851.53242019615 0.531278224307074 1.99805292768311 20
458431 1833.38660799629 1832.56027402425 0.531278224307074 1.99805292768311 20
458432 1821.94633881259 1828.81781067769 0.531278224307074 1.99805292768311 20
458433 1819.45738939015 1828.66031639453 0.531278224307074 1.99805292768311 20
458434 1812.20269238308 1809.99428507107 0.531278224307074 1.99805292768311 20
458435 1797.89584810298 1798.73889511612 0.531278224307074 1.99805292768311 20
458436 1781.79595213113 1795.30039320488 0.531278224307074 1.99805292768311 20
458437 1770.09188369665 1774.49401346363 0.531278224307074 1.99805292768311 20
458438 1758.65017541443 1760.16414654214 0.531278224307074 1.99805292768311 20
458439 1755.89326010122 1759.99990177458 0.531278224307074 1.99805292768311 20
458440 1738.99191283835 1748.74896548538 0.531278224307074 1.99805292768311 20
458441 1732.50572188527 1726.83104772009 0.531278224307074 1.99805292768311 20
458442 1720.09850798782 1722.94316193352 0.531278224307074 1.99805292768311 20
458443 1698.98647821443 1714.83665717539 0.531278224307074 1.99805292768311 20
458444 1696.68014995088 1697.77328119796 0.531278224307074 1.99805292768311 20
458445 1684.85782890626 1692.64106954229 0.531278224307074 1.99805292768311 20
458446 1674.03931940368 1668.31174175458 0.531278224307074 1.99805292768311 20
458447 1661.38860372147 1664.47889592038 0.531278224307074 1.99805292768311 20
458448 1658.65085939281 1666.12571449843 0.531278224307074 1.99805292768311 20
458449 1653.83195493408 1658.22274511708 0.531278224307074 1.99805292768311 20
458450 1642.74909449881 1652.13928745391 0.531278224307074 1.99805292768311 20
458451 1631.32828118737 1646.86543437687 0.531278224307074 1.99805292768311 20
458452 1637.37462867361 1642.37179595104 0.531278224307074 1.99805292768311 20
458453 1640.04248482624 1640.65321555258 0.531278224307074 1.99805292768311 20
458454 1640.85672277178 1646.89764207269 0.531278224307074 1.99805292768311 20
458455 1646.20617918712 1634.76368136515 0.531278224307074 1.99805292768311 20
458456 1640.77488916783 1635.18482717392 0.531278224307074 1.99805292768311 20
458457 1638.74435157146 1638.62453385605 0.531278224307074 1.99805292768311 20
458458 1643.81067753538 1639.74356880751 0.531278224307074 1.99805292768311 20
458459 1639.47698013683 1642.47142332181 0.531278224307074 1.99805292768311 20
458460 1644.25700601548 1642.31681058311 0.531278224307074 1.99805292768311 20
458461 1633.90901296043 1636.10377310106 0.531278224307074 1.99805292768311 20
458462 1639.52033857218 1635.01362729576 0.531278224307074 1.99805292768311 20
458463 1639.62324708409 1641.76195220569 0.531278224307074 1.99805292768311 20
458464 1637.46037452444 1649.86254045375 0.531278224307074 1.99805292768311 20
458465 1641.88398789741 1648.54387221779 0.531278224307074 1.99805292768311 20
458466 1642.74155924204 1640.92479043871 0.531278224307074 1.99805292768311 20
458467 1638.23862212029 1645.7443582695 0.531278224307074 1.99805292768311 20
458468 1637.10142612754 1644.65749685219 0.531278224307074 1.99805292768311 20
458469 1636.93603190003 1636.61144523491 0.531278224307074 1.99805292768311 20
458470 1639.54405631033 1642.29074706078 0.531278224307074 1.99805292768311 20
458471 1637.32477731442 1637.28264043001 0.531278224307074 1.99805292768311 20
458472 1642.81713035036 1640.64871941378 0.531278224307074 1.99805292768311 20
458473 1643.37430438927 1639.62718584953 0.531278224307074 1.99805292768311 20
458474 1636.68312561087 1638.23452348003 0.531278224307074 1.99805292768311 20
458475 1640.7782758465 1642.52088337453 0.531278224307074 1.99805292768311 20
458476 1645.30262274438 1648.23796790579 0.531278224307074 1.99805292768311 20
458477 1643.75600591508 1634.56884861093 0.531278224307074 1.99805292768311 20
458478 1646.96527897777 1644.56213847095 0.531278224307074 1.99805292768311 20
458479 1632.62285066282 1634.08377049657 0.531278224307074 1.99805292768311 20
458480 1636.54088193469 1638.8199902514 0.531278224307074 1.99805292768311 20
458481 1627.88090383669 1628.05955596955 0.531278224307074 1.99805292768311 20
458482 1626.67749967046 1626.78777075305 0.531278224307074 1.99805292768311 20
458483 1624.71573449261 1619.65124086159 0.531278224307074 1.99805292768311 20
458484 1622.96017753653 1618.47146710466 0.531278224307074 1.99805292768311 20
458485 1608.48358734082 1612.07388630612 0.531278224307074 1.99805292768311 20
458486 1605.09924848357 1609.63268456765 0.531278224307074 1.99805292768311 20
458487 1589.06214532912 1593.11864028481 0.531278224307074 1.99805292768311 20
458488 1588.41381094242 1590.77896318747 0.531278224307074 1.99805292768311 20
458489 1582.45802529297 1585.07847876197 0.531278224307074 1.99805292768311 20
458490 1573.70544532087 1566.87764782622 0.531278224307074 1.99805292768311 20
458491 1564.1454827506 1558.06327979543 0.531278224307074 1.99805292768311 20
458492 1540.25615461436 1548.86921429548 0.531278224307074 1.99805292768311 20
458493 1546.50012158169 1538.30158250156 0.531278224307074 1.99805292768311 20
458494 1535.52096468073 1529.95047601527 0.531278224307074 1.99805292768311 20
458495 1510.86424883257 1521.4647050113 0.531278224307074 1.99805292768311 20
458496 1516.09540937489 1513.1584002469 0.531278224307074 1.99805292768311 20
458497 1501.76040254953 1503.49923946986 0.531278224307074 1.99805292768311 20
458498 1486.19522996534 1493.55804208152 0.531278224307074 1.99805292768311 20
458499 1479.58295016135 1482.96209403179 0.531278224307074 1.99805292768311 20
458500 1473.14088600475 1462.37329617144 0.531278224307074 1.99805292768311 20
458501 1457.36661528026 1458.84399590674 0.531278224307074 1.99805292768311 20
458502 1452.06195338009 1446.73832682509 0.531278224307074 1.99805292768311 20
458503 1444.55690971771 1438.6556142264 0.531278224307074 1.99805292768311 20
458504 1433.00009785032 1425.16343834539 0.531278224307074 1.99805292768311 20
458505 1422.2882320412 1419.70496416913 0.531278224307074 1.99805292768311 20
458506 1421.93178344925 1413.01634836829 0.531278224307074 1.99805292768311 20
458507 1407.9263471543 1406.9167559149 0.531278224307074 1.99805292768311 20
458508 1403.56068721922 1396.05484702406 0.531278224307074 1.99805292768311 20
458509 1394.64222831062 1389.06133347085 0.531278224307074 1.99805292768311 20
458510 1390.36077053933 1389.97033791382 0.531278224307074 1.99805292768311 20
458511 1383.09203011178 1382.95474926216 0.531278224307074 1.99805292768311 20
458512 1380.59784870019 1375.6459876858 0.531278224307074 1.99805292768311 20
458513 1364.16364081961 1370.534012171 0.531278224307074 1.99805292768311 20
458514 1369.31309801611 1357.19249016569 0.531278224307074 1.99805292768311 20
458515 1361.01660473435 1364.48911453537 0.531278224307074 1.99805292768311 20
458516 1352.42943364391 1352.16479233575 0.531278224307074 1.99805292768311 20
458517 1343.72135763005 1346.1335940019 0.531278224307074 1.99805292768311 20
458518 1337.1652746508 1335.67247861266 0.531278224307074 1.99805292768311 20
458519 1321.43997154067 1329.92746641153 0.531278224307074 1.99805292768311 20
458520 1325.11081010665 1317.55579866199 0.531278224307074 1.99805292768311 20
458521 1308.56490323311 1305.82160097281 0.531278224307074 1.99805292768311 20
458522 1297.28211584365 1303.77314445246 0.531278224307074 1.99805292768311 20
458523 1291.79558241814 1287.27170987247 0.531278224307074 1.99805292768311 20
458524 1280.09016831441 1290.82878964226 0.531278224307074 1.99805292768311 20
458525 1271.55312712603 1267.26127230787 0.531278224307074 1.99805292768311 20
458526 1269.93397370448 1271.94917365945 0.531278224307074 1.99805292768311 20
458527 1265.85129790743 1258.13525154264 0.531278224307074 1.99805292768311 20
458528 1246.20727578516 1256.78291964512 0.531278224307074 1.99805292768311 20
458529 1238.27190138028 1234.99243620637 0.531278224307074 1.99805292768311 20
458530 1219.81084009187 1233.36855446961 0.531278224307074 1.99805292768311 20
458531 1216.37307043014 1224.82861894324 0.531278224307074 1.99805292768311 20
458532 1201.46172718746 1209.74869342799 0.531278224307074 1.99805292768311 20
458533 1199.64968819792 1200.04714236365 0.531278224307074 1.99805292768311 20
458534 1180.290815417 1193.47941639696 0.531278224307074 1.99805292768311 20
458535 1174.31942359244 1172.044345706 0.531278224307074 1.99805292768311 20
458536 1158.69894243615 1161.9403055086 0.531278224307074 1.99805292768311 20
458537 1149.99480723088 1148.98422005713 0.531278224307074 1.99805292768311 20
458538 1140.36309590435 1149.50235070807 0.531278224307074 1.99805292768311 20
458539 1127.78726198078 1133.41869122336 0.531278224307074 1.99805292768311 20
458540 1123.14474360634 1116.31290005524 0.531278224307074 1.99805292768311 20
458541 1112.81568295666 1116.20159336866 0.531278224307074 1.99805292768311 20
458542 1093.8479230479 1095.37596187029 0.531278224307074 1.99805292768311 20
458543 1091.34786357227 1098.6505060378 0.531278224307074 1.99805292768311 20
458544 1075.11589014266 1078.75529848893 0.531278224307074 1.99805292768311 20
458545 1074.62332524888 1068.33547835638 0.531278224307074 1.99805292768311 20
458546 1069.06965075063 1077.15982645264 0.531278224307074 1.99805292768311 20
458547 1066.41944535268 1064.00267745446 0.531278224307074 1.99805292768311 20
458548 1051.52864391383 1050.66299419752 0.531278224307074 1.99805292768311 20
458549 1051.44292922745 1048.85361832751 0.531278224307074 1.99805292768311 20
458550 1046.51221928922 1039.44972012782 0.531278224307074 1.99805292768311 20
458551 1034.89637666729 1032.70752251204 0.531278224307074 1.99805292768311 20
458552 1031.30207944987 1012.67205259029 0.531278224307074 1.99805292768311 20
458553 1022.87728214688 1018.06910161359 0.531278224307074 1.99805292768311 20
458554 1011.81341512393 1018.51120608944 0.531278224307074 1.99805292768311 20
458555 1002.94220511722 993.687431149069 0.531278224307074 1.99805292768311 20
458556 999.147251085536 999.737576603737 0.531278224307074 1.99805292768311 20
458557 990.30342506776 996.268196254666 0.531278224307074 1.99805292768311 20
458558 988.239204210828 993.801061556671 0.531278224307074 1.99805292768311 20
458559 983.338790861833 983.193711009404 0.531278224307074 1.99805292768311 20
458560 974.797655707768 978.026483407675 0.531278224307074 1.99805292768311 20
458561 967.344377560087 966.930774174239 0.531278224307074 1.99805292768311 20
458562 965.491752852566 967.187765689425 0.531278224307074 1.99805292768311 20
458563 951.349554168097 947.780151603785 0.531278224307074 1.99805292768311 20
458564 948.974899477411 946.639003521838 0.531278224307074 1.99805292768311 20
458565 948.723386307382 936.335770868522 0.531278224307074 1.99805292768311 20
458566 933.998568616072 938.783593980468 0.531278224307074 1.99805292768311 20
458567 924.640686686438 923.782626944069 0.531278224307074 1.99805292768311 20
458568 912.995093997566 913.82468394135 0.531278224307074 1.99805292768311 20
458569 916.540051643791 913.001948448591 0.531278224307074 1.99805292768311 20
458570 916.185320571837 914.855981043594 0.531278224307074 1.99805292768311 20
458571 893.299858769599 894.595268863634 0.531278224307074 1.99805292768311 20
458572 889.075269400529 900.897629843603 0.531278224307074 1.99805292768311 20
458573 883.795884917147 885.954192670145 0.531278224307074 1.99805292768311 20
458574 884.567901140058 888.431715494852 0.531278224307074 1.99805292768311 20
458575 874.401416530074 881.621136753558 0.531278224307074 1.99805292768311 20
458576 873.293790093144 873.154838477209 0.531278224307074 1.99805292768311 20
458577 860.493199008221 866.805596874902 0.531278224307074 1.99805292768311 20
458578 867.299662434954 859.045264609858 0.531278224307074 1.99805292768311 20
458579 851.4277834684 858.650702480068 0.531278224307074 1.99805292768311 20
458580 852.598152125405 850.957737063105 0.531278224307074 1.99805292768311 20
458581 845.969063830054 855.960795369218 0.531278224307074 1.99805292768311 20
458582 859.979823905071 844.590518021237 0.531278224307074 1.99805292768311 20
458583 857.770487952903 844.791851577887 0.531278224307074 1.99805292768311 20
458584 857.245153381073 859.022069438247 0.531278224307074 1.99805292768311 20
458585 857.420536852784 860.266936580765 0.531278224307074 1.99805292768311 20
458586 861.174769412333 862.591332596729 0.531278224307074 1.99805292768311 20
458587 877.381908022925 875.627575789477 0.531278224307074 1.99805292768311 20
458588 882.04448167975 870.707189278368 0.531278224307074 1.99805292768311 20
458589 886.289831557987 887.835812013937 0.531278224307074 1.99805292768311 20
458590 903.231219745495 901.183667804691 0.531278224307074 1.99805292768311 20
458591 903.14553331582 911.362329208533 0.531278224307074 1.99805292768311 20
458592 912.034498991642 918.993088334988 0.531278224307074 1.99805292768311 20
458593 922.569487133794 929.1721991308 0.531278224307074 1.99805292768311 20
458594 939.725654401523 945.073344483536 0.531278224307074 1.99805292768311 20
458595 951.269027761588 952.48517239004 0.531278224307074 1.99805292768311 20
458596 956.152504407166 951.49955589175 0.531278224307074 1.99805292768311 20
458597 964.240155869985 974.933803177639 0.531278224307074 1.99805292768311 20
458598 979.239013362428 978.09550325446 0.531278224307074 1.99805292768311 20
458599 987.726865788264 988.025534525317 0.531278224307074 1.99805292768311 20
458600 997.742049330224 993.375396321737 0.531278224307074 1.99805292768311 20
458601 1008.75593389418 1010.6839941567 0.531278224307074 1.99805292768311 20
458602 1026.27560864015 1022.78907740162 0.531278224307074 1.99805292768311 20
458603 1034.12539213783 1030.96263057431 0.531278224307074 1.99805292768311 20
458604 1034.5214773447 1041.99001438227 0.531278224307074 1.99805292768311 20
458605 1052.80875318693 1054.09101721845 0.531278224307074 1.99805292768311 20
458606 1067.82848297564 1073.23727691701 0.531278224307074 1.99805292768311 20
458607 1071.39762904747 1073.294989058 0.531278224307074 1.99805292768311 20
458608 1085.37385157991 1092.84924714696 0.531278224307074 1.99805292768311 20
458609 1097.48782801699 1106.38785329889 0.531278224307074 1.99805292768311 20
458610 1111.82384226979 1109.79599192306 0.531278224307074 1.99805292768311 20
458611 1121.16586693629 1110.61319955116 0.531278224307074 1.99805292768311 20
458612 1134.0389727555 1119.27997722133 0.531278224307074 1.99805292768311 20
458613 1140.79060043413 1149.45725866675 0.531278224307074 1.99805292768311 20
458614 1149.35172801903 1153.6910545517 0.531278224307074 1.99805292768311 20
458615 1160.25459800101 1163.97713492978 0.531278224307074 1.99805292768311 20
458616 1174.34755523495 1169.77435770923 0.531278224307074 1.99805292768311 20
458617 1175.33663901083 1185.91223611329 0.531278224307074 1.99805292768311 20
458618 1184.8735736454 1185.30752202392 0.531278224307074 1.99805292768311 20
458619 1198.53173956881 1206.3678823111 0.531278224307074 1.99805292768311 20
458620 1206.20369332758 1202.66725605693 0.531278224307074 1.99805292768311 20
458621 1216.1446068371 1219.76078148622 0.531278224307074 1.99805292768311 20
458622 1218.97426754209 1211.71308173579 0.531278224307074 1.99805292768311 20
458623 1216.22946871301 1219.10574941012 0.531278224307074 1.99805292768311 20
458624 1228.24798784266 1231.34003957916 0.531278224307074 1.99805292768311 20
458625 1235.03557361524 1228.03368276292 0.531278224307074 1.99805292768311 20
458626 1242.72714620196 1232.51248493383 0.531278224307074 1.99805292768311 20
458627 1250.91535637323 1239.62921548918 0.531278224307074 1.99805292768311 20
458628 1240.88804000721 1240.84760885076 0.531278224307074 1.99805292768311 20
458629 1244.18121897971 1248.02693308834 0.531278224307074 1.99805292768311 20
458630 1249.5575135923 1243.93370903207 0.531278224307074 1.99805292768311 20
458631 1256.03986748317 1254.29621194967 0.531278224307074 1.99805292768311 20
458632 1262.76135812408 1260.87377890436 0.531278224307074 1.99805292768311 20
458633 1264.22757830726 1268.09968605182 0.531278224307074 1.99805292768311 20
458634 1264.86624083101 1257.65883390244 0.531278224307074 1.99805292768311 20
458635 1273.37796444322 1266.24506843466 0.531278224307074 1.99805292768311 20
458636 1270.00565301044 1269.08303776097 0.531278224307074 1.99805292768311 20
458637 1277.64270918883 1286.77815339382 0.531278224307074 1.99805292768311 20
458638 1291.66412925923 1285.46677109373 0.531278224307074 1.99805292768311 20
458639 1295.7244443691 1289.27772639235 0.531278224307074 1.99805292768311 20
458640 1303.66546021625 1299.56174303632 0.531278224307074 1.99805292768311 20
458641 1310.35240274394 1298.75468757202 0.531278224307074 1.99805292768311 20
458642 1309.19995386135 1309.79213648409 0.531278224307074 1.99805292768311 20
458643 1327.78023172071 1312.51956616718 0.531278224307074 1.99805292768311 20
458644 1316.87660805718 1313.0450315989 0.531278224307074 1.99805292768311 20
458645 1318.85677210641 1328.13535670987 0.531278224307074 1.99805292768311 20
458646 1329.52974510463 1337.72181551958 0.531278224307074 1.99805292768311 20
458647 1341.85355489624 1329.76079647556 0.531278224307074 1.99805292768311 20
458648 1338.54206539043 1338.14530413542 0.531278224307074 1.99805292768311 20
458649 1344.75061897216 1338.50535396585 0.531278224307074 1.99805292768311 20
458650 1345.17679595252 1356.15476182586 0.531278224307074 1.99805292768311 20
458651 1351.81766957251 1343.8221021384 0.531278224307074 1.99805292768311 20
458652 1354.712631956 1352.20385934881 0.531278224307074 1.99805292768311 20
458653 1354.44746869896 1360.90599580685 0.531278224307074 1.99805292768311 20
458654 1357.95986916849 1356.3994057838 0.531278224307074 1.99805292768311 20
458655 1361.77288715024 1346.81745593964 0.531278224307074 1.99805292768311 20
458656 1348.21020607708 1347.55765916397 0.531278224307074 1.99805292768311 20
458657 1347.70106406755 1343.59602484261 0.531278224307074 1.99805292768311 20
458658 1357.26829055063 1359.52350246402 0.531278224307074 1.99805292768311 20
458659 1346.980311469 1353.71667174461 0.531278224307074 1.99805292768311 20
458660 1357.90158402399 1354.59351696935 0.531278224307074 1.99805292768311 20
458661 1353.78981178602 1349.0620157525 0.531278224307074 1.99805292768311 20
458662 1358.11916176092 1358.64715634617 0.531278224307074 1.99805292768311 20
458663 1363.73094747343 1362.16017751096 0.531278224307074 1.99805292768311 20
458664 1363.85586437555 1353.5720555108 0.531278224307074 1.99805292768311 20
458665 1354.67647673904 1353.91406138819 0.531278224307074 1.99805292768311 20
458666 1353.92245807055 1356.26687928501 0.531278224307074 1.99805292768311 20
458667 1351.41920058875 1356.87060385139 0.531278224307074 1.99805292768311 20
458668 1358.58344592217 1357.06668808333 0.531278224307074 1.99805292768311 20
458669 1351.92867298276 1349.06310984565 0.531278224307074 1.99805292768311 20
458670 1356.25336157575 1362.08578981262 0.531278224307074 1.99805292768311 20
458671 1343.94990511722 1355.71258214008 0.531278224307074 1.99805292768311 20
458672 1357.32106747257 1352.67229103666 0.531278224307074 1.99805292768311 20
458673 1347.23709928085 1351.05958425475 0.531278224307074 1.99805292768311 20
458674 1352.91827033684 1357.36827674624 0.531278224307074 1.99805292768311 20
458675 1348.96629865629 1359.81024465071 0.531278224307074 1.99805292768311 20
458676 1361.44923336723 1366.42648169338 0.531278224307074 1.99805292768311 20
458677 1368.74868888385 1357.27734075813 0.531278224307074 1.99805292768311 20
458678 1354.62013515926 1362.87093890364 0.531278224307074 1.99805292768311 20
458679 1366.1904083051 1364.02375351984 0.531278224307074 1.99805292768311 20
458680 1365.63553126927 1369.96113731849 0.531278224307074 1.99805292768311 20
458681 1383.23490870004 1369.056863601 0.531278224307074 1.99805292768311 20
458682 1376.46041426515 1384.94010424537 0.531278224307074 1.99805292768311 20
458683 1388.03214721673 1392.34619001303 0.531278224307074 1.99805292768311 20
458684 1395.45402367837 1392.08804386898 0.531278224307074 1.99805292768311 20
458685 1396.49400926338 1401.23269743808 0.531278224307074 1.99805292768311 20
458686 1397.82419373701 1401.86248572312 0.531278224307074 1.99805292768311 20
458687 1412.70201999368 1411.05188569298 0.531278224307074 1.99805292768311 20
458688 1423.9965004143 1411.23349167214 0.531278224307074 1.99805292768311 20
458689 1416.60836512938 1421.0957865947 0.531278224307074 1.99805292768311 20
458690 1436.66703885671 1431.36842984797 0.531278224307074 1.99805292768311 20
458691 1441.71534348621 1439.43793731917 0.531278224307074 1.99805292768311 20
458692 1444.40460329768 1430.64392071094 0.531278224307074 1.99805292768311 20
458693 1454.34221508952 1447.97780635976 0.531278224307074 1.99805292768311 20
458694 1462.88510880382 1454.17785859912 0.531278224307074 1.99805292768311 20
458695 1468.49711375599 1464.47551645764 0.531278224307074 1.99805292768311 20
458696 1473.07869018769 1477.80144408857 0.531278224307074 1.99805292768311 20
458697 1475.67368792309 1475.95516901986 0.531278224307074 1.99805292768311 20
458698 1493.00256167191 1489.97252293833 0.531278224307074 1.99805292768311 20
458699 1503.72712128288 1495.49406753332 0.531278224307074 1.99805292768311 20
458700 1506.95491820864 1499.40552288238 0.531278224307074 1.99805292768311 20
458701 1506.50151486721 1508.68888707733 0.531278224307074 1.99805292768311 20
458702 1507.53630456683 1519.62986991364 0.531278224307074 1.99805292768311 20
458703 1529.77098118417 1526.74439254967 0.531278224307074 1.99805292768311 20
458704 1533.28323758189 1531.89271558443 0.531278224307074 1.99805292768311 20
458705 1549.1304794699 1544.40883699798 0.531278224307074 1.99805292768311 20
458706 1551.01414196456 1546.25025295375 0.531278224307074 1.99805292768311 20
458707 1563.98207244451 1554.97432442331 0.531278224307074 1.99805292768311 20
458708 1564.11765924024 1560.00582992022 0.531278224307074 1.99805292768311 20
458709 1562.71135732595 1569.66845389696 0.531278224307074 1.99805292768311 20
458710 1575.31386488998 1577.03022948275 0.531278224307074 1.99805292768311 20
458711 1582.17611464012 1584.56078651121 0.531278224307074 1.99805292768311 20
458712 1591.42112959831 1597.88813992989 0.531278224307074 1.99805292768311 20
458713 1602.95806477441 1599.73482757045 0.531278224307074 1.99805292768311 20
458714 1605.8882211413 1611.19620406526 0.531278224307074 1.99805292768311 20
458715 1608.28349787151 1611.27198024171 0.531278224307074 1.99805292768311 20
458716 1605.72589758305 1610.75445777543 0.531278224307074 1.99805292768311 20
458717 1622.18765929709 1622.88398702242 0.531278224307074 1.99805292768311 20
458718 1630.84423080391 1615.10206768755 0.531278224307074 1.99805292768311 20
458719 1618.89571736668 1623.55172286872 0.531278224307074 1.99805292768311 20
458720 1617.62047008239 1623.70659803565 0.531278224307074 1.99805292768311 20
458721 1619.20340609424 1617.98946297372 0.531278224307074 1.99805292768311 20
458722 1625.44416050586 1627.46803602756 0.531278224307074 1.99805292768311 20
458723 1619.93150526089 1628.8232871535 0.531278224307074 1.99805292768311 20
458724 1624.73076530953 1633.84237036024 0.531278224307074 1.99805292768311 20
458725 1622.65695334468 1627.96196935698 0.531278224307074 1.99805292768311 20
458726 1624.78532809308 1632.63733709953 0.531278224307074 1.99805292768311 20
458727 1634.7688295668 1622.10108753158 0.531278224307074 1.99805292768311 20
458728 1624.22305704472 1625.56137939022 0.531278224307074 1.99805292768311 20
458729 1627.38620818543 1629.17936305939 0.531278224307074 1.99805292768311 20
458730 1633.11885766913 1628.71835176565 0.531278224307074 1.99805292768311 20
458731 1620.02202844366 1627.92745187957 0.531278224307074 1.99805292768311 20
458732 1626.21310923471 1628.84783214769 0.531278224307074 1.99805292768311 20
458733 1620.14401732782 1629.0122568679 0.531278224307074 1.99805292768311 20
458734 1631.03446918613 1630.91991231644 0.531278224307074 1.99805292768311 20
458735 1625.6654513814 1630.71727665554 0.531278224307074 1.99805292768311 20
458736 1623.48707442997 1627.24399347544 0.531278224307074 1.99805292768311 20
458737 1634.93753132512 1627.87577723844 0.531278224307074 1.99805292768311 20
458738 1622.85110927452 1626.12753591289 0.531278224307074 1.99805292768311 20
458739 1623.52007747572 1623.44643609542 0.531278224307074 1.99805292768311 20
458740 1622.16732054288 1622.7323262405 0.531278224307074 1.99805292768311 20
458741 1635.58397873811 1621.7066275427 0.531278224307074 1.99805292768311 20
458742 1635.2062239269 1625.5971421127 0.531278224307074 1.99805292768311 20
458743 1625.35762503654 1628.98951378986 0.531278224307074 1.99805292768311 20
458744 1624.11265453378 1634.13676674248 0.531278224307074 1.99805292768311 20
458745 1633.75435209338 1626.31908231785 0.531278224307074 1.99805292768311 20
458746 1617.9087682026 1621.04922052932 0.531278224307074 1.99805292768311 20
458747 1620.65171218212 1628.732080168 0.531278224307074 1.99805292768311 20
458748 1623.33440059828 1628.07168051241 0.531278224307074 1.99805292768311 20
458749 1623.90199862792 1623.07977276197 0.531278224307074 1.99805292768311 20
458750 1623.61657302957 1621.78236488163 0.531278224307074 1.99805292768311 20
458751 1624.68116871388 1614.19157744738 0.531278224307074 1.99805292768311 20
458752 1629.28317509298 1628.17094852097 0.531278224307074 1.99805292768311 20
458753 1623.77959068696 1628.74078219422 0.531278224307074 1.99805292768311 20
458754 1625.5306254546 1614.68125892149 0.531278224307074 1.99805292768311 20
458755 1629.26829327202 1624.08379609921 0.531278224307074 1.99805292768311 20
458756 1630.49181203303 1634.54326723926 0.531278224307074 1.99805292768311 20
458757 1627.64602378769 1627.62991519594 0.531278224307074 1.99805292768311 20
458758 1624.93332242016 1626.27532966906 0.531278224307074 1.99805292768311 20
458759 1618.14271646381 1629.77113844956 0.531278224307074 1.99805292768311 20
458760 1623.2592448905 1626.34053917995 0.531278224307074 1.99805292768311 20
458761 1625.53902715917 1630.84571524868 0.531278224307074 1.99805292768311 20
458762 1636.10693430036 1627.06384213193 0.531278224307074 1.99805292768311 20
458763 1631.65928751504 1626.90187432522 0.531278224307074 1.99805292768311 20
458764 1636.3933760114 1627.08139082989 0.531278224307074 1.99805292768311 20
458765 1629.08592472983 1637.03819092885 0.531278224307074 1.99805292768311 20
458766 1645.91069375617 1646.78507578717 0.531278224307074 1.99805292768311 20
458767 1647.77817228061 1646.55333350215 0.531278224307074 1.99805292768311 20
458768 1648.21001025222 1648.1476838004 0.531278224307074 1.99805292768311 20
458769 1651.32627374361 1665.18635211873 0.531278224307074 1.99805292768311 20
458770 1654.81495290563 1663.96170986549 0.531278224307074 1.99805292768311 20
458771 1681.73425803792 1666.9341219024 0.531278224307074 1.99805292768311 20
458772 1687.74878276509 1667.31909892057 0.531278224307074 1.99805292768311 20
458773 1685.97139153861 1683.4570451846 0.531278224307074 1.99805292768311 20
458774 1692.22555854348 1684.76348669658 0.531278224307074 1.99805292768311 20
458775 1704.73029663016 1700.02057763049 0.531278224307074 1.99805292768311 20
458776 1717.1227885697 1712.56080911176 0.531278224307074 1.99805292768311 20
458777 1723.40647390373 1723.74818063733 0.531278224307074 1.99805292768311 20
458778 1733.89038397937 1739.36404215285 0.531278224307074 1.99805292768311 20
458779 1740.98230783292 1744.41306820021 0.531278224307074 1.99805292768311 20
458780 1747.10237539414 1747.54307491374 0.531278224307074 1.99805292768311 20
458781 1760.89097264432 1767.11736549018 0.531278224307074 1.99805292768311 20
458782 1779.99257999435 1770.78019030844 0.531278224307074 1.99805292768311 20
458783 1782.88311924653 1782.81768152346 0.531278224307074 1.99805292768311 20
458784 1783.658029762 1793.730584589 0.531278224307074 1.99805292768311 20
458785 1802.51191685689 1805.73433501537 0.531278224307074 1.99805292768311 20
458786 1821.32001013052 1813.12529135485 0.531278224307074 1.99805292768311 20
458787 1828.82899431204 1823.28221229008 0.531278224307074 1.99805292768311 20
458788 1824.65298247846 1827.87092358282 0.531278224307074 1.99805292768311 20
458789 1840.53472982545 1842.65718650438 0.531278224307074 1.99805292768311 20
458790 1862.87473501818 1851.95864089044 0.531278224307074 1.99805292768311 20
458791 1857.2206282377 1859.60713751681 0.531278224307074 1.99805292768311 20
458792 1867.68292919062 1852.68940124014 0.531278224307074 1.99805292768311 20
458793 1878.95234370464 1876.22198392517 0.531278224307074 1.99805292768311 20
458794 1880.40377939493 1875.80695566791 0.531278224307074 1.99805292768311 20
458795 1892.70785834176 1895.58607932261 0.531278224307074 1.99805292768311 20
458796 1895.01618983279 1902.34428689187 0.531278224307074 1.99805292768311 20
458797 1900.17036083403 1904.34314947669 0.531278224307074 1.99805292768311 20
458798 1899.76607625951 1899.68648635396 0.531278224307074 1.99805292768311 20
458799 1904.46741161645 1911.52811595589 0.531278224307074 1.99805292768311 20
458800 1920.42816677282 1921.46993429363 0.531278224307074 1.99805292768311 20
458801 1924.87123934127 1921.33524003021 0.531278224307074 1.99805292768311 20
458802 1919.76449448504 1932.50413970066 0.531278224307074 1.99805292768311 20
458803 1936.27041389925 1931.50850809487 0.531278224307074 1.99805292768311 20
458804 1941.38170754699 1934.76168602013 0.531278224307074 1.99805292768311 20
458805 1944.8807665696 1943.79424136008 0.531278224307074 1.99805292768311 20
458806 1949.14909207239 1953.90539138787 0.531278224307074 1.99805292768311 20
458807 1939.49859931208 1956.36238822741 0.531278224307074 1.99805292768311 20
458808 1958.3193933249 1963.63866058214 0.531278224307074 1.99805292768311 20
458809 1965.82235024199 1967.91282966286 0.531278224307074 1.99805292768311 20
458810 1973.69437960502 1959.81773462747 0.531278224307074 1.99805292768311 20
458811 1990.37985834992 1972.12503593678 0.531278224307074 1.99805292768311 20
458812 1975.48738060665 1987.79802577963 0.531278224307074 1.99805292768311 20
458813 1992.10661536614 1979.06496031751 0.531278224307074 1.99805292768311 20
458814 1998.81642395955 1988.85372177275 0.531278224307074 1.99805292768311 20
458815 2012.47660374157 2005.44542965818 0.531278224307074 1.99805292768311 20
458816 2011.14701300748 2009.85989002118 0.531278224307074 1.99805292768311 20
458817 2022.17379862316 2016.4969933497 0.531278224307074 1.99805292768311 20
458818 2030.33731235006 2034.467514787 0.531278224307074 1.99805292768311 20
458819 2033.40649301926 2033.28337138502 0.531278224307074 1.99805292768311 20
458820 2037.63541960637 2042.01655735674 0.531278224307074 1.99805292768311 20
458821 2052.6793479969 2048.59925419738 0.531278224307074 1.99805292768311 20
458822 2057.19493884346 2058.77955667182 0.531278224307074 1.99805292768311 20
458823 2058.32692620742 2063.67314135217 0.531278224307074 1.99805292768311 20
458824 2062.72473193776 2075.00812147432 0.531278224307074 1.99805292768311 20
458825 2088.17661513498 2087.1797317575 0.531278224307074 1.99805292768311 20
458826 2093.26494109559 2091.54485137116 0.531278224307074 1.99805292768311 20
458827 2091.43986562634 2093.07523673241 0.531278224307074 1.99805292768311 20
458828 2090.92891862659 2100.88949711934 0.531278224307074 1.99805292768311 20
458829 2106.07538076952 2101.91212080299 0.531278224307074 1.99805292768311 20
458830 2098.00876314156 2098.12753912151 0.531278224307074 1.99805292768311 20
458831 2096.46525005792 2100.77488066692 0.531278224307074 1.99805292768311 20
458832 2096.66857827395 2089.63523936507 0.531278224307074 1.99805292768311 20
458833 2078.75281085367 2082.8632648579 0.531278224307074 1.99805292768311 20
458834 2074.89634324925 2073.15887394497 0.531278224307074 1.99805292768311 20
458835 2070.05373970325 2072.04359328715 0.531278224307074 1.99805292768311 20
458836 2066.18308844057 2071.57817595928 0.531278224307074 1.99805292768311 20
458837 2068.94141987409 2051.16828019971 0.531278224307074 1.99805292768311 20
458838 2057.94548272996 2053.79043572993 0.531278224307074 1.99805292768311 20
458839 2041.55367970414 2045.06580201747 0.531278224307074 1.99805292768311 20
458840 2035.716755906 2031.75571369438 0.531278224307074 1.99805292768311 20
458841 2017.94308950304 2027.22835962915 0.531278224307074 1.99805292768311 20
458842 2009.99362400052 2007.6875754075 0.531278224307074 1.99805292768311 20
458843 1993.62968890535 2005.25190254067 0.531278224307074 1.99805292768311 20
458844 1998.67068173797 2009.57520605289 0.531278224307074 1.99805292768311 20
458845 1987.68287187548 1984.66998223595 0.531278224307074 1.99805292768311 20
458846 1976.41058362299 1975.8284220572 0.531278224307074 1.99805292768311 20
458847 1962.73172155942 1971.59593049521 0.531278224307074 1.99805292768311 20
458848 1963.6865078063 1961.75545772055 0.531278224307074 1.99805292768311 20
458849 1950.15369206281 1953.90941244512 0.531278224307074 1.99805292768311 20
458850 1936.55035950445 1948.39104246209 0.531278224307074 1.99805292768311 20
458851 1917.041321532 1937.27638156535 0.531278224307074 1.99805292768311 20
458852 1923.96273189374 1923.57325907854 0.531278224307074 1.99805292768311 20
458853 1916.7387304444 1915.75484305313 0.531278224307074 1.99805292768311 20
458854 1907.68402471063 1910.5547316759 0.531278224307074 1.99805292768311 20
458855 1909.46639994623 1908.5438039981 0.531278224307074 1.99805292768311 20
458856 1900.31053697527 1898.32328263478 0.531278224307074 1.99805292768311 20
458857 1884.45647096694 1893.84098466517 0.531278224307074 1.99805292768311 20
458858 1890.21026353283 1884.38099871298 0.531278224307074 1.99805292768311 20
458859 1881.75928574474 1872.11135804318 0.531278224307074 1.99805292768311 20
458860 1868.07897947172 1877.73990318622 0.531278224307074 1.99805292768311 20
458861 1868.47486797415 1865.86398051284 0.531278224307074 1.99805292768311 20
458862 1857.69520917684 1861.66606830768 0.531278224307074 1.99805292768311 20
458863 1852.82144254861 1852.57874190681 0.531278224307074 1.99805292768311 20
458864 1849.56331672474 1848.94806455806 0.531278224307074 1.99805292768311 20
458865 1831.86788521032 1842.03050777762 0.531278224307074 1.99805292768311 20
458866 1829.61272125019 1836.71226667502 0.531278224307074 1.99805292768311 20
458867 1825.93892694843 1821.71959234571 0.531278224307074 1.99805292768311 20
458868 1819.72969473265 1822.85520905424 0.531278224307074 1.99805292768311 20
458869 1810.72454598878 1821.93016226716 0.531278224307074 1.99805292768311 20
458870 1808.68120766128 1800.06165399175 0.531278224307074 1.99805292768311 20
458871 1801.29252172996 1797.58038923784 0.531278224307074 1.99805292768311 20
458872 1780.60142530679 1784.45768737349 0.531278224307074 1.99805292768311 20
458873 1786.99430672696 1790.91902980782 0.531278224307074 1.99805292768311 20
458874 1775.77646490641 1769.68114924699 0.531278224307074 1.99805292768311 20
458875 1775.68468527391 1777.54877483076 0.531278224307074 1.99805292768311 20
458876 1764.83685730043 1760.35662947099 0.531278224307074 1.99805292768311 20
458877 1753.63314815204 1753.97784636528 0.531278224307074 1.99805292768311 20
458878 1745.09497779616 1745.46253445272 0.531278224307074 1.99805292768311 20
458879 1747.03005329055 1741.7949352151 0.531278224307074 1.99805292768311 20
458880 1723.78739303796 1724.83547508776 0.531278224307074 1.99805292768311 20
458881 1722.15173286847 1724.81334719389 0.531278224307074 1.99805292768311 20
458882 1717.92954102077 1708.65785323261 0.531278224307074 1.99805292768311 20
458883 1698.45028562987 1713.80685975999 0.531278224307074 1.99805292768311 20
458884 1699.57635172122 1709.20678943215 0.531278224307074 1.99805292768311 20
458885 1701.47318364263 1705.90213277811 0.531278224307074 1.99805292768311 20
458886 1689.20754482002 1692.52862100914 0.531278224307074 1.99805292768311 20
458887 1693.01622706633 1687.25925449467 0.531278224307074 1.99805292768311 20
458888 1677.4273330173 1679.20389056409 0.531278224307074 1.99805292768311 20
458889 1672.98458371147 1669.46963774983 0.531278224307074 1.99805292768311 20
458890 1673.41698493034 1663.57870740695 0.531278224307074 1.99805292768311 20
458891 1655.66871077456 1672.33168538104 0.531278224307074 1.99805292768311 20
458892 1659.28448802724 1655.77522912666 0.531278224307074 1.99805292768311 20
458893 1645.12223206536 1651.73164823049 0.531278224307074 1.99805292768311 20
458894 1650.20648832898 1650.7701931693 0.531278224307074 1.99805292768311 20
458895 1638.50681060407 1648.37312970884 0.531278224307074 1.99805292768311 20
458896 1636.56922434007 1651.80537267877 0.531278224307074 1.99805292768311 20
458897 1638.39962831998 1644.52929081896 0.531278224307074 1.99805292768311 20
458898 1630.8870444732 1650.55304325986 0.531278224307074 1.99805292768311 20
458899 1632.81764602842 1635.66070124593 0.531278224307074 1.99805292768311 20
458900 1633.67270420695 1638.25064679849 0.531278224307074 1.99805292768311 20
458901 1630.77358931768 1628.79997542672 0.531278224307074 1.99805292768311 20
458902 1629.40235711413 1632.95542100086 0.531278224307074 1.99805292768311 20
458903 1631.43010661753 1648.54946414051 0.531278224307074 1.99805292768311 20
458904 1644.24245675466 1633.45668543967 0.531278224307074 1.99805292768311 20
458905 1631.17484427365 1632.22275730485 0.531278224307074 1.99805292768311 20
458906 1636.77456088858 1628.24698403047 0.531278224307074 1.99805292768311 20
458907 1634.52916876346 1633.53703459976 0.531278224307074 1.99805292768311 20
458908 1647.64734800057 1631.27401761341 0.531278224307074 1.99805292768311 20
458909 1634.61060092116 1635.17147002308 0.531278224307074 1.99805292768311 20
458910 1631.71109341646 1630.20017293301 0.531278224307074 1.99805292768311 20
458911 1634.98918724484 1628.60116280464 0.531278224307074 1.99805292768311 20
458912 1644.50964829274 1635.66810383017 0.531278224307074 1.99805292768311 20
458913 1640.64041412035 1626.46076818185 0.531278224307074 1.99805292768311 20
458914 1632.37294795863 1622.75820882711 0.531278224307074 1.99805292768311 20
458915 1636.96783503929 1625.77202243183 0.531278224307074 1.99805292768311 20
458916 1636.79836442668 1634.38196561434 0.531278224307074 1.99805292768311 20
458917 1635.35514607461 1639.27258998376 0.531278224307074 1.99805292768311 20
458918 1632.67231041333 1625.38299137344 0.531278224307074 1.99805292768311 20
458919 1637.77288152515 1625.85948186802 0.531278224307074 1.99805292768311 20
458920 1624.57266507254 1634.00740526352 0.531278224307074 1.99805292768311 20
458921 1627.59743380613 1625.58282111237 0.531278224307074 1.99805292768311 20
458922 1623.5703494827 1627.39212126681 0.531278224307074 1.99805292768311 20
458923 1627.68112620183 1623.85703351479 0.531278224307074 1.99805292768311 20
458924 1610.7130323184 1619.82219879175 0.531278224307074 1.99805292768311 20
458925 1614.90657209723 1612.20454017824 0.531278224307074 1.99805292768311 20
458926 1621.94148112838 1618.32951393471 0.531278224307074 1.99805292768311 20
458927 1610.6041735183 1603.32035214395 0.531278224307074 1.99805292768311 20
458928 1616.51630261272 1603.20961815921 0.531278224307074 1.99805292768311 20
458929 1602.29241226671 1593.30290932118 0.531278224307074 1.99805292768311 20
458930 1601.35155934617 1590.57467618461 0.531278224307074 1.99805292768311 20
458931 1587.45806223566 1593.27435806432 0.531278224307074 1.99805292768311 20
458932 1594.48719518257 1588.24887390546 0.531278224307074 1.99805292768311 20
458933 1589.60272817208 1582.05534103831 0.531278224307074 1.99805292768311 20
458934 1578.20415054461 1579.82654742776 0.531278224307074 1.99805292768311 20
458935 1575.50710798431 1581.76024234152 0.531278224307074 1.99805292768311 20
458936 1571.27041337058 1573.55609851721 0.531278224307074 1.99805292768311 20
458937 1570.53056399324 1571.1913838185 0.531278224307074 1.99805292768311 20
458938 1567.97718719097 1568.34540404163 0.531278224307074 1.99805292768311 20
458939 1558.11845343638 1551.23560255456 0.531278224307074 1.99805292768311 20
458940 1557.2993905849 1557.51664607286 0.531278224307074 1.99805292768311 20
458941 1545.75596305672 1550.11421206796 0.531278224307074 1.99805292768311 20
458942 1552.22077483849 1541.46871652218 0.531278224307074 1.99805292768311 20
458943 1536.80483107365 1547.37635250664 0.531278224307074 1.99805292768311 20
458944 1538.01200676183 1537.53313738865 0.531278224307074 1.99805292768311 20
458945 1533.57070597816 1528.62899649407 0.531278224307074 1.99805292768311 20
458946 1533.95519020605 1529.51912401056 0.531278224307074 1.99805292768311 20
458947 1529.18924395628 1526.61402348312 0.531278224307074 1.99805292768311 20
458948 1527.16055731549 1519.20978464013 0.531278224307074 1.99805292768311 20
458949 1525.01712905454 1518.33372977541 0.531278224307074 1.99805292768311 20
458950 1521.51355082529 1514.66445055197 0.531278224307074 1.99805292768311 20
458951 1516.39072831007 1514.42285644237 0.531278224307074 1.99805292768311 20
458952 1512.95232910538 1516.13629700044 0.531278224307074 1.99805292768311 20
458953 1515.41804152002 1514.46177085634 0.531278224307074 1.99805292768311 20
458954 1511.30167074993 1513.50468406408 0.531278224307074 1.99805292768311 20
458955 1504.7512234995 1502.925828214 0.531278224307074 1.99805292768311 20
458956 1489.66215920747 1507.70056296917 0.531278224307074 1.99805292768311 20
458957 1502.77198705593 1500.06684147023 0.531278224307074 1.99805292768311 20
458958 1506.95930626793 1510.40657217096 0.531278224307074 1.99805292768311 20
458959 1508.11213963483 1502.29730304671 0.531278224307074 1.99805292768311 20
458960 1519.04882998355 1517.81352651718 0.531278224307074 1.99805292768311 20
458961 1506.15992476299 1512.70888863922 0.531278224307074 1.99805292768311 20
458962 1526.2143708136 1520.26166454946 0.531278224307074 1.99805292768311 20
458963 1533.19200932056 1536.61282983304 0.531278224307074 1.99805292768311 20
458964 1538.50012884787 1534.01439505173 0.531278224307074 1.99805292768311 20
458965 1546.84664246452 1546.31046837723 0.531278224307074 1.99805292768311 20
458966 1555.83567189842 1540.72510934929 0.531278224307074 1.99805292768311 20
458967 1566.86849923323 1562.15528449895 0.531278224307074 1.99805292768311 20
458968 1572.89228888441 1565.55092835925 0.531278224307074 1.99805292768311 20
458969 1574.16658460059 1580.5525033952 0.531278224307074 1.99805292768311 20
458970 1585.80863936661 1593.52389960198 0.531278224307074 1.99805292768311 20
458971 1585.51829519153 1601.19771753957 0.531278224307074 1.99805292768311 20
458972 1595.49600032141 1606.20638083488 0.531278224307074 1.99805292768311 20
458973 1613.85602449155 1606.13712440705 0.531278224307074 1.99805292768311 20
458974 1631.37367543246 1622.85485611872 0.531278224307074 1.99805292768311 20
458975 1635.75814620937 1637.25050503471 0.531278224307074 1.99805292768311 20
458976 1635.46934720242 1650.69311531881 0.531278224307074 1.99805292768311 20
458977 1650.63806343943 1660.20329709423 0.531278224307074 1.99805292768311 20
458978 1664.78729145189 1668.98626681898 0.531278224307074 1.99805292768311 20
458979 1686.822238873 1681.53001094272 0.531278224307074 1.99805292768311 20
458980 1686.05810873137 1685.41910760443 0.531278224307074 1.99805292768311 20
458981 1708.36305058462 1699.00937883684 0.531278224307074 1.99805292768311 20
458982 1714.24760632551 1703.50492495414 0.531278224307074 1.99805292768311 20
458983 1725.43637071715 1714.61874644584 0.531278224307074 1.99805292768311 20
458984 1723.05500119357 1728.16988208006 0.531278224307074 1.99805292768311 20
458985 1737.57799347498 1739.31143949396 0.531278224307074 1.99805292768311 20
458986 1742.58612070831 1740.89142143863 0.531278224307074 1.99805292768311 20
458987 1744.94476061907 1742.82370736398 0.531278224307074 1.99805292768311 20
458988 1766.08292827447 1755.21139729003 0.531278224307074 1.99805292768311 20
458989 1772.96850814688 1770.39059232548 0.531278224307074 1.99805292768311 20
458990 1765.6099904985 1763.66897726786 0.531278224307074 1.99805292768311 20
458991 1775.40173139055 1782.90258501358 0.531278224307074 1.99805292768311 20
458992 1783.66861901612 1778.95553494475 0.531278224307074 1.99805292768311 20
458993 1774.98661001056 1776.17058614728 0.531278224307074 1.99805292768311 20
458994 1783.25971818694 1770.1649592151 0.531278224307074 1.99805292768311 20
458995 1787.8519599727 1775.58367387588 0.531278224307074 1.99805292768311 20
458996 1778.68173115626 1787.04765689643 0.531278224307074 1.99805292768311 20
458997 1788.17103560813 1771.71004363576 0.531278224307074 1.99805292768311 20
458998 1783.44528766762 1787.06928963966 0.531278224307074 1.99805292768311 20
458999 1788.34168161905 1796.34225044965 0.531278224307074 1.99805292768311 20
459000 1789.63456869225 1793.17797730593 0.531278224307074 1.99805292768311 20
459001 1800.76045958881 1791.22982763246 0.531278224307074 1.99805292768311 20
459002 1802.24202188342 1796.99603871392 0.531278224307074 1.99805292768311 20
459003 1804.40668382457 1811.17911218629 0.531278224307074 1.99805292768311 20
459004 1814.98361088475 1806.85620772876 0.531278224307074 1.99805292768311 20
459005 1805.79402111677 1806.66802538607 0.531278224307074 1.99805292768311 20
459006 1818.52187826847 1815.40076985424 0.531278224307074 1.99805292768311 20
459007 1827.82337120535 1816.45051506292 0.531278224307074 1.99805292768311 20
459008 1818.6841845439 1813.7517190608 0.531278224307074 1.99805292768311 20
459009 1825.60740892994 1818.59232152361 0.531278224307074 1.99805292768311 20
459010 1827.45137717084 1818.21356665833 0.531278224307074 1.99805292768311 20
459011 1832.91910817339 1825.76965813867 0.531278224307074 1.99805292768311 20
459012 1836.78982483457 1832.34844344921 0.531278224307074 1.99805292768311 20
459013 1829.84206164767 1836.45532514141 0.531278224307074 1.99805292768311 20
459014 1837.01406704713 1836.38678584235 0.531278224307074 1.99805292768311 20
459015 1846.05281848022 1844.71522876809 0.531278224307074 1.99805292768311 20
459016 1847.43987224422 1851.10372107016 0.531278224307074 1.99805292768311 20
459017 1848.50227854204 1847.88269250845 0.531278224307074 1.99805292768311 20
459018 1849.36002156218 1844.83877027134 0.531278224307074 1.99805292768311 20
459019 1856.2796153138 1853.23462517848 0.531278224307074 1.99805292768311 20
459020 1854.25205748677 1860.05993212528 0.531278224307074 1.99805292768311 20
459021 1852.60824412733 1859.85743837362 0.531278224307074 1.99805292768311 20
459022 1849.31369330715 1856.09581924477 0.531278224307074 1.99805292768311 20
459023 1854.45149820204 1848.80373910459 0.531278224307074 1.99805292768311 20
459024 1863.02722301275 1862.95300760103 0.531278224307074 1.99805292768311 20
459025 1853.50166846275 1859.5161045741 0.531278224307074 1.99805292768311 20
459026 1850.97491748869 1858.01371463818 0.531278224307074 1.99805292768311 20
459027 1853.52533517451 1866.14173109953 0.531278224307074 1.99805292768311 20
459028 1856.08332090388 1854.71606855802 0.531278224307074 1.99805292768311 20
459029 1861.16726663206 1856.35282014049 0.531278224307074 1.99805292768311 20
459030 1857.92342797681 1862.57495965611 0.531278224307074 1.99805292768311 20
459031 1856.45288786823 1859.03351068308 0.531278224307074 1.99805292768311 20
459032 1856.53771650745 1854.94043317424 0.531278224307074 1.99805292768311 20
459033 1851.11312873778 1849.2145077512 0.531278224307074 1.99805292768311 20
459034 1861.76161937912 1862.93581758285 0.531278224307074 1.99805292768311 20
459035 1865.64604162734 1855.06863507088 0.531278224307074 1.99805292768311 20
459036 1861.05407398408 1859.14941952547 0.531278224307074 1.99805292768311 20
459037 1861.33935509523 1858.77608052102 0.531278224307074 1.99805292768311 20
459038 1858.41467219395 1864.01690692837 0.531278224307074 1.99805292768311 20
459039 1860.84771243145 1858.20055453341 0.531278224307074 1.99805292768311 20
459040 1859.78773834004 1859.62404933024 0.531278224307074 1.99805292768311 20
459041 1857.03367888361 1860.59782669874 0.531278224307074 1.99805292768311 20
459042 1857.97904828213 1863.6674320594 0.531278224307074 1.99805292768311 20
459043 1863.10417221719 1863.33781402102 0.531278224307074 1.99805292768311 20
459044 1876.14845579268 1866.82967505362 0.531278224307074 1.99805292768311 20
459045 1869.49409000643 1877.21469856854 0.531278224307074 1.99805292768311 20
459046 1873.12524749392 1881.57833298659 0.531278224307074 1.99805292768311 20
459047 1875.80280027778 1869.71417410862 0.531278224307074 1.99805292768311 20
459048 1888.62684895189 1888.77154404518 0.531278224307074 1.99805292768311 20
459049 1881.72444450712 1885.57939299931 0.531278224307074 1.99805292768311 20
459050 1896.55006391943 1893.39545079039 0.531278224307074 1.99805292768311 20
459051 1886.22908129298 1890.81434219792 0.531278224307074 1.99805292768311 20
459052 1914.67780747571 1896.83378743507 0.531278224307074 1.99805292768311 20
459053 1905.64326550793 1907.38876969463 0.531278224307074 1.99805292768311 20
459054 1910.158331905 1916.74273037805 0.531278224307074 1.99805292768311 20
459055 1916.23552583207 1917.59483594616 0.531278224307074 1.99805292768311 20
459056 1920.45469100819 1924.11268757754 0.531278224307074 1.99805292768311 20
459057 1935.57974567067 1925.48586198722 0.531278224307074 1.99805292768311 20
459058 1940.19129298376 1936.932992021 0.531278224307074 1.99805292768311 20
459059 1947.28693158656 1949.10260495097 0.531278224307074 1.99805292768311 20
459060 1953.12196663556 1954.69848403453 0.531278224307074 1.99805292768311 20
459061 1951.96016884519 1956.5396779698 0.531278224307074 1.99805292768311 20
459062 1974.39773840855 1970.66154463921 0.531278224307074 1.99805292768311 20
459063 1973.83359466457 1967.6479296405 0.531278224307074 1.99805292768311 20
459064 1985.51475687322 1977.3604245146 0.531278224307074 1.99805292768311 20
459065 1981.7536627194 1991.35774294059 0.531278224307074 1.99805292768311 20
459066 1991.47390487604 2000.76075466236 0.531278224307074 1.99805292768311 20
459067 1999.83224688056 2004.84014596486 0.531278224307074 1.99805292768311 20
459068 2010.06412599349 2006.22804434888 0.531278224307074 1.99805292768311 20
459069 2018.98213813214 2015.37892457266 0.531278224307074 1.99805292768311 20
459070 2024.81044930278 2018.22207486189 0.531278224307074 1.99805292768311 20
459071 2039.29431810811 2028.82555273287 0.531278224307074 1.99805292768311 20
459072 2037.39913358369 2033.85310755387 0.531278224307074 1.99805292768311 20
459073 2053.17834933232 2043.53477729177 0.531278224307074 1.99805292768311 20
459074 2052.15038475947 2049.81812438158 0.531278224307074 1.99805292768311 20
459075 2055.80576798805 2052.66184114603 0.531278224307074 1.99805292768311 20
459076 2068.85319742143 2071.96933539569 0.531278224307074 1.99805292768311 20
459077 2066.35346756689 2083.55656800744 0.531278224307074 1.99805292768311 20
459078 2069.23223738601 2080.58545893367 0.531278224307074 1.99805292768311 20
459079 2082.94767563637 2084.232130935 0.531278224307074 1.99805292768311 20
459080 2089.28794688648 2089.9599251983 0.531278224307074 1.99805292768311 20
459081 2098.87258276215 2086.58389838954 0.531278224307074 1.99805292768311 20
459082 2098.55249539589 2095.78316029646 0.531278224307074 1.99805292768311 20
459083 2096.65204394627 2102.9734864493 0.531278224307074 1.99805292768311 20
459084 2100.42821394072 2103.13812183834 0.531278224307074 1.99805292768311 20
459085 2112.84884890823 2100.93629677281 0.531278224307074 1.99805292768311 20
459086 2100.77287364415 2101.79819213025 0.531278224307074 1.99805292768311 20
459087 2099.43595683777 2106.9068048984 0.531278224307074 1.99805292768311 20
459088 2106.46802286299 2107.2433482335 0.531278224307074 1.99805292768311 20
459089 2112.52917735387 2106.62331638662 0.531278224307074 1.99805292768311 20
459090 2096.30213481135 2104.97744882594 0.531278224307074 1.99805292768311 20
459091 2109.94989466156 2100.29864377632 0.531278224307074 1.99805292768311 20
459092 2102.11381527025 2107.57210072282 0.531278224307074 1.99805292768311 20
459093 2102.1335691242 2105.29620673591 0.531278224307074 1.99805292768311 20
459094 2100.39155114613 2108.13941590889 0.531278224307074 1.99805292768311 20
459095 2104.38975847412 2108.80634087792 0.531278224307074 1.99805292768311 20
459096 2108.02110268867 2104.83750018131 0.531278224307074 1.99805292768311 20
459097 2105.01352162538 2105.20123643871 0.531278224307074 1.99805292768311 20
459098 2114.18532528286 2101.76054591098 0.531278224307074 1.99805292768311 20
459099 2104.09900530611 2113.5105951435 0.531278224307074 1.99805292768311 20
459100 2112.02850520068 2104.73905471578 0.531278224307074 1.99805292768311 20
459101 2112.70544585743 2106.25985560985 0.531278224307074 1.99805292768311 20
459102 2106.19552372302 2105.95364134669 0.531278224307074 1.99805292768311 20
459103 2097.17572743004 2114.33483961238 0.531278224307074 1.99805292768311 20
459104 2116.91136167734 2105.84451174628 0.531278224307074 1.99805292768311 20
459105 2096.6801425104 2105.4864928306 0.531278224307074 1.99805292768311 20
459106 2105.82422341976 2113.11857881897 0.531278224307074 1.99805292768311 20
459107 2106.35527125618 2114.79660041 0.531278224307074 1.99805292768311 20
459108 2100.53779449435 2108.8610897152 0.531278224307074 1.99805292768311 20
459109 2106.24864459121 2107.55865116577 0.531278224307074 1.99805292768311 20
459110 2112.90052661682 2105.09674106901 0.531278224307074 1.99805292768311 20
459111 2113.56348108301 2118.53438625264 0.531278224307074 1.99805292768311 20
459112 2120.1736352038 2128.94169191354 0.531278224307074 1.99805292768311 20
459113 2127.45464598474 2118.61684366766 0.531278224307074 1.99805292768311 20
459114 2130.89805193417 2129.89809810085 0.531278224307074 1.99805292768311 20
459115 2129.38422495186 2148.44481901836 0.531278224307074 1.99805292768311 20
459116 2152.05836197274 2148.03018310027 0.531278224307074 1.99805292768311 20
459117 2151.01224074314 2151.68689559673 0.531278224307074 1.99805292768311 20
459118 2162.06749749422 2167.32716379326 0.531278224307074 1.99805292768311 20
459119 2179.43561268235 2172.66213265222 0.531278224307074 1.99805292768311 20
459120 2186.30062276797 2187.84634595354 0.531278224307074 1.99805292768311 20
459121 2185.29145256049 2198.08446241271 0.531278224307074 1.99805292768311 20
459122 2199.09622830537 2192.12909629423 0.531278224307074 1.99805292768311 20
459123 2204.55044206091 2207.59500927063 0.531278224307074 1.99805292768311 20
459124 2215.7107804895 2222.56546195834 0.531278224307074 1.99805292768311 20
459125 2228.62354799821 2231.48361363709 0.531278224307074 1.99805292768311 20
459126 2241.77803145199 2233.03614594914 0.531278224307074 1.99805292768311 20
459127 2251.9146412404 2239.05548538621 0.531278224307074 1.99805292768311 20
459128 2246.56478003837 2257.46515165145 0.531278224307074 1.99805292768311 20
459129 2257.8644996465 2268.6327812596 0.531278224307074 1.99805292768311 20
459130 2277.88750383507 2274.75219587085 0.531278224307074 1.99805292768311 20
459131 2288.69022830074 2288.14689291775 0.531278224307074 1.99805292768311 20
459132 2302.25738716894 2293.82683343437 0.531278224307074 1.99805292768311 20
459133 2315.38430577162 2305.9870022083 0.531278224307074 1.99805292768311 20
459134 2319.95284326769 2316.9770374039 0.531278224307074 1.99805292768311 20
459135 2333.5975862275 2323.82849631015 0.531278224307074 1.99805292768311 20
459136 2343.89602295578 2331.10487224473 0.531278224307074 1.99805292768311 20
459137 2345.35981534598 2345.32928176847 0.531278224307074 1.99805292768311 20
459138 2358.0381858615 2358.28897068232 0.531278224307074 1.99805292768311 20
459139 2369.38606204803 2365.13932878815 0.531278224307074 1.99805292768311 20
459140 2368.1118169102 2374.81926622966 0.531278224307074 1.99805292768311 20
459141 2386.24121159614 2379.587291415 0.531278224307074 1.99805292768311 20
459142 2389.70487080987 2380.6708978065 0.531278224307074 1.99805292768311 20
459143 2397.06901682844 2397.44498464885 0.531278224307074 1.99805292768311 20
459144 2398.2895255074 2406.26784573822 0.531278224307074 1.99805292768311 20
459145 2412.34375127665 2414.67027921521 0.531278224307074 1.99805292768311 20
459146 2416.49396927493 2412.32760537226 0.531278224307074 1.99805292768311 20
459147 2431.63446326789 2429.0625033488 0.531278224307074 1.99805292768311 20
459148 2421.37399448633 2423.55779450983 0.531278224307074 1.99805292768311 20
459149 2411.29275197195 2427.01297199928 0.531278224307074 1.99805292768311 20
459150 2418.57183572975 2413.33229164378 0.531278224307074 1.99805292768311 20
459151 2423.09302444749 2413.8027933664 0.531278224307074 1.99805292768311 20
459152 2403.2511875095 2411.29748468237 0.531278224307074 1.99805292768311 20
459153 2389.2878628704 2402.69886085669 0.531278224307074 1.99805292768311 20
459154 2400.42246645247 2396.12147382131 0.531278224307074 1.99805292768311 20
459155 2393.41203463827 2384.53111980635 0.531278224307074 1.99805292768311 20
459156 2387.7667230196 2389.43713866429 0.531278224307074 1.99805292768311 20
459157 2375.86712486456 2370.65411507711 0.531278224307074 1.99805292768311 20
459158 2373.52315150322 2366.73374778862 0.531278224307074 1.99805292768311 20
459159 2363.70763447136 2361.3774135169 0.531278224307074 1.99805292768311 20
459160 2352.55704860505 2356.18473381135 0.531278224307074 1.99805292768311 20
459161 2350.97211457589 2353.60979521888 0.531278224307074 1.99805292768311 20
459162 2336.21552277493 2336.98012968439 0.531278224307074 1.99805292768311 20
459163 2329.73878517517 2332.09558802962 0.531278224307074 1.99805292768311 20
459164 2325.37227937039 2308.99371911196 0.531278224307074 1.99805292768311 20
459165 2312.83629424017 2308.83562433342 0.531278224307074 1.99805292768311 20
459166 2297.15288595636 2300.90422563765 0.531278224307074 1.99805292768311 20
459167 2291.27507531172 2294.8491710149 0.531278224307074 1.99805292768311 20
459168 2287.54796576595 2285.73484383839 0.531278224307074 1.99805292768311 20
459169 2273.44680219302 2281.5869802028 0.531278224307074 1.99805292768311 20
459170 2276.1877272559 2271.31039378267 0.531278224307074 1.99805292768311 20
459171 2265.52075987841 2263.80826176373 0.531278224307074 1.99805292768311 20
459172 2255.79423441709 2249.21203327167 0.531278224307074 1.99805292768311 20
459173 2250.59411559619 2254.38020664503 0.531278224307074 1.99805292768311 20
459174 2240.22251237443 2245.05472697088 0.531278224307074 1.99805292768311 20
459175 2231.65283486889 2226.059469385 0.531278224307074 1.99805292768311 20
459176 2219.023717504 2218.5679025336 0.531278224307074 1.99805292768311 20
459177 2212.16994083712 2211.71701982603 0.531278224307074 1.99805292768311 20
459178 2195.38506612474 2186.14364643659 0.531278224307074 1.99805292768311 20
459179 2185.96892198014 2178.18786056206 0.531278224307074 1.99805292768311 20
459180 2183.45704798262 2187.71298135385 0.531278224307074 1.99805292768311 20
459181 2167.6987895736 2171.21736569003 0.531278224307074 1.99805292768311 20
459182 2159.36265749867 2162.59314210483 0.531278224307074 1.99805292768311 20
459183 2148.43312343553 2155.0657838014 0.531278224307074 1.99805292768311 20
459184 2147.9709051242 2158.18298016636 0.531278224307074 1.99805292768311 20
459185 2146.34113565494 2146.79600453765 0.531278224307074 1.99805292768311 20
459186 2140.43105268297 2144.83605429381 0.531278224307074 1.99805292768311 20
459187 2136.49345232752 2139.09560424726 0.531278224307074 1.99805292768311 20
459188 2125.74513596419 2138.69697771276 0.531278224307074 1.99805292768311 20
459189 2131.25495300718 2134.01326007078 0.531278224307074 1.99805292768311 20
459190 2134.90655445872 2130.37646448665 0.531278224307074 1.99805292768311 20
459191 2124.99802417104 2129.09541581702 0.531278224307074 1.99805292768311 20
459192 2132.48523670467 2130.46241575967 0.531278224307074 1.99805292768311 20
459193 2133.6336566422 2129.17895628612 0.531278224307074 1.99805292768311 20
459194 2116.31207316746 2130.12899482295 0.531278224307074 1.99805292768311 20
459195 2125.52755283088 2127.66764756655 0.531278224307074 1.99805292768311 20
459196 2130.94647333627 2128.68012927401 0.531278224307074 1.99805292768311 20
459197 2128.22443929817 2119.83189836207 0.531278224307074 1.99805292768311 20
459198 2122.75809202461 2124.97089578314 0.531278224307074 1.99805292768311 20
459199 2121.82472598156 2117.95775097209 0.531278224307074 1.99805292768311 20
459200 2119.62445096343 2116.25827331867 0.531278224307074 1.99805292768311 20
459201 2120.56722470823 2119.23799848817 0.531278224307074 1.99805292768311 20
459202 2109.15924717665 2115.01079422881 0.531278224307074 1.99805292768311 20
459203 2100.26145574805 2106.82730886634 0.531278224307074 1.99805292768311 20
459204 2098.02158292553 2102.22039630976 0.531278224307074 1.99805292768311 20
459205 2091.74501352061 2101.14320596898 0.531278224307074 1.99805292768311 20
459206 2086.32621890155 2089.44044626187 0.531278224307074 1.99805292768311 20
459207 2090.66698833439 2086.0283095556 0.531278224307074 1.99805292768311 20
459208 2081.8849413739 2073.02747669242 0.531278224307074 1.99805292768311 20
459209 2065.11955143533 2070.40601295304 0.531278224307074 1.99805292768311 20
459210 2061.72902356636 2058.08872944617 0.531278224307074 1.99805292768311 20
459211 2062.71857762258 2063.54188460513 0.531278224307074 1.99805292768311 20
459212 2044.341299034 2037.86413766991 0.531278224307074 1.99805292768311 20
459213 2043.75976374 2038.62119516012 0.531278224307074 1.99805292768311 20
459214 2036.34560570321 2034.57134597858 0.531278224307074 1.99805292768311 20
459215 2027.09051770262 2021.28243888999 0.531278224307074 1.99805292768311 20
459216 2015.24787333518 2017.18990361007 0.531278224307074 1.99805292768311 20
459217 2012.44347520626 2002.92190898317 0.531278224307074 1.99805292768311 20
459218 1995.97642772259 2000.40187050491 0.531278224307074 1.99805292768311 20
459219 1994.22834190331 1991.85120060043 0.531278224307074 1.99805292768311 20
459220 1980.32024353044 1983.44616488158 0.531278224307074 1.99805292768311 20
459221 1974.2871672913 1953.65048964761 0.531278224307074 1.99805292768311 20
459222 1963.96822633031 1963.56574026536 0.531278224307074 1.99805292768311 20
459223 1953.17252166238 1959.0831130621 0.531278224307074 1.99805292768311 20
459224 1946.38026183409 1952.54648145729 0.531278224307074 1.99805292768311 20
459225 1936.10380417811 1950.2921452212 0.531278224307074 1.99805292768311 20
459226 1941.67449431857 1946.81512520731 0.531278224307074 1.99805292768311 20
459227 1936.85689789127 1931.30859516412 0.531278224307074 1.99805292768311 20
459228 1931.07927266635 1922.3019953044 0.531278224307074 1.99805292768311 20
459229 1919.50963379136 1932.38664520812 0.531278224307074 1.99805292768311 20
459230 1922.98000161917 1924.22560155042 0.531278224307074 1.99805292768311 20
459231 1925.60454204289 1926.86222914371 0.531278224307074 1.99805292768311 20
459232 1923.11546784931 1931.7494940837 0.531278224307074 1.99805292768311 20
459233 1930.0121587506 1932.2085846351 0.531278224307074 1.99805292768311 20
459234 1930.84896442376 1930.59750503433 0.531278224307074 1.99805292768311 20
459235 1931.47793231329 1936.12659769272 0.531278224307074 1.99805292768311 20
459236 1924.10017009721 1920.1535920667 0.531278224307074 1.99805292768311 20
459237 1932.77313837122 1920.50510591567 0.531278224307074 1.99805292768311 20
459238 1931.8954563662 1928.2073125198 0.531278224307074 1.99805292768311 20
459239 1929.60083037603 1928.44028529532 0.531278224307074 1.99805292768311 20
459240 1920.11908932669 1932.18610945265 0.531278224307074 1.99805292768311 20
459241 1932.09073354942 1925.38427370751 0.531278224307074 1.99805292768311 20
459242 1929.98771506559 1927.09060160922 0.531278224307074 1.99805292768311 20
459243 1931.74554711398 1921.95982140143 0.531278224307074 1.99805292768311 20
459244 1924.63714450381 1913.00805332505 0.531278224307074 1.99805292768311 20
459245 1918.2132804312 1921.62020884876 0.531278224307074 1.99805292768311 20
459246 1930.07312509142 1911.46935423882 0.531278224307074 1.99805292768311 20
459247 1922.39612707576 1919.39046800066 0.531278224307074 1.99805292768311 20
459248 1923.91324733367 1916.98385906604 0.531278224307074 1.99805292768311 20
459249 1900.28469108902 1913.64811608116 0.531278224307074 1.99805292768311 20
459250 1906.14513237847 1912.88547191552 0.531278224307074 1.99805292768311 20
459251 1896.42752926164 1904.81279480952 0.531278224307074 1.99805292768311 20
459252 1882.83219389004 1885.72726800437 0.531278224307074 1.99805292768311 20
459253 1875.91411750721 1876.36700986328 0.531278224307074 1.99805292768311 20
459254 1880.23737748939 1875.19715088048 0.531278224307074 1.99805292768311 20
459255 1872.19675780618 1874.10048887855 0.531278224307074 1.99805292768311 20
459256 1862.59379906393 1871.78640881051 0.531278224307074 1.99805292768311 20
459257 1857.32804261822 1855.12899266089 0.531278224307074 1.99805292768311 20
459258 1842.12515272823 1854.07635517027 0.531278224307074 1.99805292768311 20
459259 1841.07384733269 1840.92500854314 0.531278224307074 1.99805292768311 20
459260 1831.00296710483 1838.65048698124 0.531278224307074 1.99805292768311 20
459261 1826.79219066307 1828.35465618569 0.531278224307074 1.99805292768311 20
459262 1829.49230573258 1821.21232636833 0.531278224307074 1.99805292768311 20
459263 1813.84724762438 1814.20461427442 0.531278224307074 1.99805292768311 20
459264 1806.41699376148 1798.07353709619 0.531278224307074 1.99805292768311 20
459265 1796.49245940031 1802.21630691624 0.531278224307074 1.99805292768311 20
459266 1777.0392251583 1781.13583100965 0.531278224307074 1.99805292768311 20
459267 1777.14635203839 1762.77189223179 0.531278224307074 1.99805292768311 20
459268 1759.74489999331 1760.52418364691 0.531278224307074 1.99805292768311 20
459269 1755.24497393625 1761.0211448024 0.531278224307074 1.99805292768311 20
459270 1751.10029896502 1744.31700400257 0.531278224307074 1.99805292768311 20
459271 1739.72366778445 1743.90212902842 0.531278224307074 1.99805292768311 20
459272 1729.33987066369 1720.10705627918 0.531278224307074 1.99805292768311 20
459273 1730.54237002171 1718.58410990883 0.531278224307074 1.99805292768311 20
459274 1718.64323281056 1715.19865207066 0.531278224307074 1.99805292768311 20
459275 1704.40959201016 1707.6273202366 0.531278224307074 1.99805292768311 20
459276 1698.42225815123 1707.13137399864 0.531278224307074 1.99805292768311 20
459277 1695.53866843926 1695.14240745305 0.531278224307074 1.99805292768311 20
459278 1695.25086988742 1694.78983382637 0.531278224307074 1.99805292768311 20
459279 1688.44826566327 1687.60405362868 0.531278224307074 1.99805292768311 20
459280 1677.86019341371 1680.85968406619 0.531278224307074 1.99805292768311 20
459281 1668.02776379379 1679.31299549646 0.531278224307074 1.99805292768311 20
459282 1677.74095740711 1666.39318224644 0.531278224307074 1.99805292768311 20
459283 1666.19278646326 1667.37380178461 0.531278224307074 1.99805292768311 20
459284 1658.28752137564 1656.33725589423 0.531278224307074 1.99805292768311 20
459285 1651.37317721117 1647.59504363723 0.531278224307074 1.99805292768311 20
459286 1646.57030768761 1643.30872123476 0.531278224307074 1.99805292768311 20
459287 1640.23912287476 1642.19745402506 0.531278224307074 1.99805292768311 20
459288 1622.26897283103 1627.25881536741 0.531278224307074 1.99805292768311 20
459289 1619.6557539704 1614.94949607133 0.531278224307074 1.99805292768311 20
459290 1608.14628357221 1609.90851561736 0.531278224307074 1.99805292768311 20
459291 1600.19176013392 1599.03546462769 0.531278224307074 1.99805292768311 20
459292 1591.25727793053 1588.32859782813 0.531278224307074 1.99805292768311 20
459293 1581.52908579469 1575.17784789028 0.531278224307074 1.99805292768311 20
459294 1570.8123293439 1559.09919374718 0.531278224307074 1.99805292768311 20
459295 1563.60257725168 1564.05830466693 0.531278224307074 1.99805292768311 20
459296 1539.59017870863 1547.67044645918 0.531278224307074 1.99805292768311 20
459297 1539.66124012469 1536.38094516978 0.531278224307074 1.99805292768311 20
459298 1529.47017522493 1533.68023358464 0.531278224307074 1.99805292768311 20
459299 1514.87275008921 1513.70339810265 0.531278224307074 1.99805292768311 20
459300 1492.98815363648 1501.88580402907 0.531278224307074 1.99805292768311 20
459301 1488.4949583171 1482.71879505746 0.531278224307074 1.99805292768311 20
459302 1485.49733285677 1481.23748347121 0.531278224307074 1.99805292768311 20
459303 1476.68571046011 1475.86573332628 0.531278224307074 1.99805292768311 20
459304 1459.59563928554 1457.06093618682 0.531278224307074 1.99805292768311 20
459305 1452.57462549405 1450.30666776855 0.531278224307074 1.99805292768311 20
459306 1431.9341091771 1441.8586437606 0.531278224307074 1.99805292768311 20
459307 1432.15763238799 1436.10925207889 0.531278224307074 1.99805292768311 20
459308 1424.9611007525 1422.17374690262 0.531278224307074 1.99805292768311 20
459309 1430.72054509142 1412.63115838962 0.531278224307074 1.99805292768311 20
459310 1421.79920650225 1408.137090927 0.531278224307074 1.99805292768311 20
459311 1424.28156975424 1408.31408295804 0.531278224307074 1.99805292768311 20
459312 1408.41245068022 1411.30321205015 0.531278224307074 1.99805292768311 20
459313 1410.95132174732 1401.60855588569 0.531278224307074 1.99805292768311 20
459314 1405.48055825315 1412.88474668534 0.531278224307074 1.99805292768311 20
459315 1418.06626163886 1414.35889306354 0.531278224307074 1.99805292768311 20
459316 1420.98107020183 1428.84323792484 0.531278224307074 1.99805292768311 20
459317 1427.65744727374 1422.26677547728 0.531278224307074 1.99805292768311 20
459318 1436.00622954281 1425.83243993101 0.531278224307074 1.99805292768311 20
459319 1431.48729713547 1446.69392362844 0.531278224307074 1.99805292768311 20
459320 1428.96450827169 1432.11870246883 0.531278224307074 1.99805292768311 20
459321 1452.77022599669 1452.86129657248 0.531278224307074 1.99805292768311 20
459322 1459.93852032267 1448.0150911613 0.531278224307074 1.99805292768311 20
459323 1460.64183619526 1454.01236951453 0.531278224307074 1.99805292768311 20
459324 1472.16803220662 1482.98877421559 0.531278224307074 1.99805292768311 20
459325 1477.08473495093 1484.26712587635 0.531278224307074 1.99805292768311 20
459326 1500.71207679565 1485.82361041248 0.531278224307074 1.99805292768311 20
459327 1491.30104687176 1485.45493852948 0.531278224307074 1.99805292768311 20
459328 1494.2083197703 1507.05209398606 0.531278224307074 1.99805292768311 20
459329 1501.30585934709 1505.60357718306 0.531278224307074 1.99805292768311 20
459330 1528.43476435823 1513.44538757861 0.531278224307074 1.99805292768311 20
459331 1521.12312243989 1521.94156899134 0.531278224307074 1.99805292768311 20
459332 1530.15447199919 1530.9525699926 0.531278224307074 1.99805292768311 20
459333 1533.20826109633 1541.96748746209 0.531278224307074 1.99805292768311 20
459334 1548.13381458953 1546.77621310619 0.531278224307074 1.99805292768311 20
459335 1550.23392782058 1567.66440270507 0.531278224307074 1.99805292768311 20
459336 1563.70429039726 1563.68919095076 0.531278224307074 1.99805292768311 20
459337 1571.37455278268 1565.39277081235 0.531278224307074 1.99805292768311 20
459338 1578.77760651129 1571.35363343535 0.531278224307074 1.99805292768311 20
459339 1593.74519213917 1595.11002548362 0.531278224307074 1.99805292768311 20
459340 1599.59247514631 1597.62542458958 0.531278224307074 1.99805292768311 20
459341 1606.32608693179 1604.27677034161 0.531278224307074 1.99805292768311 20
459342 1611.64234869193 1605.9077282405 0.531278224307074 1.99805292768311 20
459343 1605.14203249782 1624.63762805117 0.531278224307074 1.99805292768311 20
459344 1623.68378616377 1623.59051480207 0.531278224307074 1.99805292768311 20
459345 1630.80916288575 1629.05217736402 0.531278224307074 1.99805292768311 20
459346 1636.116060257 1634.6049562352 0.531278224307074 1.99805292768311 20
459347 1635.31726475688 1636.98576674881 0.531278224307074 1.99805292768311 20
459348 1643.73621283299 1637.96539815011 0.531278224307074 1.99805292768311 20
459349 1634.24240024591 1633.62587946081 0.531278224307074 1.99805292768311 20
459350 1637.31859683827 1629.21243584494 0.531278224307074 1.99805292768311 20
459351 1634.59745130727 1634.81418332739 0.531278224307074 1.99805292768311 20
459352 1641.84960668458 1642.76761315326 0.531278224307074 1.99805292768311 20
459353 1628.72576511964 1642.70858215397 0.531278224307074 1.99805292768311 20
459354 1638.14531378586 1639.34731728827 0.531278224307074 1.99805292768311 20
459355 1636.97138395818 1627.52823638898 0.531278224307074 1.99805292768311 20
459356 1625.60546861583 1625.51164070359 0.531278224307074 1.99805292768311 20
459357 1636.86083250738 1642.91375086509 0.531278224307074 1.99805292768311 20
459358 1638.40658739017 1638.5075886901 0.531278224307074 1.99805292768311 20
459359 1642.73920948955 1637.18992769172 0.531278224307074 1.99805292768311 20
459360 1640.45437502341 1633.58056996927 0.531278224307074 1.99805292768311 20
459361 1638.01435056396 1636.58224366855 0.531278224307074 1.99805292768311 20
459362 1635.20805729734 1638.2689274712 0.531278224307074 1.99805292768311 20
459363 1636.8248275947 1629.76085787068 0.531278224307074 1.99805292768311 20
459364 1629.13523430066 1636.67168059679 0.531278224307074 1.99805292768311 20
459365 1633.60881592348 1634.24897439715 0.531278224307074 1.99805292768311 20
459366 1632.31337036314 1629.31782785409 0.531278224307074 1.99805292768311 20
459367 1631.82961051312 1640.12591878397 0.531278224307074 1.99805292768311 20
459368 1631.30460552806 1639.52400628096 0.531278224307074 1.99805292768311 20
459369 1639.90328990001 1638.28500480692 0.531278224307074 1.99805292768311 20
459370 1636.66512207883 1635.45509853131 0.531278224307074 1.99805292768311 20
459371 1633.27209755242 1637.21407907566 0.531278224307074 1.99805292768311 20
459372 1638.91516304168 1633.22067250321 0.531278224307074 1.99805292768311 20
459373 1638.45421777374 1634.17121049238 0.531278224307074 1.99805292768311 20
459374 1644.18433372061 1649.07580112046 0.531278224307074 1.99805292768311 20
459375 1641.65202427013 1643.0820210051 0.531278224307074 1.99805292768311 20
459376 1640.35588900404 1646.79272508586 0.531278224307074 1.99805292768311 20
459377 1654.43214914882 1654.58060178635 0.531278224307074 1.99805292768311 20
459378 1663.74603734329 1666.24760942791 0.531278224307074 1.99805292768311 20
459379 1661.98676255014 1675.48828840519 0.531278224307074 1.99805292768311 20
459380 1673.06945990621 1676.0789506863 0.531278224307074 1.99805292768311 20
459381 1688.18936642369 1679.75494734476 0.531278224307074 1.99805292768311 20
459382 1688.13763691435 1690.14282906398 0.531278224307074 1.99805292768311 20
459383 1698.04345321617 1690.78175453407 0.531278224307074 1.99805292768311 20
459384 1708.61970114551 1703.8108000895 0.531278224307074 1.99805292768311 20
459385 1718.12089065856 1720.57658042307 0.531278224307074 1.99805292768311 20
459386 1730.73273705555 1720.59992460087 0.531278224307074 1.99805292768311 20
459387 1728.08746353541 1733.87537881359 0.531278224307074 1.99805292768311 20
459388 1739.00245956313 1740.6435324053 0.531278224307074 1.99805292768311 20
459389 1756.85293659865 1753.6399754879 0.531278224307074 1.99805292768311 20
459390 1757.60631855327 1767.92579174653 0.531278224307074 1.99805292768311 20
459391 1769.07144929877 1770.81945428892 0.531278224307074 1.99805292768311 20
459392 1782.84043378154 1778.45889945665 0.531278224307074 1.99805292768311 20
459393 1783.83146258322 1782.22467312357 0.531278224307074 1.99805292768311 20
459394 1802.50607940946 1798.65738823246 0.531278224307074 1.99805292768311 20
459395 1803.60150666627 1808.88929864088 0.531278224307074 1.99805292768311 20
459396 1806.97056445325 1810.50101494439 0.531278224307074 1.99805292768311 20
459397 1821.54541732931 1818.02362022359 0.531278224307074 1.99805292768311 20
459398 1826.77895294734 1816.81293147295 0.531278224307074 1.99805292768311 20
459399 1832.14847174795 1826.33285583607 0.531278224307074 1.99805292768311 20
459400 1821.33920021438 1826.79024690153 0.531278224307074 1.99805292768311 20
459401 1824.49777803588 1828.56190428995 0.531278224307074 1.99805292768311 20
459402 1831.22253817224 1823.37557943443 0.531278224307074 1.99805292768311 20
459403 1838.00083747835 1832.89720886827 0.531278224307074 1.99805292768311 20
459404 1829.60262255437 1834.40885949096 0.531278224307074 1.99805292768311 20
459405 1836.18625317615 1844.37471717756 0.531278224307074 1.99805292768311 20
459406 1836.97791163234 1856.36270258935 0.531278224307074 1.99805292768311 20
459407 1855.52279814558 1845.93392204388 0.531278224307074 1.99805292768311 20
459408 1858.22585637156 1857.6677400009 0.531278224307074 1.99805292768311 20
459409 1877.28196989326 1862.95229956695 0.531278224307074 1.99805292768311 20
459410 1864.79325757253 1877.2577104407 0.531278224307074 1.99805292768311 20
459411 1879.81997946705 1871.11696064079 0.531278224307074 1.99805292768311 20
459412 1889.76032874986 1894.45539230998 0.531278224307074 1.99805292768311 20
459413 1888.52736406221 1911.96613251532 0.531278224307074 1.99805292768311 20
459414 1913.53020816307 1904.37629738806 0.531278224307074 1.99805292768311 20
459415 1923.97691534795 1913.43853539843 0.531278224307074 1.99805292768311 20
459416 1920.45352593115 1923.2652956863 0.531278224307074 1.99805292768311 20
459417 1948.35464585622 1938.50857184325 0.531278224307074 1.99805292768311 20
459418 1941.23207184169 1945.65525783539 0.531278224307074 1.99805292768311 20
459419 1966.20638745433 1952.96998511238 0.531278224307074 1.99805292768311 20
459420 1966.86187456001 1977.30425652511 0.531278224307074 1.99805292768311 20
459421 1981.25914652208 1989.60931266316 0.531278224307074 1.99805292768311 20
459422 1989.14442311064 1991.94810620085 0.531278224307074 1.99805292768311 20
459423 2008.29969122372 2005.86317509588 0.531278224307074 1.99805292768311 20
459424 2017.07152652863 2019.77438747926 0.531278224307074 1.99805292768311 20
459425 2026.66654696833 2023.7383907667 0.531278224307074 1.99805292768311 20
459426 2031.83226182187 2027.5994004805 0.531278224307074 1.99805292768311 20
459427 2048.32131287427 2044.79801696341 0.531278224307074 1.99805292768311 20
459428 2062.9925023586 2055.18204700302 0.531278224307074 1.99805292768311 20
459429 2077.43439862451 2069.64004989373 0.531278224307074 1.99805292768311 20
459430 2077.46632118537 2064.93254792423 0.531278224307074 1.99805292768311 20
459431 2085.56137345359 2083.91028277743 0.531278224307074 1.99805292768311 20
459432 2082.41755868011 2091.86681461384 0.531278224307074 1.99805292768311 20
459433 2096.14679634582 2105.0816832296 0.531278224307074 1.99805292768311 20
459434 2105.26964911633 2103.09292426743 0.531278224307074 1.99805292768311 20
459435 2110.54471531676 2126.86263891519 0.531278224307074 1.99805292768311 20
459436 2126.06446977944 2125.15072053112 0.531278224307074 1.99805292768311 20
459437 2123.73285643574 2122.08357550279 0.531278224307074 1.99805292768311 20
459438 2114.58325709682 2116.08972689523 0.531278224307074 1.99805292768311 20
459439 2115.39525190928 2121.91868690308 0.531278224307074 1.99805292768311 20
459440 2128.31029108136 2121.15824365512 0.531278224307074 1.99805292768311 20
459441 2118.91034966911 2120.97317390638 0.531278224307074 1.99805292768311 20
459442 2107.48953768361 2111.26565769919 0.531278224307074 1.99805292768311 20
459443 2099.08926759403 2099.42558091032 0.531278224307074 1.99805292768311 20
459444 2095.98591906941 2091.12252686131 0.531278224307074 1.99805292768311 20
459445 2081.69446388754 2088.23420170095 0.531278224307074 1.99805292768311 20
459446 2080.61332390883 2073.41786169764 0.531278224307074 1.99805292768311 20
459447 2077.4271285415 2077.30212899155 0.531278224307074 1.99805292768311 20
459448 2053.27012139612 2062.77744996591 0.531278224307074 1.99805292768311 20
459449 2045.91310349064 2050.34945916354 0.531278224307074 1.99805292768311 20
459450 2043.37877800466 2046.28648907026 0.531278224307074 1.99805292768311 20
459451 2034.9123899398 2033.32080665936 0.531278224307074 1.99805292768311 20
459452 2018.44177552233 2021.95462658629 0.531278224307074 1.99805292768311 20
459453 2011.09292010255 2009.93507587395 0.531278224307074 1.99805292768311 20
459454 2008.97711623573 2011.28637379607 0.531278224307074 1.99805292768311 20
459455 1999.70840545471 1996.12489805973 0.531278224307074 1.99805292768311 20
459456 1997.88388915366 1991.19332230843 0.531278224307074 1.99805292768311 20
459457 1985.91782735713 1986.27664803315 0.531278224307074 1.99805292768311 20
459458 1975.13010752605 1974.14866471089 0.531278224307074 1.99805292768311 20
459459 1970.41780844819 1966.32826597268 0.531278224307074 1.99805292768311 20
459460 1944.87996215936 1965.91812182659 0.531278224307074 1.99805292768311 20
459461 1952.97209134847 1952.13890399725 0.531278224307074 1.99805292768311 20
459462 1943.42807933143 1951.17398167774 0.531278224307074 1.99805292768311 20
459463 1944.59863812298 1930.31044934399 0.531278224307074 1.99805292768311 20
459464 1927.21031112062 1928.67892142337 0.531278224307074 1.99805292768311 20
459465 1918.88194730602 1924.0215596307 0.531278224307074 1.99805292768311 20
459466 1918.90103854085 1915.15567073325 0.531278224307074 1.99805292768311 20
459467 1902.54106652334 1917.20046926069 0.531278224307074 1.99805292768311 20
459468 1901.43707218444 1907.30147587614 0.531278224307074 1.99805292768311 20
459469 1887.93237530096 1896.14220490647 0.531278224307074 1.99805292768311 20
459470 1891.26683151351 1891.70118360094 0.531278224307074 1.99805292768311 20
459471 1888.01722791987 1890.35525992966 0.531278224307074 1.99805292768311 20
459472 1888.22270222678 1881.22465579145 0.531278224307074 1.99805292768311 20
459473 1878.05354544207 1878.12219903737 0.531278224307074 1.99805292768311 20
459474 1881.05677310534 1886.08625328274 0.531278224307074 1.99805292768311 20
459475 1878.70516697578 1885.77240553673 0.531278224307074 1.99805292768311 20
459476 1876.03110486053 1877.51214137567 0.531278224307074 1.99805292768311 20
459477 1887.42158531069 1878.58975815045 0.531278224307074 1.99805292768311 20
459478 1878.55468525258 1878.64646130984 0.531278224307074 1.99805292768311 20
459479 1877.90012947721 1871.59694747521 0.531278224307074 1.99805292768311 20
459480 1876.04179150497 1879.76204257717 0.531278224307074 1.99805292768311 20
459481 1871.52134777304 1878.69057683002 0.531278224307074 1.99805292768311 20
459482 1870.94655746669 1885.48406090743 0.531278224307074 1.99805292768311 20
459483 1875.34826083964 1886.26610745421 0.531278224307074 1.99805292768311 20
459484 1882.73890843562 1875.90266487335 0.531278224307074 1.99805292768311 20
459485 1877.51207691653 1880.15719613787 0.531278224307074 1.99805292768311 20
459486 1876.04851636013 1871.46664712471 0.531278224307074 1.99805292768311 20
459487 1880.69488933111 1893.88809075943 0.531278224307074 1.99805292768311 20
459488 1876.29327957935 1882.41175133224 0.531278224307074 1.99805292768311 20
459489 1869.81410850395 1878.84862184705 0.531278224307074 1.99805292768311 20
459490 1872.87735996321 1881.08385457187 0.531278224307074 1.99805292768311 20
459491 1883.58260439942 1884.26798483865 0.531278224307074 1.99805292768311 20
459492 1884.60466557973 1878.38477522629 0.531278224307074 1.99805292768311 20
459493 1885.75097133226 1882.49405749377 0.531278224307074 1.99805292768311 20
459494 1877.6127705279 1876.94388205503 0.531278224307074 1.99805292768311 20
459495 1885.57123235133 1876.68513645277 0.531278224307074 1.99805292768311 20
459496 1881.95502739504 1875.43155396599 0.531278224307074 1.99805292768311 20
459497 1875.84484777807 1880.46989041149 0.531278224307074 1.99805292768311 20
459498 1883.17185320294 1888.07329077311 0.531278224307074 1.99805292768311 20
459499 1882.72601623167 1882.27639893789 0.531278224307074 1.99805292768311 20
459500 1872.83910863508 1881.18639147681 0.531278224307074 1.99805292768311 20
459501 1883.09079441993 1879.40307318512 0.531278224307074 1.99805292768311 20
459502 1880.42958002424 1883.93720432601 0.531278224307074 1.99805292768311 20
459503 1867.81157650386 1877.33373362099 0.531278224307074 1.99805292768311 20
459504 1879.88424339376 1887.5014503345 0.531278224307074 1.99805292768311 20
459505 1881.75114046759 1870.77551315171 0.531278224307074 1.99805292768311 20
459506 1872.83119183015 1869.7477054959 0.531278224307074 1.99805292768311 20
459507 1874.02947937882 1866.7921993643 0.531278224307074 1.99805292768311 20
459508 1868.53875624943 1868.81457210962 0.531278224307074 1.99805292768311 20
459509 1870.60638316595 1862.25727179313 0.531278224307074 1.99805292768311 20
459510 1854.06911444784 1858.30688151765 0.531278224307074 1.99805292768311 20
459511 1845.95487606507 1845.70887966385 0.531278224307074 1.99805292768311 20
459512 1842.54957537302 1839.91780862803 0.531278224307074 1.99805292768311 20
459513 1837.76565402806 1837.64729009257 0.531278224307074 1.99805292768311 20
459514 1838.90312120521 1827.93032873389 0.531278224307074 1.99805292768311 20
459515 1824.67437316136 1818.75651726462 0.531278224307074 1.99805292768311 20
459516 1806.91073153933 1814.94617056636 0.531278224307074 1.99805292768311 20
459517 1794.5752236474 1801.83221657889 0.531278224307074 1.99805292768311 20
459518 1789.49815089796 1789.8758124634 0.531278224307074 1.99805292768311 20
459519 1770.94044358946 1767.03368570944 0.531278224307074 1.99805292768311 20
459520 1765.67750684063 1757.97572650537 0.531278224307074 1.99805292768311 20
459521 1757.29448713414 1755.66528444151 0.531278224307074 1.99805292768311 20
459522 1737.8327997813 1736.55744863018 0.531278224307074 1.99805292768311 20
459523 1734.04554748483 1724.12773748063 0.531278224307074 1.99805292768311 20
459524 1720.06802290439 1717.34737595934 0.531278224307074 1.99805292768311 20
459525 1713.48991371955 1699.60232743252 0.531278224307074 1.99805292768311 20
459526 1694.96852493325 1702.86391360577 0.531278224307074 1.99805292768311 20
459527 1681.22843676018 1675.54339378884 0.531278224307074 1.99805292768311 20
459528 1672.17115166368 1678.52569988682 0.531278224307074 1.99805292768311 20
459529 1653.86752945527 1654.16764002129 0.531278224307074 1.99805292768311 20
459530 1647.72681324658 1654.55715407536 0.531278224307074 1.99805292768311 20
459531 1648.08951844827 1644.96006020093 0.531278224307074 1.99805292768311 20
459532 1630.3436841084 1636.1358642909 0.531278224307074 1.99805292768311 20
459533 1621.54937352782 1618.22180550628 0.531278224307074 1.99805292768311 20
459534 1611.40392521267 1607.46775438476 0.531278224307074 1.99805292768311 20
459535 1596.37126670763 1597.97285811336 0.531278224307074 1.99805292768311 20
459536 1586.18334809766 1587.32796982222 0.531278224307074 1.99805292768311 20
459537 1570.02821404055 1577.83700237426 0.531278224307074 1.99805292768311 20
459538 1562.63898505881 1558.0405357908 0.531278224307074 1.99805292768311 20
459539 1551.95713529122 1553.70861486521 0.531278224307074 1.99805292768311 20
459540 1544.61253760698 1539.71879149319 0.531278224307074 1.99805292768311 20
459541 1515.30703471027 1519.17817083372 0.531278224307074 1.99805292768311 20
459542 1517.77381789276 1518.35181298885 0.531278224307074 1.99805292768311 20
459543 1508.93173173757 1503.40177276961 0.531278224307074 1.99805292768311 20
459544 1497.26367335225 1485.4351940476 0.531278224307074 1.99805292768311 20
459545 1474.43382238946 1476.13973756669 0.531278224307074 1.99805292768311 20
459546 1469.10685099357 1464.20300028508 0.531278224307074 1.99805292768311 20
459547 1465.13996891485 1461.19197860323 0.531278224307074 1.99805292768311 20
459548 1442.4311700876 1449.26506105403 0.531278224307074 1.99805292768311 20
459549 1443.96322243309 1446.35625931633 0.531278224307074 1.99805292768311 20
459550 1433.10931985147 1430.6150917741 0.531278224307074 1.99805292768311 20
459551 1417.96905498399 1415.91483069903 0.531278224307074 1.99805292768311 20
459552 1420.84924398016 1418.59167421085 0.531278224307074 1.99805292768311 20
459553 1409.4913349188 1402.96793938709 0.531278224307074 1.99805292768311 20
459554 1407.58865819366 1403.08998380973 0.531278224307074 1.99805292768311 20
459555 1393.49906592966 1394.53369226049 0.531278224307074 1.99805292768311 20
459556 1387.52444225434 1390.33227083716 0.531278224307074 1.99805292768311 20
459557 1384.40933700628 1389.80535031316 0.531278224307074 1.99805292768311 20
459558 1390.25499017643 1396.06560543605 0.531278224307074 1.99805292768311 20
459559 1385.36201984989 1387.93693671113 0.531278224307074 1.99805292768311 20
459560 1384.5831359004 1401.67255438816 0.531278224307074 1.99805292768311 20
459561 1387.0950569349 1392.25458025495 0.531278224307074 1.99805292768311 20
459562 1388.40652913688 1395.87804150487 0.531278224307074 1.99805292768311 20
459563 1388.72422084016 1394.81591410745 0.531278224307074 1.99805292768311 20
459564 1390.07737472527 1394.18755890052 0.531278224307074 1.99805292768311 20
459565 1382.05713984227 1394.88364793638 0.531278224307074 1.99805292768311 20
459566 1379.41792563939 1382.887322757 0.531278224307074 1.99805292768311 20
459567 1389.11287549927 1390.85895685617 0.531278224307074 1.99805292768311 20
459568 1391.01250985402 1391.73807204432 0.531278224307074 1.99805292768311 20
459569 1391.6483410376 1385.45188051503 0.531278224307074 1.99805292768311 20
459570 1398.69095413428 1391.53947061255 0.531278224307074 1.99805292768311 20
459571 1382.63903373741 1379.16777357694 0.531278224307074 1.99805292768311 20
459572 1386.14304068015 1388.66351930327 0.531278224307074 1.99805292768311 20
459573 1374.6498583794 1384.37766669719 0.531278224307074 1.99805292768311 20
459574 1378.66487143938 1369.22736246884 0.531278224307074 1.99805292768311 20
459575 1368.19324783555 1378.97723026051 0.531278224307074 1.99805292768311 20
459576 1361.1620532582 1366.63334937293 0.531278224307074 1.99805292768311 20
459577 1360.79297866437 1362.84978450813 0.531278224307074 1.99805292768311 20
459578 1348.99772404438 1361.16987434233 0.531278224307074 1.99805292768311 20
459579 1351.07169693186 1343.47935591871 0.531278224307074 1.99805292768311 20
459580 1349.02343060888 1346.60878999425 0.531278224307074 1.99805292768311 20
459581 1331.88897455973 1334.9628648759 0.531278224307074 1.99805292768311 20
459582 1333.21955614527 1325.33268213153 0.531278224307074 1.99805292768311 20
459583 1319.88361255185 1322.24591992681 0.531278224307074 1.99805292768311 20
459584 1300.59473958604 1312.3492380796 0.531278224307074 1.99805292768311 20
459585 1298.72069702683 1310.14908080137 0.531278224307074 1.99805292768311 20
459586 1296.08489500806 1300.53254681014 0.531278224307074 1.99805292768311 20
459587 1280.01777689136 1275.13038471392 0.531278224307074 1.99805292768311 20
459588 1269.92582594766 1274.51520498041 0.531278224307074 1.99805292768311 20
459589 1263.62510275628 1273.73237303836 0.531278224307074 1.99805292768311 20
459590 1254.81556274673 1249.93492016476 0.531278224307074 1.99805292768311 20
459591 1248.1980895871 1253.14331229249 0.531278224307074 1.99805292768311 20
459592 1240.54199895881 1235.3517061811 0.531278224307074 1.99805292768311 20
459593 1225.68007937036 1218.02563896082 0.531278224307074 1.99805292768311 20
459594 1216.76371692834 1213.51927823858 0.531278224307074 1.99805292768311 20
459595 1208.51499370327 1202.25837867713 0.531278224307074 1.99805292768311 20
459596 1192.75223607065 1190.9060585926 0.531278224307074 1.99805292768311 20
459597 1178.23564205837 1188.59955196527 0.531278224307074 1.99805292768311 20
459598 1167.64306466813 1165.63040702538 0.531278224307074 1.99805292768311 20
459599 1159.80942096424 1160.41133381684 0.531278224307074 1.99805292768311 20
459600 1147.15954666739 1141.14201231871 0.531278224307074 1.99805292768311 20
459601 1132.7135589367 1133.09469278547 0.531278224307074 1.99805292768311 20
459602 1109.17825135623 1114.14971055969 0.531278224307074 1.99805292768311 20
459603 1121.11343737249 1120.44730099243 0.531278224307074 1.99805292768311 20
459604 1102.74206074681 1105.71085459156 0.531278224307074 1.99805292768311 20
459605 1099.11955671252 1095.99799975967 0.531278224307074 1.99805292768311 20
459606 1080.57434001625 1084.6384655865 0.531278224307074 1.99805292768311 20
459607 1080.53455796873 1080.15904380997 0.531278224307074 1.99805292768311 20
459608 1057.9193724971 1066.70077779352 0.531278224307074 1.99805292768311 20
459609 1063.05639987421 1063.85606186835 0.531278224307074 1.99805292768311 20
459610 1061.48274078424 1060.8321641391 0.531278224307074 1.99805292768311 20
459611 1051.20512041733 1048.24306011422 0.531278224307074 1.99805292768311 20
459612 1046.45239186918 1050.22831737279 0.531278224307074 1.99805292768311 20
459613 1034.70557364232 1029.97010663297 0.531278224307074 1.99805292768311 20
459614 1038.43741800742 1030.05793012236 0.531278224307074 1.99805292768311 20
459615 1022.47089320911 1020.18091382034 0.531278224307074 1.99805292768311 20
459616 1021.68892026345 1014.73991111308 0.531278224307074 1.99805292768311 20
459617 1017.7332990218 1006.17879217389 0.531278224307074 1.99805292768311 20
459618 1004.18971891022 1013.18288462214 0.531278224307074 1.99805292768311 20
459619 1001.12763560911 998.125932535004 0.531278224307074 1.99805292768311 20
459620 994.019119565393 997.080891856406 0.531278224307074 1.99805292768311 20
459621 990.169204989582 983.701644313867 0.531278224307074 1.99805292768311 20
459622 984.858896403774 989.61780198122 0.531278224307074 1.99805292768311 20
459623 974.080723574998 972.705387615902 0.531278224307074 1.99805292768311 20
459624 977.150969261971 974.965100178167 0.531278224307074 1.99805292768311 20
459625 971.207148059203 969.300454438686 0.531278224307074 1.99805292768311 20
459626 977.315708116643 966.123227806305 0.531278224307074 1.99805292768311 20
459627 960.886088339704 970.068080387113 0.531278224307074 1.99805292768311 20
459628 956.053326216638 969.009654787172 0.531278224307074 1.99805292768311 20
459629 961.584484081882 961.812213291145 0.531278224307074 1.99805292768311 20
459630 957.278377582227 963.764377879402 0.531278224307074 1.99805292768311 20
459631 959.221448030449 965.275608352084 0.531278224307074 1.99805292768311 20
459632 964.835760580259 966.652911827004 0.531278224307074 1.99805292768311 20
459633 966.020330054262 956.369488088992 0.531278224307074 1.99805292768311 20
459634 966.819982522476 953.768564401663 0.531278224307074 1.99805292768311 20
459635 965.053548965732 964.109970510834 0.531278224307074 1.99805292768311 20
459636 960.998712113603 963.602025905064 0.531278224307074 1.99805292768311 20
459637 968.402577223011 961.769117358903 0.531278224307074 1.99805292768311 20
459638 962.380800446133 957.958089997521 0.531278224307074 1.99805292768311 20
459639 968.994827560405 958.844773213452 0.531278224307074 1.99805292768311 20
459640 967.774518247778 969.404069568164 0.531278224307074 1.99805292768311 20
459641 968.684526543481 959.25261639045 0.531278224307074 1.99805292768311 20
459642 964.317812678239 956.601860227893 0.531278224307074 1.99805292768311 20
459643 958.177313779914 965.598741837338 0.531278224307074 1.99805292768311 20
459644 960.315807399188 964.928607694214 0.531278224307074 1.99805292768311 20
459645 965.558747688045 962.354799390392 0.531278224307074 1.99805292768311 20
459646 964.849838421344 966.280650000137 0.531278224307074 1.99805292768311 20
459647 956.786178639636 970.462156301549 0.531278224307074 1.99805292768311 20
459648 955.804586499064 961.886765384054 0.531278224307074 1.99805292768311 20
459649 966.415120354557 958.528303967511 0.531278224307074 1.99805292768311 20
459650 969.057296756138 955.888529031976 0.531278224307074 1.99805292768311 20
459651 961.424749091966 964.484145070136 0.531278224307074 1.99805292768311 20
459652 959.05001261013 970.402608231537 0.531278224307074 1.99805292768311 20
459653 970.135328196926 966.024233188349 0.531278224307074 1.99805292768311 20
459654 960.722089298222 970.123906789171 0.531278224307074 1.99805292768311 20
459655 963.424028357529 961.825482867544 0.531278224307074 1.99805292768311 20
459656 969.212879624212 971.321143107528 0.531278224307074 1.99805292768311 20
459657 963.747641374126 964.589385069041 0.531278224307074 1.99805292768311 20
459658 965.091313927474 961.263128367318 0.531278224307074 1.99805292768311 20
459659 964.296605511838 974.057338224066 0.531278224307074 1.99805292768311 20
459660 960.018311418654 960.620157834824 0.531278224307074 1.99805292768311 20
459661 963.828196717034 952.5028594807 0.531278224307074 1.99805292768311 20
459662 970.843814386721 959.178077508414 0.531278224307074 1.99805292768311 20
