1 10000 10000 0.634195000939703 2.10780933757971 15.25
2 10000 10000 0.634195000939703 2.10780933757971 15.25
3 10000 10000 0.634195000939703 2.10780933757971 15.25
4 10000 10000 0.634195000939703 2.10780933757971 15.25
5 10000 10000 0.634195000939703 2.10780933757971 15.25
6 10000 10000 0.634195000939703 2.10780933757971 15.25
7 10000 10000 0.634195000939703 2.10780933757971 15.25
8 10000 10000 0.634195000939703 2.10780933757971 15.25
9 10000 10000 0.634195000939703 2.10780933757971 15.25
10 10000 10000 0.634195000939703 2.10780933757971 15.25
11 10000 10000 0.634195000939703 2.10780933757971 15.25
12 10000 10000 0.634195000939703 2.10780933757971 15.25
13 10000 10000 0.634195000939703 2.10780933757971 15.25
14 10000 10000 0.634195000939703 2.10780933757971 15.25
15 10000 10000 0.634195000939703 2.10780933757971 15.25
16 10000 10000 0.634195000939703 2.10780933757971 15.25
17 10000 10000 0.634195000939703 2.10780933757971 15.25
18 10000 10000 0.634195000939703 2.10780933757971 15.25
19 10000 10000 0.634195000939703 2.10780933757971 15.25
20 10000 10000 0.634195000939703 2.10780933757971 15.25
21 10000 10000 0.634195000939703 2.10780933757971 15.25
22 10000 10000 0.634195000939703 2.10780933757971 15.25
23 10000 10000 0.634195000939703 2.10780933757971 15.25
24 10000 10000 0.634195000939703 2.10780933757971 15.25
25 10000 10000 0.634195000939703 2.10780933757971 15.25
26 10000 10000 0.634195000939703 2.10780933757971 15.25
27 10000 10000 0.634195000939703 2.10780933757971 15.25
28 10000 10000 0.634195000939703 2.10780933757971 15.25
29 10000 10000 0.634195000939703 2.10780933757971 15.25
30 10000 10000 0.634195000939703 2.10780933757971 15.25
31 10000 10000 0.634195000939703 2.10780933757971 15.25
32 10000 10000 0.634195000939703 2.10780933757971 15.25
33 10000 10000 0.634195000939703 2.10780933757971 15.25
34 10000 10000 0.634195000939703 2.10780933757971 15.25
35 10000 10000 0.634195000939703 2.10780933757971 15.25
36 10000 10000 0.634195000939703 2.10780933757971 15.25
37 10000 10000 0.634195000939703 2.10780933757971 15.25
38 10000 10000 0.634195000939703 2.10780933757971 15.25
39 10000 10000 0.634195000939703 2.10780933757971 15.25
40 10000.0329233637 10000.0329233637 0.634195000939703 2.10780933757971 15.25
41 10000.1666778679 10000.1666778679 0.634195000939703 2.10780933757971 15.25
42 10000.4033335989 10000.4033335989 0.634195000939703 2.10780933757971 15.25
43 10000.7429124646 10000.7429124646 0.634195000939703 2.10780933757971 15.25
44 10001.1854458934 10001.1854458934 0.634195000939703 2.10780933757971 15.25
45 10001.7309748332 10001.7309748332 0.634195000939703 2.10780933757971 15.25
46 10002.3795497338 10002.3795497338 0.634195000939703 2.10780933757971 15.25
47 10003.1312305547 10003.1312305547 0.634195000939703 2.10780933757971 15.25
48 10003.9860867469 10003.9860867469 0.634195000939703 2.10780933757971 15.25
49 10004.9441972342 10004.9441972342 0.634195000939703 2.10780933757971 15.25
50 10005.9726681649 10005.9726681649 0.634195000939703 2.10780933757971 15.25
51 10007.0035168452 10007.0035168452 0.634195000939703 2.10780933757971 15.25
52 10008.0346824077 10008.0346824077 0.634195000939703 2.10780933757971 15.25
53 10009.0661647674 10009.0661647674 0.634195000939703 2.10780933757971 15.25
54 10010.0979638344 10010.0979638344 0.634195000939703 2.10780933757971 15.25
55 10011.1300794813 10011.1300794813 0.634195000939703 2.10780933757971 15.25
56 10012.1625116617 10012.1625116617 0.634195000939703 2.10780933757971 15.25
57 10013.1952602051 10013.1952602051 0.634195000939703 2.10780933757971 15.25
58 10014.2283251074 10014.2283251074 0.634195000939703 2.10780933757971 15.25
59 10015.2617061558 10015.2617061558 0.634195000939703 2.10780933757971 15.25
60 10016.2954033798 10016.2954033798 0.634195000939703 2.10780933757971 15.25
61 10017.3294165504 10017.3294165504 0.634195000939703 2.10780933757971 15.25
62 10018.3637456927 10018.3637456927 0.634195000939703 2.10780933757971 15.25
63 10019.3983906059 10019.3983906059 0.634195000939703 2.10780933757971 15.25
64 10020.433351273 10020.433351273 0.634195000939703 2.10780933757971 15.25
65 10021.4686275381 10021.4686275381 0.634195000939703 2.10780933757971 15.25
66 10022.5042193405 10022.5042193405 0.634195000939703 2.10780933757971 15.25
67 10023.5401265661 10023.5401265661 0.634195000939703 2.10780933757971 15.25
68 10024.5763491125 10024.5763491125 0.634195000939703 2.10780933757971 15.25
69 10025.6128869077 10025.6128869077 0.634195000939703 2.10780933757971 15.25
70 10026.649739807 10026.649739807 0.634195000939703 2.10780933757971 15.25
71 10027.6869077807 10027.6869077807 0.634195000939703 2.10780933757971 15.25
72 10028.7243906402 10028.7243906402 0.634195000939703 2.10780933757971 15.25
73 10029.7621884019 10029.7621884019 0.634195000939703 2.10780933757971 15.25
74 10030.8003008318 10030.8003008318 0.634195000939703 2.10780933757971 15.25
75 10031.8387279718 10031.8387279718 0.634195000939703 2.10780933757971 15.25
76 10032.8774696002 10032.8774696002 0.634195000939703 2.10780933757971 15.25
77 10033.9165257249 10033.9165257249 0.634195000939703 2.10780933757971 15.25
78 10034.9558961638 10034.9558961638 0.634195000939703 2.10780933757971 15.25
79 10035.9955808809 10035.9955808809 0.634195000939703 2.10780933757971 15.25
80 10037.0355797395 10037.0355797395 0.634195000939703 2.10780933757971 15.25
81 10038.0758926595 10038.0758926595 0.634195000939703 2.10780933757971 15.25
82 10039.1165195479 10039.1165195479 0.634195000939703 2.10780933757971 15.25
83 10040.1574602812 10040.1574602812 0.634195000939703 2.10780933757971 15.25
84 10041.1987148078 10041.1987148078 0.634195000939703 2.10780933757971 15.25
85 10042.2402829635 10042.2402829635 0.634195000939703 2.10780933757971 15.25
86 10043.2821647384 10043.2821647384 0.634195000939703 2.10780933757971 15.25
87 10044.3243599245 10044.3243599245 0.634195000939703 2.10780933757971 15.25
88 10045.366868551 10045.366868551 0.634195000939703 2.10780933757971 15.25
89 10046.4096903854 10046.4096903854 0.634195000939703 2.10780933757971 15.25
90 10047.4528254586 10047.4528254586 0.634195000939703 2.10780933757971 15.25
91 10048.4962735656 10048.4962735656 0.634195000939703 2.10780933757971 15.25
92 10049.5400346953 10049.5400346953 0.634195000939703 2.10780933757971 15.25
93 10050.584108685 10050.584108685 0.634195000939703 2.10780933757971 15.25
94 10051.6284954817 10051.6284954817 0.634195000939703 2.10780933757971 15.25
95 10052.6731949636 10052.6731949636 0.634195000939703 2.10780933757971 15.25
96 10053.7182070346 10053.7182070346 0.634195000939703 2.10780933757971 15.25
97 10054.7635316197 10054.7635316197 0.634195000939703 2.10780933757971 15.25
98 10055.8091685774 10055.8091685774 0.634195000939703 2.10780933757971 15.25
99 10056.8551178755 10056.8551178755 0.634195000939703 2.10780933757971 15.25
100 10057.9013793301 10057.9013793301 0.634195000939703 2.10780933757971 15.25
101 10058.9479529513 10058.9479529513 0.634195000939703 2.10780933757971 15.25
102 10059.9948385136 10059.9948385136 0.634195000939703 2.10780933757971 15.25
103 10061.0420360516 10061.0420360516 0.634195000939703 2.10780933757971 15.25
104 10062.0895453456 10062.0895453456 0.634195000939703 2.10780933757971 15.25
105 10063.137366407 10063.137366407 0.634195000939703 2.10780933757971 15.25
106 10064.1854990504 10064.1854990504 0.634195000939703 2.10780933757971 15.25
107 10065.2339432451 10065.2339432451 0.634195000939703 2.10780933757971 15.25
108 10066.2826988484 10066.2826988484 0.634195000939703 2.10780933757971 15.25
109 10067.3317657872 10067.3317657872 0.634195000939703 2.10780933757971 15.25
110 10068.3811439605 10068.3811439605 0.634195000939703 2.10780933757971 15.25
111 10069.430833253 10069.430833253 0.634195000939703 2.10780933757971 15.25
112 10070.4808336082 10070.4808336082 0.634195000939703 2.10780933757971 15.25
113 10071.5311448657 10071.5311448657 0.634195000939703 2.10780933757971 15.25
114 10072.5817670132 10072.5817670132 0.634195000939703 2.10780933757971 15.25
115 10073.6326998472 10073.6326998472 0.634195000939703 2.10780933757971 15.25
116 10074.6839433947 10074.6839433947 0.634195000939703 2.10780933757971 15.25
117 10075.7354974195 10075.7354974195 0.634195000939703 2.10780933757971 15.25
118 10076.7873619584 10076.7873619584 0.634195000939703 2.10780933757971 15.25
119 10077.8395368031 10077.8395368031 0.634195000939703 2.10780933757971 15.25
120 10078.8920219462 10078.8920219462 0.634195000939703 2.10780933757971 15.25
121 10079.944817222 10079.944817222 0.634195000939703 2.10780933757971 15.25
122 10080.9979225806 10080.9979225806 0.634195000939703 2.10780933757971 15.25
123 10082.0513378993 10082.0513378993 0.634195000939703 2.10780933757971 15.25
124 10083.1050630843 10083.1050630843 0.634195000939703 2.10780933757971 15.25
125 10084.1590980562 10084.1590980562 0.634195000939703 2.10780933757971 15.25
126 10085.21344268 10085.21344268 0.634195000939703 2.10780933757971 15.25
127 10086.2680969173 10086.2680969173 0.634195000939703 2.10780933757971 15.25
128 10087.3230605892 10087.3230605892 0.634195000939703 2.10780933757971 15.25
129 10088.3783337034 10088.3783337034 0.634195000939703 2.10780933757971 15.25
130 10089.4339160367 10089.4339160367 0.634195000939703 2.10780933757971 15.25
131 10090.489807626 10090.489807626 0.634195000939703 2.10780933757971 15.25
132 10091.5460082461 10091.5460082461 0.634195000939703 2.10780933757971 15.25
133 10092.6025179149 10092.6025179149 0.634195000939703 2.10780933757971 15.25
134 10093.6593364409 10093.6593364409 0.634195000939703 2.10780933757971 15.25
135 10094.7164637991 10094.7164637991 0.634195000939703 2.10780933757971 15.25
136 10095.7738998433 10095.7738998433 0.634195000939703 2.10780933757971 15.25
137 10096.8316445044 10096.8316445044 0.634195000939703 2.10780933757971 15.25
138 10097.889697679 10097.889697679 0.634195000939703 2.10780933757971 15.25
139 10098.9480592546 10098.9480592546 0.634195000939703 2.10780933757971 15.25
140 10100.0067291721 10100.0067291721 0.634195000939703 2.10780933757971 15.25
141 10101.0657072755 10101.0657072755 0.634195000939703 2.10780933757971 15.25
142 10102.1249935471 10102.1249935471 0.634195000939703 2.10780933757971 15.25
143 10103.1845877884 10103.1845877884 0.634195000939703 2.10780933757971 15.25
144 10104.2444900254 10104.2444900254 0.634195000939703 2.10780933757971 15.25
145 10105.3047000201 10105.3047000201 0.634195000939703 2.10780933757971 15.25
146 10106.3652178153 10106.3652178153 0.634195000939703 2.10780933757971 15.25
147 10107.4260431957 10107.4260431957 0.634195000939703 2.10780933757971 15.25
148 10108.4871761615 10108.4871761615 0.634195000939703 2.10780933757971 15.25
149 10109.5486165402 10109.5486165402 0.634195000939703 2.10780933757971 15.25
150 10110.6103642876 10110.6103642876 0.634195000939703 2.10780933757971 15.25
151 10111.6724192773 10111.6724192773 0.634195000939703 2.10780933757971 15.25
152 10112.7347814212 10112.7347814212 0.634195000939703 2.10780933757971 15.25
153 10113.7974506341 10113.7974506341 0.634195000939703 2.10780933757971 15.25
154 10114.8604267863 10114.8604267863 0.634195000939703 2.10780933757971 15.25
155 10115.9237098178 10115.9237098178 0.634195000939703 2.10780933757971 15.25
156 10116.9872995424 10116.9872995424 0.634195000939703 2.10780933757971 15.25
157 10118.0511959942 10118.0511959942 0.634195000939703 2.10780933757971 15.25
158 10119.1153989535 10119.1153989535 0.634195000939703 2.10780933757971 15.25
159 10120.1799084557 10120.1799084557 0.634195000939703 2.10780933757971 15.25
160 10121.2447242733 10121.2447242733 0.634195000939703 2.10780933757971 15.25
161 10122.30984643 10122.30984643 0.634195000939703 2.10780933757971 15.25
162 10123.3752747303 10123.3752747303 0.634195000939703 2.10780933757971 15.25
163 10124.4410091548 10124.4410091548 0.634195000939703 2.10780933757971 15.25
164 10125.507049551 10125.507049551 0.634195000939703 2.10780933757971 15.25
165 10126.5733958568 10126.5733958568 0.634195000939703 2.10780933757971 15.25
166 10127.6400479624 10127.6400479624 0.634195000939703 2.10780933757971 15.25
167 10128.7070057618 10128.7070057618 0.634195000939703 2.10780933757971 15.25
168 10129.7742691899 10129.7742691899 0.634195000939703 2.10780933757971 15.25
169 10130.8418380972 10130.8418380972 0.634195000939703 2.10780933757971 15.25
170 10131.9097124624 10131.9097124624 0.634195000939703 2.10780933757971 15.25
171 10132.9778920917 10132.9778920917 0.634195000939703 2.10780933757971 15.25
172 10134.0463770073 10134.0463770073 0.634195000939703 2.10780933757971 15.25
173 10135.1151669725 10135.1151669725 0.634195000939703 2.10780933757971 15.25
174 10136.184262031 10136.184262031 0.634195000939703 2.10780933757971 15.25
175 10137.2536619657 10137.2536619657 0.634195000939703 2.10780933757971 15.25
176 10138.323366781 10138.323366781 0.634195000939703 2.10780933757971 15.25
177 10139.3933763005 10139.3933763005 0.634195000939703 2.10780933757971 15.25
178 10140.4636904876 10140.4636904876 0.634195000939703 2.10780933757971 15.25
179 10141.5343092066 10141.5343092066 0.634195000939703 2.10780933757971 15.25
180 10142.6052323777 10142.6052323777 0.634195000939703 2.10780933757971 15.25
181 10143.6764599108 10143.6764599108 0.634195000939703 2.10780933757971 15.25
182 10144.7479916813 10144.7479916813 0.634195000939703 2.10780933757971 15.25
183 10145.8198276424 10145.8198276424 0.634195000939703 2.10780933757971 15.25
184 10146.891967625 10146.891967625 0.634195000939703 2.10780933757971 15.25
185 10147.9644116285 10147.9644116285 0.634195000939703 2.10780933757971 15.25
186 10149.0371594393 10149.0371594393 0.634195000939703 2.10780933757971 15.25
187 10150.1102110916 10150.1102110916 0.634195000939703 2.10780933757971 15.25
188 10151.183566354 10151.183566354 0.634195000939703 2.10780933757971 15.25
189 10152.257225256 10152.257225256 0.634195000939703 2.10780933757971 15.25
190 10153.331187597 10153.331187597 0.634195000939703 2.10780933757971 15.25
191 10154.4054533628 10154.4054533628 0.634195000939703 2.10780933757971 15.25
192 10155.4800223976 10155.4800223976 0.634195000939703 2.10780933757971 15.25
193 10156.5548946433 10156.5548946433 0.634195000939703 2.10780933757971 15.25
194 10157.6300699869 10157.6300699869 0.634195000939703 2.10780933757971 15.25
195 10158.7055483274 10158.7055483274 0.634195000939703 2.10780933757971 15.25
196 10159.781329595 10159.781329595 0.634195000939703 2.10780933757971 15.25
197 10160.8574136454 10160.8574136454 0.634195000939703 2.10780933757971 15.25
198 10161.9338004515 10161.9338004515 0.634195000939703 2.10780933757971 15.25
199 10163.0104898259 10163.0104898259 0.634195000939703 2.10780933757971 15.25
200 10164.0874817868 10164.0874817868 0.634195000939703 2.10780933757971 15.25
201 10165.1647761011 10165.1647761011 0.634195000939703 2.10780933757971 15.25
202 10166.2423728135 10166.2423728135 0.634195000939703 2.10780933757971 15.25
203 10167.3202717019 10167.3202717019 0.634195000939703 2.10780933757971 15.25
204 10168.3984727779 10168.3984727779 0.634195000939703 2.10780933757971 15.25
205 10169.4769758593 10169.4769758593 0.634195000939703 2.10780933757971 15.25
206 10170.5557809129 10170.5557809129 0.634195000939703 2.10780933757971 15.25
207 10171.6348878028 10171.6348878028 0.634195000939703 2.10780933757971 15.25
208 10172.7142964513 10172.7142964513 0.634195000939703 2.10780933757971 15.25
209 10173.7940067662 10173.7940067662 0.634195000939703 2.10780933757971 15.25
210 10174.8740186249 10174.8740186249 0.634195000939703 2.10780933757971 15.25
211 10175.9543319796 10175.9543319796 0.634195000939703 2.10780933757971 15.25
212 10177.0349466655 10177.0349466655 0.634195000939703 2.10780933757971 15.25
213 10178.1158626763 10178.1158626763 0.634195000939703 2.10780933757971 15.25
214 10179.1970798049 10179.1970798049 0.634195000939703 2.10780933757971 15.25
215 10180.2785980815 10180.2785980815 0.634195000939703 2.10780933757971 15.25
216 10181.3604172739 10181.3604172739 0.634195000939703 2.10780933757971 15.25
217 10182.4425374175 10182.4425374175 0.634195000939703 2.10780933757971 15.25
218 10183.5249583066 10183.5249583066 0.634195000939703 2.10780933757971 15.25
219 10184.607679933 10184.607679933 0.634195000939703 2.10780933757971 15.25
220 10185.6907021356 10185.6907021356 0.634195000939703 2.10780933757971 15.25
221 10186.7740248622 10186.7740248622 0.634195000939703 2.10780933757971 15.25
222 10187.857647994 10187.857647994 0.634195000939703 2.10780933757971 15.25
223 10188.9415714351 10188.9415714351 0.634195000939703 2.10780933757971 15.25
224 10190.0257951131 10190.0257951131 0.634195000939703 2.10780933757971 15.25
225 10191.1103188872 10191.1103188872 0.634195000939703 2.10780933757971 15.25
226 10192.1951427281 10192.1951427281 0.634195000939703 2.10780933757971 15.25
227 10193.2802664518 10193.2802664518 0.634195000939703 2.10780933757971 15.25
228 10194.3656900725 10194.3656900725 0.634195000939703 2.10780933757971 15.25
229 10195.4514133628 10195.4514133628 0.634195000939703 2.10780933757971 15.25
230 10196.5374363641 10196.5374363641 0.634195000939703 2.10780933757971 15.25
231 10197.6237588524 10197.6237588524 0.634195000939703 2.10780933757971 15.25
232 10198.7103808453 10198.7103808453 0.634195000939703 2.10780933757971 15.25
233 10199.7973021565 10199.7973021565 0.634195000939703 2.10780933757971 15.25
234 10200.8845227587 10200.8845227587 0.634195000939703 2.10780933757971 15.25
235 10201.9720425095 10201.9720425095 0.634195000939703 2.10780933757971 15.25
236 10203.0598613382 10203.0598613382 0.634195000939703 2.10780933757971 15.25
237 10204.147979146 10204.147979146 0.634195000939703 2.10780933757971 15.25
238 10205.2363958187 10205.2363958187 0.634195000939703 2.10780933757971 15.25
239 10206.3251113009 10206.3251113009 0.634195000939703 2.10780933757971 15.25
240 10207.414125433 10207.414125433 0.634195000939703 2.10780933757971 15.25
241 10208.5034382076 10208.5034382076 0.634195000939703 2.10780933757971 15.25
242 10209.5930494194 10209.5930494194 0.634195000939703 2.10780933757971 15.25
243 10210.6829590999 10210.6829590999 0.634195000939703 2.10780933757971 15.25
244 10211.7731670119 10211.7731670119 0.634195000939703 2.10780933757971 15.25
245 10212.8636731983 10212.8636731983 0.634195000939703 2.10780933757971 15.25
246 10213.9544774467 10213.9544774467 0.634195000939703 2.10780933757971 15.25
247 10215.0455797552 10215.0455797552 0.634195000939703 2.10780933757971 15.25
248 10216.1369799581 10216.1369799581 0.634195000939703 2.10780933757971 15.25
249 10217.2286780084 10217.2286780084 0.634195000939703 2.10780933757971 15.25
250 10218.3206737838 10218.3206737838 0.634195000939703 2.10780933757971 15.25
251 10219.4129671946 10219.4129671946 0.634195000939703 2.10780933757971 15.25
252 10220.5055581604 10220.5055581604 0.634195000939703 2.10780933757971 15.25
253 10221.5984465489 10221.5984465489 0.634195000939703 2.10780933757971 15.25
254 10222.6916323244 10222.6916323244 0.634195000939703 2.10780933757971 15.25
255 10223.7851153096 10223.7851153096 0.634195000939703 2.10780933757971 15.25
256 10224.8788955128 10224.8788955128 0.634195000939703 2.10780933757971 15.25
257 10225.9729727114 10225.9729727114 0.634195000939703 2.10780933757971 15.25
258 10227.0673469475 10227.0673469475 0.634195000939703 2.10780933757971 15.25
259 10228.1620179933 10228.1620179933 0.634195000939703 2.10780933757971 15.25
260 10229.2569858726 10229.2569858726 0.634195000939703 2.10780933757971 15.25
261 10230.3522503923 10230.3522503923 0.634195000939703 2.10780933757971 15.25
262 10231.447811534 10231.447811534 0.634195000939703 2.10780933757971 15.25
263 10232.5436691474 10232.5436691474 0.634195000939703 2.10780933757971 15.25
264 10233.6398231679 10233.6398231679 0.634195000939703 2.10780933757971 15.25
265 10234.7362734936 10234.7362734936 0.634195000939703 2.10780933757971 15.25
266 10235.8330200141 10235.8330200141 0.634195000939703 2.10780933757971 15.25
267 10236.9300626712 10236.9300626712 0.634195000939703 2.10780933757971 15.25
268 10238.0274013109 10238.0274013109 0.634195000939703 2.10780933757971 15.25
269 10239.1250359186 10239.1250359186 0.634195000939703 2.10780933757971 15.25
270 10240.2229662968 10240.2229662968 0.634195000939703 2.10780933757971 15.25
271 10241.3211924728 10241.3211924728 0.634195000939703 2.10780933757971 15.25
272 10242.4197142094 10242.4197142094 0.634195000939703 2.10780933757971 15.25
273 10243.5185315526 10243.5185315526 0.634195000939703 2.10780933757971 15.25
274 10244.6176442879 10244.6176442879 0.634195000939703 2.10780933757971 15.25
275 10245.7170524189 10245.7170524189 0.634195000939703 2.10780933757971 15.25
276 10246.8167557732 10246.8167557732 0.634195000939703 2.10780933757971 15.25
277 10247.9167543112 10247.9167543112 0.634195000939703 2.10780933757971 15.25
278 10249.0170479043 10249.0170479043 0.634195000939703 2.10780933757971 15.25
279 10250.1176364691 10250.1176364691 0.634195000939703 2.10780933757971 15.25
280 10251.2185199208 10251.2185199208 0.634195000939703 2.10780933757971 15.25
281 10252.3196981308 10252.3196981308 0.634195000939703 2.10780933757971 15.25
282 10253.4211710608 10253.4211710608 0.634195000939703 2.10780933757971 15.25
283 10254.5229385382 10254.5229385382 0.634195000939703 2.10780933757971 15.25
284 10255.6250005675 10255.6250005675 0.634195000939703 2.10780933757971 15.25
285 10256.7273569316 10256.7273569316 0.634195000939703 2.10780933757971 15.25
286 10257.83000767 10257.83000767 0.634195000939703 2.10780933757971 15.25
287 10258.9329525516 10258.9329525516 0.634195000939703 2.10780933757971 15.25
288 10260.0361916061 10260.0361916061 0.634195000939703 2.10780933757971 15.25
289 10261.1397246375 10261.1397246375 0.634195000939703 2.10780933757971 15.25
290 10262.2435516302 10262.2435516302 0.634195000939703 2.10780933757971 15.25
291 10263.3476724321 10263.3476724321 0.634195000939703 2.10780933757971 15.25
292 10264.4520869837 10264.4520869837 0.634195000939703 2.10780933757971 15.25
293 10265.5567951772 10265.5567951772 0.634195000939703 2.10780933757971 15.25
294 10266.661796908 10266.661796908 0.634195000939703 2.10780933757971 15.25
295 10267.767092113 10267.767092113 0.634195000939703 2.10780933757971 15.25
296 10268.8726806431 10268.8726806431 0.634195000939703 2.10780933757971 15.25
297 10269.9785624811 10269.9785624811 0.634195000939703 2.10780933757971 15.25
298 10271.0847374329 10271.0847374329 0.634195000939703 2.10780933757971 15.25
299 10272.1912055249 10272.1912055249 0.634195000939703 2.10780933757971 15.25
300 10273.2979665194 10273.2979665194 0.634195000939703 2.10780933757971 15.25
301 10274.4050204665 10274.4050204665 0.634195000939703 2.10780933757971 15.25
302 10275.5123671453 10275.5123671453 0.634195000939703 2.10780933757971 15.25
303 10276.6200065667 10276.6200065667 0.634195000939703 2.10780933757971 15.25
304 10277.7279385532 10277.7279385532 0.634195000939703 2.10780933757971 15.25
305 10278.8361630696 10278.8361630696 0.634195000939703 2.10780933757971 15.25
306 10279.9446799846 10279.9446799846 0.634195000939703 2.10780933757971 15.25
307 10281.0534892188 10281.0534892188 0.634195000939703 2.10780933757971 15.25
308 10282.1625906843 10282.1625906843 0.634195000939703 2.10780933757971 15.25
309 10283.271984258 10283.271984258 0.634195000939703 2.10780933757971 15.25
310 10284.3816698959 10284.3816698959 0.634195000939703 2.10780933757971 15.25
311 10285.4916474309 10285.4916474309 0.634195000939703 2.10780933757971 15.25
312 10286.6019168631 10286.6019168631 0.634195000939703 2.10780933757971 15.25
313 10287.7124779798 10287.7124779798 0.634195000939703 2.10780933757971 15.25
314 10288.8233308203 10288.8233308203 0.634195000939703 2.10780933757971 15.25
315 10289.9344751504 10289.9344751504 0.634195000939703 2.10780933757971 15.25
316 10291.045911007 10291.045911007 0.634195000939703 2.10780933757971 15.25
317 10292.1576381872 10292.1576381872 0.634195000939703 2.10780933757971 15.25
318 10293.2696566826 10293.2696566826 0.634195000939703 2.10780933757971 15.25
319 10294.3819663348 10294.3819663348 0.634195000939703 2.10780933757971 15.25
320 10295.4945670526 10295.4945670526 0.634195000939703 2.10780933757971 15.25
321 10296.6074587518 10296.6074587518 0.634195000939703 2.10780933757971 15.25
322 10297.7206413432 10297.7206413432 0.634195000939703 2.10780933757971 15.25
323 10298.8341147595 10298.8341147595 0.634195000939703 2.10780933757971 15.25
324 10299.9478788575 10299.9478788575 0.634195000939703 2.10780933757971 15.25
325 10301.0619336142 10301.0619336142 0.634195000939703 2.10780933757971 15.25
326 10302.176278841 10302.176278841 0.634195000939703 2.10780933757971 15.25
327 10303.2909145601 10303.2909145601 0.634195000939703 2.10780933757971 15.25
328 10304.4058405396 10304.4058405396 0.634195000939703 2.10780933757971 15.25
329 10305.5210568259 10305.5210568259 0.634195000939703 2.10780933757971 15.25
330 10306.6365631977 10306.6365631977 0.634195000939703 2.10780933757971 15.25
331 10307.7523596709 10307.7523596709 0.634195000939703 2.10780933757971 15.25
332 10308.8684460638 10308.8684460638 0.634195000939703 2.10780933757971 15.25
333 10309.9848223468 10309.9848223468 0.634195000939703 2.10780933757971 15.25
334 10311.1014883831 10311.1014883831 0.634195000939703 2.10780933757971 15.25
335 10312.2184441001 10312.2184441001 0.634195000939703 2.10780933757971 15.25
336 10313.3356894038 10313.3356894038 0.634195000939703 2.10780933757971 15.25
337 10314.4532241779 10314.4532241779 0.634195000939703 2.10780933757971 15.25
338 10315.5710483726 10315.5710483726 0.634195000939703 2.10780933757971 15.25
339 10316.6891618263 10316.6891618263 0.634195000939703 2.10780933757971 15.25
340 10317.8075645352 10317.8075645352 0.634195000939703 2.10780933757971 15.25
341 10318.926256293 10318.926256293 0.634195000939703 2.10780933757971 15.25
342 10320.0452371359 10320.0452371359 0.634195000939703 2.10780933757971 15.25
343 10321.1645068273 10321.1645068273 0.634195000939703 2.10780933757971 15.25
344 10322.2840654107 10322.2840654107 0.634195000939703 2.10780933757971 15.25
345 10323.4039126767 10323.4039126767 0.634195000939703 2.10780933757971 15.25
346 10324.5240486235 10324.5240486235 0.634195000939703 2.10780933757971 15.25
347 10325.6444730879 10325.6444730879 0.634195000939703 2.10780933757971 15.25
348 10326.7651860231 10326.7651860231 0.634195000939703 2.10780933757971 15.25
349 10327.8861873111 10327.8861873111 0.634195000939703 2.10780933757971 15.25
350 10329.0074768596 10329.0074768596 0.634195000939703 2.10780933757971 15.25
351 10330.1290545951 10330.1290545951 0.634195000939703 2.10780933757971 15.25
352 10331.2509203814 10331.2509203814 0.634195000939703 2.10780933757971 15.25
353 10332.3730741896 10332.3730741896 0.634195000939703 2.10780933757971 15.25
354 10333.4955158362 10333.4955158362 0.634195000939703 2.10780933757971 15.25
355 10334.6182453408 10334.6182453408 0.634195000939703 2.10780933757971 15.25
356 10335.7412624751 10335.7412624751 0.634195000939703 2.10780933757971 15.25
357 10336.8645672862 10336.8645672862 0.634195000939703 2.10780933757971 15.25
358 10337.9881595479 10337.9881595479 0.634195000939703 2.10780933757971 15.25
359 10339.1120392837 10339.1120392837 0.634195000939703 2.10780933757971 15.25
360 10340.2362063051 10340.2362063051 0.634195000939703 2.10780933757971 15.25
361 10341.3606605902 10341.3606605902 0.634195000939703 2.10780933757971 15.25
362 10342.4854019957 10342.4854019957 0.634195000939703 2.10780933757971 15.25
363 10343.6104304546 10343.6104304546 0.634195000939703 2.10780933757971 15.25
364 10344.7357458699 10344.7357458699 0.634195000939703 2.10780933757971 15.25
365 10345.8613481293 10345.8613481293 0.634195000939703 2.10780933757971 15.25
366 10346.9872371799 10346.9872371799 0.634195000939703 2.10780933757971 15.25
367 10348.1134128656 10348.1134128656 0.634195000939703 2.10780933757971 15.25
368 10349.2398751766 10349.2398751766 0.634195000939703 2.10780933757971 15.25
369 10350.3666239135 10350.3666239135 0.634195000939703 2.10780933757971 15.25
370 10351.4936591082 10351.4936591082 0.634195000939703 2.10780933757971 15.25
371 10352.6209805242 10352.6209805242 0.634195000939703 2.10780933757971 15.25
372 10353.7485882093 10353.7485882093 0.634195000939703 2.10780933757971 15.25
373 10354.8764819508 10354.8764819508 0.634195000939703 2.10780933757971 15.25
374 10356.0046617527 10356.0046617527 0.634195000939703 2.10780933757971 15.25
375 10357.1331274452 10357.1331274452 0.634195000939703 2.10780933757971 15.25
376 10358.2618789891 10358.2618789891 0.634195000939703 2.10780933757971 15.25
377 10359.3909162599 10359.3909162599 0.634195000939703 2.10780933757971 15.25
378 10360.5202391725 10360.5202391725 0.634195000939703 2.10780933757971 15.25
379 10361.6498476474 10361.6498476474 0.634195000939703 2.10780933757971 15.25
380 10362.7797415535 10362.7797415535 0.634195000939703 2.10780933757971 15.25
381 10363.9099208594 10363.9099208594 0.634195000939703 2.10780933757971 15.25
382 10365.0403853868 10365.0403853868 0.634195000939703 2.10780933757971 15.25
383 10366.1711351494 10366.1711351494 0.634195000939703 2.10780933757971 15.25
384 10367.3021699257 10367.3021699257 0.634195000939703 2.10780933757971 15.25
385 10368.4334897604 10368.4334897604 0.634195000939703 2.10780933757971 15.25
386 10369.5650944237 10369.5650944237 0.634195000939703 2.10780933757971 15.25
387 10370.6969839454 10370.6969839454 0.634195000939703 2.10780933757971 15.25
388 10371.8291581336 10371.8291581336 0.634195000939703 2.10780933757971 15.25
389 10372.9616169705 10372.9616169705 0.634195000939703 2.10780933757971 15.25
390 10374.0943603097 10374.0943603097 0.634195000939703 2.10780933757971 15.25
391 10375.2273880899 10375.2273880899 0.634195000939703 2.10780933757971 15.25
392 10376.3607002078 10376.3607002078 0.634195000939703 2.10780933757971 15.25
393 10377.4942965582 10377.4942965582 0.634195000939703 2.10780933757971 15.25
394 10378.6281770822 10378.6281770822 0.634195000939703 2.10780933757971 15.25
395 10379.7623416306 10379.7623416306 0.634195000939703 2.10780933757971 15.25
396 10380.8967901877 10380.8967901877 0.634195000939703 2.10780933757971 15.25
397 10382.0315225592 10382.0315225592 0.634195000939703 2.10780933757971 15.25
398 10383.166538778 10383.166538778 0.634195000939703 2.10780933757971 15.25
399 10384.3018386024 10384.3018386024 0.634195000939703 2.10780933757971 15.25
400 10385.4374220881 10385.4374220881 0.634195000939703 2.10780933757971 15.25
401 10386.5732890155 10386.5732890155 0.634195000939703 2.10780933757971 15.25
402 10387.7094393964 10387.7094393964 0.634195000939703 2.10780933757971 15.25
403 10388.8458730543 10388.8458730543 0.634195000939703 2.10780933757971 15.25
404 10389.9825899558 10389.9825899558 0.634195000939703 2.10780933757971 15.25
405 10391.1195899733 10391.1195899733 0.634195000939703 2.10780933757971 15.25
406 10392.2568730259 10392.2568730259 0.634195000939703 2.10780933757971 15.25
407 10393.3944390309 10393.3944390309 0.634195000939703 2.10780933757971 15.25
408 10394.5322878628 10394.5322878628 0.634195000939703 2.10780933757971 15.25
409 10395.6704194841 10395.6704194841 0.634195000939703 2.10780933757971 15.25
410 10396.8088337234 10396.8088337234 0.634195000939703 2.10780933757971 15.25
411 10397.9475305887 10397.9475305887 0.634195000939703 2.10780933757971 15.25
412 10399.086509865 10399.086509865 0.634195000939703 2.10780933757971 15.25
413 10400.2257715931 10400.2257715931 0.634195000939703 2.10780933757971 15.25
414 10401.3653155433 10401.3653155433 0.634195000939703 2.10780933757971 15.25
415 10402.5051417511 10402.5051417511 0.634195000939703 2.10780933757971 15.25
416 10403.6452500172 10403.6452500172 0.634195000939703 2.10780933757971 15.25
417 10404.7856403342 10404.7856403342 0.634195000939703 2.10780933757971 15.25
418 10405.9263125463 10405.9263125463 0.634195000939703 2.10780933757971 15.25
419 10407.0672666007 10407.0672666007 0.634195000939703 2.10780933757971 15.25
420 10408.2085023875 10408.2085023875 0.634195000939703 2.10780933757971 15.25
421 10409.3500198073 10409.3500198073 0.634195000939703 2.10780933757971 15.25
422 10410.4918187982 10410.4918187982 0.634195000939703 2.10780933757971 15.25
423 10411.6338992139 10411.6338992139 0.634195000939703 2.10780933757971 15.25
424 10412.7762610389 10412.7762610389 0.634195000939703 2.10780933757971 15.25
425 10413.9189040812 10413.9189040812 0.634195000939703 2.10780933757971 15.25
426 10415.0618283688 10415.0618283688 0.634195000939703 2.10780933757971 15.25
427 10416.2050336668 10416.2050336668 0.634195000939703 2.10780933757971 15.25
428 10417.3485200286 10417.3485200286 0.634195000939703 2.10780933757971 15.25
429 10418.492287231 10418.492287231 0.634195000939703 2.10780933757971 15.25
430 10419.6363352912 10419.6363352912 0.634195000939703 2.10780933757971 15.25
431 10420.780664032 10420.780664032 0.634195000939703 2.10780933757971 15.25
432 10421.9252734232 10421.9252734232 0.634195000939703 2.10780933757971 15.25
433 10423.0701633315 10423.0701633315 0.634195000939703 2.10780933757971 15.25
434 10424.2153336835 10424.2153336835 0.634195000939703 2.10780933757971 15.25
435 10425.3607843902 10425.3607843902 0.634195000939703 2.10780933757971 15.25
436 10426.5065153333 10426.5065153333 0.634195000939703 2.10780933757971 15.25
437 10427.6525264682 10427.6525264682 0.634195000939703 2.10780933757971 15.25
438 10428.7988176317 10428.7988176317 0.634195000939703 2.10780933757971 15.25
439 10429.9453888264 10429.9453888264 0.634195000939703 2.10780933757971 15.25
440 10431.0922398417 10431.0922398417 0.634195000939703 2.10780933757971 15.25
441 10432.2393707194 10432.2393707194 0.634195000939703 2.10780933757971 15.25
442 10433.3867812246 10433.3867812246 0.634195000939703 2.10780933757971 15.25
443 10434.5344714008 10434.5344714008 0.634195000939703 2.10780933757971 15.25
444 10435.6824410419 10435.6824410419 0.634195000939703 2.10780933757971 15.25
445 10436.830690148 10436.830690148 0.634195000939703 2.10780933757971 15.25
446 10437.9792185569 10437.9792185569 0.634195000939703 2.10780933757971 15.25
447 10439.1280262214 10439.1280262214 0.634195000939703 2.10780933757971 15.25
448 10440.2771130289 10440.2771130289 0.634195000939703 2.10780933757971 15.25
449 10441.4264788853 10441.4264788853 0.634195000939703 2.10780933757971 15.25
450 10442.5761237227 10442.5761237227 0.634195000939703 2.10780933757971 15.25
451 10443.726047402 10443.726047402 0.634195000939703 2.10780933757971 15.25
452 10444.8762499013 10444.8762499013 0.634195000939703 2.10780933757971 15.25
453 10446.0267310359 10446.0267310359 0.634195000939703 2.10780933757971 15.25
454 10447.1774908278 10447.1774908278 0.634195000939703 2.10780933757971 15.25
455 10448.3285290473 10448.3285290473 0.634195000939703 2.10780933757971 15.25
456 10449.4798457469 10449.4798457469 0.634195000939703 2.10780933757971 15.25
457 10450.631440702 10450.631440702 0.634195000939703 2.10780933757971 15.25
458 10451.7833139356 10451.7833139356 0.634195000939703 2.10780933757971 15.25
459 10452.9354652641 10452.9354652641 0.634195000939703 2.10780933757971 15.25
460 10454.0878946647 10454.0878946647 0.634195000939703 2.10780933757971 15.25
461 10455.2406019977 10455.2406019977 0.634195000939703 2.10780933757971 15.25
462 10456.393587197 10456.393587197 0.634195000939703 2.10780933757971 15.25
463 10457.5468501674 10457.5468501674 0.634195000939703 2.10780933757971 15.25
464 10458.7003907961 10458.7003907961 0.634195000939703 2.10780933757971 15.25
465 10459.8542090358 10459.8542090358 0.634195000939703 2.10780933757971 15.25
466 10461.0083047286 10461.0083047286 0.634195000939703 2.10780933757971 15.25
467 10462.1626778712 10462.1626778712 0.634195000939703 2.10780933757971 15.25
468 10463.3173282599 10463.3173282599 0.634195000939703 2.10780933757971 15.25
469 10464.4722559342 10464.4722559342 0.634195000939703 2.10780933757971 15.25
470 10465.6274606555 10465.6274606555 0.634195000939703 2.10780933757971 15.25
471 10466.7829424736 10466.7829424736 0.634195000939703 2.10780933757971 15.25
472 10467.938701179 10467.938701179 0.634195000939703 2.10780933757971 15.25
473 10469.0947367763 10469.0947367763 0.634195000939703 2.10780933757971 15.25
474 10470.2510490998 10470.2510490998 0.634195000939703 2.10780933757971 15.25
475 10471.4076381084 10471.4076381084 0.634195000939703 2.10780933757971 15.25
476 10472.5645036829 10472.5645036829 0.634195000939703 2.10780933757971 15.25
477 10473.7216457367 10473.7216457367 0.634195000939703 2.10780933757971 15.25
478 10474.8790641955 10474.8790641955 0.634195000939703 2.10780933757971 15.25
479 10476.0367589276 10476.0367589276 0.634195000939703 2.10780933757971 15.25
480 10477.1947299048 10477.1947299048 0.634195000939703 2.10780933757971 15.25
481 10478.3529769479 10478.3529769479 0.634195000939703 2.10780933757971 15.25
482 10479.5115000763 10479.5115000763 0.634195000939703 2.10780933757971 15.25
483 10480.6702990654 10480.6702990654 0.634195000939703 2.10780933757971 15.25
484 10481.829373954 10481.829373954 0.634195000939703 2.10780933757971 15.25
485 10482.988724491 10482.988724491 0.634195000939703 2.10780933757971 15.25
486 10484.1483507421 10484.1483507421 0.634195000939703 2.10780933757971 15.25
487 10485.3082525157 10485.3082525157 0.634195000939703 2.10780933757971 15.25
488 10486.4684297981 10486.4684297981 0.634195000939703 2.10780933757971 15.25
489 10487.6288824426 10487.6288824426 0.634195000939703 2.10780933757971 15.25
490 10488.7896103888 10488.7896103888 0.634195000939703 2.10780933757971 15.25
491 10489.9506135385 10489.9506135385 0.634195000939703 2.10780933757971 15.25
492 10491.1118917847 10491.1118917847 0.634195000939703 2.10780933757971 15.25
493 10492.2734450742 10492.2734450742 0.634195000939703 2.10780933757971 15.25
494 10493.4352732551 10493.4352732551 0.634195000939703 2.10780933757971 15.25
495 10494.5973763191 10494.5973763191 0.634195000939703 2.10780933757971 15.25
496 10495.7597540688 10495.7597540688 0.634195000939703 2.10780933757971 15.25
497 10496.9224065414 10496.9224065414 0.634195000939703 2.10780933757971 15.25
498 10498.0853334954 10498.0853334954 0.634195000939703 2.10780933757971 15.25
499 10499.2485349888 10499.2485349888 0.634195000939703 2.10780933757971 15.25
500 10500.4120108052 10500.4120108052 0.634195000939703 2.10780933757971 15.25
501 10501.5757609555 10501.5757609555 0.634195000939703 2.10780933757971 15.25
502 10502.739785269 10502.739785269 0.634195000939703 2.10780933757971 15.25
503 10503.9040837116 10503.9040837116 0.634195000939703 2.10780933757971 15.25
504 10505.0686561575 10505.0686561575 0.634195000939703 2.10780933757971 15.25
505 10506.2335025278 10506.2335025278 0.634195000939703 2.10780933757971 15.25
506 10507.3986227417 10507.3986227417 0.634195000939703 2.10780933757971 15.25
507 10508.5640166735 10508.5640166735 0.634195000939703 2.10780933757971 15.25
508 10509.7296842911 10509.7296842911 0.634195000939703 2.10780933757971 15.25
509 10510.8956254219 10510.8956254219 0.634195000939703 2.10780933757971 15.25
510 10512.061840079 10512.061840079 0.634195000939703 2.10780933757971 15.25
511 10513.2283280446 10513.2283280446 0.634195000939703 2.10780933757971 15.25
512 10514.3950893668 10514.3950893668 0.634195000939703 2.10780933757971 15.25
513 10515.5621238138 10515.5621238138 0.634195000939703 2.10780933757971 15.25
514 10516.7294314233 10516.7294314233 0.634195000939703 2.10780933757971 15.25
515 10517.897012 10517.897012 0.634195000939703 2.10780933757971 15.25
516 10519.0648655348 10519.0648655348 0.634195000939703 2.10780933757971 15.25
517 10520.2329918772 10520.2329918772 0.634195000939703 2.10780933757971 15.25
518 10521.4013909737 10521.4013909737 0.634195000939703 2.10780933757971 15.25
519 10522.57006272 10522.57006272 0.634195000939703 2.10780933757971 15.25
520 10523.7390070144 10523.7390070144 0.634195000939703 2.10780933757971 15.25
521 10524.9082237991 10524.9082237991 0.634195000939703 2.10780933757971 15.25
522 10526.077712929 10526.077712929 0.634195000939703 2.10780933757971 15.25
523 10527.2474743898 10527.2474743898 0.634195000939703 2.10780933757971 15.25
524 10528.4175079899 10528.4175079899 0.634195000939703 2.10780933757971 15.25
525 10529.5878137638 10529.5878137638 0.634195000939703 2.10780933757971 15.25
526 10530.7583914728 10530.7583914728 0.634195000939703 2.10780933757971 15.25
527 10531.929241176 10531.929241176 0.634195000939703 2.10780933757971 15.25
528 10533.1003626522 10533.1003626522 0.634195000939703 2.10780933757971 15.25
529 10534.2717559202 10534.2717559202 0.634195000939703 2.10780933757971 15.25
530 10535.4434208025 10535.4434208025 0.634195000939703 2.10780933757971 15.25
531 10536.6153572729 10536.6153572729 0.634195000939703 2.10780933757971 15.25
532 10537.7875651988 10537.7875651988 0.634195000939703 2.10780933757971 15.25
533 10538.9600445073 10538.9600445073 0.634195000939703 2.10780933757971 15.25
534 10540.1327951146 10540.1327951146 0.634195000939703 2.10780933757971 15.25
535 10541.3058169007 10541.3058169007 0.634195000939703 2.10780933757971 15.25
536 10542.4791098272 10542.4791098272 0.634195000939703 2.10780933757971 15.25
537 10543.6526737288 10543.6526737288 0.634195000939703 2.10780933757971 15.25
538 10544.8265086124 10544.8265086124 0.634195000939703 2.10780933757971 15.25
539 10546.0006142671 10546.0006142671 0.634195000939703 2.10780933757971 15.25
540 10547.1749907382 10547.1749907382 0.634195000939703 2.10780933757971 15.25
541 10548.3496377916 10548.3496377916 0.634195000939703 2.10780933757971 15.25
542 10549.5245554727 10549.5245554727 0.634195000939703 2.10780933757971 15.25
543 10550.6997435793 10550.6997435793 0.634195000939703 2.10780933757971 15.25
544 10551.8752021098 10551.8752021098 0.634195000939703 2.10780933757971 15.25
545 10553.0509309077 10553.0509309077 0.634195000939703 2.10780933757971 15.25
546 10554.2269299262 10554.2269299262 0.634195000939703 2.10780933757971 15.25
547 10555.403199054 10555.403199054 0.634195000939703 2.10780933757971 15.25
548 10556.5797381991 10556.5797381991 0.634195000939703 2.10780933757971 15.25
549 10557.7565472958 10557.7565472958 0.634195000939703 2.10780933757971 15.25
550 10558.9336262048 10558.9336262048 0.634195000939703 2.10780933757971 15.25
551 10560.1109749092 10560.1109749092 0.634195000939703 2.10780933757971 15.25
552 10561.2885932229 10561.2885932229 0.634195000939703 2.10780933757971 15.25
553 10562.4664811743 10562.4664811743 0.634195000939703 2.10780933757971 15.25
554 10563.6446385318 10563.6446385318 0.634195000939703 2.10780933757971 15.25
555 10564.823065352 10564.823065352 0.634195000939703 2.10780933757971 15.25
556 10566.0017614102 10566.0017614102 0.634195000939703 2.10780933757971 15.25
557 10567.1807267316 10567.1807267316 0.634195000939703 2.10780933757971 15.25
558 10568.3599611354 10568.3599611354 0.634195000939703 2.10780933757971 15.25
559 10569.5394645994 10569.5394645994 0.634195000939703 2.10780933757971 15.25
560 10570.7192369883 10570.7192369883 0.634195000939703 2.10780933757971 15.25
561 10571.8992782343 10571.8992782343 0.634195000939703 2.10780933757971 15.25
562 10573.0795882491 10573.0795882491 0.634195000939703 2.10780933757971 15.25
563 10574.2601669174 10574.2601669174 0.634195000939703 2.10780933757971 15.25
564 10575.4410141964 10575.4410141964 0.634195000939703 2.10780933757971 15.25
565 10576.6221299275 10576.6221299275 0.634195000939703 2.10780933757971 15.25
566 10577.8035141117 10577.8035141117 0.634195000939703 2.10780933757971 15.25
567 10578.9851665437 10578.9851665437 0.634195000939703 2.10780933757971 15.25
568 10580.1670872682 10580.1670872682 0.634195000939703 2.10780933757971 15.25
569 10581.3492760484 10581.3492760484 0.634195000939703 2.10780933757971 15.25
570 10582.5317329362 10582.5317329362 0.634195000939703 2.10780933757971 15.25
571 10583.7144577228 10583.7144577228 0.634195000939703 2.10780933757971 15.25
572 10584.8974504145 10584.8974504145 0.634195000939703 2.10780933757971 15.25
573 10586.0807108481 10586.0807108481 0.634195000939703 2.10780933757971 15.25
574 10587.2642389845 10587.2642389845 0.634195000939703 2.10780933757971 15.25
575 10588.4480347061 10588.4480347061 0.634195000939703 2.10780933757971 15.25
576 10589.6320979264 10589.6320979264 0.634195000939703 2.10780933757971 15.25
577 10590.8164285769 10590.8164285769 0.634195000939703 2.10780933757971 15.25
578 10592.001026524 10592.001026524 0.634195000939703 2.10780933757971 15.25
579 10593.1858917447 10593.1858917447 0.634195000939703 2.10780933757971 15.25
580 10594.3710240598 10594.3710240598 0.634195000939703 2.10780933757971 15.25
581 10595.556423492 10595.556423492 0.634195000939703 2.10780933757971 15.25
582 10596.7420898162 10596.7420898162 0.634195000939703 2.10780933757971 15.25
583 10597.9280230857 10597.9280230857 0.634195000939703 2.10780933757971 15.25
584 10599.1142230763 10599.1142230763 0.634195000939703 2.10780933757971 15.25
585 10600.3006898172 10600.3006898172 0.634195000939703 2.10780933757971 15.25
586 10601.4874231225 10601.4874231225 0.634195000939703 2.10780933757971 15.25
587 10602.6744229777 10602.6744229777 0.634195000939703 2.10780933757971 15.25
588 10603.8616892405 10603.8616892405 0.634195000939703 2.10780933757971 15.25
589 10605.0492218514 10605.0492218514 0.634195000939703 2.10780933757971 15.25
590 10606.2370207138 10606.2370207138 0.634195000939703 2.10780933757971 15.25
591 10607.4250857225 10607.4250857225 0.634195000939703 2.10780933757971 15.25
592 10608.6134168268 10608.6134168268 0.634195000939703 2.10780933757971 15.25
593 10609.802013874 10609.802013874 0.634195000939703 2.10780933757971 15.25
594 10610.9908768625 10610.9908768625 0.634195000939703 2.10780933757971 15.25
595 10612.1800055923 10612.1800055923 0.634195000939703 2.10780933757971 15.25
596 10613.3694001059 10613.3694001059 0.634195000939703 2.10780933757971 15.25
597 10614.5590601627 10614.5590601627 0.634195000939703 2.10780933757971 15.25
598 10615.7489858229 10615.7489858229 0.634195000939703 2.10780933757971 15.25
599 10616.9391768707 10616.9391768707 0.634195000939703 2.10780933757971 15.25
600 10618.1296333205 10618.1296333205 0.634195000939703 2.10780933757971 15.25
601 10619.3203550021 10619.3203550021 0.634195000939703 2.10780933757971 15.25
602 10620.5113418827 10620.5113418827 0.634195000939703 2.10780933757971 15.25
603 10621.7025938413 10621.7025938413 0.634195000939703 2.10780933757971 15.25
604 10622.8941107972 10622.8941107972 0.634195000939703 2.10780933757971 15.25
605 10624.085892677 10624.085892677 0.634195000939703 2.10780933757971 15.25
606 10625.277939352 10625.277939352 0.634195000939703 2.10780933757971 15.25
607 10626.4702507947 10626.4702507947 0.634195000939703 2.10780933757971 15.25
608 10627.6628268327 10627.6628268327 0.634195000939703 2.10780933757971 15.25
609 10628.8556674827 10628.8556674827 0.634195000939703 2.10780933757971 15.25
610 10630.0487725253 10630.0487725253 0.634195000939703 2.10780933757971 15.25
611 10631.242142014 10631.242142014 0.634195000939703 2.10780933757971 15.25
612 10632.4357757191 10632.4357757191 0.634195000939703 2.10780933757971 15.25
613 10633.62967368 10633.62967368 0.634195000939703 2.10780933757971 15.25
614 10634.823835702 10634.823835702 0.634195000939703 2.10780933757971 15.25
615 10636.0182617791 10636.0182617791 0.634195000939703 2.10780933757971 15.25
616 10637.2129517624 10637.2129517624 0.634195000939703 2.10780933757971 15.25
617 10638.4079055999 10638.4079055999 0.634195000939703 2.10780933757971 15.25
618 10639.6031231888 10639.6031231888 0.634195000939703 2.10780933757971 15.25
619 10640.7986044294 10640.7986044294 0.634195000939703 2.10780933757971 15.25
620 10641.9943492682 10641.9943492682 0.634195000939703 2.10780933757971 15.25
621 10643.1903575583 10643.1903575583 0.634195000939703 2.10780933757971 15.25
622 10644.3866292918 10644.3866292918 0.634195000939703 2.10780933757971 15.25
623 10645.5831642761 10645.5831642761 0.634195000939703 2.10780933757971 15.25
624 10646.7799625491 10646.7799625491 0.634195000939703 2.10780933757971 15.25
625 10647.9770238724 10647.9770238724 0.634195000939703 2.10780933757971 15.25
626 10649.1743483083 10649.1743483083 0.634195000939703 2.10780933757971 15.25
627 10650.3719356378 10650.3719356378 0.634195000939703 2.10780933757971 15.25
628 10651.5697858787 10651.5697858787 0.634195000939703 2.10780933757971 15.25
629 10652.7678988595 10652.7678988595 0.634195000939703 2.10780933757971 15.25
630 10653.9662745528 10653.9662745528 0.634195000939703 2.10780933757971 15.25
631 10655.1649128313 10655.1649128313 0.634195000939703 2.10780933757971 15.25
632 10656.3638136221 10656.3638136221 0.634195000939703 2.10780933757971 15.25
633 10657.5629768438 10657.5629768438 0.634195000939703 2.10780933757971 15.25
634 10658.7624023778 10658.7624023778 0.634195000939703 2.10780933757971 15.25
635 10659.9620901884 10659.9620901884 0.634195000939703 2.10780933757971 15.25
636 10661.1620401095 10661.1620401095 0.634195000939703 2.10780933757971 15.25
637 10662.3622521549 10662.3622521549 0.634195000939703 2.10780933757971 15.25
638 10663.5627261109 10663.5627261109 0.634195000939703 2.10780933757971 15.25
639 10664.7634620284 10664.7634620284 0.634195000939703 2.10780933757971 15.25
640 10665.9644596741 10665.9644596741 0.634195000939703 2.10780933757971 15.25
641 10667.1657190957 10667.1657190957 0.634195000939703 2.10780933757971 15.25
642 10668.3672400917 10668.3672400917 0.634195000939703 2.10780933757971 15.25
643 10669.5690226638 10669.5690226638 0.634195000939703 2.10780933757971 15.25
644 10670.7710666565 10670.7710666565 0.634195000939703 2.10780933757971 15.25
645 10671.9733720238 10671.9733720238 0.634195000939703 2.10780933757971 15.25
646 10673.1759386598 10673.1759386598 0.634195000939703 2.10780933757971 15.25
647 10674.3787664705 10674.3787664705 0.634195000939703 2.10780933757971 15.25
648 10675.5818553966 10675.5818553966 0.634195000939703 2.10780933757971 15.25
649 10676.7852052679 10676.7852052679 0.634195000939703 2.10780933757971 15.25
650 10677.9888160865 10677.9888160865 0.634195000939703 2.10780933757971 15.25
651 10679.1926876811 10679.1926876811 0.634195000939703 2.10780933757971 15.25
652 10680.3968200839 10680.3968200839 0.634195000939703 2.10780933757971 15.25
653 10681.6012130634 10681.6012130634 0.634195000939703 2.10780933757971 15.25
654 10682.8058666783 10682.8058666783 0.634195000939703 2.10780933757971 15.25
655 10684.0107807076 10684.0107807076 0.634195000939703 2.10780933757971 15.25
656 10685.2159551785 10685.2159551785 0.634195000939703 2.10780933757971 15.25
657 10686.4213899105 10686.4213899105 0.634195000939703 2.10780933757971 15.25
658 10687.6270848845 10687.6270848845 0.634195000939703 2.10780933757971 15.25
659 10688.8330399674 10688.8330399674 0.634195000939703 2.10780933757971 15.25
660 10690.0392550936 10690.0392550936 0.634195000939703 2.10780933757971 15.25
661 10691.2457301739 10691.2457301739 0.634195000939703 2.10780933757971 15.25
662 10692.4524650989 10692.4524650989 0.634195000939703 2.10780933757971 15.25
663 10693.659459826 10693.659459826 0.634195000939703 2.10780933757971 15.25
664 10694.8667141966 10694.8667141966 0.634195000939703 2.10780933757971 15.25
665 10696.0742282182 10696.0742282182 0.634195000939703 2.10780933757971 15.25
666 10697.2820016844 10697.2820016844 0.634195000939703 2.10780933757971 15.25
667 10698.4900346437 10698.4900346437 0.634195000939703 2.10780933757971 15.25
668 10699.6983268592 10699.6983268592 0.634195000939703 2.10780933757971 15.25
669 10700.9068783868 10700.9068783868 0.634195000939703 2.10780933757971 15.25
670 10702.1156890181 10702.1156890181 0.634195000939703 2.10780933757971 15.25
671 10703.324758761 10703.324758761 0.634195000939703 2.10780933757971 15.25
672 10704.5340874568 10704.5340874568 0.634195000939703 2.10780933757971 15.25
673 10705.7436750657 10705.7436750657 0.634195000939703 2.10780933757971 15.25
674 10706.9535214749 10706.9535214749 0.634195000939703 2.10780933757971 15.25
675 10708.1636265987 10708.1636265987 0.634195000939703 2.10780933757971 15.25
676 10709.3739903705 10709.3739903705 0.634195000939703 2.10780933757971 15.25
677 10710.5846126583 10710.5846126583 0.634195000939703 2.10780933757971 15.25
678 10711.795493442 10711.795493442 0.634195000939703 2.10780933757971 15.25
679 10713.0066325434 10713.0066325434 0.634195000939703 2.10780933757971 15.25
680 10714.2180299884 10714.2180299884 0.634195000939703 2.10780933757971 15.25
681 10715.4296855505 10715.4296855505 0.634195000939703 2.10780933757971 15.25
682 10716.6415992909 10716.6415992909 0.634195000939703 2.10780933757971 15.25
683 10717.8537709825 10717.8537709825 0.634195000939703 2.10780933757971 15.25
684 10719.0662006596 10719.0662006596 0.634195000939703 2.10780933757971 15.25
685 10720.2788881369 10720.2788881369 0.634195000939703 2.10780933757971 15.25
686 10721.4918334016 10721.4918334016 0.634195000939703 2.10780933757971 15.25
687 10722.7050363141 10722.7050363141 0.634195000939703 2.10780933757971 15.25
688 10723.9184968169 10723.9184968169 0.634195000939703 2.10780933757971 15.25
689 10725.1322148153 10725.1322148153 0.634195000939703 2.10780933757971 15.25
690 10726.3461902042 10726.3461902042 0.634195000939703 2.10780933757971 15.25
691 10727.5604229389 10727.5604229389 0.634195000939703 2.10780933757971 15.25
692 10728.7749128662 10728.7749128662 0.634195000939703 2.10780933757971 15.25
693 10729.9896599877 10729.9896599877 0.634195000939703 2.10780933757971 15.25
694 10731.204664104 10731.204664104 0.634195000939703 2.10780933757971 15.25
695 10732.4199252612 10732.4199252612 0.634195000939703 2.10780933757971 15.25
696 10733.635443219 10733.635443219 0.634195000939703 2.10780933757971 15.25
697 10734.8512180415 10734.8512180415 0.634195000939703 2.10780933757971 15.25
698 10736.0672495132 10736.0672495132 0.634195000939703 2.10780933757971 15.25
699 10737.2835376502 10737.2835376502 0.634195000939703 2.10780933757971 15.25
700 10738.5000822869 10738.5000822869 0.634195000939703 2.10780933757971 15.25
701 10739.7168833914 10739.7168833914 0.634195000939703 2.10780933757971 15.25
702 10740.9339408444 10740.9339408444 0.634195000939703 2.10780933757971 15.25
703 10742.1512545677 10742.1512545677 0.634195000939703 2.10780933757971 15.25
704 10743.368824488 10743.368824488 0.634195000939703 2.10780933757971 15.25
705 10744.5866504822 10744.5866504822 0.634195000939703 2.10780933757971 15.25
706 10745.8047325219 10745.8047325219 0.634195000939703 2.10780933757971 15.25
707 10747.0230704364 10747.0230704364 0.634195000939703 2.10780933757971 15.25
708 10748.2416642483 10748.2416642483 0.634195000939703 2.10780933757971 15.25
709 10749.4605137359 10749.4605137359 0.634195000939703 2.10780933757971 15.25
710 10750.679618958 10750.679618958 0.634195000939703 2.10780933757971 15.25
711 10751.8989796846 10751.8989796846 0.634195000939703 2.10780933757971 15.25
712 10753.1185959589 10753.1185959589 0.634195000939703 2.10780933757971 15.25
713 10754.3384675869 10754.3384675869 0.634195000939703 2.10780933757971 15.25
714 10755.5585945656 10755.5585945656 0.634195000939703 2.10780933757971 15.25
715 10756.7789767475 10756.7789767475 0.634195000939703 2.10780933757971 15.25
716 10757.9996140814 10757.9996140814 0.634195000939703 2.10780933757971 15.25
717 10759.2205064697 10759.2205064697 0.634195000939703 2.10780933757971 15.25
718 10760.4416538132 10760.4416538132 0.634195000939703 2.10780933757971 15.25
719 10761.6630560607 10761.6630560607 0.634195000939703 2.10780933757971 15.25
720 10762.8847130666 10762.8847130666 0.634195000939703 2.10780933757971 15.25
721 10764.1066248261 10764.1066248261 0.634195000939703 2.10780933757971 15.25
722 10765.3287911474 10765.3287911474 0.634195000939703 2.10780933757971 15.25
723 10766.5512120721 10766.5512120721 0.634195000939703 2.10780933757971 15.25
724 10767.7738873619 10767.7738873619 0.634195000939703 2.10780933757971 15.25
725 10768.9968170819 10768.9968170819 0.634195000939703 2.10780933757971 15.25
726 10770.220001015 10770.220001015 0.634195000939703 2.10780933757971 15.25
727 10771.4434391831 10771.4434391831 0.634195000939703 2.10780933757971 15.25
728 10772.6671314152 10772.6671314152 0.634195000939703 2.10780933757971 15.25
729 10773.8910776855 10773.8910776855 0.634195000939703 2.10780933757971 15.25
730 10775.1152778699 10775.1152778699 0.634195000939703 2.10780933757971 15.25
731 10776.339731897 10776.339731897 0.634195000939703 2.10780933757971 15.25
732 10777.5644396867 10777.5644396867 0.634195000939703 2.10780933757971 15.25
733 10778.7894011233 10778.7894011233 0.634195000939703 2.10780933757971 15.25
734 10780.0146161735 10780.0146161735 0.634195000939703 2.10780933757971 15.25
735 10781.2400846722 10781.2400846722 0.634195000939703 2.10780933757971 15.25
736 10782.4658066368 10782.4658066368 0.634195000939703 2.10780933757971 15.25
737 10783.6917818538 10783.6917818538 0.634195000939703 2.10780933757971 15.25
738 10784.9180103781 10784.9180103781 0.634195000939703 2.10780933757971 15.25
739 10786.1444919768 10786.1444919768 0.634195000939703 2.10780933757971 15.25
740 10787.3712267011 10787.3712267011 0.634195000939703 2.10780933757971 15.25
741 10788.5982143502 10788.5982143502 0.634195000939703 2.10780933757971 15.25
742 10789.8254549292 10789.8254549292 0.634195000939703 2.10780933757971 15.25
743 10791.0529482837 10791.0529482837 0.634195000939703 2.10780933757971 15.25
744 10792.2806943705 10792.2806943705 0.634195000939703 2.10780933757971 15.25
745 10793.5086930853 10793.5086930853 0.634195000939703 2.10780933757971 15.25
746 10794.7369443367 10794.7369443367 0.634195000939703 2.10780933757971 15.25
747 10795.9654480669 10795.9654480669 0.634195000939703 2.10780933757971 15.25
748 10797.1942041381 10797.1942041381 0.634195000939703 2.10780933757971 15.25
749 10798.4232125391 10798.4232125391 0.634195000939703 2.10780933757971 15.25
750 10799.6524730854 10799.6524730854 0.634195000939703 2.10780933757971 15.25
751 10800.8819858127 10800.8819858127 0.634195000939703 2.10780933757971 15.25
752 10802.1117504875 10802.1117504875 0.634195000939703 2.10780933757971 15.25
753 10803.3417671774 10803.3417671774 0.634195000939703 2.10780933757971 15.25
754 10804.5720356593 10804.5720356593 0.634195000939703 2.10780933757971 15.25
755 10805.8025559627 10805.8025559627 0.634195000939703 2.10780933757971 15.25
756 10807.0333279098 10807.0333279098 0.634195000939703 2.10780933757971 15.25
757 10808.2643514841 10808.2643514841 0.634195000939703 2.10780933757971 15.25
758 10809.495626553 10809.495626553 0.634195000939703 2.10780933757971 15.25
759 10810.7271530538 10810.7271530538 0.634195000939703 2.10780933757971 15.25
760 10811.9589309007 10811.9589309007 0.634195000939703 2.10780933757971 15.25
761 10813.1909599827 10813.1909599827 0.634195000939703 2.10780933757971 15.25
762 10814.423240264 10814.423240264 0.634195000939703 2.10780933757971 15.25
763 10815.6557715854 10815.6557715854 0.634195000939703 2.10780933757971 15.25
764 10816.8885539578 10816.8885539578 0.634195000939703 2.10780933757971 15.25
765 10818.1215871753 10818.1215871753 0.634195000939703 2.10780933757971 15.25
766 10819.3548712901 10819.3548712901 0.634195000939703 2.10780933757971 15.25
767 10820.5884060659 10820.5884060659 0.634195000939703 2.10780933757971 15.25
768 10821.8221915622 10821.8221915622 0.634195000939703 2.10780933757971 15.25
769 10823.0562275712 10823.0562275712 0.634195000939703 2.10780933757971 15.25
770 10824.2905141043 10824.2905141043 0.634195000939703 2.10780933757971 15.25
771 10825.5250510039 10825.5250510039 0.634195000939703 2.10780933757971 15.25
772 10826.7598382328 10826.7598382328 0.634195000939703 2.10780933757971 15.25
773 10827.9948756803 10827.9948756803 0.634195000939703 2.10780933757971 15.25
774 10829.2301632625 10829.2301632625 0.634195000939703 2.10780933757971 15.25
775 10830.465700915 10830.465700915 0.634195000939703 2.10780933757971 15.25
776 10831.7014885086 10831.7014885086 0.634195000939703 2.10780933757971 15.25
777 10832.9375260252 10832.9375260252 0.634195000939703 2.10780933757971 15.25
778 10834.1738132867 10834.1738132867 0.634195000939703 2.10780933757971 15.25
779 10835.4103503239 10835.4103503239 0.634195000939703 2.10780933757971 15.25
780 10836.6471369107 10836.6471369107 0.634195000939703 2.10780933757971 15.25
781 10837.884173111 10837.884173111 0.634195000939703 2.10780933757971 15.25
782 10839.1214586989 10839.1214586989 0.634195000939703 2.10780933757971 15.25
783 10840.3589937131 10840.3589937131 0.634195000939703 2.10780933757971 15.25
784 10841.5967779677 10841.5967779677 0.634195000939703 2.10780933757971 15.25
785 10842.8348114544 10842.8348114544 0.634195000939703 2.10780933757971 15.25
786 10844.073094034 10844.073094034 0.634195000939703 2.10780933757971 15.25
787 10845.3116256518 10845.3116256518 0.634195000939703 2.10780933757971 15.25
788 10846.5504062152 10846.5504062152 0.634195000939703 2.10780933757971 15.25
789 10847.789435621 10847.789435621 0.634195000939703 2.10780933757971 15.25
790 10849.0287138271 10849.0287138271 0.634195000939703 2.10780933757971 15.25
791 10850.2682406817 10850.2682406817 0.634195000939703 2.10780933757971 15.25
792 10851.5080161895 10851.5080161895 0.634195000939703 2.10780933757971 15.25
793 10852.748040152 10852.748040152 0.634195000939703 2.10780933757971 15.25
794 10853.9883126189 10853.9883126189 0.634195000939703 2.10780933757971 15.25
795 10855.2288333503 10855.2288333503 0.634195000939703 2.10780933757971 15.25
796 10856.4696024142 10856.4696024142 0.634195000939703 2.10780933757971 15.25
797 10857.7106195957 10857.7106195957 0.634195000939703 2.10780933757971 15.25
798 10858.9518849137 10858.9518849137 0.634195000939703 2.10780933757971 15.25
799 10860.1933982053 10860.1933982053 0.634195000939703 2.10780933757971 15.25
800 10861.4351594404 10861.4351594404 0.634195000939703 2.10780933757971 15.25
801 10862.6771685007 10862.6771685007 0.634195000939703 2.10780933757971 15.25
802 10863.9194253114 10863.9194253114 0.634195000939703 2.10780933757971 15.25
803 10865.1619298017 10865.1619298017 0.634195000939703 2.10780933757971 15.25
804 10866.4046818486 10866.4046818486 0.634195000939703 2.10780933757971 15.25
805 10867.6476814285 10867.6476814285 0.634195000939703 2.10780933757971 15.25
806 10868.8909283718 10868.8909283718 0.634195000939703 2.10780933757971 15.25
807 10870.1344227018 10870.1344227018 0.634195000939703 2.10780933757971 15.25
808 10871.3781642002 10871.3781642002 0.634195000939703 2.10780933757971 15.25
809 10872.6221529282 10872.6221529282 0.634195000939703 2.10780933757971 15.25
810 10873.8663886566 10873.8663886566 0.634195000939703 2.10780933757971 15.25
811 10875.1108714324 10875.1108714324 0.634195000939703 2.10780933757971 15.25
812 10876.3556010625 10876.3556010625 0.634195000939703 2.10780933757971 15.25
813 10877.6005775418 10877.6005775418 0.634195000939703 2.10780933757971 15.25
814 10878.8458006914 10878.8458006914 0.634195000939703 2.10780933757971 15.25
815 10880.0912705011 10880.0912705011 0.634195000939703 2.10780933757971 15.25
816 10881.3369868745 10881.3369868745 0.634195000939703 2.10780933757971 15.25
817 10882.5829497148 10882.5829497148 0.634195000939703 2.10780933757971 15.25
818 10883.8291589733 10883.8291589733 0.634195000939703 2.10780933757971 15.25
819 10885.075614506 10885.075614506 0.634195000939703 2.10780933757971 15.25
820 10886.3223163112 10886.3223163112 0.634195000939703 2.10780933757971 15.25
821 10887.5692641978 10887.5692641978 0.634195000939703 2.10780933757971 15.25
822 10888.8164582114 10888.8164582114 0.634195000939703 2.10780933757971 15.25
823 10890.0638981137 10890.0638981137 0.634195000939703 2.10780933757971 15.25
824 10891.3115839739 10891.3115839739 0.634195000939703 2.10780933757971 15.25
825 10892.5595155756 10892.5595155756 0.634195000939703 2.10780933757971 15.25
826 10893.8076929446 10893.8076929446 0.634195000939703 2.10780933757971 15.25
827 10895.0561159095 10895.0561159095 0.634195000939703 2.10780933757971 15.25
828 10896.3047844493 10896.3047844493 0.634195000939703 2.10780933757971 15.25
829 10897.5536984398 10897.5536984398 0.634195000939703 2.10780933757971 15.25
830 10898.8028578129 10898.8028578129 0.634195000939703 2.10780933757971 15.25
831 10900.0522624914 10900.0522624914 0.634195000939703 2.10780933757971 15.25
832 10901.3019123594 10901.3019123594 0.634195000939703 2.10780933757971 15.25
833 10902.5518073886 10902.5518073886 0.634195000939703 2.10780933757971 15.25
834 10903.8019474142 10903.8019474142 0.634195000939703 2.10780933757971 15.25
835 10905.0523324568 10905.0523324568 0.634195000939703 2.10780933757971 15.25
836 10906.3029623038 10906.3029623038 0.634195000939703 2.10780933757971 15.25
837 10907.5538370139 10907.5538370139 0.634195000939703 2.10780933757971 15.25
838 10908.8049563545 10908.8049563545 0.634195000939703 2.10780933757971 15.25
839 10910.0563203807 10910.0563203807 0.634195000939703 2.10780933757971 15.25
840 10911.3079288925 10911.3079288925 0.634195000939703 2.10780933757971 15.25
841 10912.5597818982 10912.5597818982 0.634195000939703 2.10780933757971 15.25
842 10913.8118792448 10913.8118792448 0.634195000939703 2.10780933757971 15.25
843 10915.0642208916 10915.0642208916 0.634195000939703 2.10780933757971 15.25
844 10916.3168067365 10916.3168067365 0.634195000939703 2.10780933757971 15.25
845 10917.5696366901 10917.5696366901 0.634195000939703 2.10780933757971 15.25
846 10918.8227106971 10918.8227106971 0.634195000939703 2.10780933757971 15.25
847 10920.0760286212 10920.0760286212 0.634195000939703 2.10780933757971 15.25
848 10921.3295904548 10921.3295904548 0.634195000939703 2.10780933757971 15.25
849 10922.5833960135 10922.5833960135 0.634195000939703 2.10780933757971 15.25
850 10923.8374453369 10923.8374453369 0.634195000939703 2.10780933757971 15.25
851 10925.0917381944 10925.0917381944 0.634195000939703 2.10780933757971 15.25
852 10926.3462746525 10926.3462746525 0.634195000939703 2.10780933757971 15.25
853 10927.6010544914 10927.6010544914 0.634195000939703 2.10780933757971 15.25
854 10928.8560777451 10928.8560777451 0.634195000939703 2.10780933757971 15.25
855 10930.1113442353 10930.1113442353 0.634195000939703 2.10780933757971 15.25
856 10931.3668539492 10931.3668539492 0.634195000939703 2.10780933757971 15.25
857 10932.6226067557 10932.6226067557 0.634195000939703 2.10780933757971 15.25
858 10933.8786025945 10933.8786025945 0.634195000939703 2.10780933757971 15.25
859 10935.1348413821 10935.1348413821 0.634195000939703 2.10780933757971 15.25
860 10936.3913230111 10936.3913230111 0.634195000939703 2.10780933757971 15.25
861 10937.648047445 10937.648047445 0.634195000939703 2.10780933757971 15.25
862 10938.9050145275 10938.9050145275 0.634195000939703 2.10780933757971 15.25
863 10940.1622242729 10940.1622242729 0.634195000939703 2.10780933757971 15.25
864 10941.419676476 10941.419676476 0.634195000939703 2.10780933757971 15.25
865 10942.6773711931 10942.6773711931 0.634195000939703 2.10780933757971 15.25
866 10943.9353081879 10943.9353081879 0.634195000939703 2.10780933757971 15.25
867 10945.1934875241 10945.1934875241 0.634195000939703 2.10780933757971 15.25
868 10946.4519089945 10946.4519089945 0.634195000939703 2.10780933757971 15.25
869 10947.7105726156 10947.7105726156 0.634195000939703 2.10780933757971 15.25
870 10948.9694782276 10948.9694782276 0.634195000939703 2.10780933757971 15.25
871 10950.2286257979 10950.2286257979 0.634195000939703 2.10780933757971 15.25
872 10951.4880152175 10951.4880152175 0.634195000939703 2.10780933757971 15.25
873 10952.7476464049 10952.7476464049 0.634195000939703 2.10780933757971 15.25
874 10954.0075192985 10954.0075192985 0.634195000939703 2.10780933757971 15.25
875 10955.2676337695 10955.2676337695 0.634195000939703 2.10780933757971 15.25
876 10956.5279898035 10956.5279898035 0.634195000939703 2.10780933757971 15.25
877 10957.7885872245 10957.7885872245 0.634195000939703 2.10780933757971 15.25
878 10959.0494260655 10959.0494260655 0.634195000939703 2.10780933757971 15.25
879 10960.3105061033 10960.3105061033 0.634195000939703 2.10780933757971 15.25
880 10961.5718274019 10961.5718274019 0.634195000939703 2.10780933757971 15.25
881 10962.833389738 10962.833389738 0.634195000939703 2.10780933757971 15.25
882 10964.0951931538 10964.0951931538 0.634195000939703 2.10780933757971 15.25
883 10965.3572374643 10965.3572374643 0.634195000939703 2.10780933757971 15.25
884 10966.6195226646 10966.6195226646 0.634195000939703 2.10780933757971 15.25
885 10967.8820486168 10967.8820486168 0.634195000939703 2.10780933757971 15.25
886 10969.1448152689 10969.1448152689 0.634195000939703 2.10780933757971 15.25
887 10970.4078225303 10970.4078225303 0.634195000939703 2.10780933757971 15.25
888 10971.6710703016 10971.6710703016 0.634195000939703 2.10780933757971 15.25
889 10972.9345585399 10972.9345585399 0.634195000939703 2.10780933757971 15.25
890 10974.1982870964 10974.1982870964 0.634195000939703 2.10780933757971 15.25
891 10975.4622559793 10975.4622559793 0.634195000939703 2.10780933757971 15.25
892 10976.7264649908 10976.7264649908 0.634195000939703 2.10780933757971 15.25
893 10977.9909141845 10977.9909141845 0.634195000939703 2.10780933757971 15.25
894 10979.2556033208 10979.2556033208 0.634195000939703 2.10780933757971 15.25
895 10980.5205324716 10980.5205324716 0.634195000939703 2.10780933757971 15.25
896 10981.7857014228 10981.7857014228 0.634195000939703 2.10780933757971 15.25
897 10983.0511101991 10983.0511101991 0.634195000939703 2.10780933757971 15.25
898 10984.3167586337 10984.3167586337 0.634195000939703 2.10780933757971 15.25
899 10985.5826467021 10985.5826467021 0.634195000939703 2.10780933757971 15.25
900 10986.8487742887 10986.8487742887 0.634195000939703 2.10780933757971 15.25
901 10988.1151413198 10988.1151413198 0.634195000939703 2.10780933757971 15.25
902 10989.3817477272 10989.3817477272 0.634195000939703 2.10780933757971 15.25
903 10990.6485933899 10990.6485933899 0.634195000939703 2.10780933757971 15.25
904 10991.9156782871 10991.9156782871 0.634195000939703 2.10780933757971 15.25
905 10993.1830022504 10993.1830022504 0.634195000939703 2.10780933757971 15.25
906 10994.4505653066 10994.4505653066 0.634195000939703 2.10780933757971 15.25
907 10995.7183672398 10995.7183672398 0.634195000939703 2.10780933757971 15.25
908 10996.9864081115 10996.9864081115 0.634195000939703 2.10780933757971 15.25
909 10998.254687695 10998.254687695 0.634195000939703 2.10780933757971 15.25
910 10999.5232060407 10999.5232060407 0.634195000939703 2.10780933757971 15.25
911 11000.7919629568 11000.7919629568 0.634195000939703 2.10780933757971 15.25
912 11002.0609584464 11002.0609584464 0.634195000939703 2.10780933757971 15.25
913 11003.3301923649 11003.3301923649 0.634195000939703 2.10780933757971 15.25
914 11004.5996646682 11004.5996646682 0.634195000939703 2.10780933757971 15.25
915 11005.8693752591 11005.8693752591 0.634195000939703 2.10780933757971 15.25
916 11007.1393240461 11007.1393240461 0.634195000939703 2.10780933757971 15.25
917 11008.4095109796 11008.4095109796 0.634195000939703 2.10780933757971 15.25
918 11009.6799359187 11009.6799359187 0.634195000939703 2.10780933757971 15.25
919 11010.9505988651 11010.9505988651 0.634195000939703 2.10780933757971 15.25
920 11012.2214996286 11012.2214996286 0.634195000939703 2.10780933757971 15.25
921 11013.4926382584 11013.4926382584 0.634195000939703 2.10780933757971 15.25
922 11014.7640145169 11014.7640145169 0.634195000939703 2.10780933757971 15.25
923 11016.0356284789 11016.0356284789 0.634195000939703 2.10780933757971 15.25
924 11017.3074799251 11017.3074799251 0.634195000939703 2.10780933757971 15.25
925 11018.5795688883 11018.5795688883 0.634195000939703 2.10780933757971 15.25
926 11019.851895195 11019.851895195 0.634195000939703 2.10780933757971 15.25
927 11021.1244588287 11021.1244588287 0.634195000939703 2.10780933757971 15.25
928 11022.397259667 11022.397259667 0.634195000939703 2.10780933757971 15.25
929 11023.6702976442 11023.6702976442 0.634195000939703 2.10780933757971 15.25
930 11024.9435726855 11024.9435726855 0.634195000939703 2.10780933757971 15.25
931 11026.2170846776 11026.2170846776 0.634195000939703 2.10780933757971 15.25
932 11027.4908335933 11027.4908335933 0.634195000939703 2.10780933757971 15.25
933 11028.764819272 11028.764819272 0.634195000939703 2.10780933757971 15.25
934 11030.0390417339 11030.0390417339 0.634195000939703 2.10780933757971 15.25
935 11031.3135007709 11031.3135007709 0.634195000939703 2.10780933757971 15.25
936 11032.5881964417 11032.5881964417 0.634195000939703 2.10780933757971 15.25
937 11033.8631285162 11033.8631285162 0.634195000939703 2.10780933757971 15.25
938 11035.1382970534 11035.1382970534 0.634195000939703 2.10780933757971 15.25
939 11036.4137018541 11036.4137018541 0.634195000939703 2.10780933757971 15.25
940 11037.6893429298 11037.6893429298 0.634195000939703 2.10780933757971 15.25
941 11038.965220129 11038.965220129 0.634195000939703 2.10780933757971 15.25
942 11040.2413334157 11040.2413334157 0.634195000939703 2.10780933757971 15.25
943 11041.517682686 11041.517682686 0.634195000939703 2.10780933757971 15.25
944 11042.7942678562 11042.7942678562 0.634195000939703 2.10780933757971 15.25
945 11044.0710888702 11044.0710888702 0.634195000939703 2.10780933757971 15.25
946 11045.3481455949 11045.3481455949 0.634195000939703 2.10780933757971 15.25
947 11046.6254380254 11046.6254380254 0.634195000939703 2.10780933757971 15.25
948 11047.9029659794 11047.9029659794 0.634195000939703 2.10780933757971 15.25
949 11049.1807294997 11049.1807294997 0.634195000939703 2.10780933757971 15.25
950 11050.4587283561 11050.4587283561 0.634195000939703 2.10780933757971 15.25
951 11051.7369626209 11051.7369626209 0.634195000939703 2.10780933757971 15.25
952 11053.0154320713 11053.0154320713 0.634195000939703 2.10780933757971 15.25
953 11054.2941367486 11054.2941367486 0.634195000939703 2.10780933757971 15.25
954 11055.5730764722 11055.5730764722 0.634195000939703 2.10780933757971 15.25
955 11056.8522512337 11056.8522512337 0.634195000939703 2.10780933757971 15.25
956 11058.131660904 11058.131660904 0.634195000939703 2.10780933757971 15.25
957 11059.4113054254 11059.4113054254 0.634195000939703 2.10780933757971 15.25
958 11060.6911847163 11060.6911847163 0.634195000939703 2.10780933757971 15.25
959 11061.9712986715 11061.9712986715 0.634195000939703 2.10780933757971 15.25
960 11063.2516472571 11063.2516472571 0.634195000939703 2.10780933757971 15.25
961 11064.5322303203 11064.5322303203 0.634195000939703 2.10780933757971 15.25
962 11065.8130478748 11065.8130478748 0.634195000939703 2.10780933757971 15.25
963 11067.0940997202 11067.0940997202 0.634195000939703 2.10780933757971 15.25
964 11068.3753859127 11068.3753859127 0.634195000939703 2.10780933757971 15.25
965 11069.6569062185 11069.6569062185 0.634195000939703 2.10780933757971 15.25
966 11070.938660705 11070.938660705 0.634195000939703 2.10780933757971 15.25
967 11072.2206491662 11072.2206491662 0.634195000939703 2.10780933757971 15.25
968 11073.5028716216 11073.5028716216 0.634195000939703 2.10780933757971 15.25
969 11074.785327913 11074.785327913 0.634195000939703 2.10780933757971 15.25
970 11076.0680180122 11076.0680180122 0.634195000939703 2.10780933757971 15.25
971 11077.3509418088 11077.3509418088 0.634195000939703 2.10780933757971 15.25
972 11078.6340992271 11078.6340992271 0.634195000939703 2.10780933757971 15.25
973 11079.9174902042 11079.9174902042 0.634195000939703 2.10780933757971 15.25
974 11081.2011146149 11081.2011146149 0.634195000939703 2.10780933757971 15.25
975 11082.4849724479 11082.4849724479 0.634195000939703 2.10780933757971 15.25
976 11083.7690635284 11083.7690635284 0.634195000939703 2.10780933757971 15.25
977 11085.053387893 11085.053387893 0.634195000939703 2.10780933757971 15.25
978 11086.337945296 11086.337945296 0.634195000939703 2.10780933757971 15.25
979 11087.6227358113 11087.6227358113 0.634195000939703 2.10780933757971 15.25
980 11088.9077592316 11088.9077592316 0.634195000939703 2.10780933757971 15.25
981 11090.1930156064 11090.1930156064 0.634195000939703 2.10780933757971 15.25
982 11091.478504748 11091.478504748 0.634195000939703 2.10780933757971 15.25
983 11092.7642266566 11092.7642266566 0.634195000939703 2.10780933757971 15.25
984 11094.0501811958 11094.0501811958 0.634195000939703 2.10780933757971 15.25
985 11095.3363683163 11095.3363683163 0.634195000939703 2.10780933757971 15.25
986 11096.6227879296 11096.6227879296 0.634195000939703 2.10780933757971 15.25
987 11097.9094399384 11097.9094399384 0.634195000939703 2.10780933757971 15.25
988 11099.1963243028 11099.1963243028 0.634195000939703 2.10780933757971 15.25
989 11100.4834408764 11100.4834408764 0.634195000939703 2.10780933757971 15.25
990 11101.7707896674 11101.7707896674 0.634195000939703 2.10780933757971 15.25
991 11103.0583704838 11103.0583704838 0.634195000939703 2.10780933757971 15.25
992 11104.3461833778 11104.3461833778 0.634195000939703 2.10780933757971 15.25
993 11105.6342281129 11105.6342281129 0.634195000939703 2.10780933757971 15.25
994 11106.9225047646 11106.9225047646 0.634195000939703 2.10780933757971 15.25
995 11108.2110131198 11108.2110131198 0.634195000939703 2.10780933757971 15.25
996 11109.4997532066 11109.4997532066 0.634195000939703 2.10780933757971 15.25
997 11110.7887248595 11110.7887248595 0.634195000939703 2.10780933757971 15.25
998 11112.0779280588 11112.0779280588 0.634195000939703 2.10780933757971 15.25
999 11113.367362687 11113.367362687 0.634195000939703 2.10780933757971 15.25
1000 11114.6570286765 11114.6570286765 0.634195000939703 2.10780933757971 15.25
1001 11115.9469259579 11115.9469259579 0.634195000939703 2.10780933757971 15.25
1002 11117.2370544137 11117.2370544137 0.634195000939703 2.10780933757971 15.25
1003 11118.5274140261 11118.5274140261 0.634195000939703 2.10780933757971 15.25
1004 11119.8180046281 11119.8180046281 0.634195000939703 2.10780933757971 15.25
1005 11121.1088262502 11121.1088262502 0.634195000939703 2.10780933757971 15.25
1006 11122.3998786763 11122.3998786763 0.634195000939703 2.10780933757971 15.25
1007 11123.6911619741 11123.6911619741 0.634195000939703 2.10780933757971 15.25
1008 11124.9826759149 11124.9826759149 0.634195000939703 2.10780933757971 15.25
1009 11126.2744205554 11126.2744205554 0.634195000939703 2.10780933757971 15.25
1010 11127.5663957013 11127.5663957013 0.634195000939703 2.10780933757971 15.25
1011 11128.8586013608 11128.8586013608 0.634195000939703 2.10780933757971 15.25
1012 11130.151037391 11130.151037391 0.634195000939703 2.10780933757971 15.25
1013 11131.4437037503 11131.4437037503 0.634195000939703 2.10780933757971 15.25
1014 11132.7366003438 11132.7366003438 0.634195000939703 2.10780933757971 15.25
1015 11134.029727082 11134.029727082 0.634195000939703 2.10780933757971 15.25
1016 11135.323083918 11135.323083918 0.634195000939703 2.10780933757971 15.25
1017 11136.6166707144 11136.6166707144 0.634195000939703 2.10780933757971 15.25
1018 11137.9104874722 11137.9104874722 0.634195000939703 2.10780933757971 15.25
1019 11139.2045340062 11139.2045340062 0.634195000939703 2.10780933757971 15.25
1020 11140.4988103654 11140.4988103654 0.634195000939703 2.10780933757971 15.25
1021 11141.7933163166 11141.7933163166 0.634195000939703 2.10780933757971 15.25
1022 11143.0880519348 11143.0880519348 0.634195000939703 2.10780933757971 15.25
1023 11144.3830170033 11144.3830170033 0.634195000939703 2.10780933757971 15.25
1024 11145.678211559 11145.678211559 0.634195000939703 2.10780933757971 15.25
1025 11146.9736354282 11146.9736354282 0.634195000939703 2.10780933757971 15.25
1026 11148.2692886002 11148.2692886002 0.634195000939703 2.10780933757971 15.25
1027 11149.5651709515 11149.5651709515 0.634195000939703 2.10780933757971 15.25
1028 11150.8612824213 11150.8612824213 0.634195000939703 2.10780933757971 15.25
1029 11152.1576229338 11152.1576229338 0.634195000939703 2.10780933757971 15.25
1030 11153.4541923815 11153.4541923815 0.634195000939703 2.10780933757971 15.25
1031 11154.7509907362 11154.7509907362 0.634195000939703 2.10780933757971 15.25
1032 11156.0480178405 11156.0480178405 0.634195000939703 2.10780933757971 15.25
1033 11157.3452737182 11157.3452737182 0.634195000939703 2.10780933757971 15.25
1034 11158.6427581619 11158.6427581619 0.634195000939703 2.10780933757971 15.25
1035 11159.940471236 11159.940471236 0.634195000939703 2.10780933757971 15.25
1036 11161.2384127075 11161.2384127075 0.634195000939703 2.10780933757971 15.25
1037 11162.5365826426 11162.5365826426 0.634195000939703 2.10780933757971 15.25
1038 11163.8349808397 11163.8349808397 0.634195000939703 2.10780933757971 15.25
1039 11165.133607317 11165.133607317 0.634195000939703 2.10780933757971 15.25
1040 11166.4324619211 11166.4324619211 0.634195000939703 2.10780933757971 15.25
1041 11167.7315446207 11167.7315446207 0.634195000939703 2.10780933757971 15.25
1042 11169.030855313 11169.030855313 0.634195000939703 2.10780933757971 15.25
1043 11170.3303939172 11170.3303939172 0.634195000939703 2.10780933757971 15.25
1044 11171.6301603806 11171.6301603806 0.634195000939703 2.10780933757971 15.25
1045 11172.9301545724 11172.9301545724 0.634195000939703 2.10780933757971 15.25
1046 11174.2303764877 11174.2303764877 0.634195000939703 2.10780933757971 15.25
1047 11175.5308259488 11175.5308259488 0.634195000939703 2.10780933757971 15.25
1048 11176.8315029984 11176.8315029984 0.634195000939703 2.10780933757971 15.25
1049 11178.132407411 11178.132407411 0.634195000939703 2.10780933757971 15.25
1050 11179.4335392589 11179.4335392589 0.634195000939703 2.10780933757971 15.25
1051 11180.734898322 11180.734898322 0.634195000939703 2.10780933757971 15.25
1052 11182.036484645 11182.036484645 0.634195000939703 2.10780933757971 15.25
1053 11183.3382980487 11183.3382980487 0.634195000939703 2.10780933757971 15.25
1054 11184.6403385295 11184.6403385295 0.634195000939703 2.10780933757971 15.25
1055 11185.9426059565 11185.9426059565 0.634195000939703 2.10780933757971 15.25
1056 11187.245100278 11187.245100278 0.634195000939703 2.10780933757971 15.25
1057 11188.5478214112 11188.5478214112 0.634195000939703 2.10780933757971 15.25
1058 11189.8507692565 11189.8507692565 0.634195000939703 2.10780933757971 15.25
1059 11191.1539437791 11191.1539437791 0.634195000939703 2.10780933757971 15.25
1060 11192.4573448299 11192.4573448299 0.634195000939703 2.10780933757971 15.25
1061 11193.7609724249 11193.7609724249 0.634195000939703 2.10780933757971 15.25
1062 11195.0648263652 11195.0648263652 0.634195000939703 2.10780933757971 15.25
1063 11196.3689067136 11196.3689067136 0.634195000939703 2.10780933757971 15.25
1064 11197.673213232 11197.673213232 0.634195000939703 2.10780933757971 15.25
1065 11198.9777459958 11198.9777459958 0.634195000939703 2.10780933757971 15.25
1066 11200.2825047961 11200.2825047961 0.634195000939703 2.10780933757971 15.25
1067 11201.5874896597 11201.5874896597 0.634195000939703 2.10780933757971 15.25
1068 11202.8927004258 11202.8927004258 0.634195000939703 2.10780933757971 15.25
1069 11204.1981370713 11204.1981370713 0.634195000939703 2.10780933757971 15.25
1070 11205.5037994875 11205.5037994875 0.634195000939703 2.10780933757971 15.25
1071 11206.809687601 11206.809687601 0.634195000939703 2.10780933757971 15.25
1072 11208.1158013515 11208.1158013515 0.634195000939703 2.10780933757971 15.25
1073 11209.4221406175 11209.4221406175 0.634195000939703 2.10780933757971 15.25
1074 11210.7287053869 11210.7287053869 0.634195000939703 2.10780933757971 15.25
1075 11212.03549549 11212.03549549 0.634195000939703 2.10780933757971 15.25
1076 11213.3425109631 11213.3425109631 0.634195000939703 2.10780933757971 15.25
1077 11214.6497515884 11214.6497515884 0.634195000939703 2.10780933757971 15.25
1078 11215.9572174366 11215.9572174366 0.634195000939703 2.10780933757971 15.25
1079 11217.2649082811 11217.2649082811 0.634195000939703 2.10780933757971 15.25
1080 11218.5728241776 11218.5728241776 0.634195000939703 2.10780933757971 15.25
1081 11219.8809649387 11219.8809649387 0.634195000939703 2.10780933757971 15.25
1082 11221.1893305696 11221.1893305696 0.634195000939703 2.10780933757971 15.25
1083 11222.4979209322 11222.4979209322 0.634195000939703 2.10780933757971 15.25
1084 11223.8067359833 11223.8067359833 0.634195000939703 2.10780933757971 15.25
1085 11225.1157756331 11225.1157756331 0.634195000939703 2.10780933757971 15.25
1086 11226.42503979 11226.42503979 0.634195000939703 2.10780933757971 15.25
1087 11227.7345284126 11227.7345284126 0.634195000939703 2.10780933757971 15.25
1088 11229.0442413611 11229.0442413611 0.634195000939703 2.10780933757971 15.25
1089 11230.3541786426 11230.3541786426 0.634195000939703 2.10780933757971 15.25
1090 11231.6643400669 11231.6643400669 0.634195000939703 2.10780933757971 15.25
1091 11232.9747256932 11232.9747256932 0.634195000939703 2.10780933757971 15.25
1092 11234.2853352814 11234.2853352814 0.634195000939703 2.10780933757971 15.25
1093 11235.5961689147 11235.5961689147 0.634195000939703 2.10780933757971 15.25
1094 11236.9072263772 11236.9072263772 0.634195000939703 2.10780933757971 15.25
1095 11238.2185077041 11238.2185077041 0.634195000939703 2.10780933757971 15.25
1096 11239.530012728 11239.530012728 0.634195000939703 2.10780933757971 15.25
1097 11240.8417414345 11240.8417414345 0.634195000939703 2.10780933757971 15.25
1098 11242.1536937054 11242.1536937054 0.634195000939703 2.10780933757971 15.25
1099 11243.4658694779 11243.4658694779 0.634195000939703 2.10780933757971 15.25
1100 11244.7782686838 11244.7782686838 0.634195000939703 2.10780933757971 15.25
1101 11246.0908912099 11246.0908912099 0.634195000939703 2.10780933757971 15.25
1102 11247.4037370376 11247.4037370376 0.634195000939703 2.10780933757971 15.25
1103 11248.7168060049 11248.7168060049 0.634195000939703 2.10780933757971 15.25
1104 11250.0300981417 11250.0300981417 0.634195000939703 2.10780933757971 15.25
1105 11251.3436132377 11251.3436132377 0.634195000939703 2.10780933757971 15.25
1106 11252.6573513618 11252.6573513618 0.634195000939703 2.10780933757971 15.25
1107 11253.9713122833 11253.9713122833 0.634195000939703 2.10780933757971 15.25
1108 11255.2854960656 11255.2854960656 0.634195000939703 2.10780933757971 15.25
1109 11256.5999025153 11256.5999025153 0.634195000939703 2.10780933757971 15.25
1110 11257.9145316456 11257.9145316456 0.634195000939703 2.10780933757971 15.25
1111 11259.2293833114 11259.2293833114 0.634195000939703 2.10780933757971 15.25
1112 11260.5444574777 11260.5444574777 0.634195000939703 2.10780933757971 15.25
1113 11261.8597540483 11261.8597540483 0.634195000939703 2.10780933757971 15.25
1114 11263.1752729384 11263.1752729384 0.634195000939703 2.10780933757971 15.25
1115 11264.4910141008 11264.4910141008 0.634195000939703 2.10780933757971 15.25
1116 11265.8069774044 11265.8069774044 0.634195000939703 2.10780933757971 15.25
1117 11267.1231628484 11267.1231628484 0.634195000939703 2.10780933757971 15.25
1118 11268.4395702509 11268.4395702509 0.634195000939703 2.10780933757971 15.25
1119 11269.7561996648 11269.7561996648 0.634195000939703 2.10780933757971 15.25
1120 11271.0730508574 11271.0730508574 0.634195000939703 2.10780933757971 15.25
1121 11272.3901239096 11272.3901239096 0.634195000939703 2.10780933757971 15.25
1122 11273.7074186017 11273.7074186017 0.634195000939703 2.10780933757971 15.25
1123 11275.0249349775 11275.0249349775 0.634195000939703 2.10780933757971 15.25
1124 11276.3426728621 11276.3426728621 0.634195000939703 2.10780933757971 15.25
1125 11277.6606322507 11277.6606322507 0.634195000939703 2.10780933757971 15.25
1126 11278.9788130171 11278.9788130171 0.634195000939703 2.10780933757971 15.25
1127 11280.297215108 11280.297215108 0.634195000939703 2.10780933757971 15.25
1128 11281.6158384458 11281.6158384458 0.634195000939703 2.10780933757971 15.25
1129 11282.9346829268 11282.9346829268 0.634195000939703 2.10780933757971 15.25
1130 11284.2537485256 11284.2537485256 0.634195000939703 2.10780933757971 15.25
1131 11285.5730350884 11285.5730350884 0.634195000939703 2.10780933757971 15.25
1132 11286.8925426387 11286.8925426387 0.634195000939703 2.10780933757971 15.25
1133 11288.2122709727 11288.2122709727 0.634195000939703 2.10780933757971 15.25
1134 11289.5322201577 11289.5322201577 0.634195000939703 2.10780933757971 15.25
1135 11290.8523899601 11290.8523899601 0.634195000939703 2.10780933757971 15.25
1136 11292.1727804526 11292.1727804526 0.634195000939703 2.10780933757971 15.25
1137 11293.4933914312 11293.4933914312 0.634195000939703 2.10780933757971 15.25
1138 11294.8142229195 11294.8142229195 0.634195000939703 2.10780933757971 15.25
1139 11296.1352747652 11296.1352747652 0.634195000939703 2.10780933757971 15.25
1140 11297.4565469417 11297.4565469417 0.634195000939703 2.10780933757971 15.25
1141 11298.7780393454 11298.7780393454 0.634195000939703 2.10780933757971 15.25
1142 11300.0997519009 11300.0997519009 0.634195000939703 2.10780933757971 15.25
1143 11301.4216845138 11301.4216845138 0.634195000939703 2.10780933757971 15.25
1144 11302.7438370989 11302.7438370989 0.634195000939703 2.10780933757971 15.25
1145 11304.066209651 11304.066209651 0.634195000939703 2.10780933757971 15.25
1146 11305.3888019975 11305.3888019975 0.634195000939703 2.10780933757971 15.25
1147 11306.7116141809 11306.7116141809 0.634195000939703 2.10780933757971 15.25
1148 11308.0346459782 11308.0346459782 0.634195000939703 2.10780933757971 15.25
1149 11309.3578974676 11309.3578974676 0.634195000939703 2.10780933757971 15.25
1150 11310.6813684261 11310.6813684261 0.634195000939703 2.10780933757971 15.25
1151 11312.0050589058 11312.0050589058 0.634195000939703 2.10780933757971 15.25
1152 11313.3289687251 11313.3289687251 0.634195000939703 2.10780933757971 15.25
1153 11314.653097886 11314.653097886 0.634195000939703 2.10780933757971 15.25
1154 11315.9774462577 11315.9774462577 0.634195000939703 2.10780933757971 15.25
1155 11317.3020137935 11317.3020137935 0.634195000939703 2.10780933757971 15.25
1156 11318.6268004093 11318.6268004093 0.634195000939703 2.10780933757971 15.25
1157 11319.9518060096 11319.9518060096 0.634195000939703 2.10780933757971 15.25
1158 11321.2770305623 11321.2770305623 0.634195000939703 2.10780933757971 15.25
1159 11322.6024739213 11322.6024739213 0.634195000939703 2.10780933757971 15.25
1160 11323.9281361035 11323.9281361035 0.634195000939703 2.10780933757971 15.25
1161 11325.2540169139 11325.2540169139 0.634195000939703 2.10780933757971 15.25
1162 11326.5801164163 11326.5801164163 0.634195000939703 2.10780933757971 15.25
1163 11327.9064343727 11327.9064343727 0.634195000939703 2.10780933757971 15.25
1164 11329.2329708658 11329.2329708658 0.634195000939703 2.10780933757971 15.25
1165 11330.5597256838 11330.5597256838 0.634195000939703 2.10780933757971 15.25
1166 11331.8866988605 11331.8866988605 0.634195000939703 2.10780933757971 15.25
1167 11333.2138902332 11333.2138902332 0.634195000939703 2.10780933757971 15.25
1168 11334.5412997851 11334.5412997851 0.634195000939703 2.10780933757971 15.25
1169 11335.8689274058 11335.8689274058 0.634195000939703 2.10780933757971 15.25
1170 11337.1967730281 11337.1967730281 0.634195000939703 2.10780933757971 15.25
1171 11338.5248365908 11338.5248365908 0.634195000939703 2.10780933757971 15.25
1172 11339.8531179764 11339.8531179764 0.634195000939703 2.10780933757971 15.25
1173 11341.1816171745 11341.1816171745 0.634195000939703 2.10780933757971 15.25
1174 11342.5103340188 11342.5103340188 0.634195000939703 2.10780933757971 15.25
1175 11343.8392685457 11343.8392685457 0.634195000939703 2.10780933757971 15.25
1176 11345.1684205419 11345.1684205419 0.634195000939703 2.10780933757971 15.25
1177 11346.4977900791 11346.4977900791 0.634195000939703 2.10780933757971 15.25
1178 11347.8273769327 11347.8273769327 0.634195000939703 2.10780933757971 15.25
1179 11349.1571811631 11349.1571811631 0.634195000939703 2.10780933757971 15.25
1180 11350.4872025815 11350.4872025815 0.634195000939703 2.10780933757971 15.25
1181 11351.8174411998 11351.8174411998 0.634195000939703 2.10780933757971 15.25
1182 11353.1478968776 11353.1478968776 0.634195000939703 2.10780933757971 15.25
1183 11354.4785695782 11354.4785695782 0.634195000939703 2.10780933757971 15.25
1184 11355.8094592103 11355.8094592103 0.634195000939703 2.10780933757971 15.25
1185 11357.1405656882 11357.1405656882 0.634195000939703 2.10780933757971 15.25
1186 11358.4718889694 11358.4718889694 0.634195000939703 2.10780933757971 15.25
1187 11359.8034289177 11359.8034289177 0.634195000939703 2.10780933757971 15.25
1188 11361.1351855433 11361.1351855433 0.634195000939703 2.10780933757971 15.25
1189 11362.4671586591 11362.4671586591 0.634195000939703 2.10780933757971 15.25
1190 11363.7993483246 11363.7993483246 0.634195000939703 2.10780933757971 15.25
1191 11365.1317543026 11365.1317543026 0.634195000939703 2.10780933757971 15.25
1192 11366.4643766807 11366.4643766807 0.634195000939703 2.10780933757971 15.25
1193 11367.7972152405 11367.7972152405 0.634195000939703 2.10780933757971 15.25
1194 11369.1302700246 11369.1302700246 0.634195000939703 2.10780933757971 15.25
1195 11370.4635408631 11370.4635408631 0.634195000939703 2.10780933757971 15.25
1196 11371.7970277495 11371.7970277495 0.634195000939703 2.10780933757971 15.25
1197 11373.1307305628 11373.1307305628 0.634195000939703 2.10780933757971 15.25
1198 11374.4646492456 11374.4646492456 0.634195000939703 2.10780933757971 15.25
1199 11375.7987837297 11375.7987837297 0.634195000939703 2.10780933757971 15.25
1200 11377.1331339071 11377.1331339071 0.634195000939703 2.10780933757971 15.25
1201 11378.4676997584 11378.4676997584 0.634195000939703 2.10780933757971 15.25
1202 11379.8024811268 11379.8024811268 0.634195000939703 2.10780933757971 15.25
1203 11381.1374780419 11381.1374780419 0.634195000939703 2.10780933757971 15.25
1204 11382.4726902979 11382.4726902979 0.634195000939703 2.10780933757971 15.25
1205 11383.8081179659 11383.8081179659 0.634195000939703 2.10780933757971 15.25
1206 11385.1437608139 11385.1437608139 0.634195000939703 2.10780933757971 15.25
1207 11386.4796189129 11386.4796189129 0.634195000939703 2.10780933757971 15.25
1208 11387.8156920668 11387.8156920668 0.634195000939703 2.10780933757971 15.25
1209 11389.1519802963 11389.1519802963 0.634195000939703 2.10780933757971 15.25
1210 11390.4884834525 11390.4884834525 0.634195000939703 2.10780933757971 15.25
1211 11391.8252015092 11391.8252015092 0.634195000939703 2.10780933757971 15.25
1212 11393.1621343666 11393.1621343666 0.634195000939703 2.10780933757971 15.25
1213 11394.4992819477 11394.4992819477 0.634195000939703 2.10780933757971 15.25
1214 11395.8366442031 11395.8366442031 0.634195000939703 2.10780933757971 15.25
1215 11397.1742210066 11397.1742210066 0.634195000939703 2.10780933757971 15.25
1216 11398.5120123578 11398.5120123578 0.634195000939703 2.10780933757971 15.25
1217 11399.8500180796 11399.8500180796 0.634195000939703 2.10780933757971 15.25
1218 11401.1882382245 11401.1882382245 0.634195000939703 2.10780933757971 15.25
1219 11402.5266725646 11402.5266725646 0.634195000939703 2.10780933757971 15.25
1220 11403.8653211825 11403.8653211825 0.634195000939703 2.10780933757971 15.25
1221 11405.2041838578 11405.2041838578 0.634195000939703 2.10780933757971 15.25
1222 11406.5432606413 11406.5432606413 0.634195000939703 2.10780933757971 15.25
1223 11407.882551356 11407.882551356 0.634195000939703 2.10780933757971 15.25
1224 11409.2220560037 11409.2220560037 0.634195000939703 2.10780933757971 15.25
1225 11410.5617744563 11410.5617744563 0.634195000939703 2.10780933757971 15.25
1226 11411.9017066668 11411.9017066668 0.634195000939703 2.10780933757971 15.25
1227 11413.2418525561 11413.2418525561 0.634195000939703 2.10780933757971 15.25
1228 11414.5822120268 11414.5822120268 0.634195000939703 2.10780933757971 15.25
1229 11415.922785051 11415.922785051 0.634195000939703 2.10780933757971 15.25
1230 11417.2635714824 11417.2635714824 0.634195000939703 2.10780933757971 15.25
1231 11418.6045713422 11418.6045713422 0.634195000939703 2.10780933757971 15.25
1232 11419.9457844331 11419.9457844331 0.634195000939703 2.10780933757971 15.25
1233 11421.2872108233 11421.2872108233 0.634195000939703 2.10780933757971 15.25
1234 11422.6288502774 11422.6288502774 0.634195000939703 2.10780933757971 15.25
1235 11423.9707028768 11423.9707028768 0.634195000939703 2.10780933757971 15.25
1236 11425.3127684144 11425.3127684144 0.634195000939703 2.10780933757971 15.25
1237 11426.6550469207 11426.6550469207 0.634195000939703 2.10780933757971 15.25
1238 11427.9975382416 11427.9975382416 0.634195000939703 2.10780933757971 15.25
1239 11429.3402423568 11429.3402423568 0.634195000939703 2.10780933757971 15.25
1240 11430.6831591609 11430.6831591609 0.634195000939703 2.10780933757971 15.25
1241 11432.0262885849 11432.0262885849 0.634195000939703 2.10780933757971 15.25
1242 11433.3696305726 11433.3696305726 0.634195000939703 2.10780933757971 15.25
1243 11434.7131850056 11434.7131850056 0.634195000939703 2.10780933757971 15.25
1244 11436.0569518771 11436.0569518771 0.634195000939703 2.10780933757971 15.25
1245 11437.4009310197 11437.4009310197 0.634195000939703 2.10780933757971 15.25
1246 11438.7451224756 11438.7451224756 0.634195000939703 2.10780933757971 15.25
1247 11440.0895260269 11440.0895260269 0.634195000939703 2.10780933757971 15.25
1248 11441.4341417521 11441.4341417521 0.634195000939703 2.10780933757971 15.25
1249 11442.7789694295 11442.7789694295 0.634195000939703 2.10780933757971 15.25
1250 11444.1240091169 11444.1240091169 0.634195000939703 2.10780933757971 15.25
1251 11445.4692606305 11445.4692606305 0.634195000939703 2.10780933757971 15.25
1252 11446.8147239805 11446.8147239805 0.634195000939703 2.10780933757971 15.25
1253 11448.1603990319 11448.1603990319 0.634195000939703 2.10780933757971 15.25
1254 11449.5062857458 11449.5062857458 0.634195000939703 2.10780933757971 15.25
1255 11450.8523840364 11450.8523840364 0.634195000939703 2.10780933757971 15.25
1256 11452.1986938157 11452.1986938157 0.634195000939703 2.10780933757971 15.25
1257 11453.545215047 11453.545215047 0.634195000939703 2.10780933757971 15.25
1258 11454.8919475915 11454.8919475915 0.634195000939703 2.10780933757971 15.25
1259 11456.2388914653 11456.2388914653 0.634195000939703 2.10780933757971 15.25
1260 11457.5860464786 11457.5860464786 0.634195000939703 2.10780933757971 15.25
1261 11458.9334126969 11458.9334126969 0.634195000939703 2.10780933757971 15.25
1262 11460.2809898812 11460.2809898812 0.634195000939703 2.10780933757971 15.25
1263 11461.6287781215 11461.6287781215 0.634195000939703 2.10780933757971 15.25
1264 11462.9767772036 11462.9767772036 0.634195000939703 2.10780933757971 15.25
1265 11464.3249871682 11464.3249871682 0.634195000939703 2.10780933757971 15.25
1266 11465.6734078508 11465.6734078508 0.634195000939703 2.10780933757971 15.25
1267 11467.0220392397 11467.0220392397 0.634195000939703 2.10780933757971 15.25
1268 11468.370881225 11468.370881225 0.634195000939703 2.10780933757971 15.25
1269 11469.7199337442 11469.7199337442 0.634195000939703 2.10780933757971 15.25
1270 11471.0691967347 11471.0691967347 0.634195000939703 2.10780933757971 15.25
1271 11472.4186700863 11472.4186700863 0.634195000939703 2.10780933757971 15.25
1272 11473.7683537854 11473.7683537854 0.634195000939703 2.10780933757971 15.25
1273 11475.1182476725 11475.1182476725 0.634195000939703 2.10780933757971 15.25
1274 11476.4683517832 11476.4683517832 0.634195000939703 2.10780933757971 15.25
1275 11477.8186659091 11477.8186659091 0.634195000939703 2.10780933757971 15.25
1276 11479.1691901255 11479.1691901255 0.634195000939703 2.10780933757971 15.25
1277 11480.519924203 11480.519924203 0.634195000939703 2.10780933757971 15.25
1278 11481.8708682114 11481.8708682114 0.634195000939703 2.10780933757971 15.25
1279 11483.2220219594 11483.2220219594 0.634195000939703 2.10780933757971 15.25
1280 11484.5733854655 11484.5733854655 0.634195000939703 2.10780933757971 15.25
1281 11485.9249585877 11485.9249585877 0.634195000939703 2.10780933757971 15.25
1282 11487.2767412955 11487.2767412955 0.634195000939703 2.10780933757971 15.25
1283 11488.628733496 11488.628733496 0.634195000939703 2.10780933757971 15.25
1284 11489.9809351095 11489.9809351095 0.634195000939703 2.10780933757971 15.25
1285 11491.3333460928 11491.3333460928 0.634195000939703 2.10780933757971 15.25
1286 11492.6859663155 11492.6859663155 0.634195000939703 2.10780933757971 15.25
1287 11494.0387957856 11494.0387957856 0.634195000939703 2.10780933757971 15.25
1288 11495.3918343217 11495.3918343217 0.634195000939703 2.10780933757971 15.25
1289 11496.7450819828 11496.7450819828 0.634195000939703 2.10780933757971 15.25
1290 11498.098538538 11498.098538538 0.634195000939703 2.10780933757971 15.25
1291 11499.4522040745 11499.4522040745 0.634195000939703 2.10780933757971 15.25
1292 11500.8060783744 11500.8060783744 0.634195000939703 2.10780933757971 15.25
1293 11502.1601614874 11502.1601614874 0.634195000939703 2.10780933757971 15.25
1294 11503.514453241 11503.514453241 0.634195000939703 2.10780933757971 15.25
1295 11504.8689536355 11504.8689536355 0.634195000939703 2.10780933757971 15.25
1296 11506.223662548 11506.223662548 0.634195000939703 2.10780933757971 15.25
1297 11507.5785799294 11507.5785799294 0.634195000939703 2.10780933757971 15.25
1298 11508.9337057061 11508.9337057061 0.634195000939703 2.10780933757971 15.25
1299 11510.289039778 11510.289039778 0.634195000939703 2.10780933757971 15.25
1300 11511.6445821246 11511.6445821246 0.634195000939703 2.10780933757971 15.25
1301 11513.0003325945 11513.0003325945 0.634195000939703 2.10780933757971 15.25
1302 11514.3562912168 11514.3562912168 0.634195000939703 2.10780933757971 15.25
1303 11515.7124577907 11515.7124577907 0.634195000939703 2.10780933757971 15.25
1304 11517.0688323892 11517.0688323892 0.634195000939703 2.10780933757971 15.25
1305 11518.425414778 11518.425414778 0.634195000939703 2.10780933757971 15.25
1306 11519.7822050397 11519.7822050397 0.634195000939703 2.10780933757971 15.25
1307 11521.1392029541 11521.1392029541 0.634195000939703 2.10780933757971 15.25
1308 11522.4964085437 11522.4964085437 0.634195000939703 2.10780933757971 15.25
1309 11523.8538216828 11523.8538216828 0.634195000939703 2.10780933757971 15.25
1310 11525.211442348 11525.211442348 0.634195000939703 2.10780933757971 15.25
1311 11526.5692704406 11526.5692704406 0.634195000939703 2.10780933757971 15.25
1312 11527.9273058889 11527.9273058889 0.634195000939703 2.10780933757971 15.25
1313 11529.2855486424 11529.2855486424 0.634195000939703 2.10780933757971 15.25
1314 11530.6439985803 11530.6439985803 0.634195000939703 2.10780933757971 15.25
1315 11532.0026557016 11532.0026557016 0.634195000939703 2.10780933757971 15.25
1316 11533.3615198358 11533.3615198358 0.634195000939703 2.10780933757971 15.25
1317 11534.7205910325 11534.7205910325 0.634195000939703 2.10780933757971 15.25
1318 11536.079869071 11536.079869071 0.634195000939703 2.10780933757971 15.25
1319 11537.4393540325 11537.4393540325 0.634195000939703 2.10780933757971 15.25
1320 11538.7990456977 11538.7990456977 0.634195000939703 2.10780933757971 15.25
1321 11540.1589441244 11540.1589441244 0.634195000939703 2.10780933757971 15.25
1322 11541.5190491333 11541.5190491333 0.634195000939703 2.10780933757971 15.25
1323 11542.879360733 11542.879360733 0.634195000939703 2.10780933757971 15.25
1324 11544.2398787935 11544.2398787935 0.634195000939703 2.10780933757971 15.25
1325 11545.6006032741 11545.6006032741 0.634195000939703 2.10780933757971 15.25
1326 11546.9615340942 11546.9615340942 0.634195000939703 2.10780933757971 15.25
1327 11548.3226711637 11548.3226711637 0.634195000939703 2.10780933757971 15.25
1328 11549.6840144521 11549.6840144521 0.634195000939703 2.10780933757971 15.25
1329 11551.0455638166 11551.0455638166 0.634195000939703 2.10780933757971 15.25
1330 11552.4073192808 11552.4073192808 0.634195000939703 2.10780933757971 15.25
1331 11553.7692806515 11553.7692806515 0.634195000939703 2.10780933757971 15.25
1332 11555.1314479986 11555.1314479986 0.634195000939703 2.10780933757971 15.25
1333 11556.4938210856 11556.4938210856 0.634195000939703 2.10780933757971 15.25
1334 11557.8564000016 11557.8564000016 0.634195000939703 2.10780933757971 15.25
1335 11559.219184537 11559.219184537 0.634195000939703 2.10780933757971 15.25
1336 11560.5821747304 11560.5821747304 0.634195000939703 2.10780933757971 15.25
1337 11561.9453704225 11561.9453704225 0.634195000939703 2.10780933757971 15.25
1338 11563.3087716032 11563.3087716032 0.634195000939703 2.10780933757971 15.25
1339 11564.6723781616 11564.6723781616 0.634195000939703 2.10780933757971 15.25
1340 11566.0361900366 11566.0361900366 0.634195000939703 2.10780933757971 15.25
1341 11567.4002071708 11567.4002071708 0.634195000939703 2.10780933757971 15.25
1342 11568.7644294512 11568.7644294512 0.634195000939703 2.10780933757971 15.25
1343 11570.1288568712 11570.1288568712 0.634195000939703 2.10780933757971 15.25
1344 11571.4934892674 11571.4934892674 0.634195000939703 2.10780933757971 15.25
1345 11572.8583266821 11572.8583266821 0.634195000939703 2.10780933757971 15.25
1346 11574.2233689037 11574.2233689037 0.634195000939703 2.10780933757971 15.25
1347 11575.5886160121 11575.5886160121 0.634195000939703 2.10780933757971 15.25
1348 11576.9540677806 11576.9540677806 0.634195000939703 2.10780933757971 15.25
1349 11578.3197242776 11578.3197242776 0.634195000939703 2.10780933757971 15.25
1350 11579.6855853165 11579.6855853165 0.634195000939703 2.10780933757971 15.25
1351 11581.0516509144 11581.0516509144 0.634195000939703 2.10780933757971 15.25
1352 11582.4179209342 11582.4179209342 0.634195000939703 2.10780933757971 15.25
1353 11583.7843953435 11583.7843953435 0.634195000939703 2.10780933757971 15.25
1354 11585.1510740552 11585.1510740552 0.634195000939703 2.10780933757971 15.25
1355 11586.5179569863 11586.5179569863 0.634195000939703 2.10780933757971 15.25
1356 11587.8850441 11587.8850441 0.634195000939703 2.10780933757971 15.25
1357 11589.2523352645 11589.2523352645 0.634195000939703 2.10780933757971 15.25
1358 11590.6198304915 11590.6198304915 0.634195000939703 2.10780933757971 15.25
1359 11591.9875296002 11591.9875296002 0.634195000939703 2.10780933757971 15.25
1360 11593.3554326518 11593.3554326518 0.634195000939703 2.10780933757971 15.25
1361 11594.7235394143 11594.7235394143 0.634195000939703 2.10780933757971 15.25
1362 11596.0918499786 11596.0918499786 0.634195000939703 2.10780933757971 15.25
1363 11597.4603641306 11597.4603641306 0.634195000939703 2.10780933757971 15.25
1364 11598.8290819179 11598.8290819179 0.634195000939703 2.10780933757971 15.25
1365 11600.1980031732 11600.1980031732 0.634195000939703 2.10780933757971 15.25
1366 11601.567127895 11601.567127895 0.634195000939703 2.10780933757971 15.25
1367 11602.9364559656 11602.9364559656 0.634195000939703 2.10780933757971 15.25
1368 11604.3059873334 11604.3059873334 0.634195000939703 2.10780933757971 15.25
1369 11605.6757219315 11605.6757219315 0.634195000939703 2.10780933757971 15.25
1370 11607.0456596563 11607.0456596563 0.634195000939703 2.10780933757971 15.25
1371 11608.4158004935 11608.4158004935 0.634195000939703 2.10780933757971 15.25
1372 11609.7861442891 11609.7861442891 0.634195000939703 2.10780933757971 15.25
1373 11611.1566910782 11611.1566910782 0.634195000939703 2.10780933757971 15.25
1374 11612.5274406572 11612.5274406572 0.634195000939703 2.10780933757971 15.25
1375 11613.8983931031 11613.8983931031 0.634195000939703 2.10780933757971 15.25
1376 11615.2695481856 11615.2695481856 0.634195000939703 2.10780933757971 15.25
1377 11616.6409059839 11616.6409059839 0.634195000939703 2.10780933757971 15.25
1378 11618.0124663002 11618.0124663002 0.634195000939703 2.10780933757971 15.25
1379 11619.3842291638 11619.3842291638 0.634195000939703 2.10780933757971 15.25
1380 11620.7561944272 11620.7561944272 0.634195000939703 2.10780933757971 15.25
1381 11622.1283620671 11622.1283620671 0.634195000939703 2.10780933757971 15.25
1382 11623.5007319901 11623.5007319901 0.634195000939703 2.10780933757971 15.25
1383 11624.8733041222 11624.8733041222 0.634195000939703 2.10780933757971 15.25
1384 11626.2460784186 11626.2460784186 0.634195000939703 2.10780933757971 15.25
1385 11627.6190547561 11627.6190547561 0.634195000939703 2.10780933757971 15.25
1386 11628.9922331396 11628.9922331396 0.634195000939703 2.10780933757971 15.25
1387 11630.3656133958 11630.3656133958 0.634195000939703 2.10780933757971 15.25
1388 11631.7391955805 11631.7391955805 0.634195000939703 2.10780933757971 15.25
1389 11633.11297947 11633.11297947 0.634195000939703 2.10780933757971 15.25
1390 11634.48696515 11634.48696515 0.634195000939703 2.10780933757971 15.25
1391 11635.8611524038 11635.8611524038 0.634195000939703 2.10780933757971 15.25
1392 11637.2355412879 11637.2355412879 0.634195000939703 2.10780933757971 15.25
1393 11638.6101316279 11638.6101316279 0.634195000939703 2.10780933757971 15.25
1394 11639.9849234302 11639.9849234302 0.634195000939703 2.10780933757971 15.25
1395 11641.3599165711 11641.3599165711 0.634195000939703 2.10780933757971 15.25
1396 11642.7351110068 11642.7351110068 0.634195000939703 2.10780933757971 15.25
1397 11644.1105066626 11644.1105066626 0.634195000939703 2.10780933757971 15.25
1398 11645.4861034461 11645.4861034461 0.634195000939703 2.10780933757971 15.25
1399 11646.861901332 11646.861901332 0.634195000939703 2.10780933757971 15.25
1400 11648.2379001782 11648.2379001782 0.634195000939703 2.10780933757971 15.25
1401 11649.6141000092 11649.6141000092 0.634195000939703 2.10780933757971 15.25
1402 11650.9905006313 11650.9905006313 0.634195000939703 2.10780933757971 15.25
1403 11652.3671021188 11652.3671021188 0.634195000939703 2.10780933757971 15.25
1404 11653.7439042378 11653.7439042378 0.634195000939703 2.10780933757971 15.25
1405 11655.120907076 11655.120907076 0.634195000939703 2.10780933757971 15.25
1406 11656.4981104288 11656.4981104288 0.634195000939703 2.10780933757971 15.25
1407 11657.8755143331 11657.8755143331 0.634195000939703 2.10780933757971 15.25
1408 11659.2531186346 11659.2531186346 0.634195000939703 2.10780933757971 15.25
1409 11660.6309233214 11660.6309233214 0.634195000939703 2.10780933757971 15.25
1410 11662.0089282879 11662.0089282879 0.634195000939703 2.10780933757971 15.25
1411 11663.3871334727 11663.3871334727 0.634195000939703 2.10780933757971 15.25
1412 11664.7655388202 11664.7655388202 0.634195000939703 2.10780933757971 15.25
1413 11666.1441442168 11666.1441442168 0.634195000939703 2.10780933757971 15.25
1414 11667.5229496619 11667.5229496619 0.634195000939703 2.10780933757971 15.25
1415 11668.9019549895 11668.9019549895 0.634195000939703 2.10780933757971 15.25
1416 11670.2811602478 11670.2811602478 0.634195000939703 2.10780933757971 15.25
1417 11671.6605652223 11671.6605652223 0.634195000939703 2.10780933757971 15.25
1418 11673.0401699975 11673.0401699975 0.634195000939703 2.10780933757971 15.25
1419 11674.4199743491 11674.4199743491 0.634195000939703 2.10780933757971 15.25
1420 11675.7999783459 11675.7999783459 0.634195000939703 2.10780933757971 15.25
1421 11677.1801818033 11677.1801818033 0.634195000939703 2.10780933757971 15.25
1422 11678.5605847377 11678.5605847377 0.634195000939703 2.10780933757971 15.25
1423 11679.9411870172 11679.9411870172 0.634195000939703 2.10780933757971 15.25
1424 11681.3219886077 11681.3219886077 0.634195000939703 2.10780933757971 15.25
1425 11682.7029894271 11682.7029894271 0.634195000939703 2.10780933757971 15.25
1426 11684.0841893911 11684.0841893911 0.634195000939703 2.10780933757971 15.25
1427 11685.4655884676 11685.4655884676 0.634195000939703 2.10780933757971 15.25
1428 11686.8471865227 11686.8471865227 0.634195000939703 2.10780933757971 15.25
1429 11688.228983574 11688.228983574 0.634195000939703 2.10780933757971 15.25
1430 11689.6109794377 11689.6109794377 0.634195000939703 2.10780933757971 15.25
1431 11690.9931741817 11690.9931741817 0.634195000939703 2.10780933757971 15.25
1432 11692.3755675725 11692.3755675725 0.634195000939703 2.10780933757971 15.25
1433 11693.7581597016 11693.7581597016 0.634195000939703 2.10780933757971 15.25
1434 11695.1409503598 11695.1409503598 0.634195000939703 2.10780933757971 15.25
1435 11696.5239395931 11696.5239395931 0.634195000939703 2.10780933757971 15.25
1436 11697.9071272392 11697.9071272392 0.634195000939703 2.10780933757971 15.25
1437 11699.2905132947 11699.2905132947 0.634195000939703 2.10780933757971 15.25
1438 11700.6740976471 11700.6740976471 0.634195000939703 2.10780933757971 15.25
1439 11702.0578802429 11702.0578802429 0.634195000939703 2.10780933757971 15.25
1440 11703.4418610207 11703.4418610207 0.634195000939703 2.10780933757971 15.25
1441 11704.8260398764 11704.8260398764 0.634195000939703 2.10780933757971 15.25
1442 11706.2104167976 11706.2104167976 0.634195000939703 2.10780933757971 15.25
1443 11707.5949916316 11707.5949916316 0.634195000939703 2.10780933757971 15.25
1444 11708.9797644156 11708.9797644156 0.634195000939703 2.10780933757971 15.25
1445 11710.3647349451 11710.3647349451 0.634195000939703 2.10780933757971 15.25
1446 11711.7499033016 11711.7499033016 0.634195000939703 2.10780933757971 15.25
1447 11713.1352692574 11713.1352692574 0.634195000939703 2.10780933757971 15.25
1448 11714.5208328903 11714.5208328903 0.634195000939703 2.10780933757971 15.25
1449 11715.9065940072 11715.9065940072 0.634195000939703 2.10780933757971 15.25
1450 11717.2925526361 11717.2925526361 0.634195000939703 2.10780933757971 15.25
1451 11718.6787086338 11718.6787086338 0.634195000939703 2.10780933757971 15.25
1452 11720.0650619784 11720.0650619784 0.634195000939703 2.10780933757971 15.25
1453 11721.4516125768 11721.4516125768 0.634195000939703 2.10780933757971 15.25
1454 11722.8383603552 11722.8383603552 0.634195000939703 2.10780933757971 15.25
1455 11724.2253052742 11724.2253052742 0.634195000939703 2.10780933757971 15.25
1456 11725.6124472083 11725.6124472083 0.634195000939703 2.10780933757971 15.25
1457 11726.9997861683 11726.9997861683 0.634195000939703 2.10780933757971 15.25
1458 11728.3873219788 11728.3873219788 0.634195000939703 2.10780933757971 15.25
1459 11729.7750546997 11729.7750546997 0.634195000939703 2.10780933757971 15.25
1460 11731.1629841064 11731.1629841064 0.634195000939703 2.10780933757971 15.25
1461 11732.5511102903 11732.5511102903 0.634195000939703 2.10780933757971 15.25
1462 11733.9394330335 11733.9394330335 0.634195000939703 2.10780933757971 15.25
1463 11735.327952395 11735.327952395 0.634195000939703 2.10780933757971 15.25
1464 11736.7166682012 11736.7166682012 0.634195000939703 2.10780933757971 15.25
1465 11738.105580459 11738.105580459 0.634195000939703 2.10780933757971 15.25
1466 11739.4946890498 11739.4946890498 0.634195000939703 2.10780933757971 15.25
1467 11740.8839939277 11740.8839939277 0.634195000939703 2.10780933757971 15.25
1468 11742.2734950234 11742.2734950234 0.634195000939703 2.10780933757971 15.25
1469 11743.6631922424 11743.6631922424 0.634195000939703 2.10780933757971 15.25
1470 11745.0530855649 11745.0530855649 0.634195000939703 2.10780933757971 15.25
1471 11746.4431748463 11746.4431748463 0.634195000939703 2.10780933757971 15.25
1472 11747.8334600854 11747.8334600854 0.634195000939703 2.10780933757971 15.25
1473 11749.2239411132 11749.2239411132 0.634195000939703 2.10780933757971 15.25
1474 11750.6146180125 11750.6146180125 0.634195000939703 2.10780933757971 15.25
1475 11752.0054905502 11752.0054905502 0.634195000939703 2.10780933757971 15.25
1476 11753.3965588148 11753.3965588148 0.634195000939703 2.10780933757971 15.25
1477 11754.7878226057 11754.7878226057 0.634195000939703 2.10780933757971 15.25
1478 11756.1792819596 11756.1792819596 0.634195000939703 2.10780933757971 15.25
1479 11757.5709367264 11757.5709367264 0.634195000939703 2.10780933757971 15.25
1480 11758.9627868915 11758.9627868915 0.634195000939703 2.10780933757971 15.25
1481 11760.3548323558 11760.3548323558 0.634195000939703 2.10780933757971 15.25
1482 11761.7470730554 11761.7470730554 0.634195000939703 2.10780933757971 15.25
1483 11763.1395089402 11763.1395089402 0.634195000939703 2.10780933757971 15.25
1484 11764.5321398967 11764.5321398967 0.634195000939703 2.10780933757971 15.25
1485 11765.9249659248 11765.9249659248 0.634195000939703 2.10780933757971 15.25
1486 11767.3179868591 11767.3179868591 0.634195000939703 2.10780933757971 15.25
1487 11768.7112027536 11768.7112027536 0.634195000939703 2.10780933757971 15.25
1488 11770.1046133907 11770.1046133907 0.634195000939703 2.10780933757971 15.25
1489 11771.4982188596 11771.4982188596 0.634195000939703 2.10780933757971 15.25
1490 11772.8920189378 11772.8920189378 0.634195000939703 2.10780933757971 15.25
1491 11774.2860136941 11774.2860136941 0.634195000939703 2.10780933757971 15.25
1492 11775.6802029472 11775.6802029472 0.634195000939703 2.10780933757971 15.25
1493 11777.0745867149 11777.0745867149 0.634195000939703 2.10780933757971 15.25
1494 11778.4691648662 11778.4691648662 0.634195000939703 2.10780933757971 15.25
1495 11779.8639373689 11779.8639373689 0.634195000939703 2.10780933757971 15.25
1496 11781.2589041423 11781.2589041423 0.634195000939703 2.10780933757971 15.25
1497 11782.654065102 11782.654065102 0.634195000939703 2.10780933757971 15.25
1498 11784.0494202214 11784.0494202214 0.634195000939703 2.10780933757971 15.25
1499 11785.4449693638 11785.4449693638 0.634195000939703 2.10780933757971 15.25
1500 11786.8407125538 11786.8407125538 0.634195000939703 2.10780933757971 15.25
1501 11788.2366496038 11788.2366496038 0.634195000939703 2.10780933757971 15.25
1502 11789.6327805881 11789.6327805881 0.634195000939703 2.10780933757971 15.25
1503 11791.0291052699 11791.0291052699 0.634195000939703 2.10780933757971 15.25
1504 11792.4256237483 11792.4256237483 0.634195000939703 2.10780933757971 15.25
1505 11793.8223358115 11793.8223358115 0.634195000939703 2.10780933757971 15.25
1506 11795.2192415087 11795.2192415087 0.634195000939703 2.10780933757971 15.25
1507 11796.6163406783 11796.6163406783 0.634195000939703 2.10780933757971 15.25
1508 11798.0136333173 11798.0136333173 0.634195000939703 2.10780933757971 15.25
1509 11799.4111193179 11799.4111193179 0.634195000939703 2.10780933757971 15.25
1510 11800.808798626 11800.808798626 0.634195000939703 2.10780933757971 15.25
1511 11802.2066711836 11802.2066711836 0.634195000939703 2.10780933757971 15.25
1512 11803.6047368855 11803.6047368855 0.634195000939703 2.10780933757971 15.25
1513 11805.002995725 11805.002995725 0.634195000939703 2.10780933757971 15.25
1514 11806.4014475465 11806.4014475465 0.634195000939703 2.10780933757971 15.25
1515 11807.8000923935 11807.8000923935 0.634195000939703 2.10780933757971 15.25
1516 11809.1989300603 11809.1989300603 0.634195000939703 2.10780933757971 15.25
1517 11810.5979606309 11810.5979606309 0.634195000939703 2.10780933757971 15.25
1518 11811.9971838784 11811.9971838784 0.634195000939703 2.10780933757971 15.25
1519 11813.3965998808 11813.3965998808 0.634195000939703 2.10780933757971 15.25
1520 11814.796208451 11814.796208451 0.634195000939703 2.10780933757971 15.25
1521 11816.1960096139 11816.1960096139 0.634195000939703 2.10780933757971 15.25
1522 11817.5960032322 11817.5960032322 0.634195000939703 2.10780933757971 15.25
1523 11818.9961892817 11818.9961892817 0.634195000939703 2.10780933757971 15.25
1524 11820.3965676748 11820.3965676748 0.634195000939703 2.10780933757971 15.25
1525 11821.7971383373 11821.7971383373 0.634195000939703 2.10780933757971 15.25
1526 11823.1979012318 11823.1979012318 0.634195000939703 2.10780933757971 15.25
1527 11824.598856234 11824.598856234 0.634195000939703 2.10780933757971 15.25
1528 11826.0000033572 11826.0000033572 0.634195000939703 2.10780933757971 15.25
1529 11827.4013424236 11827.4013424236 0.634195000939703 2.10780933757971 15.25
1530 11828.8028735015 11828.8028735015 0.634195000939703 2.10780933757971 15.25
1531 11830.2045963618 11830.2045963618 0.634195000939703 2.10780933757971 15.25
1532 11831.6065111008 11831.6065111008 0.634195000939703 2.10780933757971 15.25
1533 11833.0086175032 11833.0086175032 0.634195000939703 2.10780933757971 15.25
1534 11834.4109156266 11834.4109156266 0.634195000939703 2.10780933757971 15.25
1535 11835.8134053024 11835.8134053024 0.634195000939703 2.10780933757971 15.25
1536 11837.2160865378 11837.2160865378 0.634195000939703 2.10780933757971 15.25
1537 11838.6189592145 11838.6189592145 0.634195000939703 2.10780933757971 15.25
1538 11840.02202329 11840.02202329 0.634195000939703 2.10780933757971 15.25
1539 11841.425278695 11841.425278695 0.634195000939703 2.10780933757971 15.25
1540 11842.8287253357 11842.8287253357 0.634195000939703 2.10780933757971 15.25
1541 11844.2323631978 11844.2323631978 0.634195000939703 2.10780933757971 15.25
1542 11845.636192134 11845.636192134 0.634195000939703 2.10780933757971 15.25
1543 11847.040212181 11847.040212181 0.634195000939703 2.10780933757971 15.25
1544 11848.444423141 11848.444423141 0.634195000939703 2.10780933757971 15.25
1545 11849.8488250954 11849.8488250954 0.634195000939703 2.10780933757971 15.25
1546 11851.2534178134 11851.2534178134 0.634195000939703 2.10780933757971 15.25
1547 11852.6582013843 11852.6582013843 0.634195000939703 2.10780933757971 15.25
1548 11854.0631756087 11854.0631756087 0.634195000939703 2.10780933757971 15.25
1549 11855.4683405244 11855.4683405244 0.634195000939703 2.10780933757971 15.25
1550 11856.8736959832 11856.8736959832 0.634195000939703 2.10780933757971 15.25
1551 11858.2792419714 11858.2792419714 0.634195000939703 2.10780933757971 15.25
1552 11859.684978394 11859.684978394 0.634195000939703 2.10780933757971 15.25
1553 11861.0909051853 11861.0909051853 0.634195000939703 2.10780933757971 15.25
1554 11862.4970223009 11862.4970223009 0.634195000939703 2.10780933757971 15.25
1555 11863.9033296246 11863.9033296246 0.634195000939703 2.10780933757971 15.25
1556 11865.3098271624 11865.3098271624 0.634195000939703 2.10780933757971 15.25
1557 11866.7165147479 11866.7165147479 0.634195000939703 2.10780933757971 15.25
1558 11868.1233924372 11868.1233924372 0.634195000939703 2.10780933757971 15.25
1559 11869.5304600145 11869.5304600145 0.634195000939703 2.10780933757971 15.25
1560 11870.9377175701 11870.9377175701 0.634195000939703 2.10780933757971 15.25
1561 11872.3451648837 11872.3451648837 0.634195000939703 2.10780933757971 15.25
1562 11873.7528020236 11873.7528020236 0.634195000939703 2.10780933757971 15.25
1563 11875.1606288136 11875.1606288136 0.634195000939703 2.10780933757971 15.25
1564 11876.5686452697 11876.5686452697 0.634195000939703 2.10780933757971 15.25
1565 11877.9768512663 11877.9768512663 0.634195000939703 2.10780933757971 15.25
1566 11879.3852467689 11879.3852467689 0.634195000939703 2.10780933757971 15.25
1567 11880.7938317024 11880.7938317024 0.634195000939703 2.10780933757971 15.25
1568 11882.2026059816 11882.2026059816 0.634195000939703 2.10780933757971 15.25
1569 11883.6115695829 11883.6115695829 0.634195000939703 2.10780933757971 15.25
1570 11885.02072237 11885.02072237 0.634195000939703 2.10780933757971 15.25
1571 11886.4300643691 11886.4300643691 0.634195000939703 2.10780933757971 15.25
1572 11887.8395953946 11887.8395953946 0.634195000939703 2.10780933757971 15.25
1573 11889.2493155208 11889.2493155208 0.634195000939703 2.10780933757971 15.25
1574 11890.6592245156 11890.6592245156 0.634195000939703 2.10780933757971 15.25
1575 11892.0693224767 11892.0693224767 0.634195000939703 2.10780933757971 15.25
1576 11893.4796091973 11893.4796091973 0.634195000939703 2.10780933757971 15.25
1577 11894.8900847246 11894.8900847246 0.634195000939703 2.10780933757971 15.25
1578 11896.3007489018 11896.3007489018 0.634195000939703 2.10780933757971 15.25
1579 11897.7116017271 11897.7116017271 0.634195000939703 2.10780933757971 15.25
1580 11899.1226430934 11899.1226430934 0.634195000939703 2.10780933757971 15.25
1581 11900.5338729475 11900.5338729475 0.634195000939703 2.10780933757971 15.25
1582 11901.9452912342 11901.9452912342 0.634195000939703 2.10780933757971 15.25
1583 11903.3568978474 11903.3568978474 0.634195000939703 2.10780933757971 15.25
1584 11904.7686927863 11904.7686927863 0.634195000939703 2.10780933757971 15.25
1585 11906.1806758926 11906.1806758926 0.634195000939703 2.10780933757971 15.25
1586 11907.5928472158 11907.5928472158 0.634195000939703 2.10780933757971 15.25
1587 11909.0052065477 11909.0052065477 0.634195000939703 2.10780933757971 15.25
1588 11910.4177539755 11910.4177539755 0.634195000939703 2.10780933757971 15.25
1589 11911.8304892762 11911.8304892762 0.634195000939703 2.10780933757971 15.25
1590 11913.2434125282 11913.2434125282 0.634195000939703 2.10780933757971 15.25
1591 11914.6565235442 11914.6565235442 0.634195000939703 2.10780933757971 15.25
1592 11916.0698223527 11916.0698223527 0.634195000939703 2.10780933757971 15.25
1593 11917.4833088168 11917.4833088168 0.634195000939703 2.10780933757971 15.25
1594 11918.8969829126 11918.8969829126 0.634195000939703 2.10780933757971 15.25
1595 11920.3108445577 11920.3108445577 0.634195000939703 2.10780933757971 15.25
1596 11921.7248936757 11921.7248936757 0.634195000939703 2.10780933757971 15.25
1597 11923.1391302353 11923.1391302353 0.634195000939703 2.10780933757971 15.25
1598 11924.5535541084 11924.5535541084 0.634195000939703 2.10780933757971 15.25
1599 11925.968165315 11925.968165315 0.634195000939703 2.10780933757971 15.25
1600 11927.3829636772 11927.3829636772 0.634195000939703 2.10780933757971 15.25
1601 11928.7979492646 11928.7979492646 0.634195000939703 2.10780933757971 15.25
1602 11930.2131218491 11930.2131218491 0.634195000939703 2.10780933757971 15.25
1603 11931.6284815296 11931.6284815296 0.634195000939703 2.10780933757971 15.25
1604 11933.0440280916 11933.0440280916 0.634195000939703 2.10780933757971 15.25
1605 11934.4597615931 11934.4597615931 0.634195000939703 2.10780933757971 15.25
1606 11935.8756818703 11935.8756818703 0.634195000939703 2.10780933757971 15.25
1607 11937.2917889292 11937.2917889292 0.634195000939703 2.10780933757971 15.25
1608 11938.7080826554 11938.7080826554 0.634195000939703 2.10780933757971 15.25
1609 11940.124563005 11940.124563005 0.634195000939703 2.10780933757971 15.25
1610 11941.5412299152 11941.5412299152 0.634195000939703 2.10780933757971 15.25
1611 11942.9580832904 11942.9580832904 0.634195000939703 2.10780933757971 15.25
1612 11944.3751231187 11944.3751231187 0.634195000939703 2.10780933757971 15.25
1613 11945.7923492539 11945.7923492539 0.634195000939703 2.10780933757971 15.25
1614 11947.2097617349 11947.2097617349 0.634195000939703 2.10780933757971 15.25
1615 11948.6273603649 11948.6273603649 0.634195000939703 2.10780933757971 15.25
1616 11950.0451452257 11950.0451452257 0.634195000939703 2.10780933757971 15.25
1617 11951.4631160909 11951.4631160909 0.634195000939703 2.10780933757971 15.25
1618 11952.8812730493 11952.8812730493 0.634195000939703 2.10780933757971 15.25
1619 11954.299615905 11954.299615905 0.634195000939703 2.10780933757971 15.25
1620 11955.7181446954 11955.7181446954 0.634195000939703 2.10780933757971 15.25
1621 11957.1368592764 11957.1368592764 0.634195000939703 2.10780933757971 15.25
1622 11958.5557596346 11958.5557596346 0.634195000939703 2.10780933757971 15.25
1623 11959.9748456765 11959.9748456765 0.634195000939703 2.10780933757971 15.25
1624 11961.3941173381 11961.3941173381 0.634195000939703 2.10780933757971 15.25
1625 11962.8135745765 11962.8135745765 0.634195000939703 2.10780933757971 15.25
1626 11964.233217277 11964.233217277 0.634195000939703 2.10780933757971 15.25
1627 11965.6530454474 11965.6530454474 0.634195000939703 2.10780933757971 15.25
1628 11967.0730589213 11967.0730589213 0.634195000939703 2.10780933757971 15.25
1629 11968.4932577604 11968.4932577604 0.634195000939703 2.10780933757971 15.25
1630 11969.913641745 11969.913641745 0.634195000939703 2.10780933757971 15.25
1631 11971.334210971 11971.334210971 0.634195000939703 2.10780933757971 15.25
1632 11972.7549652205 11972.7549652205 0.634195000939703 2.10780933757971 15.25
1633 11974.175904562 11974.175904562 0.634195000939703 2.10780933757971 15.25
1634 11975.5970288206 11975.5970288206 0.634195000939703 2.10780933757971 15.25
1635 11977.0183380142 11977.0183380142 0.634195000939703 2.10780933757971 15.25
1636 11978.4398320086 11978.4398320086 0.634195000939703 2.10780933757971 15.25
1637 11979.8615107544 11979.8615107544 0.634195000939703 2.10780933757971 15.25
1638 11981.2833742047 11981.2833742047 0.634195000939703 2.10780933757971 15.25
1639 11982.7054222738 11982.7054222738 0.634195000939703 2.10780933757971 15.25
1640 11984.1276549441 11984.1276549441 0.634195000939703 2.10780933757971 15.25
1641 11985.5500720765 11985.5500720765 0.634195000939703 2.10780933757971 15.25
1642 11986.9726737032 11986.9726737032 0.634195000939703 2.10780933757971 15.25
1643 11988.3954596356 11988.3954596356 0.634195000939703 2.10780933757971 15.25
1644 11989.8184299545 11989.8184299545 0.634195000939703 2.10780933757971 15.25
1645 11991.2415844264 11991.2415844264 0.634195000939703 2.10780933757971 15.25
1646 11992.6649231517 11992.6649231517 0.634195000939703 2.10780933757971 15.25
1647 11994.0884459238 11994.0884459238 0.634195000939703 2.10780933757971 15.25
1648 11995.5121527935 11995.5121527935 0.634195000939703 2.10780933757971 15.25
1649 11996.9360436044 11996.9360436044 0.634195000939703 2.10780933757971 15.25
1650 11998.3601183537 11998.3601183537 0.634195000939703 2.10780933757971 15.25
1651 11999.7843769409 11999.7843769409 0.634195000939703 2.10780933757971 15.25
1652 12001.2088193103 12001.2088193103 0.634195000939703 2.10780933757971 15.25
1653 12002.6334454121 12002.6334454121 0.634195000939703 2.10780933757971 15.25
1654 12004.0582551398 12004.0582551398 0.634195000939703 2.10780933757971 15.25
1655 12005.4832484941 12005.4832484941 0.634195000939703 2.10780933757971 15.25
1656 12006.9084253189 12006.9084253189 0.634195000939703 2.10780933757971 15.25
1657 12008.3337856651 12008.3337856651 0.634195000939703 2.10780933757971 15.25
1658 12009.7593293249 12009.7593293249 0.634195000939703 2.10780933757971 15.25
1659 12011.1850563895 12011.1850563895 0.634195000939703 2.10780933757971 15.25
1660 12012.6109666353 12012.6109666353 0.634195000939703 2.10780933757971 15.25
1661 12014.0370601416 12014.0370601416 0.634195000939703 2.10780933757971 15.25
1662 12015.463336726 12015.463336726 0.634195000939703 2.10780933757971 15.25
1663 12016.8897964148 12016.8897964148 0.634195000939703 2.10780933757971 15.25
1664 12018.3164390773 12018.3164390773 0.634195000939703 2.10780933757971 15.25
1665 12019.7432646884 12019.7432646884 0.634195000939703 2.10780933757971 15.25
1666 12021.1702731677 12021.1702731677 0.634195000939703 2.10780933757971 15.25
1667 12022.5974644402 12022.5974644402 0.634195000939703 2.10780933757971 15.25
1668 12024.0248384762 12024.0248384762 0.634195000939703 2.10780933757971 15.25
1669 12025.4523951499 12025.4523951499 0.634195000939703 2.10780933757971 15.25
1670 12026.8801344822 12026.8801344822 0.634195000939703 2.10780933757971 15.25
1671 12028.3080562964 12028.3080562964 0.634195000939703 2.10780933757971 15.25
1672 12029.7361606654 12029.7361606654 0.634195000939703 2.10780933757971 15.25
1673 12031.1644473588 12031.1644473588 0.634195000939703 2.10780933757971 15.25
1674 12032.5929164804 12032.5929164804 0.634195000939703 2.10780933757971 15.25
1675 12034.0215678183 12034.0215678183 0.634195000939703 2.10780933757971 15.25
1676 12035.450401431 12035.450401431 0.634195000939703 2.10780933757971 15.25
1677 12036.8794171558 12036.8794171558 0.634195000939703 2.10780933757971 15.25
1678 12038.3086150001 12038.3086150001 0.634195000939703 2.10780933757971 15.25
1679 12039.7379948523 12039.7379948523 0.634195000939703 2.10780933757971 15.25
1680 12041.1675566688 12041.1675566688 0.634195000939703 2.10780933757971 15.25
1681 12042.597300389 12042.597300389 0.634195000939703 2.10780933757971 15.25
1682 12044.0272259186 12044.0272259186 0.634195000939703 2.10780933757971 15.25
1683 12045.4573332477 12045.4573332477 0.634195000939703 2.10780933757971 15.25
1684 12046.8876222294 12046.8876222294 0.634195000939703 2.10780933757971 15.25
1685 12048.3180929085 12048.3180929085 0.634195000939703 2.10780933757971 15.25
1686 12049.7487450854 12049.7487450854 0.634195000939703 2.10780933757971 15.25
1687 12051.1795788479 12051.1795788479 0.634195000939703 2.10780933757971 15.25
1688 12052.6105939691 12052.6105939691 0.634195000939703 2.10780933757971 15.25
1689 12054.0417905389 12054.0417905389 0.634195000939703 2.10780933757971 15.25
1690 12055.4731683639 12055.4731683639 0.634195000939703 2.10780933757971 15.25
1691 12056.9047274822 12056.9047274822 0.634195000939703 2.10780933757971 15.25
1692 12058.336467752 12058.336467752 0.634195000939703 2.10780933757971 15.25
1693 12059.7683891613 12059.7683891613 0.634195000939703 2.10780933757971 15.25
1694 12061.2004916181 12061.2004916181 0.634195000939703 2.10780933757971 15.25
1695 12062.632775058 12062.632775058 0.634195000939703 2.10780933757971 15.25
1696 12064.065239444 12064.065239444 0.634195000939703 2.10780933757971 15.25
1697 12065.4978846587 12065.4978846587 0.634195000939703 2.10780933757971 15.25
1698 12066.9307107164 12066.9307107164 0.634195000939703 2.10780933757971 15.25
1699 12068.3637174477 12068.3637174477 0.634195000939703 2.10780933757971 15.25
1700 12069.7969049188 12069.7969049188 0.634195000939703 2.10780933757971 15.25
1701 12071.2302729101 12071.2302729101 0.634195000939703 2.10780933757971 15.25
1702 12072.66382152 12072.66382152 0.634195000939703 2.10780933757971 15.25
1703 12074.0975505311 12074.0975505311 0.634195000939703 2.10780933757971 15.25
1704 12075.5314600147 12075.5314600147 0.634195000939703 2.10780933757971 15.25
1705 12076.9655497964 12076.9655497964 0.634195000939703 2.10780933757971 15.25
1706 12078.399819895 12078.399819895 0.634195000939703 2.10780933757971 15.25
1707 12079.8342701901 12079.8342701901 0.634195000939703 2.10780933757971 15.25
1708 12081.268900648 12081.268900648 0.634195000939703 2.10780933757971 15.25
1709 12082.7037112003 12082.7037112003 0.634195000939703 2.10780933757971 15.25
1710 12084.1387017613 12084.1387017613 0.634195000939703 2.10780933757971 15.25
1711 12085.5738723139 12085.5738723139 0.634195000939703 2.10780933757971 15.25
1712 12087.0092227215 12087.0092227215 0.634195000939703 2.10780933757971 15.25
1713 12088.444753018 12088.444753018 0.634195000939703 2.10780933757971 15.25
1714 12089.8804630161 12089.8804630161 0.634195000939703 2.10780933757971 15.25
1715 12091.3163527979 12091.3163527979 0.634195000939703 2.10780933757971 15.25
1716 12092.7524221317 12092.7524221317 0.634195000939703 2.10780933757971 15.25
1717 12094.188671118 12094.188671118 0.634195000939703 2.10780933757971 15.25
1718 12095.6250995555 12095.6250995555 0.634195000939703 2.10780933757971 15.25
1719 12097.061707492 12097.061707492 0.634195000939703 2.10780933757971 15.25
1720 12098.4984947772 12098.4984947772 0.634195000939703 2.10780933757971 15.25
1721 12099.9354614082 12099.9354614082 0.634195000939703 2.10780933757971 15.25
1722 12101.3726072861 12101.3726072861 0.634195000939703 2.10780933757971 15.25
1723 12102.8099323557 12102.8099323557 0.634195000939703 2.10780933757971 15.25
1724 12104.24743657 12104.24743657 0.634195000939703 2.10780933757971 15.25
1725 12105.6851198236 12105.6851198236 0.634195000939703 2.10780933757971 15.25
1726 12107.1229821194 12107.1229821194 0.634195000939703 2.10780933757971 15.25
1727 12108.5610233015 12108.5610233015 0.634195000939703 2.10780933757971 15.25
1728 12109.9992434238 12109.9992434238 0.634195000939703 2.10780933757971 15.25
1729 12111.4376422774 12111.4376422774 0.634195000939703 2.10780933757971 15.25
1730 12112.8762199572 12112.8762199572 0.634195000939703 2.10780933757971 15.25
1731 12114.3149762435 12114.3149762435 0.634195000939703 2.10780933757971 15.25
1732 12115.7539112151 12115.7539112151 0.634195000939703 2.10780933757971 15.25
1733 12117.1930246906 12117.1930246906 0.634195000939703 2.10780933757971 15.25
1734 12118.632316699 12118.632316699 0.634195000939703 2.10780933757971 15.25
1735 12120.0717871097 12120.0717871097 0.634195000939703 2.10780933757971 15.25
1736 12121.5114359004 12121.5114359004 0.634195000939703 2.10780933757971 15.25
1737 12122.951262992 12122.951262992 0.634195000939703 2.10780933757971 15.25
1738 12124.3912683107 12124.3912683107 0.634195000939703 2.10780933757971 15.25
1739 12125.8314518294 12125.8314518294 0.634195000939703 2.10780933757971 15.25
1740 12127.2718134207 12127.2718134207 0.634195000939703 2.10780933757971 15.25
1741 12128.7123531119 12128.7123531119 0.634195000939703 2.10780933757971 15.25
1742 12130.1530707237 12130.1530707237 0.634195000939703 2.10780933757971 15.25
1743 12131.5939663341 12131.5939663341 0.634195000939703 2.10780933757971 15.25
1744 12133.0350397126 12133.0350397126 0.634195000939703 2.10780933757971 15.25
1745 12134.476290965 12134.476290965 0.634195000939703 2.10780933757971 15.25
1746 12135.91771988 12135.91771988 0.634195000939703 2.10780933757971 15.25
1747 12137.3593265194 12137.3593265194 0.634195000939703 2.10780933757971 15.25
1748 12138.8011107205 12138.8011107205 0.634195000939703 2.10780933757971 15.25
1749 12140.243072493 12140.243072493 0.634195000939703 2.10780933757971 15.25
1750 12141.6852117265 12141.6852117265 0.634195000939703 2.10780933757971 15.25
1751 12143.1275283774 12143.1275283774 0.634195000939703 2.10780933757971 15.25
1752 12144.5700223905 12144.5700223905 0.634195000939703 2.10780933757971 15.25
1753 12146.012693669 12146.012693669 0.634195000939703 2.10780933757971 15.25
1754 12147.4555422086 12147.4555422086 0.634195000939703 2.10780933757971 15.25
1755 12148.8985678624 12148.8985678624 0.634195000939703 2.10780933757971 15.25
1756 12150.3417706765 12150.3417706765 0.634195000939703 2.10780933757971 15.25
1757 12151.7851504524 12151.7851504524 0.634195000939703 2.10780933757971 15.25
1758 12153.2287072805 12153.2287072805 0.634195000939703 2.10780933757971 15.25
1759 12154.6724409344 12154.6724409344 0.634195000939703 2.10780933757971 15.25
1760 12156.1163515065 12156.1163515065 0.634195000939703 2.10780933757971 15.25
1761 12157.560438804 12157.560438804 0.634195000939703 2.10780933757971 15.25
1762 12159.0047028681 12159.0047028681 0.634195000939703 2.10780933757971 15.25
1763 12160.4491435572 12160.4491435572 0.634195000939703 2.10780933757971 15.25
1764 12161.8937608595 12161.8937608595 0.634195000939703 2.10780933757971 15.25
1765 12163.3385546884 12163.3385546884 0.634195000939703 2.10780933757971 15.25
1766 12164.7835249792 12164.7835249792 0.634195000939703 2.10780933757971 15.25
1767 12166.2286716964 12166.2286716964 0.634195000939703 2.10780933757971 15.25
1768 12167.673994724 12167.673994724 0.634195000939703 2.10780933757971 15.25
1769 12169.1194940781 12169.1194940781 0.634195000939703 2.10780933757971 15.25
1770 12170.5651695913 12170.5651695913 0.634195000939703 2.10780933757971 15.25
1771 12172.011021331 12172.011021331 0.634195000939703 2.10780933757971 15.25
1772 12173.4570490787 12173.4570490787 0.634195000939703 2.10780933757971 15.25
1773 12174.9032529352 12174.9032529352 0.634195000939703 2.10780933757971 15.25
1774 12176.349632684 12176.349632684 0.634195000939703 2.10780933757971 15.25
1775 12177.7961883966 12177.7961883966 0.634195000939703 2.10780933757971 15.25
1776 12179.2429199038 12179.2429199038 0.634195000939703 2.10780933757971 15.25
1777 12180.6898272237 12180.6898272237 0.634195000939703 2.10780933757971 15.25
1778 12182.1369102385 12182.1369102385 0.634195000939703 2.10780933757971 15.25
1779 12183.5841689152 12183.5841689152 0.634195000939703 2.10780933757971 15.25
1780 12185.0316031872 12185.0316031872 0.634195000939703 2.10780933757971 15.25
1781 12186.4792129707 12186.4792129707 0.634195000939703 2.10780933757971 15.25
1782 12187.9269982493 12187.9269982493 0.634195000939703 2.10780933757971 15.25
1783 12189.3749588887 12189.3749588887 0.634195000939703 2.10780933757971 15.25
1784 12190.8230949246 12190.8230949246 0.634195000939703 2.10780933757971 15.25
1785 12192.2714061702 12192.2714061702 0.634195000939703 2.10780933757971 15.25
1786 12193.7198927091 12193.7198927091 0.634195000939703 2.10780933757971 15.25
1787 12195.1685543131 12195.1685543131 0.634195000939703 2.10780933757971 15.25
1788 12196.6173910836 12196.6173910836 0.634195000939703 2.10780933757971 15.25
1789 12198.0664028204 12198.0664028204 0.634195000939703 2.10780933757971 15.25
1790 12199.5155895726 12199.5155895726 0.634195000939703 2.10780933757971 15.25
1791 12200.964951192 12200.964951192 0.634195000939703 2.10780933757971 15.25
1792 12202.4144876771 12202.4144876771 0.634195000939703 2.10780933757971 15.25
1793 12203.8641989302 12203.8641989302 0.634195000939703 2.10780933757971 15.25
1794 12205.3140848988 12205.3140848988 0.634195000939703 2.10780933757971 15.25
1795 12206.7641455364 12206.7641455364 0.634195000939703 2.10780933757971 15.25
1796 12208.2143807394 12208.2143807394 0.634195000939703 2.10780933757971 15.25
1797 12209.664790513 12209.664790513 0.634195000939703 2.10780933757971 15.25
1798 12211.1153746992 12211.1153746992 0.634195000939703 2.10780933757971 15.25
1799 12212.5661333593 12212.5661333593 0.634195000939703 2.10780933757971 15.25
1800 12214.0170662827 12214.0170662827 0.634195000939703 2.10780933757971 15.25
1801 12215.4681735428 12215.4681735428 0.634195000939703 2.10780933757971 15.25
1802 12216.9194549329 12216.9194549329 0.634195000939703 2.10780933757971 15.25
1803 12218.3709105462 12218.3709105462 0.634195000939703 2.10780933757971 15.25
1804 12219.8225402022 12219.8225402022 0.634195000939703 2.10780933757971 15.25
1805 12221.2743439315 12221.2743439315 0.634195000939703 2.10780933757971 15.25
1806 12222.7263216046 12222.7263216046 0.634195000939703 2.10780933757971 15.25
1807 12224.1784732022 12224.1784732022 0.634195000939703 2.10780933757971 15.25
1808 12225.6307986453 12225.6307986453 0.634195000939703 2.10780933757971 15.25
1809 12227.0832978606 12227.0832978606 0.634195000939703 2.10780933757971 15.25
1810 12228.5359708256 12228.5359708256 0.634195000939703 2.10780933757971 15.25
1811 12229.9888174132 12229.9888174132 0.634195000939703 2.10780933757971 15.25
1812 12231.4418376524 12231.4418376524 0.634195000939703 2.10780933757971 15.25
1813 12232.8950313649 12232.8950313649 0.634195000939703 2.10780933757971 15.25
1814 12234.3483986309 12234.3483986309 0.634195000939703 2.10780933757971 15.25
1815 12235.8019392207 12235.8019392207 0.634195000939703 2.10780933757971 15.25
1816 12237.2556532426 12237.2556532426 0.634195000939703 2.10780933757971 15.25
1817 12238.7095404864 12238.7095404864 0.634195000939703 2.10780933757971 15.25
1818 12240.163601015 12240.163601015 0.634195000939703 2.10780933757971 15.25
1819 12241.6178346681 12241.6178346681 0.634195000939703 2.10780933757971 15.25
1820 12243.0722414562 12243.0722414562 0.634195000939703 2.10780933757971 15.25
1821 12244.5268212711 12244.5268212711 0.634195000939703 2.10780933757971 15.25
1822 12245.9815740706 12245.9815740706 0.634195000939703 2.10780933757971 15.25
1823 12247.4364998011 12247.4364998011 0.634195000939703 2.10780933757971 15.25
1824 12248.8915983671 12248.8915983671 0.634195000939703 2.10780933757971 15.25
1825 12250.3468697665 12250.3468697665 0.634195000939703 2.10780933757971 15.25
1826 12251.8023138524 12251.8023138524 0.634195000939703 2.10780933757971 15.25
1827 12253.2579306749 12253.2579306749 0.634195000939703 2.10780933757971 15.25
1828 12254.713720035 12254.713720035 0.634195000939703 2.10780933757971 15.25
1829 12256.1696820259 12256.1696820259 0.634195000939703 2.10780933757971 15.25
1830 12257.6258164218 12257.6258164218 0.634195000939703 2.10780933757971 15.25
1831 12259.0821233176 12259.0821233176 0.634195000939703 2.10780933757971 15.25
1832 12260.5386025212 12260.5386025212 0.634195000939703 2.10780933757971 15.25
1833 12261.9952540742 12261.9952540742 0.634195000939703 2.10780933757971 15.25
1834 12263.45207784 12263.45207784 0.634195000939703 2.10780933757971 15.25
1835 12264.9090738065 12264.9090738065 0.634195000939703 2.10780933757971 15.25
1836 12266.3662418888 12266.3662418888 0.634195000939703 2.10780933757971 15.25
1837 12267.8235820235 12267.8235820235 0.634195000939703 2.10780933757971 15.25
1838 12269.281094177 12269.281094177 0.634195000939703 2.10780933757971 15.25
1839 12270.7387782349 12270.7387782349 0.634195000939703 2.10780933757971 15.25
1840 12272.1966342142 12272.1966342142 0.634195000939703 2.10780933757971 15.25
1841 12273.6546619496 12273.6546619496 0.634195000939703 2.10780933757971 15.25
1842 12275.1128615103 12275.1128615103 0.634195000939703 2.10780933757971 15.25
1843 12276.5712326786 12276.5712326786 0.634195000939703 2.10780933757971 15.25
1844 12278.0297755558 12278.0297755558 0.634195000939703 2.10780933757971 15.25
1845 12279.4884899301 12279.4884899301 0.634195000939703 2.10780933757971 15.25
1846 12280.9473758732 12280.9473758732 0.634195000939703 2.10780933757971 15.25
1847 12282.406433217 12282.406433217 0.634195000939703 2.10780933757971 15.25
1848 12283.8656619815 12283.8656619815 0.634195000939703 2.10780933757971 15.25
1849 12285.3250620503 12285.3250620503 0.634195000939703 2.10780933757971 15.25
1850 12286.784633392 12286.784633392 0.634195000939703 2.10780933757971 15.25
1851 12288.2443759416 12288.2443759416 0.634195000939703 2.10780933757971 15.25
1852 12289.7042896167 12289.7042896167 0.634195000939703 2.10780933757971 15.25
1853 12291.1643744028 12291.1643744028 0.634195000939703 2.10780933757971 15.25
1854 12292.6246301667 12292.6246301667 0.634195000939703 2.10780933757971 15.25
1855 12294.0850569461 12294.0850569461 0.634195000939703 2.10780933757971 15.25
1856 12295.5456545534 12295.5456545534 0.634195000939703 2.10780933757971 15.25
1857 12297.0064230781 12297.0064230781 0.634195000939703 2.10780933757971 15.25
1858 12298.4673622911 12298.4673622911 0.634195000939703 2.10780933757971 15.25
1859 12299.9284722956 12299.9284722956 0.634195000939703 2.10780933757971 15.25
1860 12301.389752893 12301.389752893 0.634195000939703 2.10780933757971 15.25
1861 12302.8512041346 12302.8512041346 0.634195000939703 2.10780933757971 15.25
1862 12304.3128258725 12304.3128258725 0.634195000939703 2.10780933757971 15.25
1863 12305.7746181076 12305.7746181076 0.634195000939703 2.10780933757971 15.25
1864 12307.2365807435 12307.2365807435 0.634195000939703 2.10780933757971 15.25
1865 12308.6987137292 12308.6987137292 0.634195000939703 2.10780933757971 15.25
1866 12310.1610170199 12310.1610170199 0.634195000939703 2.10780933757971 15.25
1867 12311.6234905134 12311.6234905134 0.634195000939703 2.10780933757971 15.25
1868 12313.0861342164 12313.0861342164 0.634195000939703 2.10780933757971 15.25
1869 12314.5489479731 12314.5489479731 0.634195000939703 2.10780933757971 15.25
1870 12316.0119318458 12316.0119318458 0.634195000939703 2.10780933757971 15.25
1871 12317.4750856252 12317.4750856252 0.634195000939703 2.10780933757971 15.25
1872 12318.9384094116 12318.9384094116 0.634195000939703 2.10780933757971 15.25
1873 12320.401902985 12320.401902985 0.634195000939703 2.10780933757971 15.25
1874 12321.8655664305 12321.8655664305 0.634195000939703 2.10780933757971 15.25
1875 12323.3293995683 12323.3293995683 0.634195000939703 2.10780933757971 15.25
1876 12324.7934024311 12324.7934024311 0.634195000939703 2.10780933757971 15.25
1877 12326.2575748911 12326.2575748911 0.634195000939703 2.10780933757971 15.25
1878 12327.7219169295 12327.7219169295 0.634195000939703 2.10780933757971 15.25
1879 12329.1864284695 12329.1864284695 0.634195000939703 2.10780933757971 15.25
1880 12330.65110944 12330.65110944 0.634195000939703 2.10780933757971 15.25
1881 12332.1159598193 12332.1159598193 0.634195000939703 2.10780933757971 15.25
1882 12333.5809794818 12333.5809794818 0.634195000939703 2.10780933757971 15.25
1883 12335.0461684585 12335.0461684585 0.634195000939703 2.10780933757971 15.25
1884 12336.511526572 12336.511526572 0.634195000939703 2.10780933757971 15.25
1885 12337.9770539049 12337.9770539049 0.634195000939703 2.10780933757971 15.25
1886 12339.4427502283 12339.4427502283 0.634195000939703 2.10780933757971 15.25
1887 12340.9086156525 12340.9086156525 0.634195000939703 2.10780933757971 15.25
1888 12342.3746499686 12342.3746499686 0.634195000939703 2.10780933757971 15.25
1889 12343.8408532413 12343.8408532413 0.634195000939703 2.10780933757971 15.25
1890 12345.3072253112 12345.3072253112 0.634195000939703 2.10780933757971 15.25
1891 12346.7737661916 12346.7737661916 0.634195000939703 2.10780933757971 15.25
1892 12348.2404757744 12348.2404757744 0.634195000939703 2.10780933757971 15.25
1893 12349.7073540204 12349.7073540204 0.634195000939703 2.10780933757971 15.25
1894 12351.1744008764 12351.1744008764 0.634195000939703 2.10780933757971 15.25
1895 12352.6416162488 12352.6416162488 0.634195000939703 2.10780933757971 15.25
1896 12354.1090001373 12354.1090001373 0.634195000939703 2.10780933757971 15.25
1897 12355.5765523964 12355.5765523964 0.634195000939703 2.10780933757971 15.25
1898 12357.0442730773 12357.0442730773 0.634195000939703 2.10780933757971 15.25
1899 12358.512161983 12358.512161983 0.634195000939703 2.10780933757971 15.25
1900 12359.9802192084 12359.9802192084 0.634195000939703 2.10780933757971 15.25
1901 12361.4484445288 12361.4484445288 0.634195000939703 2.10780933757971 15.25
1902 12362.9168380411 12362.9168380411 0.634195000939703 2.10780933757971 15.25
1903 12364.3853995544 12364.3853995544 0.634195000939703 2.10780933757971 15.25
1904 12365.854129112 12365.854129112 0.634195000939703 2.10780933757971 15.25
1905 12367.323026579 12367.323026579 0.634195000939703 2.10780933757971 15.25
1906 12368.7920919442 12368.7920919442 0.634195000939703 2.10780933757971 15.25
1907 12370.2613251249 12370.2613251249 0.634195000939703 2.10780933757971 15.25
1908 12371.730726059 12371.730726059 0.634195000939703 2.10780933757971 15.25
1909 12373.2002947147 12373.2002947147 0.634195000939703 2.10780933757971 15.25
1910 12374.6700309784 12374.6700309784 0.634195000939703 2.10780933757971 15.25
1911 12376.1399348699 12376.1399348699 0.634195000939703 2.10780933757971 15.25
1912 12377.6100062239 12377.6100062239 0.634195000939703 2.10780933757971 15.25
1913 12379.080245113 12379.080245113 0.634195000939703 2.10780933757971 15.25
1914 12380.5506513192 12380.5506513192 0.634195000939703 2.10780933757971 15.25
1915 12382.0212249465 12382.0212249465 0.634195000939703 2.10780933757971 15.25
1916 12383.491965784 12383.491965784 0.634195000939703 2.10780933757971 15.25
1917 12384.9628739055 12384.9628739055 0.634195000939703 2.10780933757971 15.25
1918 12386.4339491438 12386.4339491438 0.634195000939703 2.10780933757971 15.25
1919 12387.9051915211 12387.9051915211 0.634195000939703 2.10780933757971 15.25
1920 12389.3766009221 12389.3766009221 0.634195000939703 2.10780933757971 15.25
1921 12390.8481773171 12390.8481773171 0.634195000939703 2.10780933757971 15.25
1922 12392.3199206427 12392.3199206427 0.634195000939703 2.10780933757971 15.25
1923 12393.7918308175 12393.7918308175 0.634195000939703 2.10780933757971 15.25
1924 12395.2639078298 12395.2639078298 0.634195000939703 2.10780933757971 15.25
1925 12396.736151547 12396.736151547 0.634195000939703 2.10780933757971 15.25
1926 12398.208562008 12398.208562008 0.634195000939703 2.10780933757971 15.25
1927 12399.6811390291 12399.6811390291 0.634195000939703 2.10780933757971 15.25
1928 12401.1538826981 12401.1538826981 0.634195000939703 2.10780933757971 15.25
1929 12402.6267927881 12402.6267927881 0.634195000939703 2.10780933757971 15.25
1930 12404.0998694054 12404.0998694054 0.634195000939703 2.10780933757971 15.25
1931 12405.573112351 12405.573112351 0.634195000939703 2.10780933757971 15.25
1932 12407.046521679 12407.046521679 0.634195000939703 2.10780933757971 15.25
1933 12408.5200972434 12408.5200972434 0.634195000939703 2.10780933757971 15.25
1934 12409.9938390459 12409.9938390459 0.634195000939703 2.10780933757971 15.25
1935 12411.4677469915 12411.4677469915 0.634195000939703 2.10780933757971 15.25
1936 12412.9418210312 12412.9418210312 0.634195000939703 2.10780933757971 15.25
1937 12414.4160611217 12414.4160611217 0.634195000939703 2.10780933757971 15.25
1938 12415.8904671624 12415.8904671624 0.634195000939703 2.10780933757971 15.25
1939 12417.3650391607 12417.3650391607 0.634195000939703 2.10780933757971 15.25
1940 12418.8397769631 12418.8397769631 0.634195000939703 2.10780933757971 15.25
1941 12420.3146806337 12420.3146806337 0.634195000939703 2.10780933757971 15.25
1942 12421.7897499638 12421.7897499638 0.634195000939703 2.10780933757971 15.25
1943 12423.264985056 12423.264985056 0.634195000939703 2.10780933757971 15.25
1944 12424.7403856918 12424.7403856918 0.634195000939703 2.10780933757971 15.25
1945 12426.2159519573 12426.2159519573 0.634195000939703 2.10780933757971 15.25
1946 12427.6916836749 12427.6916836749 0.634195000939703 2.10780933757971 15.25
1947 12429.1675808785 12429.1675808785 0.634195000939703 2.10780933757971 15.25
1948 12430.6436434416 12430.6436434416 0.634195000939703 2.10780933757971 15.25
1949 12432.1198713471 12432.1198713471 0.634195000939703 2.10780933757971 15.25
1950 12433.5962645203 12433.5962645203 0.634195000939703 2.10780933757971 15.25
1951 12435.0728228923 12435.0728228923 0.634195000939703 2.10780933757971 15.25
1952 12436.5495464402 12436.5495464402 0.634195000939703 2.10780933757971 15.25
1953 12438.0264350413 12438.0264350413 0.634195000939703 2.10780933757971 15.25
1954 12439.5034887285 12439.5034887285 0.634195000939703 2.10780933757971 15.25
1955 12440.9807073255 12440.9807073255 0.634195000939703 2.10780933757971 15.25
1956 12442.4580909169 12442.4580909169 0.634195000939703 2.10780933757971 15.25
1957 12443.9356392747 12443.9356392747 0.634195000939703 2.10780933757971 15.25
1958 12445.4133525119 12445.4133525119 0.634195000939703 2.10780933757971 15.25
1959 12446.8912304192 12446.8912304192 0.634195000939703 2.10780933757971 15.25
1960 12448.3692730647 12448.3692730647 0.634195000939703 2.10780933757971 15.25
1961 12449.8474802895 12449.8474802895 0.634195000939703 2.10780933757971 15.25
1962 12451.3258521089 12451.3258521089 0.634195000939703 2.10780933757971 15.25
1963 12452.8043884164 12452.8043884164 0.634195000939703 2.10780933757971 15.25
1964 12454.2830891734 12454.2830891734 0.634195000939703 2.10780933757971 15.25
1965 12455.7619543251 12455.7619543251 0.634195000939703 2.10780933757971 15.25
1966 12457.2409837531 12457.2409837531 0.634195000939703 2.10780933757971 15.25
1967 12458.7201774888 12458.7201774888 0.634195000939703 2.10780933757971 15.25
1968 12460.1995353879 12460.1995353879 0.634195000939703 2.10780933757971 15.25
1969 12461.6790575038 12461.6790575038 0.634195000939703 2.10780933757971 15.25
1970 12463.1587436402 12463.1587436402 0.634195000939703 2.10780933757971 15.25
1971 12464.6385938943 12464.6385938943 0.634195000939703 2.10780933757971 15.25
1972 12466.1186080422 12466.1186080422 0.634195000939703 2.10780933757971 15.25
1973 12467.5987861831 12467.5987861831 0.634195000939703 2.10780933757971 15.25
1974 12469.0791281268 12469.0791281268 0.634195000939703 2.10780933757971 15.25
1975 12470.5596339209 12470.5596339209 0.634195000939703 2.10780933757971 15.25
1976 12472.040303427 12472.040303427 0.634195000939703 2.10780933757971 15.25
1977 12473.5211366389 12473.5211366389 0.634195000939703 2.10780933757971 15.25
1978 12475.0021334743 12475.0021334743 0.634195000939703 2.10780933757971 15.25
1979 12476.4832938729 12476.4832938729 0.634195000939703 2.10780933757971 15.25
1980 12477.9646178043 12477.9646178043 0.634195000939703 2.10780933757971 15.25
1981 12479.4461051566 12479.4461051566 0.634195000939703 2.10780933757971 15.25
1982 12480.9277559513 12480.9277559513 0.634195000939703 2.10780933757971 15.25
1983 12482.4095700244 12482.4095700244 0.634195000939703 2.10780933757971 15.25
1984 12483.8915474496 12483.8915474496 0.634195000939703 2.10780933757971 15.25
1985 12485.3736880109 12485.3736880109 0.634195000939703 2.10780933757971 15.25
1986 12486.8559918163 12486.8559918163 0.634195000939703 2.10780933757971 15.25
1987 12488.338458651 12488.338458651 0.634195000939703 2.10780933757971 15.25
1988 12489.8210885936 12489.8210885936 0.634195000939703 2.10780933757971 15.25
1989 12491.3038814783 12491.3038814783 0.634195000939703 2.10780933757971 15.25
1990 12492.786837328 12492.786837328 0.634195000939703 2.10780933757971 15.25
1991 12494.2699560296 12494.2699560296 0.634195000939703 2.10780933757971 15.25
1992 12495.7532375544 12495.7532375544 0.634195000939703 2.10780933757971 15.25
1993 12497.2366818416 12497.2366818416 0.634195000939703 2.10780933757971 15.25
1994 12498.7202888102 12498.7202888102 0.634195000939703 2.10780933757971 15.25
1995 12500.2040584501 12500.2040584501 0.634195000939703 2.10780933757971 15.25
1996 12501.6879906306 12501.6879906306 0.634195000939703 2.10780933757971 15.25
1997 12503.1720853928 12503.1720853928 0.634195000939703 2.10780933757971 15.25
1998 12504.656342553 12504.656342553 0.634195000939703 2.10780933757971 15.25
1999 12506.1407622035 12506.1407622035 0.634195000939703 2.10780933757971 15.25
2000 12507.6253441144 12507.6253441144 0.634195000939703 2.10780933757971 15.25
2001 12509.1100883959 12509.1100883959 0.634195000939703 2.10780933757971 15.25
2002 12510.5949948503 12510.5949948503 0.634195000939703 2.10780933757971 15.25
2003 12512.0800635338 12512.0800635338 0.634195000939703 2.10780933757971 15.25
2004 12513.5652943006 12513.5652943006 0.634195000939703 2.10780933757971 15.25
2005 12515.050687155 12515.050687155 0.634195000939703 2.10780933757971 15.25
2006 12516.5362420033 12516.5362420033 0.634195000939703 2.10780933757971 15.25
2007 12518.0219587979 12518.0219587979 0.634195000939703 2.10780933757971 15.25
2008 12519.5078374971 12519.5078374971 0.634195000939703 2.10780933757971 15.25
2009 12520.9938780012 12520.9938780012 0.634195000939703 2.10780933757971 15.25
2010 12522.4800803207 12522.4800803207 0.634195000939703 2.10780933757971 15.25
2011 12523.9664443039 12523.9664443039 0.634195000939703 2.10780933757971 15.25
2012 12525.4529700134 12525.4529700134 0.634195000939703 2.10780933757971 15.25
2013 12526.9396572434 12526.9396572434 0.634195000939703 2.10780933757971 15.25
2014 12528.4265060985 12528.4265060985 0.634195000939703 2.10780933757971 15.25
2015 12529.9135163612 12529.9135163612 0.634195000939703 2.10780933757971 15.25
2016 12531.40068812 12531.40068812 0.634195000939703 2.10780933757971 15.25
2017 12532.8880211975 12532.8880211975 0.634195000939703 2.10780933757971 15.25
2018 12534.3755156301 12534.3755156301 0.634195000939703 2.10780933757971 15.25
2019 12535.8631712925 12535.8631712925 0.634195000939703 2.10780933757971 15.25
2020 12537.3509881693 12537.3509881693 0.634195000939703 2.10780933757971 15.25
2021 12538.838966187 12538.838966187 0.634195000939703 2.10780933757971 15.25
2022 12540.3271052784 12540.3271052784 0.634195000939703 2.10780933757971 15.25
2023 12541.8154054224 12541.8154054224 0.634195000939703 2.10780933757971 15.25
2024 12543.3038664987 12543.3038664987 0.634195000939703 2.10780933757971 15.25
2025 12544.792488539 12544.792488539 0.634195000939703 2.10780933757971 15.25
2026 12546.2812713699 12546.2812713699 0.634195000939703 2.10780933757971 15.25
2027 12547.7702150774 12547.7702150774 0.634195000939703 2.10780933757971 15.25
2028 12549.259319435 12549.259319435 0.634195000939703 2.10780933757971 15.25
2029 12550.7485845571 12550.7485845571 0.634195000939703 2.10780933757971 15.25
2030 12552.2380102372 12552.2380102372 0.634195000939703 2.10780933757971 15.25
2031 12553.7275965434 12553.7275965434 0.634195000939703 2.10780933757971 15.25
2032 12555.2173433183 12555.2173433183 0.634195000939703 2.10780933757971 15.25
2033 12556.70725058 12556.70725058 0.634195000939703 2.10780933757971 15.25
2034 12558.1973182223 12558.1973182223 0.634195000939703 2.10780933757971 15.25
2035 12559.6875462104 12559.6875462104 0.634195000939703 2.10780933757971 15.25
2036 12561.1779344913 12561.1779344913 0.634195000939703 2.10780933757971 15.25
2037 12562.6684829778 12562.6684829778 0.634195000939703 2.10780933757971 15.25
2038 12564.1591916692 12564.1591916692 0.634195000939703 2.10780933757971 15.25
2039 12565.6500604241 12565.6500604241 0.634195000939703 2.10780933757971 15.25
2040 12567.1410892978 12567.1410892978 0.634195000939703 2.10780933757971 15.25
2041 12568.6322780952 12568.6322780952 0.634195000939703 2.10780933757971 15.25
2042 12570.1236269155 12570.1236269155 0.634195000939703 2.10780933757971 15.25
2043 12571.6151355355 12571.6151355355 0.634195000939703 2.10780933757971 15.25
2044 12573.1068040567 12573.1068040567 0.634195000939703 2.10780933757971 15.25
2045 12574.5986322898 12574.5986322898 0.634195000939703 2.10780933757971 15.25
2046 12576.0906202842 12576.0906202842 0.634195000939703 2.10780933757971 15.25
2047 12577.582767903 12577.582767903 0.634195000939703 2.10780933757971 15.25
2048 12579.0750751435 12579.0750751435 0.634195000939703 2.10780933757971 15.25
2049 12580.5675419207 12580.5675419207 0.634195000939703 2.10780933757971 15.25
2050 12582.0601681779 12582.0601681779 0.634195000939703 2.10780933757971 15.25
2051 12583.5529538865 12583.5529538865 0.634195000939703 2.10780933757971 15.25
2052 12585.0458989355 12585.0458989355 0.634195000939703 2.10780933757971 15.25
2053 12586.5390033484 12586.5390033484 0.634195000939703 2.10780933757971 15.25
2054 12588.0322669623 12588.0322669623 0.634195000939703 2.10780933757971 15.25
2055 12589.5256898529 12589.5256898529 0.634195000939703 2.10780933757971 15.25
2056 12591.019271805 12591.019271805 0.634195000939703 2.10780933757971 15.25
2057 12592.5130129286 12592.5130129286 0.634195000939703 2.10780933757971 15.25
2058 12594.0069130104 12594.0069130104 0.634195000939703 2.10780933757971 15.25
2059 12595.5009721325 12595.5009721325 0.634195000939703 2.10780933757971 15.25
2060 12596.9951901262 12596.9951901262 0.634195000939703 2.10780933757971 15.25
2061 12598.4895670202 12598.4895670202 0.634195000939703 2.10780933757971 15.25
2062 12599.9841026988 12599.9841026988 0.634195000939703 2.10780933757971 15.25
2063 12601.478797137 12601.478797137 0.634195000939703 2.10780933757971 15.25
2064 12602.9736502752 12602.9736502752 0.634195000939703 2.10780933757971 15.25
2065 12604.4686620339 12604.4686620339 0.634195000939703 2.10780933757971 15.25
2066 12605.9638324048 12605.9638324048 0.634195000939703 2.10780933757971 15.25
2067 12607.4591612583 12607.4591612583 0.634195000939703 2.10780933757971 15.25
2068 12608.9546486374 12608.9546486374 0.634195000939703 2.10780933757971 15.25
2069 12610.4502943594 12610.4502943594 0.634195000939703 2.10780933757971 15.25
2070 12611.9460985186 12611.9460985186 0.634195000939703 2.10780933757971 15.25
2071 12613.442060886 12613.442060886 0.634195000939703 2.10780933757971 15.25
2072 12614.9381815761 12614.9381815761 0.634195000939703 2.10780933757971 15.25
2073 12616.4344603877 12616.4344603877 0.634195000939703 2.10780933757971 15.25
2074 12617.9308973833 12617.9308973833 0.634195000939703 2.10780933757971 15.25
2075 12619.4274924142 12619.4274924142 0.634195000939703 2.10780933757971 15.25
2076 12620.9242454883 12620.9242454883 0.634195000939703 2.10780933757971 15.25
2077 12622.4211565134 12622.4211565134 0.634195000939703 2.10780933757971 15.25
2078 12623.9182254433 12623.9182254433 0.634195000939703 2.10780933757971 15.25
2079 12625.4154522378 12625.4154522378 0.634195000939703 2.10780933757971 15.25
2080 12626.9128367987 12626.9128367987 0.634195000939703 2.10780933757971 15.25
2081 12628.4103791381 12628.4103791381 0.634195000939703 2.10780933757971 15.25
2082 12629.9080791054 12629.9080791054 0.634195000939703 2.10780933757971 15.25
2083 12631.4059367652 12631.4059367652 0.634195000939703 2.10780933757971 15.25
2084 12632.9039519147 12632.9039519147 0.634195000939703 2.10780933757971 15.25
2085 12634.4021246587 12634.4021246587 0.634195000939703 2.10780933757971 15.25
2086 12635.9004547782 12635.9004547782 0.634195000939703 2.10780933757971 15.25
2087 12637.398942366 12637.398942366 0.634195000939703 2.10780933757971 15.25
2088 12638.8975872456 12638.8975872456 0.634195000939703 2.10780933757971 15.25
2089 12640.3963894554 12640.3963894554 0.634195000939703 2.10780933757971 15.25
2090 12641.8953488711 12641.8953488711 0.634195000939703 2.10780933757971 15.25
2091 12643.3944654791 12643.3944654791 0.634195000939703 2.10780933757971 15.25
2092 12644.8937392074 12644.8937392074 0.634195000939703 2.10780933757971 15.25
2093 12646.39316999 12646.39316999 0.634195000939703 2.10780933757971 15.25
2094 12647.8927578076 12647.8927578076 0.634195000939703 2.10780933757971 15.25
2095 12649.392502541 12649.392502541 0.634195000939703 2.10780933757971 15.25
2096 12650.8924042239 12650.8924042239 0.634195000939703 2.10780933757971 15.25
2097 12652.3924626858 12652.3924626858 0.634195000939703 2.10780933757971 15.25
2098 12653.8926780108 12653.8926780108 0.634195000939703 2.10780933757971 15.25
2099 12655.3930499772 12655.3930499772 0.634195000939703 2.10780933757971 15.25
2100 12656.8935786974 12656.8935786974 0.634195000939703 2.10780933757971 15.25
2101 12658.394263968 12658.394263968 0.634195000939703 2.10780933757971 15.25
2102 12659.895105859 12659.895105859 0.634195000939703 2.10780933757971 15.25
2103 12661.396104214 12661.396104214 0.634195000939703 2.10780933757971 15.25
2104 12662.897259053 12662.897259053 0.634195000939703 2.10780933757971 15.25
2105 12664.398570271 12664.398570271 0.634195000939703 2.10780933757971 15.25
2106 12665.9000378347 12665.9000378347 0.634195000939703 2.10780933757971 15.25
2107 12667.4016616928 12667.4016616928 0.634195000939703 2.10780933757971 15.25
2108 12668.9034417593 12668.9034417593 0.634195000939703 2.10780933757971 15.25
2109 12670.4053780352 12670.4053780352 0.634195000939703 2.10780933757971 15.25
2110 12671.9074703822 12671.9074703822 0.634195000939703 2.10780933757971 15.25
2111 12673.4097188538 12673.4097188538 0.634195000939703 2.10780933757971 15.25
2112 12674.9121232593 12674.9121232593 0.634195000939703 2.10780933757971 15.25
2113 12676.4146836965 12676.4146836965 0.634195000939703 2.10780933757971 15.25
2114 12677.9173999448 12677.9173999448 0.634195000939703 2.10780933757971 15.25
2115 12679.4202721077 12679.4202721077 0.634195000939703 2.10780933757971 15.25
2116 12680.923299997 12680.923299997 0.634195000939703 2.10780933757971 15.25
2117 12682.4264836641 12682.4264836641 0.634195000939703 2.10780933757971 15.25
2118 12683.9298229729 12683.9298229729 0.634195000939703 2.10780933757971 15.25
2119 12685.4333179226 12685.4333179226 0.634195000939703 2.10780933757971 15.25
2120 12686.9369684296 12686.9369684296 0.634195000939703 2.10780933757971 15.25
2121 12688.4407744406 12688.4407744406 0.634195000939703 2.10780933757971 15.25
2122 12689.9447359246 12689.9447359246 0.634195000939703 2.10780933757971 15.25
2123 12691.4488527758 12691.4488527758 0.634195000939703 2.10780933757971 15.25
2124 12692.9531250156 12692.9531250156 0.634195000939703 2.10780933757971 15.25
2125 12694.457552486 12694.457552486 0.634195000939703 2.10780933757971 15.25
2126 12695.9621352608 12695.9621352608 0.634195000939703 2.10780933757971 15.25
2127 12697.4668731276 12697.4668731276 0.634195000939703 2.10780933757971 15.25
2128 12698.9717661985 12698.9717661985 0.634195000939703 2.10780933757971 15.25
2129 12700.4768142611 12700.4768142611 0.634195000939703 2.10780933757971 15.25
2130 12701.9820173816 12701.9820173816 0.634195000939703 2.10780933757971 15.25
2131 12703.4873753946 12703.4873753946 0.634195000939703 2.10780933757971 15.25
2132 12704.9928883467 12704.9928883467 0.634195000939703 2.10780933757971 15.25
2133 12706.4985561232 12706.4985561232 0.634195000939703 2.10780933757971 15.25
2134 12708.0043787024 12708.0043787024 0.634195000939703 2.10780933757971 15.25
2135 12709.5103560216 12709.5103560216 0.634195000939703 2.10780933757971 15.25
2136 12711.0164880076 12711.0164880076 0.634195000939703 2.10780933757971 15.25
2137 12712.5227746495 12712.5227746495 0.634195000939703 2.10780933757971 15.25
2138 12714.0292158226 12714.0292158226 0.634195000939703 2.10780933757971 15.25
2139 12715.535811568 12715.535811568 0.634195000939703 2.10780933757971 15.25
2140 12717.042561706 12717.042561706 0.634195000939703 2.10780933757971 15.25
2141 12718.5494663329 12718.5494663329 0.634195000939703 2.10780933757971 15.25
2142 12720.05652522 12720.05652522 0.634195000939703 2.10780933757971 15.25
2143 12721.5637384851 12721.5637384851 0.634195000939703 2.10780933757971 15.25
2144 12723.0711059269 12723.0711059269 0.634195000939703 2.10780933757971 15.25
2145 12724.57862761 12724.57862761 0.634195000939703 2.10780933757971 15.25
2146 12726.0863033869 12726.0863033869 0.634195000939703 2.10780933757971 15.25
2147 12727.594133269 12727.594133269 0.634195000939703 2.10780933757971 15.25
2148 12729.1021171621 12729.1021171621 0.634195000939703 2.10780933757971 15.25
2149 12730.6102550248 12730.6102550248 0.634195000939703 2.10780933757971 15.25
2150 12732.1185468146 12732.1185468146 0.634195000939703 2.10780933757971 15.25
2151 12733.6269924387 12733.6269924387 0.634195000939703 2.10780933757971 15.25
2152 12735.1355919065 12735.1355919065 0.634195000939703 2.10780933757971 15.25
2153 12736.6443450715 12736.6443450715 0.634195000939703 2.10780933757971 15.25
2154 12738.1532519993 12738.1532519993 0.634195000939703 2.10780933757971 15.25
2155 12739.6623124882 12739.6623124882 0.634195000939703 2.10780933757971 15.25
2156 12741.1715266451 12741.1715266451 0.634195000939703 2.10780933757971 15.25
2157 12742.6808942515 12742.6808942515 0.634195000939703 2.10780933757971 15.25
2158 12744.1904154054 12744.1904154054 0.634195000939703 2.10780933757971 15.25
2159 12745.700089926 12745.700089926 0.634195000939703 2.10780933757971 15.25
2160 12747.2099178582 12747.2099178582 0.634195000939703 2.10780933757971 15.25
2161 12748.7198990746 12748.7198990746 0.634195000939703 2.10780933757971 15.25
2162 12750.230033567 12750.230033567 0.634195000939703 2.10780933757971 15.25
2163 12751.7403212617 12751.7403212617 0.634195000939703 2.10780933757971 15.25
2164 12753.2507620951 12753.2507620951 0.634195000939703 2.10780933757971 15.25
2165 12754.7613560497 12754.7613560497 0.634195000939703 2.10780933757971 15.25
2166 12756.2721030083 12756.2721030083 0.634195000939703 2.10780933757971 15.25
2167 12757.7830030052 12757.7830030052 0.634195000939703 2.10780933757971 15.25
2168 12759.2940558719 12759.2940558719 0.634195000939703 2.10780933757971 15.25
2169 12760.8052616944 12760.8052616944 0.634195000939703 2.10780933757971 15.25
2170 12762.316620251 12762.316620251 0.634195000939703 2.10780933757971 15.25
2171 12763.8281316593 12763.8281316593 0.634195000939703 2.10780933757971 15.25
2172 12765.3397957111 12765.3397957111 0.634195000939703 2.10780933757971 15.25
2173 12766.8516124844 12766.8516124844 0.634195000939703 2.10780933757971 15.25
2174 12768.363581819 12768.363581819 0.634195000939703 2.10780933757971 15.25
2175 12769.8757037398 12769.8757037398 0.634195000939703 2.10780933757971 15.25
2176 12771.3879781401 12771.3879781401 0.634195000939703 2.10780933757971 15.25
2177 12772.9004049896 12772.9004049896 0.634195000939703 2.10780933757971 15.25
2178 12774.4129842392 12774.4129842392 0.634195000939703 2.10780933757971 15.25
2179 12775.9257158035 12775.9257158035 0.634195000939703 2.10780933757971 15.25
2180 12777.4385996852 12777.4385996852 0.634195000939703 2.10780933757971 15.25
2181 12778.9516357475 12778.9516357475 0.634195000939703 2.10780933757971 15.25
2182 12780.4648240452 12780.4648240452 0.634195000939703 2.10780933757971 15.25
2183 12781.9781643896 12781.9781643896 0.634195000939703 2.10780933757971 15.25
2184 12783.4916568814 12783.4916568814 0.634195000939703 2.10780933757971 15.25
2185 12785.0053012972 12785.0053012972 0.634195000939703 2.10780933757971 15.25
2186 12786.5190977468 12786.5190977468 0.634195000939703 2.10780933757971 15.25
2187 12788.0330460382 12788.0330460382 0.634195000939703 2.10780933757971 15.25
2188 12789.5471462299 12789.5471462299 0.634195000939703 2.10780933757971 15.25
2189 12791.061398182 12791.061398182 0.634195000939703 2.10780933757971 15.25
2190 12792.5758018975 12792.5758018975 0.634195000939703 2.10780933757971 15.25
2191 12794.0903572941 12794.0903572941 0.634195000939703 2.10780933757971 15.25
2192 12795.6050643199 12795.6050643199 0.634195000939703 2.10780933757971 15.25
2193 12797.119922946 12797.119922946 0.634195000939703 2.10780933757971 15.25
2194 12798.6349330673 12798.6349330673 0.634195000939703 2.10780933757971 15.25
2195 12800.150094707 12800.150094707 0.634195000939703 2.10780933757971 15.25
2196 12801.6654077082 12801.6654077082 0.634195000939703 2.10780933757971 15.25
2197 12803.1808721464 12803.1808721464 0.634195000939703 2.10780933757971 15.25
2198 12804.6964878129 12804.6964878129 0.634195000939703 2.10780933757971 15.25
2199 12806.212254819 12806.212254819 0.634195000939703 2.10780933757971 15.25
2200 12807.7281729514 12807.7281729514 0.634195000939703 2.10780933757971 15.25
2201 12809.2442423001 12809.2442423001 0.634195000939703 2.10780933757971 15.25
2202 12810.7604626938 12810.7604626938 0.634195000939703 2.10780933757971 15.25
2203 12812.2768341688 12812.2768341688 0.634195000939703 2.10780933757971 15.25
2204 12813.7933566098 12813.7933566098 0.634195000939703 2.10780933757971 15.25
2205 12815.310029998 12815.310029998 0.634195000939703 2.10780933757971 15.25
2206 12816.8268542717 12816.8268542717 0.634195000939703 2.10780933757971 15.25
2207 12818.3438293588 12818.3438293588 0.634195000939703 2.10780933757971 15.25
2208 12819.8609552512 12819.8609552512 0.634195000939703 2.10780933757971 15.25
2209 12821.3782318236 12821.3782318236 0.634195000939703 2.10780933757971 15.25
2210 12822.8956591199 12822.8956591199 0.634195000939703 2.10780933757971 15.25
2211 12824.4132369633 12824.4132369633 0.634195000939703 2.10780933757971 15.25
2212 12825.9309654497 12825.9309654497 0.634195000939703 2.10780933757971 15.25
2213 12827.4488443505 12827.4488443505 0.634195000939703 2.10780933757971 15.25
2214 12828.9668737876 12828.9668737876 0.634195000939703 2.10780933757971 15.25
2215 12830.4850535578 12830.4850535578 0.634195000939703 2.10780933757971 15.25
2216 12832.0033837295 12832.0033837295 0.634195000939703 2.10780933757971 15.25
2217 12833.521864156 12833.521864156 0.634195000939703 2.10780933757971 15.25
2218 12835.0404948508 12835.0404948508 0.634195000939703 2.10780933757971 15.25
2219 12836.5592757202 12836.5592757202 0.634195000939703 2.10780933757971 15.25
2220 12838.078206725 12838.078206725 0.634195000939703 2.10780933757971 15.25
2221 12839.597287824 12839.597287824 0.634195000939703 2.10780933757971 15.25
2222 12841.1165189255 12841.1165189255 0.634195000939703 2.10780933757971 15.25
2223 12842.6359000412 12842.6359000412 0.634195000939703 2.10780933757971 15.25
2224 12844.1554310265 12844.1554310265 0.634195000939703 2.10780933757971 15.25
2225 12845.6751119459 12845.6751119459 0.634195000939703 2.10780933757971 15.25
2226 12847.1949426023 12847.1949426023 0.634195000939703 2.10780933757971 15.25
2227 12848.7149231025 12848.7149231025 0.634195000939703 2.10780933757971 15.25
2228 12850.2350532273 12850.2350532273 0.634195000939703 2.10780933757971 15.25
2229 12851.7553330776 12851.7553330776 0.634195000939703 2.10780933757971 15.25
2230 12853.2757624745 12853.2757624745 0.634195000939703 2.10780933757971 15.25
2231 12854.7963414645 12854.7963414645 0.634195000939703 2.10780933757971 15.25
2232 12856.3170699213 12856.3170699213 0.634195000939703 2.10780933757971 15.25
2233 12857.8379478386 12857.8379478386 0.634195000939703 2.10780933757971 15.25
2234 12859.3589751432 12859.3589751432 0.634195000939703 2.10780933757971 15.25
2235 12860.8801517758 12860.8801517758 0.634195000939703 2.10780933757971 15.25
2236 12862.401477716 12862.401477716 0.634195000939703 2.10780933757971 15.25
2237 12863.9229528519 12863.9229528519 0.634195000939703 2.10780933757971 15.25
2238 12865.444577216 12865.444577216 0.634195000939703 2.10780933757971 15.25
2239 12866.9663506435 12866.9663506435 0.634195000939703 2.10780933757971 15.25
2240 12868.4882732196 12868.4882732196 0.634195000939703 2.10780933757971 15.25
2241 12870.0103447271 12870.0103447271 0.634195000939703 2.10780933757971 15.25
2242 12871.5325652815 12871.5325652815 0.634195000939703 2.10780933757971 15.25
2243 12873.0549346778 12873.0549346778 0.634195000939703 2.10780933757971 15.25
2244 12874.577452995 12874.577452995 0.634195000939703 2.10780933757971 15.25
2245 12876.1001200749 12876.1001200749 0.634195000939703 2.10780933757971 15.25
2246 12877.6229359437 12877.6229359437 0.634195000939703 2.10780933757971 15.25
2247 12879.1459004959 12879.1459004959 0.634195000939703 2.10780933757971 15.25
2248 12880.6690137053 12880.6690137053 0.634195000939703 2.10780933757971 15.25
2249 12882.192275519 12882.192275519 0.634195000939703 2.10780933757971 15.25
2250 12883.715685858 12883.715685858 0.634195000939703 2.10780933757971 15.25
2251 12885.2392447223 12885.2392447223 0.634195000939703 2.10780933757971 15.25
2252 12886.7629519801 12886.7629519801 0.634195000939703 2.10780933757971 15.25
2253 12888.2868076844 12888.2868076844 0.634195000939703 2.10780933757971 15.25
2254 12889.8108116505 12889.8108116505 0.634195000939703 2.10780933757971 15.25
2255 12891.3349639802 12891.3349639802 0.634195000939703 2.10780933757971 15.25
2256 12892.8592644482 12892.8592644482 0.634195000939703 2.10780933757971 15.25
2257 12894.3837131685 12894.3837131685 0.634195000939703 2.10780933757971 15.25
2258 12895.9083099505 12895.9083099505 0.634195000939703 2.10780933757971 15.25
2259 12897.4330548534 12897.4330548534 0.634195000939703 2.10780933757971 15.25
2260 12898.9579477392 12898.9579477392 0.634195000939703 2.10780933757971 15.25
2261 12900.4829886145 12900.4829886145 0.634195000939703 2.10780933757971 15.25
2262 12902.0081773943 12902.0081773943 0.634195000939703 2.10780933757971 15.25
2263 12903.5335140321 12903.5335140321 0.634195000939703 2.10780933757971 15.25
2264 12905.058998496 12905.058998496 0.634195000939703 2.10780933757971 15.25
2265 12906.5846306867 12906.5846306867 0.634195000939703 2.10780933757971 15.25
2266 12908.110410625 12908.110410625 0.634195000939703 2.10780933757971 15.25
2267 12909.6363381591 12909.6363381591 0.634195000939703 2.10780933757971 15.25
2268 12911.1624133624 12911.1624133624 0.634195000939703 2.10780933757971 15.25
2269 12912.6886360303 12912.6886360303 0.634195000939703 2.10780933757971 15.25
2270 12914.215006273 12914.215006273 0.634195000939703 2.10780933757971 15.25
2271 12915.7415238798 12915.7415238798 0.634195000939703 2.10780933757971 15.25
2272 12917.2681889426 12917.2681889426 0.634195000939703 2.10780933757971 15.25
2273 12918.7950012913 12918.7950012913 0.634195000939703 2.10780933757971 15.25
2274 12920.3219609651 12920.3219609651 0.634195000939703 2.10780933757971 15.25
2275 12921.8490678469 12921.8490678469 0.634195000939703 2.10780933757971 15.25
2276 12923.3763219229 12923.3763219229 0.634195000939703 2.10780933757971 15.25
2277 12924.9037231289 12924.9037231289 0.634195000939703 2.10780933757971 15.25
2278 12926.4312713985 12926.4312713985 0.634195000939703 2.10780933757971 15.25
2279 12927.9589667201 12927.9589667201 0.634195000939703 2.10780933757971 15.25
2280 12929.4868089747 12929.4868089747 0.634195000939703 2.10780933757971 15.25
2281 12931.0147982035 12931.0147982035 0.634195000939703 2.10780933757971 15.25
2282 12932.5429342346 12932.5429342346 0.634195000939703 2.10780933757971 15.25
2283 12934.0712171623 12934.0712171623 0.634195000939703 2.10780933757971 15.25
2284 12935.5996467597 12935.5996467597 0.634195000939703 2.10780933757971 15.25
2285 12937.1282231517 12937.1282231517 0.634195000939703 2.10780933757971 15.25
2286 12938.6569461358 12938.6569461358 0.634195000939703 2.10780933757971 15.25
2287 12940.1858157841 12940.1858157841 0.634195000939703 2.10780933757971 15.25
2288 12941.714831947 12941.714831947 0.634195000939703 2.10780933757971 15.25
2289 12943.2439946438 12943.2439946438 0.634195000939703 2.10780933757971 15.25
2290 12944.7733037777 12944.7733037777 0.634195000939703 2.10780933757971 15.25
2291 12946.3027593153 12946.3027593153 0.634195000939703 2.10780933757971 15.25
2292 12947.8323612127 12947.8323612127 0.634195000939703 2.10780933757971 15.25
2293 12949.3621093835 12949.3621093835 0.634195000939703 2.10780933757971 15.25
2294 12950.8920038369 12950.8920038369 0.634195000939703 2.10780933757971 15.25
2295 12952.4220444029 12952.4220444029 0.634195000939703 2.10780933757971 15.25
2296 12953.952231173 12953.952231173 0.634195000939703 2.10780933757971 15.25
2297 12955.4825639544 12955.4825639544 0.634195000939703 2.10780933757971 15.25
2298 12957.013042856 12957.013042856 0.634195000939703 2.10780933757971 15.25
2299 12958.5436676592 12958.5436676592 0.634195000939703 2.10780933757971 15.25
2300 12960.0744384689 12960.0744384689 0.634195000939703 2.10780933757971 15.25
2301 12961.6053551037 12961.6053551037 0.634195000939703 2.10780933757971 15.25
2302 12963.1364176145 12963.1364176145 0.634195000939703 2.10780933757971 15.25
2303 12964.6676258734 12964.6676258734 0.634195000939703 2.10780933757971 15.25
2304 12966.1989798792 12966.1989798792 0.634195000939703 2.10780933757971 15.25
2305 12967.730479556 12967.730479556 0.634195000939703 2.10780933757971 15.25
2306 12969.26212485 12969.26212485 0.634195000939703 2.10780933757971 15.25
2307 12970.7939157382 12970.7939157382 0.634195000939703 2.10780933757971 15.25
2308 12972.3258521141 12972.3258521141 0.634195000939703 2.10780933757971 15.25
2309 12973.8579340075 12973.8579340075 0.634195000939703 2.10780933757971 15.25
2310 12975.390161257 12975.390161257 0.634195000939703 2.10780933757971 15.25
2311 12976.9225339495 12976.9225339495 0.634195000939703 2.10780933757971 15.25
2312 12978.4550518689 12978.4550518689 0.634195000939703 2.10780933757971 15.25
2313 12979.9877151338 12979.9877151338 0.634195000939703 2.10780933757971 15.25
2314 12981.520523537 12981.520523537 0.634195000939703 2.10780933757971 15.25
2315 12983.053477163 12983.053477163 0.634195000939703 2.10780933757971 15.25
2316 12984.5865758507 12984.5865758507 0.634195000939703 2.10780933757971 15.25
2317 12986.1198196319 12986.1198196319 0.634195000939703 2.10780933757971 15.25
2318 12987.6532083984 12987.6532083984 0.634195000939703 2.10780933757971 15.25
2319 12989.186742129 12989.186742129 0.634195000939703 2.10780933757971 15.25
2320 12990.7204207693 12990.7204207693 0.634195000939703 2.10780933757971 15.25
2321 12992.2542442446 12992.2542442446 0.634195000939703 2.10780933757971 15.25
2322 12993.7882125528 12993.7882125528 0.634195000939703 2.10780933757971 15.25
2323 12995.3223255652 12995.3223255652 0.634195000939703 2.10780933757971 15.25
2324 12996.8565833365 12996.8565833365 0.634195000939703 2.10780933757971 15.25
2325 12998.390985683 12998.390985683 0.634195000939703 2.10780933757971 15.25
2326 12999.9255327083 12999.9255327083 0.634195000939703 2.10780933757971 15.25
2327 13001.4602241882 13001.4602241882 0.634195000939703 2.10780933757971 15.25
2328 13002.9950602404 13002.9950602404 0.634195000939703 2.10780933757971 15.25
2329 13004.5300406712 13004.5300406712 0.634195000939703 2.10780933757971 15.25
2330 13006.0651655453 13006.0651655453 0.634195000939703 2.10780933757971 15.25
2331 13007.6004347229 13007.6004347229 0.634195000939703 2.10780933757971 15.25
2332 13009.1358482151 13009.1358482151 0.634195000939703 2.10780933757971 15.25
2333 13010.6714059344 13010.6714059344 0.634195000939703 2.10780933757971 15.25
2334 13012.20710784 13012.20710784 0.634195000939703 2.10780933757971 15.25
2335 13013.7429538971 13013.7429538971 0.634195000939703 2.10780933757971 15.25
2336 13015.2789440118 13015.2789440118 0.634195000939703 2.10780933757971 15.25
2337 13016.8150782026 13016.8150782026 0.634195000939703 2.10780933757971 15.25
2338 13018.3513563205 13018.3513563205 0.634195000939703 2.10780933757971 15.25
2339 13019.887778441 13019.887778441 0.634195000939703 2.10780933757971 15.25
2340 13021.4243443603 13021.4243443603 0.634195000939703 2.10780933757971 15.25
2341 13022.9610541928 13022.9610541928 0.634195000939703 2.10780933757971 15.25
2342 13024.4979077235 13024.4979077235 0.634195000939703 2.10780933757971 15.25
2343 13026.0349050515 13026.0349050515 0.634195000939703 2.10780933757971 15.25
2344 13027.5720460031 13027.5720460031 0.634195000939703 2.10780933757971 15.25
2345 13029.1093306234 13029.1093306234 0.634195000939703 2.10780933757971 15.25
2346 13030.6467587921 13030.6467587921 0.634195000939703 2.10780933757971 15.25
2347 13032.1843305014 13032.1843305014 0.634195000939703 2.10780933757971 15.25
2348 13033.722045684 13033.722045684 0.634195000939703 2.10780933757971 15.25
2349 13035.259904279 13035.259904279 0.634195000939703 2.10780933757971 15.25
2350 13036.7979062724 13036.7979062724 0.634195000939703 2.10780933757971 15.25
2351 13038.3360515482 13038.3360515482 0.634195000939703 2.10780933757971 15.25
2352 13039.8743401497 13039.8743401497 0.634195000939703 2.10780933757971 15.25
2353 13041.4127719051 13041.4127719051 0.634195000939703 2.10780933757971 15.25
2354 13042.9513469113 13042.9513469113 0.634195000939703 2.10780933757971 15.25
2355 13044.4900649441 13044.4900649441 0.634195000939703 2.10780933757971 15.25
2356 13046.0289261284 13046.0289261284 0.634195000939703 2.10780933757971 15.25
2357 13047.5679302603 13047.5679302603 0.634195000939703 2.10780933757971 15.25
2358 13049.1070774178 13049.1070774178 0.634195000939703 2.10780933757971 15.25
2359 13050.6463674482 13050.6463674482 0.634195000939703 2.10780933757971 15.25
2360 13052.1858003771 13052.1858003771 0.634195000939703 2.10780933757971 15.25
2361 13053.7253761042 13053.7253761042 0.634195000939703 2.10780933757971 15.25
2362 13055.2650946017 13055.2650946017 0.634195000939703 2.10780933757971 15.25
2363 13056.8049558232 13056.8049558232 0.634195000939703 2.10780933757971 15.25
2364 13058.3449596855 13058.3449596855 0.634195000939703 2.10780933757971 15.25
2365 13059.8851061994 13059.8851061994 0.634195000939703 2.10780933757971 15.25
2366 13061.4253952267 13061.4253952267 0.634195000939703 2.10780933757971 15.25
2367 13062.9658268312 13062.9658268312 0.634195000939703 2.10780933757971 15.25
2368 13064.5064008217 13064.5064008217 0.634195000939703 2.10780933757971 15.25
2369 13066.0471173071 13066.0471173071 0.634195000939703 2.10780933757971 15.25
2370 13067.5879760671 13067.5879760671 0.634195000939703 2.10780933757971 15.25
2371 13069.1289772138 13069.1289772138 0.634195000939703 2.10780933757971 15.25
2372 13070.6701205609 13070.6701205609 0.634195000939703 2.10780933757971 15.25
2373 13072.2114061669 13072.2114061669 0.634195000939703 2.10780933757971 15.25
2374 13073.7528338996 13073.7528338996 0.634195000939703 2.10780933757971 15.25
2375 13075.2944037639 13075.2944037639 0.634195000939703 2.10780933757971 15.25
2376 13076.836115681 13076.836115681 0.634195000939703 2.10780933757971 15.25
2377 13078.3779696028 13078.3779696028 0.634195000939703 2.10780933757971 15.25
2378 13079.9199655034 13079.9199655034 0.634195000939703 2.10780933757971 15.25
2379 13081.4621032796 13081.4621032796 0.634195000939703 2.10780933757971 15.25
2380 13083.0043829629 13083.0043829629 0.634195000939703 2.10780933757971 15.25
2381 13084.5468043952 13084.5468043952 0.634195000939703 2.10780933757971 15.25
2382 13086.0893676602 13086.0893676602 0.634195000939703 2.10780933757971 15.25
2383 13087.6320725474 13087.6320725474 0.634195000939703 2.10780933757971 15.25
2384 13089.1749191759 13089.1749191759 0.634195000939703 2.10780933757971 15.25
2385 13090.7179073362 13090.7179073362 0.634195000939703 2.10780933757971 15.25
2386 13092.2610371193 13092.2610371193 0.634195000939703 2.10780933757971 15.25
2387 13093.8043083607 13093.8043083607 0.634195000939703 2.10780933757971 15.25
2388 13095.3477210983 13095.3477210983 0.634195000939703 2.10780933757971 15.25
2389 13096.8912752206 13096.8912752206 0.634195000939703 2.10780933757971 15.25
2390 13098.4349707125 13098.4349707125 0.634195000939703 2.10780933757971 15.25
2391 13099.9788075159 13099.9788075159 0.634195000939703 2.10780933757971 15.25
2392 13101.5227855605 13101.5227855605 0.634195000939703 2.10780933757971 15.25
2393 13103.0669048447 13103.0669048447 0.634195000939703 2.10780933757971 15.25
2394 13104.6111652438 13104.6111652438 0.634195000939703 2.10780933757971 15.25
2395 13106.1555668099 13106.1555668099 0.634195000939703 2.10780933757971 15.25
2396 13107.7001093641 13107.7001093641 0.634195000939703 2.10780933757971 15.25
2397 13109.2447930101 13109.2447930101 0.634195000939703 2.10780933757971 15.25
2398 13110.7896175221 13110.7896175221 0.634195000939703 2.10780933757971 15.25
2399 13112.3345830238 13112.3345830238 0.634195000939703 2.10780933757971 15.25
2400 13113.8796893192 13113.8796893192 0.634195000939703 2.10780933757971 15.25
2401 13115.4249364781 13115.4249364781 0.634195000939703 2.10780933757971 15.25
2402 13116.970324357 13116.970324357 0.634195000939703 2.10780933757971 15.25
2403 13118.5158529736 13118.5158529736 0.634195000939703 2.10780933757971 15.25
2404 13120.0615222375 13120.0615222375 0.634195000939703 2.10780933757971 15.25
2405 13121.607332113 13121.607332113 0.634195000939703 2.10780933757971 15.25
2406 13123.1532825629 13123.1532825629 0.634195000939703 2.10780933757971 15.25
2407 13124.6993734965 13124.6993734965 0.634195000939703 2.10780933757971 15.25
2408 13126.2456049338 13126.2456049338 0.634195000939703 2.10780933757971 15.25
2409 13127.791976729 13127.791976729 0.634195000939703 2.10780933757971 15.25
2410 13129.3384889548 13129.3384889548 0.634195000939703 2.10780933757971 15.25
2411 13130.8851414133 13130.8851414133 0.634195000939703 2.10780933757971 15.25
2412 13132.4319342177 13132.4319342177 0.634195000939703 2.10780933757971 15.25
2413 13133.978867153 13133.978867153 0.634195000939703 2.10780933757971 15.25
2414 13135.525940323 13135.525940323 0.634195000939703 2.10780933757971 15.25
2415 13137.0731535515 13137.0731535515 0.634195000939703 2.10780933757971 15.25
2416 13138.6205068891 13138.6205068891 0.634195000939703 2.10780933757971 15.25
2417 13140.1680002128 13140.1680002128 0.634195000939703 2.10780933757971 15.25
2418 13141.7156335201 13141.7156335201 0.634195000939703 2.10780933757971 15.25
2419 13143.2634067411 13143.2634067411 0.634195000939703 2.10780933757971 15.25
2420 13144.8113198183 13144.8113198183 0.634195000939703 2.10780933757971 15.25
2421 13146.3593727393 13146.3593727393 0.634195000939703 2.10780933757971 15.25
2422 13147.9075653904 13147.9075653904 0.634195000939703 2.10780933757971 15.25
2423 13149.4558978132 13149.4558978132 0.634195000939703 2.10780933757971 15.25
2424 13151.0043698414 13151.0043698414 0.634195000939703 2.10780933757971 15.25
2425 13152.552981569 13152.552981569 0.634195000939703 2.10780933757971 15.25
2426 13154.1017327766 13154.1017327766 0.634195000939703 2.10780933757971 15.25
2427 13155.6506235892 13155.6506235892 0.634195000939703 2.10780933757971 15.25
2428 13157.1996538016 13157.1996538016 0.634195000939703 2.10780933757971 15.25
2429 13158.7488234979 13158.7488234979 0.634195000939703 2.10780933757971 15.25
2430 13160.2981325222 13160.2981325222 0.634195000939703 2.10780933757971 15.25
2431 13161.8475809053 13161.8475809053 0.634195000939703 2.10780933757971 15.25
2432 13163.397168545 13163.397168545 0.634195000939703 2.10780933757971 15.25
2433 13164.9468954178 13164.9468954178 0.634195000939703 2.10780933757971 15.25
2434 13166.4967614755 13166.4967614755 0.634195000939703 2.10780933757971 15.25
2435 13168.0467666399 13168.0467666399 0.634195000939703 2.10780933757971 15.25
2436 13169.5969109193 13169.5969109193 0.634195000939703 2.10780933757971 15.25
2437 13171.1471941806 13171.1471941806 0.634195000939703 2.10780933757971 15.25
2438 13172.6976164853 13172.6976164853 0.634195000939703 2.10780933757971 15.25
2439 13174.2481776467 13174.2481776467 0.634195000939703 2.10780933757971 15.25
2440 13175.7988777747 13175.7988777747 0.634195000939703 2.10780933757971 15.25
2441 13177.3497166469 13177.3497166469 0.634195000939703 2.10780933757971 15.25
2442 13178.9006943808 13178.9006943808 0.634195000939703 2.10780933757971 15.25
2443 13180.4518107879 13180.4518107879 0.634195000939703 2.10780933757971 15.25
2444 13182.0030659321 13182.0030659321 0.634195000939703 2.10780933757971 15.25
2445 13183.5544596782 13183.5544596782 0.634195000939703 2.10780933757971 15.25
2446 13185.1059920369 13185.1059920369 0.634195000939703 2.10780933757971 15.25
2447 13186.6576629263 13186.6576629263 0.634195000939703 2.10780933757971 15.25
2448 13188.2094723016 13188.2094723016 0.634195000939703 2.10780933757971 15.25
2449 13189.7614201387 13189.7614201387 0.634195000939703 2.10780933757971 15.25
2450 13191.313506337 13191.313506337 0.634195000939703 2.10780933757971 15.25
2451 13192.8657309266 13192.8657309266 0.634195000939703 2.10780933757971 15.25
2452 13194.4180937531 13194.4180937531 0.634195000939703 2.10780933757971 15.25
2453 13195.9705948994 13195.9705948994 0.634195000939703 2.10780933757971 15.25
2454 13197.5232341585 13197.5232341585 0.634195000939703 2.10780933757971 15.25
2455 13199.0760116501 13199.0760116501 0.634195000939703 2.10780933757971 15.25
2456 13200.6289271632 13200.6289271632 0.634195000939703 2.10780933757971 15.25
2457 13202.1819807949 13202.1819807949 0.634195000939703 2.10780933757971 15.25
2458 13203.7351723773 13203.7351723773 0.634195000939703 2.10780933757971 15.25
2459 13205.2885019424 13205.2885019424 0.634195000939703 2.10780933757971 15.25
2460 13206.8419693685 13206.8419693685 0.634195000939703 2.10780933757971 15.25
2461 13208.395574665 13208.395574665 0.634195000939703 2.10780933757971 15.25
2462 13209.949317771 13209.949317771 0.634195000939703 2.10780933757971 15.25
2463 13211.5031986214 13211.5031986214 0.634195000939703 2.10780933757971 15.25
2464 13213.0572172129 13213.0572172129 0.634195000939703 2.10780933757971 15.25
2465 13214.6113734249 13214.6113734249 0.634195000939703 2.10780933757971 15.25
2466 13216.1656673074 13216.1656673074 0.634195000939703 2.10780933757971 15.25
2467 13217.7200986868 13217.7200986868 0.634195000939703 2.10780933757971 15.25
2468 13219.2746676662 13219.2746676662 0.634195000939703 2.10780933757971 15.25
2469 13220.8293740188 13220.8293740188 0.634195000939703 2.10780933757971 15.25
2470 13222.3842178744 13222.3842178744 0.634195000939703 2.10780933757971 15.25
2471 13223.9391990329 13223.9391990329 0.634195000939703 2.10780933757971 15.25
2472 13225.4943175709 13225.4943175709 0.634195000939703 2.10780933757971 15.25
2473 13227.0495733411 13227.0495733411 0.634195000939703 2.10780933757971 15.25
2474 13228.6049663679 13228.6049663679 0.634195000939703 2.10780933757971 15.25
2475 13230.1604965569 13230.1604965569 0.634195000939703 2.10780933757971 15.25
2476 13231.7161638764 13231.7161638764 0.634195000939703 2.10780933757971 15.25
2477 13233.27196829 13233.27196829 0.634195000939703 2.10780933757971 15.25
2478 13234.8279097112 13234.8279097112 0.634195000939703 2.10780933757971 15.25
2479 13236.3839881567 13236.3839881567 0.634195000939703 2.10780933757971 15.25
2480 13237.9402034859 13237.9402034859 0.634195000939703 2.10780933757971 15.25
2481 13239.4965557693 13239.4965557693 0.634195000939703 2.10780933757971 15.25
2482 13241.0530448139 13241.0530448139 0.634195000939703 2.10780933757971 15.25
2483 13242.6096707327 13242.6096707327 0.634195000939703 2.10780933757971 15.25
2484 13244.1664333092 13244.1664333092 0.634195000939703 2.10780933757971 15.25
2485 13245.7233326533 13245.7233326533 0.634195000939703 2.10780933757971 15.25
2486 13247.2803685861 13247.2803685861 0.634195000939703 2.10780933757971 15.25
2487 13248.8375411633 13248.8375411633 0.634195000939703 2.10780933757971 15.25
2488 13250.3948502589 13250.3948502589 0.634195000939703 2.10780933757971 15.25
2489 13251.952295876 13251.952295876 0.634195000939703 2.10780933757971 15.25
2490 13253.5098779426 13253.5098779426 0.634195000939703 2.10780933757971 15.25
2491 13255.0675964057 13255.0675964057 0.634195000939703 2.10780933757971 15.25
2492 13256.6254512502 13256.6254512502 0.634195000939703 2.10780933757971 15.25
2493 13258.1834423683 13258.1834423683 0.634195000939703 2.10780933757971 15.25
2494 13259.7415697991 13259.7415697991 0.634195000939703 2.10780933757971 15.25
2495 13261.2998333807 13261.2998333807 0.634195000939703 2.10780933757971 15.25
2496 13262.8582332051 13262.8582332051 0.634195000939703 2.10780933757971 15.25
2497 13264.4167690574 13264.4167690574 0.634195000939703 2.10780933757971 15.25
2498 13265.9754410634 13265.9754410634 0.634195000939703 2.10780933757971 15.25
2499 13267.5342490158 13267.5342490158 0.634195000939703 2.10780933757971 15.25
2500 13269.0931930049 13269.0931930049 0.634195000939703 2.10780933757971 15.25
2501 13270.6522728712 13270.6522728712 0.634195000939703 2.10780933757971 15.25
2502 13272.2114886521 13272.2114886521 0.634195000939703 2.10780933757971 15.25
2503 13273.7708402413 13273.7708402413 0.634195000939703 2.10780933757971 15.25
2504 13275.3303276221 13275.3303276221 0.634195000939703 2.10780933757971 15.25
2505 13276.8899507421 13276.8899507421 0.634195000939703 2.10780933757971 15.25
2506 13278.4497095298 13278.4497095298 0.634195000939703 2.10780933757971 15.25
2507 13280.00960399 13280.00960399 0.634195000939703 2.10780933757971 15.25
2508 13281.5696339949 13281.5696339949 0.634195000939703 2.10780933757971 15.25
2509 13283.1297996034 13283.1297996034 0.634195000939703 2.10780933757971 15.25
2510 13284.690100635 13284.690100635 0.634195000939703 2.10780933757971 15.25
2511 13286.2505371973 13286.2505371973 0.634195000939703 2.10780933757971 15.25
2512 13287.8111090681 13287.8111090681 0.634195000939703 2.10780933757971 15.25
2513 13289.3718163702 13289.3718163702 0.634195000939703 2.10780933757971 15.25
2514 13290.9326589127 13290.9326589127 0.634195000939703 2.10780933757971 15.25
2515 13292.4936367643 13292.4936367643 0.634195000939703 2.10780933757971 15.25
2516 13294.0547497872 13294.0547497872 0.634195000939703 2.10780933757971 15.25
2517 13295.6159979973 13295.6159979973 0.634195000939703 2.10780933757971 15.25
2518 13297.1773813107 13297.1773813107 0.634195000939703 2.10780933757971 15.25
2519 13298.7388996873 13298.7388996873 0.634195000939703 2.10780933757971 15.25
2520 13300.3005531003 13300.3005531003 0.634195000939703 2.10780933757971 15.25
2521 13301.8623414545 13301.8623414545 0.634195000939703 2.10780933757971 15.25
2522 13303.4242647774 13303.4242647774 0.634195000939703 2.10780933757971 15.25
2523 13304.9863229198 13304.9863229198 0.634195000939703 2.10780933757971 15.25
2524 13306.548515962 13306.548515962 0.634195000939703 2.10780933757971 15.25
2525 13308.1108437019 13308.1108437019 0.634195000939703 2.10780933757971 15.25
2526 13309.6733062597 13309.6733062597 0.634195000939703 2.10780933757971 15.25
2527 13311.2359034222 13311.2359034222 0.634195000939703 2.10780933757971 15.25
2528 13312.7986352928 13312.7986352928 0.634195000939703 2.10780933757971 15.25
2529 13314.3615017001 13314.3615017001 0.634195000939703 2.10780933757971 15.25
2530 13315.9245026944 13315.9245026944 0.634195000939703 2.10780933757971 15.25
2531 13317.4876381575 13317.4876381575 0.634195000939703 2.10780933757971 15.25
2532 13319.0509080856 13319.0509080856 0.634195000939703 2.10780933757971 15.25
2533 13320.6143124144 13320.6143124144 0.634195000939703 2.10780933757971 15.25
2534 13322.1778510853 13322.1778510853 0.634195000939703 2.10780933757971 15.25
2535 13323.7415240912 13323.7415240912 0.634195000939703 2.10780933757971 15.25
2536 13325.3053313173 13325.3053313173 0.634195000939703 2.10780933757971 15.25
2537 13326.8692728106 13326.8692728106 0.634195000939703 2.10780933757971 15.25
2538 13328.4333484033 13328.4333484033 0.634195000939703 2.10780933757971 15.25
2539 13329.9975581956 13329.9975581956 0.634195000939703 2.10780933757971 15.25
2540 13331.5619019654 13331.5619019654 0.634195000939703 2.10780933757971 15.25
2541 13333.1263798426 13333.1263798426 0.634195000939703 2.10780933757971 15.25
2542 13334.6909916262 13334.6909916262 0.634195000939703 2.10780933757971 15.25
2543 13336.255737398 13336.255737398 0.634195000939703 2.10780933757971 15.25
2544 13337.8206170082 13337.8206170082 0.634195000939703 2.10780933757971 15.25
2545 13339.3856304855 13339.3856304855 0.634195000939703 2.10780933757971 15.25
2546 13340.9507777344 13340.9507777344 0.634195000939703 2.10780933757971 15.25
2547 13342.5160587295 13342.5160587295 0.634195000939703 2.10780933757971 15.25
2548 13344.0814734281 13344.0814734281 0.634195000939703 2.10780933757971 15.25
2549 13345.64702175 13345.64702175 0.634195000939703 2.10780933757971 15.25
2550 13347.2127037108 13347.2127037108 0.634195000939703 2.10780933757971 15.25
2551 13348.7785191741 13348.7785191741 0.634195000939703 2.10780933757971 15.25
2552 13350.3444682085 13350.3444682085 0.634195000939703 2.10780933757971 15.25
2553 13351.9105506245 13351.9105506245 0.634195000939703 2.10780933757971 15.25
2554 13353.4767665369 13353.4767665369 0.634195000939703 2.10780933757971 15.25
2555 13355.0431157267 13355.0431157267 0.634195000939703 2.10780933757971 15.25
2556 13356.6095983102 13356.6095983102 0.634195000939703 2.10780933757971 15.25
2557 13358.1762141041 13358.1762141041 0.634195000939703 2.10780933757971 15.25
2558 13359.7429631717 13359.7429631717 0.634195000939703 2.10780933757971 15.25
2559 13361.3098453828 13361.3098453828 0.634195000939703 2.10780933757971 15.25
2560 13362.8768607464 13362.8768607464 0.634195000939703 2.10780933757971 15.25
2561 13364.4440091866 13364.4440091866 0.634195000939703 2.10780933757971 15.25
2562 13366.0112906596 13366.0112906596 0.634195000939703 2.10780933757971 15.25
2563 13367.5787051423 13367.5787051423 0.634195000939703 2.10780933757971 15.25
2564 13369.1462525347 13369.1462525347 0.634195000939703 2.10780933757971 15.25
2565 13370.7139328723 13370.7139328723 0.634195000939703 2.10780933757971 15.25
2566 13372.2817459998 13372.2817459998 0.634195000939703 2.10780933757971 15.25
2567 13373.8496920058 13373.8496920058 0.634195000939703 2.10780933757971 15.25
2568 13375.4177706809 13375.4177706809 0.634195000939703 2.10780933757971 15.25
2569 13376.9859821494 13376.9859821494 0.634195000939703 2.10780933757971 15.25
2570 13378.5543262045 13378.5543262045 0.634195000939703 2.10780933757971 15.25
2571 13380.1228029411 13380.1228029411 0.634195000939703 2.10780933757971 15.25
2572 13381.6914121974 13381.6914121974 0.634195000939703 2.10780933757971 15.25
2573 13383.260154015 13383.260154015 0.634195000939703 2.10780933757971 15.25
2574 13384.8290282864 13384.8290282864 0.634195000939703 2.10780933757971 15.25
2575 13386.3980349993 13386.3980349993 0.634195000939703 2.10780933757971 15.25
2576 13387.9671740991 13387.9671740991 0.634195000939703 2.10780933757971 15.25
2577 13389.5364455203 13389.5364455203 0.634195000939703 2.10780933757971 15.25
2578 13391.1058492628 13391.1058492628 0.634195000939703 2.10780933757971 15.25
2579 13392.6753852049 13392.6753852049 0.634195000939703 2.10780933757971 15.25
2580 13394.2450534035 13394.2450534035 0.634195000939703 2.10780933757971 15.25
2581 13395.8148536819 13395.8148536819 0.634195000939703 2.10780933757971 15.25
2582 13397.3847861493 13397.3847861493 0.634195000939703 2.10780933757971 15.25
2583 13398.9548505809 13398.9548505809 0.634195000939703 2.10780933757971 15.25
2584 13400.5250471059 13400.5250471059 0.634195000939703 2.10780933757971 15.25
2585 13402.0953755292 13402.0953755292 0.634195000939703 2.10780933757971 15.25
2586 13403.6658359269 13403.6658359269 0.634195000939703 2.10780933757971 15.25
2587 13405.2364281569 13405.2364281569 0.634195000939703 2.10780933757971 15.25
2588 13406.8071522412 13406.8071522412 0.634195000939703 2.10780933757971 15.25
2589 13408.3780080919 13408.3780080919 0.634195000939703 2.10780933757971 15.25
2590 13409.9489956781 13409.9489956781 0.634195000939703 2.10780933757971 15.25
2591 13411.520114965 13411.520114965 0.634195000939703 2.10780933757971 15.25
2592 13413.0913658673 13413.0913658673 0.634195000939703 2.10780933757971 15.25
2593 13414.6627484046 13414.6627484046 0.634195000939703 2.10780933757971 15.25
2594 13416.2342624365 13416.2342624365 0.634195000939703 2.10780933757971 15.25
2595 13417.8059080399 13417.8059080399 0.634195000939703 2.10780933757971 15.25
2596 13419.377685018 13419.377685018 0.634195000939703 2.10780933757971 15.25
2597 13420.9495934896 13420.9495934896 0.634195000939703 2.10780933757971 15.25
2598 13422.5216332422 13422.5216332422 0.634195000939703 2.10780933757971 15.25
2599 13424.0938043835 13424.0938043835 0.634195000939703 2.10780933757971 15.25
2600 13425.6661067398 13425.6661067398 0.634195000939703 2.10780933757971 15.25
2601 13427.2385403657 13427.2385403657 0.634195000939703 2.10780933757971 15.25
2602 13428.8111051418 13428.8111051418 0.634195000939703 2.10780933757971 15.25
2603 13430.3838010686 13430.3838010686 0.634195000939703 2.10780933757971 15.25
2604 13431.9566280796 13431.9566280796 0.634195000939703 2.10780933757971 15.25
2605 13433.5295861223 13433.5295861223 0.634195000939703 2.10780933757971 15.25
2606 13435.1026751846 13435.1026751846 0.634195000939703 2.10780933757971 15.25
2607 13436.6758951598 13436.6758951598 0.634195000939703 2.10780933757971 15.25
2608 13438.2492460889 13438.2492460889 0.634195000939703 2.10780933757971 15.25
2609 13439.8227278099 13439.8227278099 0.634195000939703 2.10780933757971 15.25
2610 13441.3963404224 13441.3963404224 0.634195000939703 2.10780933757971 15.25
2611 13442.970083708 13442.970083708 0.634195000939703 2.10780933757971 15.25
2612 13444.5439577969 13444.5439577969 0.634195000939703 2.10780933757971 15.25
2613 13446.1179624856 13446.1179624856 0.634195000939703 2.10780933757971 15.25
2614 13447.6920978636 13447.6920978636 0.634195000939703 2.10780933757971 15.25
2615 13449.2663637767 13449.2663637767 0.634195000939703 2.10780933757971 15.25
2616 13450.8407602599 13450.8407602599 0.634195000939703 2.10780933757971 15.25
2617 13452.4152872133 13452.4152872133 0.634195000939703 2.10780933757971 15.25
2618 13453.9899446188 13453.9899446188 0.634195000939703 2.10780933757971 15.25
2619 13455.5647324299 13455.5647324299 0.634195000939703 2.10780933757971 15.25
2620 13457.1396505741 13457.1396505741 0.634195000939703 2.10780933757971 15.25
2621 13458.7146990591 13458.7146990591 0.634195000939703 2.10780933757971 15.25
2622 13460.2898777594 13460.2898777594 0.634195000939703 2.10780933757971 15.25
2623 13461.865186736 13461.865186736 0.634195000939703 2.10780933757971 15.25
2624 13463.440625783 13463.440625783 0.634195000939703 2.10780933757971 15.25
2625 13465.016195032 13465.016195032 0.634195000939703 2.10780933757971 15.25
2626 13466.5918942695 13466.5918942695 0.634195000939703 2.10780933757971 15.25
2627 13468.1677236173 13468.1677236173 0.634195000939703 2.10780933757971 15.25
2628 13469.7436828893 13469.7436828893 0.634195000939703 2.10780933757971 15.25
2629 13471.3197721535 13471.3197721535 0.634195000939703 2.10780933757971 15.25
2630 13472.8959912772 13472.8959912772 0.634195000939703 2.10780933757971 15.25
2631 13474.4723402756 13474.4723402756 0.634195000939703 2.10780933757971 15.25
2632 13476.0488190692 13476.0488190692 0.634195000939703 2.10780933757971 15.25
2633 13477.625427619 13477.625427619 0.634195000939703 2.10780933757971 15.25
2634 13479.2021659001 13479.2021659001 0.634195000939703 2.10780933757971 15.25
2635 13480.7790338195 13480.7790338195 0.634195000939703 2.10780933757971 15.25
2636 13482.356031406 13482.356031406 0.634195000939703 2.10780933757971 15.25
2637 13483.9331585128 13483.9331585128 0.634195000939703 2.10780933757971 15.25
2638 13485.5104152229 13485.5104152229 0.634195000939703 2.10780933757971 15.25
2639 13487.0878013336 13487.0878013336 0.634195000939703 2.10780933757971 15.25
2640 13488.6653169685 13488.6653169685 0.634195000939703 2.10780933757971 15.25
2641 13490.2429619195 13490.2429619195 0.634195000939703 2.10780933757971 15.25
2642 13491.8207362879 13491.8207362879 0.634195000939703 2.10780933757971 15.25
2643 13493.3986399082 13493.3986399082 0.634195000939703 2.10780933757971 15.25
2644 13494.9766728283 13494.9766728283 0.634195000939703 2.10780933757971 15.25
2645 13496.5548349365 13496.5548349365 0.634195000939703 2.10780933757971 15.25
2646 13498.1331262268 13498.1331262268 0.634195000939703 2.10780933757971 15.25
2647 13499.7115466416 13499.7115466416 0.634195000939703 2.10780933757971 15.25
2648 13501.2900961214 13501.2900961214 0.634195000939703 2.10780933757971 15.25
2649 13502.8687746614 13502.8687746614 0.634195000939703 2.10780933757971 15.25
2650 13504.4475821488 13504.4475821488 0.634195000939703 2.10780933757971 15.25
2651 13506.0265186336 13506.0265186336 0.634195000939703 2.10780933757971 15.25
2652 13507.6055839481 13507.6055839481 0.634195000939703 2.10780933757971 15.25
2653 13509.1847781964 13509.1847781964 0.634195000939703 2.10780933757971 15.25
2654 13510.7641011552 13510.7641011552 0.634195000939703 2.10780933757971 15.25
2655 13512.3435529594 13512.3435529594 0.634195000939703 2.10780933757971 15.25
2656 13513.9231334107 13513.9231334107 0.634195000939703 2.10780933757971 15.25
2657 13515.5028425903 13515.5028425903 0.634195000939703 2.10780933757971 15.25
2658 13517.0826803536 13517.0826803536 0.634195000939703 2.10780933757971 15.25
2659 13518.662646728 13518.662646728 0.634195000939703 2.10780933757971 15.25
2660 13520.242741623 13520.242741623 0.634195000939703 2.10780933757971 15.25
2661 13521.8229650117 13521.8229650117 0.634195000939703 2.10780933757971 15.25
2662 13523.4033168584 13523.4033168584 0.634195000939703 2.10780933757971 15.25
2663 13524.9837970818 13524.9837970818 0.634195000939703 2.10780933757971 15.25
2664 13526.5644056995 13526.5644056995 0.634195000939703 2.10780933757971 15.25
2665 13528.1451425773 13528.1451425773 0.634195000939703 2.10780933757971 15.25
2666 13529.7260077863 13529.7260077863 0.634195000939703 2.10780933757971 15.25
2667 13531.3070011386 13531.3070011386 0.634195000939703 2.10780933757971 15.25
2668 13532.8881227488 13532.8881227488 0.634195000939703 2.10780933757971 15.25
2669 13534.469372404 13534.469372404 0.634195000939703 2.10780933757971 15.25
2670 13536.0507502194 13536.0507502194 0.634195000939703 2.10780933757971 15.25
2671 13537.6322560164 13537.6322560164 0.634195000939703 2.10780933757971 15.25
2672 13539.2138898568 13539.2138898568 0.634195000939703 2.10780933757971 15.25
2673 13540.7956516167 13540.7956516167 0.634195000939703 2.10780933757971 15.25
2674 13542.3775413031 13542.3775413031 0.634195000939703 2.10780933757971 15.25
2675 13543.9595588462 13543.9595588462 0.634195000939703 2.10780933757971 15.25
2676 13545.5417041992 13545.5417041992 0.634195000939703 2.10780933757971 15.25
2677 13547.1239773463 13547.1239773463 0.634195000939703 2.10780933757971 15.25
2678 13548.7063781869 13548.7063781869 0.634195000939703 2.10780933757971 15.25
2679 13550.2889067593 13550.2889067593 0.634195000939703 2.10780933757971 15.25
2680 13551.8715629081 13551.8715629081 0.634195000939703 2.10780933757971 15.25
2681 13553.4543467262 13553.4543467262 0.634195000939703 2.10780933757971 15.25
2682 13555.037258005 13555.037258005 0.634195000939703 2.10780933757971 15.25
2683 13556.6202968697 13556.6202968697 0.634195000939703 2.10780933757971 15.25
2684 13558.2034631181 13558.2034631181 0.634195000939703 2.10780933757971 15.25
2685 13559.7867568444 13559.7867568444 0.634195000939703 2.10780933757971 15.25
2686 13561.3701778922 13561.3701778922 0.634195000939703 2.10780933757971 15.25
2687 13562.9537263017 13562.9537263017 0.634195000939703 2.10780933757971 15.25
2688 13564.5374019703 13564.5374019703 0.634195000939703 2.10780933757971 15.25
2689 13566.1212048846 13566.1212048846 0.634195000939703 2.10780933757971 15.25
2690 13567.7051349959 13567.7051349959 0.634195000939703 2.10780933757971 15.25
2691 13569.2891922367 13569.2891922367 0.634195000939703 2.10780933757971 15.25
2692 13570.8733766121 13570.8733766121 0.634195000939703 2.10780933757971 15.25
2693 13572.4576880017 13572.4576880017 0.634195000939703 2.10780933757971 15.25
2694 13574.0421264638 13574.0421264638 0.634195000939703 2.10780933757971 15.25
2695 13575.6266918236 13575.6266918236 0.634195000939703 2.10780933757971 15.25
2696 13577.2113841922 13577.2113841922 0.634195000939703 2.10780933757971 15.25
2697 13578.7962033467 13578.7962033467 0.634195000939703 2.10780933757971 15.25
2698 13580.381149417 13580.381149417 0.634195000939703 2.10780933757971 15.25
2699 13581.9662222135 13581.9662222135 0.634195000939703 2.10780933757971 15.25
2700 13583.55142181 13583.55142181 0.634195000939703 2.10780933757971 15.25
2701 13585.1367480706 13585.1367480706 0.634195000939703 2.10780933757971 15.25
2702 13586.7222010161 13586.7222010161 0.634195000939703 2.10780933757971 15.25
2703 13588.307780564 13588.307780564 0.634195000939703 2.10780933757971 15.25
2704 13589.8934866807 13589.8934866807 0.634195000939703 2.10780933757971 15.25
2705 13591.4793193383 13591.4793193383 0.634195000939703 2.10780933757971 15.25
2706 13593.0652784491 13593.0652784491 0.634195000939703 2.10780933757971 15.25
2707 13594.6513640393 13594.6513640393 0.634195000939703 2.10780933757971 15.25
2708 13596.2375759672 13596.2375759672 0.634195000939703 2.10780933757971 15.25
2709 13597.8239143131 13597.8239143131 0.634195000939703 2.10780933757971 15.25
2710 13599.4103788815 13599.4103788815 0.634195000939703 2.10780933757971 15.25
2711 13600.9969697934 13600.9969697934 0.634195000939703 2.10780933757971 15.25
2712 13602.5836868373 13602.5836868373 0.634195000939703 2.10780933757971 15.25
2713 13604.1705301245 13604.1705301245 0.634195000939703 2.10780933757971 15.25
2714 13605.7574994822 13605.7574994822 0.634195000939703 2.10780933757971 15.25
2715 13607.3445949658 13607.3445949658 0.634195000939703 2.10780933757971 15.25
2716 13608.9318164607 13608.9318164607 0.634195000939703 2.10780933757971 15.25
2717 13610.5191639663 13610.5191639663 0.634195000939703 2.10780933757971 15.25
2718 13612.106637422 13612.106637422 0.634195000939703 2.10780933757971 15.25
2719 13613.6942367733 13613.6942367733 0.634195000939703 2.10780933757971 15.25
2720 13615.2819620136 13615.2819620136 0.634195000939703 2.10780933757971 15.25
2721 13616.8698130344 13616.8698130344 0.634195000939703 2.10780933757971 15.25
2722 13618.4577898832 13618.4577898832 0.634195000939703 2.10780933757971 15.25
2723 13620.0458923972 13620.0458923972 0.634195000939703 2.10780933757971 15.25
2724 13621.6341206788 13621.6341206788 0.634195000939703 2.10780933757971 15.25
2725 13623.2224745106 13623.2224745106 0.634195000939703 2.10780933757971 15.25
2726 13624.8109540258 13624.8109540258 0.634195000939703 2.10780933757971 15.25
2727 13626.3995590223 13626.3995590223 0.634195000939703 2.10780933757971 15.25
2728 13627.9882895914 13627.9882895914 0.634195000939703 2.10780933757971 15.25
2729 13629.5771455811 13629.5771455811 0.634195000939703 2.10780933757971 15.25
2730 13631.1661270265 13631.1661270265 0.634195000939703 2.10780933757971 15.25
2731 13632.7552338339 13632.7552338339 0.634195000939703 2.10780933757971 15.25
2732 13634.344465982 13634.344465982 0.634195000939703 2.10780933757971 15.25
2733 13635.9338234321 13635.9338234321 0.634195000939703 2.10780933757971 15.25
2734 13637.5233061082 13637.5233061082 0.634195000939703 2.10780933757971 15.25
2735 13639.112914025 13639.112914025 0.634195000939703 2.10780933757971 15.25
2736 13640.7026470536 13640.7026470536 0.634195000939703 2.10780933757971 15.25
2737 13642.2925052625 13642.2925052625 0.634195000939703 2.10780933757971 15.25
2738 13643.8824884687 13643.8824884687 0.634195000939703 2.10780933757971 15.25
2739 13645.4725967884 13645.4725967884 0.634195000939703 2.10780933757971 15.25
2740 13647.0628300034 13647.0628300034 0.634195000939703 2.10780933757971 15.25
2741 13648.6531882386 13648.6531882386 0.634195000939703 2.10780933757971 15.25
2742 13650.2436713082 13650.2436713082 0.634195000939703 2.10780933757971 15.25
2743 13651.8342792837 13651.8342792837 0.634195000939703 2.10780933757971 15.25
2744 13653.4250120339 13653.4250120339 0.634195000939703 2.10780933757971 15.25
2745 13655.0158695734 13655.0158695734 0.634195000939703 2.10780933757971 15.25
2746 13656.6068518294 13656.6068518294 0.634195000939703 2.10780933757971 15.25
2747 13658.1979587604 13658.1979587604 0.634195000939703 2.10780933757971 15.25
2748 13659.7891903479 13659.7891903479 0.634195000939703 2.10780933757971 15.25
2749 13661.3805464962 13661.3805464962 0.634195000939703 2.10780933757971 15.25
2750 13662.972027241 13662.972027241 0.634195000939703 2.10780933757971 15.25
2751 13664.5636324325 13664.5636324325 0.634195000939703 2.10780933757971 15.25
2752 13666.1553621605 13666.1553621605 0.634195000939703 2.10780933757971 15.25
2753 13667.7472162212 13667.7472162212 0.634195000939703 2.10780933757971 15.25
2754 13669.3391947414 13669.3391947414 0.634195000939703 2.10780933757971 15.25
2755 13670.9312975144 13670.9312975144 0.634195000939703 2.10780933757971 15.25
2756 13672.5235246434 13672.5235246434 0.634195000939703 2.10780933757971 15.25
2757 13674.1158759646 13674.1158759646 0.634195000939703 2.10780933757971 15.25
2758 13675.7083515283 13675.7083515283 0.634195000939703 2.10780933757971 15.25
2759 13677.3009512246 13677.3009512246 0.634195000939703 2.10780933757971 15.25
2760 13678.8936750496 13678.8936750496 0.634195000939703 2.10780933757971 15.25
2761 13680.4865229474 13680.4865229474 0.634195000939703 2.10780933757971 15.25
2762 13682.079494858 13682.079494858 0.634195000939703 2.10780933757971 15.25
2763 13683.6725907838 13683.6725907838 0.634195000939703 2.10780933757971 15.25
2764 13685.2658106093 13685.2658106093 0.634195000939703 2.10780933757971 15.25
2765 13686.8591543903 13686.8591543903 0.634195000939703 2.10780933757971 15.25
2766 13688.452621957 13688.452621957 0.634195000939703 2.10780933757971 15.25
2767 13690.04621342 13690.04621342 0.634195000939703 2.10780933757971 15.25
2768 13691.639928555 13691.639928555 0.634195000939703 2.10780933757971 15.25
2769 13693.2337675 13693.2337675 0.634195000939703 2.10780933757971 15.25
2770 13694.8277300577 13694.8277300577 0.634195000939703 2.10780933757971 15.25
2771 13696.4218163119 13696.4218163119 0.634195000939703 2.10780933757971 15.25
2772 13698.0160261197 13698.0160261197 0.634195000939703 2.10780933757971 15.25
2773 13699.6103595101 13699.6103595101 0.634195000939703 2.10780933757971 15.25
2774 13701.204816395 13701.204816395 0.634195000939703 2.10780933757971 15.25
2775 13702.7993967496 13702.7993967496 0.634195000939703 2.10780933757971 15.25
2776 13704.3941005393 13704.3941005393 0.634195000939703 2.10780933757971 15.25
2777 13705.9889276835 13705.9889276835 0.634195000939703 2.10780933757971 15.25
2778 13707.5838782057 13707.5838782057 0.634195000939703 2.10780933757971 15.25
2779 13709.1789519692 13709.1789519692 0.634195000939703 2.10780933757971 15.25
2780 13710.7741490518 13710.7741490518 0.634195000939703 2.10780933757971 15.25
2781 13712.3694692628 13712.3694692628 0.634195000939703 2.10780933757971 15.25
2782 13713.9649127229 13713.9649127229 0.634195000939703 2.10780933757971 15.25
2783 13715.5604792193 13715.5604792193 0.634195000939703 2.10780933757971 15.25
2784 13717.1561688689 13717.1561688689 0.634195000939703 2.10780933757971 15.25
2785 13718.7519814954 13718.7519814954 0.634195000939703 2.10780933757971 15.25
2786 13720.3479171629 13720.3479171629 0.634195000939703 2.10780933757971 15.25
2787 13721.9439757484 13721.9439757484 0.634195000939703 2.10780933757971 15.25
2788 13723.540157255 13723.540157255 0.634195000939703 2.10780933757971 15.25
2789 13725.1364615988 13725.1364615988 0.634195000939703 2.10780933757971 15.25
2790 13726.7328887572 13726.7328887572 0.634195000939703 2.10780933757971 15.25
2791 13728.3294387169 13728.3294387169 0.634195000939703 2.10780933757971 15.25
2792 13729.926111378 13729.926111378 0.634195000939703 2.10780933757971 15.25
2793 13731.5229067818 13731.5229067818 0.634195000939703 2.10780933757971 15.25
2794 13733.1198247728 13733.1198247728 0.634195000939703 2.10780933757971 15.25
2795 13734.7168654498 13734.7168654498 0.634195000939703 2.10780933757971 15.25
2796 13736.3140286012 13736.3140286012 0.634195000939703 2.10780933757971 15.25
2797 13737.9113143595 13737.9113143595 0.634195000939703 2.10780933757971 15.25
2798 13739.5087225214 13739.5087225214 0.634195000939703 2.10780933757971 15.25
2799 13741.1062531838 13741.1062531838 0.634195000939703 2.10780933757971 15.25
2800 13742.7039061914 13742.7039061914 0.634195000939703 2.10780933757971 15.25
2801 13744.3016815874 13744.3016815874 0.634195000939703 2.10780933757971 15.25
2802 13745.8995792698 13745.8995792698 0.634195000939703 2.10780933757971 15.25
2803 13747.4975992281 13747.4975992281 0.634195000939703 2.10780933757971 15.25
2804 13749.0957414152 13749.0957414152 0.634195000939703 2.10780933757971 15.25
2805 13750.6940057657 13750.6940057657 0.634195000939703 2.10780933757971 15.25
2806 13752.2923922868 13752.2923922868 0.634195000939703 2.10780933757971 15.25
2807 13753.8909008589 13753.8909008589 0.634195000939703 2.10780933757971 15.25
2808 13755.4895315435 13755.4895315435 0.634195000939703 2.10780933757971 15.25
2809 13757.0882841653 13757.0882841653 0.634195000939703 2.10780933757971 15.25
2810 13758.6871588394 13758.6871588394 0.634195000939703 2.10780933757971 15.25
2811 13760.2861553464 13760.2861553464 0.634195000939703 2.10780933757971 15.25
2812 13761.8852738168 13761.8852738168 0.634195000939703 2.10780933757971 15.25
2813 13763.4845140622 13763.4845140622 0.634195000939703 2.10780933757971 15.25
2814 13765.083876159 13765.083876159 0.634195000939703 2.10780933757971 15.25
2815 13766.683359973 13766.683359973 0.634195000939703 2.10780933757971 15.25
2816 13768.2829655264 13768.2829655264 0.634195000939703 2.10780933757971 15.25
2817 13769.8826927392 13769.8826927392 0.634195000939703 2.10780933757971 15.25
2818 13771.4825415791 13771.4825415791 0.634195000939703 2.10780933757971 15.25
2819 13773.0825120215 13773.0825120215 0.634195000939703 2.10780933757971 15.25
2820 13774.6826039791 13774.6826039791 0.634195000939703 2.10780933757971 15.25
2821 13776.2828174809 13776.2828174809 0.634195000939703 2.10780933757971 15.25
2822 13777.8831523864 13777.8831523864 0.634195000939703 2.10780933757971 15.25
2823 13779.4836087786 13779.4836087786 0.634195000939703 2.10780933757971 15.25
2824 13781.0841864629 13781.0841864629 0.634195000939703 2.10780933757971 15.25
2825 13782.6848855617 13782.6848855617 0.634195000939703 2.10780933757971 15.25
2826 13784.285705868 13784.285705868 0.634195000939703 2.10780933757971 15.25
2827 13785.8866474918 13785.8866474918 0.634195000939703 2.10780933757971 15.25
2828 13787.4877102654 13787.4877102654 0.634195000939703 2.10780933757971 15.25
2829 13789.0888942456 13789.0888942456 0.634195000939703 2.10780933757971 15.25
2830 13790.6901993183 13790.6901993183 0.634195000939703 2.10780933757971 15.25
2831 13792.2916254854 13792.2916254854 0.634195000939703 2.10780933757971 15.25
2832 13793.8931726882 13793.8931726882 0.634195000939703 2.10780933757971 15.25
2833 13795.4948408739 13795.4948408739 0.634195000939703 2.10780933757971 15.25
2834 13797.096630038 13797.096630038 0.634195000939703 2.10780933757971 15.25
2835 13798.6985400737 13798.6985400737 0.634195000939703 2.10780933757971 15.25
2836 13800.3005710307 13800.3005710307 0.634195000939703 2.10780933757971 15.25
2837 13801.902722748 13801.902722748 0.634195000939703 2.10780933757971 15.25
2838 13803.5049953294 13803.5049953294 0.634195000939703 2.10780933757971 15.25
2839 13805.1073885603 13805.1073885603 0.634195000939703 2.10780933757971 15.25
2840 13806.7099025753 13806.7099025753 0.634195000939703 2.10780933757971 15.25
2841 13808.312537174 13808.312537174 0.634195000939703 2.10780933757971 15.25
2842 13809.915292448 13809.915292448 0.634195000939703 2.10780933757971 15.25
2843 13811.518168251 13811.518168251 0.634195000939703 2.10780933757971 15.25
2844 13813.1211646181 13813.1211646181 0.634195000939703 2.10780933757971 15.25
2845 13814.7242814574 13814.7242814574 0.634195000939703 2.10780933757971 15.25
2846 13816.3275187499 13816.3275187499 0.634195000939703 2.10780933757971 15.25
2847 13817.9308764578 13817.9308764578 0.634195000939703 2.10780933757971 15.25
2848 13819.5343545077 13819.5343545077 0.634195000939703 2.10780933757971 15.25
2849 13821.1379529168 13821.1379529168 0.634195000939703 2.10780933757971 15.25
2850 13822.741671557 13822.741671557 0.634195000939703 2.10780933757971 15.25
2851 13824.3455104993 13824.3455104993 0.634195000939703 2.10780933757971 15.25
2852 13825.949469562 13825.949469562 0.634195000939703 2.10780933757971 15.25
2853 13827.5535488642 13827.5535488642 0.634195000939703 2.10780933757971 15.25
2854 13829.1577481884 13829.1577481884 0.634195000939703 2.10780933757971 15.25
2855 13830.7620676623 13830.7620676623 0.634195000939703 2.10780933757971 15.25
2856 13832.3665071018 13832.3665071018 0.634195000939703 2.10780933757971 15.25
2857 13833.9710665781 13833.9710665781 0.634195000939703 2.10780933757971 15.25
2858 13835.5757459656 13835.5757459656 0.634195000939703 2.10780933757971 15.25
2859 13837.1805452798 13837.1805452798 0.634195000939703 2.10780933757971 15.25
2860 13838.7854644489 13838.7854644489 0.634195000939703 2.10780933757971 15.25
2861 13840.3905034335 13840.3905034335 0.634195000939703 2.10780933757971 15.25
2862 13841.995662217 13841.995662217 0.634195000939703 2.10780933757971 15.25
2863 13843.6009407056 13843.6009407056 0.634195000939703 2.10780933757971 15.25
2864 13845.2063389371 13845.2063389371 0.634195000939703 2.10780933757971 15.25
2865 13846.8118567631 13846.8118567631 0.634195000939703 2.10780933757971 15.25
2866 13848.4174942758 13848.4174942758 0.634195000939703 2.10780933757971 15.25
2867 13850.0232512727 13850.0232512727 0.634195000939703 2.10780933757971 15.25
2868 13851.629127884 13851.629127884 0.634195000939703 2.10780933757971 15.25
2869 13853.2351239019 13853.2351239019 0.634195000939703 2.10780933757971 15.25
2870 13854.8412394344 13854.8412394344 0.634195000939703 2.10780933757971 15.25
2871 13856.4474743182 13856.4474743182 0.634195000939703 2.10780933757971 15.25
2872 13858.0538286059 13858.0538286059 0.634195000939703 2.10780933757971 15.25
2873 13859.6603021892 13859.6603021892 0.634195000939703 2.10780933757971 15.25
2874 13861.2668950642 13861.2668950642 0.634195000939703 2.10780933757971 15.25
2875 13862.8736071811 13862.8736071811 0.634195000939703 2.10780933757971 15.25
2876 13864.4804384795 13864.4804384795 0.634195000939703 2.10780933757971 15.25
2877 13866.0873889641 13866.0873889641 0.634195000939703 2.10780933757971 15.25
2878 13867.6944585204 13867.6944585204 0.634195000939703 2.10780933757971 15.25
2879 13869.3016472068 13869.3016472068 0.634195000939703 2.10780933757971 15.25
2880 13870.9089548549 13870.9089548549 0.634195000939703 2.10780933757971 15.25
2881 13872.516381578 13872.516381578 0.634195000939703 2.10780933757971 15.25
2882 13874.1239271527 13874.1239271527 0.634195000939703 2.10780933757971 15.25
2883 13875.7315917196 13875.7315917196 0.634195000939703 2.10780933757971 15.25
2884 13877.3393750827 13877.3393750827 0.634195000939703 2.10780933757971 15.25
2885 13878.9472773282 13878.9472773282 0.634195000939703 2.10780933757971 15.25
2886 13880.5552983144 13880.5552983144 0.634195000939703 2.10780933757971 15.25
2887 13882.1634380733 13882.1634380733 0.634195000939703 2.10780933757971 15.25
2888 13883.7716965178 13883.7716965178 0.634195000939703 2.10780933757971 15.25
2889 13885.3800736248 13885.3800736248 0.634195000939703 2.10780933757971 15.25
2890 13886.9885693621 13886.9885693621 0.634195000939703 2.10780933757971 15.25
2891 13888.5971836506 13888.5971836506 0.634195000939703 2.10780933757971 15.25
2892 13890.2059165161 13890.2059165161 0.634195000939703 2.10780933757971 15.25
2893 13891.8147678232 13891.8147678232 0.634195000939703 2.10780933757971 15.25
2894 13893.4237376522 13893.4237376522 0.634195000939703 2.10780933757971 15.25
2895 13895.0328258133 13895.0328258133 0.634195000939703 2.10780933757971 15.25
2896 13896.6420324307 13896.6420324307 0.634195000939703 2.10780933757971 15.25
2897 13898.2513572917 13898.2513572917 0.634195000939703 2.10780933757971 15.25
2898 13899.8608005166 13899.8608005166 0.634195000939703 2.10780933757971 15.25
2899 13901.4703619296 13901.4703619296 0.634195000939703 2.10780933757971 15.25
2900 13903.0800415971 13903.0800415971 0.634195000939703 2.10780933757971 15.25
2901 13904.6898393982 13904.6898393982 0.634195000939703 2.10780933757971 15.25
2902 13906.2997553444 13906.2997553444 0.634195000939703 2.10780933757971 15.25
2903 13907.9097893694 13907.9097893694 0.634195000939703 2.10780933757971 15.25
2904 13909.5199414301 13909.5199414301 0.634195000939703 2.10780933757971 15.25
2905 13911.1302115149 13911.1302115149 0.634195000939703 2.10780933757971 15.25
2906 13912.7405995262 13912.7405995262 0.634195000939703 2.10780933757971 15.25
2907 13914.3511055069 13914.3511055069 0.634195000939703 2.10780933757971 15.25
2908 13915.9617293032 13915.9617293032 0.634195000939703 2.10780933757971 15.25
2909 13917.5724710157 13917.5724710157 0.634195000939703 2.10780933757971 15.25
2910 13919.1833304348 13919.1833304348 0.634195000939703 2.10780933757971 15.25
2911 13920.7943076952 13920.7943076952 0.634195000939703 2.10780933757971 15.25
2912 13922.4054025948 13922.4054025948 0.634195000939703 2.10780933757971 15.25
2913 13924.0166152329 13924.0166152329 0.634195000939703 2.10780933757971 15.25
2914 13925.6279454558 13925.6279454558 0.634195000939703 2.10780933757971 15.25
2915 13927.239393308 13927.239393308 0.634195000939703 2.10780933757971 15.25
2916 13928.8509586911 13928.8509586911 0.634195000939703 2.10780933757971 15.25
2917 13930.4626415948 13930.4626415948 0.634195000939703 2.10780933757971 15.25
2918 13932.0744419744 13932.0744419744 0.634195000939703 2.10780933757971 15.25
2919 13933.6863597661 13933.6863597661 0.634195000939703 2.10780933757971 15.25
2920 13935.2983949794 13935.2983949794 0.634195000939703 2.10780933757971 15.25
2921 13936.9105474961 13936.9105474961 0.634195000939703 2.10780933757971 15.25
2922 13938.5228173802 13938.5228173802 0.634195000939703 2.10780933757971 15.25
2923 13940.135204459 13940.135204459 0.634195000939703 2.10780933757971 15.25
2924 13941.7477088469 13941.7477088469 0.634195000939703 2.10780933757971 15.25
2925 13943.3603303269 13943.3603303269 0.634195000939703 2.10780933757971 15.25
2926 13944.9730690331 13944.9730690331 0.634195000939703 2.10780933757971 15.25
2927 13946.5859247774 13946.5859247774 0.634195000939703 2.10780933757971 15.25
2928 13948.1988976388 13948.1988976388 0.634195000939703 2.10780933757971 15.25
2929 13949.8119874846 13949.8119874846 0.634195000939703 2.10780933757971 15.25
2930 13951.4251943392 13951.4251943392 0.634195000939703 2.10780933757971 15.25
2931 13953.0385181241 13953.0385181241 0.634195000939703 2.10780933757971 15.25
2932 13954.6519588094 13954.6519588094 0.634195000939703 2.10780933757971 15.25
2933 13956.2655163713 13956.2655163713 0.634195000939703 2.10780933757971 15.25
2934 13957.8791907251 13957.8791907251 0.634195000939703 2.10780933757971 15.25
2935 13959.4929819015 13959.4929819015 0.634195000939703 2.10780933757971 15.25
2936 13961.1068897622 13961.1068897622 0.634195000939703 2.10780933757971 15.25
2937 13962.7209143917 13962.7209143917 0.634195000939703 2.10780933757971 15.25
2938 13964.3350555967 13964.3350555967 0.634195000939703 2.10780933757971 15.25
2939 13965.9493135046 13965.9493135046 0.634195000939703 2.10780933757971 15.25
2940 13967.563687905 13967.563687905 0.634195000939703 2.10780933757971 15.25
2941 13969.1781789127 13969.1781789127 0.634195000939703 2.10780933757971 15.25
2942 13970.7927863616 13970.7927863616 0.634195000939703 2.10780933757971 15.25
2943 13972.4075103097 13972.4075103097 0.634195000939703 2.10780933757971 15.25
2944 13974.0223506453 13974.0223506453 0.634195000939703 2.10780933757971 15.25
2945 13975.637307372 13975.637307372 0.634195000939703 2.10780933757971 15.25
2946 13977.2523804334 13977.2523804334 0.634195000939703 2.10780933757971 15.25
2947 13978.8675697779 13978.8675697779 0.634195000939703 2.10780933757971 15.25
2948 13980.4828754032 13980.4828754032 0.634195000939703 2.10780933757971 15.25
2949 13982.098297204 13982.098297204 0.634195000939703 2.10780933757971 15.25
2950 13983.7138352323 13983.7138352323 0.634195000939703 2.10780933757971 15.25
2951 13985.3294893282 13985.3294893282 0.634195000939703 2.10780933757971 15.25
2952 13986.9452595985 13986.9452595985 0.634195000939703 2.10780933757971 15.25
2953 13988.5611458111 13988.5611458111 0.634195000939703 2.10780933757971 15.25
2954 13990.1771481114 13990.1771481114 0.634195000939703 2.10780933757971 15.25
2955 13991.7932663102 13991.7932663102 0.634195000939703 2.10780933757971 15.25
2956 13993.4095005035 13993.4095005035 0.634195000939703 2.10780933757971 15.25
2957 13995.0258505422 13995.0258505422 0.634195000939703 2.10780933757971 15.25
2958 13996.6423164658 13996.6423164658 0.634195000939703 2.10780933757971 15.25
2959 13998.2588981838 13998.2588981838 0.634195000939703 2.10780933757971 15.25
2960 13999.8755956792 13999.8755956792 0.634195000939703 2.10780933757971 15.25
2961 14001.492408916 14001.492408916 0.634195000939703 2.10780933757971 15.25
2962 14003.1093378228 14003.1093378228 0.634195000939703 2.10780933757971 15.25
2963 14004.7263824178 14004.7263824178 0.634195000939703 2.10780933757971 15.25
2964 14006.3435425759 14006.3435425759 0.634195000939703 2.10780933757971 15.25
2965 14007.9608183696 14007.9608183696 0.634195000939703 2.10780933757971 15.25
2966 14009.5782096183 14009.5782096183 0.634195000939703 2.10780933757971 15.25
2967 14011.1957164438 14011.1957164438 0.634195000939703 2.10780933757971 15.25
2968 14012.8133386298 14012.8133386298 0.634195000939703 2.10780933757971 15.25
2969 14014.4310763065 14014.4310763065 0.634195000939703 2.10780933757971 15.25
2970 14016.0489292904 14016.0489292904 0.634195000939703 2.10780933757971 15.25
2971 14017.6668976579 14017.6668976579 0.634195000939703 2.10780933757971 15.25
2972 14019.2849812806 14019.2849812806 0.634195000939703 2.10780933757971 15.25
2973 14020.9031801794 14020.9031801794 0.634195000939703 2.10780933757971 15.25
2974 14022.5214942809 14022.5214942809 0.634195000939703 2.10780933757971 15.25
2975 14024.1399235494 14024.1399235494 0.634195000939703 2.10780933757971 15.25
2976 14025.7584679701 14025.7584679701 0.634195000939703 2.10780933757971 15.25
2977 14027.3771274508 14027.3771274508 0.634195000939703 2.10780933757971 15.25
2978 14028.9959020314 14028.9959020314 0.634195000939703 2.10780933757971 15.25
2979 14030.6147915651 14030.6147915651 0.634195000939703 2.10780933757971 15.25
2980 14032.233796146 14032.233796146 0.634195000939703 2.10780933757971 15.25
2981 14033.8529155736 14033.8529155736 0.634195000939703 2.10780933757971 15.25
2982 14035.4721499794 14035.4721499794 0.634195000939703 2.10780933757971 15.25
2983 14037.091499158 14037.091499158 0.634195000939703 2.10780933757971 15.25
2984 14038.7109632189 14038.7109632189 0.634195000939703 2.10780933757971 15.25
2985 14040.3305420004 14040.3305420004 0.634195000939703 2.10780933757971 15.25
2986 14041.9502355577 14041.9502355577 0.634195000939703 2.10780933757971 15.25
2987 14043.570043783 14043.570043783 0.634195000939703 2.10780933757971 15.25
2988 14045.1899666774 14045.1899666774 0.634195000939703 2.10780933757971 15.25
2989 14046.8100041883 14046.8100041883 0.634195000939703 2.10780933757971 15.25
2990 14048.4301562614 14048.4301562614 0.634195000939703 2.10780933757971 15.25
2991 14050.050422899 14050.050422899 0.634195000939703 2.10780933757971 15.25
2992 14051.6708039921 14051.6708039921 0.634195000939703 2.10780933757971 15.25
2993 14053.291299598 14053.291299598 0.634195000939703 2.10780933757971 15.25
2994 14054.9119095508 14054.9119095508 0.634195000939703 2.10780933757971 15.25
2995 14056.5326339664 14056.5326339664 0.634195000939703 2.10780933757971 15.25
2996 14058.1534726227 14058.1534726227 0.634195000939703 2.10780933757971 15.25
2997 14059.7744256624 14059.7744256624 0.634195000939703 2.10780933757971 15.25
2998 14061.3954928914 14061.3954928914 0.634195000939703 2.10780933757971 15.25
2999 14063.0166743976 14063.0166743976 0.634195000939703 2.10780933757971 15.25
3000 14064.6379700409 14064.6379700409 0.634195000939703 2.10780933757971 15.25
3001 14066.2593798553 14066.2593798553 0.634195000939703 2.10780933757971 15.25
3002 14067.8809037552 14067.8809037552 0.634195000939703 2.10780933757971 15.25
3003 14069.5025417202 14069.5025417202 0.634195000939703 2.10780933757971 15.25
3004 14071.1242937186 14071.1242937186 0.634195000939703 2.10780933757971 15.25
3005 14072.7461596759 14072.7461596759 0.634195000939703 2.10780933757971 15.25
3006 14074.3681396157 14074.3681396157 0.634195000939703 2.10780933757971 15.25
3007 14075.990233408 14075.990233408 0.634195000939703 2.10780933757971 15.25
3008 14077.6124411313 14077.6124411313 0.634195000939703 2.10780933757971 15.25
3009 14079.2347626011 14079.2347626011 0.634195000939703 2.10780933757971 15.25
3010 14080.85719794 14080.85719794 0.634195000939703 2.10780933757971 15.25
3011 14082.4797469383 14082.4797469383 0.634195000939703 2.10780933757971 15.25
3012 14084.1024097187 14084.1024097187 0.634195000939703 2.10780933757971 15.25
3013 14085.7251861072 14085.7251861072 0.634195000939703 2.10780933757971 15.25
3014 14087.3480761716 14087.3480761716 0.634195000939703 2.10780933757971 15.25
3015 14088.9710797934 14088.9710797934 0.634195000939703 2.10780933757971 15.25
3016 14090.5941969853 14090.5941969853 0.634195000939703 2.10780933757971 15.25
3017 14092.217427683 14092.217427683 0.634195000939703 2.10780933757971 15.25
3018 14093.8407718451 14093.8407718451 0.634195000939703 2.10780933757971 15.25
3019 14095.4642294619 14095.4642294619 0.634195000939703 2.10780933757971 15.25
3020 14097.0878004378 14097.0878004378 0.634195000939703 2.10780933757971 15.25
3021 14098.7114848168 14098.7114848168 0.634195000939703 2.10780933757971 15.25
3022 14100.3352824491 14100.3352824491 0.634195000939703 2.10780933757971 15.25
3023 14101.9591934342 14101.9591934342 0.634195000939703 2.10780933757971 15.25
3024 14103.5832175667 14103.5832175667 0.634195000939703 2.10780933757971 15.25
3025 14105.2073549821 14105.2073549821 0.634195000939703 2.10780933757971 15.25
3026 14106.8316054772 14106.8316054772 0.634195000939703 2.10780933757971 15.25
3027 14108.4559691561 14108.4559691561 0.634195000939703 2.10780933757971 15.25
3028 14110.080445866 14110.080445866 0.634195000939703 2.10780933757971 15.25
3029 14111.7050356541 14111.7050356541 0.634195000939703 2.10780933757971 15.25
3030 14113.3297384225 14113.3297384225 0.634195000939703 2.10780933757971 15.25
3031 14114.9545541638 14114.9545541638 0.634195000939703 2.10780933757971 15.25
3032 14116.5794828347 14116.5794828347 0.634195000939703 2.10780933757971 15.25
3033 14118.204524373 14118.204524373 0.634195000939703 2.10780933757971 15.25
3034 14119.8296787904 14119.8296787904 0.634195000939703 2.10780933757971 15.25
3035 14121.4549459699 14121.4549459699 0.634195000939703 2.10780933757971 15.25
3036 14123.0803259779 14123.0803259779 0.634195000939703 2.10780933757971 15.25
3037 14124.7058186431 14124.7058186431 0.634195000939703 2.10780933757971 15.25
3038 14126.3314240837 14126.3314240837 0.634195000939703 2.10780933757971 15.25
3039 14127.9571420805 14127.9571420805 0.634195000939703 2.10780933757971 15.25
3040 14129.5829727733 14129.5829727733 0.634195000939703 2.10780933757971 15.25
3041 14131.2089159716 14131.2089159716 0.634195000939703 2.10780933757971 15.25
3042 14132.8349717609 14132.8349717609 0.634195000939703 2.10780933757971 15.25
3043 14134.4611400055 14134.4611400055 0.634195000939703 2.10780933757971 15.25
3044 14136.0874207359 14136.0874207359 0.634195000939703 2.10780933757971 15.25
3045 14137.7138138713 14137.7138138713 0.634195000939703 2.10780933757971 15.25
3046 14139.3403193855 14139.3403193855 0.634195000939703 2.10780933757971 15.25
3047 14140.9669372566 14140.9669372566 0.634195000939703 2.10780933757971 15.25
3048 14142.5936674015 14142.5936674015 0.634195000939703 2.10780933757971 15.25
3049 14144.2205098533 14144.2205098533 0.634195000939703 2.10780933757971 15.25
3050 14145.8474644741 14145.8474644741 0.634195000939703 2.10780933757971 15.25
3051 14147.4745313515 14147.4745313515 0.634195000939703 2.10780933757971 15.25
3052 14149.1017102932 14149.1017102932 0.634195000939703 2.10780933757971 15.25
3053 14150.7290014289 14150.7290014289 0.634195000939703 2.10780933757971 15.25
3054 14152.3564045497 14152.3564045497 0.634195000939703 2.10780933757971 15.25
3055 14153.983919774 14153.983919774 0.634195000939703 2.10780933757971 15.25
3056 14155.6115469334 14155.6115469334 0.634195000939703 2.10780933757971 15.25
3057 14157.2392860922 14157.2392860922 0.634195000939703 2.10780933757971 15.25
3058 14158.8671371361 14158.8671371361 0.634195000939703 2.10780933757971 15.25
3059 14160.4951000747 14160.4951000747 0.634195000939703 2.10780933757971 15.25
3060 14162.1231748486 14162.1231748486 0.634195000939703 2.10780933757971 15.25
3061 14163.7513614127 14163.7513614127 0.634195000939703 2.10780933757971 15.25
3062 14165.3796597623 14165.3796597623 0.634195000939703 2.10780933757971 15.25
3063 14167.0080697957 14167.0080697957 0.634195000939703 2.10780933757971 15.25
3064 14168.6365915669 14168.6365915669 0.634195000939703 2.10780933757971 15.25
3065 14170.2652249175 14170.2652249175 0.634195000939703 2.10780933757971 15.25
3066 14171.8939699563 14171.8939699563 0.634195000939703 2.10780933757971 15.25
3067 14173.5228264701 14173.5228264701 0.634195000939703 2.10780933757971 15.25
3068 14175.1517945994 14175.1517945994 0.634195000939703 2.10780933757971 15.25
3069 14176.7808741458 14176.7808741458 0.634195000939703 2.10780933757971 15.25
3070 14178.4100652077 14178.4100652077 0.634195000939703 2.10780933757971 15.25
3071 14180.0393676368 14180.0393676368 0.634195000939703 2.10780933757971 15.25
3072 14181.6687814778 14181.6687814778 0.634195000939703 2.10780933757971 15.25
3073 14183.2983066367 14183.2983066367 0.634195000939703 2.10780933757971 15.25
3074 14184.9279431028 14184.9279431028 0.634195000939703 2.10780933757971 15.25
3075 14186.5576908376 14186.5576908376 0.634195000939703 2.10780933757971 15.25
3076 14188.1875497756 14188.1875497756 0.634195000939703 2.10780933757971 15.25
3077 14189.817519933 14189.817519933 0.634195000939703 2.10780933757971 15.25
3078 14191.4476011896 14191.4476011896 0.634195000939703 2.10780933757971 15.25
3079 14193.0777936164 14193.0777936164 0.634195000939703 2.10780933757971 15.25
3080 14194.7080970383 14194.7080970383 0.634195000939703 2.10780933757971 15.25
3081 14196.3385115751 14196.3385115751 0.634195000939703 2.10780933757971 15.25
3082 14197.9690370136 14197.9690370136 0.634195000939703 2.10780933757971 15.25
3083 14199.5996734862 14199.5996734862 0.634195000939703 2.10780933757971 15.25
3084 14201.2304208115 14201.2304208115 0.634195000939703 2.10780933757971 15.25
3085 14202.8612790671 14202.8612790671 0.634195000939703 2.10780933757971 15.25
3086 14204.4922481263 14204.4922481263 0.634195000939703 2.10780933757971 15.25
3087 14206.1233280121 14206.1233280121 0.634195000939703 2.10780933757971 15.25
3088 14207.7545186524 14207.7545186524 0.634195000939703 2.10780933757971 15.25
3089 14209.385820016 14209.385820016 0.634195000939703 2.10780933757971 15.25
3090 14211.0172320852 14211.0172320852 0.634195000939703 2.10780933757971 15.25
3091 14212.6487547736 14212.6487547736 0.634195000939703 2.10780933757971 15.25
3092 14214.280388119 14214.280388119 0.634195000939703 2.10780933757971 15.25
3093 14215.91213198 14215.91213198 0.634195000939703 2.10780933757971 15.25
3094 14217.5439864493 14217.5439864493 0.634195000939703 2.10780933757971 15.25
3095 14219.1759513307 14219.1759513307 0.634195000939703 2.10780933757971 15.25
3096 14220.8080267568 14220.8080267568 0.634195000939703 2.10780933757971 15.25
3097 14222.4402125211 14222.4402125211 0.634195000939703 2.10780933757971 15.25
3098 14224.0725087373 14224.0725087373 0.634195000939703 2.10780933757971 15.25
3099 14225.7049152451 14225.7049152451 0.634195000939703 2.10780933757971 15.25
3100 14227.3374321015 14227.3374321015 0.634195000939703 2.10780933757971 15.25
3101 14228.9700592009 14228.9700592009 0.634195000939703 2.10780933757971 15.25
3102 14230.6027965455 14230.6027965455 0.634195000939703 2.10780933757971 15.25
3103 14232.2356440847 14232.2356440847 0.634195000939703 2.10780933757971 15.25
3104 14233.8686017659 14233.8686017659 0.634195000939703 2.10780933757971 15.25
3105 14235.5016695929 14235.5016695929 0.634195000939703 2.10780933757971 15.25
3106 14237.1348474592 14237.1348474592 0.634195000939703 2.10780933757971 15.25
3107 14238.7681354231 14238.7681354231 0.634195000939703 2.10780933757971 15.25
3108 14240.4015333225 14240.4015333225 0.634195000939703 2.10780933757971 15.25
3109 14242.0350412714 14242.0350412714 0.634195000939703 2.10780933757971 15.25
3110 14243.6686590528 14243.6686590528 0.634195000939703 2.10780933757971 15.25
3111 14245.3023868104 14245.3023868104 0.634195000939703 2.10780933757971 15.25
3112 14246.9362243475 14246.9362243475 0.634195000939703 2.10780933757971 15.25
3113 14248.57017176 14248.57017176 0.634195000939703 2.10780933757971 15.25
3114 14250.2042289044 14250.2042289044 0.634195000939703 2.10780933757971 15.25
3115 14251.8383958209 14251.8383958209 0.634195000939703 2.10780933757971 15.25
3116 14253.4726724211 14253.4726724211 0.634195000939703 2.10780933757971 15.25
3117 14255.1070586872 14255.1070586872 0.634195000939703 2.10780933757971 15.25
3118 14256.7415545656 14256.7415545656 0.634195000939703 2.10780933757971 15.25
3119 14258.3761600082 14258.3761600082 0.634195000939703 2.10780933757971 15.25
3120 14260.0108750408 14260.0108750408 0.634195000939703 2.10780933757971 15.25
3121 14261.645699535 14261.645699535 0.634195000939703 2.10780933757971 15.25
3122 14263.2806335711 14263.2806335711 0.634195000939703 2.10780933757971 15.25
3123 14264.915676966 14264.915676966 0.634195000939703 2.10780933757971 15.25
3124 14266.5508298467 14266.5508298467 0.634195000939703 2.10780933757971 15.25
3125 14268.1860920004 14268.1860920004 0.634195000939703 2.10780933757971 15.25
3126 14269.8214635562 14269.8214635562 0.634195000939703 2.10780933757971 15.25
3127 14271.4569443372 14271.4569443372 0.634195000939703 2.10780933757971 15.25
3128 14273.0925344177 14273.0925344177 0.634195000939703 2.10780933757971 15.25
3129 14274.7282336758 14274.7282336758 0.634195000939703 2.10780933757971 15.25
3130 14276.3640421309 14276.3640421309 0.634195000939703 2.10780933757971 15.25
3131 14277.9999597159 14277.9999597159 0.634195000939703 2.10780933757971 15.25
3132 14279.6359863955 14279.6359863955 0.634195000939703 2.10780933757971 15.25
3133 14281.2721221574 14281.2721221574 0.634195000939703 2.10780933757971 15.25
3134 14282.9083669114 14282.9083669114 0.634195000939703 2.10780933757971 15.25
3135 14284.5447207003 14284.5447207003 0.634195000939703 2.10780933757971 15.25
3136 14286.1811833771 14286.1811833771 0.634195000939703 2.10780933757971 15.25
3137 14287.8177550428 14287.8177550428 0.634195000939703 2.10780933757971 15.25
3138 14289.4544354942 14289.4544354942 0.634195000939703 2.10780933757971 15.25
3139 14291.0912248685 14291.0912248685 0.634195000939703 2.10780933757971 15.25
3140 14292.7281229643 14292.7281229643 0.634195000939703 2.10780933757971 15.25
3141 14294.3651298893 14294.3651298893 0.634195000939703 2.10780933757971 15.25
3142 14296.0022454881 14296.0022454881 0.634195000939703 2.10780933757971 15.25
3143 14297.6394698141 14297.6394698141 0.634195000939703 2.10780933757971 15.25
3144 14299.2768027667 14299.2768027667 0.634195000939703 2.10780933757971 15.25
3145 14300.9142443444 14300.9142443444 0.634195000939703 2.10780933757971 15.25
3146 14302.5517945015 14302.5517945015 0.634195000939703 2.10780933757971 15.25
3147 14304.1894531816 14304.1894531816 0.634195000939703 2.10780933757971 15.25
3148 14305.827220394 14305.827220394 0.634195000939703 2.10780933757971 15.25
3149 14307.4650960275 14307.4650960275 0.634195000939703 2.10780933757971 15.25
3150 14309.1030801463 14309.1030801463 0.634195000939703 2.10780933757971 15.25
3151 14310.7411725842 14310.7411725842 0.634195000939703 2.10780933757971 15.25
3152 14312.3793734603 14312.3793734603 0.634195000939703 2.10780933757971 15.25
3153 14314.0176825537 14314.0176825537 0.634195000939703 2.10780933757971 15.25
3154 14315.6561000088 14315.6561000088 0.634195000939703 2.10780933757971 15.25
3155 14317.2946256364 14317.2946256364 0.634195000939703 2.10780933757971 15.25
3156 14318.9332595243 14318.9332595243 0.634195000939703 2.10780933757971 15.25
3157 14320.5720015372 14320.5720015372 0.634195000939703 2.10780933757971 15.25
3158 14322.2108517086 14322.2108517086 0.634195000939703 2.10780933757971 15.25
3159 14323.8498099592 14323.8498099592 0.634195000939703 2.10780933757971 15.25
3160 14325.4888762657 14325.4888762657 0.634195000939703 2.10780933757971 15.25
3161 14327.1280506046 14327.1280506046 0.634195000939703 2.10780933757971 15.25
3162 14328.7673328982 14328.7673328982 0.634195000939703 2.10780933757971 15.25
3163 14330.4067231778 14330.4067231778 0.634195000939703 2.10780933757971 15.25
3164 14332.0462213105 14332.0462213105 0.634195000939703 2.10780933757971 15.25
3165 14333.6858273821 14333.6858273821 0.634195000939703 2.10780933757971 15.25
3166 14335.3255412054 14335.3255412054 0.634195000939703 2.10780933757971 15.25
3167 14336.9653629106 14336.9653629106 0.634195000939703 2.10780933757971 15.25
3168 14338.6052922872 14338.6052922872 0.634195000939703 2.10780933757971 15.25
3169 14340.2453294612 14340.2453294612 0.634195000939703 2.10780933757971 15.25
3170 14341.8854742601 14341.8854742601 0.634195000939703 2.10780933757971 15.25
3171 14343.525726755 14343.525726755 0.634195000939703 2.10780933757971 15.25
3172 14345.1660868285 14345.1660868285 0.634195000939703 2.10780933757971 15.25
3173 14346.8065544945 14346.8065544945 0.634195000939703 2.10780933757971 15.25
3174 14348.4471296949 14348.4471296949 0.634195000939703 2.10780933757971 15.25
3175 14350.0878123865 14350.0878123865 0.634195000939703 2.10780933757971 15.25
3176 14351.7286025663 14351.7286025663 0.634195000939703 2.10780933757971 15.25
3177 14353.3695001361 14353.3695001361 0.634195000939703 2.10780933757971 15.25
3178 14355.0105051478 14355.0105051478 0.634195000939703 2.10780933757971 15.25
3179 14356.6516174486 14356.6516174486 0.634195000939703 2.10780933757971 15.25
3180 14358.2928371448 14358.2928371448 0.634195000939703 2.10780933757971 15.25
3181 14359.9341640289 14359.9341640289 0.634195000939703 2.10780933757971 15.25
3182 14361.5755982414 14361.5755982414 0.634195000939703 2.10780933757971 15.25
3183 14363.2171395834 14363.2171395834 0.634195000939703 2.10780933757971 15.25
3184 14364.8587881591 14364.8587881591 0.634195000939703 2.10780933757971 15.25
3185 14366.5005438177 14366.5005438177 0.634195000939703 2.10780933757971 15.25
3186 14368.1424066093 14368.1424066093 0.634195000939703 2.10780933757971 15.25
3187 14369.784376438 14369.784376438 0.634195000939703 2.10780933757971 15.25
3188 14371.4264532987 14371.4264532987 0.634195000939703 2.10780933757971 15.25
3189 14373.0686371506 14373.0686371506 0.634195000939703 2.10780933757971 15.25
3190 14374.7109279337 14374.7109279337 0.634195000939703 2.10780933757971 15.25
3191 14376.3533256622 14376.3533256622 0.634195000939703 2.10780933757971 15.25
3192 14377.995830219 14377.995830219 0.634195000939703 2.10780933757971 15.25
3193 14379.6384416775 14379.6384416775 0.634195000939703 2.10780933757971 15.25
3194 14381.2811598636 14381.2811598636 0.634195000939703 2.10780933757971 15.25
3195 14382.9239849015 14382.9239849015 0.634195000939703 2.10780933757971 15.25
3196 14384.5669165747 14384.5669165747 0.634195000939703 2.10780933757971 15.25
3197 14386.2099550223 14386.2099550223 0.634195000939703 2.10780933757971 15.25
3198 14387.8531000597 14387.8531000597 0.634195000939703 2.10780933757971 15.25
3199 14389.4963517708 14389.4963517708 0.634195000939703 2.10780933757971 15.25
3200 14391.1397100262 14391.1397100262 0.634195000939703 2.10780933757971 15.25
3201 14392.7831748548 14392.7831748548 0.634195000939703 2.10780933757971 15.25
3202 14394.4267461824 14394.4267461824 0.634195000939703 2.10780933757971 15.25
3203 14396.0704239823 14396.0704239823 0.634195000939703 2.10780933757971 15.25
3204 14397.7142082357 14397.7142082357 0.634195000939703 2.10780933757971 15.25
3205 14399.3580988611 14399.3580988611 0.634195000939703 2.10780933757971 15.25
3206 14401.002095895 14401.002095895 0.634195000939703 2.10780933757971 15.25
3207 14402.6461992006 14402.6461992006 0.634195000939703 2.10780933757971 15.25
3208 14404.2904088688 14404.2904088688 0.634195000939703 2.10780933757971 15.25
3209 14405.9347247086 14405.9347247086 0.634195000939703 2.10780933757971 15.25
3210 14407.579146851 14407.579146851 0.634195000939703 2.10780933757971 15.25
3211 14409.2236750922 14409.2236750922 0.634195000939703 2.10780933757971 15.25
3212 14410.8683095505 14410.8683095505 0.634195000939703 2.10780933757971 15.25
3213 14412.5130500625 14412.5130500625 0.634195000939703 2.10780933757971 15.25
3214 14414.1578966915 14414.1578966915 0.634195000939703 2.10780933757971 15.25
3215 14415.8028493291 14415.8028493291 0.634195000939703 2.10780933757971 15.25
3216 14417.4479079834 14417.4479079834 0.634195000939703 2.10780933757971 15.25
3217 14419.0930726013 14419.0930726013 0.634195000939703 2.10780933757971 15.25
3218 14420.738343136 14420.738343136 0.634195000939703 2.10780933757971 15.25
3219 14422.3837195892 14422.3837195892 0.634195000939703 2.10780933757971 15.25
3220 14424.0292018591 14424.0292018591 0.634195000939703 2.10780933757971 15.25
3221 14425.6747900026 14425.6747900026 0.634195000939703 2.10780933757971 15.25
3222 14427.3204838628 14427.3204838628 0.634195000939703 2.10780933757971 15.25
3223 14428.9662835519 14428.9662835519 0.634195000939703 2.10780933757971 15.25
3224 14430.6121888577 14430.6121888577 0.634195000939703 2.10780933757971 15.25
3225 14432.2581999245 14432.2581999245 0.634195000939703 2.10780933757971 15.25
3226 14433.9043165543 14433.9043165543 0.634195000939703 2.10780933757971 15.25
3227 14435.5505388494 14435.5505388494 0.634195000939703 2.10780933757971 15.25
3228 14437.1968666631 14437.1968666631 0.634195000939703 2.10780933757971 15.25
3229 14438.8433000405 14438.8433000405 0.634195000939703 2.10780933757971 15.25
3230 14440.4898388939 14440.4898388939 0.634195000939703 2.10780933757971 15.25
3231 14442.1364832108 14442.1364832108 0.634195000939703 2.10780933757971 15.25
3232 14443.7832329594 14443.7832329594 0.634195000939703 2.10780933757971 15.25
3233 14445.4300880717 14445.4300880717 0.634195000939703 2.10780933757971 15.25
3234 14447.0770485712 14447.0770485712 0.634195000939703 2.10780933757971 15.25
3235 14448.7241143348 14448.7241143348 0.634195000939703 2.10780933757971 15.25
3236 14450.3712854411 14450.3712854411 0.634195000939703 2.10780933757971 15.25
3237 14452.018561712 14452.018561712 0.634195000939703 2.10780933757971 15.25
3238 14453.6659432748 14453.6659432748 0.634195000939703 2.10780933757971 15.25
3239 14455.3134299154 14455.3134299154 0.634195000939703 2.10780933757971 15.25
3240 14456.9610217696 14456.9610217696 0.634195000939703 2.10780933757971 15.25
3241 14458.6087186572 14458.6087186572 0.634195000939703 2.10780933757971 15.25
3242 14460.256520659 14460.256520659 0.634195000939703 2.10780933757971 15.25
3243 14461.90442765 14461.90442765 0.634195000939703 2.10780933757971 15.25
3244 14463.5524396558 14463.5524396558 0.634195000939703 2.10780933757971 15.25
3245 14465.2005566068 14465.2005566068 0.634195000939703 2.10780933757971 15.25
3246 14466.8487784728 14466.8487784728 0.634195000939703 2.10780933757971 15.25
3247 14468.4971052398 14468.4971052398 0.634195000939703 2.10780933757971 15.25
3248 14470.1455368212 14470.1455368212 0.634195000939703 2.10780933757971 15.25
3249 14471.7940732609 14471.7940732609 0.634195000939703 2.10780933757971 15.25
3250 14473.4427144158 14473.4427144158 0.634195000939703 2.10780933757971 15.25
3251 14475.0914603851 14475.0914603851 0.634195000939703 2.10780933757971 15.25
3252 14476.7403109707 14476.7403109707 0.634195000939703 2.10780933757971 15.25
3253 14478.3892663099 14478.3892663099 0.634195000939703 2.10780933757971 15.25
3254 14480.0383261996 14480.0383261996 0.634195000939703 2.10780933757971 15.25
3255 14481.6874907546 14481.6874907546 0.634195000939703 2.10780933757971 15.25
3256 14483.3367598164 14483.3367598164 0.634195000939703 2.10780933757971 15.25
3257 14484.9861334444 14484.9861334444 0.634195000939703 2.10780933757971 15.25
3258 14486.6356115353 14486.6356115353 0.634195000939703 2.10780933757971 15.25
3259 14488.2851940935 14488.2851940935 0.634195000939703 2.10780933757971 15.25
3260 14489.9348810708 14489.9348810708 0.634195000939703 2.10780933757971 15.25
3261 14491.5846724165 14491.5846724165 0.634195000939703 2.10780933757971 15.25
3262 14493.2345681375 14493.2345681375 0.634195000939703 2.10780933757971 15.25
3263 14494.8845681281 14494.8845681281 0.634195000939703 2.10780933757971 15.25
3264 14496.5346724503 14496.5346724503 0.634195000939703 2.10780933757971 15.25
3265 14498.1848809434 14498.1848809434 0.634195000939703 2.10780933757971 15.25
3266 14499.8351937244 14499.8351937244 0.634195000939703 2.10780933757971 15.25
3267 14501.4856105775 14501.4856105775 0.634195000939703 2.10780933757971 15.25
3268 14503.1361316477 14503.1361316477 0.634195000939703 2.10780933757971 15.25
3269 14504.7867567438 14504.7867567438 0.634195000939703 2.10780933757971 15.25
3270 14506.4374859605 14506.4374859605 0.634195000939703 2.10780933757971 15.25
3271 14508.0883191599 14508.0883191599 0.634195000939703 2.10780933757971 15.25
3272 14509.7392563815 14509.7392563815 0.634195000939703 2.10780933757971 15.25
3273 14511.3902975423 14511.3902975423 0.634195000939703 2.10780933757971 15.25
3274 14513.0414426263 14513.0414426263 0.634195000939703 2.10780933757971 15.25
3275 14514.6926916065 14514.6926916065 0.634195000939703 2.10780933757971 15.25
3276 14516.3440444113 14516.3440444113 0.634195000939703 2.10780933757971 15.25
3277 14517.995501069 14517.995501069 0.634195000939703 2.10780933757971 15.25
3278 14519.6470614529 14519.6470614529 0.634195000939703 2.10780933757971 15.25
3279 14521.2987256464 14521.2987256464 0.634195000939703 2.10780933757971 15.25
3280 14522.9504934677 14522.9504934677 0.634195000939703 2.10780933757971 15.25
3281 14524.602365047 14524.602365047 0.634195000939703 2.10780933757971 15.25
3282 14526.2543401605 14526.2543401605 0.634195000939703 2.10780933757971 15.25
3283 14527.9064189392 14527.9064189392 0.634195000939703 2.10780933757971 15.25
3284 14529.558601221 14529.558601221 0.634195000939703 2.10780933757971 15.25
3285 14531.2108870833 14531.2108870833 0.634195000939703 2.10780933757971 15.25
3286 14532.8632764059 14532.8632764059 0.634195000939703 2.10780933757971 15.25
3287 14534.5157692087 14534.5157692087 0.634195000939703 2.10780933757971 15.25
3288 14536.1683654309 14536.1683654309 0.634195000939703 2.10780933757971 15.25
3289 14537.8210650351 14537.8210650351 0.634195000939703 2.10780933757971 15.25
3290 14539.4738680156 14539.4738680156 0.634195000939703 2.10780933757971 15.25
3291 14541.1267742805 14541.1267742805 0.634195000939703 2.10780933757971 15.25
3292 14542.7797838788 14542.7797838788 0.634195000939703 2.10780933757971 15.25
3293 14544.4328966629 14544.4328966629 0.634195000939703 2.10780933757971 15.25
3294 14546.0861127379 14546.0861127379 0.634195000939703 2.10780933757971 15.25
3295 14547.7394319007 14547.7394319007 0.634195000939703 2.10780933757971 15.25
3296 14549.3928542925 14549.3928542925 0.634195000939703 2.10780933757971 15.25
3297 14551.0463797125 14551.0463797125 0.634195000939703 2.10780933757971 15.25
3298 14552.7000082723 14552.7000082723 0.634195000939703 2.10780933757971 15.25
3299 14554.353739817 14554.353739817 0.634195000939703 2.10780933757971 15.25
3300 14556.0075744036 14556.0075744036 0.634195000939703 2.10780933757971 15.25
3301 14557.6615119332 14557.6615119332 0.634195000939703 2.10780933757971 15.25
3302 14559.3155524066 14559.3155524066 0.634195000939703 2.10780933757971 15.25
3303 14560.9696957803 14560.9696957803 0.634195000939703 2.10780933757971 15.25
3304 14562.6239420001 14562.6239420001 0.634195000939703 2.10780933757971 15.25
3305 14564.2782910777 14564.2782910777 0.634195000939703 2.10780933757971 15.25
3306 14565.932742904 14565.932742904 0.634195000939703 2.10780933757971 15.25
3307 14567.5872975452 14567.5872975452 0.634195000939703 2.10780933757971 15.25
3308 14569.2419548353 14569.2419548353 0.634195000939703 2.10780933757971 15.25
3309 14570.8967148983 14570.8967148983 0.634195000939703 2.10780933757971 15.25
3310 14572.5515775167 14572.5515775167 0.634195000939703 2.10780933757971 15.25
3311 14574.2065428359 14574.2065428359 0.634195000939703 2.10780933757971 15.25
3312 14575.8616106682 14575.8616106682 0.634195000939703 2.10780933757971 15.25
3313 14577.5167811038 14577.5167811038 0.634195000939703 2.10780933757971 15.25
3314 14579.1720540105 14579.1720540105 0.634195000939703 2.10780933757971 15.25
3315 14580.8274294226 14580.8274294226 0.634195000939703 2.10780933757971 15.25
3316 14582.4829072635 14582.4829072635 0.634195000939703 2.10780933757971 15.25
3317 14584.1384875129 14584.1384875129 0.634195000939703 2.10780933757971 15.25
3318 14585.7941701487 14585.7941701487 0.634195000939703 2.10780933757971 15.25
3319 14587.4499550957 14587.4499550957 0.634195000939703 2.10780933757971 15.25
3320 14589.1058423871 14589.1058423871 0.634195000939703 2.10780933757971 15.25
3321 14590.7618318924 14590.7618318924 0.634195000939703 2.10780933757971 15.25
3322 14592.4179236999 14592.4179236999 0.634195000939703 2.10780933757971 15.25
3323 14594.0741176241 14594.0741176241 0.634195000939703 2.10780933757971 15.25
3324 14595.730413798 14595.730413798 0.634195000939703 2.10780933757971 15.25
3325 14597.3868120126 14597.3868120126 0.634195000939703 2.10780933757971 15.25
3326 14599.0433123947 14599.0433123947 0.634195000939703 2.10780933757971 15.25
3327 14600.6999147777 14600.6999147777 0.634195000939703 2.10780933757971 15.25
3328 14602.356619231 14602.356619231 0.634195000939703 2.10780933757971 15.25
3329 14604.0134256434 14604.0134256434 0.634195000939703 2.10780933757971 15.25
3330 14605.6703340291 14605.6703340291 0.634195000939703 2.10780933757971 15.25
3331 14607.3273443321 14607.3273443321 0.634195000939703 2.10780933757971 15.25
3332 14608.9844565114 14608.9844565114 0.634195000939703 2.10780933757971 15.25
3333 14610.6416705662 14610.6416705662 0.634195000939703 2.10780933757971 15.25
3334 14612.2989864004 14612.2989864004 0.634195000939703 2.10780933757971 15.25
3335 14613.9564040686 14613.9564040686 0.634195000939703 2.10780933757971 15.25
3336 14615.6139234191 14615.6139234191 0.634195000939703 2.10780933757971 15.25
3337 14617.2715445618 14617.2715445618 0.634195000939703 2.10780933757971 15.25
3338 14618.9292672905 14618.9292672905 0.634195000939703 2.10780933757971 15.25
3339 14620.5870917485 14620.5870917485 0.634195000939703 2.10780933757971 15.25
3340 14622.2450177378 14622.2450177378 0.634195000939703 2.10780933757971 15.25
3341 14623.9030453663 14623.9030453663 0.634195000939703 2.10780933757971 15.25
3342 14625.5611744845 14625.5611744845 0.634195000939703 2.10780933757971 15.25
3343 14627.2194051452 14627.2194051452 0.634195000939703 2.10780933757971 15.25
3344 14628.8777372543 14628.8777372543 0.634195000939703 2.10780933757971 15.25
3345 14630.536170809 14630.536170809 0.634195000939703 2.10780933757971 15.25
3346 14632.1947057712 14632.1947057712 0.634195000939703 2.10780933757971 15.25
3347 14633.8533420801 14633.8533420801 0.634195000939703 2.10780933757971 15.25
3348 14635.512079757 14635.512079757 0.634195000939703 2.10780933757971 15.25
3349 14637.1709186843 14637.1709186843 0.634195000939703 2.10780933757971 15.25
3350 14638.8298589383 14638.8298589383 0.634195000939703 2.10780933757971 15.25
3351 14640.4889003463 14640.4889003463 0.634195000939703 2.10780933757971 15.25
3352 14642.1480430354 14642.1480430354 0.634195000939703 2.10780933757971 15.25
3353 14643.8072867903 14643.8072867903 0.634195000939703 2.10780933757971 15.25
3354 14645.466631754 14645.466631754 0.634195000939703 2.10780933757971 15.25
3355 14647.1260777422 14647.1260777422 0.634195000939703 2.10780933757971 15.25
3356 14648.7856248423 14648.7856248423 0.634195000939703 2.10780933757971 15.25
3357 14650.4452729262 14650.4452729262 0.634195000939703 2.10780933757971 15.25
3358 14652.1050220257 14652.1050220257 0.634195000939703 2.10780933757971 15.25
3359 14653.7648720679 14653.7648720679 0.634195000939703 2.10780933757971 15.25
3360 14655.4248230294 14655.4248230294 0.634195000939703 2.10780933757971 15.25
3361 14657.0848748932 14657.0848748932 0.634195000939703 2.10780933757971 15.25
3362 14658.7450275793 14658.7450275793 0.634195000939703 2.10780933757971 15.25
3363 14660.4052811268 14660.4052811268 0.634195000939703 2.10780933757971 15.25
3364 14662.0656354011 14662.0656354011 0.634195000939703 2.10780933757971 15.25
3365 14663.7260904957 14663.7260904957 0.634195000939703 2.10780933757971 15.25
3366 14665.3866462209 14665.3866462209 0.634195000939703 2.10780933757971 15.25
3367 14667.0473027108 14667.0473027108 0.634195000939703 2.10780933757971 15.25
3368 14668.7080597629 14668.7080597629 0.634195000939703 2.10780933757971 15.25
3369 14670.3689174988 14670.3689174988 0.634195000939703 2.10780933757971 15.25
3370 14672.0298757557 14672.0298757557 0.634195000939703 2.10780933757971 15.25
3371 14673.6909346003 14673.6909346003 0.634195000939703 2.10780933757971 15.25
3372 14675.3520939259 14675.3520939259 0.634195000939703 2.10780933757971 15.25
3373 14677.0133537431 14677.0133537431 0.634195000939703 2.10780933757971 15.25
3374 14678.6747140006 14678.6747140006 0.634195000939703 2.10780933757971 15.25
3375 14680.3361746538 14680.3361746538 0.634195000939703 2.10780933757971 15.25
3376 14681.9977357068 14681.9977357068 0.634195000939703 2.10780933757971 15.25
3377 14683.65939706 14683.65939706 0.634195000939703 2.10780933757971 15.25
3378 14685.321158772 14685.321158772 0.634195000939703 2.10780933757971 15.25
3379 14686.9830206883 14686.9830206883 0.634195000939703 2.10780933757971 15.25
3380 14688.6449829237 14688.6449829237 0.634195000939703 2.10780933757971 15.25
3381 14690.3070452673 14690.3070452673 0.634195000939703 2.10780933757971 15.25
3382 14691.9692078662 14691.9692078662 0.634195000939703 2.10780933757971 15.25
3383 14693.6314705245 14693.6314705245 0.634195000939703 2.10780933757971 15.25
3384 14695.2938333467 14695.2938333467 0.634195000939703 2.10780933757971 15.25
3385 14696.956296188 14696.956296188 0.634195000939703 2.10780933757971 15.25
3386 14698.6188590977 14698.6188590977 0.634195000939703 2.10780933757971 15.25
3387 14700.2815219863 14700.2815219863 0.634195000939703 2.10780933757971 15.25
3388 14701.9442848454 14701.9442848454 0.634195000939703 2.10780933757971 15.25
3389 14703.6071476455 14703.6071476455 0.634195000939703 2.10780933757971 15.25
3390 14705.2701103207 14705.2701103207 0.634195000939703 2.10780933757971 15.25
3391 14706.9331728967 14706.9331728967 0.634195000939703 2.10780933757971 15.25
3392 14708.5963352521 14708.5963352521 0.634195000939703 2.10780933757971 15.25
3393 14710.2595974688 14710.2595974688 0.634195000939703 2.10780933757971 15.25
3394 14711.9229593695 14711.9229593695 0.634195000939703 2.10780933757971 15.25
3395 14713.5864210846 14713.5864210846 0.634195000939703 2.10780933757971 15.25
3396 14715.2499824014 14715.2499824014 0.634195000939703 2.10780933757971 15.25
3397 14716.9136434585 14716.9136434585 0.634195000939703 2.10780933757971 15.25
3398 14718.5774040774 14718.5774040774 0.634195000939703 2.10780933757971 15.25
3399 14720.2412643415 14720.2412643415 0.634195000939703 2.10780933757971 15.25
3400 14721.9052241271 14721.9052241271 0.634195000939703 2.10780933757971 15.25
3401 14723.5692834632 14723.5692834632 0.634195000939703 2.10780933757971 15.25
3402 14725.2334422811 14725.2334422811 0.634195000939703 2.10780933757971 15.25
3403 14726.8977005538 14726.8977005538 0.634195000939703 2.10780933757971 15.25
3404 14728.5620582688 14728.5620582688 0.634195000939703 2.10780933757971 15.25
3405 14730.2265153435 14730.2265153435 0.634195000939703 2.10780933757971 15.25
3406 14731.8910718208 14731.8910718208 0.634195000939703 2.10780933757971 15.25
3407 14733.5557275627 14733.5557275627 0.634195000939703 2.10780933757971 15.25
3408 14735.2204826674 14735.2204826674 0.634195000939703 2.10780933757971 15.25
3409 14736.8853369399 14736.8853369399 0.634195000939703 2.10780933757971 15.25
3410 14738.5502905208 14738.5502905208 0.634195000939703 2.10780933757971 15.25
3411 14740.2153432082 14740.2153432082 0.634195000939703 2.10780933757971 15.25
3412 14741.8804951199 14741.8804951199 0.634195000939703 2.10780933757971 15.25
3413 14743.5457460986 14743.5457460986 0.634195000939703 2.10780933757971 15.25
3414 14745.2110962067 14745.2110962067 0.634195000939703 2.10780933757971 15.25
3415 14746.8765453423 14746.8765453423 0.634195000939703 2.10780933757971 15.25
3416 14748.5420935123 14748.5420935123 0.634195000939703 2.10780933757971 15.25
3417 14750.207740671 14750.207740671 0.634195000939703 2.10780933757971 15.25
3418 14751.8734867691 14751.8734867691 0.634195000939703 2.10780933757971 15.25
3419 14753.5393318162 14753.5393318162 0.634195000939703 2.10780933757971 15.25
3420 14755.2052757083 14755.2052757083 0.634195000939703 2.10780933757971 15.25
3421 14756.8713185099 14756.8713185099 0.634195000939703 2.10780933757971 15.25
3422 14758.5374600619 14758.5374600619 0.634195000939703 2.10780933757971 15.25
3423 14760.2037004843 14760.2037004843 0.634195000939703 2.10780933757971 15.25
3424 14761.8700395626 14761.8700395626 0.634195000939703 2.10780933757971 15.25
3425 14763.536477446 14763.536477446 0.634195000939703 2.10780933757971 15.25
3426 14765.203013942 14765.203013942 0.634195000939703 2.10780933757971 15.25
3427 14766.8696491512 14766.8696491512 0.634195000939703 2.10780933757971 15.25
3428 14768.5363829335 14768.5363829335 0.634195000939703 2.10780933757971 15.25
3429 14770.2032153324 14770.2032153324 0.634195000939703 2.10780933757971 15.25
3430 14771.8701462676 14771.8701462676 0.634195000939703 2.10780933757971 15.25
3431 14773.5371757249 14773.5371757249 0.634195000939703 2.10780933757971 15.25
3432 14775.2043036797 14775.2043036797 0.634195000939703 2.10780933757971 15.25
3433 14776.8715300618 14776.8715300618 0.634195000939703 2.10780933757971 15.25
3434 14778.5388549024 14778.5388549024 0.634195000939703 2.10780933757971 15.25
3435 14780.2062780765 14780.2062780765 0.634195000939703 2.10780933757971 15.25
3436 14781.87379967 14781.87379967 0.634195000939703 2.10780933757971 15.25
3437 14783.5414195025 14783.5414195025 0.634195000939703 2.10780933757971 15.25
3438 14785.2091377072 14785.2091377072 0.634195000939703 2.10780933757971 15.25
3439 14786.8769540738 14786.8769540738 0.634195000939703 2.10780933757971 15.25
3440 14788.5448687377 14788.5448687377 0.634195000939703 2.10780933757971 15.25
3441 14790.2128815242 14790.2128815242 0.634195000939703 2.10780933757971 15.25
3442 14791.880992514 14791.880992514 0.634195000939703 2.10780933757971 15.25
3443 14793.5492015881 14793.5492015881 0.634195000939703 2.10780933757971 15.25
3444 14795.2175087711 14795.2175087711 0.634195000939703 2.10780933757971 15.25
3445 14796.8859139998 14796.8859139998 0.634195000939703 2.10780933757971 15.25
3446 14798.5544172433 14798.5544172433 0.634195000939703 2.10780933757971 15.25
3447 14800.2230184725 14800.2230184725 0.634195000939703 2.10780933757971 15.25
3448 14801.8917176186 14801.8917176186 0.634195000939703 2.10780933757971 15.25
3449 14803.5605147336 14803.5605147336 0.634195000939703 2.10780933757971 15.25
3450 14805.2294096733 14805.2294096733 0.634195000939703 2.10780933757971 15.25
3451 14806.8984025453 14806.8984025453 0.634195000939703 2.10780933757971 15.25
3452 14808.567493148 14808.567493148 0.634195000939703 2.10780933757971 15.25
3453 14810.2366816255 14810.2366816255 0.634195000939703 2.10780933757971 15.25
3454 14811.9059677781 14811.9059677781 0.634195000939703 2.10780933757971 15.25
3455 14813.5753517203 14813.5753517203 0.634195000939703 2.10780933757971 15.25
3456 14815.2448332992 14815.2448332992 0.634195000939703 2.10780933757971 15.25
3457 14816.9144125739 14816.9144125739 0.634195000939703 2.10780933757971 15.25
3458 14818.5840894471 14818.5840894471 0.634195000939703 2.10780933757971 15.25
3459 14820.2538639222 14820.2538639222 0.634195000939703 2.10780933757971 15.25
3460 14821.9237359576 14821.9237359576 0.634195000939703 2.10780933757971 15.25
3461 14823.5937055013 14823.5937055013 0.634195000939703 2.10780933757971 15.25
3462 14825.2637725671 14825.2637725671 0.634195000939703 2.10780933757971 15.25
3463 14826.9339370475 14826.9339370475 0.634195000939703 2.10780933757971 15.25
3464 14828.6041990119 14828.6041990119 0.634195000939703 2.10780933757971 15.25
3465 14830.2745582973 14830.2745582973 0.634195000939703 2.10780933757971 15.25
3466 14831.9450150287 14831.9450150287 0.634195000939703 2.10780933757971 15.25
3467 14833.6155689874 14833.6155689874 0.634195000939703 2.10780933757971 15.25
3468 14835.2862203264 14835.2862203264 0.634195000939703 2.10780933757971 15.25
3469 14836.9569688547 14836.9569688547 0.634195000939703 2.10780933757971 15.25
3470 14838.6278146699 14838.6278146699 0.634195000939703 2.10780933757971 15.25
3471 14840.2987576364 14840.2987576364 0.634195000939703 2.10780933757971 15.25
3472 14841.9697977942 14841.9697977942 0.634195000939703 2.10780933757971 15.25
3473 14843.6409350677 14843.6409350677 0.634195000939703 2.10780933757971 15.25
3474 14845.3121694389 14845.3121694389 0.634195000939703 2.10780933757971 15.25
3475 14846.9835008881 14846.9835008881 0.634195000939703 2.10780933757971 15.25
3476 14848.6549293417 14848.6549293417 0.634195000939703 2.10780933757971 15.25
3477 14850.3264548355 14850.3264548355 0.634195000939703 2.10780933757971 15.25
3478 14851.9980772404 14851.9980772404 0.634195000939703 2.10780933757971 15.25
3479 14853.6697966478 14853.6697966478 0.634195000939703 2.10780933757971 15.25
3480 14855.3416128731 14855.3416128731 0.634195000939703 2.10780933757971 15.25
3481 14857.0135260524 14857.0135260524 0.634195000939703 2.10780933757971 15.25
3482 14858.685535978 14858.685535978 0.634195000939703 2.10780933757971 15.25
3483 14860.3576427814 14860.3576427814 0.634195000939703 2.10780933757971 15.25
3484 14862.0298462935 14862.0298462935 0.634195000939703 2.10780933757971 15.25
3485 14863.7021465904 14863.7021465904 0.634195000939703 2.10780933757971 15.25
3486 14865.3745435583 14865.3745435583 0.634195000939703 2.10780933757971 15.25
3487 14867.0470372181 14867.0470372181 0.634195000939703 2.10780933757971 15.25
3488 14868.7196275114 14868.7196275114 0.634195000939703 2.10780933757971 15.25
3489 14870.3923144035 14870.3923144035 0.634195000939703 2.10780933757971 15.25
3490 14872.0650978914 14872.0650978914 0.634195000939703 2.10780933757971 15.25
3491 14873.7379778858 14873.7379778858 0.634195000939703 2.10780933757971 15.25
3492 14875.4109544386 14875.4109544386 0.634195000939703 2.10780933757971 15.25
3493 14877.0840274022 14877.0840274022 0.634195000939703 2.10780933757971 15.25
3494 14878.7571968893 14878.7571968893 0.634195000939703 2.10780933757971 15.25
3495 14880.4304626942 14880.4304626942 0.634195000939703 2.10780933757971 15.25
3496 14882.1038249645 14882.1038249645 0.634195000939703 2.10780933757971 15.25
3497 14883.7772835024 14883.7772835024 0.634195000939703 2.10780933757971 15.25
3498 14885.4508384188 14885.4508384188 0.634195000939703 2.10780933757971 15.25
3499 14887.1244895659 14887.1244895659 0.634195000939703 2.10780933757971 15.25
3500 14888.7982369986 14888.7982369986 0.634195000939703 2.10780933757971 15.25
3501 14890.4720806253 14890.4720806253 0.634195000939703 2.10780933757971 15.25
3502 14892.1460204449 14892.1460204449 0.634195000939703 2.10780933757971 15.25
3503 14893.820056421 14893.820056421 0.634195000939703 2.10780933757971 15.25
3504 14895.4941884975 14895.4941884975 0.634195000939703 2.10780933757971 15.25
3505 14897.1684166932 14897.1684166932 0.634195000939703 2.10780933757971 15.25
3506 14898.8427408973 14898.8427408973 0.634195000939703 2.10780933757971 15.25
3507 14900.5171611836 14900.5171611836 0.634195000939703 2.10780933757971 15.25
3508 14902.1916773852 14902.1916773852 0.634195000939703 2.10780933757971 15.25
3509 14903.8662896302 14903.8662896302 0.634195000939703 2.10780933757971 15.25
3510 14905.5409977021 14905.5409977021 0.634195000939703 2.10780933757971 15.25
3511 14907.2158017511 14907.2158017511 0.634195000939703 2.10780933757971 15.25
3512 14908.8907015901 14908.8907015901 0.634195000939703 2.10780933757971 15.25
3513 14910.5656973133 14910.5656973133 0.634195000939703 2.10780933757971 15.25
3514 14912.2407887899 14912.2407887899 0.634195000939703 2.10780933757971 15.25
3515 14913.9159760565 14913.9159760565 0.634195000939703 2.10780933757971 15.25
3516 14915.5912590414 14915.5912590414 0.634195000939703 2.10780933757971 15.25
3517 14917.2666377239 14917.2666377239 0.634195000939703 2.10780933757971 15.25
3518 14918.9421120886 14918.9421120886 0.634195000939703 2.10780933757971 15.25
3519 14920.6176820584 14920.6176820584 0.634195000939703 2.10780933757971 15.25
3520 14922.293347674 14922.293347674 0.634195000939703 2.10780933757971 15.25
3521 14923.9691088019 14923.9691088019 0.634195000939703 2.10780933757971 15.25
3522 14925.644965539 14925.644965539 0.634195000939703 2.10780933757971 15.25
3523 14927.3209176967 14927.3209176967 0.634195000939703 2.10780933757971 15.25
3524 14928.9969654141 14928.9969654141 0.634195000939703 2.10780933757971 15.25
3525 14930.6731084859 14930.6731084859 0.634195000939703 2.10780933757971 15.25
3526 14932.3493470397 14932.3493470397 0.634195000939703 2.10780933757971 15.25
3527 14934.0256809115 14934.0256809115 0.634195000939703 2.10780933757971 15.25
3528 14935.7021101737 14935.7021101737 0.634195000939703 2.10780933757971 15.25
3529 14937.3786347172 14937.3786347172 0.634195000939703 2.10780933757971 15.25
3530 14939.0552545594 14939.0552545594 0.634195000939703 2.10780933757971 15.25
3531 14940.7319696461 14940.7319696461 0.634195000939703 2.10780933757971 15.25
3532 14942.4087799396 14942.4087799396 0.634195000939703 2.10780933757971 15.25
3533 14944.0856854416 14944.0856854416 0.634195000939703 2.10780933757971 15.25
3534 14945.7626860583 14945.7626860583 0.634195000939703 2.10780933757971 15.25
3535 14947.4397818474 14947.4397818474 0.634195000939703 2.10780933757971 15.25
3536 14949.1169726592 14949.1169726592 0.634195000939703 2.10780933757971 15.25
3537 14950.7942586072 14950.7942586072 0.634195000939703 2.10780933757971 15.25
3538 14952.471639484 14952.471639484 0.634195000939703 2.10780933757971 15.25
3539 14954.1491154395 14954.1491154395 0.634195000939703 2.10780933757971 15.25
3540 14955.826686279 14955.826686279 0.634195000939703 2.10780933757971 15.25
3541 14957.5043521098 14957.5043521098 0.634195000939703 2.10780933757971 15.25
3542 14959.1821127886 14959.1821127886 0.634195000939703 2.10780933757971 15.25
3543 14960.859968367 14960.859968367 0.634195000939703 2.10780933757971 15.25
3544 14962.5379187573 14962.5379187573 0.634195000939703 2.10780933757971 15.25
3545 14964.2159639555 14964.2159639555 0.634195000939703 2.10780933757971 15.25
3546 14965.8941039298 14965.8941039298 0.634195000939703 2.10780933757971 15.25
3547 14967.5723386204 14967.5723386204 0.634195000939703 2.10780933757971 15.25
3548 14969.2506680511 14969.2506680511 0.634195000939703 2.10780933757971 15.25
3549 14970.9290921066 14970.9290921066 0.634195000939703 2.10780933757971 15.25
3550 14972.6076108663 14972.6076108663 0.634195000939703 2.10780933757971 15.25
3551 14974.2862241594 14974.2862241594 0.634195000939703 2.10780933757971 15.25
3552 14975.9649321166 14975.9649321166 0.634195000939703 2.10780933757971 15.25
3553 14977.6437345242 14977.6437345242 0.634195000939703 2.10780933757971 15.25
3554 14979.322631528 14979.322631528 0.634195000939703 2.10780933757971 15.25
3555 14981.0016229466 14981.0016229466 0.634195000939703 2.10780933757971 15.25
3556 14982.6807088701 14982.6807088701 0.634195000939703 2.10780933757971 15.25
3557 14984.3598891725 14984.3598891725 0.634195000939703 2.10780933757971 15.25
3558 14986.0391638886 14986.0391638886 0.634195000939703 2.10780933757971 15.25
3559 14987.718532948 14987.718532948 0.634195000939703 2.10780933757971 15.25
3560 14989.3979963276 14989.3979963276 0.634195000939703 2.10780933757971 15.25
3561 14991.0775540171 14991.0775540171 0.634195000939703 2.10780933757971 15.25
3562 14992.7572059356 14992.7572059356 0.634195000939703 2.10780933757971 15.25
3563 14994.4369521284 14994.4369521284 0.634195000939703 2.10780933757971 15.25
3564 14996.116792459 14996.116792459 0.634195000939703 2.10780933757971 15.25
3565 14997.7967270286 14997.7967270286 0.634195000939703 2.10780933757971 15.25
3566 14999.4767556448 14999.4767556448 0.634195000939703 2.10780933757971 15.25
3567 15001.1568784494 15001.1568784494 0.634195000939703 2.10780933757971 15.25
3568 15002.8370952397 15002.8370952397 0.634195000939703 2.10780933757971 15.25
3569 15004.5174061402 15004.5174061402 0.634195000939703 2.10780933757971 15.25
3570 15006.1978109909 15006.1978109909 0.634195000939703 2.10780933757971 15.25
3571 15007.8783098608 15007.8783098608 0.634195000939703 2.10780933757971 15.25
3572 15009.5589026457 15009.5589026457 0.634195000939703 2.10780933757971 15.25
3573 15011.2395893589 15011.2395893589 0.634195000939703 2.10780933757971 15.25
3574 15012.9203699517 15012.9203699517 0.634195000939703 2.10780933757971 15.25
3575 15014.601244382 15014.601244382 0.634195000939703 2.10780933757971 15.25
3576 15016.2822126567 15016.2822126567 0.634195000939703 2.10780933757971 15.25
3577 15017.9632746779 15017.9632746779 0.634195000939703 2.10780933757971 15.25
3578 15019.6444305082 15019.6444305082 0.634195000939703 2.10780933757971 15.25
3579 15021.3256799946 15021.3256799946 0.634195000939703 2.10780933757971 15.25
3580 15023.0070232551 15023.0070232551 0.634195000939703 2.10780933757971 15.25
3581 15024.6884600805 15024.6884600805 0.634195000939703 2.10780933757971 15.25
3582 15026.3699906193 15026.3699906193 0.634195000939703 2.10780933757971 15.25
3583 15028.0516146814 15028.0516146814 0.634195000939703 2.10780933757971 15.25
3584 15029.7333323711 15029.7333323711 0.634195000939703 2.10780933757971 15.25
3585 15031.415143549 15031.415143549 0.634195000939703 2.10780933757971 15.25
3586 15033.0970482633 15033.0970482633 0.634195000939703 2.10780933757971 15.25
3587 15034.7790464312 15034.7790464312 0.634195000939703 2.10780933757971 15.25
3588 15036.4611380447 15036.4611380447 0.634195000939703 2.10780933757971 15.25
3589 15038.1433230774 15038.1433230774 0.634195000939703 2.10780933757971 15.25
3590 15039.8256014651 15039.8256014651 0.634195000939703 2.10780933757971 15.25
3591 15041.5079732367 15041.5079732367 0.634195000939703 2.10780933757971 15.25
3592 15043.190438273 15043.190438273 0.634195000939703 2.10780933757971 15.25
3593 15044.8729966583 15044.8729966583 0.634195000939703 2.10780933757971 15.25
3594 15046.5556482183 15046.5556482183 0.634195000939703 2.10780933757971 15.25
3595 15048.2383930861 15048.2383930861 0.634195000939703 2.10780933757971 15.25
3596 15049.9212310506 15049.9212310506 0.634195000939703 2.10780933757971 15.25
3597 15051.6041622542 15051.6041622542 0.634195000939703 2.10780933757971 15.25
3598 15053.28718652 15053.28718652 0.634195000939703 2.10780933757971 15.25
3599 15054.9703039342 15054.9703039342 0.634195000939703 2.10780933757971 15.25
3600 15056.653514376 15056.653514376 0.634195000939703 2.10780933757971 15.25
3601 15058.3368178763 15058.3368178763 0.634195000939703 2.10780933757971 15.25
3602 15060.0202143695 15060.0202143695 0.634195000939703 2.10780933757971 15.25
3603 15061.7037038311 15061.7037038311 0.634195000939703 2.10780933757971 15.25
3604 15063.3872862507 15063.3872862507 0.634195000939703 2.10780933757971 15.25
3605 15065.0709615464 15065.0709615464 0.634195000939703 2.10780933757971 15.25
3606 15066.7547297683 15066.7547297683 0.634195000939703 2.10780933757971 15.25
3607 15068.4385907758 15068.4385907758 0.634195000939703 2.10780933757971 15.25
3608 15070.1225446753 15070.1225446753 0.634195000939703 2.10780933757971 15.25
3609 15071.80659127 15071.80659127 0.634195000939703 2.10780933757971 15.25
3610 15073.4907307052 15073.4907307052 0.634195000939703 2.10780933757971 15.25
3611 15075.1749627734 15075.1749627734 0.634195000939703 2.10780933757971 15.25
3612 15076.8592875852 15076.8592875852 0.634195000939703 2.10780933757971 15.25
3613 15078.5437050025 15078.5437050025 0.634195000939703 2.10780933757971 15.25
3614 15080.2282150911 15080.2282150911 0.634195000939703 2.10780933757971 15.25
3615 15081.9128177506 15081.9128177506 0.634195000939703 2.10780933757971 15.25
3616 15083.5975129913 15083.5975129913 0.634195000939703 2.10780933757971 15.25
3617 15085.2823007693 15085.2823007693 0.634195000939703 2.10780933757971 15.25
3618 15086.9671810385 15086.9671810385 0.634195000939703 2.10780933757971 15.25
3619 15088.6521538107 15088.6521538107 0.634195000939703 2.10780933757971 15.25
3620 15090.3372189842 15090.3372189842 0.634195000939703 2.10780933757971 15.25
3621 15092.0223766268 15092.0223766268 0.634195000939703 2.10780933757971 15.25
3622 15093.7076265809 15093.7076265809 0.634195000939703 2.10780933757971 15.25
3623 15095.3929689701 15095.3929689701 0.634195000939703 2.10780933757971 15.25
3624 15097.078403581 15097.078403581 0.634195000939703 2.10780933757971 15.25
3625 15098.7639305672 15098.7639305672 0.634195000939703 2.10780933757971 15.25
3626 15100.4495497369 15100.4495497369 0.634195000939703 2.10780933757971 15.25
3627 15102.1352611947 15102.1352611947 0.634195000939703 2.10780933757971 15.25
3628 15103.8210648017 15103.8210648017 0.634195000939703 2.10780933757971 15.25
3629 15105.5069606049 15105.5069606049 0.634195000939703 2.10780933757971 15.25
3630 15107.1929485261 15107.1929485261 0.634195000939703 2.10780933757971 15.25
3631 15108.8790285537 15108.8790285537 0.634195000939703 2.10780933757971 15.25
3632 15110.5652006655 15110.5652006655 0.634195000939703 2.10780933757971 15.25
3633 15112.2514647941 15112.2514647941 0.634195000939703 2.10780933757971 15.25
3634 15113.9378209732 15113.9378209732 0.634195000939703 2.10780933757971 15.25
3635 15115.6242690797 15115.6242690797 0.634195000939703 2.10780933757971 15.25
3636 15117.310809203 15117.310809203 0.634195000939703 2.10780933757971 15.25
3637 15118.9974411641 15118.9974411641 0.634195000939703 2.10780933757971 15.25
3638 15120.6841650999 15120.6841650999 0.634195000939703 2.10780933757971 15.25
3639 15122.3709808013 15122.3709808013 0.634195000939703 2.10780933757971 15.25
3640 15124.0578884074 15124.0578884074 0.634195000939703 2.10780933757971 15.25
3641 15125.7448877452 15125.7448877452 0.634195000939703 2.10780933757971 15.25
3642 15127.4319788984 15127.4319788984 0.634195000939703 2.10780933757971 15.25
3643 15129.1191617502 15129.1191617502 0.634195000939703 2.10780933757971 15.25
3644 15130.8064363279 15130.8064363279 0.634195000939703 2.10780933757971 15.25
3645 15132.4938025707 15132.4938025707 0.634195000939703 2.10780933757971 15.25
3646 15134.1812604502 15134.1812604502 0.634195000939703 2.10780933757971 15.25
3647 15135.8688099614 15135.8688099614 0.634195000939703 2.10780933757971 15.25
3648 15137.55645102 15137.55645102 0.634195000939703 2.10780933757971 15.25
3649 15139.2441836771 15139.2441836771 0.634195000939703 2.10780933757971 15.25
3650 15140.9320077924 15140.9320077924 0.634195000939703 2.10780933757971 15.25
3651 15142.6199234728 15142.6199234728 0.634195000939703 2.10780933757971 15.25
3652 15144.30793052 15144.30793052 0.634195000939703 2.10780933757971 15.25
3653 15145.9960290825 15145.9960290825 0.634195000939703 2.10780933757971 15.25
3654 15147.684218961 15147.684218961 0.634195000939703 2.10780933757971 15.25
3655 15149.3725002739 15149.3725002739 0.634195000939703 2.10780933757971 15.25
3656 15151.0608728702 15151.0608728702 0.634195000939703 2.10780933757971 15.25
3657 15152.7493368118 15152.7493368118 0.634195000939703 2.10780933757971 15.25
3658 15154.4378920036 15154.4378920036 0.634195000939703 2.10780933757971 15.25
3659 15156.1265384517 15156.1265384517 0.634195000939703 2.10780933757971 15.25
3660 15157.815276117 15157.815276117 0.634195000939703 2.10780933757971 15.25
3661 15159.5041049498 15159.5041049498 0.634195000939703 2.10780933757971 15.25
3662 15161.1930249666 15161.1930249666 0.634195000939703 2.10780933757971 15.25
3663 15162.8820360621 15162.8820360621 0.634195000939703 2.10780933757971 15.25
3664 15164.5711383087 15164.5711383087 0.634195000939703 2.10780933757971 15.25
3665 15166.2603315448 15166.2603315448 0.634195000939703 2.10780933757971 15.25
3666 15167.9496158998 15167.9496158998 0.634195000939703 2.10780933757971 15.25
3667 15169.6389911551 15169.6389911551 0.634195000939703 2.10780933757971 15.25
3668 15171.3284574681 15171.3284574681 0.634195000939703 2.10780933757971 15.25
3669 15173.0180146492 15173.0180146492 0.634195000939703 2.10780933757971 15.25
3670 15174.707662799 15174.707662799 0.634195000939703 2.10780933757971 15.25
3671 15176.3974017842 15176.3974017842 0.634195000939703 2.10780933757971 15.25
3672 15178.0872316494 15178.0872316494 0.634195000939703 2.10780933757971 15.25
3673 15179.7771523172 15179.7771523172 0.634195000939703 2.10780933757971 15.25
3674 15181.4671637764 15181.4671637764 0.634195000939703 2.10780933757971 15.25
3675 15183.1572660055 15183.1572660055 0.634195000939703 2.10780933757971 15.25
3676 15184.8474589354 15184.8474589354 0.634195000939703 2.10780933757971 15.25
3677 15186.5377426046 15186.5377426046 0.634195000939703 2.10780933757971 15.25
3678 15188.2281168859 15188.2281168859 0.634195000939703 2.10780933757971 15.25
3679 15189.9185818745 15189.9185818745 0.634195000939703 2.10780933757971 15.25
3680 15191.6091373863 15191.6091373863 0.634195000939703 2.10780933757971 15.25
3681 15193.2997835617 15193.2997835617 0.634195000939703 2.10780933757971 15.25
3682 15194.990520194 15194.990520194 0.634195000939703 2.10780933757971 15.25
3683 15196.6813474184 15196.6813474184 0.634195000939703 2.10780933757971 15.25
3684 15198.3722650673 15198.3722650673 0.634195000939703 2.10780933757971 15.25
3685 15200.06327322 15200.06327322 0.634195000939703 2.10780933757971 15.25
3686 15201.7543717647 15201.7543717647 0.634195000939703 2.10780933757971 15.25
3687 15203.4455607249 15203.4455607249 0.634195000939703 2.10780933757971 15.25
3688 15205.1368400446 15205.1368400446 0.634195000939703 2.10780933757971 15.25
3689 15206.8282096917 15206.8282096917 0.634195000939703 2.10780933757971 15.25
3690 15208.5196696659 15208.5196696659 0.634195000939703 2.10780933757971 15.25
3691 15210.211219879 15210.211219879 0.634195000939703 2.10780933757971 15.25
3692 15211.9028603875 15211.9028603875 0.634195000939703 2.10780933757971 15.25
3693 15213.5945910467 15213.5945910467 0.634195000939703 2.10780933757971 15.25
3694 15215.2864119685 15215.2864119685 0.634195000939703 2.10780933757971 15.25
3695 15216.9783229531 15216.9783229531 0.634195000939703 2.10780933757971 15.25
3696 15218.6703241488 15218.6703241488 0.634195000939703 2.10780933757971 15.25
3697 15220.362415358 15220.362415358 0.634195000939703 2.10780933757971 15.25
3698 15222.0545966988 15222.0545966988 0.634195000939703 2.10780933757971 15.25
3699 15223.7468680209 15223.7468680209 0.634195000939703 2.10780933757971 15.25
3700 15225.4392293845 15225.4392293845 0.634195000939703 2.10780933757971 15.25
3701 15227.1316806995 15227.1316806995 0.634195000939703 2.10780933757971 15.25
3702 15228.824221968 15228.824221968 0.634195000939703 2.10780933757971 15.25
3703 15230.5168531558 15230.5168531558 0.634195000939703 2.10780933757971 15.25
3704 15232.2095742091 15232.2095742091 0.634195000939703 2.10780933757971 15.25
3705 15233.9023851501 15233.9023851501 0.634195000939703 2.10780933757971 15.25
3706 15235.5952858688 15235.5952858688 0.634195000939703 2.10780933757971 15.25
3707 15237.2882764427 15237.2882764427 0.634195000939703 2.10780933757971 15.25
3708 15238.9813567067 15238.9813567067 0.634195000939703 2.10780933757971 15.25
3709 15240.674526792 15240.674526792 0.634195000939703 2.10780933757971 15.25
3710 15242.3677864838 15242.3677864838 0.634195000939703 2.10780933757971 15.25
3711 15244.0611359351 15244.0611359351 0.634195000939703 2.10780933757971 15.25
3712 15245.754574961 15245.754574961 0.634195000939703 2.10780933757971 15.25
3713 15247.4481036586 15247.4481036586 0.634195000939703 2.10780933757971 15.25
3714 15249.1417218991 15249.1417218991 0.634195000939703 2.10780933757971 15.25
3715 15250.8354297236 15250.8354297236 0.634195000939703 2.10780933757971 15.25
3716 15252.5292270593 15252.5292270593 0.634195000939703 2.10780933757971 15.25
3717 15254.2231138917 15254.2231138917 0.634195000939703 2.10780933757971 15.25
3718 15255.9170902031 15255.9170902031 0.634195000939703 2.10780933757971 15.25
3719 15257.6111559236 15257.6111559236 0.634195000939703 2.10780933757971 15.25
3720 15259.3053110921 15259.3053110921 0.634195000939703 2.10780933757971 15.25
3721 15260.9995555818 15260.9995555818 0.634195000939703 2.10780933757971 15.25
3722 15262.6938894878 15262.6938894878 0.634195000939703 2.10780933757971 15.25
3723 15264.3883126277 15264.3883126277 0.634195000939703 2.10780933757971 15.25
3724 15266.0828251395 15266.0828251395 0.634195000939703 2.10780933757971 15.25
3725 15267.7774268214 15267.7774268214 0.634195000939703 2.10780933757971 15.25
3726 15269.4721178049 15269.4721178049 0.634195000939703 2.10780933757971 15.25
3727 15271.166897927 15271.166897927 0.634195000939703 2.10780933757971 15.25
3728 15272.8617672635 15272.8617672635 0.634195000939703 2.10780933757971 15.25
3729 15274.5567257072 15274.5567257072 0.634195000939703 2.10780933757971 15.25
3730 15276.2517732781 15276.2517732781 0.634195000939703 2.10780933757971 15.25
3731 15277.9469099244 15277.9469099244 0.634195000939703 2.10780933757971 15.25
3732 15279.6421356106 15279.6421356106 0.634195000939703 2.10780933757971 15.25
3733 15281.3374503413 15281.3374503413 0.634195000939703 2.10780933757971 15.25
3734 15283.0328540246 15283.0328540246 0.634195000939703 2.10780933757971 15.25
3735 15284.7283467211 15284.7283467211 0.634195000939703 2.10780933757971 15.25
3736 15286.4239282829 15286.4239282829 0.634195000939703 2.10780933757971 15.25
3737 15288.1195988267 15288.1195988267 0.634195000939703 2.10780933757971 15.25
3738 15289.8153581488 15289.8153581488 0.634195000939703 2.10780933757971 15.25
3739 15291.5112064001 15291.5112064001 0.634195000939703 2.10780933757971 15.25
3740 15293.2071433856 15293.2071433856 0.634195000939703 2.10780933757971 15.25
3741 15294.9031692198 15294.9031692198 0.634195000939703 2.10780933757971 15.25
3742 15296.599283757 15296.599283757 0.634195000939703 2.10780933757971 15.25
3743 15298.2954870562 15298.2954870562 0.634195000939703 2.10780933757971 15.25
3744 15299.9917790268 15299.9917790268 0.634195000939703 2.10780933757971 15.25
3745 15301.6881596724 15301.6881596724 0.634195000939703 2.10780933757971 15.25
3746 15303.384628959 15303.384628959 0.634195000939703 2.10780933757971 15.25
3747 15305.0811868333 15305.0811868333 0.634195000939703 2.10780933757971 15.25
3748 15306.7778333177 15306.7778333177 0.634195000939703 2.10780933757971 15.25
3749 15308.4745683029 15308.4745683029 0.634195000939703 2.10780933757971 15.25
3750 15310.1713918672 15310.1713918672 0.634195000939703 2.10780933757971 15.25
3751 15311.8683038434 15311.8683038434 0.634195000939703 2.10780933757971 15.25
3752 15313.5653043657 15313.5653043657 0.634195000939703 2.10780933757971 15.25
3753 15315.2623932216 15315.2623932216 0.634195000939703 2.10780933757971 15.25
3754 15316.9595705605 15316.9595705605 0.634195000939703 2.10780933757971 15.25
3755 15318.6568362021 15318.6568362021 0.634195000939703 2.10780933757971 15.25
3756 15320.3541902407 15320.3541902407 0.634195000939703 2.10780933757971 15.25
3757 15322.0516325506 15322.0516325506 0.634195000939703 2.10780933757971 15.25
3758 15323.7491631704 15323.7491631704 0.634195000939703 2.10780933757971 15.25
3759 15325.4467820316 15325.4467820316 0.634195000939703 2.10780933757971 15.25
3760 15327.1444891157 15327.1444891157 0.634195000939703 2.10780933757971 15.25
3761 15328.8422844106 15328.8422844106 0.634195000939703 2.10780933757971 15.25
3762 15330.5401678418 15330.5401678418 0.634195000939703 2.10780933757971 15.25
3763 15332.2381394532 15332.2381394532 0.634195000939703 2.10780933757971 15.25
3764 15333.9361991143 15333.9361991143 0.634195000939703 2.10780933757971 15.25
3765 15335.6343469251 15335.6343469251 0.634195000939703 2.10780933757971 15.25
3766 15337.3325826991 15337.3325826991 0.634195000939703 2.10780933757971 15.25
3767 15339.0309065793 15339.0309065793 0.634195000939703 2.10780933757971 15.25
3768 15340.7293183619 15340.7293183619 0.634195000939703 2.10780933757971 15.25
3769 15342.42781818 15342.42781818 0.634195000939703 2.10780933757971 15.25
3770 15344.1264058696 15344.1264058696 0.634195000939703 2.10780933757971 15.25
3771 15345.8250815078 15345.8250815078 0.634195000939703 2.10780933757971 15.25
3772 15347.5238449878 15347.5238449878 0.634195000939703 2.10780933757971 15.25
3773 15349.2226963299 15349.2226963299 0.634195000939703 2.10780933757971 15.25
3774 15350.9216354834 15350.9216354834 0.634195000939703 2.10780933757971 15.25
3775 15352.6206624105 15352.6206624105 0.634195000939703 2.10780933757971 15.25
3776 15354.3197771048 15354.3197771048 0.634195000939703 2.10780933757971 15.25
3777 15356.0189794791 15356.0189794791 0.634195000939703 2.10780933757971 15.25
3778 15357.7182696065 15357.7182696065 0.634195000939703 2.10780933757971 15.25
3779 15359.417647335 15359.417647335 0.634195000939703 2.10780933757971 15.25
3780 15361.1171127866 15361.1171127866 0.634195000939703 2.10780933757971 15.25
3781 15362.8166657527 15362.8166657527 0.634195000939703 2.10780933757971 15.25
3782 15364.516306388 15364.516306388 0.634195000939703 2.10780933757971 15.25
3783 15366.2160344994 15366.2160344994 0.634195000939703 2.10780933757971 15.25
3784 15367.9158501981 15367.9158501981 0.634195000939703 2.10780933757971 15.25
3785 15369.6157533428 15369.6157533428 0.634195000939703 2.10780933757971 15.25
3786 15371.3157439887 15371.3157439887 0.634195000939703 2.10780933757971 15.25
3787 15373.0158220506 15373.0158220506 0.634195000939703 2.10780933757971 15.25
3788 15374.7159875276 15374.7159875276 0.634195000939703 2.10780933757971 15.25
3789 15376.4162403909 15376.4162403909 0.634195000939703 2.10780933757971 15.25
3790 15378.1165805828 15378.1165805828 0.634195000939703 2.10780933757971 15.25
3791 15379.8170081311 15379.8170081311 0.634195000939703 2.10780933757971 15.25
3792 15381.5175229225 15381.5175229225 0.634195000939703 2.10780933757971 15.25
3793 15383.2181250402 15383.2181250402 0.634195000939703 2.10780933757971 15.25
3794 15384.9188143151 15384.9188143151 0.634195000939703 2.10780933757971 15.25
3795 15386.6195908821 15386.6195908821 0.634195000939703 2.10780933757971 15.25
3796 15388.3204545291 15388.3204545291 0.634195000939703 2.10780933757971 15.25
3797 15390.021405406 15390.021405406 0.634195000939703 2.10780933757971 15.25
3798 15391.722443333 15391.722443333 0.634195000939703 2.10780933757971 15.25
3799 15393.4235684046 15393.4235684046 0.634195000939703 2.10780933757971 15.25
3800 15395.1247804964 15395.1247804964 0.634195000939703 2.10780933757971 15.25
3801 15396.8260796445 15396.8260796445 0.634195000939703 2.10780933757971 15.25
3802 15398.5274657855 15398.5274657855 0.634195000939703 2.10780933757971 15.25
3803 15400.2289388972 15400.2289388972 0.634195000939703 2.10780933757971 15.25
3804 15401.9304989721 15401.9304989721 0.634195000939703 2.10780933757971 15.25
3805 15403.632145932 15403.632145932 0.634195000939703 2.10780933757971 15.25
3806 15405.3338798255 15405.3338798255 0.634195000939703 2.10780933757971 15.25
3807 15407.0357005182 15407.0357005182 0.634195000939703 2.10780933757971 15.25
3808 15408.7376081154 15408.7376081154 0.634195000939703 2.10780933757971 15.25
3809 15410.4396024262 15410.4396024262 0.634195000939703 2.10780933757971 15.25
3810 15412.1416835965 15412.1416835965 0.634195000939703 2.10780933757971 15.25
3811 15413.8438514253 15413.8438514253 0.634195000939703 2.10780933757971 15.25
3812 15415.546106041 15415.546106041 0.634195000939703 2.10780933757971 15.25
3813 15417.2484472857 15417.2484472857 0.634195000939703 2.10780933757971 15.25
3814 15418.9508752319 15418.9508752319 0.634195000939703 2.10780933757971 15.25
3815 15420.6533897777 15420.6533897777 0.634195000939703 2.10780933757971 15.25
3816 15422.3559909396 15422.3559909396 0.634195000939703 2.10780933757971 15.25
3817 15424.0586786718 15424.0586786718 0.634195000939703 2.10780933757971 15.25
3818 15425.7614529349 15425.7614529349 0.634195000939703 2.10780933757971 15.25
3819 15427.4643137385 15427.4643137385 0.634195000939703 2.10780933757971 15.25
3820 15429.1672609877 15429.1672609877 0.634195000939703 2.10780933757971 15.25
3821 15430.8702947487 15430.8702947487 0.634195000939703 2.10780933757971 15.25
3822 15432.5734148697 15432.5734148697 0.634195000939703 2.10780933757971 15.25
3823 15434.2766214733 15434.2766214733 0.634195000939703 2.10780933757971 15.25
3824 15435.9799143517 15435.9799143517 0.634195000939703 2.10780933757971 15.25
3825 15437.6832936598 15437.6832936598 0.634195000939703 2.10780933757971 15.25
3826 15439.386759205 15439.386759205 0.634195000939703 2.10780933757971 15.25
3827 15441.090311097 15441.090311097 0.634195000939703 2.10780933757971 15.25
3828 15442.7939491987 15442.7939491987 0.634195000939703 2.10780933757971 15.25
3829 15444.4976735621 15444.4976735621 0.634195000939703 2.10780933757971 15.25
3830 15446.2014841067 15446.2014841067 0.634195000939703 2.10780933757971 15.25
3831 15447.9053808276 15447.9053808276 0.634195000939703 2.10780933757971 15.25
3832 15449.6093637007 15449.6093637007 0.634195000939703 2.10780933757971 15.25
3833 15451.3134326651 15451.3134326651 0.634195000939703 2.10780933757971 15.25
3834 15453.0175877528 15453.0175877528 0.634195000939703 2.10780933757971 15.25
3835 15454.7218288467 15454.7218288467 0.634195000939703 2.10780933757971 15.25
3836 15456.4261560347 15456.4261560347 0.634195000939703 2.10780933757971 15.25
3837 15458.1305691445 15458.1305691445 0.634195000939703 2.10780933757971 15.25
3838 15459.8350683131 15459.8350683131 0.634195000939703 2.10780933757971 15.25
3839 15461.539653331 15461.539653331 0.634195000939703 2.10780933757971 15.25
3840 15463.2443243446 15463.2443243446 0.634195000939703 2.10780933757971 15.25
3841 15464.9490811788 15464.9490811788 0.634195000939703 2.10780933757971 15.25
3842 15466.6539239237 15466.6539239237 0.634195000939703 2.10780933757971 15.25
3843 15468.3588524605 15468.3588524605 0.634195000939703 2.10780933757971 15.25
3844 15470.0638668233 15470.0638668233 0.634195000939703 2.10780933757971 15.25
3845 15471.768966949 15471.768966949 0.634195000939703 2.10780933757971 15.25
3846 15473.4741528164 15473.4741528164 0.634195000939703 2.10780933757971 15.25
3847 15475.179424418 15475.179424418 0.634195000939703 2.10780933757971 15.25
3848 15476.8847816761 15476.8847816761 0.634195000939703 2.10780933757971 15.25
3849 15478.5902246401 15478.5902246401 0.634195000939703 2.10780933757971 15.25
3850 15480.295753176 15480.295753176 0.634195000939703 2.10780933757971 15.25
3851 15482.0013673891 15482.0013673891 0.634195000939703 2.10780933757971 15.25
3852 15483.7070670894 15483.7070670894 0.634195000939703 2.10780933757971 15.25
3853 15485.4128524213 15485.4128524213 0.634195000939703 2.10780933757971 15.25
3854 15487.1187231878 15487.1187231878 0.634195000939703 2.10780933757971 15.25
3855 15488.8246795147 15488.8246795147 0.634195000939703 2.10780933757971 15.25
3856 15490.5307212479 15490.5307212479 0.634195000939703 2.10780933757971 15.25
3857 15492.2368484565 15492.2368484565 0.634195000939703 2.10780933757971 15.25
3858 15493.9430610432 15493.9430610432 0.634195000939703 2.10780933757971 15.25
3859 15495.6493590208 15495.6493590208 0.634195000939703 2.10780933757971 15.25
3860 15497.3557423481 15497.3557423481 0.634195000939703 2.10780933757971 15.25
3861 15499.0622109818 15499.0622109818 0.634195000939703 2.10780933757971 15.25
3862 15500.768764937 15500.768764937 0.634195000939703 2.10780933757971 15.25
3863 15502.4754041142 15502.4754041142 0.634195000939703 2.10780933757971 15.25
3864 15504.1821285846 15504.1821285846 0.634195000939703 2.10780933757971 15.25
3865 15505.8889381928 15505.8889381928 0.634195000939703 2.10780933757971 15.25
3866 15507.5958330656 15507.5958330656 0.634195000939703 2.10780933757971 15.25
3867 15509.3028129919 15509.3028129919 0.634195000939703 2.10780933757971 15.25
3868 15511.0098781292 15511.0098781292 0.634195000939703 2.10780933757971 15.25
3869 15512.7170282872 15512.7170282872 0.634195000939703 2.10780933757971 15.25
3870 15514.4242635741 15514.4242635741 0.634195000939703 2.10780933757971 15.25
3871 15516.1315838537 15516.1315838537 0.634195000939703 2.10780933757971 15.25
3872 15517.8389891779 15517.8389891779 0.634195000939703 2.10780933757971 15.25
3873 15519.5464794668 15519.5464794668 0.634195000939703 2.10780933757971 15.25
3874 15521.2540547164 15521.2540547164 0.634195000939703 2.10780933757971 15.25
3875 15522.9617149021 15522.9617149021 0.634195000939703 2.10780933757971 15.25
3876 15524.6694599644 15524.6694599644 0.634195000939703 2.10780933757971 15.25
3877 15526.3772899354 15526.3772899354 0.634195000939703 2.10780933757971 15.25
3878 15528.0852046985 15528.0852046985 0.634195000939703 2.10780933757971 15.25
3879 15529.7932043425 15529.7932043425 0.634195000939703 2.10780933757971 15.25
3880 15531.5012886924 15531.5012886924 0.634195000939703 2.10780933757971 15.25
3881 15533.2094578888 15533.2094578888 0.634195000939703 2.10780933757971 15.25
3882 15534.9177117244 15534.9177117244 0.634195000939703 2.10780933757971 15.25
3883 15536.6260503417 15536.6260503417 0.634195000939703 2.10780933757971 15.25
3884 15538.3344735708 15538.3344735708 0.634195000939703 2.10780933757971 15.25
3885 15540.0429814977 15540.0429814977 0.634195000939703 2.10780933757971 15.25
3886 15541.7515740083 15541.7515740083 0.634195000939703 2.10780933757971 15.25
3887 15543.4602511329 15543.4602511329 0.634195000939703 2.10780933757971 15.25
3888 15545.1690128135 15545.1690128135 0.634195000939703 2.10780933757971 15.25
3889 15546.8778590242 15546.8778590242 0.634195000939703 2.10780933757971 15.25
3890 15548.5867897632 15548.5867897632 0.634195000939703 2.10780933757971 15.25
3891 15550.2958049487 15550.2958049487 0.634195000939703 2.10780933757971 15.25
3892 15552.0049046345 15552.0049046345 0.634195000939703 2.10780933757971 15.25
3893 15553.7140886834 15553.7140886834 0.634195000939703 2.10780933757971 15.25
3894 15555.4233572051 15555.4233572051 0.634195000939703 2.10780933757971 15.25
3895 15557.1327100057 15557.1327100057 0.634195000939703 2.10780933757971 15.25
3896 15558.8421472345 15558.8421472345 0.634195000939703 2.10780933757971 15.25
3897 15560.5516686931 15560.5516686931 0.634195000939703 2.10780933757971 15.25
3898 15562.261274507 15562.261274507 0.634195000939703 2.10780933757971 15.25
3899 15563.9709645232 15563.9709645232 0.634195000939703 2.10780933757971 15.25
3900 15565.6807388112 15565.6807388112 0.634195000939703 2.10780933757971 15.25
3901 15567.3905972738 15567.3905972738 0.634195000939703 2.10780933757971 15.25
3902 15569.100539925 15569.100539925 0.634195000939703 2.10780933757971 15.25
3903 15570.8105667235 15570.8105667235 0.634195000939703 2.10780933757971 15.25
3904 15572.5206776265 15572.5206776265 0.634195000939703 2.10780933757971 15.25
3905 15574.2308726497 15574.2308726497 0.634195000939703 2.10780933757971 15.25
3906 15575.941151694 15575.941151694 0.634195000939703 2.10780933757971 15.25
3907 15577.6515148312 15577.6515148312 0.634195000939703 2.10780933757971 15.25
3908 15579.3619619038 15579.3619619038 0.634195000939703 2.10780933757971 15.25
3909 15581.0724930442 15581.0724930442 0.634195000939703 2.10780933757971 15.25
3910 15582.7831080367 15582.7831080367 0.634195000939703 2.10780933757971 15.25
3911 15584.4938070416 15584.4938070416 0.634195000939703 2.10780933757971 15.25
3912 15586.2045898716 15586.2045898716 0.634195000939703 2.10780933757971 15.25
3913 15587.9154566303 15587.9154566303 0.634195000939703 2.10780933757971 15.25
3914 15589.6264071869 15589.6264071869 0.634195000939703 2.10780933757971 15.25
3915 15591.3374415894 15591.3374415894 0.634195000939703 2.10780933757971 15.25
3916 15593.0485597624 15593.0485597624 0.634195000939703 2.10780933757971 15.25
3917 15594.7597616981 15594.7597616981 0.634195000939703 2.10780933757971 15.25
3918 15596.4710473773 15596.4710473773 0.634195000939703 2.10780933757971 15.25
3919 15598.1824167358 15598.1824167358 0.634195000939703 2.10780933757971 15.25
3920 15599.8938698108 15599.8938698108 0.634195000939703 2.10780933757971 15.25
3921 15601.6054064823 15601.6054064823 0.634195000939703 2.10780933757971 15.25
3922 15603.3170268429 15603.3170268429 0.634195000939703 2.10780933757971 15.25
3923 15605.0287307167 15605.0287307167 0.634195000939703 2.10780933757971 15.25
3924 15606.7405182445 15606.7405182445 0.634195000939703 2.10780933757971 15.25
3925 15608.4523892195 15608.4523892195 0.634195000939703 2.10780933757971 15.25
3926 15610.164343785 15610.164343785 0.634195000939703 2.10780933757971 15.25
3927 15611.8763817707 15611.8763817707 0.634195000939703 2.10780933757971 15.25
3928 15613.5885032638 15613.5885032638 0.634195000939703 2.10780933757971 15.25
3929 15615.3007081505 15615.3007081505 0.634195000939703 2.10780933757971 15.25
3930 15617.0129964613 15617.0129964613 0.634195000939703 2.10780933757971 15.25
3931 15618.7253681393 15618.7253681393 0.634195000939703 2.10780933757971 15.25
3932 15620.4378231585 15620.4378231585 0.634195000939703 2.10780933757971 15.25
3933 15622.1503615177 15622.1503615177 0.634195000939703 2.10780933757971 15.25
3934 15623.8629831354 15623.8629831354 0.634195000939703 2.10780933757971 15.25
3935 15625.5756880665 15625.5756880665 0.634195000939703 2.10780933757971 15.25
3936 15627.2884761711 15627.2884761711 0.634195000939703 2.10780933757971 15.25
3937 15629.0013475645 15629.0013475645 0.634195000939703 2.10780933757971 15.25
3938 15630.7143020486 15630.7143020486 0.634195000939703 2.10780933757971 15.25
3939 15632.4273397753 15632.4273397753 0.634195000939703 2.10780933757971 15.25
3940 15634.1404605469 15634.1404605469 0.634195000939703 2.10780933757971 15.25
3941 15635.8536644667 15635.8536644667 0.634195000939703 2.10780933757971 15.25
3942 15637.5669514068 15637.5669514068 0.634195000939703 2.10780933757971 15.25
3943 15639.2803214329 15639.2803214329 0.634195000939703 2.10780933757971 15.25
3944 15640.9937744528 15640.9937744528 0.634195000939703 2.10780933757971 15.25
3945 15642.7073104759 15642.7073104759 0.634195000939703 2.10780933757971 15.25
3946 15644.4209294665 15644.4209294665 0.634195000939703 2.10780933757971 15.25
3947 15646.1346313776 15646.1346313776 0.634195000939703 2.10780933757971 15.25
3948 15647.8484162298 15647.8484162298 0.634195000939703 2.10780933757971 15.25
3949 15649.5622839199 15649.5622839199 0.634195000939703 2.10780933757971 15.25
3950 15651.2762345247 15651.2762345247 0.634195000939703 2.10780933757971 15.25
3951 15652.990267885 15652.990267885 0.634195000939703 2.10780933757971 15.25
3952 15654.7043841336 15654.7043841336 0.634195000939703 2.10780933757971 15.25
3953 15656.4185830551 15656.4185830551 0.634195000939703 2.10780933757971 15.25
3954 15658.1328648103 15658.1328648103 0.634195000939703 2.10780933757971 15.25
3955 15659.8472292125 15659.8472292125 0.634195000939703 2.10780933757971 15.25
3956 15661.5616763666 15661.5616763666 0.634195000939703 2.10780933757971 15.25
3957 15663.2762061408 15663.2762061408 0.634195000939703 2.10780933757971 15.25
3958 15664.9908185838 15664.9908185838 0.634195000939703 2.10780933757971 15.25
3959 15666.7055136214 15666.7055136214 0.634195000939703 2.10780933757971 15.25
3960 15668.4202912456 15668.4202912456 0.634195000939703 2.10780933757971 15.25
3961 15670.1351514381 15670.1351514381 0.634195000939703 2.10780933757971 15.25
3962 15671.850094135 15671.850094135 0.634195000939703 2.10780933757971 15.25
3963 15673.565119374 15673.565119374 0.634195000939703 2.10780933757971 15.25
3964 15675.280227033 15675.280227033 0.634195000939703 2.10780933757971 15.25
3965 15676.9954172102 15676.9954172102 0.634195000939703 2.10780933757971 15.25
3966 15678.7106897251 15678.7106897251 0.634195000939703 2.10780933757971 15.25
3967 15680.4260447215 15680.4260447215 0.634195000939703 2.10780933757971 15.25
3968 15682.141481995 15682.141481995 0.634195000939703 2.10780933757971 15.25
3969 15683.8570016851 15683.8570016851 0.634195000939703 2.10780933757971 15.25
3970 15685.5726036264 15685.5726036264 0.634195000939703 2.10780933757971 15.25
3971 15687.2882879021 15687.2882879021 0.634195000939703 2.10780933757971 15.25
3972 15689.0040544031 15689.0040544031 0.634195000939703 2.10780933757971 15.25
3973 15690.7199031565 15690.7199031565 0.634195000939703 2.10780933757971 15.25
3974 15692.4358341094 15692.4358341094 0.634195000939703 2.10780933757971 15.25
3975 15694.1518472325 15694.1518472325 0.634195000939703 2.10780933757971 15.25
3976 15695.8679425294 15695.8679425294 0.634195000939703 2.10780933757971 15.25
3977 15697.5841199144 15697.5841199144 0.634195000939703 2.10780933757971 15.25
3978 15699.3003794475 15699.3003794475 0.634195000939703 2.10780933757971 15.25
3979 15701.0167209868 15701.0167209868 0.634195000939703 2.10780933757971 15.25
3980 15702.7331446483 15702.7331446483 0.634195000939703 2.10780933757971 15.25
3981 15704.4496502341 15704.4496502341 0.634195000939703 2.10780933757971 15.25
3982 15706.1662378971 15706.1662378971 0.634195000939703 2.10780933757971 15.25
3983 15707.8829074414 15707.8829074414 0.634195000939703 2.10780933757971 15.25
3984 15709.5996589896 15709.5996589896 0.634195000939703 2.10780933757971 15.25
3985 15711.3164923936 15711.3164923936 0.634195000939703 2.10780933757971 15.25
3986 15713.0334077197 15713.0334077197 0.634195000939703 2.10780933757971 15.25
3987 15714.7504048759 15714.7504048759 0.634195000939703 2.10780933757971 15.25
3988 15716.4674838724 15716.4674838724 0.634195000939703 2.10780933757971 15.25
3989 15718.1846446734 15718.1846446734 0.634195000939703 2.10780933757971 15.25
3990 15719.9018872331 15719.9018872331 0.634195000939703 2.10780933757971 15.25
3991 15721.6192115725 15721.6192115725 0.634195000939703 2.10780933757971 15.25
3992 15723.336617586 15723.336617586 0.634195000939703 2.10780933757971 15.25
3993 15725.0541053553 15725.0541053553 0.634195000939703 2.10780933757971 15.25
3994 15726.7716747177 15726.7716747177 0.634195000939703 2.10780933757971 15.25
3995 15728.4893258086 15728.4893258086 0.634195000939703 2.10780933757971 15.25
3996 15730.2070584151 15730.2070584151 0.634195000939703 2.10780933757971 15.25
3997 15731.9248726944 15731.9248726944 0.634195000939703 2.10780933757971 15.25
3998 15733.642768464 15733.642768464 0.634195000939703 2.10780933757971 15.25
3999 15735.3607458248 15735.3607458248 0.634195000939703 2.10780933757971 15.25
4000 15737.0788046506 15737.0788046506 0.634195000939703 2.10780933757971 15.25
4001 15738.7969449861 15738.7969449861 0.634195000939703 2.10780933757971 15.25
4002 15740.5151667614 15740.5151667614 0.634195000939703 2.10780933757971 15.25
4003 15742.2334699649 15742.2334699649 0.634195000939703 2.10780933757971 15.25
4004 15743.951854583 15743.951854583 0.634195000939703 2.10780933757971 15.25
4005 15745.6703205478 15745.6703205478 0.634195000939703 2.10780933757971 15.25
4006 15747.3888679021 15747.3888679021 0.634195000939703 2.10780933757971 15.25
4007 15749.1074965216 15749.1074965216 0.634195000939703 2.10780933757971 15.25
4008 15750.8262065056 15750.8262065056 0.634195000939703 2.10780933757971 15.25
4009 15752.5449976734 15752.5449976734 0.634195000939703 2.10780933757971 15.25
4010 15754.2638701698 15754.2638701698 0.634195000939703 2.10780933757971 15.25
4011 15755.9828237904 15755.9828237904 0.634195000939703 2.10780933757971 15.25
4012 15757.7018586754 15757.7018586754 0.634195000939703 2.10780933757971 15.25
4013 15759.4209746598 15759.4209746598 0.634195000939703 2.10780933757971 15.25
4014 15761.1401718273 15761.1401718273 0.634195000939703 2.10780933757971 15.25
4015 15762.8594500691 15762.8594500691 0.634195000939703 2.10780933757971 15.25
4016 15764.5788094129 15764.5788094129 0.634195000939703 2.10780933757971 15.25
4017 15766.2982498061 15766.2982498061 0.634195000939703 2.10780933757971 15.25
4018 15768.01777122 15768.01777122 0.634195000939703 2.10780933757971 15.25
4019 15769.7373736585 15769.7373736585 0.634195000939703 2.10780933757971 15.25
4020 15771.4570570365 15771.4570570365 0.634195000939703 2.10780933757971 15.25
4021 15773.1768214143 15773.1768214143 0.634195000939703 2.10780933757971 15.25
4022 15774.8966666484 15774.8966666484 0.634195000939703 2.10780933757971 15.25
4023 15776.6165928596 15776.6165928596 0.634195000939703 2.10780933757971 15.25
4024 15778.3365998458 15778.3365998458 0.634195000939703 2.10780933757971 15.25
4025 15780.056687763 15780.056687763 0.634195000939703 2.10780933757971 15.25
4026 15781.776856418 15781.776856418 0.634195000939703 2.10780933757971 15.25
4027 15783.4971059289 15783.4971059289 0.634195000939703 2.10780933757971 15.25
4028 15785.2174361523 15785.2174361523 0.634195000939703 2.10780933757971 15.25
4029 15786.9378471512 15786.9378471512 0.634195000939703 2.10780933757971 15.25
4030 15788.6583388382 15788.6583388382 0.634195000939703 2.10780933757971 15.25
4031 15790.3789112196 15790.3789112196 0.634195000939703 2.10780933757971 15.25
4032 15792.0995642645 15792.0995642645 0.634195000939703 2.10780933757971 15.25
4033 15793.8202979228 15793.8202979228 0.634195000939703 2.10780933757971 15.25
4034 15795.5411122202 15795.5411122202 0.634195000939703 2.10780933757971 15.25
4035 15797.2620070501 15797.2620070501 0.634195000939703 2.10780933757971 15.25
4036 15798.9829824946 15798.9829824946 0.634195000939703 2.10780933757971 15.25
4037 15800.7040383907 15800.7040383907 0.634195000939703 2.10780933757971 15.25
4038 15802.4251748748 15802.4251748748 0.634195000939703 2.10780933757971 15.25
4039 15804.1463917341 15804.1463917341 0.634195000939703 2.10780933757971 15.25
4040 15805.8676891267 15805.8676891267 0.634195000939703 2.10780933757971 15.25
4041 15807.58906687 15807.58906687 0.634195000939703 2.10780933757971 15.25
4042 15809.3105250658 15809.3105250658 0.634195000939703 2.10780933757971 15.25
4043 15811.0320635881 15811.0320635881 0.634195000939703 2.10780933757971 15.25
4044 15812.7536824821 15812.7536824821 0.634195000939703 2.10780933757971 15.25
4045 15814.4753816783 15814.4753816783 0.634195000939703 2.10780933757971 15.25
4046 15816.1971611657 15816.1971611657 0.634195000939703 2.10780933757971 15.25
4047 15817.9190209309 15817.9190209309 0.634195000939703 2.10780933757971 15.25
4048 15819.6409609067 15819.6409609067 0.634195000939703 2.10780933757971 15.25
4049 15821.3629811361 15821.3629811361 0.634195000939703 2.10780933757971 15.25
4050 15823.0850814955 15823.0850814955 0.634195000939703 2.10780933757971 15.25
4051 15824.8072620844 15824.8072620844 0.634195000939703 2.10780933757971 15.25
4052 15826.5295227205 15826.5295227205 0.634195000939703 2.10780933757971 15.25
4053 15828.2518635512 15828.2518635512 0.634195000939703 2.10780933757971 15.25
4054 15829.9742843746 15829.9742843746 0.634195000939703 2.10780933757971 15.25
4055 15831.6967853273 15831.6967853273 0.634195000939703 2.10780933757971 15.25
4056 15833.4193662486 15833.4193662486 0.634195000939703 2.10780933757971 15.25
4057 15835.1420272188 15835.1420272188 0.634195000939703 2.10780933757971 15.25
4058 15836.8647681336 15836.8647681336 0.634195000939703 2.10780933757971 15.25
4059 15838.5875890168 15838.5875890168 0.634195000939703 2.10780933757971 15.25
4060 15840.3104898204 15840.3104898204 0.634195000939703 2.10780933757971 15.25
4061 15842.0334705123 15842.0334705123 0.634195000939703 2.10780933757971 15.25
4062 15843.7565311014 15843.7565311014 0.634195000939703 2.10780933757971 15.25
4063 15845.4796714975 15845.4796714975 0.634195000939703 2.10780933757971 15.25
4064 15847.2028917667 15847.2028917667 0.634195000939703 2.10780933757971 15.25
4065 15848.9261917633 15848.9261917633 0.634195000939703 2.10780933757971 15.25
4066 15850.6495716089 15850.6495716089 0.634195000939703 2.10780933757971 15.25
4067 15852.3730311016 15852.3730311016 0.634195000939703 2.10780933757971 15.25
4068 15854.0965703978 15854.0965703978 0.634195000939703 2.10780933757971 15.25
4069 15855.8201893044 15855.8201893044 0.634195000939703 2.10780933757971 15.25
4070 15857.5438879408 15857.5438879408 0.634195000939703 2.10780933757971 15.25
4071 15859.2676661638 15859.2676661638 0.634195000939703 2.10780933757971 15.25
4072 15860.9915240364 15860.9915240364 0.634195000939703 2.10780933757971 15.25
4073 15862.7154614719 15862.7154614719 0.634195000939703 2.10780933757971 15.25
4074 15864.4394784769 15864.4394784769 0.634195000939703 2.10780933757971 15.25
4075 15866.1635750212 15866.1635750212 0.634195000939703 2.10780933757971 15.25
4076 15867.8877510549 15867.8877510549 0.634195000939703 2.10780933757971 15.25
4077 15869.6120066043 15869.6120066043 0.634195000939703 2.10780933757971 15.25
4078 15871.336341563 15871.336341563 0.634195000939703 2.10780933757971 15.25
4079 15873.0607560138 15873.0607560138 0.634195000939703 2.10780933757971 15.25
4080 15874.785249794 15874.785249794 0.634195000939703 2.10780933757971 15.25
4081 15876.5098230405 15876.5098230405 0.634195000939703 2.10780933757971 15.25
4082 15878.2344755408 15878.2344755408 0.634195000939703 2.10780933757971 15.25
4083 15879.9592074513 15879.9592074513 0.634195000939703 2.10780933757971 15.25
4084 15881.6840185944 15881.6840185944 0.634195000939703 2.10780933757971 15.25
4085 15883.4089090678 15883.4089090678 0.634195000939703 2.10780933757971 15.25
4086 15885.1338787503 15885.1338787503 0.634195000939703 2.10780933757971 15.25
4087 15886.8589276832 15886.8589276832 0.634195000939703 2.10780933757971 15.25
4088 15888.5840558018 15888.5840558018 0.634195000939703 2.10780933757971 15.25
4089 15890.3092630911 15890.3092630911 0.634195000939703 2.10780933757971 15.25
4090 15892.0345495427 15892.0345495427 0.634195000939703 2.10780933757971 15.25
4091 15893.7599150852 15893.7599150852 0.634195000939703 2.10780933757971 15.25
4092 15895.4853597667 15895.4853597667 0.634195000939703 2.10780933757971 15.25
4093 15897.2108834593 15897.2108834593 0.634195000939703 2.10780933757971 15.25
4094 15898.9364862676 15898.9364862676 0.634195000939703 2.10780933757971 15.25
4095 15900.6621680072 15900.6621680072 0.634195000939703 2.10780933757971 15.25
4096 15902.3879288264 15902.3879288264 0.634195000939703 2.10780933757971 15.25
4097 15904.1137685239 15904.1137685239 0.634195000939703 2.10780933757971 15.25
4098 15905.839687236 15905.839687236 0.634195000939703 2.10780933757971 15.25
4099 15907.5656848025 15907.5656848025 0.634195000939703 2.10780933757971 15.25
4100 15909.2917613047 15909.2917613047 0.634195000939703 2.10780933757971 15.25
4101 15911.0179166384 15911.0179166384 0.634195000939703 2.10780933757971 15.25
4102 15912.7441508279 15912.7441508279 0.634195000939703 2.10780933757971 15.25
4103 15914.4704638258 15914.4704638258 0.634195000939703 2.10780933757971 15.25
4104 15916.1968556001 15916.1968556001 0.634195000939703 2.10780933757971 15.25
4105 15917.9233261489 15917.9233261489 0.634195000939703 2.10780933757971 15.25
4106 15919.6498753834 15919.6498753834 0.634195000939703 2.10780933757971 15.25
4107 15921.3765033807 15921.3765033807 0.634195000939703 2.10780933757971 15.25
4108 15923.103209995 15923.103209995 0.634195000939703 2.10780933757971 15.25
4109 15924.8299953491 15924.8299953491 0.634195000939703 2.10780933757971 15.25
4110 15926.5568592412 15926.5568592412 0.634195000939703 2.10780933757971 15.25
4111 15928.2838018277 15928.2838018277 0.634195000939703 2.10780933757971 15.25
4112 15930.0108229166 15930.0108229166 0.634195000939703 2.10780933757971 15.25
4113 15931.737922627 15931.737922627 0.634195000939703 2.10780933757971 15.25
4114 15933.465100817 15933.465100817 0.634195000939703 2.10780933757971 15.25
4115 15935.1923575471 15935.1923575471 0.634195000939703 2.10780933757971 15.25
4116 15936.919692736 15936.919692736 0.634195000939703 2.10780933757971 15.25
4117 15938.6471063858 15938.6471063858 0.634195000939703 2.10780933757971 15.25
4118 15940.3745984717 15940.3745984717 0.634195000939703 2.10780933757971 15.25
4119 15942.1021689391 15942.1021689391 0.634195000939703 2.10780933757971 15.25
4120 15943.8298178199 15943.8298178199 0.634195000939703 2.10780933757971 15.25
4121 15945.557545003 15945.557545003 0.634195000939703 2.10780933757971 15.25
4122 15947.2853505768 15947.2853505768 0.634195000939703 2.10780933757971 15.25
4123 15949.0132343738 15949.0132343738 0.634195000939703 2.10780933757971 15.25
4124 15950.7411965343 15950.7411965343 0.634195000939703 2.10780933757971 15.25
4125 15952.4692368479 15952.4692368479 0.634195000939703 2.10780933757971 15.25
4126 15954.1973554696 15954.1973554696 0.634195000939703 2.10780933757971 15.25
4127 15955.9255522218 15955.9255522218 0.634195000939703 2.10780933757971 15.25
4128 15957.6538272031 15957.6538272031 0.634195000939703 2.10780933757971 15.25
4129 15959.3821802923 15959.3821802923 0.634195000939703 2.10780933757971 15.25
4130 15961.1106115315 15961.1106115315 0.634195000939703 2.10780933757971 15.25
4131 15962.8391208561 15962.8391208561 0.634195000939703 2.10780933757971 15.25
4132 15964.5677082517 15964.5677082517 0.634195000939703 2.10780933757971 15.25
4133 15966.2963737104 15966.2963737104 0.634195000939703 2.10780933757971 15.25
4134 15968.025117161 15968.025117161 0.634195000939703 2.10780933757971 15.25
4135 15969.7539386522 15969.7539386522 0.634195000939703 2.10780933757971 15.25
4136 15971.4828380565 15971.4828380565 0.634195000939703 2.10780933757971 15.25
4137 15973.211815479 15973.211815479 0.634195000939703 2.10780933757971 15.25
4138 15974.9408707357 15974.9408707357 0.634195000939703 2.10780933757971 15.25
4139 15976.6700039752 15976.6700039752 0.634195000939703 2.10780933757971 15.25
4140 15978.3992149961 15978.3992149961 0.634195000939703 2.10780933757971 15.25
4141 15980.1285039363 15980.1285039363 0.634195000939703 2.10780933757971 15.25
4142 15981.8578706355 15981.8578706355 0.634195000939703 2.10780933757971 15.25
4143 15983.5873151752 15983.5873151752 0.634195000939703 2.10780933757971 15.25
4144 15985.3168374518 15985.3168374518 0.634195000939703 2.10780933757971 15.25
4145 15987.04643749 15987.04643749 0.634195000939703 2.10780933757971 15.25
4146 15988.7761152429 15988.7761152429 0.634195000939703 2.10780933757971 15.25
4147 15990.5058706766 15990.5058706766 0.634195000939703 2.10780933757971 15.25
4148 15992.235703805 15992.235703805 0.634195000939703 2.10780933757971 15.25
4149 15993.9656145354 15993.9656145354 0.634195000939703 2.10780933757971 15.25
4150 15995.6956029385 15995.6956029385 0.634195000939703 2.10780933757971 15.25
4151 15997.425668865 15997.425668865 0.634195000939703 2.10780933757971 15.25
4152 15999.1558124419 15999.1558124419 0.634195000939703 2.10780933757971 15.25
4153 16000.8860334638 16000.8860334638 0.634195000939703 2.10780933757971 15.25
4154 16002.6163320901 16002.6163320901 0.634195000939703 2.10780933757971 15.25
4155 16004.3467081306 16004.3467081306 0.634195000939703 2.10780933757971 15.25
4156 16006.0771617014 16006.0771617014 0.634195000939703 2.10780933757971 15.25
4157 16007.8076926644 16007.8076926644 0.634195000939703 2.10780933757971 15.25
4158 16009.5383010792 16009.5383010792 0.634195000939703 2.10780933757971 15.25
4159 16011.2689868642 16011.2689868642 0.634195000939703 2.10780933757971 15.25
4160 16012.9997500225 16012.9997500225 0.634195000939703 2.10780933757971 15.25
4161 16014.7305905291 16014.7305905291 0.634195000939703 2.10780933757971 15.25
4162 16016.4615083307 16016.4615083307 0.634195000939703 2.10780933757971 15.25
4163 16018.1925034587 16018.1925034587 0.634195000939703 2.10780933757971 15.25
4164 16019.9235758032 16019.9235758032 0.634195000939703 2.10780933757971 15.25
4165 16021.6547254523 16021.6547254523 0.634195000939703 2.10780933757971 15.25
4166 16023.3859522396 16023.3859522396 0.634195000939703 2.10780933757971 15.25
4167 16025.1172563054 16025.1172563054 0.634195000939703 2.10780933757971 15.25
4168 16026.8486374397 16026.8486374397 0.634195000939703 2.10780933757971 15.25
4169 16028.5800957982 16028.5800957982 0.634195000939703 2.10780933757971 15.25
4170 16030.3116312035 16030.3116312035 0.634195000939703 2.10780933757971 15.25
4171 16032.0432437546 16032.0432437546 0.634195000939703 2.10780933757971 15.25
4172 16033.7749333308 16033.7749333308 0.634195000939703 2.10780933757971 15.25
4173 16035.5066999747 16035.5066999747 0.634195000939703 2.10780933757971 15.25
4174 16037.2385436221 16037.2385436221 0.634195000939703 2.10780933757971 15.25
4175 16038.9704642589 16038.9704642589 0.634195000939703 2.10780933757971 15.25
4176 16040.7024618776 16040.7024618776 0.634195000939703 2.10780933757971 15.25
4177 16042.4345364076 16042.4345364076 0.634195000939703 2.10780933757971 15.25
4178 16044.1666878979 16044.1666878979 0.634195000939703 2.10780933757971 15.25
4179 16045.8989162215 16045.8989162215 0.634195000939703 2.10780933757971 15.25
4180 16047.6312214838 16047.6312214838 0.634195000939703 2.10780933757971 15.25
4181 16049.363603499 16049.363603499 0.634195000939703 2.10780933757971 15.25
4182 16051.0960624185 16051.0960624185 0.634195000939703 2.10780933757971 15.25
4183 16052.8285980434 16052.8285980434 0.634195000939703 2.10780933757971 15.25
4184 16054.5612105075 16054.5612105075 0.634195000939703 2.10780933757971 15.25
4185 16056.2938996556 16056.2938996556 0.634195000939703 2.10780933757971 15.25
4186 16058.026665565 16058.026665565 0.634195000939703 2.10780933757971 15.25
4187 16059.759508137 16059.759508137 0.634195000939703 2.10780933757971 15.25
4188 16061.4924273923 16061.4924273923 0.634195000939703 2.10780933757971 15.25
4189 16063.2254232888 16063.2254232888 0.634195000939703 2.10780933757971 15.25
4190 16064.9584957908 16064.9584957908 0.634195000939703 2.10780933757971 15.25
4191 16066.6916449127 16066.6916449127 0.634195000939703 2.10780933757971 15.25
4192 16068.4248705622 16068.4248705622 0.634195000939703 2.10780933757971 15.25
4193 16070.1581728103 16070.1581728103 0.634195000939703 2.10780933757971 15.25
4194 16071.8915515082 16071.8915515082 0.634195000939703 2.10780933757971 15.25
4195 16073.6250067835 16073.6250067835 0.634195000939703 2.10780933757971 15.25
4196 16075.3585384307 16075.3585384307 0.634195000939703 2.10780933757971 15.25
4197 16077.0921466102 16077.0921466102 0.634195000939703 2.10780933757971 15.25
4198 16078.8258311319 16078.8258311319 0.634195000939703 2.10780933757971 15.25
4199 16080.5595921124 16080.5595921124 0.634195000939703 2.10780933757971 15.25
4200 16082.2934294139 16082.2934294139 0.634195000939703 2.10780933757971 15.25
4201 16084.0273430965 16084.0273430965 0.634195000939703 2.10780933757971 15.25
4202 16085.7613330791 16085.7613330791 0.634195000939703 2.10780933757971 15.25
4203 16087.4953993651 16087.4953993651 0.634195000939703 2.10780933757971 15.25
4204 16089.22954193 16089.22954193 0.634195000939703 2.10780933757971 15.25
4205 16090.9637607208 16090.9637607208 0.634195000939703 2.10780933757971 15.25
4206 16092.6980557694 16092.6980557694 0.634195000939703 2.10780933757971 15.25
4207 16094.4324269663 16094.4324269663 0.634195000939703 2.10780933757971 15.25
4208 16096.1668744001 16096.1668744001 0.634195000939703 2.10780933757971 15.25
4209 16097.9013979046 16097.9013979046 0.634195000939703 2.10780933757971 15.25
4210 16099.6359976206 16099.6359976206 0.634195000939703 2.10780933757971 15.25
4211 16101.3706733386 16101.3706733386 0.634195000939703 2.10780933757971 15.25
4212 16103.1054252147 16103.1054252147 0.634195000939703 2.10780933757971 15.25
4213 16104.8402530717 16104.8402530717 0.634195000939703 2.10780933757971 15.25
4214 16106.5751570072 16106.5751570072 0.634195000939703 2.10780933757971 15.25
4215 16108.3101369051 16108.3101369051 0.634195000939703 2.10780933757971 15.25
4216 16110.0451928039 16110.0451928039 0.634195000939703 2.10780933757971 15.25
4217 16111.7803246444 16111.7803246444 0.634195000939703 2.10780933757971 15.25
4218 16113.5155324084 16113.5155324084 0.634195000939703 2.10780933757971 15.25
4219 16115.2508160932 16115.2508160932 0.634195000939703 2.10780933757971 15.25
4220 16116.9861756243 16116.9861756243 0.634195000939703 2.10780933757971 15.25
4221 16118.7216110555 16118.7216110555 0.634195000939703 2.10780933757971 15.25
4222 16120.4571222557 16120.4571222557 0.634195000939703 2.10780933757971 15.25
4223 16122.1927093353 16122.1927093353 0.634195000939703 2.10780933757971 15.25
4224 16123.9283721065 16123.9283721065 0.634195000939703 2.10780933757971 15.25
4225 16125.6641107213 16125.6641107213 0.634195000939703 2.10780933757971 15.25
4226 16127.399924981 16127.399924981 0.634195000939703 2.10780933757971 15.25
4227 16129.1358150201 16129.1358150201 0.634195000939703 2.10780933757971 15.25
4228 16130.8717806835 16130.8717806835 0.634195000939703 2.10780933757971 15.25
4229 16132.6078220489 16132.6078220489 0.634195000939703 2.10780933757971 15.25
4230 16134.3439390185 16134.3439390185 0.634195000939703 2.10780933757971 15.25
4231 16136.0801316128 16136.0801316128 0.634195000939703 2.10780933757971 15.25
4232 16137.8163997907 16137.8163997907 0.634195000939703 2.10780933757971 15.25
4233 16139.5527435162 16139.5527435162 0.634195000939703 2.10780933757971 15.25
4234 16141.289162805 16141.289162805 0.634195000939703 2.10780933757971 15.25
4235 16143.0256575642 16143.0256575642 0.634195000939703 2.10780933757971 15.25
4236 16144.7622278662 16144.7622278662 0.634195000939703 2.10780933757971 15.25
4237 16146.4988735616 16146.4988735616 0.634195000939703 2.10780933757971 15.25
4238 16148.2355947794 16148.2355947794 0.634195000939703 2.10780933757971 15.25
4239 16149.9723913137 16149.9723913137 0.634195000939703 2.10780933757971 15.25
4240 16151.7092633261 16151.7092633261 0.634195000939703 2.10780933757971 15.25
4241 16153.4462106259 16153.4462106259 0.634195000939703 2.10780933757971 15.25
4242 16155.1832333312 16155.1832333312 0.634195000939703 2.10780933757971 15.25
4243 16156.920331304 16156.920331304 0.634195000939703 2.10780933757971 15.25
4244 16158.6575046046 16158.6575046046 0.634195000939703 2.10780933757971 15.25
4245 16160.3947531529 16160.3947531529 0.634195000939703 2.10780933757971 15.25
4246 16162.132076952 16162.132076952 0.634195000939703 2.10780933757971 15.25
4247 16163.8694759787 16163.8694759787 0.634195000939703 2.10780933757971 15.25
4248 16165.6069501794 16165.6069501794 0.634195000939703 2.10780933757971 15.25
4249 16167.3444995874 16167.3444995874 0.634195000939703 2.10780933757971 15.25
4250 16169.0821240905 16169.0821240905 0.634195000939703 2.10780933757971 15.25
4251 16170.8198237829 16170.8198237829 0.634195000939703 2.10780933757971 15.25
4252 16172.5575984936 16172.5575984936 0.634195000939703 2.10780933757971 15.25
4253 16174.2954483671 16174.2954483671 0.634195000939703 2.10780933757971 15.25
4254 16176.0333731952 16176.0333731952 0.634195000939703 2.10780933757971 15.25
4255 16177.7713731311 16177.7713731311 0.634195000939703 2.10780933757971 15.25
4256 16179.5094480017 16179.5094480017 0.634195000939703 2.10780933757971 15.25
4257 16181.2475979031 16181.2475979031 0.634195000939703 2.10780933757971 15.25
4258 16182.9858227196 16182.9858227196 0.634195000939703 2.10780933757971 15.25
4259 16184.7241224902 16184.7241224902 0.634195000939703 2.10780933757971 15.25
4260 16186.4624971558 16186.4624971558 0.634195000939703 2.10780933757971 15.25
4261 16188.2009466989 16188.2009466989 0.634195000939703 2.10780933757971 15.25
4262 16189.9394711172 16189.9394711172 0.634195000939703 2.10780933757971 15.25
4263 16191.6780703363 16191.6780703363 0.634195000939703 2.10780933757971 15.25
4264 16193.4167444107 16193.4167444107 0.634195000939703 2.10780933757971 15.25
4265 16195.1554932095 16195.1554932095 0.634195000939703 2.10780933757971 15.25
4266 16196.8943168438 16196.8943168438 0.634195000939703 2.10780933757971 15.25
4267 16198.6332151258 16198.6332151258 0.634195000939703 2.10780933757971 15.25
4268 16200.3721882083 16200.3721882083 0.634195000939703 2.10780933757971 15.25
4269 16202.1112358927 16202.1112358927 0.634195000939703 2.10780933757971 15.25
4270 16203.850358295 16203.850358295 0.634195000939703 2.10780933757971 15.25
4271 16205.5895552776 16205.5895552776 0.634195000939703 2.10780933757971 15.25
4272 16207.3288269208 16207.3288269208 0.634195000939703 2.10780933757971 15.25
4273 16209.0681731265 16209.0681731265 0.634195000939703 2.10780933757971 15.25
4274 16210.8075939166 16210.8075939166 0.634195000939703 2.10780933757971 15.25
4275 16212.5470892493 16212.5470892493 0.634195000939703 2.10780933757971 15.25
4276 16214.28665909 16214.28665909 0.634195000939703 2.10780933757971 15.25
4277 16216.0263034534 16216.0263034534 0.634195000939703 2.10780933757971 15.25
4278 16217.7660222488 16217.7660222488 0.634195000939703 2.10780933757971 15.25
4279 16219.505815548 16219.505815548 0.634195000939703 2.10780933757971 15.25
4280 16221.2456832024 16221.2456832024 0.634195000939703 2.10780933757971 15.25
4281 16222.9856253407 16222.9856253407 0.634195000939703 2.10780933757971 15.25
4282 16224.7256417583 16224.7256417583 0.634195000939703 2.10780933757971 15.25
4283 16226.4657326163 16226.4657326163 0.634195000939703 2.10780933757971 15.25
4284 16228.2058977252 16228.2058977252 0.634195000939703 2.10780933757971 15.25
4285 16229.9461372007 16229.9461372007 0.634195000939703 2.10780933757971 15.25
4286 16231.6864509097 16231.6864509097 0.634195000939703 2.10780933757971 15.25
4287 16233.4268389092 16233.4268389092 0.634195000939703 2.10780933757971 15.25
4288 16235.1673011229 16235.1673011229 0.634195000939703 2.10780933757971 15.25
4289 16236.9078375509 16236.9078375509 0.634195000939703 2.10780933757971 15.25
4290 16238.6484481737 16238.6484481737 0.634195000939703 2.10780933757971 15.25
4291 16240.3891329347 16240.3891329347 0.634195000939703 2.10780933757971 15.25
4292 16242.1298918712 16242.1298918712 0.634195000939703 2.10780933757971 15.25
4293 16243.8707248699 16243.8707248699 0.634195000939703 2.10780933757971 15.25
4294 16245.6116320247 16245.6116320247 0.634195000939703 2.10780933757971 15.25
4295 16247.3526131658 16247.3526131658 0.634195000939703 2.10780933757971 15.25
4296 16249.0936684372 16249.0936684372 0.634195000939703 2.10780933757971 15.25
4297 16250.8347976319 16250.8347976319 0.634195000939703 2.10780933757971 15.25
4298 16252.5760009029 16252.5760009029 0.634195000939703 2.10780933757971 15.25
4299 16254.3172780779 16254.3172780779 0.634195000939703 2.10780933757971 15.25
4300 16256.0586292533 16256.0586292533 0.634195000939703 2.10780933757971 15.25
4301 16257.8000543136 16257.8000543136 0.634195000939703 2.10780933757971 15.25
4302 16259.5415532984 16259.5415532984 0.634195000939703 2.10780933757971 15.25
4303 16261.283126149 16261.283126149 0.634195000939703 2.10780933757971 15.25
4304 16263.0247728482 16263.0247728482 0.634195000939703 2.10780933757971 15.25
4305 16264.7664933941 16264.7664933941 0.634195000939703 2.10780933757971 15.25
4306 16266.5082877128 16266.5082877128 0.634195000939703 2.10780933757971 15.25
4307 16268.2501558591 16268.2501558591 0.634195000939703 2.10780933757971 15.25
4308 16269.9920977025 16269.9920977025 0.634195000939703 2.10780933757971 15.25
4309 16271.7341133545 16271.7341133545 0.634195000939703 2.10780933757971 15.25
4310 16273.4762026279 16273.4762026279 0.634195000939703 2.10780933757971 15.25
4311 16275.2183656756 16275.2183656756 0.634195000939703 2.10780933757971 15.25
4312 16276.9606022994 16276.9606022994 0.634195000939703 2.10780933757971 15.25
4313 16278.7029126351 16278.7029126351 0.634195000939703 2.10780933757971 15.25
4314 16280.445296528 16280.445296528 0.634195000939703 2.10780933757971 15.25
4315 16282.187754057 16282.187754057 0.634195000939703 2.10780933757971 15.25
4316 16283.9302851244 16283.9302851244 0.634195000939703 2.10780933757971 15.25
4317 16285.6728897523 16285.6728897523 0.634195000939703 2.10780933757971 15.25
4318 16287.4155678997 16287.4155678997 0.634195000939703 2.10780933757971 15.25
4319 16289.1583195321 16289.1583195321 0.634195000939703 2.10780933757971 15.25
4320 16290.9011446651 16290.9011446651 0.634195000939703 2.10780933757971 15.25
4321 16292.6440432076 16292.6440432076 0.634195000939703 2.10780933757971 15.25
4322 16294.3870152322 16294.3870152322 0.634195000939703 2.10780933757971 15.25
4323 16296.1300605883 16296.1300605883 0.634195000939703 2.10780933757971 15.25
4324 16297.8731794097 16297.8731794097 0.634195000939703 2.10780933757971 15.25
4325 16299.6163714871 16299.6163714871 0.634195000939703 2.10780933757971 15.25
4326 16301.3596369853 16301.3596369853 0.634195000939703 2.10780933757971 15.25
4327 16303.1029757169 16303.1029757169 0.634195000939703 2.10780933757971 15.25
4328 16304.8463877956 16304.8463877956 0.634195000939703 2.10780933757971 15.25
4329 16306.5898730888 16306.5898730888 0.634195000939703 2.10780933757971 15.25
4330 16308.3334316539 16308.3334316539 0.634195000939703 2.10780933757971 15.25
4331 16310.077063415 16310.077063415 0.634195000939703 2.10780933757971 15.25
4332 16311.8207683725 16311.8207683725 0.634195000939703 2.10780933757971 15.25
4333 16313.5645465075 16313.5645465075 0.634195000939703 2.10780933757971 15.25
4334 16315.3083977636 16315.3083977636 0.634195000939703 2.10780933757971 15.25
4335 16317.0523221787 16317.0523221787 0.634195000939703 2.10780933757971 15.25
4336 16318.7963196396 16318.7963196396 0.634195000939703 2.10780933757971 15.25
4337 16320.540390241 16320.540390241 0.634195000939703 2.10780933757971 15.25
4338 16322.284533813 16322.284533813 0.634195000939703 2.10780933757971 15.25
4339 16324.0287505003 16324.0287505003 0.634195000939703 2.10780933757971 15.25
4340 16325.7730400963 16325.7730400963 0.634195000939703 2.10780933757971 15.25
4341 16327.5174027543 16327.5174027543 0.634195000939703 2.10780933757971 15.25
4342 16329.2618383024 16329.2618383024 0.634195000939703 2.10780933757971 15.25
4343 16331.0063468374 16331.0063468374 0.634195000939703 2.10780933757971 15.25
4344 16332.7509282443 16332.7509282443 0.634195000939703 2.10780933757971 15.25
4345 16334.4955825628 16334.4955825628 0.634195000939703 2.10780933757971 15.25
4346 16336.2403097349 16336.2403097349 0.634195000939703 2.10780933757971 15.25
4347 16337.9851097436 16337.9851097436 0.634195000939703 2.10780933757971 15.25
4348 16339.7299825875 16339.7299825875 0.634195000939703 2.10780933757971 15.25
4349 16341.4749281931 16341.4749281931 0.634195000939703 2.10780933757971 15.25
4350 16343.2199466155 16343.2199466155 0.634195000939703 2.10780933757971 15.25
4351 16344.9650377246 16344.9650377246 0.634195000939703 2.10780933757971 15.25
4352 16346.7102016324 16346.7102016324 0.634195000939703 2.10780933757971 15.25
4353 16348.4554381518 16348.4554381518 0.634195000939703 2.10780933757971 15.25
4354 16350.2007474365 16350.2007474365 0.634195000939703 2.10780933757971 15.25
4355 16351.9461292885 16351.9461292885 0.634195000939703 2.10780933757971 15.25
4356 16353.6915838438 16353.6915838438 0.634195000939703 2.10780933757971 15.25
4357 16355.4371109484 16355.4371109484 0.634195000939703 2.10780933757971 15.25
4358 16357.1827106814 16357.1827106814 0.634195000939703 2.10780933757971 15.25
4359 16358.9283829455 16358.9283829455 0.634195000939703 2.10780933757971 15.25
4360 16360.6741277633 16360.6741277633 0.634195000939703 2.10780933757971 15.25
4361 16362.4199450941 16362.4199450941 0.634195000939703 2.10780933757971 15.25
4362 16364.1658349016 16364.1658349016 0.634195000939703 2.10780933757971 15.25
4363 16365.9117972063 16365.9117972063 0.634195000939703 2.10780933757971 15.25
4364 16367.6578319128 16367.6578319128 0.634195000939703 2.10780933757971 15.25
4365 16369.4039390986 16369.4039390986 0.634195000939703 2.10780933757971 15.25
4366 16371.1501186115 16371.1501186115 0.634195000939703 2.10780933757971 15.25
4367 16372.8963705856 16372.8963705856 0.634195000939703 2.10780933757971 15.25
4368 16374.6426948122 16374.6426948122 0.634195000939703 2.10780933757971 15.25
4369 16376.389091456 16376.389091456 0.634195000939703 2.10780933757971 15.25
4370 16378.1355603301 16378.1355603301 0.634195000939703 2.10780933757971 15.25
4371 16379.8821015486 16379.8821015486 0.634195000939703 2.10780933757971 15.25
4372 16381.6287149795 16381.6287149795 0.634195000939703 2.10780933757971 15.25
4373 16383.37540068 16383.37540068 0.634195000939703 2.10780933757971 15.25
4374 16385.1221585754 16385.1221585754 0.634195000939703 2.10780933757971 15.25
4375 16386.8689886665 16386.8689886665 0.634195000939703 2.10780933757971 15.25
4376 16388.6158909341 16388.6158909341 0.634195000939703 2.10780933757971 15.25
4377 16390.3628653226 16390.3628653226 0.634195000939703 2.10780933757971 15.25
4378 16392.1099118701 16392.1099118701 0.634195000939703 2.10780933757971 15.25
4379 16393.8570304639 16393.8570304639 0.634195000939703 2.10780933757971 15.25
4380 16395.604221199 16395.604221199 0.634195000939703 2.10780933757971 15.25
4381 16397.351483906 16397.351483906 0.634195000939703 2.10780933757971 15.25
4382 16399.0988187301 16399.0988187301 0.634195000939703 2.10780933757971 15.25
4383 16400.8462254646 16400.8462254646 0.634195000939703 2.10780933757971 15.25
4384 16402.5937042637 16402.5937042637 0.634195000939703 2.10780933757971 15.25
4385 16404.3412549556 16404.3412549556 0.634195000939703 2.10780933757971 15.25
4386 16406.0888776377 16406.0888776377 0.634195000939703 2.10780933757971 15.25
4387 16407.8365721951 16407.8365721951 0.634195000939703 2.10780933757971 15.25
4388 16409.5843386681 16409.5843386681 0.634195000939703 2.10780933757971 15.25
4389 16411.332176999 16411.332176999 0.634195000939703 2.10780933757971 15.25
4390 16413.0800871712 16413.0800871712 0.634195000939703 2.10780933757971 15.25
4391 16414.8280691837 16414.8280691837 0.634195000939703 2.10780933757971 15.25
4392 16416.5761229633 16416.5761229633 0.634195000939703 2.10780933757971 15.25
4393 16418.3242485657 16418.3242485657 0.634195000939703 2.10780933757971 15.25
4394 16420.0724458609 16420.0724458609 0.634195000939703 2.10780933757971 15.25
4395 16421.8207149615 16421.8207149615 0.634195000939703 2.10780933757971 15.25
4396 16423.5690556807 16423.5690556807 0.634195000939703 2.10780933757971 15.25
4397 16425.3174681726 16425.3174681726 0.634195000939703 2.10780933757971 15.25
4398 16427.0659522394 16427.0659522394 0.634195000939703 2.10780933757971 15.25
4399 16428.8145080179 16428.8145080179 0.634195000939703 2.10780933757971 15.25
4400 16430.563135354 16430.563135354 0.634195000939703 2.10780933757971 15.25
4401 16432.3118343254 16432.3118343254 0.634195000939703 2.10780933757971 15.25
4402 16434.0606048393 16434.0606048393 0.634195000939703 2.10780933757971 15.25
4403 16435.8094469144 16435.8094469144 0.634195000939703 2.10780933757971 15.25
4404 16437.5583605147 16437.5583605147 0.634195000939703 2.10780933757971 15.25
4405 16439.3073456022 16439.3073456022 0.634195000939703 2.10780933757971 15.25
4406 16441.0564021976 16441.0564021976 0.634195000939703 2.10780933757971 15.25
4407 16442.8055302062 16442.8055302062 0.634195000939703 2.10780933757971 15.25
4408 16444.5547297055 16444.5547297055 0.634195000939703 2.10780933757971 15.25
4409 16446.3040005439 16446.3040005439 0.634195000939703 2.10780933757971 15.25
4410 16448.0533428559 16448.0533428559 0.634195000939703 2.10780933757971 15.25
4411 16449.802756433 16449.802756433 0.634195000939703 2.10780933757971 15.25
4412 16451.5522414405 16451.5522414405 0.634195000939703 2.10780933757971 15.25
4413 16453.3017976915 16453.3017976915 0.634195000939703 2.10780933757971 15.25
4414 16455.0514253011 16455.0514253011 0.634195000939703 2.10780933757971 15.25
4415 16456.8011241372 16456.8011241372 0.634195000939703 2.10780933757971 15.25
4416 16458.550894258 16458.550894258 0.634195000939703 2.10780933757971 15.25
4417 16460.3007355882 16460.3007355882 0.634195000939703 2.10780933757971 15.25
4418 16462.0506481295 16462.0506481295 0.634195000939703 2.10780933757971 15.25
4419 16463.8006318631 16463.8006318631 0.634195000939703 2.10780933757971 15.25
4420 16465.5506867333 16465.5506867333 0.634195000939703 2.10780933757971 15.25
4421 16467.3008127794 16467.3008127794 0.634195000939703 2.10780933757971 15.25
4422 16469.0510098888 16469.0510098888 0.634195000939703 2.10780933757971 15.25
4423 16470.8012781569 16470.8012781569 0.634195000939703 2.10780933757971 15.25
4424 16472.5516174143 16472.5516174143 0.634195000939703 2.10780933757971 15.25
4425 16474.3020278068 16474.3020278068 0.634195000939703 2.10780933757971 15.25
4426 16476.0525091282 16476.0525091282 0.634195000939703 2.10780933757971 15.25
4427 16477.8030615329 16477.8030615329 0.634195000939703 2.10780933757971 15.25
4428 16479.5536848496 16479.5536848496 0.634195000939703 2.10780933757971 15.25
4429 16481.304379176 16481.304379176 0.634195000939703 2.10780933757971 15.25
4430 16483.0551443976 16483.0551443976 0.634195000939703 2.10780933757971 15.25
4431 16484.8059805552 16484.8059805552 0.634195000939703 2.10780933757971 15.25
4432 16486.5568875912 16486.5568875912 0.634195000939703 2.10780933757971 15.25
4433 16488.3078654897 16488.3078654897 0.634195000939703 2.10780933757971 15.25
4434 16490.0589142434 16490.0589142434 0.634195000939703 2.10780933757971 15.25
4435 16491.8100337723 16491.8100337723 0.634195000939703 2.10780933757971 15.25
4436 16493.5612241461 16493.5612241461 0.634195000939703 2.10780933757971 15.25
4437 16495.3124852352 16495.3124852352 0.634195000939703 2.10780933757971 15.25
4438 16497.0638171527 16497.0638171527 0.634195000939703 2.10780933757971 15.25
4439 16498.815219712 16498.815219712 0.634195000939703 2.10780933757971 15.25
4440 16500.5666930677 16500.5666930677 0.634195000939703 2.10780933757971 15.25
4441 16502.3182370224 16502.3182370224 0.634195000939703 2.10780933757971 15.25
4442 16504.0698517133 16504.0698517133 0.634195000939703 2.10780933757971 15.25
4443 16505.8215369867 16505.8215369867 0.634195000939703 2.10780933757971 15.25
4444 16507.5732929202 16507.5732929202 0.634195000939703 2.10780933757971 15.25
4445 16509.3251194217 16509.3251194217 0.634195000939703 2.10780933757971 15.25
4446 16511.0770165108 16511.0770165108 0.634195000939703 2.10780933757971 15.25
4447 16512.8289841513 16512.8289841513 0.634195000939703 2.10780933757971 15.25
4448 16514.5810223055 16514.5810223055 0.634195000939703 2.10780933757971 15.25
4449 16516.3331309948 16516.3331309948 0.634195000939703 2.10780933757971 15.25
4450 16518.0853101245 16518.0853101245 0.634195000939703 2.10780933757971 15.25
4451 16519.837559773 16519.837559773 0.634195000939703 2.10780933757971 15.25
4452 16521.5898797886 16521.5898797886 0.634195000939703 2.10780933757971 15.25
4453 16523.3422703064 16523.3422703064 0.634195000939703 2.10780933757971 15.25
4454 16525.0947311184 16525.0947311184 0.634195000939703 2.10780933757971 15.25
4455 16526.8472623897 16526.8472623897 0.634195000939703 2.10780933757971 15.25
4456 16528.5998639341 16528.5998639341 0.634195000939703 2.10780933757971 15.25
4457 16530.3525358677 16530.3525358677 0.634195000939703 2.10780933757971 15.25
4458 16532.1052780579 16532.1052780579 0.634195000939703 2.10780933757971 15.25
4459 16533.8580905636 16533.8580905636 0.634195000939703 2.10780933757971 15.25
4460 16535.61097331 16535.61097331 0.634195000939703 2.10780933757971 15.25
4461 16537.3639262987 16537.3639262987 0.634195000939703 2.10780933757971 15.25
4462 16539.1169495118 16539.1169495118 0.634195000939703 2.10780933757971 15.25
4463 16540.8700428941 16540.8700428941 0.634195000939703 2.10780933757971 15.25
4464 16542.6232064847 16542.6232064847 0.634195000939703 2.10780933757971 15.25
4465 16544.3764401716 16544.3764401716 0.634195000939703 2.10780933757971 15.25
4466 16546.1297440502 16546.1297440502 0.634195000939703 2.10780933757971 15.25
4467 16547.883117952 16547.883117952 0.634195000939703 2.10780933757971 15.25
4468 16549.6365620235 16549.6365620235 0.634195000939703 2.10780933757971 15.25
4469 16551.3900760581 16551.3900760581 0.634195000939703 2.10780933757971 15.25
4470 16553.1436602109 16553.1436602109 0.634195000939703 2.10780933757971 15.25
4471 16554.897314311 16554.897314311 0.634195000939703 2.10780933757971 15.25
4472 16556.6510384564 16556.6510384564 0.634195000939703 2.10780933757971 15.25
4473 16558.4048325329 16558.4048325329 0.634195000939703 2.10780933757971 15.25
4474 16560.1586965818 16560.1586965818 0.634195000939703 2.10780933757971 15.25
4475 16561.9126305459 16561.9126305459 0.634195000939703 2.10780933757971 15.25
4476 16563.6666344096 16563.6666344096 0.634195000939703 2.10780933757971 15.25
4477 16565.4207081722 16565.4207081722 0.634195000939703 2.10780933757971 15.25
4478 16567.1748517616 16567.1748517616 0.634195000939703 2.10780933757971 15.25
4479 16568.9290652343 16568.9290652343 0.634195000939703 2.10780933757971 15.25
4480 16570.6833484609 16570.6833484609 0.634195000939703 2.10780933757971 15.25
4481 16572.4377015548 16572.4377015548 0.634195000939703 2.10780933757971 15.25
4482 16574.1921243297 16574.1921243297 0.634195000939703 2.10780933757971 15.25
4483 16575.9466169408 16575.9466169408 0.634195000939703 2.10780933757971 15.25
4484 16577.7011791909 16577.7011791909 0.634195000939703 2.10780933757971 15.25
4485 16579.4558112175 16579.4558112175 0.634195000939703 2.10780933757971 15.25
4486 16581.2105128673 16581.2105128673 0.634195000939703 2.10780933757971 15.25
4487 16582.9652842189 16582.9652842189 0.634195000939703 2.10780933757971 15.25
4488 16584.7201251797 16584.7201251797 0.634195000939703 2.10780933757971 15.25
4489 16586.4750357697 16586.4750357697 0.634195000939703 2.10780933757971 15.25
4490 16588.2300159535 16588.2300159535 0.634195000939703 2.10780933757971 15.25
4491 16589.9850656937 16589.9850656937 0.634195000939703 2.10780933757971 15.25
4492 16591.740185012 16591.740185012 0.634195000939703 2.10780933757971 15.25
4493 16593.4953738141 16593.4953738141 0.634195000939703 2.10780933757971 15.25
4494 16595.2506321786 16595.2506321786 0.634195000939703 2.10780933757971 15.25
4495 16597.0059599543 16597.0059599543 0.634195000939703 2.10780933757971 15.25
4496 16598.7613572767 16598.7613572767 0.634195000939703 2.10780933757971 15.25
4497 16600.5168239379 16600.5168239379 0.634195000939703 2.10780933757971 15.25
4498 16602.2723601041 16602.2723601041 0.634195000939703 2.10780933757971 15.25
4499 16604.0279655887 16604.0279655887 0.634195000939703 2.10780933757971 15.25
4500 16605.7836405081 16605.7836405081 0.634195000939703 2.10780933757971 15.25
4501 16607.5393847306 16607.5393847306 0.634195000939703 2.10780933757971 15.25
4502 16609.2951983153 16609.2951983153 0.634195000939703 2.10780933757971 15.25
4503 16611.0510811876 16611.0510811876 0.634195000939703 2.10780933757971 15.25
4504 16612.8070333497 16612.8070333497 0.634195000939703 2.10780933757971 15.25
4505 16614.563054784 16614.563054784 0.634195000939703 2.10780933757971 15.25
4506 16616.3191454355 16616.3191454355 0.634195000939703 2.10780933757971 15.25
4507 16618.0753053438 16618.0753053438 0.634195000939703 2.10780933757971 15.25
4508 16619.8315343971 16619.8315343971 0.634195000939703 2.10780933757971 15.25
4509 16621.5878326919 16621.5878326919 0.634195000939703 2.10780933757971 15.25
4510 16623.3442000589 16623.3442000589 0.634195000939703 2.10780933757971 15.25
4511 16625.1006366455 16625.1006366455 0.634195000939703 2.10780933757971 15.25
4512 16626.8571422456 16626.8571422456 0.634195000939703 2.10780933757971 15.25
4513 16628.6137170148 16628.6137170148 0.634195000939703 2.10780933757971 15.25
4514 16630.370360782 16630.370360782 0.634195000939703 2.10780933757971 15.25
4515 16632.1270736461 16632.1270736461 0.634195000939703 2.10780933757971 15.25
4516 16633.883855493 16633.883855493 0.634195000939703 2.10780933757971 15.25
4517 16635.6407063644 16635.6407063644 0.634195000939703 2.10780933757971 15.25
4518 16637.3976262035 16637.3976262035 0.634195000939703 2.10780933757971 15.25
4519 16639.1546149949 16639.1546149949 0.634195000939703 2.10780933757971 15.25
4520 16640.911672739 16640.911672739 0.634195000939703 2.10780933757971 15.25
4521 16642.6687993628 16642.6687993628 0.634195000939703 2.10780933757971 15.25
4522 16644.4259949241 16644.4259949241 0.634195000939703 2.10780933757971 15.25
4523 16646.1832592934 16646.1832592934 0.634195000939703 2.10780933757971 15.25
4524 16647.9405925849 16647.9405925849 0.634195000939703 2.10780933757971 15.25
4525 16649.6979946123 16649.6979946123 0.634195000939703 2.10780933757971 15.25
4526 16651.4554655314 16651.4554655314 0.634195000939703 2.10780933757971 15.25
4527 16653.2130051451 16653.2130051451 0.634195000939703 2.10780933757971 15.25
4528 16654.9706135916 16654.9706135916 0.634195000939703 2.10780933757971 15.25
4529 16656.7282907176 16656.7282907176 0.634195000939703 2.10780933757971 15.25
4530 16658.4860366043 16658.4860366043 0.634195000939703 2.10780933757971 15.25
4531 16660.2438511558 16660.2438511558 0.634195000939703 2.10780933757971 15.25
4532 16662.0017343934 16662.0017343934 0.634195000939703 2.10780933757971 15.25
4533 16663.759686283 16663.759686283 0.634195000939703 2.10780933757971 15.25
4534 16665.5177067872 16665.5177067872 0.634195000939703 2.10780933757971 15.25
4535 16667.2757959282 16667.2757959282 0.634195000939703 2.10780933757971 15.25
4536 16669.0339536119 16669.0339536119 0.634195000939703 2.10780933757971 15.25
4537 16670.7921799174 16670.7921799174 0.634195000939703 2.10780933757971 15.25
4538 16672.5504746938 16672.5504746938 0.634195000939703 2.10780933757971 15.25
4539 16674.3088380772 16674.3088380772 0.634195000939703 2.10780933757971 15.25
4540 16676.0672698595 16676.0672698595 0.634195000939703 2.10780933757971 15.25
4541 16677.8257702077 16677.8257702077 0.634195000939703 2.10780933757971 15.25
4542 16679.5843389358 16679.5843389358 0.634195000939703 2.10780933757971 15.25
4543 16681.3429761598 16681.3429761598 0.634195000939703 2.10780933757971 15.25
4544 16683.1016817489 16683.1016817489 0.634195000939703 2.10780933757971 15.25
4545 16684.8604557624 16684.8604557624 0.634195000939703 2.10780933757971 15.25
4546 16686.6192981262 16686.6192981262 0.634195000939703 2.10780933757971 15.25
4547 16688.3782088427 16688.3782088427 0.634195000939703 2.10780933757971 15.25
4548 16690.1371878947 16690.1371878947 0.634195000939703 2.10780933757971 15.25
4549 16691.8962352276 16691.8962352276 0.634195000939703 2.10780933757971 15.25
4550 16693.6553508814 16693.6553508814 0.634195000939703 2.10780933757971 15.25
4551 16695.4145347445 16695.4145347445 0.634195000939703 2.10780933757971 15.25
4552 16697.1737869137 16697.1737869137 0.634195000939703 2.10780933757971 15.25
4553 16698.9331072207 16698.9331072207 0.634195000939703 2.10780933757971 15.25
4554 16700.6924958123 16700.6924958123 0.634195000939703 2.10780933757971 15.25
4555 16702.4519524834 16702.4519524834 0.634195000939703 2.10780933757971 15.25
4556 16704.2114773896 16704.2114773896 0.634195000939703 2.10780933757971 15.25
4557 16705.9710703606 16705.9710703606 0.634195000939703 2.10780933757971 15.25
4558 16707.7307314952 16707.7307314952 0.634195000939703 2.10780933757971 15.25
4559 16709.4904606799 16709.4904606799 0.634195000939703 2.10780933757971 15.25
4560 16711.2502579568 16711.2502579568 0.634195000939703 2.10780933757971 15.25
4561 16713.0101232693 16713.0101232693 0.634195000939703 2.10780933757971 15.25
4562 16714.7700566024 16714.7700566024 0.634195000939703 2.10780933757971 15.25
4563 16716.5300579567 16716.5300579567 0.634195000939703 2.10780933757971 15.25
4564 16718.2901272604 16718.2901272604 0.634195000939703 2.10780933757971 15.25
4565 16720.0502645703 16720.0502645703 0.634195000939703 2.10780933757971 15.25
4566 16721.8104697582 16721.8104697582 0.634195000939703 2.10780933757971 15.25
4567 16723.5707429384 16723.5707429384 0.634195000939703 2.10780933757971 15.25
4568 16725.331083925 16725.331083925 0.634195000939703 2.10780933757971 15.25
4569 16727.0914928741 16727.0914928741 0.634195000939703 2.10780933757971 15.25
4570 16728.8519695889 16728.8519695889 0.634195000939703 2.10780933757971 15.25
4571 16730.612514208 16730.612514208 0.634195000939703 2.10780933757971 15.25
4572 16732.3731265785 16732.3731265785 0.634195000939703 2.10780933757971 15.25
4573 16734.1338067821 16734.1338067821 0.634195000939703 2.10780933757971 15.25
4574 16735.8945547227 16735.8945547227 0.634195000939703 2.10780933757971 15.25
4575 16737.6553704253 16737.6553704253 0.634195000939703 2.10780933757971 15.25
4576 16739.4162538503 16739.4162538503 0.634195000939703 2.10780933757971 15.25
4577 16741.177204966 16741.177204966 0.634195000939703 2.10780933757971 15.25
4578 16742.9382237903 16742.9382237903 0.634195000939703 2.10780933757971 15.25
4579 16744.6993102338 16744.6993102338 0.634195000939703 2.10780933757971 15.25
4580 16746.4604643718 16746.4604643718 0.634195000939703 2.10780933757971 15.25
4581 16748.2216860556 16748.2216860556 0.634195000939703 2.10780933757971 15.25
4582 16749.9829754219 16749.9829754219 0.634195000939703 2.10780933757971 15.25
4583 16751.7443322629 16751.7443322629 0.634195000939703 2.10780933757971 15.25
4584 16753.5057567459 16753.5057567459 0.634195000939703 2.10780933757971 15.25
4585 16755.2672486851 16755.2672486851 0.634195000939703 2.10780933757971 15.25
4586 16757.0288081976 16757.0288081976 0.634195000939703 2.10780933757971 15.25
4587 16758.7904351518 16758.7904351518 0.634195000939703 2.10780933757971 15.25
4588 16760.5521296083 16760.5521296083 0.634195000939703 2.10780933757971 15.25
4589 16762.3138914928 16762.3138914928 0.634195000939703 2.10780933757971 15.25
4590 16764.0757208084 16764.0757208084 0.634195000939703 2.10780933757971 15.25
4591 16765.837617538 16765.837617538 0.634195000939703 2.10780933757971 15.25
4592 16767.5995816275 16767.5995816275 0.634195000939703 2.10780933757971 15.25
4593 16769.3616131172 16769.3616131172 0.634195000939703 2.10780933757971 15.25
4594 16771.1237118958 16771.1237118958 0.634195000939703 2.10780933757971 15.25
4595 16772.8858780606 16772.8858780606 0.634195000939703 2.10780933757971 15.25
4596 16774.6481114434 16774.6481114434 0.634195000939703 2.10780933757971 15.25
4597 16776.4104121921 16776.4104121921 0.634195000939703 2.10780933757971 15.25
4598 16778.1727801006 16778.1727801006 0.634195000939703 2.10780933757971 15.25
4599 16779.9352153122 16779.9352153122 0.634195000939703 2.10780933757971 15.25
4600 16781.6977176644 16781.6977176644 0.634195000939703 2.10780933757971 15.25
4601 16783.4602872626 16783.4602872626 0.634195000939703 2.10780933757971 15.25
4602 16785.2229239933 16785.2229239933 0.634195000939703 2.10780933757971 15.25
4603 16786.985627899 16786.985627899 0.634195000939703 2.10780933757971 15.25
4604 16788.7483989237 16788.7483989237 0.634195000939703 2.10780933757971 15.25
4605 16790.511237052 16790.511237052 0.634195000939703 2.10780933757971 15.25
4606 16792.2741422859 16792.2741422859 0.634195000939703 2.10780933757971 15.25
4607 16794.037114553 16794.037114553 0.634195000939703 2.10780933757971 15.25
4608 16795.8001539114 16795.8001539114 0.634195000939703 2.10780933757971 15.25
4609 16797.5632602325 16797.5632602325 0.634195000939703 2.10780933757971 15.25
4610 16799.3264336311 16799.3264336311 0.634195000939703 2.10780933757971 15.25
4611 16801.0896739217 16801.0896739217 0.634195000939703 2.10780933757971 15.25
4612 16802.8529812609 16802.8529812609 0.634195000939703 2.10780933757971 15.25
4613 16804.6163554521 16804.6163554521 0.634195000939703 2.10780933757971 15.25
4614 16806.3797966343 16806.3797966343 0.634195000939703 2.10780933757971 15.25
4615 16808.143304655 16808.143304655 0.634195000939703 2.10780933757971 15.25
4616 16809.906879596 16809.906879596 0.634195000939703 2.10780933757971 15.25
4617 16811.6705213618 16811.6705213618 0.634195000939703 2.10780933757971 15.25
4618 16813.4342299777 16813.4342299777 0.634195000939703 2.10780933757971 15.25
4619 16815.1980054042 16815.1980054042 0.634195000939703 2.10780933757971 15.25
4620 16816.9618476105 16816.9618476105 0.634195000939703 2.10780933757971 15.25
4621 16818.7257566144 16818.7257566144 0.634195000939703 2.10780933757971 15.25
4622 16820.489732327 16820.489732327 0.634195000939703 2.10780933757971 15.25
4623 16822.2537748239 16822.2537748239 0.634195000939703 2.10780933757971 15.25
4624 16824.0178839589 16824.0178839589 0.634195000939703 2.10780933757971 15.25
4625 16825.7820598648 16825.7820598648 0.634195000939703 2.10780933757971 15.25
4626 16827.5463023383 16827.5463023383 0.634195000939703 2.10780933757971 15.25
4627 16829.3106115451 16829.3106115451 0.634195000939703 2.10780933757971 15.25
4628 16831.0749872975 16831.0749872975 0.634195000939703 2.10780933757971 15.25
4629 16832.839429717 16832.839429717 0.634195000939703 2.10780933757971 15.25
4630 16834.6039386687 16834.6039386687 0.634195000939703 2.10780933757971 15.25
4631 16836.3685142151 16836.3685142151 0.634195000939703 2.10780933757971 15.25
4632 16838.1331562827 16838.1331562827 0.634195000939703 2.10780933757971 15.25
4633 16839.8978648739 16839.8978648739 0.634195000939703 2.10780933757971 15.25
4634 16841.6626399734 16841.6626399734 0.634195000939703 2.10780933757971 15.25
4635 16843.4274815267 16843.4274815267 0.634195000939703 2.10780933757971 15.25
4636 16845.1923895744 16845.1923895744 0.634195000939703 2.10780933757971 15.25
4637 16846.9573640057 16846.9573640057 0.634195000939703 2.10780933757971 15.25
4638 16848.7224049182 16848.7224049182 0.634195000939703 2.10780933757971 15.25
4639 16850.4875121441 16850.4875121441 0.634195000939703 2.10780933757971 15.25
4640 16852.2526858314 16852.2526858314 0.634195000939703 2.10780933757971 15.25
4641 16854.0179257749 16854.0179257749 0.634195000939703 2.10780933757971 15.25
4642 16855.7832321316 16855.7832321316 0.634195000939703 2.10780933757971 15.25
4643 16857.5486047313 16857.5486047313 0.634195000939703 2.10780933757971 15.25
4644 16859.3140436741 16859.3140436741 0.634195000939703 2.10780933757971 15.25
4645 16861.0795488467 16861.0795488467 0.634195000939703 2.10780933757971 15.25
4646 16862.8451202922 16862.8451202922 0.634195000939703 2.10780933757971 15.25
4647 16864.6107579544 16864.6107579544 0.634195000939703 2.10780933757971 15.25
4648 16866.3764618195 16866.3764618195 0.634195000939703 2.10780933757971 15.25
4649 16868.1422318884 16868.1422318884 0.634195000939703 2.10780933757971 15.25
4650 16869.9080680897 16869.9080680897 0.634195000939703 2.10780933757971 15.25
4651 16871.6739704819 16871.6739704819 0.634195000939703 2.10780933757971 15.25
4652 16873.4399389365 16873.4399389365 0.634195000939703 2.10780933757971 15.25
4653 16875.2059735689 16875.2059735689 0.634195000939703 2.10780933757971 15.25
4654 16876.9720741937 16876.9720741937 0.634195000939703 2.10780933757971 15.25
4655 16878.738240968 16878.738240968 0.634195000939703 2.10780933757971 15.25
4656 16880.5044736955 16880.5044736955 0.634195000939703 2.10780933757971 15.25
4657 16882.2707725156 16882.2707725156 0.634195000939703 2.10780933757971 15.25
4658 16884.0371372759 16884.0371372759 0.634195000939703 2.10780933757971 15.25
4659 16885.8035680589 16885.8035680589 0.634195000939703 2.10780933757971 15.25
4660 16887.5700647692 16887.5700647692 0.634195000939703 2.10780933757971 15.25
4661 16889.3366274325 16889.3366274325 0.634195000939703 2.10780933757971 15.25
4662 16891.1032560099 16891.1032560099 0.634195000939703 2.10780933757971 15.25
4663 16892.8699504704 16892.8699504704 0.634195000939703 2.10780933757971 15.25
4664 16894.6367108325 16894.6367108325 0.634195000939703 2.10780933757971 15.25
4665 16896.4035370076 16896.4035370076 0.634195000939703 2.10780933757971 15.25
4666 16898.1704290716 16898.1704290716 0.634195000939703 2.10780933757971 15.25
4667 16899.9373868786 16899.9373868786 0.634195000939703 2.10780933757971 15.25
4668 16901.7044105619 16901.7044105619 0.634195000939703 2.10780933757971 15.25
4669 16903.4714999185 16903.4714999185 0.634195000939703 2.10780933757971 15.25
4670 16905.2386551143 16905.2386551143 0.634195000939703 2.10780933757971 15.25
4671 16907.005875962 16907.005875962 0.634195000939703 2.10780933757971 15.25
4672 16908.7731625836 16908.7731625836 0.634195000939703 2.10780933757971 15.25
4673 16910.5405148443 16910.5405148443 0.634195000939703 2.10780933757971 15.25
4674 16912.3079328093 16912.3079328093 0.634195000939703 2.10780933757971 15.25
4675 16914.0754164009 16914.0754164009 0.634195000939703 2.10780933757971 15.25
4676 16915.8429656264 16915.8429656264 0.634195000939703 2.10780933757971 15.25
4677 16917.6105804664 16917.6105804664 0.634195000939703 2.10780933757971 15.25
4678 16919.378260871 16919.378260871 0.634195000939703 2.10780933757971 15.25
4679 16921.146006877 16921.146006877 0.634195000939703 2.10780933757971 15.25
4680 16922.913818378 16922.913818378 0.634195000939703 2.10780933757971 15.25
4681 16924.6816954679 16924.6816954679 0.634195000939703 2.10780933757971 15.25
4682 16926.4496379833 16926.4496379833 0.634195000939703 2.10780933757971 15.25
4683 16928.2176460707 16928.2176460707 0.634195000939703 2.10780933757971 15.25
4684 16929.9857195227 16929.9857195227 0.634195000939703 2.10780933757971 15.25
4685 16931.753858499 16931.753858499 0.634195000939703 2.10780933757971 15.25
4686 16933.5220628298 16933.5220628298 0.634195000939703 2.10780933757971 15.25
4687 16935.2903326154 16935.2903326154 0.634195000939703 2.10780933757971 15.25
4688 16937.058667743 16937.058667743 0.634195000939703 2.10780933757971 15.25
4689 16938.827068256 16938.827068256 0.634195000939703 2.10780933757971 15.25
4690 16940.5955340981 16940.5955340981 0.634195000939703 2.10780933757971 15.25
4691 16942.3640652565 16942.3640652565 0.634195000939703 2.10780933757971 15.25
4692 16944.132661732 16944.132661732 0.634195000939703 2.10780933757971 15.25
4693 16945.9013234538 16945.9013234538 0.634195000939703 2.10780933757971 15.25
4694 16947.6700504805 16947.6700504805 0.634195000939703 2.10780933757971 15.25
4695 16949.4388426842 16949.4388426842 0.634195000939703 2.10780933757971 15.25
4696 16951.2077001805 16951.2077001805 0.634195000939703 2.10780933757971 15.25
4697 16952.9766227843 16952.9766227843 0.634195000939703 2.10780933757971 15.25
4698 16954.7456106531 16954.7456106531 0.634195000939703 2.10780933757971 15.25
4699 16956.5146635908 16956.5146635908 0.634195000939703 2.10780933757971 15.25
4700 16958.2837817374 16958.2837817374 0.634195000939703 2.10780933757971 15.25
4701 16960.0529649406 16960.0529649406 0.634195000939703 2.10780933757971 15.25
4702 16961.8222132833 16961.8222132833 0.634195000939703 2.10780933757971 15.25
4703 16963.5915266706 16963.5915266706 0.634195000939703 2.10780933757971 15.25
4704 16965.3609051279 16965.3609051279 0.634195000939703 2.10780933757971 15.25
4705 16967.1303486179 16967.1303486179 0.634195000939703 2.10780933757971 15.25
4706 16968.8998571087 16968.8998571087 0.634195000939703 2.10780933757971 15.25
4707 16970.6694306197 16970.6694306197 0.634195000939703 2.10780933757971 15.25
4708 16972.4390690625 16972.4390690625 0.634195000939703 2.10780933757971 15.25
4709 16974.2087725134 16974.2087725134 0.634195000939703 2.10780933757971 15.25
4710 16975.9785408269 16975.9785408269 0.634195000939703 2.10780933757971 15.25
4711 16977.7483741364 16977.7483741364 0.634195000939703 2.10780933757971 15.25
4712 16979.5182722393 16979.5182722393 0.634195000939703 2.10780933757971 15.25
4713 16981.2882353022 16981.2882353022 0.634195000939703 2.10780933757971 15.25
4714 16983.0582631376 16983.0582631376 0.634195000939703 2.10780933757971 15.25
4715 16984.8283558682 16984.8283558682 0.634195000939703 2.10780933757971 15.25
4716 16986.5985133593 16986.5985133593 0.634195000939703 2.10780933757971 15.25
4717 16988.3687356766 16988.3687356766 0.634195000939703 2.10780933757971 15.25
4718 16990.1390227427 16990.1390227427 0.634195000939703 2.10780933757971 15.25
4719 16991.9093745655 16991.9093745655 0.634195000939703 2.10780933757971 15.25
4720 16993.6797911251 16993.6797911251 0.634195000939703 2.10780933757971 15.25
4721 16995.4502723728 16995.4502723728 0.634195000939703 2.10780933757971 15.25
4722 16997.2208183453 16997.2208183453 0.634195000939703 2.10780933757971 15.25
4723 16998.9914289368 16998.9914289368 0.634195000939703 2.10780933757971 15.25
4724 17000.7621042414 17000.7621042414 0.634195000939703 2.10780933757971 15.25
4725 17002.5328440959 17002.5328440959 0.634195000939703 2.10780933757971 15.25
4726 17004.3036486473 17004.3036486473 0.634195000939703 2.10780933757971 15.25
4727 17006.0745176884 17006.0745176884 0.634195000939703 2.10780933757971 15.25
4728 17007.8454513817 17007.8454513817 0.634195000939703 2.10780933757971 15.25
4729 17009.616449553 17009.616449553 0.634195000939703 2.10780933757971 15.25
4730 17011.3875123075 17011.3875123075 0.634195000939703 2.10780933757971 15.25
4731 17013.1586395283 17013.1586395283 0.634195000939703 2.10780933757971 15.25
4732 17014.9298312636 17014.9298312636 0.634195000939703 2.10780933757971 15.25
4733 17016.7010874529 17016.7010874529 0.634195000939703 2.10780933757971 15.25
4734 17018.4724080883 17018.4724080883 0.634195000939703 2.10780933757971 15.25
4735 17020.2437931664 17020.2437931664 0.634195000939703 2.10780933757971 15.25
4736 17022.0152426212 17022.0152426212 0.634195000939703 2.10780933757971 15.25
4737 17023.7867565073 17023.7867565073 0.634195000939703 2.10780933757971 15.25
4738 17025.5583347012 17025.5583347012 0.634195000939703 2.10780933757971 15.25
4739 17027.3299773149 17027.3299773149 0.634195000939703 2.10780933757971 15.25
4740 17029.1016841676 17029.1016841676 0.634195000939703 2.10780933757971 15.25
4741 17030.8734554153 17030.8734554153 0.634195000939703 2.10780933757971 15.25
4742 17032.6452908598 17032.6452908598 0.634195000939703 2.10780933757971 15.25
4743 17034.4171906458 17034.4171906458 0.634195000939703 2.10780933757971 15.25
4744 17036.1891546171 17036.1891546171 0.634195000939703 2.10780933757971 15.25
4745 17037.9611828592 17037.9611828592 0.634195000939703 2.10780933757971 15.25
4746 17039.7332752773 17039.7332752773 0.634195000939703 2.10780933757971 15.25
4747 17041.505431897 17041.505431897 0.634195000939703 2.10780933757971 15.25
4748 17043.2776526817 17043.2776526817 0.634195000939703 2.10780933757971 15.25
4749 17045.0499375997 17045.0499375997 0.634195000939703 2.10780933757971 15.25
4750 17046.8222866707 17046.8222866707 0.634195000939703 2.10780933757971 15.25
4751 17048.5946998065 17048.5946998065 0.634195000939703 2.10780933757971 15.25
4752 17050.367177084 17050.367177084 0.634195000939703 2.10780933757971 15.25
4753 17052.1397183578 17052.1397183578 0.634195000939703 2.10780933757971 15.25
4754 17053.9123237619 17053.9123237619 0.634195000939703 2.10780933757971 15.25
4755 17055.6849930937 17055.6849930937 0.634195000939703 2.10780933757971 15.25
4756 17057.4577265203 17057.4577265203 0.634195000939703 2.10780933757971 15.25
4757 17059.2305238544 17059.2305238544 0.634195000939703 2.10780933757971 15.25
4758 17061.0033852193 17061.0033852193 0.634195000939703 2.10780933757971 15.25
4759 17062.7763104804 17062.7763104804 0.634195000939703 2.10780933757971 15.25
4760 17064.5492997038 17064.5492997038 0.634195000939703 2.10780933757971 15.25
4761 17066.322352812 17066.322352812 0.634195000939703 2.10780933757971 15.25
4762 17068.0954698144 17068.0954698144 0.634195000939703 2.10780933757971 15.25
4763 17069.8686506886 17069.8686506886 0.634195000939703 2.10780933757971 15.25
4764 17071.6418953709 17071.6418953709 0.634195000939703 2.10780933757971 15.25
4765 17073.4152039161 17073.4152039161 0.634195000939703 2.10780933757971 15.25
4766 17075.1885762183 17075.1885762183 0.634195000939703 2.10780933757971 15.25
4767 17076.962012372 17076.962012372 0.634195000939703 2.10780933757971 15.25
4768 17078.7355122144 17078.7355122144 0.634195000939703 2.10780933757971 15.25
4769 17080.5090758925 17080.5090758925 0.634195000939703 2.10780933757971 15.25
4770 17082.2827031998 17082.2827031998 0.634195000939703 2.10780933757971 15.25
4771 17084.0563942991 17084.0563942991 0.634195000939703 2.10780933757971 15.25
4772 17085.8301490163 17085.8301490163 0.634195000939703 2.10780933757971 15.25
4773 17087.6039674571 17087.6039674571 0.634195000939703 2.10780933757971 15.25
4774 17089.3778495049 17089.3778495049 0.634195000939703 2.10780933757971 15.25
4775 17091.1517952081 17091.1517952081 0.634195000939703 2.10780933757971 15.25
4776 17092.9258045071 17092.9258045071 0.634195000939703 2.10780933757971 15.25
4777 17094.6998773933 17094.6998773933 0.634195000939703 2.10780933757971 15.25
4778 17096.4740138644 17096.4740138644 0.634195000939703 2.10780933757971 15.25
4779 17098.2482138545 17098.2482138545 0.634195000939703 2.10780933757971 15.25
4780 17100.0224774185 17100.0224774185 0.634195000939703 2.10780933757971 15.25
4781 17101.7968044333 17101.7968044333 0.634195000939703 2.10780933757971 15.25
4782 17103.5711950112 17103.5711950112 0.634195000939703 2.10780933757971 15.25
4783 17105.3456489717 17105.3456489717 0.634195000939703 2.10780933757971 15.25
4784 17107.1201664712 17107.1201664712 0.634195000939703 2.10780933757971 15.25
4785 17108.8947473116 17108.8947473116 0.634195000939703 2.10780933757971 15.25
4786 17110.6693916382 17110.6693916382 0.634195000939703 2.10780933757971 15.25
4787 17112.444099295 17112.444099295 0.634195000939703 2.10780933757971 15.25
4788 17114.21887037 17114.21887037 0.634195000939703 2.10780933757971 15.25
4789 17115.9937047642 17115.9937047642 0.634195000939703 2.10780933757971 15.25
4790 17117.7686025086 17117.7686025086 0.634195000939703 2.10780933757971 15.25
4791 17119.5435635615 17119.5435635615 0.634195000939703 2.10780933757971 15.25
4792 17121.3185878965 17121.3185878965 0.634195000939703 2.10780933757971 15.25
4793 17123.0936755293 17123.0936755293 0.634195000939703 2.10780933757971 15.25
4794 17124.8688263763 17124.8688263763 0.634195000939703 2.10780933757971 15.25
4795 17126.6440405101 17126.6440405101 0.634195000939703 2.10780933757971 15.25
4796 17128.4193177905 17128.4193177905 0.634195000939703 2.10780933757971 15.25
4797 17130.194658347 17130.194658347 0.634195000939703 2.10780933757971 15.25
4798 17131.9700619819 17131.9700619819 0.634195000939703 2.10780933757971 15.25
4799 17133.7455288604 17133.7455288604 0.634195000939703 2.10780933757971 15.25
4800 17135.5210587931 17135.5210587931 0.634195000939703 2.10780933757971 15.25
4801 17137.2966519086 17137.2966519086 0.634195000939703 2.10780933757971 15.25
4802 17139.0723080678 17139.0723080678 0.634195000939703 2.10780933757971 15.25
4803 17140.8480273414 17140.8480273414 0.634195000939703 2.10780933757971 15.25
4804 17142.6238096484 17142.6238096484 0.634195000939703 2.10780933757971 15.25
4805 17144.3996550022 17144.3996550022 0.634195000939703 2.10780933757971 15.25
4806 17146.1755633783 17146.1755633783 0.634195000939703 2.10780933757971 15.25
4807 17147.9515347335 17147.9515347335 0.634195000939703 2.10780933757971 15.25
4808 17149.7275691009 17149.7275691009 0.634195000939703 2.10780933757971 15.25
4809 17151.5036663772 17151.5036663772 0.634195000939703 2.10780933757971 15.25
4810 17153.2798266577 17153.2798266577 0.634195000939703 2.10780933757971 15.25
4811 17155.0560497789 17155.0560497789 0.634195000939703 2.10780933757971 15.25
4812 17156.8323358893 17156.8323358893 0.634195000939703 2.10780933757971 15.25
4813 17158.6086847821 17158.6086847821 0.634195000939703 2.10780933757971 15.25
4814 17160.3850966204 17160.3850966204 0.634195000939703 2.10780933757971 15.25
4815 17162.1615712306 17162.1615712306 0.634195000939703 2.10780933757971 15.25
4816 17163.9381087187 17163.9381087187 0.634195000939703 2.10780933757971 15.25
4817 17165.7147089683 17165.7147089683 0.634195000939703 2.10780933757971 15.25
4818 17167.4913720281 17167.4913720281 0.634195000939703 2.10780933757971 15.25
4819 17169.2680978391 17169.2680978391 0.634195000939703 2.10780933757971 15.25
4820 17171.0448863928 17171.0448863928 0.634195000939703 2.10780933757971 15.25
4821 17172.8217376872 17172.8217376872 0.634195000939703 2.10780933757971 15.25
4822 17174.5986516568 17174.5986516568 0.634195000939703 2.10780933757971 15.25
4823 17176.3756283568 17176.3756283568 0.634195000939703 2.10780933757971 15.25
4824 17178.1526676645 17178.1526676645 0.634195000939703 2.10780933757971 15.25
4825 17179.9297696923 17179.9297696923 0.634195000939703 2.10780933757971 15.25
4826 17181.7069342602 17181.7069342602 0.634195000939703 2.10780933757971 15.25
4827 17183.4841615248 17183.4841615248 0.634195000939703 2.10780933757971 15.25
4828 17185.2614512885 17185.2614512885 0.634195000939703 2.10780933757971 15.25
4829 17187.0388036969 17187.0388036969 0.634195000939703 2.10780933757971 15.25
4830 17188.816218594 17188.816218594 0.634195000939703 2.10780933757971 15.25
4831 17190.5936960685 17190.5936960685 0.634195000939703 2.10780933757971 15.25
4832 17192.3712360213 17192.3712360213 0.634195000939703 2.10780933757971 15.25
4833 17194.1488384844 17194.1488384844 0.634195000939703 2.10780933757971 15.25
4834 17195.9265034158 17195.9265034158 0.634195000939703 2.10780933757971 15.25
4835 17197.7042307897 17197.7042307897 0.634195000939703 2.10780933757971 15.25
4836 17199.482020622 17199.482020622 0.634195000939703 2.10780933757971 15.25
4837 17201.2598728293 17201.2598728293 0.634195000939703 2.10780933757971 15.25
4838 17203.0377874852 17203.0377874852 0.634195000939703 2.10780933757971 15.25
4839 17204.8157644487 17204.8157644487 0.634195000939703 2.10780933757971 15.25
4840 17206.5938038505 17206.5938038505 0.634195000939703 2.10780933757971 15.25
4841 17208.3719054927 17208.3719054927 0.634195000939703 2.10780933757971 15.25
4842 17210.1500695414 17210.1500695414 0.634195000939703 2.10780933757971 15.25
4843 17211.928295807 17211.928295807 0.634195000939703 2.10780933757971 15.25
4844 17213.7065844184 17213.7065844184 0.634195000939703 2.10780933757971 15.25
4845 17215.484935237 17215.484935237 0.634195000939703 2.10780933757971 15.25
4846 17217.263348334 17217.263348334 0.634195000939703 2.10780933757971 15.25
4847 17219.0418236286 17219.0418236286 0.634195000939703 2.10780933757971 15.25
4848 17220.820361134 17220.820361134 0.634195000939703 2.10780933757971 15.25
4849 17222.598960827 17222.598960827 0.634195000939703 2.10780933757971 15.25
4850 17224.3776226639 17224.3776226639 0.634195000939703 2.10780933757971 15.25
4851 17226.1563466785 17226.1563466785 0.634195000939703 2.10780933757971 15.25
4852 17227.9351327699 17227.9351327699 0.634195000939703 2.10780933757971 15.25
4853 17229.713981029 17229.713981029 0.634195000939703 2.10780933757971 15.25
4854 17231.4928912978 17231.4928912978 0.634195000939703 2.10780933757971 15.25
4855 17233.2718637224 17233.2718637224 0.634195000939703 2.10780933757971 15.25
4856 17235.050898094 17235.050898094 0.634195000939703 2.10780933757971 15.25
4857 17236.8299945806 17236.8299945806 0.634195000939703 2.10780933757971 15.25
4858 17238.6091530045 17238.6091530045 0.634195000939703 2.10780933757971 15.25
4859 17240.3883734765 17240.3883734765 0.634195000939703 2.10780933757971 15.25
4860 17242.167655876 17242.167655876 0.634195000939703 2.10780933757971 15.25
4861 17243.9470002564 17243.9470002564 0.634195000939703 2.10780933757971 15.25
4862 17245.7264065547 17245.7264065547 0.634195000939703 2.10780933757971 15.25
4863 17247.505874767 17247.505874767 0.634195000939703 2.10780933757971 15.25
4864 17249.2854048875 17249.2854048875 0.634195000939703 2.10780933757971 15.25
4865 17251.064996855 17251.064996855 0.634195000939703 2.10780933757971 15.25
4866 17252.8446507209 17252.8446507209 0.634195000939703 2.10780933757971 15.25
4867 17254.624366367 17254.624366367 0.634195000939703 2.10780933757971 15.25
4868 17256.4041439019 17256.4041439019 0.634195000939703 2.10780933757971 15.25
4869 17258.1839831501 17258.1839831501 0.634195000939703 2.10780933757971 15.25
4870 17259.9638842665 17259.9638842665 0.634195000939703 2.10780933757971 15.25
4871 17261.7438470512 17261.7438470512 0.634195000939703 2.10780933757971 15.25
4872 17263.523871655 17263.523871655 0.634195000939703 2.10780933757971 15.25
4873 17265.3039579176 17265.3039579176 0.634195000939703 2.10780933757971 15.25
4874 17267.0841059322 17267.0841059322 0.634195000939703 2.10780933757971 15.25
4875 17268.8643155964 17268.8643155964 0.634195000939703 2.10780933757971 15.25
4876 17270.6445869458 17270.6445869458 0.634195000939703 2.10780933757971 15.25
4877 17272.4249199351 17272.4249199351 0.634195000939703 2.10780933757971 15.25
4878 17274.2053145429 17274.2053145429 0.634195000939703 2.10780933757971 15.25
4879 17275.9857707809 17275.9857707809 0.634195000939703 2.10780933757971 15.25
4880 17277.7662885689 17277.7662885689 0.634195000939703 2.10780933757971 15.25
4881 17279.5468679798 17279.5468679798 0.634195000939703 2.10780933757971 15.25
4882 17281.3275088736 17281.3275088736 0.634195000939703 2.10780933757971 15.25
4883 17283.1082113812 17283.1082113812 0.634195000939703 2.10780933757971 15.25
4884 17284.8889753051 17284.8889753051 0.634195000939703 2.10780933757971 15.25
4885 17286.669800811 17286.669800811 0.634195000939703 2.10780933757971 15.25
4886 17288.4506877107 17288.4506877107 0.634195000939703 2.10780933757971 15.25
4887 17290.2316361327 17290.2316361327 0.634195000939703 2.10780933757971 15.25
4888 17292.0126459389 17292.0126459389 0.634195000939703 2.10780933757971 15.25
4889 17293.793717201 17293.793717201 0.634195000939703 2.10780933757971 15.25
4890 17295.5748498378 17295.5748498378 0.634195000939703 2.10780933757971 15.25
4891 17297.3560438637 17297.3560438637 0.634195000939703 2.10780933757971 15.25
4892 17299.1372992554 17299.1372992554 0.634195000939703 2.10780933757971 15.25
4893 17300.9186159696 17300.9186159696 0.634195000939703 2.10780933757971 15.25
4894 17302.6999940402 17302.6999940402 0.634195000939703 2.10780933757971 15.25
4895 17304.4814333668 17304.4814333668 0.634195000939703 2.10780933757971 15.25
4896 17306.2629340406 17306.2629340406 0.634195000939703 2.10780933757971 15.25
4897 17308.0444959039 17308.0444959039 0.634195000939703 2.10780933757971 15.25
4898 17309.8261191031 17309.8261191031 0.634195000939703 2.10780933757971 15.25
4899 17311.6078034296 17311.6078034296 0.634195000939703 2.10780933757971 15.25
4900 17313.389549052 17313.389549052 0.634195000939703 2.10780933757971 15.25
4901 17315.1713557926 17315.1713557926 0.634195000939703 2.10780933757971 15.25
4902 17316.9532237626 17316.9532237626 0.634195000939703 2.10780933757971 15.25
4903 17318.7351528418 17318.7351528418 0.634195000939703 2.10780933757971 15.25
4904 17320.5171430839 17320.5171430839 0.634195000939703 2.10780933757971 15.25
4905 17322.2991944261 17322.2991944261 0.634195000939703 2.10780933757971 15.25
4906 17324.0813068649 17324.0813068649 0.634195000939703 2.10780933757971 15.25
4907 17325.8634803946 17325.8634803946 0.634195000939703 2.10780933757971 15.25
4908 17327.6457149546 17327.6457149546 0.634195000939703 2.10780933757971 15.25
4909 17329.4280105966 17329.4280105966 0.634195000939703 2.10780933757971 15.25
4910 17331.2103672025 17331.2103672025 0.634195000939703 2.10780933757971 15.25
4911 17332.9927848812 17332.9927848812 0.634195000939703 2.10780933757971 15.25
4912 17334.7752634578 17334.7752634578 0.634195000939703 2.10780933757971 15.25
4913 17336.5578030873 17336.5578030873 0.634195000939703 2.10780933757971 15.25
4914 17338.3404035702 17338.3404035702 0.634195000939703 2.10780933757971 15.25
4915 17340.1230650574 17340.1230650574 0.634195000939703 2.10780933757971 15.25
4916 17341.9057873888 17341.9057873888 0.634195000939703 2.10780933757971 15.25
4917 17343.6885706588 17343.6885706588 0.634195000939703 2.10780933757971 15.25
4918 17345.4714147642 17345.4714147642 0.634195000939703 2.10780933757971 15.25
4919 17347.2543197415 17347.2543197415 0.634195000939703 2.10780933757971 15.25
4920 17349.0372855455 17349.0372855455 0.634195000939703 2.10780933757971 15.25
4921 17350.8203121554 17350.8203121554 0.634195000939703 2.10780933757971 15.25
4922 17352.6033995828 17352.6033995828 0.634195000939703 2.10780933757971 15.25
4923 17354.38654775 17354.38654775 0.634195000939703 2.10780933757971 15.25
4924 17356.1697567263 17356.1697567263 0.634195000939703 2.10780933757971 15.25
4925 17357.953026376 17357.953026376 0.634195000939703 2.10780933757971 15.25
4926 17359.7363568262 17359.7363568262 0.634195000939703 2.10780933757971 15.25
4927 17361.5197478834 17361.5197478834 0.634195000939703 2.10780933757971 15.25
4928 17363.3031997032 17363.3031997032 0.634195000939703 2.10780933757971 15.25
4929 17365.0867120951 17365.0867120951 0.634195000939703 2.10780933757971 15.25
4930 17366.8702852013 17366.8702852013 0.634195000939703 2.10780933757971 15.25
4931 17368.6539188802 17368.6539188802 0.634195000939703 2.10780933757971 15.25
4932 17370.4376132073 17370.4376132073 0.634195000939703 2.10780933757971 15.25
4933 17372.2213680981 17372.2213680981 0.634195000939703 2.10780933757971 15.25
4934 17374.0051835713 17374.0051835713 0.634195000939703 2.10780933757971 15.25
4935 17375.7890595994 17375.7890595994 0.634195000939703 2.10780933757971 15.25
4936 17377.5729961441 17377.5729961441 0.634195000939703 2.10780933757971 15.25
4937 17379.3569932351 17379.3569932351 0.634195000939703 2.10780933757971 15.25
4938 17381.1410507764 17381.1410507764 0.634195000939703 2.10780933757971 15.25
4939 17382.9251688559 17382.9251688559 0.634195000939703 2.10780933757971 15.25
4940 17384.7093473198 17384.7093473198 0.634195000939703 2.10780933757971 15.25
4941 17386.4935863129 17386.4935863129 0.634195000939703 2.10780933757971 15.25
4942 17388.2778856247 17388.2778856247 0.634195000939703 2.10780933757971 15.25
4943 17390.0622454286 17390.0622454286 0.634195000939703 2.10780933757971 15.25
4944 17391.8466655426 17391.8466655426 0.634195000939703 2.10780933757971 15.25
4945 17393.6311460828 17393.6311460828 0.634195000939703 2.10780933757971 15.25
4946 17395.4156869249 17395.4156869249 0.634195000939703 2.10780933757971 15.25
4947 17397.2002881269 17397.2002881269 0.634195000939703 2.10780933757971 15.25
4948 17398.9849496224 17398.9849496224 0.634195000939703 2.10780933757971 15.25
4949 17400.7696714124 17400.7696714124 0.634195000939703 2.10780933757971 15.25
4950 17402.5544534873 17402.5544534873 0.634195000939703 2.10780933757971 15.25
4951 17404.3392957909 17404.3392957909 0.634195000939703 2.10780933757971 15.25
4952 17406.1241983709 17406.1241983709 0.634195000939703 2.10780933757971 15.25
4953 17407.909161114 17407.909161114 0.634195000939703 2.10780933757971 15.25
4954 17409.6941841251 17409.6941841251 0.634195000939703 2.10780933757971 15.25
4955 17411.4792672333 17411.4792672333 0.634195000939703 2.10780933757971 15.25
4956 17413.2644105928 17413.2644105928 0.634195000939703 2.10780933757971 15.25
4957 17415.0496140014 17415.0496140014 0.634195000939703 2.10780933757971 15.25
4958 17416.8348776151 17416.8348776151 0.634195000939703 2.10780933757971 15.25
4959 17418.6202012696 17418.6202012696 0.634195000939703 2.10780933757971 15.25
4960 17420.4055850637 17420.4055850637 0.634195000939703 2.10780933757971 15.25
4961 17422.1910288904 17422.1910288904 0.634195000939703 2.10780933757971 15.25
4962 17423.9765327887 17423.9765327887 0.634195000939703 2.10780933757971 15.25
4963 17425.7620967139 17425.7620967139 0.634195000939703 2.10780933757971 15.25
4964 17427.5477206447 17427.5477206447 0.634195000939703 2.10780933757971 15.25
4965 17429.3334045941 17429.3334045941 0.634195000939703 2.10780933757971 15.25
4966 17431.1191484839 17431.1191484839 0.634195000939703 2.10780933757971 15.25
4967 17432.9049523841 17432.9049523841 0.634195000939703 2.10780933757971 15.25
4968 17434.6908161591 17434.6908161591 0.634195000939703 2.10780933757971 15.25
4969 17436.4767399362 17436.4767399362 0.634195000939703 2.10780933757971 15.25
4970 17438.2627235226 17438.2627235226 0.634195000939703 2.10780933757971 15.25
4971 17440.0487670834 17440.0487670834 0.634195000939703 2.10780933757971 15.25
4972 17441.8348704275 17441.8348704275 0.634195000939703 2.10780933757971 15.25
4973 17443.6210336892 17443.6210336892 0.634195000939703 2.10780933757971 15.25
4974 17445.4072567263 17445.4072567263 0.634195000939703 2.10780933757971 15.25
4975 17447.1935396156 17447.1935396156 0.634195000939703 2.10780933757971 15.25
4976 17448.9798822723 17448.9798822723 0.634195000939703 2.10780933757971 15.25
4977 17450.7662847156 17450.7662847156 0.634195000939703 2.10780933757971 15.25
4978 17452.5527469183 17452.5527469183 0.634195000939703 2.10780933757971 15.25
4979 17454.3392688423 17454.3392688423 0.634195000939703 2.10780933757971 15.25
4980 17456.1258505175 17456.1258505175 0.634195000939703 2.10780933757971 15.25
4981 17457.9124918489 17457.9124918489 0.634195000939703 2.10780933757971 15.25
4982 17459.6991929236 17459.6991929236 0.634195000939703 2.10780933757971 15.25
4983 17461.4859535888 17461.4859535888 0.634195000939703 2.10780933757971 15.25
4984 17463.2727739895 17463.2727739895 0.634195000939703 2.10780933757971 15.25
4985 17465.0596539154 17465.0596539154 0.634195000939703 2.10780933757971 15.25
4986 17466.8465935403 17466.8465935403 0.634195000939703 2.10780933757971 15.25
4987 17468.6335926824 17468.6335926824 0.634195000939703 2.10780933757971 15.25
4988 17470.4206514584 17470.4206514584 0.634195000939703 2.10780933757971 15.25
4989 17472.2077697434 17472.2077697434 0.634195000939703 2.10780933757971 15.25
4990 17473.994947597 17473.994947597 0.634195000939703 2.10780933757971 15.25
4991 17475.7821849522 17475.7821849522 0.634195000939703 2.10780933757971 15.25
4992 17477.5694818105 17477.5694818105 0.634195000939703 2.10780933757971 15.25
4993 17479.3568381626 17479.3568381626 0.634195000939703 2.10780933757971 15.25
4994 17481.1442539527 17481.1442539527 0.634195000939703 2.10780933757971 15.25
4995 17482.9317292288 17482.9317292288 0.634195000939703 2.10780933757971 15.25
4996 17484.7192638777 17484.7192638777 0.634195000939703 2.10780933757971 15.25
4997 17486.5068580048 17486.5068580048 0.634195000939703 2.10780933757971 15.25
4998 17488.2945114396 17488.2945114396 0.634195000939703 2.10780933757971 15.25
4999 17490.082224336 17490.082224336 0.634195000939703 2.10780933757971 15.25
5000 17491.8699964927 17491.8699964927 0.634195000939703 2.10780933757971 15.25
5001 17493.6578280658 17493.6578280658 0.634195000939703 2.10780933757971 15.25
5002 17495.4457188914 17495.4457188914 0.634195000939703 2.10780933757971 15.25
5003 17497.2336690684 17497.2336690684 0.634195000939703 2.10780933757971 15.25
5004 17499.0216784902 17499.0216784902 0.634195000939703 2.10780933757971 15.25
5005 17500.8097471982 17500.8097471982 0.634195000939703 2.10780933757971 15.25
5006 17502.5978751438 17502.5978751438 0.634195000939703 2.10780933757971 15.25
5007 17504.3860623105 17504.3860623105 0.634195000939703 2.10780933757971 15.25
5008 17506.1743087068 17506.1743087068 0.634195000939703 2.10780933757971 15.25
5009 17507.9626142594 17507.9626142594 0.634195000939703 2.10780933757971 15.25
5010 17509.7509790341 17509.7509790341 0.634195000939703 2.10780933757971 15.25
5011 17511.5394029001 17511.5394029001 0.634195000939703 2.10780933757971 15.25
5012 17513.3278859806 17513.3278859806 0.634195000939703 2.10780933757971 15.25
5013 17515.1164280877 17515.1164280877 0.634195000939703 2.10780933757971 15.25
5014 17516.9050293838 17516.9050293838 0.634195000939703 2.10780933757971 15.25
5015 17518.6936896768 17518.6936896768 0.634195000939703 2.10780933757971 15.25
5016 17520.4824091053 17520.4824091053 0.634195000939703 2.10780933757971 15.25
5017 17522.271187523 17522.271187523 0.634195000939703 2.10780933757971 15.25
5018 17524.0600250115 17524.0600250115 0.634195000939703 2.10780933757971 15.25
5019 17525.8489214817 17525.8489214817 0.634195000939703 2.10780933757971 15.25
5020 17527.6378769577 17527.6378769577 0.634195000939703 2.10780933757971 15.25
5021 17529.4268914082 17529.4268914082 0.634195000939703 2.10780933757971 15.25
5022 17531.2159647994 17531.2159647994 0.634195000939703 2.10780933757971 15.25
5023 17533.005097158 17533.005097158 0.634195000939703 2.10780933757971 15.25
5024 17534.7942883926 17534.7942883926 0.634195000939703 2.10780933757971 15.25
5025 17536.5835385869 17536.5835385869 0.634195000939703 2.10780933757971 15.25
5026 17538.3728475924 17538.3728475924 0.634195000939703 2.10780933757971 15.25
5027 17540.1622155504 17540.1622155504 0.634195000939703 2.10780933757971 15.25
5028 17541.9516422549 17541.9516422549 0.634195000939703 2.10780933757971 15.25
5029 17543.7411278781 17543.7411278781 0.634195000939703 2.10780933757971 15.25
5030 17545.5306722358 17545.5306722358 0.634195000939703 2.10780933757971 15.25
5031 17547.3202754501 17547.3202754501 0.634195000939703 2.10780933757971 15.25
5032 17549.1099373917 17549.1099373917 0.634195000939703 2.10780933757971 15.25
5033 17550.8996581247 17550.8996581247 0.634195000939703 2.10780933757971 15.25
5034 17552.6894375781 17552.6894375781 0.634195000939703 2.10780933757971 15.25
5035 17554.4792757583 17554.4792757583 0.634195000939703 2.10780933757971 15.25
5036 17556.2691726516 17556.2691726516 0.634195000939703 2.10780933757971 15.25
5037 17558.0591282069 17558.0591282069 0.634195000939703 2.10780933757971 15.25
5038 17559.8491424685 17559.8491424685 0.634195000939703 2.10780933757971 15.25
5039 17561.6392153271 17561.6392153271 0.634195000939703 2.10780933757971 15.25
5040 17563.4293468848 17563.4293468848 0.634195000939703 2.10780933757971 15.25
5041 17565.2195369754 17565.2195369754 0.634195000939703 2.10780933757971 15.25
5042 17567.0097857511 17567.0097857511 0.634195000939703 2.10780933757971 15.25
5043 17568.8000930083 17568.8000930083 0.634195000939703 2.10780933757971 15.25
5044 17570.5904589083 17570.5904589083 0.634195000939703 2.10780933757971 15.25
5045 17572.3808832827 17572.3808832827 0.634195000939703 2.10780933757971 15.25
5046 17574.1713662353 17574.1713662353 0.634195000939703 2.10780933757971 15.25
5047 17575.9619076551 17575.9619076551 0.634195000939703 2.10780933757971 15.25
5048 17577.7525075889 17577.7525075889 0.634195000939703 2.10780933757971 15.25
5049 17579.543165983 17579.543165983 0.634195000939703 2.10780933757971 15.25
