1 17320.5080756888 17320.5080756888 0.632947829146149 2.10474683406159 15.25
2 17320.5080756888 17320.5080756888 0.632947829146149 2.10474683406159 15.25
3 17320.5080756888 17320.5080756888 0.632947829146149 2.10474683406159 15.25
4 17320.5080756888 17320.5080756888 0.632947829146149 2.10474683406159 15.25
5 17320.5080756888 17320.5080756888 0.632947829146149 2.10474683406159 15.25
6 17320.5080756888 17320.5080756888 0.632947829146149 2.10474683406159 15.25
7 17320.5080756888 17320.5080756888 0.632947829146149 2.10474683406159 15.25
8 17320.5080756888 17320.5080756888 0.632947829146149 2.10474683406159 15.25
9 17320.5080756888 17320.5080756888 0.632947829146149 2.10474683406159 15.25
10 17320.5080756888 17320.5080756888 0.632947829146149 2.10474683406159 15.25
11 17320.5080756888 17320.5080756888 0.632947829146149 2.10474683406159 15.25
12 17320.5080756888 17320.5080756888 0.632947829146149 2.10474683406159 15.25
13 17320.5080756888 17320.5080756888 0.632947829146149 2.10474683406159 15.25
14 17320.5080756888 17320.5080756888 0.632947829146149 2.10474683406159 15.25
15 17320.5080756888 17320.5080756888 0.632947829146149 2.10474683406159 15.25
16 17320.5080756888 17320.5080756888 0.632947829146149 2.10474683406159 15.25
17 17320.5080756888 17320.5080756888 0.632947829146149 2.10474683406159 15.25
18 17320.5080756888 17320.5080756888 0.632947829146149 2.10474683406159 15.25
19 17320.5080756888 17320.5080756888 0.632947829146149 2.10474683406159 15.25
20 17320.5080756888 17320.5080756888 0.632947829146149 2.10474683406159 15.25
21 17320.5080756888 17320.5080756888 0.632947829146149 2.10474683406159 15.25
22 17320.5080756888 17320.5080756888 0.632947829146149 2.10474683406159 15.25
23 17320.5080756888 17320.5080756888 0.632947829146149 2.10474683406159 15.25
24 17320.5080756888 17320.5080756888 0.632947829146149 2.10474683406159 15.25
25 17320.5080756888 17320.5080756888 0.632947829146149 2.10474683406159 15.25
26 17320.5080756888 17320.5080756888 0.632947829146149 2.10474683406159 15.25
27 17320.5080756888 17320.5080756888 0.632947829146149 2.10474683406159 15.25
28 17320.5080756888 17320.5080756888 0.632947829146149 2.10474683406159 15.25
29 17320.5080756888 17320.5080756888 0.632947829146149 2.10474683406159 15.25
30 17320.5080756888 17320.5080756888 0.632947829146149 2.10474683406159 15.25
31 17320.5080756888 17320.5080756888 0.632947829146149 2.10474683406159 15.25
32 17320.5080756888 17320.5080756888 0.632947829146149 2.10474683406159 15.25
33 17320.5080756888 17320.5080756888 0.632947829146149 2.10474683406159 15.25
34 17320.5080756888 17320.5080756888 0.632947829146149 2.10474683406159 15.25
35 17320.5080756888 17320.5080756888 0.632947829146149 2.10474683406159 15.25
36 17320.5080756888 17320.5080756888 0.632947829146149 2.10474683406159 15.25
37 17320.5080756888 17320.5080756888 0.632947829146149 2.10474683406159 15.25
38 17320.5080756888 17320.5080756888 0.632947829146149 2.10474683406159 15.25
39 17320.5080756888 17320.5080756888 0.632947829146149 2.10474683406159 15.25
40 17320.4510510666 17320.4510510666 0.632947829146149 2.10474683406159 15.25
41 17320.2193891731 17320.2193891731 0.632947829146149 2.10474683406159 15.25
42 17319.8095283579 17319.8095283579 0.632947829146149 2.10474683406159 15.25
43 17319.2214728369 17319.2214728369 0.632947829146149 2.10474683406159 15.25
44 17318.4552286587 17318.4552286587 0.632947829146149 2.10474683406159 15.25
45 17317.5108037165 17317.5108037165 0.632947829146149 2.10474683406159 15.25
46 17316.3882077292 17316.3882077292 0.632947829146149 2.10474683406159 15.25
47 17315.0874522632 17315.0874522632 0.632947829146149 2.10474683406159 15.25
48 17313.6085507182 17313.6085507182 0.632947829146149 2.10474683406159 15.25
49 17311.9515183483 17311.9515183483 0.632947829146149 2.10474683406159 15.25
50 17310.173385512 17310.173385512 0.632947829146149 2.10474683406159 15.25
51 17308.3917504456 17308.3917504456 0.632947829146149 2.10474683406159 15.25
52 17306.6101766236 17306.6101766236 0.632947829146149 2.10474683406159 15.25
53 17304.828664064 17304.828664064 0.632947829146149 2.10474683406159 15.25
54 17303.0472127855 17303.0472127855 0.632947829146149 2.10474683406159 15.25
55 17301.2658228072 17301.2658228072 0.632947829146149 2.10474683406159 15.25
56 17299.4844941548 17299.4844941548 0.632947829146149 2.10474683406159 15.25
57 17297.7032268427 17297.7032268427 0.632947829146149 2.10474683406159 15.25
58 17295.9220208876 17295.9220208876 0.632947829146149 2.10474683406159 15.25
59 17294.1408763095 17294.1408763095 0.632947829146149 2.10474683406159 15.25
60 17292.3597931264 17292.3597931264 0.632947829146149 2.10474683406159 15.25
61 17290.5787713571 17290.5787713571 0.632947829146149 2.10474683406159 15.25
62 17288.7978110206 17288.7978110206 0.632947829146149 2.10474683406159 15.25
63 17287.0169120944 17287.0169120944 0.632947829146149 2.10474683406159 15.25
64 17285.2360746195 17285.2360746195 0.632947829146149 2.10474683406159 15.25
65 17283.4552986355 17283.4552986355 0.632947829146149 2.10474683406159 15.25
66 17281.6745841603 17281.6745841603 0.632947829146149 2.10474683406159 15.25
67 17279.893931213 17279.893931213 0.632947829146149 2.10474683406159 15.25
68 17278.1133398126 17278.1133398126 0.632947829146149 2.10474683406159 15.25
69 17276.3328099781 17276.3328099781 0.632947829146149 2.10474683406159 15.25
70 17274.5523417376 17274.5523417376 0.632947829146149 2.10474683406159 15.25
71 17272.7719351011 17272.7719351011 0.632947829146149 2.10474683406159 15.25
72 17270.9915900882 17270.9915900882 0.632947829146149 2.10474683406159 15.25
73 17269.2113067186 17269.2113067186 0.632947829146149 2.10474683406159 15.25
74 17267.4310850095 17267.4310850095 0.632947829146149 2.10474683406159 15.25
75 17265.6509249807 17265.6509249807 0.632947829146149 2.10474683406159 15.25
76 17263.8708266512 17263.8708266512 0.632947829146149 2.10474683406159 15.25
77 17262.0907900412 17262.0907900412 0.632947829146149 2.10474683406159 15.25
78 17260.3108151688 17260.3108151688 0.632947829146149 2.10474683406159 15.25
79 17258.5309020529 17258.5309020529 0.632947829146149 2.10474683406159 15.25
80 17256.7510507121 17256.7510507121 0.632947829146149 2.10474683406159 15.25
81 17254.9712611674 17254.9712611674 0.632947829146149 2.10474683406159 15.25
82 17253.1915334361 17253.1915334361 0.632947829146149 2.10474683406159 15.25
83 17251.4118675401 17251.4118675401 0.632947829146149 2.10474683406159 15.25
84 17249.6322635042 17249.6322635042 0.632947829146149 2.10474683406159 15.25
85 17247.8527213397 17247.8527213397 0.632947829146149 2.10474683406159 15.25
86 17246.0732410658 17246.0732410658 0.632947829146149 2.10474683406159 15.25
87 17244.2938227015 17244.2938227015 0.632947829146149 2.10474683406159 15.25
88 17242.5144662667 17242.5144662667 0.632947829146149 2.10474683406159 15.25
89 17240.7351717787 17240.7351717787 0.632947829146149 2.10474683406159 15.25
90 17238.9559392596 17238.9559392596 0.632947829146149 2.10474683406159 15.25
91 17237.1767687269 17237.1767687269 0.632947829146149 2.10474683406159 15.25
92 17235.3976601999 17235.3976601999 0.632947829146149 2.10474683406159 15.25
93 17233.6186136976 17233.6186136976 0.632947829146149 2.10474683406159 15.25
94 17231.8396292393 17231.8396292393 0.632947829146149 2.10474683406159 15.25
95 17230.0607068442 17230.0607068442 0.632947829146149 2.10474683406159 15.25
96 17228.2818465333 17228.2818465333 0.632947829146149 2.10474683406159 15.25
97 17226.5030483263 17226.5030483263 0.632947829146149 2.10474683406159 15.25
98 17224.7243122465 17224.7243122465 0.632947829146149 2.10474683406159 15.25
99 17222.9456383068 17222.9456383068 0.632947829146149 2.10474683406159 15.25
100 17221.1670265266 17221.1670265266 0.632947829146149 2.10474683406159 15.25
101 17219.388476925 17219.388476925 0.632947829146149 2.10474683406159 15.25
102 17217.6099895214 17217.6099895214 0.632947829146149 2.10474683406159 15.25
103 17215.8315643362 17215.8315643362 0.632947829146149 2.10474683406159 15.25
104 17214.0532013881 17214.0532013881 0.632947829146149 2.10474683406159 15.25
105 17212.2749006945 17212.2749006945 0.632947829146149 2.10474683406159 15.25
106 17210.4966622767 17210.4966622767 0.632947829146149 2.10474683406159 15.25
107 17208.7184861177 17208.7184861177 0.632947829146149 2.10474683406159 15.25
108 17206.9403722467 17206.9403722467 0.632947829146149 2.10474683406159 15.25
109 17205.1623207099 17205.1623207099 0.632947829146149 2.10474683406159 15.25
110 17203.3843315255 17203.3843315255 0.632947829146149 2.10474683406159 15.25
111 17201.6064047184 17201.6064047184 0.632947829146149 2.10474683406159 15.25
112 17199.8285403057 17199.8285403057 0.632947829146149 2.10474683406159 15.25
113 17198.0507383035 17198.0507383035 0.632947829146149 2.10474683406159 15.25
114 17196.2729987309 17196.2729987309 0.632947829146149 2.10474683406159 15.25
115 17194.4953216075 17194.4953216075 0.632947829146149 2.10474683406159 15.25
116 17192.7177069537 17192.7177069537 0.632947829146149 2.10474683406159 15.25
117 17190.9401547878 17190.9401547878 0.632947829146149 2.10474683406159 15.25
118 17189.1626651291 17189.1626651291 0.632947829146149 2.10474683406159 15.25
119 17187.3852379964 17187.3852379964 0.632947829146149 2.10474683406159 15.25
120 17185.6078734109 17185.6078734109 0.632947829146149 2.10474683406159 15.25
121 17183.8305713904 17183.8305713904 0.632947829146149 2.10474683406159 15.25
122 17182.0533319558 17182.0533319558 0.632947829146149 2.10474683406159 15.25
123 17180.2761551254 17180.2761551254 0.632947829146149 2.10474683406159 15.25
124 17178.4990409188 17178.4990409188 0.632947829146149 2.10474683406159 15.25
125 17176.7219893633 17176.7219893633 0.632947829146149 2.10474683406159 15.25
126 17174.9450004715 17174.9450004715 0.632947829146149 2.10474683406159 15.25
127 17173.1680742617 17173.1680742617 0.632947829146149 2.10474683406159 15.25
128 17171.3912107546 17171.3912107546 0.632947829146149 2.10474683406159 15.25
129 17169.6144099685 17169.6144099685 0.632947829146149 2.10474683406159 15.25
130 17167.8376719228 17167.8376719228 0.632947829146149 2.10474683406159 15.25
131 17166.060996637 17166.060996637 0.632947829146149 2.10474683406159 15.25
132 17164.2843841306 17164.2843841306 0.632947829146149 2.10474683406159 15.25
133 17162.5078344232 17162.5078344232 0.632947829146149 2.10474683406159 15.25
134 17160.7313475353 17160.7313475353 0.632947829146149 2.10474683406159 15.25
135 17158.9549234853 17158.9549234853 0.632947829146149 2.10474683406159 15.25
136 17157.1785622934 17157.1785622934 0.632947829146149 2.10474683406159 15.25
137 17155.4022639772 17155.4022639772 0.632947829146149 2.10474683406159 15.25
138 17153.6260285593 17153.6260285593 0.632947829146149 2.10474683406159 15.25
139 17151.8498560654 17151.8498560654 0.632947829146149 2.10474683406159 15.25
140 17150.073746507 17150.073746507 0.632947829146149 2.10474683406159 15.25
141 17148.2976999049 17148.2976999049 0.632947829146149 2.10474683406159 15.25
142 17146.5217162776 17146.5217162776 0.632947829146149 2.10474683406159 15.25
143 17144.7457956445 17144.7457956445 0.632947829146149 2.10474683406159 15.25
144 17142.9699380253 17142.9699380253 0.632947829146149 2.10474683406159 15.25
145 17141.1941434395 17141.1941434395 0.632947829146149 2.10474683406159 15.25
146 17139.4184119068 17139.4184119068 0.632947829146149 2.10474683406159 15.25
147 17137.6427434478 17137.6427434478 0.632947829146149 2.10474683406159 15.25
148 17135.8671380811 17135.8671380811 0.632947829146149 2.10474683406159 15.25
149 17134.0915958262 17134.0915958262 0.632947829146149 2.10474683406159 15.25
150 17132.3161167028 17132.3161167028 0.632947829146149 2.10474683406159 15.25
151 17130.5407007005 17130.5407007005 0.632947829146149 2.10474683406159 15.25
152 17128.765347841 17128.765347841 0.632947829146149 2.10474683406159 15.25
153 17126.9900581776 17126.9900581776 0.632947829146149 2.10474683406159 15.25
154 17125.2148317253 17125.2148317253 0.632947829146149 2.10474683406159 15.25
155 17123.4396685027 17123.4396685027 0.632947829146149 2.10474683406159 15.25
156 17121.6645685295 17121.6645685295 0.632947829146149 2.10474683406159 15.25
157 17119.8895318254 17119.8895318254 0.632947829146149 2.10474683406159 15.25
158 17118.1145584099 17118.1145584099 0.632947829146149 2.10474683406159 15.25
159 17116.3396483029 17116.3396483029 0.632947829146149 2.10474683406159 15.25
160 17114.5648015251 17114.5648015251 0.632947829146149 2.10474683406159 15.25
161 17112.7900180951 17112.7900180951 0.632947829146149 2.10474683406159 15.25
162 17111.0152980327 17111.0152980327 0.632947829146149 2.10474683406159 15.25
163 17109.2406413575 17109.2406413575 0.632947829146149 2.10474683406159 15.25
164 17107.4660480893 17107.4660480893 0.632947829146149 2.10474683406159 15.25
165 17105.6915182484 17105.6915182484 0.632947829146149 2.10474683406159 15.25
166 17103.9170518584 17103.9170518584 0.632947829146149 2.10474683406159 15.25
167 17102.1426489396 17102.1426489396 0.632947829146149 2.10474683406159 15.25
168 17100.3683095069 17100.3683095069 0.632947829146149 2.10474683406159 15.25
169 17098.5940335798 17098.5940335798 0.632947829146149 2.10474683406159 15.25
170 17096.8198211783 17096.8198211783 0.632947829146149 2.10474683406159 15.25
171 17095.0456723226 17095.0456723226 0.632947829146149 2.10474683406159 15.25
172 17093.2715870308 17093.2715870308 0.632947829146149 2.10474683406159 15.25
173 17091.4975653255 17091.4975653255 0.632947829146149 2.10474683406159 15.25
174 17089.7236072249 17089.7236072249 0.632947829146149 2.10474683406159 15.25
175 17087.9497127488 17087.9497127488 0.632947829146149 2.10474683406159 15.25
176 17086.1758819169 17086.1758819169 0.632947829146149 2.10474683406159 15.25
177 17084.4021147485 17084.4021147485 0.632947829146149 2.10474683406159 15.25
178 17082.6284112653 17082.6284112653 0.632947829146149 2.10474683406159 15.25
179 17080.8547714864 17080.8547714864 0.632947829146149 2.10474683406159 15.25
180 17079.0811954379 17079.0811954379 0.632947829146149 2.10474683406159 15.25
181 17077.307683135 17077.307683135 0.632947829146149 2.10474683406159 15.25
182 17075.5342345955 17075.5342345955 0.632947829146149 2.10474683406159 15.25
183 17073.7608498393 17073.7608498393 0.632947829146149 2.10474683406159 15.25
184 17071.9875288861 17071.9875288861 0.632947829146149 2.10474683406159 15.25
185 17070.2142717558 17070.2142717558 0.632947829146149 2.10474683406159 15.25
186 17068.4410784696 17068.4410784696 0.632947829146149 2.10474683406159 15.25
187 17066.6679490461 17066.6679490461 0.632947829146149 2.10474683406159 15.25
188 17064.8948835052 17064.8948835052 0.632947829146149 2.10474683406159 15.25
189 17063.121881867 17063.121881867 0.632947829146149 2.10474683406159 15.25
190 17061.3489441513 17061.3489441513 0.632947829146149 2.10474683406159 15.25
191 17059.5760703779 17059.5760703779 0.632947829146149 2.10474683406159 15.25
192 17057.8032605681 17057.8032605681 0.632947829146149 2.10474683406159 15.25
193 17056.0305147406 17056.0305147406 0.632947829146149 2.10474683406159 15.25
194 17054.2578329244 17054.2578329244 0.632947829146149 2.10474683406159 15.25
195 17052.4852151058 17052.4852151058 0.632947829146149 2.10474683406159 15.25
196 17050.7126612925 17050.7126612925 0.632947829146149 2.10474683406159 15.25
197 17048.9401715414 17048.9401715414 0.632947829146149 2.10474683406159 15.25
198 17047.1677458718 17047.1677458718 0.632947829146149 2.10474683406159 15.25
199 17045.3953843067 17045.3953843067 0.632947829146149 2.10474683406159 15.25
200 17043.6230868632 17043.6230868632 0.632947829146149 2.10474683406159 15.25
201 17041.8508535617 17041.8508535617 0.632947829146149 2.10474683406159 15.25
202 17040.0786844225 17040.0786844225 0.632947829146149 2.10474683406159 15.25
203 17038.3065794654 17038.3065794654 0.632947829146149 2.10474683406159 15.25
204 17036.5345387105 17036.5345387105 0.632947829146149 2.10474683406159 15.25
205 17034.762562179 17034.762562179 0.632947829146149 2.10474683406159 15.25
206 17032.9906498897 17032.9906498897 0.632947829146149 2.10474683406159 15.25
207 17031.2188018651 17031.2188018651 0.632947829146149 2.10474683406159 15.25
208 17029.4470181302 17029.4470181302 0.632947829146149 2.10474683406159 15.25
209 17027.6752986965 17027.6752986965 0.632947829146149 2.10474683406159 15.25
210 17025.9036435859 17025.9036435859 0.632947829146149 2.10474683406159 15.25
211 17024.132052818 17024.132052818 0.632947829146149 2.10474683406159 15.25
212 17022.3605264139 17022.3605264139 0.632947829146149 2.10474683406159 15.25
213 17020.5890643926 17020.5890643926 0.632947829146149 2.10474683406159 15.25
214 17018.8176667742 17018.8176667742 0.632947829146149 2.10474683406159 15.25
215 17017.0463335789 17017.0463335789 0.632947829146149 2.10474683406159 15.25
216 17015.2750648267 17015.2750648267 0.632947829146149 2.10474683406159 15.25
217 17013.5038605377 17013.5038605377 0.632947829146149 2.10474683406159 15.25
218 17011.7327207333 17011.7327207333 0.632947829146149 2.10474683406159 15.25
219 17009.9616454324 17009.9616454324 0.632947829146149 2.10474683406159 15.25
220 17008.1906346552 17008.1906346552 0.632947829146149 2.10474683406159 15.25
221 17006.4196884258 17006.4196884258 0.632947829146149 2.10474683406159 15.25
222 17004.648806766 17004.648806766 0.632947829146149 2.10474683406159 15.25
223 17002.8779896899 17002.8779896899 0.632947829146149 2.10474683406159 15.25
224 17001.1072372181 17001.1072372181 0.632947829146149 2.10474683406159 15.25
225 16999.336549372 16999.336549372 0.632947829146149 2.10474683406159 15.25
226 16997.5659261706 16997.5659261706 0.632947829146149 2.10474683406159 15.25
227 16995.7953676343 16995.7953676343 0.632947829146149 2.10474683406159 15.25
228 16994.0248737831 16994.0248737831 0.632947829146149 2.10474683406159 15.25
229 16992.2544446373 16992.2544446373 0.632947829146149 2.10474683406159 15.25
230 16990.4840802171 16990.4840802171 0.632947829146149 2.10474683406159 15.25
231 16988.7137805434 16988.7137805434 0.632947829146149 2.10474683406159 15.25
232 16986.9435456356 16986.9435456356 0.632947829146149 2.10474683406159 15.25
233 16985.1733755149 16985.1733755149 0.632947829146149 2.10474683406159 15.25
234 16983.4032702008 16983.4032702008 0.632947829146149 2.10474683406159 15.25
235 16981.6332297202 16981.6332297202 0.632947829146149 2.10474683406159 15.25
236 16979.863254089 16979.863254089 0.632947829146149 2.10474683406159 15.25
237 16978.0933433253 16978.0933433253 0.632947829146149 2.10474683406159 15.25
238 16976.3234974493 16976.3234974493 0.632947829146149 2.10474683406159 15.25
239 16974.5537164639 16974.5537164639 0.632947829146149 2.10474683406159 15.25
240 16972.7840003638 16972.7840003638 0.632947829146149 2.10474683406159 15.25
241 16971.0143492123 16971.0143492123 0.632947829146149 2.10474683406159 15.25
242 16969.2447630298 16969.2447630298 0.632947829146149 2.10474683406159 15.25
243 16967.4752418365 16967.4752418365 0.632947829146149 2.10474683406159 15.25
244 16965.7057856528 16965.7057856528 0.632947829146149 2.10474683406159 15.25
245 16963.9363945002 16963.9363945002 0.632947829146149 2.10474683406159 15.25
246 16962.1670683986 16962.1670683986 0.632947829146149 2.10474683406159 15.25
247 16960.3978073663 16960.3978073663 0.632947829146149 2.10474683406159 15.25
248 16958.6286114257 16958.6286114257 0.632947829146149 2.10474683406159 15.25
249 16956.8594806054 16956.8594806054 0.632947829146149 2.10474683406159 15.25
250 16955.090414917 16955.090414917 0.632947829146149 2.10474683406159 15.25
251 16953.3214143807 16953.3214143807 0.632947829146149 2.10474683406159 15.25
252 16951.552479018 16951.552479018 0.632947829146149 2.10474683406159 15.25
253 16949.7836088484 16949.7836088484 0.632947829146149 2.10474683406159 15.25
254 16948.0148038921 16948.0148038921 0.632947829146149 2.10474683406159 15.25
255 16946.2460641703 16946.2460641703 0.632947829146149 2.10474683406159 15.25
256 16944.4773897015 16944.4773897015 0.632947829146149 2.10474683406159 15.25
257 16942.7087805079 16942.7087805079 0.632947829146149 2.10474683406159 15.25
258 16940.9402366106 16940.9402366106 0.632947829146149 2.10474683406159 15.25
259 16939.1717580289 16939.1717580289 0.632947829146149 2.10474683406159 15.25
260 16937.4033447832 16937.4033447832 0.632947829146149 2.10474683406159 15.25
261 16935.6349968939 16935.6349968939 0.632947829146149 2.10474683406159 15.25
262 16933.8667143839 16933.8667143839 0.632947829146149 2.10474683406159 15.25
263 16932.098497278 16932.098497278 0.632947829146149 2.10474683406159 15.25
264 16930.3303455901 16930.3303455901 0.632947829146149 2.10474683406159 15.25
265 16928.5622593417 16928.5622593417 0.632947829146149 2.10474683406159 15.25
266 16926.7942385523 16926.7942385523 0.632947829146149 2.10474683406159 15.25
267 16925.0262832423 16925.0262832423 0.632947829146149 2.10474683406159 15.25
268 16923.2583934323 16923.2583934323 0.632947829146149 2.10474683406159 15.25
269 16921.4905691423 16921.4905691423 0.632947829146149 2.10474683406159 15.25
270 16919.7228103944 16919.7228103944 0.632947829146149 2.10474683406159 15.25
271 16917.9551172087 16917.9551172087 0.632947829146149 2.10474683406159 15.25
272 16916.1874896052 16916.1874896052 0.632947829146149 2.10474683406159 15.25
273 16914.4199276043 16914.4199276043 0.632947829146149 2.10474683406159 15.25
274 16912.6524312267 16912.6524312267 0.632947829146149 2.10474683406159 15.25
275 16910.885000493 16910.885000493 0.632947829146149 2.10474683406159 15.25
276 16909.1176354282 16909.1176354282 0.632947829146149 2.10474683406159 15.25
277 16907.3503360528 16907.3503360528 0.632947829146149 2.10474683406159 15.25
278 16905.5831023825 16905.5831023825 0.632947829146149 2.10474683406159 15.25
279 16903.8159344408 16903.8159344408 0.632947829146149 2.10474683406159 15.25
280 16902.0488322453 16902.0488322453 0.632947829146149 2.10474683406159 15.25
281 16900.2817958172 16900.2817958172 0.632947829146149 2.10474683406159 15.25
282 16898.5148251773 16898.5148251773 0.632947829146149 2.10474683406159 15.25
283 16896.7479203332 16896.7479203332 0.632947829146149 2.10474683406159 15.25
284 16894.9810812698 16894.9810812698 0.632947829146149 2.10474683406159 15.25
285 16893.2143080576 16893.2143080576 0.632947829146149 2.10474683406159 15.25
286 16891.4476007161 16891.4476007161 0.632947829146149 2.10474683406159 15.25
287 16889.6809592659 16889.6809592659 0.632947829146149 2.10474683406159 15.25
288 16887.9143837278 16887.9143837278 0.632947829146149 2.10474683406159 15.25
289 16886.1478741225 16886.1478741225 0.632947829146149 2.10474683406159 15.25
290 16884.3814304772 16884.3814304772 0.632947829146149 2.10474683406159 15.25
291 16882.6150528084 16882.6150528084 0.632947829146149 2.10474683406159 15.25
292 16880.8487411355 16880.8487411355 0.632947829146149 2.10474683406159 15.25
293 16879.0824954782 16879.0824954782 0.632947829146149 2.10474683406159 15.25
294 16877.3163158572 16877.3163158572 0.632947829146149 2.10474683406159 15.25
295 16875.5502022932 16875.5502022932 0.632947829146149 2.10474683406159 15.25
296 16873.784154807 16873.784154807 0.632947829146149 2.10474683406159 15.25
297 16872.0181734193 16872.0181734193 0.632947829146149 2.10474683406159 15.25
298 16870.252258152 16870.252258152 0.632947829146149 2.10474683406159 15.25
299 16868.4864090247 16868.4864090247 0.632947829146149 2.10474683406159 15.25
300 16866.7206260583 16866.7206260583 0.632947829146149 2.10474683406159 15.25
301 16864.9549092735 16864.9549092735 0.632947829146149 2.10474683406159 15.25
302 16863.189258691 16863.189258691 0.632947829146149 2.10474683406159 15.25
303 16861.4236743318 16861.4236743318 0.632947829146149 2.10474683406159 15.25
304 16859.6581562254 16859.6581562254 0.632947829146149 2.10474683406159 15.25
305 16857.892704385 16857.892704385 0.632947829146149 2.10474683406159 15.25
306 16856.1273188302 16856.1273188302 0.632947829146149 2.10474683406159 15.25
307 16854.3619995818 16854.3619995818 0.632947829146149 2.10474683406159 15.25
308 16852.5967466608 16852.5967466608 0.632947829146149 2.10474683406159 15.25
309 16850.8315600878 16850.8315600878 0.632947829146149 2.10474683406159 15.25
310 16849.0664398839 16849.0664398839 0.632947829146149 2.10474683406159 15.25
311 16847.3013860698 16847.3013860698 0.632947829146149 2.10474683406159 15.25
312 16845.5363986676 16845.5363986676 0.632947829146149 2.10474683406159 15.25
313 16843.7714776969 16843.7714776969 0.632947829146149 2.10474683406159 15.25
314 16842.0066231782 16842.0066231782 0.632947829146149 2.10474683406159 15.25
315 16840.241835134 16840.241835134 0.632947829146149 2.10474683406159 15.25
316 16838.4771135835 16838.4771135835 0.632947829146149 2.10474683406159 15.25
317 16836.7124585504 16836.7124585504 0.632947829146149 2.10474683406159 15.25
318 16834.9478700595 16834.9478700595 0.632947829146149 2.10474683406159 15.25
319 16833.1833481279 16833.1833481279 0.632947829146149 2.10474683406159 15.25
320 16831.4188927736 16831.4188927736 0.632947829146149 2.10474683406159 15.25
321 16829.6545040183 16829.6545040183 0.632947829146149 2.10474683406159 15.25
322 16827.8901818822 16827.8901818822 0.632947829146149 2.10474683406159 15.25
323 16826.1259263881 16826.1259263881 0.632947829146149 2.10474683406159 15.25
324 16824.3617375552 16824.3617375552 0.632947829146149 2.10474683406159 15.25
325 16822.5976154061 16822.5976154061 0.632947829146149 2.10474683406159 15.25
326 16820.8335599614 16820.8335599614 0.632947829146149 2.10474683406159 15.25
327 16819.0695712333 16819.0695712333 0.632947829146149 2.10474683406159 15.25
328 16817.3056491967 16817.3056491967 0.632947829146149 2.10474683406159 15.25
329 16815.5417939267 16815.5417939267 0.632947829146149 2.10474683406159 15.25
330 16813.7780054445 16813.7780054445 0.632947829146149 2.10474683406159 15.25
331 16812.0142837755 16812.0142837755 0.632947829146149 2.10474683406159 15.25
332 16810.2506289417 16810.2506289417 0.632947829146149 2.10474683406159 15.25
333 16808.4870409588 16808.4870409588 0.632947829146149 2.10474683406159 15.25
334 16806.7235198477 16806.7235198477 0.632947829146149 2.10474683406159 15.25
335 16804.9600656295 16804.9600656295 0.632947829146149 2.10474683406159 15.25
336 16803.1966783247 16803.1966783247 0.632947829146149 2.10474683406159 15.25
337 16801.4333579561 16801.4333579561 0.632947829146149 2.10474683406159 15.25
338 16799.6701045431 16799.6701045431 0.632947829146149 2.10474683406159 15.25
339 16797.9069181083 16797.9069181083 0.632947829146149 2.10474683406159 15.25
340 16796.1437986718 16796.1437986718 0.632947829146149 2.10474683406159 15.25
341 16794.3807462548 16794.3807462548 0.632947829146149 2.10474683406159 15.25
342 16792.6177608782 16792.6177608782 0.632947829146149 2.10474683406159 15.25
343 16790.8548425632 16790.8548425632 0.632947829146149 2.10474683406159 15.25
344 16789.091991331 16789.091991331 0.632947829146149 2.10474683406159 15.25
345 16787.3292072093 16787.3292072093 0.632947829146149 2.10474683406159 15.25
346 16785.5664902159 16785.5664902159 0.632947829146149 2.10474683406159 15.25
347 16783.8038403694 16783.8038403694 0.632947829146149 2.10474683406159 15.25
348 16782.0412576889 16782.0412576889 0.632947829146149 2.10474683406159 15.25
349 16780.2787421975 16780.2787421975 0.632947829146149 2.10474683406159 15.25
350 16778.5162939157 16778.5162939157 0.632947829146149 2.10474683406159 15.25
351 16776.7539128649 16776.7539128649 0.632947829146149 2.10474683406159 15.25
352 16774.9915990671 16774.9915990671 0.632947829146149 2.10474683406159 15.25
353 16773.2293525426 16773.2293525426 0.632947829146149 2.10474683406159 15.25
354 16771.4671733126 16771.4671733126 0.632947829146149 2.10474683406159 15.25
355 16769.7050613981 16769.7050613981 0.632947829146149 2.10474683406159 15.25
356 16767.9430168206 16767.9430168206 0.632947829146149 2.10474683406159 15.25
357 16766.1810396012 16766.1810396012 0.632947829146149 2.10474683406159 15.25
358 16764.4191297617 16764.4191297617 0.632947829146149 2.10474683406159 15.25
359 16762.6572873305 16762.6572873305 0.632947829146149 2.10474683406159 15.25
360 16760.8955123227 16760.8955123227 0.632947829146149 2.10474683406159 15.25
361 16759.1338047581 16759.1338047581 0.632947829146149 2.10474683406159 15.25
362 16757.3721646573 16757.3721646573 0.632947829146149 2.10474683406159 15.25
363 16755.6105920434 16755.6105920434 0.632947829146149 2.10474683406159 15.25
364 16753.8490869358 16753.8490869358 0.632947829146149 2.10474683406159 15.25
365 16752.0876493564 16752.0876493564 0.632947829146149 2.10474683406159 15.25
366 16750.3262793277 16750.3262793277 0.632947829146149 2.10474683406159 15.25
367 16748.5649768698 16748.5649768698 0.632947829146149 2.10474683406159 15.25
368 16746.8037420042 16746.8037420042 0.632947829146149 2.10474683406159 15.25
369 16745.042574752 16745.042574752 0.632947829146149 2.10474683406159 15.25
370 16743.2814751347 16743.2814751347 0.632947829146149 2.10474683406159 15.25
371 16741.5204431723 16741.5204431723 0.632947829146149 2.10474683406159 15.25
372 16739.7594788291 16739.7594788291 0.632947829146149 2.10474683406159 15.25
373 16737.9985821924 16737.9985821924 0.632947829146149 2.10474683406159 15.25
374 16736.2377532761 16736.2377532761 0.632947829146149 2.10474683406159 15.25
375 16734.4769921014 16734.4769921014 0.632947829146149 2.10474683406159 15.25
376 16732.7162986897 16732.7162986897 0.632947829146149 2.10474683406159 15.25
377 16730.9556730618 16730.9556730618 0.632947829146149 2.10474683406159 15.25
378 16729.195115241 16729.195115241 0.632947829146149 2.10474683406159 15.25
379 16727.4346252467 16727.4346252467 0.632947829146149 2.10474683406159 15.25
380 16725.6742031023 16725.6742031023 0.632947829146149 2.10474683406159 15.25
381 16723.9138488279 16723.9138488279 0.632947829146149 2.10474683406159 15.25
382 16722.1535624444 16722.1535624444 0.632947829146149 2.10474683406159 15.25
383 16720.3933439751 16720.3933439751 0.632947829146149 2.10474683406159 15.25
384 16718.6331934396 16718.6331934396 0.632947829146149 2.10474683406159 15.25
385 16716.8731108599 16716.8731108599 0.632947829146149 2.10474683406159 15.25
386 16715.113096262 16715.113096262 0.632947829146149 2.10474683406159 15.25
387 16713.353149669 16713.353149669 0.632947829146149 2.10474683406159 15.25
388 16711.593271095 16711.593271095 0.632947829146149 2.10474683406159 15.25
389 16709.8334605635 16709.8334605635 0.632947829146149 2.10474683406159 15.25
390 16708.0737180952 16708.0737180952 0.632947829146149 2.10474683406159 15.25
391 16706.3140437117 16706.3140437117 0.632947829146149 2.10474683406159 15.25
392 16704.5544374351 16704.5544374351 0.632947829146149 2.10474683406159 15.25
393 16702.7948992851 16702.7948992851 0.632947829146149 2.10474683406159 15.25
394 16701.0354292862 16701.0354292862 0.632947829146149 2.10474683406159 15.25
395 16699.2760274583 16699.2760274583 0.632947829146149 2.10474683406159 15.25
396 16697.5166938227 16697.5166938227 0.632947829146149 2.10474683406159 15.25
397 16695.7574284012 16695.7574284012 0.632947829146149 2.10474683406159 15.25
398 16693.9982312152 16693.9982312152 0.632947829146149 2.10474683406159 15.25
399 16692.2391022864 16692.2391022864 0.632947829146149 2.10474683406159 15.25
400 16690.4800416429 16690.4800416429 0.632947829146149 2.10474683406159 15.25
401 16688.7210493031 16688.7210493031 0.632947829146149 2.10474683406159 15.25
402 16686.9621252851 16686.9621252851 0.632947829146149 2.10474683406159 15.25
403 16685.2032696107 16685.2032696107 0.632947829146149 2.10474683406159 15.25
404 16683.4444823015 16683.4444823015 0.632947829146149 2.10474683406159 15.25
405 16681.685763379 16681.685763379 0.632947829146149 2.10474683406159 15.25
406 16679.9271128649 16679.9271128649 0.632947829146149 2.10474683406159 15.25
407 16678.1685307819 16678.1685307819 0.632947829146149 2.10474683406159 15.25
408 16676.4100171506 16676.4100171506 0.632947829146149 2.10474683406159 15.25
409 16674.6515719927 16674.6515719927 0.632947829146149 2.10474683406159 15.25
410 16672.8931953298 16672.8931953298 0.632947829146149 2.10474683406159 15.25
411 16671.134887183 16671.134887183 0.632947829146149 2.10474683406159 15.25
412 16669.3766475757 16669.3766475757 0.632947829146149 2.10474683406159 15.25
413 16667.6184765279 16667.6184765279 0.632947829146149 2.10474683406159 15.25
414 16665.8603740706 16665.8603740706 0.632947829146149 2.10474683406159 15.25
415 16664.1023402179 16664.1023402179 0.632947829146149 2.10474683406159 15.25
416 16662.3443749334 16662.3443749334 0.632947829146149 2.10474683406159 15.25
417 16660.5864782909 16660.5864782909 0.632947829146149 2.10474683406159 15.25
418 16658.8286503163 16658.8286503163 0.632947829146149 2.10474683406159 15.25
419 16657.0708910334 16657.0708910334 0.632947829146149 2.10474683406159 15.25
420 16655.3132004619 16655.3132004619 0.632947829146149 2.10474683406159 15.25
421 16653.555578626 16653.555578626 0.632947829146149 2.10474683406159 15.25
422 16651.7980255446 16651.7980255446 0.632947829146149 2.10474683406159 15.25
423 16650.0405412411 16650.0405412411 0.632947829146149 2.10474683406159 15.25
424 16648.2831257369 16648.2831257369 0.632947829146149 2.10474683406159 15.25
425 16646.5257790536 16646.5257790536 0.632947829146149 2.10474683406159 15.25
426 16644.7685012132 16644.7685012132 0.632947829146149 2.10474683406159 15.25
427 16643.0112922395 16643.0112922395 0.632947829146149 2.10474683406159 15.25
428 16641.2541521587 16641.2541521587 0.632947829146149 2.10474683406159 15.25
429 16639.4970809873 16639.4970809873 0.632947829146149 2.10474683406159 15.25
430 16637.740078746 16637.740078746 0.632947829146149 2.10474683406159 15.25
431 16635.9831454565 16635.9831454565 0.632947829146149 2.10474683406159 15.25
432 16634.2262811408 16634.2262811408 0.632947829146149 2.10474683406159 15.25
433 16632.4694858207 16632.4694858207 0.632947829146149 2.10474683406159 15.25
434 16630.7127595181 16630.7127595181 0.632947829146149 2.10474683406159 15.25
435 16628.9561022559 16628.9561022559 0.632947829146149 2.10474683406159 15.25
436 16627.1995140549 16627.1995140549 0.632947829146149 2.10474683406159 15.25
437 16625.4429949371 16625.4429949371 0.632947829146149 2.10474683406159 15.25
438 16623.6865449242 16623.6865449242 0.632947829146149 2.10474683406159 15.25
439 16621.9301640383 16621.9301640383 0.632947829146149 2.10474683406159 15.25
440 16620.1738523012 16620.1738523012 0.632947829146149 2.10474683406159 15.25
441 16618.4176097393 16618.4176097393 0.632947829146149 2.10474683406159 15.25
442 16616.6614363744 16616.6614363744 0.632947829146149 2.10474683406159 15.25
443 16614.9053322246 16614.9053322246 0.632947829146149 2.10474683406159 15.25
444 16613.1492973127 16613.1492973127 0.632947829146149 2.10474683406159 15.25
445 16611.3933316586 16611.3933316586 0.632947829146149 2.10474683406159 15.25
446 16609.6374352857 16609.6374352857 0.632947829146149 2.10474683406159 15.25
447 16607.8816082141 16607.8816082141 0.632947829146149 2.10474683406159 15.25
448 16606.1258504675 16606.1258504675 0.632947829146149 2.10474683406159 15.25
449 16604.3701620685 16604.3701620685 0.632947829146149 2.10474683406159 15.25
450 16602.6145430379 16602.6145430379 0.632947829146149 2.10474683406159 15.25
451 16600.8589933978 16600.8589933978 0.632947829146149 2.10474683406159 15.25
452 16599.1035131701 16599.1035131701 0.632947829146149 2.10474683406159 15.25
453 16597.348102377 16597.348102377 0.632947829146149 2.10474683406159 15.25
454 16595.5927610404 16595.5927610404 0.632947829146149 2.10474683406159 15.25
455 16593.837489189 16593.837489189 0.632947829146149 2.10474683406159 15.25
456 16592.0822868403 16592.0822868403 0.632947829146149 2.10474683406159 15.25
457 16590.3271540155 16590.3271540155 0.632947829146149 2.10474683406159 15.25
458 16588.5720907354 16588.5720907354 0.632947829146149 2.10474683406159 15.25
459 16586.8170970221 16586.8170970221 0.632947829146149 2.10474683406159 15.25
460 16585.0621728469 16585.0621728469 0.632947829146149 2.10474683406159 15.25
461 16583.3073182715 16583.3073182715 0.632947829146149 2.10474683406159 15.25
462 16581.5525333292 16581.5525333292 0.632947829146149 2.10474683406159 15.25
463 16579.7978180433 16579.7978180433 0.632947829146149 2.10474683406159 15.25
464 16578.0431724347 16578.0431724347 0.632947829146149 2.10474683406159 15.25
465 16576.2885965255 16576.2885965255 0.632947829146149 2.10474683406159 15.25
466 16574.534090338 16574.534090338 0.632947829146149 2.10474683406159 15.25
467 16572.7796538941 16572.7796538941 0.632947829146149 2.10474683406159 15.25
468 16571.0252872162 16571.0252872162 0.632947829146149 2.10474683406159 15.25
469 16569.2709903351 16569.2709903351 0.632947829146149 2.10474683406159 15.25
470 16567.5167632641 16567.5167632641 0.632947829146149 2.10474683406159 15.25
471 16565.7626060267 16565.7626060267 0.632947829146149 2.10474683406159 15.25
472 16564.0085186445 16564.0085186445 0.632947829146149 2.10474683406159 15.25
473 16562.2545011378 16562.2545011378 0.632947829146149 2.10474683406159 15.25
474 16560.5005535307 16560.5005535307 0.632947829146149 2.10474683406159 15.25
475 16558.7466758448 16558.7466758448 0.632947829146149 2.10474683406159 15.25
476 16556.9928681023 16556.9928681023 0.632947829146149 2.10474683406159 15.25
477 16555.2391303255 16555.2391303255 0.632947829146149 2.10474683406159 15.25
478 16553.485462537 16553.485462537 0.632947829146149 2.10474683406159 15.25
479 16551.7318647599 16551.7318647599 0.632947829146149 2.10474683406159 15.25
480 16549.9783370146 16549.9783370146 0.632947829146149 2.10474683406159 15.25
481 16548.2248793239 16548.2248793239 0.632947829146149 2.10474683406159 15.25
482 16546.4714917123 16546.4714917123 0.632947829146149 2.10474683406159 15.25
483 16544.7181742064 16544.7181742064 0.632947829146149 2.10474683406159 15.25
484 16542.964926822 16542.964926822 0.632947829146149 2.10474683406159 15.25
485 16541.2117495831 16541.2117495831 0.632947829146149 2.10474683406159 15.25
486 16539.4586425091 16539.4586425091 0.632947829146149 2.10474683406159 15.25
487 16537.705605624 16537.705605624 0.632947829146149 2.10474683406159 15.25
488 16535.9526389497 16535.9526389497 0.632947829146149 2.10474683406159 15.25
489 16534.1997425085 16534.1997425085 0.632947829146149 2.10474683406159 15.25
490 16532.4469163226 16532.4469163226 0.632947829146149 2.10474683406159 15.25
491 16530.6941604139 16530.6941604139 0.632947829146149 2.10474683406159 15.25
492 16528.9414748076 16528.9414748076 0.632947829146149 2.10474683406159 15.25
493 16527.1888595232 16527.1888595232 0.632947829146149 2.10474683406159 15.25
494 16525.4363145836 16525.4363145836 0.632947829146149 2.10474683406159 15.25
495 16523.6838400113 16523.6838400113 0.632947829146149 2.10474683406159 15.25
496 16521.9314358329 16521.9314358329 0.632947829146149 2.10474683406159 15.25
497 16520.1791020708 16520.1791020708 0.632947829146149 2.10474683406159 15.25
498 16518.4268387432 16518.4268387432 0.632947829146149 2.10474683406159 15.25
499 16516.6746458735 16516.6746458735 0.632947829146149 2.10474683406159 15.25
500 16514.9225234831 16514.9225234831 0.632947829146149 2.10474683406159 15.25
501 16513.1704715944 16513.1704715944 0.632947829146149 2.10474683406159 15.25
502 16511.4184902299 16511.4184902299 0.632947829146149 2.10474683406159 15.25
503 16509.6665794119 16509.6665794119 0.632947829146149 2.10474683406159 15.25
504 16507.9147391177 16507.9147391177 0.632947829146149 2.10474683406159 15.25
505 16506.1629693982 16506.1629693982 0.632947829146149 2.10474683406159 15.25
506 16504.4112702938 16504.4112702938 0.632947829146149 2.10474683406159 15.25
507 16502.6596418259 16502.6596418259 0.632947829146149 2.10474683406159 15.25
508 16500.908084017 16500.908084017 0.632947829146149 2.10474683406159 15.25
509 16499.1565968896 16499.1565968896 0.632947829146149 2.10474683406159 15.25
510 16497.4051804726 16497.4051804726 0.632947829146149 2.10474683406159 15.25
511 16495.6538347844 16495.6538347844 0.632947829146149 2.10474683406159 15.25
512 16493.9025598452 16493.9025598452 0.632947829146149 2.10474683406159 15.25
513 16492.1513556776 16492.1513556776 0.632947829146149 2.10474683406159 15.25
514 16490.4002223046 16490.4002223046 0.632947829146149 2.10474683406159 15.25
515 16488.6491597496 16488.6491597496 0.632947829146149 2.10474683406159 15.25
516 16486.8981680332 16486.8981680332 0.632947829146149 2.10474683406159 15.25
517 16485.1472471786 16485.1472471786 0.632947829146149 2.10474683406159 15.25
518 16483.3963972084 16483.3963972084 0.632947829146149 2.10474683406159 15.25
519 16481.6456181452 16481.6456181452 0.632947829146149 2.10474683406159 15.25
520 16479.8949100127 16479.8949100127 0.632947829146149 2.10474683406159 15.25
521 16478.1442728324 16478.1442728324 0.632947829146149 2.10474683406159 15.25
522 16476.3937066276 16476.3937066276 0.632947829146149 2.10474683406159 15.25
523 16474.643211419 16474.643211419 0.632947829146149 2.10474683406159 15.25
524 16472.8927872397 16472.8927872397 0.632947829146149 2.10474683406159 15.25
525 16471.1424341031 16471.1424341031 0.632947829146149 2.10474683406159 15.25
526 16469.392152032 16469.392152032 0.632947829146149 2.10474683406159 15.25
527 16467.6419410488 16467.6419410488 0.632947829146149 2.10474683406159 15.25
528 16465.8918011775 16465.8918011775 0.632947829146149 2.10474683406159 15.25
529 16464.1417324395 16464.1417324395 0.632947829146149 2.10474683406159 15.25
530 16462.3917348576 16462.3917348576 0.632947829146149 2.10474683406159 15.25
531 16460.6418084545 16460.6418084545 0.632947829146149 2.10474683406159 15.25
532 16458.8919532529 16458.8919532529 0.632947829146149 2.10474683406159 15.25
533 16457.1421692747 16457.1421692747 0.632947829146149 2.10474683406159 15.25
534 16455.3924565448 16455.3924565448 0.632947829146149 2.10474683406159 15.25
535 16453.6428150849 16453.6428150849 0.632947829146149 2.10474683406159 15.25
536 16451.8932449174 16451.8932449174 0.632947829146149 2.10474683406159 15.25
537 16450.1437460672 16450.1437460672 0.632947829146149 2.10474683406159 15.25
538 16448.3943185613 16448.3943185613 0.632947829146149 2.10474683406159 15.25
539 16446.6449624161 16446.6449624161 0.632947829146149 2.10474683406159 15.25
540 16444.8956776543 16444.8956776543 0.632947829146149 2.10474683406159 15.25
541 16443.1464642993 16443.1464642993 0.632947829146149 2.10474683406159 15.25
542 16441.397322372 16441.397322372 0.632947829146149 2.10474683406159 15.25
543 16439.6482518982 16439.6482518982 0.632947829146149 2.10474683406159 15.25
544 16437.899252899 16437.899252899 0.632947829146149 2.10474683406159 15.25
545 16436.1503253972 16436.1503253972 0.632947829146149 2.10474683406159 15.25
546 16434.4014694157 16434.4014694157 0.632947829146149 2.10474683406159 15.25
547 16432.6526849772 16432.6526849772 0.632947829146149 2.10474683406159 15.25
548 16430.903972066 16430.903972066 0.632947829146149 2.10474683406159 15.25
549 16429.1553307205 16429.1553307205 0.632947829146149 2.10474683406159 15.25
550 16427.4067609872 16427.4067609872 0.632947829146149 2.10474683406159 15.25
551 16425.6582628926 16425.6582628926 0.632947829146149 2.10474683406159 15.25
552 16423.9098364598 16423.9098364598 0.632947829146149 2.10474683406159 15.25
553 16422.1614817073 16422.1614817073 0.632947829146149 2.10474683406159 15.25
554 16420.4131986578 16420.4131986578 0.632947829146149 2.10474683406159 15.25
555 16418.6649873345 16418.6649873345 0.632947829146149 2.10474683406159 15.25
556 16416.9168477601 16416.9168477601 0.632947829146149 2.10474683406159 15.25
557 16415.1687799581 16415.1687799581 0.632947829146149 2.10474683406159 15.25
558 16413.4207839521 16413.4207839521 0.632947829146149 2.10474683406159 15.25
559 16411.6728597633 16411.6728597633 0.632947829146149 2.10474683406159 15.25
560 16409.9250074152 16409.9250074152 0.632947829146149 2.10474683406159 15.25
561 16408.1772269308 16408.1772269308 0.632947829146149 2.10474683406159 15.25
562 16406.4295183331 16406.4295183331 0.632947829146149 2.10474683406159 15.25
563 16404.6818816449 16404.6818816449 0.632947829146149 2.10474683406159 15.25
564 16402.9343168905 16402.9343168905 0.632947829146149 2.10474683406159 15.25
565 16401.1868240981 16401.1868240981 0.632947829146149 2.10474683406159 15.25
566 16399.4394032864 16399.4394032864 0.632947829146149 2.10474683406159 15.25
567 16397.692054477 16397.692054477 0.632947829146149 2.10474683406159 15.25
568 16395.944777691 16395.944777691 0.632947829146149 2.10474683406159 15.25
569 16394.1975729532 16394.1975729532 0.632947829146149 2.10474683406159 15.25
570 16392.4504402862 16392.4504402862 0.632947829146149 2.10474683406159 15.25
571 16390.7033797129 16390.7033797129 0.632947829146149 2.10474683406159 15.25
572 16388.9563912575 16388.9563912575 0.632947829146149 2.10474683406159 15.25
573 16387.2094749419 16387.2094749419 0.632947829146149 2.10474683406159 15.25
574 16385.4626307893 16385.4626307893 0.632947829146149 2.10474683406159 15.25
575 16383.7158588227 16383.7158588227 0.632947829146149 2.10474683406159 15.25
576 16381.9691590659 16381.9691590659 0.632947829146149 2.10474683406159 15.25
577 16380.22253154 16380.22253154 0.632947829146149 2.10474683406159 15.25
578 16378.4759762711 16378.4759762711 0.632947829146149 2.10474683406159 15.25
579 16376.7294932893 16376.7294932893 0.632947829146149 2.10474683406159 15.25
580 16374.9830826091 16374.9830826091 0.632947829146149 2.10474683406159 15.25
581 16373.2367442535 16373.2367442535 0.632947829146149 2.10474683406159 15.25
582 16371.4904782458 16371.4904782458 0.632947829146149 2.10474683406159 15.25
583 16369.7442846091 16369.7442846091 0.632947829146149 2.10474683406159 15.25
584 16367.9981633665 16367.9981633665 0.632947829146149 2.10474683406159 15.25
585 16366.2521145407 16366.2521145407 0.632947829146149 2.10474683406159 15.25
586 16364.5061381577 16364.5061381577 0.632947829146149 2.10474683406159 15.25
587 16362.7602342378 16362.7602342378 0.632947829146149 2.10474683406159 15.25
588 16361.0144028048 16361.0144028048 0.632947829146149 2.10474683406159 15.25
589 16359.2686438819 16359.2686438819 0.632947829146149 2.10474683406159 15.25
590 16357.5229574923 16357.5229574923 0.632947829146149 2.10474683406159 15.25
591 16355.7773436593 16355.7773436593 0.632947829146149 2.10474683406159 15.25
592 16354.0318023756 16354.0318023756 0.632947829146149 2.10474683406159 15.25
593 16352.286333671 16352.286333671 0.632947829146149 2.10474683406159 15.25
594 16350.540937595 16350.540937595 0.632947829146149 2.10474683406159 15.25
595 16348.795614168 16348.795614168 0.632947829146149 2.10474683406159 15.25
596 16347.0503634137 16347.0503634137 0.632947829146149 2.10474683406159 15.25
597 16345.3051853555 16345.3051853555 0.632947829146149 2.10474683406159 15.25
598 16343.5600800167 16343.5600800167 0.632947829146149 2.10474683406159 15.25
599 16341.8150474206 16341.8150474206 0.632947829146149 2.10474683406159 15.25
600 16340.070087591 16340.070087591 0.632947829146149 2.10474683406159 15.25
601 16338.3252005506 16338.3252005506 0.632947829146149 2.10474683406159 15.25
602 16336.5803863234 16336.5803863234 0.632947829146149 2.10474683406159 15.25
603 16334.8356449322 16334.8356449322 0.632947829146149 2.10474683406159 15.25
604 16333.0909764002 16333.0909764002 0.632947829146149 2.10474683406159 15.25
605 16331.3463807509 16331.3463807509 0.632947829146149 2.10474683406159 15.25
606 16329.6018580129 16329.6018580129 0.632947829146149 2.10474683406159 15.25
607 16327.8574082076 16327.8574082076 0.632947829146149 2.10474683406159 15.25
608 16326.1130313549 16326.1130313549 0.632947829146149 2.10474683406159 15.25
609 16324.3687274795 16324.3687274795 0.632947829146149 2.10474683406159 15.25
610 16322.6244966035 16322.6244966035 0.632947829146149 2.10474683406159 15.25
611 16320.8803387506 16320.8803387506 0.632947829146149 2.10474683406159 15.25
612 16319.1362539445 16319.1362539445 0.632947829146149 2.10474683406159 15.25
613 16317.392242207 16317.392242207 0.632947829146149 2.10474683406159 15.25
614 16315.6483035633 16315.6483035633 0.632947829146149 2.10474683406159 15.25
615 16313.9044380363 16313.9044380363 0.632947829146149 2.10474683406159 15.25
616 16312.1606456504 16312.1606456504 0.632947829146149 2.10474683406159 15.25
617 16310.4169264281 16310.4169264281 0.632947829146149 2.10474683406159 15.25
618 16308.6732803928 16308.6732803928 0.632947829146149 2.10474683406159 15.25
619 16306.929707568 16306.929707568 0.632947829146149 2.10474683406159 15.25
620 16305.1862079846 16305.1862079846 0.632947829146149 2.10474683406159 15.25
621 16303.4427816598 16303.4427816598 0.632947829146149 2.10474683406159 15.25
622 16301.6994286159 16301.6994286159 0.632947829146149 2.10474683406159 15.25
623 16299.9561488766 16299.9561488766 0.632947829146149 2.10474683406159 15.25
624 16298.2129424657 16298.2129424657 0.632947829146149 2.10474683406159 15.25
625 16296.4698094076 16296.4698094076 0.632947829146149 2.10474683406159 15.25
626 16294.726749724 16294.726749724 0.632947829146149 2.10474683406159 15.25
627 16292.983763439 16292.983763439 0.632947829146149 2.10474683406159 15.25
628 16291.2408505762 16291.2408505762 0.632947829146149 2.10474683406159 15.25
629 16289.4980111592 16289.4980111592 0.632947829146149 2.10474683406159 15.25
630 16287.7552452125 16287.7552452125 0.632947829146149 2.10474683406159 15.25
631 16286.0125527588 16286.0125527588 0.632947829146149 2.10474683406159 15.25
632 16284.2699338216 16284.2699338216 0.632947829146149 2.10474683406159 15.25
633 16282.5273884257 16282.5273884257 0.632947829146149 2.10474683406159 15.25
634 16280.7849166009 16280.7849166009 0.632947829146149 2.10474683406159 15.25
635 16279.0425183634 16279.0425183634 0.632947829146149 2.10474683406159 15.25
636 16277.3001937095 16277.3001937095 0.632947829146149 2.10474683406159 15.25
637 16275.5579426553 16275.5579426553 0.632947829146149 2.10474683406159 15.25
638 16273.8157652605 16273.8157652605 0.632947829146149 2.10474683406159 15.25
639 16272.0736615475 16272.0736615475 0.632947829146149 2.10474683406159 15.25
640 16270.3316315402 16270.3316315402 0.632947829146149 2.10474683406159 15.25
641 16268.5896752622 16268.5896752622 0.632947829146149 2.10474683406159 15.25
642 16266.8477927371 16266.8477927371 0.632947829146149 2.10474683406159 15.25
643 16265.105983988 16265.105983988 0.632947829146149 2.10474683406159 15.25
644 16263.3642490412 16263.3642490412 0.632947829146149 2.10474683406159 15.25
645 16261.6225879177 16261.6225879177 0.632947829146149 2.10474683406159 15.25
646 16259.8810006426 16259.8810006426 0.632947829146149 2.10474683406159 15.25
647 16258.1394872422 16258.1394872422 0.632947829146149 2.10474683406159 15.25
648 16256.3980477425 16256.3980477425 0.632947829146149 2.10474683406159 15.25
649 16254.6566821617 16254.6566821617 0.632947829146149 2.10474683406159 15.25
650 16252.9153905238 16252.9153905238 0.632947829146149 2.10474683406159 15.25
651 16251.1741728524 16251.1741728524 0.632947829146149 2.10474683406159 15.25
652 16249.4330291714 16249.4330291714 0.632947829146149 2.10474683406159 15.25
653 16247.6919595055 16247.6919595055 0.632947829146149 2.10474683406159 15.25
654 16245.9509638775 16245.9509638775 0.632947829146149 2.10474683406159 15.25
655 16244.2100423113 16244.2100423113 0.632947829146149 2.10474683406159 15.25
656 16242.4691948306 16242.4691948306 0.632947829146149 2.10474683406159 15.25
657 16240.7284214593 16240.7284214593 0.632947829146149 2.10474683406159 15.25
658 16238.9877222211 16238.9877222211 0.632947829146149 2.10474683406159 15.25
659 16237.24709714 16237.24709714 0.632947829146149 2.10474683406159 15.25
660 16235.5065462402 16235.5065462402 0.632947829146149 2.10474683406159 15.25
661 16233.7660695524 16233.7660695524 0.632947829146149 2.10474683406159 15.25
662 16232.0256670945 16232.0256670945 0.632947829146149 2.10474683406159 15.25
663 16230.2853388897 16230.2853388897 0.632947829146149 2.10474683406159 15.25
664 16228.5450849613 16228.5450849613 0.632947829146149 2.10474683406159 15.25
665 16226.8049053332 16226.8049053332 0.632947829146149 2.10474683406159 15.25
666 16225.0648000293 16225.0648000293 0.632947829146149 2.10474683406159 15.25
667 16223.3247690735 16223.3247690735 0.632947829146149 2.10474683406159 15.25
668 16221.5848124907 16221.5848124907 0.632947829146149 2.10474683406159 15.25
669 16219.844930304 16219.844930304 0.632947829146149 2.10474683406159 15.25
670 16218.1051225371 16218.1051225371 0.632947829146149 2.10474683406159 15.25
671 16216.3653892141 16216.3653892141 0.632947829146149 2.10474683406159 15.25
672 16214.625730359 16214.625730359 0.632947829146149 2.10474683406159 15.25
673 16212.8861459956 16212.8861459956 0.632947829146149 2.10474683406159 15.25
674 16211.146636148 16211.146636148 0.632947829146149 2.10474683406159 15.25
675 16209.4072008487 16209.4072008487 0.632947829146149 2.10474683406159 15.25
676 16207.6678401142 16207.6678401142 0.632947829146149 2.10474683406159 15.25
677 16205.9285539675 16205.9285539675 0.632947829146149 2.10474683406159 15.25
678 16204.1893424319 16204.1893424319 0.632947829146149 2.10474683406159 15.25
679 16202.450205534 16202.450205534 0.632947829146149 2.10474683406159 15.25
680 16200.7111432729 16200.7111432729 0.632947829146149 2.10474683406159 15.25
681 16198.972155655 16198.972155655 0.632947829146149 2.10474683406159 15.25
682 16197.2332427451 16197.2332427451 0.632947829146149 2.10474683406159 15.25
683 16195.4944045683 16195.4944045683 0.632947829146149 2.10474683406159 15.25
684 16193.7556411475 16193.7556411475 0.632947829146149 2.10474683406159 15.25
685 16192.0169525069 16192.0169525069 0.632947829146149 2.10474683406159 15.25
686 16190.2783386706 16190.2783386706 0.632947829146149 2.10474683406159 15.25
687 16188.5397996627 16188.5397996627 0.632947829146149 2.10474683406159 15.25
688 16186.8013355094 16186.8013355094 0.632947829146149 2.10474683406159 15.25
689 16185.062946239 16185.062946239 0.632947829146149 2.10474683406159 15.25
690 16183.3246318687 16183.3246318687 0.632947829146149 2.10474683406159 15.25
691 16181.5863924245 16181.5863924245 0.632947829146149 2.10474683406159 15.25
692 16179.8482279298 16179.8482279298 0.632947829146149 2.10474683406159 15.25
693 16178.1101384082 16178.1101384082 0.632947829146149 2.10474683406159 15.25
694 16176.372123884 16176.372123884 0.632947829146149 2.10474683406159 15.25
695 16174.6341843813 16174.6341843813 0.632947829146149 2.10474683406159 15.25
696 16172.8963199243 16172.8963199243 0.632947829146149 2.10474683406159 15.25
697 16171.1585305372 16171.1585305372 0.632947829146149 2.10474683406159 15.25
698 16169.4208162442 16169.4208162442 0.632947829146149 2.10474683406159 15.25
699 16167.6831770706 16167.6831770706 0.632947829146149 2.10474683406159 15.25
700 16165.9456130395 16165.9456130395 0.632947829146149 2.10474683406159 15.25
701 16164.2081241752 16164.2081241752 0.632947829146149 2.10474683406159 15.25
702 16162.4707105061 16162.4707105061 0.632947829146149 2.10474683406159 15.25
703 16160.7333720565 16160.7333720565 0.632947829146149 2.10474683406159 15.25
704 16158.9961088464 16158.9961088464 0.632947829146149 2.10474683406159 15.25
705 16157.2589208995 16157.2589208995 0.632947829146149 2.10474683406159 15.25
706 16155.5218082419 16155.5218082419 0.632947829146149 2.10474683406159 15.25
707 16153.7847708978 16153.7847708978 0.632947829146149 2.10474683406159 15.25
708 16152.047808889 16152.047808889 0.632947829146149 2.10474683406159 15.25
709 16150.3109222418 16150.3109222418 0.632947829146149 2.10474683406159 15.25
710 16148.5741109799 16148.5741109799 0.632947829146149 2.10474683406159 15.25
711 16146.8373751277 16146.8373751277 0.632947829146149 2.10474683406159 15.25
712 16145.1007147093 16145.1007147093 0.632947829146149 2.10474683406159 15.25
713 16143.3641297493 16143.3641297493 0.632947829146149 2.10474683406159 15.25
714 16141.6276202729 16141.6276202729 0.632947829146149 2.10474683406159 15.25
715 16139.8911863036 16139.8911863036 0.632947829146149 2.10474683406159 15.25
716 16138.154827872 16138.154827872 0.632947829146149 2.10474683406159 15.25
717 16136.4185449982 16136.4185449982 0.632947829146149 2.10474683406159 15.25
718 16134.6823377046 16134.6823377046 0.632947829146149 2.10474683406159 15.25
719 16132.9462060155 16132.9462060155 0.632947829146149 2.10474683406159 15.25
720 16131.2101499548 16131.2101499548 0.632947829146149 2.10474683406159 15.25
721 16129.4741695488 16129.4741695488 0.632947829146149 2.10474683406159 15.25
722 16127.7382648216 16127.7382648216 0.632947829146149 2.10474683406159 15.25
723 16126.0024357954 16126.0024357954 0.632947829146149 2.10474683406159 15.25
724 16124.2666824809 16124.2666824809 0.632947829146149 2.10474683406159 15.25
725 16122.5310048706 16122.5310048706 0.632947829146149 2.10474683406159 15.25
726 16120.7954030359 16120.7954030359 0.632947829146149 2.10474683406159 15.25
727 16119.0598770014 16119.0598770014 0.632947829146149 2.10474683406159 15.25
728 16117.3244267914 16117.3244267914 0.632947829146149 2.10474683406159 15.25
729 16115.5890524316 16115.5890524316 0.632947829146149 2.10474683406159 15.25
730 16113.8537539538 16113.8537539538 0.632947829146149 2.10474683406159 15.25
731 16112.1185313741 16112.1185313741 0.632947829146149 2.10474683406159 15.25
732 16110.383384717 16110.383384717 0.632947829146149 2.10474683406159 15.25
733 16108.6483140071 16108.6483140071 0.632947829146149 2.10474683406159 15.25
734 16106.9133192689 16106.9133192689 0.632947829146149 2.10474683406159 15.25
735 16105.178400527 16105.178400527 0.632947829146149 2.10474683406159 15.25
736 16103.4435578059 16103.4435578059 0.632947829146149 2.10474683406159 15.25
737 16101.7087911313 16101.7087911313 0.632947829146149 2.10474683406159 15.25
738 16099.9741005266 16099.9741005266 0.632947829146149 2.10474683406159 15.25
739 16098.2394860165 16098.2394860165 0.632947829146149 2.10474683406159 15.25
740 16096.5049476256 16096.5049476256 0.632947829146149 2.10474683406159 15.25
741 16094.7704853785 16094.7704853785 0.632947829146149 2.10474683406159 15.25
742 16093.0360992997 16093.0360992997 0.632947829146149 2.10474683406159 15.25
743 16091.3017894172 16091.3017894172 0.632947829146149 2.10474683406159 15.25
744 16089.5675557576 16089.5675557576 0.632947829146149 2.10474683406159 15.25
745 16087.8333983403 16087.8333983403 0.632947829146149 2.10474683406159 15.25
746 16086.099317191 16086.099317191 0.632947829146149 2.10474683406159 15.25
747 16084.3653123334 16084.3653123334 0.632947829146149 2.10474683406159 15.25
748 16082.6313837921 16082.6313837921 0.632947829146149 2.10474683406159 15.25
749 16080.8975315918 16080.8975315918 0.632947829146149 2.10474683406159 15.25
750 16079.1637557573 16079.1637557573 0.632947829146149 2.10474683406159 15.25
751 16077.4300563131 16077.4300563131 0.632947829146149 2.10474683406159 15.25
752 16075.696433284 16075.696433284 0.632947829146149 2.10474683406159 15.25
753 16073.9628866959 16073.9628866959 0.632947829146149 2.10474683406159 15.25
754 16072.2294165717 16072.2294165717 0.632947829146149 2.10474683406159 15.25
755 16070.4960229375 16070.4960229375 0.632947829146149 2.10474683406159 15.25
756 16068.7627058173 16068.7627058173 0.632947829146149 2.10474683406159 15.25
757 16067.0294652413 16067.0294652413 0.632947829146149 2.10474683406159 15.25
758 16065.296301232 16065.296301232 0.632947829146149 2.10474683406159 15.25
759 16063.5632138111 16063.5632138111 0.632947829146149 2.10474683406159 15.25
760 16061.8302030046 16061.8302030046 0.632947829146149 2.10474683406159 15.25
761 16060.097268836 16060.097268836 0.632947829146149 2.10474683406159 15.25
762 16058.3644113301 16058.3644113301 0.632947829146149 2.10474683406159 15.25
763 16056.6316305119 16056.6316305119 0.632947829146149 2.10474683406159 15.25
764 16054.8989264062 16054.8989264062 0.632947829146149 2.10474683406159 15.25
765 16053.1662990377 16053.1662990377 0.632947829146149 2.10474683406159 15.25
766 16051.4337484314 16051.4337484314 0.632947829146149 2.10474683406159 15.25
767 16049.7012746114 16049.7012746114 0.632947829146149 2.10474683406159 15.25
768 16047.9688775956 16047.9688775956 0.632947829146149 2.10474683406159 15.25
769 16046.2365573633 16046.2365573633 0.632947829146149 2.10474683406159 15.25
770 16044.5043139926 16044.5043139926 0.632947829146149 2.10474683406159 15.25
771 16042.7721475158 16042.7721475158 0.632947829146149 2.10474683406159 15.25
772 16041.0400579514 16041.0400579514 0.632947829146149 2.10474683406159 15.25
773 16039.3080453234 16039.3080453234 0.632947829146149 2.10474683406159 15.25
774 16037.5761096567 16037.5761096567 0.632947829146149 2.10474683406159 15.25
775 16035.8442509769 16035.8442509769 0.632947829146149 2.10474683406159 15.25
776 16034.1124693069 16034.1124693069 0.632947829146149 2.10474683406159 15.25
777 16032.3807646742 16032.3807646742 0.632947829146149 2.10474683406159 15.25
778 16030.6491371038 16030.6491371038 0.632947829146149 2.10474683406159 15.25
779 16028.9175866181 16028.9175866181 0.632947829146149 2.10474683406159 15.25
780 16027.1861132448 16027.1861132448 0.632947829146149 2.10474683406159 15.25
781 16025.454717007 16025.454717007 0.632947829146149 2.10474683406159 15.25
782 16023.7233979301 16023.7233979301 0.632947829146149 2.10474683406159 15.25
783 16021.9921560393 16021.9921560393 0.632947829146149 2.10474683406159 15.25
784 16020.2609913617 16020.2609913617 0.632947829146149 2.10474683406159 15.25
785 16018.5299039276 16018.5299039276 0.632947829146149 2.10474683406159 15.25
786 16016.7988937546 16016.7988937546 0.632947829146149 2.10474683406159 15.25
787 16015.0679608678 16015.0679608678 0.632947829146149 2.10474683406159 15.25
788 16013.3371052923 16013.3371052923 0.632947829146149 2.10474683406159 15.25
789 16011.6063270532 16011.6063270532 0.632947829146149 2.10474683406159 15.25
790 16009.8756261754 16009.8756261754 0.632947829146149 2.10474683406159 15.25
791 16008.1450026843 16008.1450026843 0.632947829146149 2.10474683406159 15.25
792 16006.4144566057 16006.4144566057 0.632947829146149 2.10474683406159 15.25
793 16004.6839879639 16004.6839879639 0.632947829146149 2.10474683406159 15.25
794 16002.953596784 16002.953596784 0.632947829146149 2.10474683406159 15.25
795 16001.223283091 16001.223283091 0.632947829146149 2.10474683406159 15.25
796 15999.4930469102 15999.4930469102 0.632947829146149 2.10474683406159 15.25
797 15997.7628882667 15997.7628882667 0.632947829146149 2.10474683406159 15.25
798 15996.0328071898 15996.0328071898 0.632947829146149 2.10474683406159 15.25
799 15994.3028037046 15994.3028037046 0.632947829146149 2.10474683406159 15.25
800 15992.5728778322 15992.5728778322 0.632947829146149 2.10474683406159 15.25
801 15990.8430295989 15990.8430295989 0.632947829146149 2.10474683406159 15.25
802 15989.1132590287 15989.1132590287 0.632947829146149 2.10474683406159 15.25
803 15987.3835661469 15987.3835661469 0.632947829146149 2.10474683406159 15.25
804 15985.6539509794 15985.6539509794 0.632947829146149 2.10474683406159 15.25
805 15983.9244135494 15983.9244135494 0.632947829146149 2.10474683406159 15.25
806 15982.1949538847 15982.1949538847 0.632947829146149 2.10474683406159 15.25
807 15980.4655720081 15980.4655720081 0.632947829146149 2.10474683406159 15.25
808 15978.7362679471 15978.7362679471 0.632947829146149 2.10474683406159 15.25
809 15977.0070417272 15977.0070417272 0.632947829146149 2.10474683406159 15.25
810 15975.2778933718 15975.2778933718 0.632947829146149 2.10474683406159 15.25
811 15973.5488229068 15973.5488229068 0.632947829146149 2.10474683406159 15.25
812 15971.8198303606 15971.8198303606 0.632947829146149 2.10474683406159 15.25
813 15970.0909156979 15970.0909156979 0.632947829146149 2.10474683406159 15.25
814 15968.3620790014 15968.3620790014 0.632947829146149 2.10474683406159 15.25
815 15966.6333202966 15966.6333202966 0.632947829146149 2.10474683406159 15.25
816 15964.9046396099 15964.9046396099 0.632947829146149 2.10474683406159 15.25
817 15963.1760369654 15963.1760369654 0.632947829146149 2.10474683406159 15.25
818 15961.4475123886 15961.4475123886 0.632947829146149 2.10474683406159 15.25
819 15959.7190659049 15959.7190659049 0.632947829146149 2.10474683406159 15.25
820 15957.9906975396 15957.9906975396 0.632947829146149 2.10474683406159 15.25
821 15956.2624073181 15956.2624073181 0.632947829146149 2.10474683406159 15.25
822 15954.5341952665 15954.5341952665 0.632947829146149 2.10474683406159 15.25
823 15952.8060614075 15952.8060614075 0.632947829146149 2.10474683406159 15.25
824 15951.0780057716 15951.0780057716 0.632947829146149 2.10474683406159 15.25
825 15949.3500283804 15949.3500283804 0.632947829146149 2.10474683406159 15.25
826 15947.6221292684 15947.6221292684 0.632947829146149 2.10474683406159 15.25
827 15945.8943084528 15945.8943084528 0.632947829146149 2.10474683406159 15.25
828 15944.166565959 15944.166565959 0.632947829146149 2.10474683406159 15.25
829 15942.4389018124 15942.4389018124 0.632947829146149 2.10474683406159 15.25
830 15940.7113160385 15940.7113160385 0.632947829146149 2.10474683406159 15.25
831 15938.9838086628 15938.9838086628 0.632947829146149 2.10474683406159 15.25
832 15937.2563797118 15937.2563797118 0.632947829146149 2.10474683406159 15.25
833 15935.5290292101 15935.5290292101 0.632947829146149 2.10474683406159 15.25
834 15933.8017571831 15933.8017571831 0.632947829146149 2.10474683406159 15.25
835 15932.0745636563 15932.0745636563 0.632947829146149 2.10474683406159 15.25
836 15930.3474486552 15930.3474486552 0.632947829146149 2.10474683406159 15.25
837 15928.6204122055 15928.6204122055 0.632947829146149 2.10474683406159 15.25
838 15926.8934543327 15926.8934543327 0.632947829146149 2.10474683406159 15.25
839 15925.1665750654 15925.1665750654 0.632947829146149 2.10474683406159 15.25
840 15923.4397744313 15923.4397744313 0.632947829146149 2.10474683406159 15.25
841 15921.7130524518 15921.7130524518 0.632947829146149 2.10474683406159 15.25
842 15919.9864091516 15919.9864091516 0.632947829146149 2.10474683406159 15.25
843 15918.259844556 15918.259844556 0.632947829146149 2.10474683406159 15.25
844 15916.5333586909 15916.5333586909 0.632947829146149 2.10474683406159 15.25
845 15914.8069515818 15914.8069515818 0.632947829146149 2.10474683406159 15.25
846 15913.080623255 15913.080623255 0.632947829146149 2.10474683406159 15.25
847 15911.3543737336 15911.3543737336 0.632947829146149 2.10474683406159 15.25
848 15909.6282030481 15909.6282030481 0.632947829146149 2.10474683406159 15.25
849 15907.9021112205 15907.9021112205 0.632947829146149 2.10474683406159 15.25
850 15906.1760982773 15906.1760982773 0.632947829146149 2.10474683406159 15.25
851 15904.450164244 15904.450164244 0.632947829146149 2.10474683406159 15.25
852 15902.7243091463 15902.7243091463 0.632947829146149 2.10474683406159 15.25
853 15900.9985330152 15900.9985330152 0.632947829146149 2.10474683406159 15.25
854 15899.2728358743 15899.2728358743 0.632947829146149 2.10474683406159 15.25
855 15897.5472177462 15897.5472177462 0.632947829146149 2.10474683406159 15.25
856 15895.8216786566 15895.8216786566 0.632947829146149 2.10474683406159 15.25
857 15894.0962185725 15894.0962185725 0.632947829146149 2.10474683406159 15.25
858 15892.3708375747 15892.3708375747 0.632947829146149 2.10474683406159 15.25
859 15890.6455356939 15890.6455356939 0.632947829146149 2.10474683406159 15.25
860 15888.9203129541 15888.9203129541 0.632947829146149 2.10474683406159 15.25
861 15887.1951693816 15887.1951693816 0.632947829146149 2.10474683406159 15.25
862 15885.4701050022 15885.4701050022 0.632947829146149 2.10474683406159 15.25
863 15883.7451198417 15883.7451198417 0.632947829146149 2.10474683406159 15.25
864 15882.020213927 15882.020213927 0.632947829146149 2.10474683406159 15.25
865 15880.2953872823 15880.2953872823 0.632947829146149 2.10474683406159 15.25
866 15878.5706399352 15878.5706399352 0.632947829146149 2.10474683406159 15.25
867 15876.845971917 15876.845971917 0.632947829146149 2.10474683406159 15.25
868 15875.1213832479 15875.1213832479 0.632947829146149 2.10474683406159 15.25
869 15873.3968739528 15873.3968739528 0.632947829146149 2.10474683406159 15.25
870 15871.6724440574 15871.6724440574 0.632947829146149 2.10474683406159 15.25
871 15869.9480935878 15869.9480935878 0.632947829146149 2.10474683406159 15.25
872 15868.2238225705 15868.2238225705 0.632947829146149 2.10474683406159 15.25
873 15866.4996310304 15866.4996310304 0.632947829146149 2.10474683406159 15.25
874 15864.7755189943 15864.7755189943 0.632947829146149 2.10474683406159 15.25
875 15863.0514864876 15863.0514864876 0.632947829146149 2.10474683406159 15.25
876 15861.3275335362 15861.3275335362 0.632947829146149 2.10474683406159 15.25
877 15859.603660166 15859.603660166 0.632947829146149 2.10474683406159 15.25
878 15857.879866403 15857.879866403 0.632947829146149 2.10474683406159 15.25
879 15856.1561522731 15856.1561522731 0.632947829146149 2.10474683406159 15.25
880 15854.4325178044 15854.4325178044 0.632947829146149 2.10474683406159 15.25
881 15852.708963028 15852.708963028 0.632947829146149 2.10474683406159 15.25
882 15850.9854879627 15850.9854879627 0.632947829146149 2.10474683406159 15.25
883 15849.2620926345 15849.2620926345 0.632947829146149 2.10474683406159 15.25
884 15847.5387770694 15847.5387770694 0.632947829146149 2.10474683406159 15.25
885 15845.8155412934 15845.8155412934 0.632947829146149 2.10474683406159 15.25
886 15844.0923853326 15844.0923853326 0.632947829146149 2.10474683406159 15.25
887 15842.369309213 15842.369309213 0.632947829146149 2.10474683406159 15.25
888 15840.64631296 15840.64631296 0.632947829146149 2.10474683406159 15.25
889 15838.9233966027 15838.9233966027 0.632947829146149 2.10474683406159 15.25
890 15837.2005601641 15837.2005601641 0.632947829146149 2.10474683406159 15.25
891 15835.477803671 15835.477803671 0.632947829146149 2.10474683406159 15.25
892 15833.7551271495 15833.7551271495 0.632947829146149 2.10474683406159 15.25
893 15832.0325306256 15832.0325306256 0.632947829146149 2.10474683406159 15.25
894 15830.3100141297 15830.3100141297 0.632947829146149 2.10474683406159 15.25
895 15828.5875776885 15828.5875776885 0.632947829146149 2.10474683406159 15.25
896 15826.8652213221 15826.8652213221 0.632947829146149 2.10474683406159 15.25
897 15825.1429450595 15825.1429450595 0.632947829146149 2.10474683406159 15.25
898 15823.4207489253 15823.4207489253 0.632947829146149 2.10474683406159 15.25
899 15821.6986329457 15821.6986329457 0.632947829146149 2.10474683406159 15.25
900 15819.9765971467 15819.9765971467 0.632947829146149 2.10474683406159 15.25
901 15818.2546415005 15818.2546415005 0.632947829146149 2.10474683406159 15.25
902 15816.5327660785 15816.5327660785 0.632947829146149 2.10474683406159 15.25
903 15814.8109709158 15814.8109709158 0.632947829146149 2.10474683406159 15.25
904 15813.0892560387 15813.0892560387 0.632947829146149 2.10474683406159 15.25
905 15811.3676214742 15811.3676214742 0.632947829146149 2.10474683406159 15.25
906 15809.6460672478 15809.6460672478 0.632947829146149 2.10474683406159 15.25
907 15807.9245933856 15807.9245933856 0.632947829146149 2.10474683406159 15.25
908 15806.2031999194 15806.2031999194 0.632947829146149 2.10474683406159 15.25
909 15804.4818868733 15804.4818868733 0.632947829146149 2.10474683406159 15.25
910 15802.7606542695 15802.7606542695 0.632947829146149 2.10474683406159 15.25
911 15801.0395021351 15801.0395021351 0.632947829146149 2.10474683406159 15.25
912 15799.3184304963 15799.3184304963 0.632947829146149 2.10474683406159 15.25
913 15797.5974393794 15797.5974393794 0.632947829146149 2.10474683406159 15.25
914 15795.8765288118 15795.8765288118 0.632947829146149 2.10474683406159 15.25
915 15794.1556988187 15794.1556988187 0.632947829146149 2.10474683406159 15.25
916 15792.4349494266 15792.4349494266 0.632947829146149 2.10474683406159 15.25
917 15790.7142806617 15790.7142806617 0.632947829146149 2.10474683406159 15.25
918 15788.9936925504 15788.9936925504 0.632947829146149 2.10474683406159 15.25
919 15787.2731851185 15787.2731851185 0.632947829146149 2.10474683406159 15.25
920 15785.5527583942 15785.5527583942 0.632947829146149 2.10474683406159 15.25
921 15783.8324124031 15783.8324124031 0.632947829146149 2.10474683406159 15.25
922 15782.1121471794 15782.1121471794 0.632947829146149 2.10474683406159 15.25
923 15780.3919627412 15780.3919627412 0.632947829146149 2.10474683406159 15.25
924 15778.671859115 15778.671859115 0.632947829146149 2.10474683406159 15.25
925 15776.9518363273 15776.9518363273 0.632947829146149 2.10474683406159 15.25
926 15775.2318944044 15775.2318944044 0.632947829146149 2.10474683406159 15.25
927 15773.5120333728 15773.5120333728 0.632947829146149 2.10474683406159 15.25
928 15771.792253259 15771.792253259 0.632947829146149 2.10474683406159 15.25
929 15770.0725540895 15770.0725540895 0.632947829146149 2.10474683406159 15.25
930 15768.3529358911 15768.3529358911 0.632947829146149 2.10474683406159 15.25
931 15766.6333986912 15766.6333986912 0.632947829146149 2.10474683406159 15.25
932 15764.9139425145 15764.9139425145 0.632947829146149 2.10474683406159 15.25
933 15763.1945673879 15763.1945673879 0.632947829146149 2.10474683406159 15.25
934 15761.4752733382 15761.4752733382 0.632947829146149 2.10474683406159 15.25
935 15759.7560603948 15759.7560603948 0.632947829146149 2.10474683406159 15.25
936 15758.0369285865 15758.0369285865 0.632947829146149 2.10474683406159 15.25
937 15756.3178779345 15756.3178779345 0.632947829146149 2.10474683406159 15.25
938 15754.5989084655 15754.5989084655 0.632947829146149 2.10474683406159 15.25
939 15752.8800202071 15752.8800202071 0.632947829146149 2.10474683406159 15.25
940 15751.1612131849 15751.1612131849 0.632947829146149 2.10474683406159 15.25
941 15749.4424874247 15749.4424874247 0.632947829146149 2.10474683406159 15.25
942 15747.7238429552 15747.7238429552 0.632947829146149 2.10474683406159 15.25
943 15746.005279801 15746.005279801 0.632947829146149 2.10474683406159 15.25
944 15744.2867979894 15744.2867979894 0.632947829146149 2.10474683406159 15.25
945 15742.568397499 15742.568397499 0.632947829146149 2.10474683406159 15.25
946 15740.8500783888 15740.8500783888 0.632947829146149 2.10474683406159 15.25
947 15739.1318407034 15739.1318407034 0.632947829146149 2.10474683406159 15.25
948 15737.4136844665 15737.4136844665 0.632947829146149 2.10474683406159 15.25
949 15735.6956097107 15735.6956097107 0.632947829146149 2.10474683406159 15.25
950 15733.9776164605 15733.9776164605 0.632947829146149 2.10474683406159 15.25
951 15732.2597047396 15732.2597047396 0.632947829146149 2.10474683406159 15.25
952 15730.5418745746 15730.5418745746 0.632947829146149 2.10474683406159 15.25
953 15728.8241259924 15728.8241259924 0.632947829146149 2.10474683406159 15.25
954 15727.1064590196 15727.1064590196 0.632947829146149 2.10474683406159 15.25
955 15725.388873684 15725.388873684 0.632947829146149 2.10474683406159 15.25
956 15723.6713700114 15723.6713700114 0.632947829146149 2.10474683406159 15.25
957 15721.9539480285 15721.9539480285 0.632947829146149 2.10474683406159 15.25
958 15720.236607762 15720.236607762 0.632947829146149 2.10474683406159 15.25
959 15718.5193492382 15718.5193492382 0.632947829146149 2.10474683406159 15.25
960 15716.8021724856 15716.8021724856 0.632947829146149 2.10474683406159 15.25
961 15715.0850775293 15715.0850775293 0.632947829146149 2.10474683406159 15.25
962 15713.3680643967 15713.3680643967 0.632947829146149 2.10474683406159 15.25
963 15711.6511331227 15711.6511331227 0.632947829146149 2.10474683406159 15.25
964 15709.9342837271 15709.9342837271 0.632947829146149 2.10474683406159 15.25
965 15708.2175162357 15708.2175162357 0.632947829146149 2.10474683406159 15.25
966 15706.5008306753 15706.5008306753 0.632947829146149 2.10474683406159 15.25
967 15704.7842270728 15704.7842270728 0.632947829146149 2.10474683406159 15.25
968 15703.0677054551 15703.0677054551 0.632947829146149 2.10474683406159 15.25
969 15701.3512658491 15701.3512658491 0.632947829146149 2.10474683406159 15.25
970 15699.6349082816 15699.6349082816 0.632947829146149 2.10474683406159 15.25
971 15697.9186327796 15697.9186327796 0.632947829146149 2.10474683406159 15.25
972 15696.2024393705 15696.2024393705 0.632947829146149 2.10474683406159 15.25
973 15694.4863280819 15694.4863280819 0.632947829146149 2.10474683406159 15.25
974 15692.7702989389 15692.7702989389 0.632947829146149 2.10474683406159 15.25
975 15691.0543519692 15691.0543519692 0.632947829146149 2.10474683406159 15.25
976 15689.3384872017 15689.3384872017 0.632947829146149 2.10474683406159 15.25
977 15687.6227046674 15687.6227046674 0.632947829146149 2.10474683406159 15.25
978 15685.9070043874 15685.9070043874 0.632947829146149 2.10474683406159 15.25
979 15684.1913863884 15684.1913863884 0.632947829146149 2.10474683406159 15.25
980 15682.4758506976 15682.4758506976 0.632947829146149 2.10474683406159 15.25
981 15680.7603973429 15680.7603973429 0.632947829146149 2.10474683406159 15.25
982 15679.0450263505 15679.0450263505 0.632947829146149 2.10474683406159 15.25
983 15677.3297377472 15677.3297377472 0.632947829146149 2.10474683406159 15.25
984 15675.6145315602 15675.6145315602 0.632947829146149 2.10474683406159 15.25
985 15673.8994078159 15673.8994078159 0.632947829146149 2.10474683406159 15.25
986 15672.1843665432 15672.1843665432 0.632947829146149 2.10474683406159 15.25
987 15670.4694077674 15670.4694077674 0.632947829146149 2.10474683406159 15.25
988 15668.7545315161 15668.7545315161 0.632947829146149 2.10474683406159 15.25
989 15667.0397377758 15667.0397377758 0.632947829146149 2.10474683406159 15.25
990 15665.3250265968 15665.3250265968 0.632947829146149 2.10474683406159 15.25
991 15663.6103980278 15663.6103980278 0.632947829146149 2.10474683406159 15.25
992 15661.8958520924 15661.8958520924 0.632947829146149 2.10474683406159 15.25
993 15660.1813888158 15660.1813888158 0.632947829146149 2.10474683406159 15.25
994 15658.4670082272 15658.4670082272 0.632947829146149 2.10474683406159 15.25
995 15656.7527103531 15656.7527103531 0.632947829146149 2.10474683406159 15.25
996 15655.0384952206 15655.0384952206 0.632947829146149 2.10474683406159 15.25
997 15653.3243628569 15653.3243628569 0.632947829146149 2.10474683406159 15.25
998 15651.6103132902 15651.6103132902 0.632947829146149 2.10474683406159 15.25
999 15649.8963465474 15649.8963465474 0.632947829146149 2.10474683406159 15.25
1000 15648.1824626537 15648.1824626537 0.632947829146149 2.10474683406159 15.25
1001 15646.4686616384 15646.4686616384 0.632947829146149 2.10474683406159 15.25
1002 15644.7549435279 15644.7549435279 0.632947829146149 2.10474683406159 15.25
1003 15643.0413083496 15643.0413083496 0.632947829146149 2.10474683406159 15.25
1004 15641.3277561377 15641.3277561377 0.632947829146149 2.10474683406159 15.25
1005 15639.6142869136 15639.6142869136 0.632947829146149 2.10474683406159 15.25
1006 15637.900900704 15637.900900704 0.632947829146149 2.10474683406159 15.25
1007 15636.1875975354 15636.1875975354 0.632947829146149 2.10474683406159 15.25
1008 15634.474377436 15634.474377436 0.632947829146149 2.10474683406159 15.25
1009 15632.7612404324 15632.7612404324 0.632947829146149 2.10474683406159 15.25
1010 15631.048186552 15631.048186552 0.632947829146149 2.10474683406159 15.25
1011 15629.3352158221 15629.3352158221 0.632947829146149 2.10474683406159 15.25
1012 15627.62232827 15627.62232827 0.632947829146149 2.10474683406159 15.25
1013 15625.9095239232 15625.9095239232 0.632947829146149 2.10474683406159 15.25
1014 15624.1968028088 15624.1968028088 0.632947829146149 2.10474683406159 15.25
1015 15622.4841649555 15622.4841649555 0.632947829146149 2.10474683406159 15.25
1016 15620.7716103894 15620.7716103894 0.632947829146149 2.10474683406159 15.25
1017 15619.0591391391 15619.0591391391 0.632947829146149 2.10474683406159 15.25
1018 15617.346751238 15617.346751238 0.632947829146149 2.10474683406159 15.25
1019 15615.6344467065 15615.6344467065 0.632947829146149 2.10474683406159 15.25
1020 15613.9222255719 15613.9222255719 0.632947829146149 2.10474683406159 15.25
1021 15612.2100878611 15612.2100878611 0.632947829146149 2.10474683406159 15.25
1022 15610.4980336034 15610.4980336034 0.632947829146149 2.10474683406159 15.25
1023 15608.7860628244 15608.7860628244 0.632947829146149 2.10474683406159 15.25
1024 15607.0741755532 15607.0741755532 0.632947829146149 2.10474683406159 15.25
1025 15605.3623718162 15605.3623718162 0.632947829146149 2.10474683406159 15.25
1026 15603.6506516411 15603.6506516411 0.632947829146149 2.10474683406159 15.25
1027 15601.9390150552 15601.9390150552 0.632947829146149 2.10474683406159 15.25
1028 15600.2274620854 15600.2274620854 0.632947829146149 2.10474683406159 15.25
1029 15598.5159927613 15598.5159927613 0.632947829146149 2.10474683406159 15.25
1030 15596.8046071083 15596.8046071083 0.632947829146149 2.10474683406159 15.25
1031 15595.0933051587 15595.0933051587 0.632947829146149 2.10474683406159 15.25
1032 15593.3820869402 15593.3820869402 0.632947829146149 2.10474683406159 15.25
1033 15591.6709524417 15591.6709524417 0.632947829146149 2.10474683406159 15.25
1034 15589.9599016975 15589.9599016975 0.632947829146149 2.10474683406159 15.25
1035 15588.2489347629 15588.2489347629 0.632947829146149 2.10474683406159 15.25
1036 15586.5380516656 15586.5380516656 0.632947829146149 2.10474683406159 15.25
1037 15584.8272524332 15584.8272524332 0.632947829146149 2.10474683406159 15.25
1038 15583.1165370933 15583.1165370933 0.632947829146149 2.10474683406159 15.25
1039 15581.4059056735 15581.4059056735 0.632947829146149 2.10474683406159 15.25
1040 15579.6953582016 15579.6953582016 0.632947829146149 2.10474683406159 15.25
1041 15577.984894706 15577.984894706 0.632947829146149 2.10474683406159 15.25
1042 15576.2745152136 15576.2745152136 0.632947829146149 2.10474683406159 15.25
1043 15574.5642197519 15574.5642197519 0.632947829146149 2.10474683406159 15.25
1044 15572.8540083488 15572.8540083488 0.632947829146149 2.10474683406159 15.25
1045 15571.1438810378 15571.1438810378 0.632947829146149 2.10474683406159 15.25
1046 15569.4338378427 15569.4338378427 0.632947829146149 2.10474683406159 15.25
1047 15567.7238787892 15567.7238787892 0.632947829146149 2.10474683406159 15.25
1048 15566.014003905 15566.014003905 0.632947829146149 2.10474683406159 15.25
1049 15564.3042132178 15564.3042132178 0.632947829146149 2.10474683406159 15.25
1050 15562.5945067565 15562.5945067565 0.632947829146149 2.10474683406159 15.25
1051 15560.8848845478 15560.8848845478 0.632947829146149 2.10474683406159 15.25
1052 15559.1753466194 15559.1753466194 0.632947829146149 2.10474683406159 15.25
1053 15557.4658929991 15557.4658929991 0.632947829146149 2.10474683406159 15.25
1054 15555.7565237147 15555.7565237147 0.632947829146149 2.10474683406159 15.25
1055 15554.0472387941 15554.0472387941 0.632947829146149 2.10474683406159 15.25
1056 15552.338038265 15552.338038265 0.632947829146149 2.10474683406159 15.25
1057 15550.6289221552 15550.6289221552 0.632947829146149 2.10474683406159 15.25
1058 15548.9198904937 15548.9198904937 0.632947829146149 2.10474683406159 15.25
1059 15547.2109433153 15547.2109433153 0.632947829146149 2.10474683406159 15.25
1060 15545.5020806398 15545.5020806398 0.632947829146149 2.10474683406159 15.25
1061 15543.7933024951 15543.7933024951 0.632947829146149 2.10474683406159 15.25
1062 15542.0846089091 15542.0846089091 0.632947829146149 2.10474683406159 15.25
1063 15540.3759999096 15540.3759999096 0.632947829146149 2.10474683406159 15.25
1064 15538.6674755246 15538.6674755246 0.632947829146149 2.10474683406159 15.25
1065 15536.9590357819 15536.9590357819 0.632947829146149 2.10474683406159 15.25
1066 15535.2506807096 15535.2506807096 0.632947829146149 2.10474683406159 15.25
1067 15533.5424103365 15533.5424103365 0.632947829146149 2.10474683406159 15.25
1068 15531.8342246895 15531.8342246895 0.632947829146149 2.10474683406159 15.25
1069 15530.1261237968 15530.1261237968 0.632947829146149 2.10474683406159 15.25
1070 15528.4181076861 15528.4181076861 0.632947829146149 2.10474683406159 15.25
1071 15526.7101763855 15526.7101763855 0.632947829146149 2.10474683406159 15.25
1072 15525.002329926 15525.002329926 0.632947829146149 2.10474683406159 15.25
1073 15523.2945683376 15523.2945683376 0.632947829146149 2.10474683406159 15.25
1074 15521.5868916433 15521.5868916433 0.632947829146149 2.10474683406159 15.25
1075 15519.8792998711 15519.8792998711 0.632947829146149 2.10474683406159 15.25
1076 15518.1717930501 15518.1717930501 0.632947829146149 2.10474683406159 15.25
1077 15516.4643711775 15516.4643711775 0.632947829146149 2.10474683406159 15.25
1078 15514.7570342775 15514.7570342775 0.632947829146149 2.10474683406159 15.25
1079 15513.0497824118 15513.0497824118 0.632947829146149 2.10474683406159 15.25
1080 15511.3426156085 15511.3426156085 0.632947829146149 2.10474683406159 15.25
1081 15509.6355338957 15509.6355338957 0.632947829146149 2.10474683406159 15.25
1082 15507.9285373015 15507.9285373015 0.632947829146149 2.10474683406159 15.25
1083 15506.2216258539 15506.2216258539 0.632947829146149 2.10474683406159 15.25
1084 15504.5147995822 15504.5147995822 0.632947829146149 2.10474683406159 15.25
1085 15502.8080585134 15502.8080585134 0.632947829146149 2.10474683406159 15.25
1086 15501.1014026808 15501.1014026808 0.632947829146149 2.10474683406159 15.25
1087 15499.3948321103 15499.3948321103 0.632947829146149 2.10474683406159 15.25
1088 15497.6883468273 15497.6883468273 0.632947829146149 2.10474683406159 15.25
1089 15495.9819468599 15495.9819468599 0.632947829146149 2.10474683406159 15.25
1090 15494.2756322362 15494.2756322362 0.632947829146149 2.10474683406159 15.25
1091 15492.5694029845 15492.5694029845 0.632947829146149 2.10474683406159 15.25
1092 15490.8632591324 15490.8632591324 0.632947829146149 2.10474683406159 15.25
1093 15489.1572007099 15489.1572007099 0.632947829146149 2.10474683406159 15.25
1094 15487.4512277445 15487.4512277445 0.632947829146149 2.10474683406159 15.25
1095 15485.7453402639 15485.7453402639 0.632947829146149 2.10474683406159 15.25
1096 15484.0395382964 15484.0395382964 0.632947829146149 2.10474683406159 15.25
1097 15482.333821871 15482.333821871 0.632947829146149 2.10474683406159 15.25
1098 15480.628191014 15480.628191014 0.632947829146149 2.10474683406159 15.25
1099 15478.9226457556 15478.9226457556 0.632947829146149 2.10474683406159 15.25
1100 15477.2171861314 15477.2171861314 0.632947829146149 2.10474683406159 15.25
1101 15475.5118121618 15475.5118121618 0.632947829146149 2.10474683406159 15.25
1102 15473.8065238751 15473.8065238751 0.632947829146149 2.10474683406159 15.25
1103 15472.1013213006 15472.1013213006 0.632947829146149 2.10474683406159 15.25
1104 15470.3962044656 15470.3962044656 0.632947829146149 2.10474683406159 15.25
1105 15468.6911733986 15468.6911733986 0.632947829146149 2.10474683406159 15.25
1106 15466.9862281278 15466.9862281278 0.632947829146149 2.10474683406159 15.25
1107 15465.2813686817 15465.2813686817 0.632947829146149 2.10474683406159 15.25
1108 15463.5765950881 15463.5765950881 0.632947829146149 2.10474683406159 15.25
1109 15461.8719073771 15461.8719073771 0.632947829146149 2.10474683406159 15.25
1110 15460.1673055753 15460.1673055753 0.632947829146149 2.10474683406159 15.25
1111 15458.4627897128 15458.4627897128 0.632947829146149 2.10474683406159 15.25
1112 15456.758359817 15456.758359817 0.632947829146149 2.10474683406159 15.25
1113 15455.0540159189 15455.0540159189 0.632947829146149 2.10474683406159 15.25
1114 15453.3497580492 15453.3497580492 0.632947829146149 2.10474683406159 15.25
1115 15451.6455862322 15451.6455862322 0.632947829146149 2.10474683406159 15.25
1116 15449.9415004957 15449.9415004957 0.632947829146149 2.10474683406159 15.25
1117 15448.2375008682 15448.2375008682 0.632947829146149 2.10474683406159 15.25
1118 15446.5335873782 15446.5335873782 0.632947829146149 2.10474683406159 15.25
1119 15444.8297600542 15444.8297600542 0.632947829146149 2.10474683406159 15.25
1120 15443.1260189258 15443.1260189258 0.632947829146149 2.10474683406159 15.25
1121 15441.422363997 15441.422363997 0.632947829146149 2.10474683406159 15.25
1122 15439.7187952798 15439.7187952798 0.632947829146149 2.10474683406159 15.25
1123 15438.0153128427 15438.0153128427 0.632947829146149 2.10474683406159 15.25
1124 15436.3119167144 15436.3119167144 0.632947829146149 2.10474683406159 15.25
1125 15434.6086069234 15434.6086069234 0.632947829146149 2.10474683406159 15.25
1126 15432.9053834982 15432.9053834982 0.632947829146149 2.10474683406159 15.25
1127 15431.2022464726 15431.2022464726 0.632947829146149 2.10474683406159 15.25
1128 15429.499195873 15429.499195873 0.632947829146149 2.10474683406159 15.25
1129 15427.7962317252 15427.7962317252 0.632947829146149 2.10474683406159 15.25
1130 15426.0933540587 15426.0933540587 0.632947829146149 2.10474683406159 15.25
1131 15424.3905629012 15424.3905629012 0.632947829146149 2.10474683406159 15.25
1132 15422.6878582813 15422.6878582813 0.632947829146149 2.10474683406159 15.25
1133 15420.9852402278 15420.9852402278 0.632947829146149 2.10474683406159 15.25
1134 15419.2827087693 15419.2827087693 0.632947829146149 2.10474683406159 15.25
1135 15417.5802639344 15417.5802639344 0.632947829146149 2.10474683406159 15.25
1136 15415.8779057519 15415.8779057519 0.632947829146149 2.10474683406159 15.25
1137 15414.1756342505 15414.1756342505 0.632947829146149 2.10474683406159 15.25
1138 15412.4734494599 15412.4734494599 0.632947829146149 2.10474683406159 15.25
1139 15410.7713514079 15410.7713514079 0.632947829146149 2.10474683406159 15.25
1140 15409.0693401231 15409.0693401231 0.632947829146149 2.10474683406159 15.25
1141 15407.3674156413 15407.3674156413 0.632947829146149 2.10474683406159 15.25
1142 15405.6655779853 15405.6655779853 0.632947829146149 2.10474683406159 15.25
1143 15403.963827183 15403.963827183 0.632947829146149 2.10474683406159 15.25
1144 15402.2621632629 15402.2621632629 0.632947829146149 2.10474683406159 15.25
1145 15400.5605862541 15400.5605862541 0.632947829146149 2.10474683406159 15.25
1146 15398.8590961852 15398.8590961852 0.632947829146149 2.10474683406159 15.25
1147 15397.1576930852 15397.1576930852 0.632947829146149 2.10474683406159 15.25
1148 15395.4563769837 15395.4563769837 0.632947829146149 2.10474683406159 15.25
1149 15393.7551479088 15393.7551479088 0.632947829146149 2.10474683406159 15.25
1150 15392.0540058892 15392.0540058892 0.632947829146149 2.10474683406159 15.25
1151 15390.3529509538 15390.3529509538 0.632947829146149 2.10474683406159 15.25
1152 15388.6519831315 15388.6519831315 0.632947829146149 2.10474683406159 15.25
1153 15386.9511024512 15386.9511024512 0.632947829146149 2.10474683406159 15.25
1154 15385.2503089437 15385.2503089437 0.632947829146149 2.10474683406159 15.25
1155 15383.549602642 15383.549602642 0.632947829146149 2.10474683406159 15.25
1156 15381.848983569 15381.848983569 0.632947829146149 2.10474683406159 15.25
1157 15380.1484517546 15380.1484517546 0.632947829146149 2.10474683406159 15.25
1158 15378.4480072262 15378.4480072262 0.632947829146149 2.10474683406159 15.25
1159 15376.7476500146 15376.7476500146 0.632947829146149 2.10474683406159 15.25
1160 15375.047380147 15375.047380147 0.632947829146149 2.10474683406159 15.25
1161 15373.3471976528 15373.3471976528 0.632947829146149 2.10474683406159 15.25
1162 15371.6471025611 15371.6471025611 0.632947829146149 2.10474683406159 15.25
1163 15369.9470949009 15369.9470949009 0.632947829146149 2.10474683406159 15.25
1164 15368.2471747012 15368.2471747012 0.632947829146149 2.10474683406159 15.25
1165 15366.5473419749 15366.5473419749 0.632947829146149 2.10474683406159 15.25
1166 15364.8475967207 15364.8475967207 0.632947829146149 2.10474683406159 15.25
1167 15363.1479390142 15363.1479390142 0.632947829146149 2.10474683406159 15.25
1168 15361.4483688883 15361.4483688883 0.632947829146149 2.10474683406159 15.25
1169 15359.7488863721 15359.7488863721 0.632947829146149 2.10474683406159 15.25
1170 15358.0494914907 15358.0494914907 0.632947829146149 2.10474683406159 15.25
1171 15356.3501842733 15356.3501842733 0.632947829146149 2.10474683406159 15.25
1172 15354.6509647489 15354.6509647489 0.632947829146149 2.10474683406159 15.25
1173 15352.9518329466 15352.9518329466 0.632947829146149 2.10474683406159 15.25
1174 15351.2527888956 15351.2527888956 0.632947829146149 2.10474683406159 15.25
1175 15349.5538326261 15349.5538326261 0.632947829146149 2.10474683406159 15.25
1176 15347.8549641661 15347.8549641661 0.632947829146149 2.10474683406159 15.25
1177 15346.1561835448 15346.1561835448 0.632947829146149 2.10474683406159 15.25
1178 15344.4574907915 15344.4574907915 0.632947829146149 2.10474683406159 15.25
1179 15342.7588859352 15342.7588859352 0.632947829146149 2.10474683406159 15.25
1180 15341.0603690053 15341.0603690053 0.632947829146149 2.10474683406159 15.25
1181 15339.3619400302 15339.3619400302 0.632947829146149 2.10474683406159 15.25
1182 15337.663599048 15337.663599048 0.632947829146149 2.10474683406159 15.25
1183 15335.9653460801 15335.9653460801 0.632947829146149 2.10474683406159 15.25
1184 15334.2671811564 15334.2671811564 0.632947829146149 2.10474683406159 15.25
1185 15332.5691043057 15332.5691043057 0.632947829146149 2.10474683406159 15.25
1186 15330.8711155555 15330.8711155555 0.632947829146149 2.10474683406159 15.25
1187 15329.1732149369 15329.1732149369 0.632947829146149 2.10474683406159 15.25
1188 15327.4754024786 15327.4754024786 0.632947829146149 2.10474683406159 15.25
1189 15325.7776782105 15325.7776782105 0.632947829146149 2.10474683406159 15.25
1190 15324.08004216 15324.08004216 0.632947829146149 2.10474683406159 15.25
1191 15322.3824943584 15322.3824943584 0.632947829146149 2.10474683406159 15.25
1192 15320.6850348343 15320.6850348343 0.632947829146149 2.10474683406159 15.25
1193 15318.9876636181 15318.9876636181 0.632947829146149 2.10474683406159 15.25
1194 15317.2903807381 15317.2903807381 0.632947829146149 2.10474683406159 15.25
1195 15315.5931862247 15315.5931862247 0.632947829146149 2.10474683406159 15.25
1196 15313.8960801132 15313.8960801132 0.632947829146149 2.10474683406159 15.25
1197 15312.1990624261 15312.1990624261 0.632947829146149 2.10474683406159 15.25
1198 15310.5021331928 15310.5021331928 0.632947829146149 2.10474683406159 15.25
1199 15308.8052924427 15308.8052924427 0.632947829146149 2.10474683406159 15.25
1200 15307.1085402052 15307.1085402052 0.632947829146149 2.10474683406159 15.25
1201 15305.4118765098 15305.4118765098 0.632947829146149 2.10474683406159 15.25
1202 15303.7153013852 15303.7153013852 0.632947829146149 2.10474683406159 15.25
1203 15302.0188148639 15302.0188148639 0.632947829146149 2.10474683406159 15.25
1204 15300.3224169724 15300.3224169724 0.632947829146149 2.10474683406159 15.25
1205 15298.6261077409 15298.6261077409 0.632947829146149 2.10474683406159 15.25
1206 15296.9298871981 15296.9298871981 0.632947829146149 2.10474683406159 15.25
1207 15295.2337553755 15295.2337553755 0.632947829146149 2.10474683406159 15.25
1208 15293.5377123007 15293.5377123007 0.632947829146149 2.10474683406159 15.25
1209 15291.8417579971 15291.8417579971 0.632947829146149 2.10474683406159 15.25
1210 15290.145892452 15290.145892452 0.632947829146149 2.10474683406159 15.25
1211 15288.4501157439 15288.4501157439 0.632947829146149 2.10474683406159 15.25
1212 15286.7544279035 15286.7544279035 0.632947829146149 2.10474683406159 15.25
1213 15285.0588289599 15285.0588289599 0.632947829146149 2.10474683406159 15.25
1214 15283.3633189409 15283.3633189409 0.632947829146149 2.10474683406159 15.25
1215 15281.6678978779 15281.6678978779 0.632947829146149 2.10474683406159 15.25
1216 15279.9725657998 15279.9725657998 0.632947829146149 2.10474683406159 15.25
1217 15278.2773227358 15278.2773227358 0.632947829146149 2.10474683406159 15.25
1218 15276.5821687174 15276.5821687174 0.632947829146149 2.10474683406159 15.25
1219 15274.8871037721 15274.8871037721 0.632947829146149 2.10474683406159 15.25
1220 15273.1921279305 15273.1921279305 0.632947829146149 2.10474683406159 15.25
1221 15271.4972412231 15271.4972412231 0.632947829146149 2.10474683406159 15.25
1222 15269.8024436786 15269.8024436786 0.632947829146149 2.10474683406159 15.25
1223 15268.1077353326 15268.1077353326 0.632947829146149 2.10474683406159 15.25
1224 15266.4131162108 15266.4131162108 0.632947829146149 2.10474683406159 15.25
1225 15264.7185863411 15264.7185863411 0.632947829146149 2.10474683406159 15.25
1226 15263.0241457532 15263.0241457532 0.632947829146149 2.10474683406159 15.25
1227 15261.3297944767 15261.3297944767 0.632947829146149 2.10474683406159 15.25
1228 15259.6355325415 15259.6355325415 0.632947829146149 2.10474683406159 15.25
1229 15257.9413599772 15257.9413599772 0.632947829146149 2.10474683406159 15.25
1230 15256.2472768144 15256.2472768144 0.632947829146149 2.10474683406159 15.25
1231 15254.5532830819 15254.5532830819 0.632947829146149 2.10474683406159 15.25
1232 15252.8593788104 15252.8593788104 0.632947829146149 2.10474683406159 15.25
1233 15251.165564029 15251.165564029 0.632947829146149 2.10474683406159 15.25
1234 15249.4718387669 15249.4718387669 0.632947829146149 2.10474683406159 15.25
1235 15247.778203056 15247.778203056 0.632947829146149 2.10474683406159 15.25
1236 15246.0846569251 15246.0846569251 0.632947829146149 2.10474683406159 15.25
1237 15244.3912004105 15244.3912004105 0.632947829146149 2.10474683406159 15.25
1238 15242.6978335354 15242.6978335354 0.632947829146149 2.10474683406159 15.25
1239 15241.0045563294 15241.0045563294 0.632947829146149 2.10474683406159 15.25
1240 15239.3113688237 15239.3113688237 0.632947829146149 2.10474683406159 15.25
1241 15237.6182710469 15237.6182710469 0.632947829146149 2.10474683406159 15.25
1242 15235.9252630292 15235.9252630292 0.632947829146149 2.10474683406159 15.25
1243 15234.2323448003 15234.2323448003 0.632947829146149 2.10474683406159 15.25
1244 15232.5395163903 15232.5395163903 0.632947829146149 2.10474683406159 15.25
1245 15230.846777829 15230.846777829 0.632947829146149 2.10474683406159 15.25
1246 15229.1541291465 15229.1541291465 0.632947829146149 2.10474683406159 15.25
1247 15227.4615703727 15227.4615703727 0.632947829146149 2.10474683406159 15.25
1248 15225.7691015376 15225.7691015376 0.632947829146149 2.10474683406159 15.25
1249 15224.0767226722 15224.0767226722 0.632947829146149 2.10474683406159 15.25
1250 15222.3844338084 15222.3844338084 0.632947829146149 2.10474683406159 15.25
1251 15220.6922349788 15220.6922349788 0.632947829146149 2.10474683406159 15.25
1252 15219.0001262067 15219.0001262067 0.632947829146149 2.10474683406159 15.25
1253 15217.3081075196 15217.3081075196 0.632947829146149 2.10474683406159 15.25
1254 15215.6161788919 15215.6161788919 0.632947829146149 2.10474683406159 15.25
1255 15213.9243404132 15213.9243404132 0.632947829146149 2.10474683406159 15.25
1256 15212.2325921135 15212.2325921135 0.632947829146149 2.10474683406159 15.25
1257 15210.5409340228 15210.5409340228 0.632947829146149 2.10474683406159 15.25
1258 15208.8493661713 15208.8493661713 0.632947829146149 2.10474683406159 15.25
1259 15207.1578885901 15207.1578885901 0.632947829146149 2.10474683406159 15.25
1260 15205.4665013083 15205.4665013083 0.632947829146149 2.10474683406159 15.25
1261 15203.775204356 15203.775204356 0.632947829146149 2.10474683406159 15.25
1262 15202.0839977635 15202.0839977635 0.632947829146149 2.10474683406159 15.25
1263 15200.3928815608 15200.3928815608 0.632947829146149 2.10474683406159 15.25
1264 15198.7018557846 15198.7018557846 0.632947829146149 2.10474683406159 15.25
1265 15197.0109204593 15197.0109204593 0.632947829146149 2.10474683406159 15.25
1266 15195.3200756151 15195.3200756151 0.632947829146149 2.10474683406159 15.25
1267 15193.6293212815 15193.6293212815 0.632947829146149 2.10474683406159 15.25
1268 15191.9386574887 15191.9386574887 0.632947829146149 2.10474683406159 15.25
1269 15190.248084268 15190.248084268 0.632947829146149 2.10474683406159 15.25
1270 15188.5576016486 15188.5576016486 0.632947829146149 2.10474683406159 15.25
1271 15186.8672096614 15186.8672096614 0.632947829146149 2.10474683406159 15.25
1272 15185.1769083347 15185.1769083347 0.632947829146149 2.10474683406159 15.25
1273 15183.4866977009 15183.4866977009 0.632947829146149 2.10474683406159 15.25
1274 15181.7965777894 15181.7965777894 0.632947829146149 2.10474683406159 15.25
1275 15180.1065486306 15180.1065486306 0.632947829146149 2.10474683406159 15.25
1276 15178.4166102549 15178.4166102549 0.632947829146149 2.10474683406159 15.25
1277 15176.7267626935 15176.7267626935 0.632947829146149 2.10474683406159 15.25
1278 15175.0370059832 15175.0370059832 0.632947829146149 2.10474683406159 15.25
1279 15173.3473401466 15173.3473401466 0.632947829146149 2.10474683406159 15.25
1280 15171.6577652151 15171.6577652151 0.632947829146149 2.10474683406159 15.25
1281 15169.9682812184 15169.9682812184 0.632947829146149 2.10474683406159 15.25
1282 15168.2788881868 15168.2788881868 0.632947829146149 2.10474683406159 15.25
1283 15166.5895861508 15166.5895861508 0.632947829146149 2.10474683406159 15.25
1284 15164.9003751408 15164.9003751408 0.632947829146149 2.10474683406159 15.25
1285 15163.2112551865 15163.2112551865 0.632947829146149 2.10474683406159 15.25
1286 15161.5222263203 15161.5222263203 0.632947829146149 2.10474683406159 15.25
1287 15159.8332885707 15159.8332885707 0.632947829146149 2.10474683406159 15.25
1288 15158.1444419698 15158.1444419698 0.632947829146149 2.10474683406159 15.25
1289 15156.4556865471 15156.4556865471 0.632947829146149 2.10474683406159 15.25
1290 15154.7670223331 15154.7670223331 0.632947829146149 2.10474683406159 15.25
1291 15153.0784493612 15153.0784493612 0.632947829146149 2.10474683406159 15.25
1292 15151.3899676632 15151.3899676632 0.632947829146149 2.10474683406159 15.25
1293 15149.7015772666 15149.7015772666 0.632947829146149 2.10474683406159 15.25
1294 15148.0132782001 15148.0132782001 0.632947829146149 2.10474683406159 15.25
1295 15146.3250704949 15146.3250704949 0.632947829146149 2.10474683406159 15.25
1296 15144.6369541815 15144.6369541815 0.632947829146149 2.10474683406159 15.25
1297 15142.9489292904 15142.9489292904 0.632947829146149 2.10474683406159 15.25
1298 15141.2609957913 15141.2609957913 0.632947829146149 2.10474683406159 15.25
1299 15139.5731537738 15139.5731537738 0.632947829146149 2.10474683406159 15.25
1300 15137.8854032705 15137.8854032705 0.632947829146149 2.10474683406159 15.25
1301 15136.1977443112 15136.1977443112 0.632947829146149 2.10474683406159 15.25
1302 15134.5101769286 15134.5101769286 0.632947829146149 2.10474683406159 15.25
1303 15132.8227011514 15132.8227011514 0.632947829146149 2.10474683406159 15.25
1304 15131.1353170109 15131.1353170109 0.632947829146149 2.10474683406159 15.25
1305 15129.4480245435 15129.4480245435 0.632947829146149 2.10474683406159 15.25
1306 15127.760823776 15127.760823776 0.632947829146149 2.10474683406159 15.25
1307 15126.0737147372 15126.0737147372 0.632947829146149 2.10474683406159 15.25
1308 15124.3866974587 15124.3866974587 0.632947829146149 2.10474683406159 15.25
1309 15122.6997719703 15122.6997719703 0.632947829146149 2.10474683406159 15.25
1310 15121.0129383027 15121.0129383027 0.632947829146149 2.10474683406159 15.25
1311 15119.3261964867 15119.3261964867 0.632947829146149 2.10474683406159 15.25
1312 15117.6395465536 15117.6395465536 0.632947829146149 2.10474683406159 15.25
1313 15115.9529885322 15115.9529885322 0.632947829146149 2.10474683406159 15.25
1314 15114.2665224553 15114.2665224553 0.632947829146149 2.10474683406159 15.25
1315 15112.580148353 15112.580148353 0.632947829146149 2.10474683406159 15.25
1316 15110.8938662561 15110.8938662561 0.632947829146149 2.10474683406159 15.25
1317 15109.2076761957 15109.2076761957 0.632947829146149 2.10474683406159 15.25
1318 15107.5215782036 15107.5215782036 0.632947829146149 2.10474683406159 15.25
1319 15105.8355723164 15105.8355723164 0.632947829146149 2.10474683406159 15.25
1320 15104.1496585578 15104.1496585578 0.632947829146149 2.10474683406159 15.25
1321 15102.4638369589 15102.4638369589 0.632947829146149 2.10474683406159 15.25
1322 15100.7781075503 15100.7781075503 0.632947829146149 2.10474683406159 15.25
1323 15099.0924703629 15099.0924703629 0.632947829146149 2.10474683406159 15.25
1324 15097.4069254278 15097.4069254278 0.632947829146149 2.10474683406159 15.25
1325 15095.7214727757 15095.7214727757 0.632947829146149 2.10474683406159 15.25
1326 15094.0361124376 15094.0361124376 0.632947829146149 2.10474683406159 15.25
1327 15092.3508444453 15092.3508444453 0.632947829146149 2.10474683406159 15.25
1328 15090.6656688296 15090.6656688296 0.632947829146149 2.10474683406159 15.25
1329 15088.9805856193 15088.9805856193 0.632947829146149 2.10474683406159 15.25
1330 15087.2955948475 15087.2955948475 0.632947829146149 2.10474683406159 15.25
1331 15085.6106965443 15085.6106965443 0.632947829146149 2.10474683406159 15.25
1332 15083.9258907438 15083.9258907438 0.632947829146149 2.10474683406159 15.25
1333 15082.2411774782 15082.2411774782 0.632947829146149 2.10474683406159 15.25
1334 15080.5565567756 15080.5565567756 0.632947829146149 2.10474683406159 15.25
1335 15078.8720286651 15078.8720286651 0.632947829146149 2.10474683406159 15.25
1336 15077.1875931784 15077.1875931784 0.632947829146149 2.10474683406159 15.25
1337 15075.5032503475 15075.5032503475 0.632947829146149 2.10474683406159 15.25
1338 15073.8190002025 15073.8190002025 0.632947829146149 2.10474683406159 15.25
1339 15072.1348427744 15072.1348427744 0.632947829146149 2.10474683406159 15.25
1340 15070.4507780944 15070.4507780944 0.632947829146149 2.10474683406159 15.25
1341 15068.7668061936 15068.7668061936 0.632947829146149 2.10474683406159 15.25
1342 15067.0829270473 15067.0829270473 0.632947829146149 2.10474683406159 15.25
1343 15065.399140734 15065.399140734 0.632947829146149 2.10474683406159 15.25
1344 15063.7154472933 15063.7154472933 0.632947829146149 2.10474683406159 15.25
1345 15062.0318467562 15062.0318467562 0.632947829146149 2.10474683406159 15.25
1346 15060.3483391597 15060.3483391597 0.632947829146149 2.10474683406159 15.25
1347 15058.664924532 15058.664924532 0.632947829146149 2.10474683406159 15.25
1348 15056.9816029015 15056.9816029015 0.632947829146149 2.10474683406159 15.25
1349 15055.2983742993 15055.2983742993 0.632947829146149 2.10474683406159 15.25
1350 15053.6152387567 15053.6152387567 0.632947829146149 2.10474683406159 15.25
1351 15051.9321963049 15051.9321963049 0.632947829146149 2.10474683406159 15.25
1352 15050.2492469751 15050.2492469751 0.632947829146149 2.10474683406159 15.25
1353 15048.5663907985 15048.5663907985 0.632947829146149 2.10474683406159 15.25
1354 15046.8836278064 15046.8836278064 0.632947829146149 2.10474683406159 15.25
1355 15045.2009580301 15045.2009580301 0.632947829146149 2.10474683406159 15.25
1356 15043.5183815019 15043.5183815019 0.632947829146149 2.10474683406159 15.25
1357 15041.8358982519 15041.8358982519 0.632947829146149 2.10474683406159 15.25
1358 15040.1535083116 15040.1535083116 0.632947829146149 2.10474683406159 15.25
1359 15038.4712117129 15038.4712117129 0.632947829146149 2.10474683406159 15.25
1360 15036.7890084929 15036.7890084929 0.632947829146149 2.10474683406159 15.25
1361 15035.1068986772 15035.1068986772 0.632947829146149 2.10474683406159 15.25
1362 15033.4248822971 15033.4248822971 0.632947829146149 2.10474683406159 15.25
1363 15031.742959382 15031.742959382 0.632947829146149 2.10474683406159 15.25
1364 15030.0611299653 15030.0611299653 0.632947829146149 2.10474683406159 15.25
1365 15028.3793940784 15028.3793940784 0.632947829146149 2.10474683406159 15.25
1366 15026.6977517517 15026.6977517517 0.632947829146149 2.10474683406159 15.25
1367 15025.0162030175 15025.0162030175 0.632947829146149 2.10474683406159 15.25
1368 15023.3347479074 15023.3347479074 0.632947829146149 2.10474683406159 15.25
1369 15021.6533864508 15021.6533864508 0.632947829146149 2.10474683406159 15.25
1370 15019.972118681 15019.972118681 0.632947829146149 2.10474683406159 15.25
1371 15018.2909446284 15018.2909446284 0.632947829146149 2.10474683406159 15.25
1372 15016.6098643262 15016.6098643262 0.632947829146149 2.10474683406159 15.25
1373 15014.928877807 15014.928877807 0.632947829146149 2.10474683406159 15.25
1374 15013.247985104 15013.247985104 0.632947829146149 2.10474683406159 15.25
1375 15011.5671862461 15011.5671862461 0.632947829146149 2.10474683406159 15.25
1376 15009.8864812627 15009.8864812627 0.632947829146149 2.10474683406159 15.25
1377 15008.2058701864 15008.2058701864 0.632947829146149 2.10474683406159 15.25
1378 15006.5253530497 15006.5253530497 0.632947829146149 2.10474683406159 15.25
1379 15004.8449298823 15004.8449298823 0.632947829146149 2.10474683406159 15.25
1380 15003.1646007156 15003.1646007156 0.632947829146149 2.10474683406159 15.25
1381 15001.4843655832 15001.4843655832 0.632947829146149 2.10474683406159 15.25
1382 14999.8042245149 14999.8042245149 0.632947829146149 2.10474683406159 15.25
1383 14998.1241775422 14998.1241775422 0.632947829146149 2.10474683406159 15.25
1384 14996.4442246986 14996.4442246986 0.632947829146149 2.10474683406159 15.25
1385 14994.7643660139 14994.7643660139 0.632947829146149 2.10474683406159 15.25
1386 14993.0846014726 14993.0846014726 0.632947829146149 2.10474683406159 15.25
1387 14991.4049311428 14991.4049311428 0.632947829146149 2.10474683406159 15.25
1388 14989.725355071 14989.725355071 0.632947829146149 2.10474683406159 15.25
1389 14988.0458732855 14988.0458732855 0.632947829146149 2.10474683406159 15.25
1390 14986.3664858178 14986.3664858178 0.632947829146149 2.10474683406159 15.25
1391 14984.6871926996 14984.6871926996 0.632947829146149 2.10474683406159 15.25
1392 14983.0079939628 14983.0079939628 0.632947829146149 2.10474683406159 15.25
1393 14981.3288896384 14981.3288896384 0.632947829146149 2.10474683406159 15.25
1394 14979.6498797601 14979.6498797601 0.632947829146149 2.10474683406159 15.25
1395 14977.9709643577 14977.9709643577 0.632947829146149 2.10474683406159 15.25
1396 14976.2921434646 14976.2921434646 0.632947829146149 2.10474683406159 15.25
1397 14974.6134171117 14974.6134171117 0.632947829146149 2.10474683406159 15.25
1398 14972.9347853306 14972.9347853306 0.632947829146149 2.10474683406159 15.25
1399 14971.2562481533 14971.2562481533 0.632947829146149 2.10474683406159 15.25
1400 14969.5778056115 14969.5778056115 0.632947829146149 2.10474683406159 15.25
1401 14967.8994577448 14967.8994577448 0.632947829146149 2.10474683406159 15.25
1402 14966.2212045773 14966.2212045773 0.632947829146149 2.10474683406159 15.25
1403 14964.5430461408 14964.5430461408 0.632947829146149 2.10474683406159 15.25
1404 14962.8649824674 14962.8649824674 0.632947829146149 2.10474683406159 15.25
1405 14961.1870135888 14961.1870135888 0.632947829146149 2.10474683406159 15.25
1406 14959.509139537 14959.509139537 0.632947829146149 2.10474683406159 15.25
1407 14957.8313603448 14957.8313603448 0.632947829146149 2.10474683406159 15.25
1408 14956.1536760438 14956.1536760438 0.632947829146149 2.10474683406159 15.25
1409 14954.4760866641 14954.4760866641 0.632947829146149 2.10474683406159 15.25
1410 14952.7985922395 14952.7985922395 0.632947829146149 2.10474683406159 15.25
1411 14951.1211928014 14951.1211928014 0.632947829146149 2.10474683406159 15.25
1412 14949.4438883817 14949.4438883817 0.632947829146149 2.10474683406159 15.25
1413 14947.7666790123 14947.7666790123 0.632947829146149 2.10474683406159 15.25
1414 14946.0895647283 14946.0895647283 0.632947829146149 2.10474683406159 15.25
1415 14944.412545564 14944.412545564 0.632947829146149 2.10474683406159 15.25
1416 14942.7356215449 14942.7356215449 0.632947829146149 2.10474683406159 15.25
1417 14941.0587927058 14941.0587927058 0.632947829146149 2.10474683406159 15.25
1418 14939.3820590773 14939.3820590773 0.632947829146149 2.10474683406159 15.25
1419 14937.7054206914 14937.7054206914 0.632947829146149 2.10474683406159 15.25
1420 14936.0288775801 14936.0288775801 0.632947829146149 2.10474683406159 15.25
1421 14934.3524297755 14934.3524297755 0.632947829146149 2.10474683406159 15.25
1422 14932.6760773092 14932.6760773092 0.632947829146149 2.10474683406159 15.25
1423 14930.9998202151 14930.9998202151 0.632947829146149 2.10474683406159 15.25
1424 14929.3236585234 14929.3236585234 0.632947829146149 2.10474683406159 15.25
1425 14927.647592267 14927.647592267 0.632947829146149 2.10474683406159 15.25
1426 14925.9716214779 14925.9716214779 0.632947829146149 2.10474683406159 15.25
1427 14924.2957461893 14924.2957461893 0.632947829146149 2.10474683406159 15.25
1428 14922.6199664372 14922.6199664372 0.632947829146149 2.10474683406159 15.25
1429 14920.9442822517 14920.9442822517 0.632947829146149 2.10474683406159 15.25
1430 14919.2686936194 14919.2686936194 0.632947829146149 2.10474683406159 15.25
1431 14917.5932005942 14917.5932005942 0.632947829146149 2.10474683406159 15.25
1432 14915.9178032294 14915.9178032294 0.632947829146149 2.10474683406159 15.25
1433 14914.2425015575 14914.2425015575 0.632947829146149 2.10474683406159 15.25
1434 14912.5672956106 14912.5672956106 0.632947829146149 2.10474683406159 15.25
1435 14910.8921854209 14910.8921854209 0.632947829146149 2.10474683406159 15.25
1436 14909.2171710208 14909.2171710208 0.632947829146149 2.10474683406159 15.25
1437 14907.5422524435 14907.5422524435 0.632947829146149 2.10474683406159 15.25
1438 14905.867429721 14905.867429721 0.632947829146149 2.10474683406159 15.25
1439 14904.1927028837 14904.1927028837 0.632947829146149 2.10474683406159 15.25
1440 14902.5180719658 14902.5180719658 0.632947829146149 2.10474683406159 15.25
1441 14900.843536999 14900.843536999 0.632947829146149 2.10474683406159 15.25
1442 14899.1690980233 14899.1690980233 0.632947829146149 2.10474683406159 15.25
1443 14897.4947550634 14897.4947550634 0.632947829146149 2.10474683406159 15.25
1444 14895.8205081517 14895.8205081517 0.632947829146149 2.10474683406159 15.25
1445 14894.1463573207 14894.1463573207 0.632947829146149 2.10474683406159 15.25
1446 14892.4723026027 14892.4723026027 0.632947829146149 2.10474683406159 15.25
1447 14890.79834403 14890.79834403 0.632947829146149 2.10474683406159 15.25
1448 14889.1244816362 14889.1244816362 0.632947829146149 2.10474683406159 15.25
1449 14887.4507154527 14887.4507154527 0.632947829146149 2.10474683406159 15.25
1450 14885.777045512 14885.777045512 0.632947829146149 2.10474683406159 15.25
1451 14884.1034718458 14884.1034718458 0.632947829146149 2.10474683406159 15.25
1452 14882.4299944887 14882.4299944887 0.632947829146149 2.10474683406159 15.25
1453 14880.756613471 14880.756613471 0.632947829146149 2.10474683406159 15.25
1454 14879.0833288261 14879.0833288261 0.632947829146149 2.10474683406159 15.25
1455 14877.4101405892 14877.4101405892 0.632947829146149 2.10474683406159 15.25
1456 14875.7370487954 14875.7370487954 0.632947829146149 2.10474683406159 15.25
1457 14874.0640534707 14874.0640534707 0.632947829146149 2.10474683406159 15.25
1458 14872.3911546503 14872.3911546503 0.632947829146149 2.10474683406159 15.25
1459 14870.7183523654 14870.7183523654 0.632947829146149 2.10474683406159 15.25
1460 14869.0456466484 14869.0456466484 0.632947829146149 2.10474683406159 15.25
1461 14867.3730375321 14867.3730375321 0.632947829146149 2.10474683406159 15.25
1462 14865.7005250489 14865.7005250489 0.632947829146149 2.10474683406159 15.25
1463 14864.0281092316 14864.0281092316 0.632947829146149 2.10474683406159 15.25
1464 14862.3557901121 14862.3557901121 0.632947829146149 2.10474683406159 15.25
1465 14860.6835677249 14860.6835677249 0.632947829146149 2.10474683406159 15.25
1466 14859.0114421009 14859.0114421009 0.632947829146149 2.10474683406159 15.25
1467 14857.3394132732 14857.3394132732 0.632947829146149 2.10474683406159 15.25
1468 14855.6674812757 14855.6674812757 0.632947829146149 2.10474683406159 15.25
1469 14853.9956461452 14853.9956461452 0.632947829146149 2.10474683406159 15.25
1470 14852.3239079109 14852.3239079109 0.632947829146149 2.10474683406159 15.25
1471 14850.6522666044 14850.6522666044 0.632947829146149 2.10474683406159 15.25
1472 14848.9807222578 14848.9807222578 0.632947829146149 2.10474683406159 15.25
1473 14847.309274904 14847.309274904 0.632947829146149 2.10474683406159 15.25
1474 14845.637924539 14845.637924539 0.632947829146149 2.10474683406159 15.25
1475 14843.9666712046 14843.9666712046 0.632947829146149 2.10474683406159 15.25
1476 14842.2955149613 14842.2955149613 0.632947829146149 2.10474683406159 15.25
1477 14840.6244558417 14840.6244558417 0.632947829146149 2.10474683406159 15.25
1478 14838.9534938788 14838.9534938788 0.632947829146149 2.10474683406159 15.25
1479 14837.2826291063 14837.2826291063 0.632947829146149 2.10474683406159 15.25
1480 14835.6118615562 14835.6118615562 0.632947829146149 2.10474683406159 15.25
1481 14833.9411912611 14833.9411912611 0.632947829146149 2.10474683406159 15.25
1482 14832.2706182542 14832.2706182542 0.632947829146149 2.10474683406159 15.25
1483 14830.6001425756 14830.6001425756 0.632947829146149 2.10474683406159 15.25
1484 14828.9297642501 14828.9297642501 0.632947829146149 2.10474683406159 15.25
1485 14827.2594833133 14827.2594833133 0.632947829146149 2.10474683406159 15.25
1486 14825.5892997942 14825.5892997942 0.632947829146149 2.10474683406159 15.25
1487 14823.9192137283 14823.9192137283 0.632947829146149 2.10474683406159 15.25
1488 14822.2492251478 14822.2492251478 0.632947829146149 2.10474683406159 15.25
1489 14820.5793340857 14820.5793340857 0.632947829146149 2.10474683406159 15.25
1490 14818.909540576 14818.909540576 0.632947829146149 2.10474683406159 15.25
1491 14817.2398446507 14817.2398446507 0.632947829146149 2.10474683406159 15.25
1492 14815.5702463427 14815.5702463427 0.632947829146149 2.10474683406159 15.25
1493 14813.9007456851 14813.9007456851 0.632947829146149 2.10474683406159 15.25
1494 14812.231342711 14812.231342711 0.632947829146149 2.10474683406159 15.25
1495 14810.5620374532 14810.5620374532 0.632947829146149 2.10474683406159 15.25
1496 14808.8928299484 14808.8928299484 0.632947829146149 2.10474683406159 15.25
1497 14807.2237202295 14807.2237202295 0.632947829146149 2.10474683406159 15.25
1498 14805.5547083268 14805.5547083268 0.632947829146149 2.10474683406159 15.25
1499 14803.8857942728 14803.8857942728 0.632947829146149 2.10474683406159 15.25
1500 14802.2169781006 14802.2169781006 0.632947829146149 2.10474683406159 15.25
1501 14800.5482598443 14800.5482598443 0.632947829146149 2.10474683406159 15.25
1502 14798.8796395359 14798.8796395359 0.632947829146149 2.10474683406159 15.25
1503 14797.2111172087 14797.2111172087 0.632947829146149 2.10474683406159 15.25
1504 14795.5426928958 14795.5426928958 0.632947829146149 2.10474683406159 15.25
1505 14793.8743666304 14793.8743666304 0.632947829146149 2.10474683406159 15.25
1506 14792.2061384455 14792.2061384455 0.632947829146149 2.10474683406159 15.25
1507 14790.5380083739 14790.5380083739 0.632947829146149 2.10474683406159 15.25
1508 14788.8699764506 14788.8699764506 0.632947829146149 2.10474683406159 15.25
1509 14787.2020427069 14787.2020427069 0.632947829146149 2.10474683406159 15.25
1510 14785.5342071822 14785.5342071822 0.632947829146149 2.10474683406159 15.25
1511 14783.866469907 14783.866469907 0.632947829146149 2.10474683406159 15.25
1512 14782.1988309118 14782.1988309118 0.632947829146149 2.10474683406159 15.25
1513 14780.5312902299 14780.5312902299 0.632947829146149 2.10474683406159 15.25
1514 14778.8638478944 14778.8638478944 0.632947829146149 2.10474683406159 15.25
1515 14777.1965039387 14777.1965039387 0.632947829146149 2.10474683406159 15.25
1516 14775.5292583961 14775.5292583961 0.632947829146149 2.10474683406159 15.25
1517 14773.8621112999 14773.8621112999 0.632947829146149 2.10474683406159 15.25
1518 14772.1950626532 14772.1950626532 0.632947829146149 2.10474683406159 15.25
1519 14770.5281124854 14770.5281124854 0.632947829146149 2.10474683406159 15.25
1520 14768.8612608647 14768.8612608647 0.632947829146149 2.10474683406159 15.25
1521 14767.1945078235 14767.1945078235 0.632947829146149 2.10474683406159 15.25
1522 14765.5278533961 14765.5278533961 0.632947829146149 2.10474683406159 15.25
1523 14763.8612976153 14763.8612976153 0.632947829146149 2.10474683406159 15.25
1524 14762.194840522 14762.194840522 0.632947829146149 2.10474683406159 15.25
1525 14760.5284821421 14760.5284821421 0.632947829146149 2.10474683406159 15.25
1526 14758.862222509 14758.862222509 0.632947829146149 2.10474683406159 15.25
1527 14757.1960616557 14757.1960616557 0.632947829146149 2.10474683406159 15.25
1528 14755.5299996173 14755.5299996173 0.632947829146149 2.10474683406159 15.25
1529 14753.8640364256 14753.8640364256 0.632947829146149 2.10474683406159 15.25
1530 14752.1981721147 14752.1981721147 0.632947829146149 2.10474683406159 15.25
1531 14750.5324067179 14750.5324067179 0.632947829146149 2.10474683406159 15.25
1532 14748.8667402699 14748.8667402699 0.632947829146149 2.10474683406159 15.25
1533 14747.2011728031 14747.2011728031 0.632947829146149 2.10474683406159 15.25
1534 14745.5357043511 14745.5357043511 0.632947829146149 2.10474683406159 15.25
1535 14743.8703349476 14743.8703349476 0.632947829146149 2.10474683406159 15.25
1536 14742.2050646266 14742.2050646266 0.632947829146149 2.10474683406159 15.25
1537 14740.5398934226 14740.5398934226 0.632947829146149 2.10474683406159 15.25
1538 14738.8748213731 14738.8748213731 0.632947829146149 2.10474683406159 15.25
1539 14737.2098485063 14737.2098485063 0.632947829146149 2.10474683406159 15.25
1540 14735.5449748558 14735.5449748558 0.632947829146149 2.10474683406159 15.25
1541 14733.8802004553 14733.8802004553 0.632947829146149 2.10474683406159 15.25
1542 14732.2155253384 14732.2155253384 0.632947829146149 2.10474683406159 15.25
1543 14730.5509495391 14730.5509495391 0.632947829146149 2.10474683406159 15.25
1544 14728.8864730921 14728.8864730921 0.632947829146149 2.10474683406159 15.25
1545 14727.222096029 14727.222096029 0.632947829146149 2.10474683406159 15.25
1546 14725.5578183843 14725.5578183843 0.632947829146149 2.10474683406159 15.25
1547 14723.8936401916 14723.8936401916 0.632947829146149 2.10474683406159 15.25
1548 14722.2295614847 14722.2295614847 0.632947829146149 2.10474683406159 15.25
1549 14720.5655822974 14720.5655822974 0.632947829146149 2.10474683406159 15.25
1550 14718.9017026633 14718.9017026633 0.632947829146149 2.10474683406159 15.25
1551 14717.2379226218 14717.2379226218 0.632947829146149 2.10474683406159 15.25
1552 14715.574242203 14715.574242203 0.632947829146149 2.10474683406159 15.25
1553 14713.9106614388 14713.9106614388 0.632947829146149 2.10474683406159 15.25
1554 14712.247180363 14712.247180363 0.632947829146149 2.10474683406159 15.25
1555 14710.5837990104 14710.5837990104 0.632947829146149 2.10474683406159 15.25
1556 14708.9205174138 14708.9205174138 0.632947829146149 2.10474683406159 15.25
1557 14707.2573356071 14707.2573356071 0.632947829146149 2.10474683406159 15.25
1558 14705.5942536242 14705.5942536242 0.632947829146149 2.10474683406159 15.25
1559 14703.9312714996 14703.9312714996 0.632947829146149 2.10474683406159 15.25
1560 14702.2683892652 14702.2683892652 0.632947829146149 2.10474683406159 15.25
1561 14700.6056069569 14700.6056069569 0.632947829146149 2.10474683406159 15.25
1562 14698.9429245841 14698.9429245841 0.632947829146149 2.10474683406159 15.25
1563 14697.2803421638 14697.2803421638 0.632947829146149 2.10474683406159 15.25
1564 14695.6178597717 14695.6178597717 0.632947829146149 2.10474683406159 15.25
1565 14693.9554774472 14693.9554774472 0.632947829146149 2.10474683406159 15.25
1566 14692.2931952187 14692.2931952187 0.632947829146149 2.10474683406159 15.25
1567 14690.6310131193 14690.6310131193 0.632947829146149 2.10474683406159 15.25
1568 14688.968931183 14688.968931183 0.632947829146149 2.10474683406159 15.25
1569 14687.3069494437 14687.3069494437 0.632947829146149 2.10474683406159 15.25
1570 14685.6450679356 14685.6450679356 0.632947829146149 2.10474683406159 15.25
1571 14683.9832866926 14683.9832866926 0.632947829146149 2.10474683406159 15.25
1572 14682.3216057481 14682.3216057481 0.632947829146149 2.10474683406159 15.25
1573 14680.6600251388 14680.6600251388 0.632947829146149 2.10474683406159 15.25
1574 14678.9985448949 14678.9985448949 0.632947829146149 2.10474683406159 15.25
1575 14677.337165053 14677.337165053 0.632947829146149 2.10474683406159 15.25
1576 14675.6758856475 14675.6758856475 0.632947829146149 2.10474683406159 15.25
1577 14674.0147067116 14674.0147067116 0.632947829146149 2.10474683406159 15.25
1578 14672.3536282822 14672.3536282822 0.632947829146149 2.10474683406159 15.25
1579 14670.6926503953 14670.6926503953 0.632947829146149 2.10474683406159 15.25
1580 14669.0317730804 14669.0317730804 0.632947829146149 2.10474683406159 15.25
1581 14667.3709963717 14667.3709963717 0.632947829146149 2.10474683406159 15.25
1582 14665.7103203033 14665.7103203033 0.632947829146149 2.10474683406159 15.25
1583 14664.0497449095 14664.0497449095 0.632947829146149 2.10474683406159 15.25
1584 14662.3892702245 14662.3892702245 0.632947829146149 2.10474683406159 15.25
1585 14660.7288962824 14660.7288962824 0.632947829146149 2.10474683406159 15.25
1586 14659.0686231175 14659.0686231175 0.632947829146149 2.10474683406159 15.25
1587 14657.4084507651 14657.4084507651 0.632947829146149 2.10474683406159 15.25
1588 14655.7483792583 14655.7483792583 0.632947829146149 2.10474683406159 15.25
1589 14654.0884086315 14654.0884086315 0.632947829146149 2.10474683406159 15.25
1590 14652.428538919 14652.428538919 0.632947829146149 2.10474683406159 15.25
1591 14650.7687701551 14650.7687701551 0.632947829146149 2.10474683406159 15.25
1592 14649.1091023795 14649.1091023795 0.632947829146149 2.10474683406159 15.25
1593 14647.449535623 14647.449535623 0.632947829146149 2.10474683406159 15.25
1594 14645.7900699181 14645.7900699181 0.632947829146149 2.10474683406159 15.25
1595 14644.1307052991 14644.1307052991 0.632947829146149 2.10474683406159 15.25
1596 14642.4714418003 14642.4714418003 0.632947829146149 2.10474683406159 15.25
1597 14640.8122794556 14640.8122794556 0.632947829146149 2.10474683406159 15.25
1598 14639.1532183027 14639.1532183027 0.632947829146149 2.10474683406159 15.25
1599 14637.494258372 14637.494258372 0.632947829146149 2.10474683406159 15.25
1600 14635.8353996986 14635.8353996986 0.632947829146149 2.10474683406159 15.25
1601 14634.1766423181 14634.1766423181 0.632947829146149 2.10474683406159 15.25
1602 14632.5179862643 14632.5179862643 0.632947829146149 2.10474683406159 15.25
1603 14630.8594315718 14630.8594315718 0.632947829146149 2.10474683406159 15.25
1604 14629.2009782749 14629.2009782749 0.632947829146149 2.10474683406159 15.25
1605 14627.5426264092 14627.5426264092 0.632947829146149 2.10474683406159 15.25
1606 14625.8843759971 14625.8843759971 0.632947829146149 2.10474683406159 15.25
1607 14624.226227037 14624.226227037 0.632947829146149 2.10474683406159 15.25
1608 14622.5681796106 14622.5681796106 0.632947829146149 2.10474683406159 15.25
1609 14620.9102337526 14620.9102337526 0.632947829146149 2.10474683406159 15.25
1610 14619.2523894982 14619.2523894982 0.632947829146149 2.10474683406159 15.25
1611 14617.5946468812 14617.5946468812 0.632947829146149 2.10474683406159 15.25
1612 14615.9370059362 14615.9370059362 0.632947829146149 2.10474683406159 15.25
1613 14614.2794666978 14614.2794666978 0.632947829146149 2.10474683406159 15.25
1614 14612.6220292006 14612.6220292006 0.632947829146149 2.10474683406159 15.25
1615 14610.9646934791 14610.9646934791 0.632947829146149 2.10474683406159 15.25
1616 14609.3074595681 14609.3074595681 0.632947829146149 2.10474683406159 15.25
1617 14607.6503275022 14607.6503275022 0.632947829146149 2.10474683406159 15.25
1618 14605.9932973161 14605.9932973161 0.632947829146149 2.10474683406159 15.25
1619 14604.3363690481 14604.3363690481 0.632947829146149 2.10474683406159 15.25
1620 14602.6795427328 14602.6795427328 0.632947829146149 2.10474683406159 15.25
1621 14601.0228184023 14601.0228184023 0.632947829146149 2.10474683406159 15.25
1622 14599.3661960903 14599.3661960903 0.632947829146149 2.10474683406159 15.25
1623 14597.7096758317 14597.7096758317 0.632947829146149 2.10474683406159 15.25
1624 14596.053257661 14596.053257661 0.632947829146149 2.10474683406159 15.25
1625 14594.3969416132 14594.3969416132 0.632947829146149 2.10474683406159 15.25
1626 14592.7407277229 14592.7407277229 0.632947829146149 2.10474683406159 15.25
1627 14591.0846160243 14591.0846160243 0.632947829146149 2.10474683406159 15.25
1628 14589.4286065542 14589.4286065542 0.632947829146149 2.10474683406159 15.25
1629 14587.7726993448 14587.7726993448 0.632947829146149 2.10474683406159 15.25
1630 14586.1168944334 14586.1168944334 0.632947829146149 2.10474683406159 15.25
1631 14584.4611918537 14584.4611918537 0.632947829146149 2.10474683406159 15.25
1632 14582.8055916401 14582.8055916401 0.632947829146149 2.10474683406159 15.25
1633 14581.150093834 14581.150093834 0.632947829146149 2.10474683406159 15.25
1634 14579.4946984659 14579.4946984659 0.632947829146149 2.10474683406159 15.25
1635 14577.839405569 14577.839405569 0.632947829146149 2.10474683406159 15.25
1636 14576.1842151782 14576.1842151782 0.632947829146149 2.10474683406159 15.25
1637 14574.5291273283 14574.5291273283 0.632947829146149 2.10474683406159 15.25
1638 14572.8741420544 14572.8741420544 0.632947829146149 2.10474683406159 15.25
1639 14571.2192593913 14571.2192593913 0.632947829146149 2.10474683406159 15.25
1640 14569.564479374 14569.564479374 0.632947829146149 2.10474683406159 15.25
1641 14567.9098020376 14567.9098020376 0.632947829146149 2.10474683406159 15.25
1642 14566.255227417 14566.255227417 0.632947829146149 2.10474683406159 15.25
1643 14564.600755548 14564.600755548 0.632947829146149 2.10474683406159 15.25
1644 14562.946386465 14562.946386465 0.632947829146149 2.10474683406159 15.25
1645 14561.2921202027 14561.2921202027 0.632947829146149 2.10474683406159 15.25
1646 14559.6379567973 14559.6379567973 0.632947829146149 2.10474683406159 15.25
1647 14557.9838962893 14557.9838962893 0.632947829146149 2.10474683406159 15.25
1648 14556.3299387073 14556.3299387073 0.632947829146149 2.10474683406159 15.25
1649 14554.6760840864 14554.6760840864 0.632947829146149 2.10474683406159 15.25
1650 14553.0223324508 14553.0223324508 0.632947829146149 2.10474683406159 15.25
1651 14551.3686837928 14551.3686837928 0.632947829146149 2.10474683406159 15.25
1652 14549.7151382012 14549.7151382012 0.632947829146149 2.10474683406159 15.25
1653 14548.0616957113 14548.0616957113 0.632947829146149 2.10474683406159 15.25
1654 14546.4083563582 14546.4083563582 0.632947829146149 2.10474683406159 15.25
1655 14544.7551201779 14544.7551201779 0.632947829146149 2.10474683406159 15.25
1656 14543.1019872048 14543.1019872048 0.632947829146149 2.10474683406159 15.25
1657 14541.448957474 14541.448957474 0.632947829146149 2.10474683406159 15.25
1658 14539.7960310208 14539.7960310208 0.632947829146149 2.10474683406159 15.25
1659 14538.1432078804 14538.1432078804 0.632947829146149 2.10474683406159 15.25
1660 14536.4904880915 14536.4904880915 0.632947829146149 2.10474683406159 15.25
1661 14534.8378716897 14534.8378716897 0.632947829146149 2.10474683406159 15.25
1662 14533.1853587063 14533.1853587063 0.632947829146149 2.10474683406159 15.25
1663 14531.5329491768 14531.5329491768 0.632947829146149 2.10474683406159 15.25
1664 14529.8806431363 14529.8806431363 0.632947829146149 2.10474683406159 15.25
1665 14528.2284406204 14528.2284406204 0.632947829146149 2.10474683406159 15.25
1666 14526.5763416641 14526.5763416641 0.632947829146149 2.10474683406159 15.25
1667 14524.9243463039 14524.9243463039 0.632947829146149 2.10474683406159 15.25
1668 14523.2724545741 14523.2724545741 0.632947829146149 2.10474683406159 15.25
1669 14521.6206665101 14521.6206665101 0.632947829146149 2.10474683406159 15.25
1670 14519.9689821473 14519.9689821473 0.632947829146149 2.10474683406159 15.25
1671 14518.3174015211 14518.3174015211 0.632947829146149 2.10474683406159 15.25
1672 14516.6659246668 14516.6659246668 0.632947829146149 2.10474683406159 15.25
1673 14515.01455162 14515.01455162 0.632947829146149 2.10474683406159 15.25
1674 14513.3632824224 14513.3632824224 0.632947829146149 2.10474683406159 15.25
1675 14511.7121171039 14511.7121171039 0.632947829146149 2.10474683406159 15.25
1676 14510.0610556992 14510.0610556992 0.632947829146149 2.10474683406159 15.25
1677 14508.4100982437 14508.4100982437 0.632947829146149 2.10474683406159 15.25
1678 14506.7592447738 14506.7592447738 0.632947829146149 2.10474683406159 15.25
1679 14505.1084953242 14505.1084953242 0.632947829146149 2.10474683406159 15.25
1680 14503.4578499303 14503.4578499303 0.632947829146149 2.10474683406159 15.25
1681 14501.8073086277 14501.8073086277 0.632947829146149 2.10474683406159 15.25
1682 14500.1568714519 14500.1568714519 0.632947829146149 2.10474683406159 15.25
1683 14498.5065384384 14498.5065384384 0.632947829146149 2.10474683406159 15.25
1684 14496.856309623 14496.856309623 0.632947829146149 2.10474683406159 15.25
1685 14495.206185041 14495.206185041 0.632947829146149 2.10474683406159 15.25
1686 14493.5561647282 14493.5561647282 0.632947829146149 2.10474683406159 15.25
1687 14491.906248722 14491.906248722 0.632947829146149 2.10474683406159 15.25
1688 14490.2564370615 14490.2564370615 0.632947829146149 2.10474683406159 15.25
1689 14488.6067297771 14488.6067297771 0.632947829146149 2.10474683406159 15.25
1690 14486.9571269053 14486.9571269053 0.632947829146149 2.10474683406159 15.25
1691 14485.3076284809 14485.3076284809 0.632947829146149 2.10474683406159 15.25
1692 14483.6582345395 14483.6582345395 0.632947829146149 2.10474683406159 15.25
1693 14482.0089451168 14482.0089451168 0.632947829146149 2.10474683406159 15.25
1694 14480.359760244 14480.359760244 0.632947829146149 2.10474683406159 15.25
1695 14478.7106799012 14478.7106799012 0.632947829146149 2.10474683406159 15.25
1696 14477.0617041842 14477.0617041842 0.632947829146149 2.10474683406159 15.25
1697 14475.4128331289 14475.4128331289 0.632947829146149 2.10474683406159 15.25
1698 14473.7640667711 14473.7640667711 0.632947829146149 2.10474683406159 15.25
1699 14472.1154051465 14472.1154051465 0.632947829146149 2.10474683406159 15.25
1700 14470.466848291 14470.466848291 0.632947829146149 2.10474683406159 15.25
1701 14468.8183962447 14468.8183962447 0.632947829146149 2.10474683406159 15.25
1702 14467.1700490428 14467.1700490428 0.632947829146149 2.10474683406159 15.25
1703 14465.5218067173 14465.5218067173 0.632947829146149 2.10474683406159 15.25
1704 14463.8736693043 14463.8736693043 0.632947829146149 2.10474683406159 15.25
1705 14462.22563684 14462.22563684 0.632947829146149 2.10474683406159 15.25
1706 14460.5777093586 14460.5777093586 0.632947829146149 2.10474683406159 15.25
1707 14458.9298868979 14458.9298868979 0.632947829146149 2.10474683406159 15.25
1708 14457.2821694931 14457.2821694931 0.632947829146149 2.10474683406159 15.25
1709 14455.6345571801 14455.6345571801 0.632947829146149 2.10474683406159 15.25
1710 14453.9870499949 14453.9870499949 0.632947829146149 2.10474683406159 15.25
1711 14452.3396479734 14452.3396479734 0.632947829146149 2.10474683406159 15.25
1712 14450.6923511516 14450.6923511516 0.632947829146149 2.10474683406159 15.25
1713 14449.0451595664 14449.0451595664 0.632947829146149 2.10474683406159 15.25
1714 14447.3980732529 14447.3980732529 0.632947829146149 2.10474683406159 15.25
1715 14445.7510922533 14445.7510922533 0.632947829146149 2.10474683406159 15.25
1716 14444.1042165983 14444.1042165983 0.632947829146149 2.10474683406159 15.25
1717 14442.4574463231 14442.4574463231 0.632947829146149 2.10474683406159 15.25
1718 14440.8107814637 14440.8107814637 0.632947829146149 2.10474683406159 15.25
1719 14439.1642220561 14439.1642220561 0.632947829146149 2.10474683406159 15.25
1720 14437.5177681358 14437.5177681358 0.632947829146149 2.10474683406159 15.25
1721 14435.8714197409 14435.8714197409 0.632947829146149 2.10474683406159 15.25
1722 14434.2251769054 14434.2251769054 0.632947829146149 2.10474683406159 15.25
1723 14432.5790396662 14432.5790396662 0.632947829146149 2.10474683406159 15.25
1724 14430.9330080594 14430.9330080594 0.632947829146149 2.10474683406159 15.25
1725 14429.2870821221 14429.2870821221 0.632947829146149 2.10474683406159 15.25
1726 14427.6412618894 14427.6412618894 0.632947829146149 2.10474683406159 15.25
1727 14425.9955473977 14425.9955473977 0.632947829146149 2.10474683406159 15.25
1728 14424.3499386848 14424.3499386848 0.632947829146149 2.10474683406159 15.25
1729 14422.7044357906 14422.7044357906 0.632947829146149 2.10474683406159 15.25
1730 14421.0590387459 14421.0590387459 0.632947829146149 2.10474683406159 15.25
1731 14419.4137475869 14419.4137475869 0.632947829146149 2.10474683406159 15.25
1732 14417.76856235 14417.76856235 0.632947829146149 2.10474683406159 15.25
1733 14416.1234830719 14416.1234830719 0.632947829146149 2.10474683406159 15.25
1734 14414.4785097871 14414.4785097871 0.632947829146149 2.10474683406159 15.25
1735 14412.8336425332 14412.8336425332 0.632947829146149 2.10474683406159 15.25
1736 14411.1888813476 14411.1888813476 0.632947829146149 2.10474683406159 15.25
1737 14409.5442262658 14409.5442262658 0.632947829146149 2.10474683406159 15.25
1738 14407.8996773237 14407.8996773237 0.632947829146149 2.10474683406159 15.25
1739 14406.2552344955 14406.2552344955 0.632947829146149 2.10474683406159 15.25
1740 14404.6108978765 14404.6108978765 0.632947829146149 2.10474683406159 15.25
1741 14402.966667507 14402.966667507 0.632947829146149 2.10474683406159 15.25
1742 14401.3225434273 14401.3225434273 0.632947829146149 2.10474683406159 15.25
1743 14399.6785256719 14399.6785256719 0.632947829146149 2.10474683406159 15.25
1744 14398.0346142746 14398.0346142746 0.632947829146149 2.10474683406159 15.25
1745 14396.3908092719 14396.3908092719 0.632947829146149 2.10474683406159 15.25
1746 14394.7471107001 14394.7471107001 0.632947829146149 2.10474683406159 15.25
1747 14393.1035185958 14393.1035185958 0.632947829146149 2.10474683406159 15.25
1748 14391.4600329954 14391.4600329954 0.632947829146149 2.10474683406159 15.25
1749 14389.8166539354 14389.8166539354 0.632947829146149 2.10474683406159 15.25
1750 14388.1733814533 14388.1733814533 0.632947829146149 2.10474683406159 15.25
1751 14386.5302155845 14386.5302155845 0.632947829146149 2.10474683406159 15.25
1752 14384.8871563658 14384.8871563658 0.632947829146149 2.10474683406159 15.25
1753 14383.2442038336 14383.2442038336 0.632947829146149 2.10474683406159 15.25
1754 14381.6013580245 14381.6013580245 0.632947829146149 2.10474683406159 15.25
1755 14379.958618975 14379.958618975 0.632947829146149 2.10474683406159 15.25
1756 14378.3159867283 14378.3159867283 0.632947829146149 2.10474683406159 15.25
1757 14376.6734613157 14376.6734613157 0.632947829146149 2.10474683406159 15.25
1758 14375.031042772 14375.031042772 0.632947829146149 2.10474683406159 15.25
1759 14373.3887311344 14373.3887311344 0.632947829146149 2.10474683406159 15.25
1760 14371.7465264396 14371.7465264396 0.632947829146149 2.10474683406159 15.25
1761 14370.1044287242 14370.1044287242 0.632947829146149 2.10474683406159 15.25
1762 14368.4624380258 14368.4624380258 0.632947829146149 2.10474683406159 15.25
1763 14366.8205543802 14366.8205543802 0.632947829146149 2.10474683406159 15.25
1764 14365.1787778242 14365.1787778242 0.632947829146149 2.10474683406159 15.25
1765 14363.5371083944 14363.5371083944 0.632947829146149 2.10474683406159 15.25
1766 14361.8955461275 14361.8955461275 0.632947829146149 2.10474683406159 15.25
1767 14360.2540910604 14360.2540910604 0.632947829146149 2.10474683406159 15.25
1768 14358.6127432297 14358.6127432297 0.632947829146149 2.10474683406159 15.25
1769 14356.971502675 14356.971502675 0.632947829146149 2.10474683406159 15.25
1770 14355.3303694348 14355.3303694348 0.632947829146149 2.10474683406159 15.25
1771 14353.6893435415 14353.6893435415 0.632947829146149 2.10474683406159 15.25
1772 14352.0484250325 14352.0484250325 0.632947829146149 2.10474683406159 15.25
1773 14350.4076139421 14350.4076139421 0.632947829146149 2.10474683406159 15.25
1774 14348.7669103119 14348.7669103119 0.632947829146149 2.10474683406159 15.25
1775 14347.1263141753 14347.1263141753 0.632947829146149 2.10474683406159 15.25
1776 14345.4858255698 14345.4858255698 0.632947829146149 2.10474683406159 15.25
1777 14343.8454445323 14343.8454445323 0.632947829146149 2.10474683406159 15.25
1778 14342.2051710998 14342.2051710998 0.632947829146149 2.10474683406159 15.25
1779 14340.5650053091 14340.5650053091 0.632947829146149 2.10474683406159 15.25
1780 14338.9249471972 14338.9249471972 0.632947829146149 2.10474683406159 15.25
1781 14337.2849968011 14337.2849968011 0.632947829146149 2.10474683406159 15.25
1782 14335.6451541577 14335.6451541577 0.632947829146149 2.10474683406159 15.25
1783 14334.0054192526 14334.0054192526 0.632947829146149 2.10474683406159 15.25
1784 14332.3657921676 14332.3657921676 0.632947829146149 2.10474683406159 15.25
1785 14330.7262729463 14330.7262729463 0.632947829146149 2.10474683406159 15.25
1786 14329.0868616256 14329.0868616256 0.632947829146149 2.10474683406159 15.25
1787 14327.4475582437 14327.4475582437 0.632947829146149 2.10474683406159 15.25
1788 14325.8083628365 14325.8083628365 0.632947829146149 2.10474683406159 15.25
1789 14324.1692754419 14324.1692754419 0.632947829146149 2.10474683406159 15.25
1790 14322.5302960949 14322.5302960949 0.632947829146149 2.10474683406159 15.25
1791 14320.8914248346 14320.8914248346 0.632947829146149 2.10474683406159 15.25
1792 14319.2526616975 14319.2526616975 0.632947829146149 2.10474683406159 15.25
1793 14317.6140067207 14317.6140067207 0.632947829146149 2.10474683406159 15.25
1794 14315.9754599414 14315.9754599414 0.632947829146149 2.10474683406159 15.25
1795 14314.3370213966 14314.3370213966 0.632947829146149 2.10474683406159 15.25
1796 14312.6986911245 14312.6986911245 0.632947829146149 2.10474683406159 15.25
1797 14311.0604691675 14311.0604691675 0.632947829146149 2.10474683406159 15.25
1798 14309.4223555567 14309.4223555567 0.632947829146149 2.10474683406159 15.25
1799 14307.7843503302 14307.7843503302 0.632947829146149 2.10474683406159 15.25
1800 14306.1464535242 14306.1464535242 0.632947829146149 2.10474683406159 15.25
1801 14304.5086651767 14304.5086651767 0.632947829146149 2.10474683406159 15.25
1802 14302.870985323 14302.870985323 0.632947829146149 2.10474683406159 15.25
1803 14301.2334140023 14301.2334140023 0.632947829146149 2.10474683406159 15.25
1804 14299.5959512513 14299.5959512513 0.632947829146149 2.10474683406159 15.25
1805 14297.9585971072 14297.9585971072 0.632947829146149 2.10474683406159 15.25
1806 14296.3213516074 14296.3213516074 0.632947829146149 2.10474683406159 15.25
1807 14294.6842147892 14294.6842147892 0.632947829146149 2.10474683406159 15.25
1808 14293.04718669 14293.04718669 0.632947829146149 2.10474683406159 15.25
1809 14291.410267347 14291.410267347 0.632947829146149 2.10474683406159 15.25
1810 14289.7734568013 14289.7734568013 0.632947829146149 2.10474683406159 15.25
1811 14288.1367550902 14288.1367550902 0.632947829146149 2.10474683406159 15.25
1812 14286.5001622484 14286.5001622484 0.632947829146149 2.10474683406159 15.25
1813 14284.8636783131 14284.8636783131 0.632947829146149 2.10474683406159 15.25
1814 14283.2273033199 14283.2273033199 0.632947829146149 2.10474683406159 15.25
1815 14281.5910373081 14281.5910373081 0.632947829146149 2.10474683406159 15.25
1816 14279.9548803146 14279.9548803146 0.632947829146149 2.10474683406159 15.25
1817 14278.3188323768 14278.3188323768 0.632947829146149 2.10474683406159 15.25
1818 14276.6828935321 14276.6828935321 0.632947829146149 2.10474683406159 15.25
1819 14275.0470638182 14275.0470638182 0.632947829146149 2.10474683406159 15.25
1820 14273.4113432726 14273.4113432726 0.632947829146149 2.10474683406159 15.25
1821 14271.7757319327 14271.7757319327 0.632947829146149 2.10474683406159 15.25
1822 14270.1402298361 14270.1402298361 0.632947829146149 2.10474683406159 15.25
1823 14268.5048370213 14268.5048370213 0.632947829146149 2.10474683406159 15.25
1824 14266.8695535302 14266.8695535302 0.632947829146149 2.10474683406159 15.25
1825 14265.2343793963 14265.2343793963 0.632947829146149 2.10474683406159 15.25
1826 14263.5993146574 14263.5993146574 0.632947829146149 2.10474683406159 15.25
1827 14261.9643592996 14261.9643592996 0.632947829146149 2.10474683406159 15.25
1828 14260.3295133951 14260.3295133951 0.632947829146149 2.10474683406159 15.25
1829 14258.6947769972 14258.6947769972 0.632947829146149 2.10474683406159 15.25
1830 14257.0601501435 14257.0601501435 0.632947829146149 2.10474683406159 15.25
1831 14255.4256328718 14255.4256328718 0.632947829146149 2.10474683406159 15.25
1832 14253.7912252197 14253.7912252197 0.632947829146149 2.10474683406159 15.25
1833 14252.1569272249 14252.1569272249 0.632947829146149 2.10474683406159 15.25
1834 14250.5227389259 14250.5227389259 0.632947829146149 2.10474683406159 15.25
1835 14248.8886603584 14248.8886603584 0.632947829146149 2.10474683406159 15.25
1836 14247.254691563 14247.254691563 0.632947829146149 2.10474683406159 15.25
1837 14245.6208325768 14245.6208325768 0.632947829146149 2.10474683406159 15.25
1838 14243.9870834429 14243.9870834429 0.632947829146149 2.10474683406159 15.25
1839 14242.3534441929 14242.3534441929 0.632947829146149 2.10474683406159 15.25
1840 14240.7199148647 14240.7199148647 0.632947829146149 2.10474683406159 15.25
1841 14239.0864954961 14239.0864954961 0.632947829146149 2.10474683406159 15.25
1842 14237.4531861249 14237.4531861249 0.632947829146149 2.10474683406159 15.25
1843 14235.8199867889 14235.8199867889 0.632947829146149 2.10474683406159 15.25
1844 14234.1868975262 14234.1868975262 0.632947829146149 2.10474683406159 15.25
1845 14232.5539183745 14232.5539183745 0.632947829146149 2.10474683406159 15.25
1846 14230.9210493717 14230.9210493717 0.632947829146149 2.10474683406159 15.25
1847 14229.2882905559 14229.2882905559 0.632947829146149 2.10474683406159 15.25
1848 14227.6556419649 14227.6556419649 0.632947829146149 2.10474683406159 15.25
1849 14226.0231036375 14226.0231036375 0.632947829146149 2.10474683406159 15.25
1850 14224.3906756108 14224.3906756108 0.632947829146149 2.10474683406159 15.25
1851 14222.7583579263 14222.7583579263 0.632947829146149 2.10474683406159 15.25
1852 14221.1261506221 14221.1261506221 0.632947829146149 2.10474683406159 15.25
1853 14219.4940537319 14219.4940537319 0.632947829146149 2.10474683406159 15.25
1854 14217.8620672957 14217.8620672957 0.632947829146149 2.10474683406159 15.25
1855 14216.2301913497 14216.2301913497 0.632947829146149 2.10474683406159 15.25
1856 14214.5984259325 14214.5984259325 0.632947829146149 2.10474683406159 15.25
1857 14212.9667710822 14212.9667710822 0.632947829146149 2.10474683406159 15.25
1858 14211.3352268369 14211.3352268369 0.632947829146149 2.10474683406159 15.25
1859 14209.7037932347 14209.7037932347 0.632947829146149 2.10474683406159 15.25
1860 14208.0724703136 14208.0724703136 0.632947829146149 2.10474683406159 15.25
1861 14206.4412581119 14206.4412581119 0.632947829146149 2.10474683406159 15.25
1862 14204.8101566679 14204.8101566679 0.632947829146149 2.10474683406159 15.25
1863 14203.1791660208 14203.1791660208 0.632947829146149 2.10474683406159 15.25
1864 14201.5482862069 14201.5482862069 0.632947829146149 2.10474683406159 15.25
1865 14199.917517271 14199.917517271 0.632947829146149 2.10474683406159 15.25
1866 14198.2868592462 14198.2868592462 0.632947829146149 2.10474683406159 15.25
1867 14196.6563121699 14196.6563121699 0.632947829146149 2.10474683406159 15.25
1868 14195.0258760801 14195.0258760801 0.632947829146149 2.10474683406159 15.25
1869 14193.3955510153 14193.3955510153 0.632947829146149 2.10474683406159 15.25
1870 14191.7653370136 14191.7653370136 0.632947829146149 2.10474683406159 15.25
1871 14190.1352340703 14190.1352340703 0.632947829146149 2.10474683406159 15.25
1872 14188.5052422444 14188.5052422444 0.632947829146149 2.10474683406159 15.25
1873 14186.8753615967 14186.8753615967 0.632947829146149 2.10474683406159 15.25
1874 14185.2455921659 14185.2455921659 0.632947829146149 2.10474683406159 15.25
1875 14183.6159339894 14183.6159339894 0.632947829146149 2.10474683406159 15.25
1876 14181.9863871066 14181.9863871066 0.632947829146149 2.10474683406159 15.25
1877 14180.3569515551 14180.3569515551 0.632947829146149 2.10474683406159 15.25
1878 14178.7276273753 14178.7276273753 0.632947829146149 2.10474683406159 15.25
1879 14177.0984146088 14177.0984146088 0.632947829146149 2.10474683406159 15.25
1880 14175.4693132889 14175.4693132889 0.632947829146149 2.10474683406159 15.25
1881 14173.8403234541 14173.8403234541 0.632947829146149 2.10474683406159 15.25
1882 14172.2114451421 14172.2114451421 0.632947829146149 2.10474683406159 15.25
1883 14170.5826783933 14170.5826783933 0.632947829146149 2.10474683406159 15.25
1884 14168.9540232443 14168.9540232443 0.632947829146149 2.10474683406159 15.25
1885 14167.3254797341 14167.3254797341 0.632947829146149 2.10474683406159 15.25
1886 14165.6970479014 14165.6970479014 0.632947829146149 2.10474683406159 15.25
1887 14164.0687277846 14164.0687277846 0.632947829146149 2.10474683406159 15.25
1888 14162.4405194231 14162.4405194231 0.632947829146149 2.10474683406159 15.25
1889 14160.8124228546 14160.8124228546 0.632947829146149 2.10474683406159 15.25
1890 14159.1844381177 14159.1844381177 0.632947829146149 2.10474683406159 15.25
1891 14157.5565652509 14157.5565652509 0.632947829146149 2.10474683406159 15.25
1892 14155.9288042971 14155.9288042971 0.632947829146149 2.10474683406159 15.25
1893 14154.301155294 14154.301155294 0.632947829146149 2.10474683406159 15.25
1894 14152.6736182755 14152.6736182755 0.632947829146149 2.10474683406159 15.25
1895 14151.0461932823 14151.0461932823 0.632947829146149 2.10474683406159 15.25
1896 14149.4188803524 14149.4188803524 0.632947829146149 2.10474683406159 15.25
1897 14147.7916795244 14147.7916795244 0.632947829146149 2.10474683406159 15.25
1898 14146.164590837 14146.164590837 0.632947829146149 2.10474683406159 15.25
1899 14144.5376143289 14144.5376143289 0.632947829146149 2.10474683406159 15.25
1900 14142.9107500388 14142.9107500388 0.632947829146149 2.10474683406159 15.25
1901 14141.2839980064 14141.2839980064 0.632947829146149 2.10474683406159 15.25
1902 14139.6573582694 14139.6573582694 0.632947829146149 2.10474683406159 15.25
1903 14138.0308308668 14138.0308308668 0.632947829146149 2.10474683406159 15.25
1904 14136.4044158378 14136.4044158378 0.632947829146149 2.10474683406159 15.25
1905 14134.7781132194 14134.7781132194 0.632947829146149 2.10474683406159 15.25
1906 14133.1519230591 14133.1519230591 0.632947829146149 2.10474683406159 15.25
1907 14131.5258453883 14131.5258453883 0.632947829146149 2.10474683406159 15.25
1908 14129.8998802458 14129.8998802458 0.632947829146149 2.10474683406159 15.25
1909 14128.2740276705 14128.2740276705 0.632947829146149 2.10474683406159 15.25
1910 14126.6482877012 14126.6482877012 0.632947829146149 2.10474683406159 15.25
1911 14125.0226603767 14125.0226603767 0.632947829146149 2.10474683406159 15.25
1912 14123.3971457354 14123.3971457354 0.632947829146149 2.10474683406159 15.25
1913 14121.7717438181 14121.7717438181 0.632947829146149 2.10474683406159 15.25
1914 14120.1464546626 14120.1464546626 0.632947829146149 2.10474683406159 15.25
1915 14118.5212782711 14118.5212782711 0.632947829146149 2.10474683406159 15.25
1916 14116.8962146904 14116.8962146904 0.632947829146149 2.10474683406159 15.25
1917 14115.2712639882 14115.2712639882 0.632947829146149 2.10474683406159 15.25
1918 14113.6464262034 14113.6464262034 0.632947829146149 2.10474683406159 15.25
1919 14112.0217013777 14112.0217013777 0.632947829146149 2.10474683406159 15.25
1920 14110.3970895519 14110.3970895519 0.632947829146149 2.10474683406159 15.25
1921 14108.7725907599 14108.7725907599 0.632947829146149 2.10474683406159 15.25
1922 14107.1482050428 14107.1482050428 0.632947829146149 2.10474683406159 15.25
1923 14105.5239324377 14105.5239324377 0.632947829146149 2.10474683406159 15.25
1924 14103.8997729844 14103.8997729844 0.632947829146149 2.10474683406159 15.25
1925 14102.2757267219 14102.2757267219 0.632947829146149 2.10474683406159 15.25
1926 14100.6517936893 14100.6517936893 0.632947829146149 2.10474683406159 15.25
1927 14099.0279739264 14099.0279739264 0.632947829146149 2.10474683406159 15.25
1928 14097.4042674713 14097.4042674713 0.632947829146149 2.10474683406159 15.25
1929 14095.7806743643 14095.7806743643 0.632947829146149 2.10474683406159 15.25
1930 14094.1571946437 14094.1571946437 0.632947829146149 2.10474683406159 15.25
1931 14092.5338283489 14092.5338283489 0.632947829146149 2.10474683406159 15.25
1932 14090.910575519 14090.910575519 0.632947829146149 2.10474683406159 15.25
1933 14089.2874361984 14089.2874361984 0.632947829146149 2.10474683406159 15.25
1934 14087.6644104229 14087.6644104229 0.632947829146149 2.10474683406159 15.25
1935 14086.04149823 14086.04149823 0.632947829146149 2.10474683406159 15.25
1936 14084.418699659 14084.418699659 0.632947829146149 2.10474683406159 15.25
1937 14082.7960147492 14082.7960147492 0.632947829146149 2.10474683406159 15.25
1938 14081.1734435398 14081.1734435398 0.632947829146149 2.10474683406159 15.25
1939 14079.5509860702 14079.5509860702 0.632947829146149 2.10474683406159 15.25
1940 14077.9286423791 14077.9286423791 0.632947829146149 2.10474683406159 15.25
1941 14076.3064125085 14076.3064125085 0.632947829146149 2.10474683406159 15.25
1942 14074.6842964951 14074.6842964951 0.632947829146149 2.10474683406159 15.25
1943 14073.0622943788 14073.0622943788 0.632947829146149 2.10474683406159 15.25
1944 14071.4404061991 14071.4404061991 0.632947829146149 2.10474683406159 15.25
1945 14069.8186319953 14069.8186319953 0.632947829146149 2.10474683406159 15.25
1946 14068.1969718085 14068.1969718085 0.632947829146149 2.10474683406159 15.25
1947 14066.5754256811 14066.5754256811 0.632947829146149 2.10474683406159 15.25
1948 14064.9539936485 14064.9539936485 0.632947829146149 2.10474683406159 15.25
1949 14063.3326757498 14063.3326757498 0.632947829146149 2.10474683406159 15.25
1950 14061.7114720241 14061.7114720241 0.632947829146149 2.10474683406159 15.25
1951 14060.0903825112 14060.0903825112 0.632947829146149 2.10474683406159 15.25
1952 14058.4694072505 14058.4694072505 0.632947829146149 2.10474683406159 15.25
1953 14056.8485462815 14056.8485462815 0.632947829146149 2.10474683406159 15.25
1954 14055.2277996437 14055.2277996437 0.632947829146149 2.10474683406159 15.25
1955 14053.6071673777 14053.6071673777 0.632947829146149 2.10474683406159 15.25
1956 14051.986649522 14051.986649522 0.632947829146149 2.10474683406159 15.25
1957 14050.3662461163 14050.3662461163 0.632947829146149 2.10474683406159 15.25
1958 14048.7459572001 14048.7459572001 0.632947829146149 2.10474683406159 15.25
1959 14047.1257827831 14047.1257827831 0.632947829146149 2.10474683406159 15.25
1960 14045.5057229029 14045.5057229029 0.632947829146149 2.10474683406159 15.25
1961 14043.8857776346 14043.8857776346 0.632947829146149 2.10474683406159 15.25
1962 14042.2659470145 14042.2659470145 0.632947829146149 2.10474683406159 15.25
1963 14040.6462310821 14040.6462310821 0.632947829146149 2.10474683406159 15.25
1964 14039.0266298773 14039.0266298773 0.632947829146149 2.10474683406159 15.25
1965 14037.4071434397 14037.4071434397 0.632947829146149 2.10474683406159 15.25
1966 14035.7877718097 14035.7877718097 0.632947829146149 2.10474683406159 15.25
1967 14034.1685150251 14034.1685150251 0.632947829146149 2.10474683406159 15.25
1968 14032.5493731276 14032.5493731276 0.632947829146149 2.10474683406159 15.25
1969 14030.9303461565 14030.9303461565 0.632947829146149 2.10474683406159 15.25
1970 14029.3114341527 14029.3114341527 0.632947829146149 2.10474683406159 15.25
1971 14027.6926371541 14027.6926371541 0.632947829146149 2.10474683406159 15.25
1972 14026.0739552012 14026.0739552012 0.632947829146149 2.10474683406159 15.25
1973 14024.4553883337 14024.4553883337 0.632947829146149 2.10474683406159 15.25
1974 14022.8369365975 14022.8369365975 0.632947829146149 2.10474683406159 15.25
1975 14021.2186000273 14021.2186000273 0.632947829146149 2.10474683406159 15.25
1976 14019.6003786621 14019.6003786621 0.632947829146149 2.10474683406159 15.25
1977 14017.982272542 14017.982272542 0.632947829146149 2.10474683406159 15.25
1978 14016.3642817067 14016.3642817067 0.632947829146149 2.10474683406159 15.25
1979 14014.7464061963 14014.7464061963 0.632947829146149 2.10474683406159 15.25
1980 14013.1286460505 14013.1286460505 0.632947829146149 2.10474683406159 15.25
1981 14011.5110013095 14011.5110013095 0.632947829146149 2.10474683406159 15.25
1982 14009.8934720132 14009.8934720132 0.632947829146149 2.10474683406159 15.25
1983 14008.2760582024 14008.2760582024 0.632947829146149 2.10474683406159 15.25
1984 14006.6587599164 14006.6587599164 0.632947829146149 2.10474683406159 15.25
1985 14005.041577195 14005.041577195 0.632947829146149 2.10474683406159 15.25
1986 14003.4245100783 14003.4245100783 0.632947829146149 2.10474683406159 15.25
1987 14001.8075586082 14001.8075586082 0.632947829146149 2.10474683406159 15.25
1988 14000.1907228286 14000.1907228286 0.632947829146149 2.10474683406159 15.25
1989 13998.5740027727 13998.5740027727 0.632947829146149 2.10474683406159 15.25
1990 13996.9573984826 13996.9573984826 0.632947829146149 2.10474683406159 15.25
1991 13995.3409099969 13995.3409099969 0.632947829146149 2.10474683406159 15.25
1992 13993.7245373578 13993.7245373578 0.632947829146149 2.10474683406159 15.25
1993 13992.1082806036 13992.1082806036 0.632947829146149 2.10474683406159 15.25
1994 13990.4921397749 13990.4921397749 0.632947829146149 2.10474683406159 15.25
1995 13988.876114912 13988.876114912 0.632947829146149 2.10474683406159 15.25
1996 13987.260206056 13987.260206056 0.632947829146149 2.10474683406159 15.25
1997 13985.6444132462 13985.6444132462 0.632947829146149 2.10474683406159 15.25
1998 13984.0287365228 13984.0287365228 0.632947829146149 2.10474683406159 15.25
1999 13982.413175926 13982.413175926 0.632947829146149 2.10474683406159 15.25
2000 13980.7977314962 13980.7977314962 0.632947829146149 2.10474683406159 15.25
2001 13979.1824032778 13979.1824032778 0.632947829146149 2.10474683406159 15.25
2002 13977.5671913094 13977.5671913094 0.632947829146149 2.10474683406159 15.25
2003 13975.9520956052 13975.9520956052 0.632947829146149 2.10474683406159 15.25
2004 13974.3371161871 13974.3371161871 0.632947829146149 2.10474683406159 15.25
2005 13972.7222531374 13972.7222531374 0.632947829146149 2.10474683406159 15.25
2006 13971.1075064966 13971.1075064966 0.632947829146149 2.10474683406159 15.25
2007 13969.4928763049 13969.4928763049 0.632947829146149 2.10474683406159 15.25
2008 13967.8783626027 13967.8783626027 0.632947829146149 2.10474683406159 15.25
2009 13966.2639654305 13966.2639654305 0.632947829146149 2.10474683406159 15.25
2010 13964.6496848286 13964.6496848286 0.632947829146149 2.10474683406159 15.25
2011 13963.0355208384 13963.0355208384 0.632947829146149 2.10474683406159 15.25
2012 13961.4214734994 13961.4214734994 0.632947829146149 2.10474683406159 15.25
2013 13959.8075428521 13959.8075428521 0.632947829146149 2.10474683406159 15.25
2014 13958.193728937 13958.193728937 0.632947829146149 2.10474683406159 15.25
2015 13956.5800318012 13956.5800318012 0.632947829146149 2.10474683406159 15.25
2016 13954.9664514787 13954.9664514787 0.632947829146149 2.10474683406159 15.25
2017 13953.3529880098 13953.3529880098 0.632947829146149 2.10474683406159 15.25
2018 13951.7396414352 13951.7396414352 0.632947829146149 2.10474683406159 15.25
2019 13950.1264117953 13950.1264117953 0.632947829146149 2.10474683406159 15.25
2020 13948.5132991315 13948.5132991315 0.632947829146149 2.10474683406159 15.25
2021 13946.9003034824 13946.9003034824 0.632947829146149 2.10474683406159 15.25
2022 13945.2874248904 13945.2874248904 0.632947829146149 2.10474683406159 15.25
2023 13943.6746633956 13943.6746633956 0.632947829146149 2.10474683406159 15.25
2024 13942.0620190387 13942.0620190387 0.632947829146149 2.10474683406159 15.25
2025 13940.4494918617 13940.4494918617 0.632947829146149 2.10474683406159 15.25
2026 13938.8370819026 13938.8370819026 0.632947829146149 2.10474683406159 15.25
2027 13937.2247892039 13937.2247892039 0.632947829146149 2.10474683406159 15.25
2028 13935.6126138083 13935.6126138083 0.632947829146149 2.10474683406159 15.25
2029 13934.0005557581 13934.0005557581 0.632947829146149 2.10474683406159 15.25
2030 13932.3886150892 13932.3886150892 0.632947829146149 2.10474683406159 15.25
2031 13930.7767918443 13930.7767918443 0.632947829146149 2.10474683406159 15.25
2032 13929.1650860623 13929.1650860623 0.632947829146149 2.10474683406159 15.25
2033 13927.5534977845 13927.5534977845 0.632947829146149 2.10474683406159 15.25
2034 13925.9420270518 13925.9420270518 0.632947829146149 2.10474683406159 15.25
2035 13924.3306739049 13924.3306739049 0.632947829146149 2.10474683406159 15.25
2036 13922.7194383847 13922.7194383847 0.632947829146149 2.10474683406159 15.25
2037 13921.108320532 13921.108320532 0.632947829146149 2.10474683406159 15.25
2038 13919.4973203878 13919.4973203878 0.632947829146149 2.10474683406159 15.25
2039 13917.8864379936 13917.8864379936 0.632947829146149 2.10474683406159 15.25
2040 13916.2756733896 13916.2756733896 0.632947829146149 2.10474683406159 15.25
2041 13914.6650266166 13914.6650266166 0.632947829146149 2.10474683406159 15.25
2042 13913.0544977207 13913.0544977207 0.632947829146149 2.10474683406159 15.25
2043 13911.4440867393 13911.4440867393 0.632947829146149 2.10474683406159 15.25
2044 13909.8337937119 13909.8337937119 0.632947829146149 2.10474683406159 15.25
2045 13908.2236186792 13908.2236186792 0.632947829146149 2.10474683406159 15.25
2046 13906.6135616824 13906.6135616824 0.632947829146149 2.10474683406159 15.25
2047 13905.003622746 13905.003622746 0.632947829146149 2.10474683406159 15.25
2048 13903.3938018782 13903.3938018782 0.632947829146149 2.10474683406159 15.25
2049 13901.7840991693 13901.7840991693 0.632947829146149 2.10474683406159 15.25
2050 13900.1745146603 13900.1745146603 0.632947829146149 2.10474683406159 15.25
2051 13898.5650483923 13898.5650483923 0.632947829146149 2.10474683406159 15.25
2052 13896.9557004063 13896.9557004063 0.632947829146149 2.10474683406159 15.25
2053 13895.3464707444 13895.3464707444 0.632947829146149 2.10474683406159 15.25
2054 13893.7373594461 13893.7373594461 0.632947829146149 2.10474683406159 15.25
2055 13892.1283665554 13892.1283665554 0.632947829146149 2.10474683406159 15.25
2056 13890.5194921164 13890.5194921164 0.632947829146149 2.10474683406159 15.25
2057 13888.9107361652 13888.9107361652 0.632947829146149 2.10474683406159 15.25
2058 13887.3020987435 13887.3020987435 0.632947829146149 2.10474683406159 15.25
2059 13885.6935798906 13885.6935798906 0.632947829146149 2.10474683406159 15.25
2060 13884.0851796497 13884.0851796497 0.632947829146149 2.10474683406159 15.25
2061 13882.4768980613 13882.4768980613 0.632947829146149 2.10474683406159 15.25
2062 13880.8687351667 13880.8687351667 0.632947829146149 2.10474683406159 15.25
2063 13879.2606910071 13879.2606910071 0.632947829146149 2.10474683406159 15.25
2064 13877.6527656239 13877.6527656239 0.632947829146149 2.10474683406159 15.25
2065 13876.0449590582 13876.0449590582 0.632947829146149 2.10474683406159 15.25
2066 13874.4372713514 13874.4372713514 0.632947829146149 2.10474683406159 15.25
2067 13872.8297025449 13872.8297025449 0.632947829146149 2.10474683406159 15.25
2068 13871.2222526808 13871.2222526808 0.632947829146149 2.10474683406159 15.25
2069 13869.6149218023 13869.6149218023 0.632947829146149 2.10474683406159 15.25
2070 13868.0077099527 13868.0077099527 0.632947829146149 2.10474683406159 15.25
2071 13866.4006171682 13866.4006171682 0.632947829146149 2.10474683406159 15.25
2072 13864.7936434907 13864.7936434907 0.632947829146149 2.10474683406159 15.25
2073 13863.1867889624 13863.1867889624 0.632947829146149 2.10474683406159 15.25
2074 13861.5800536227 13861.5800536227 0.632947829146149 2.10474683406159 15.25
2075 13859.9734375151 13859.9734375151 0.632947829146149 2.10474683406159 15.25
2076 13858.3669406804 13858.3669406804 0.632947829146149 2.10474683406159 15.25
2077 13856.7605631599 13856.7605631599 0.632947829146149 2.10474683406159 15.25
2078 13855.1543049954 13855.1543049954 0.632947829146149 2.10474683406159 15.25
2079 13853.5481662282 13853.5481662282 0.632947829146149 2.10474683406159 15.25
2080 13851.9421468999 13851.9421468999 0.632947829146149 2.10474683406159 15.25
2081 13850.336247052 13850.336247052 0.632947829146149 2.10474683406159 15.25
2082 13848.7304667262 13848.7304667262 0.632947829146149 2.10474683406159 15.25
2083 13847.1248059705 13847.1248059705 0.632947829146149 2.10474683406159 15.25
2084 13845.5192648203 13845.5192648203 0.632947829146149 2.10474683406159 15.25
2085 13843.9138433181 13843.9138433181 0.632947829146149 2.10474683406159 15.25
2086 13842.3085415037 13842.3085415037 0.632947829146149 2.10474683406159 15.25
2087 13840.7033594194 13840.7033594194 0.632947829146149 2.10474683406159 15.25
2088 13839.0982971069 13839.0982971069 0.632947829146149 2.10474683406159 15.25
2089 13837.4933546077 13837.4933546077 0.632947829146149 2.10474683406159 15.25
2090 13835.8885319637 13835.8885319637 0.632947829146149 2.10474683406159 15.25
2091 13834.2838292066 13834.2838292066 0.632947829146149 2.10474683406159 15.25
2092 13832.6792463321 13832.6792463321 0.632947829146149 2.10474683406159 15.25
2093 13831.0747834379 13831.0747834379 0.632947829146149 2.10474683406159 15.25
2094 13829.4704405658 13829.4704405658 0.632947829146149 2.10474683406159 15.25
2095 13827.8662177575 13827.8662177575 0.632947829146149 2.10474683406159 15.25
2096 13826.2621150573 13826.2621150573 0.632947829146149 2.10474683406159 15.25
2097 13824.6581325086 13824.6581325086 0.632947829146149 2.10474683406159 15.25
2098 13823.0542701492 13823.0542701492 0.632947829146149 2.10474683406159 15.25
2099 13821.4505280217 13821.4505280217 0.632947829146149 2.10474683406159 15.25
2100 13819.8469061672 13819.8469061672 0.632947829146149 2.10474683406159 15.25
2101 13818.2434046275 13818.2434046275 0.632947829146149 2.10474683406159 15.25
2102 13816.6400234444 13816.6400234444 0.632947829146149 2.10474683406159 15.25
2103 13815.03676266 13815.03676266 0.632947829146149 2.10474683406159 15.25
2104 13813.4336223162 13813.4336223162 0.632947829146149 2.10474683406159 15.25
2105 13811.8306024548 13811.8306024548 0.632947829146149 2.10474683406159 15.25
2106 13810.2277031178 13810.2277031178 0.632947829146149 2.10474683406159 15.25
2107 13808.6249243472 13808.6249243472 0.632947829146149 2.10474683406159 15.25
2108 13807.0222661851 13807.0222661851 0.632947829146149 2.10474683406159 15.25
2109 13805.4197286733 13805.4197286733 0.632947829146149 2.10474683406159 15.25
2110 13803.8173118589 13803.8173118589 0.632947829146149 2.10474683406159 15.25
2111 13802.2150157805 13802.2150157805 0.632947829146149 2.10474683406159 15.25
2112 13800.6128404787 13800.6128404787 0.632947829146149 2.10474683406159 15.25
2113 13799.0107859955 13799.0107859955 0.632947829146149 2.10474683406159 15.25
2114 13797.4088523737 13797.4088523737 0.632947829146149 2.10474683406159 15.25
2115 13795.8070396547 13795.8070396547 0.632947829146149 2.10474683406159 15.25
2116 13794.2053478812 13794.2053478812 0.632947829146149 2.10474683406159 15.25
2117 13792.6037770935 13792.6037770935 0.632947829146149 2.10474683406159 15.25
2118 13791.0023273355 13791.0023273355 0.632947829146149 2.10474683406159 15.25
2119 13789.4009986489 13789.4009986489 0.632947829146149 2.10474683406159 15.25
2120 13787.7997910764 13787.7997910764 0.632947829146149 2.10474683406159 15.25
2121 13786.1987046584 13786.1987046584 0.632947829146149 2.10474683406159 15.25
2122 13784.597739439 13784.597739439 0.632947829146149 2.10474683406159 15.25
2123 13782.9968954605 13782.9968954605 0.632947829146149 2.10474683406159 15.25
2124 13781.3961727695 13781.3961727695 0.632947829146149 2.10474683406159 15.25
2125 13779.7955714046 13779.7955714046 0.632947829146149 2.10474683406159 15.25
2126 13778.1950914059 13778.1950914059 0.632947829146149 2.10474683406159 15.25
2127 13776.5947328165 13776.5947328165 0.632947829146149 2.10474683406159 15.25
2128 13774.9944956781 13774.9944956781 0.632947829146149 2.10474683406159 15.25
2129 13773.3943800357 13773.3943800357 0.632947829146149 2.10474683406159 15.25
2130 13771.7943859288 13771.7943859288 0.632947829146149 2.10474683406159 15.25
2131 13770.1945134007 13770.1945134007 0.632947829146149 2.10474683406159 15.25
2132 13768.5947624935 13768.5947624935 0.632947829146149 2.10474683406159 15.25
2133 13766.9951332497 13766.9951332497 0.632947829146149 2.10474683406159 15.25
2134 13765.3956257117 13765.3956257117 0.632947829146149 2.10474683406159 15.25
2135 13763.7962399187 13763.7962399187 0.632947829146149 2.10474683406159 15.25
2136 13762.1969758538 13762.1969758538 0.632947829146149 2.10474683406159 15.25
2137 13760.5978336253 13760.5978336253 0.632947829146149 2.10474683406159 15.25
2138 13758.9988132758 13758.9988132758 0.632947829146149 2.10474683406159 15.25
2139 13757.3999148443 13757.3999148443 0.632947829146149 2.10474683406159 15.25
2140 13755.8011383735 13755.8011383735 0.632947829146149 2.10474683406159 15.25
2141 13754.2024839066 13754.2024839066 0.632947829146149 2.10474683406159 15.25
2142 13752.603951484 13752.603951484 0.632947829146149 2.10474683406159 15.25
2143 13751.0055411504 13751.0055411504 0.632947829146149 2.10474683406159 15.25
2144 13749.4072529484 13749.4072529484 0.632947829146149 2.10474683406159 15.25
2145 13747.80908692 13747.80908692 0.632947829146149 2.10474683406159 15.25
2146 13746.2110431075 13746.2110431075 0.632947829146149 2.10474683406159 15.25
2147 13744.6131215538 13744.6131215538 0.632947829146149 2.10474683406159 15.25
2148 13743.0153223015 13743.0153223015 0.632947829146149 2.10474683406159 15.25
2149 13741.4176453931 13741.4176453931 0.632947829146149 2.10474683406159 15.25
2150 13739.8200908708 13739.8200908708 0.632947829146149 2.10474683406159 15.25
2151 13738.2226587849 13738.2226587849 0.632947829146149 2.10474683406159 15.25
2152 13736.6253491713 13736.6253491713 0.632947829146149 2.10474683406159 15.25
2153 13735.0281620724 13735.0281620724 0.632947829146149 2.10474683406159 15.25
2154 13733.4310975312 13733.4310975312 0.632947829146149 2.10474683406159 15.25
2155 13731.8341555902 13731.8341555902 0.632947829146149 2.10474683406159 15.25
2156 13730.2373362924 13730.2373362924 0.632947829146149 2.10474683406159 15.25
2157 13728.6406396805 13728.6406396805 0.632947829146149 2.10474683406159 15.25
2158 13727.0440657973 13727.0440657973 0.632947829146149 2.10474683406159 15.25
2159 13725.4476146864 13725.4476146864 0.632947829146149 2.10474683406159 15.25
2160 13723.85128639 13723.85128639 0.632947829146149 2.10474683406159 15.25
2161 13722.2550809507 13722.2550809507 0.632947829146149 2.10474683406159 15.25
2162 13720.6589984117 13720.6589984117 0.632947829146149 2.10474683406159 15.25
2163 13719.0630388156 13719.0630388156 0.632947829146149 2.10474683406159 15.25
2164 13717.4672022078 13717.4672022078 0.632947829146149 2.10474683406159 15.25
2165 13715.8714886323 13715.8714886323 0.632947829146149 2.10474683406159 15.25
2166 13714.2758981294 13714.2758981294 0.632947829146149 2.10474683406159 15.25
2167 13712.6804307412 13712.6804307412 0.632947829146149 2.10474683406159 15.25
2168 13711.0850865108 13711.0850865108 0.632947829146149 2.10474683406159 15.25
2169 13709.4898654811 13709.4898654811 0.632947829146149 2.10474683406159 15.25
2170 13707.8947676951 13707.8947676951 0.632947829146149 2.10474683406159 15.25
2171 13706.299793196 13706.299793196 0.632947829146149 2.10474683406159 15.25
2172 13704.7049420266 13704.7049420266 0.632947829146149 2.10474683406159 15.25
2173 13703.1102142308 13703.1102142308 0.632947829146149 2.10474683406159 15.25
2174 13701.5156098497 13701.5156098497 0.632947829146149 2.10474683406159 15.25
2175 13699.9211289291 13699.9211289291 0.632947829146149 2.10474683406159 15.25
2176 13698.3267715106 13698.3267715106 0.632947829146149 2.10474683406159 15.25
2177 13696.7325376375 13696.7325376375 0.632947829146149 2.10474683406159 15.25
2178 13695.1384273568 13695.1384273568 0.632947829146149 2.10474683406159 15.25
2179 13693.5444407102 13693.5444407102 0.632947829146149 2.10474683406159 15.25
2180 13691.9505776757 13691.9505776757 0.632947829146149 2.10474683406159 15.25
2181 13690.3568383559 13690.3568383559 0.632947829146149 2.10474683406159 15.25
2182 13688.7632227972 13688.7632227972 0.632947829146149 2.10474683406159 15.25
2183 13687.169731043 13687.169731043 0.632947829146149 2.10474683406159 15.25
2184 13685.5763631364 13685.5763631364 0.632947829146149 2.10474683406159 15.25
2185 13683.9831191201 13683.9831191201 0.632947829146149 2.10474683406159 15.25
2186 13682.3899990394 13682.3899990394 0.632947829146149 2.10474683406159 15.25
2187 13680.7970029354 13680.7970029354 0.632947829146149 2.10474683406159 15.25
2188 13679.204130853 13679.204130853 0.632947829146149 2.10474683406159 15.25
2189 13677.6113828334 13677.6113828334 0.632947829146149 2.10474683406159 15.25
2190 13676.0187589219 13676.0187589219 0.632947829146149 2.10474683406159 15.25
2191 13674.4262591621 13674.4262591621 0.632947829146149 2.10474683406159 15.25
2192 13672.833883603 13672.833883603 0.632947829146149 2.10474683406159 15.25
2193 13671.2416322815 13671.2416322815 0.632947829146149 2.10474683406159 15.25
2194 13669.6495052411 13669.6495052411 0.632947829146149 2.10474683406159 15.25
2195 13668.0575025251 13668.0575025251 0.632947829146149 2.10474683406159 15.25
2196 13666.4656241771 13666.4656241771 0.632947829146149 2.10474683406159 15.25
2197 13664.8738702404 13664.8738702404 0.632947829146149 2.10474683406159 15.25
2198 13663.282240758 13663.282240758 0.632947829146149 2.10474683406159 15.25
2199 13661.6907357752 13661.6907357752 0.632947829146149 2.10474683406159 15.25
2200 13660.0993553337 13660.0993553337 0.632947829146149 2.10474683406159 15.25
2201 13658.5080994776 13658.5080994776 0.632947829146149 2.10474683406159 15.25
2202 13656.9169682505 13656.9169682505 0.632947829146149 2.10474683406159 15.25
2203 13655.3259616959 13655.3259616959 0.632947829146149 2.10474683406159 15.25
2204 13653.7350798574 13653.7350798574 0.632947829146149 2.10474683406159 15.25
2205 13652.1443227818 13652.1443227818 0.632947829146149 2.10474683406159 15.25
2206 13650.5536905128 13650.5536905128 0.632947829146149 2.10474683406159 15.25
2207 13648.9631830908 13648.9631830908 0.632947829146149 2.10474683406159 15.25
2208 13647.3728005601 13647.3728005601 0.632947829146149 2.10474683406159 15.25
2209 13645.7825429638 13645.7825429638 0.632947829146149 2.10474683406159 15.25
2210 13644.1924103454 13644.1924103454 0.632947829146149 2.10474683406159 15.25
2211 13642.6024027493 13642.6024027493 0.632947829146149 2.10474683406159 15.25
2212 13641.0125202173 13641.0125202173 0.632947829146149 2.10474683406159 15.25
2213 13639.422762795 13639.422762795 0.632947829146149 2.10474683406159 15.25
2214 13637.8331305257 13637.8331305257 0.632947829146149 2.10474683406159 15.25
2215 13636.2436234529 13636.2436234529 0.632947829146149 2.10474683406159 15.25
2216 13634.6542416206 13634.6542416206 0.632947829146149 2.10474683406159 15.25
2217 13633.0649850726 13633.0649850726 0.632947829146149 2.10474683406159 15.25
2218 13631.4758538525 13631.4758538525 0.632947829146149 2.10474683406159 15.25
2219 13629.88684801 13629.88684801 0.632947829146149 2.10474683406159 15.25
2220 13628.297967584 13628.297967584 0.632947829146149 2.10474683406159 15.25
2221 13626.7092126169 13626.7092126169 0.632947829146149 2.10474683406159 15.25
2222 13625.1205831547 13625.1205831547 0.632947829146149 2.10474683406159 15.25
2223 13623.5320792392 13623.5320792392 0.632947829146149 2.10474683406159 15.25
2224 13621.9437008603 13621.9437008603 0.632947829146149 2.10474683406159 15.25
2225 13620.3554481067 13620.3554481067 0.632947829146149 2.10474683406159 15.25
2226 13618.767321031 13618.767321031 0.632947829146149 2.10474683406159 15.25
2227 13617.1793196792 13617.1793196792 0.632947829146149 2.10474683406159 15.25
2228 13615.5914440945 13615.5914440945 0.632947829146149 2.10474683406159 15.25
2229 13614.003694321 13614.003694321 0.632947829146149 2.10474683406159 15.25
2230 13612.4160704027 13612.4160704027 0.632947829146149 2.10474683406159 15.25
2231 13610.8285723843 13610.8285723843 0.632947829146149 2.10474683406159 15.25
2232 13609.2412003095 13609.2412003095 0.632947829146149 2.10474683406159 15.25
2233 13607.6539542275 13607.6539542275 0.632947829146149 2.10474683406159 15.25
2234 13606.066834177 13606.066834177 0.632947829146149 2.10474683406159 15.25
2235 13604.479840202 13604.479840202 0.632947829146149 2.10474683406159 15.25
2236 13602.8929723468 13602.8929723468 0.632947829146149 2.10474683406159 15.25
2237 13601.3062306561 13601.3062306561 0.632947829146149 2.10474683406159 15.25
2238 13599.719615172 13599.719615172 0.632947829146149 2.10474683406159 15.25
2239 13598.1331259408 13598.1331259408 0.632947829146149 2.10474683406159 15.25
2240 13596.5467630068 13596.5467630068 0.632947829146149 2.10474683406159 15.25
2241 13594.9605264134 13594.9605264134 0.632947829146149 2.10474683406159 15.25
2242 13593.3744162047 13593.3744162047 0.632947829146149 2.10474683406159 15.25
2243 13591.7884324252 13591.7884324252 0.632947829146149 2.10474683406159 15.25
2244 13590.202575119 13590.202575119 0.632947829146149 2.10474683406159 15.25
2245 13588.6168443304 13588.6168443304 0.632947829146149 2.10474683406159 15.25
2246 13587.0312401076 13587.0312401076 0.632947829146149 2.10474683406159 15.25
2247 13585.4457624935 13585.4457624935 0.632947829146149 2.10474683406159 15.25
2248 13583.8604115299 13583.8604115299 0.632947829146149 2.10474683406159 15.25
2249 13582.2751872613 13582.2751872613 0.632947829146149 2.10474683406159 15.25
2250 13580.6900897319 13580.6900897319 0.632947829146149 2.10474683406159 15.25
2251 13579.1051189861 13579.1051189861 0.632947829146149 2.10474683406159 15.25
2252 13577.5202750684 13577.5202750684 0.632947829146149 2.10474683406159 15.25
2253 13575.9355580231 13575.9355580231 0.632947829146149 2.10474683406159 15.25
2254 13574.3509678948 13574.3509678948 0.632947829146149 2.10474683406159 15.25
2255 13572.7665047278 13572.7665047278 0.632947829146149 2.10474683406159 15.25
2256 13571.1821685666 13571.1821685666 0.632947829146149 2.10474683406159 15.25
2257 13569.5979594566 13569.5979594566 0.632947829146149 2.10474683406159 15.25
2258 13568.0138774413 13568.0138774413 0.632947829146149 2.10474683406159 15.25
2259 13566.4299225654 13566.4299225654 0.632947829146149 2.10474683406159 15.25
2260 13564.846094879 13564.846094879 0.632947829146149 2.10474683406159 15.25
2261 13563.2623944224 13563.2623944224 0.632947829146149 2.10474683406159 15.25
2262 13561.6788212381 13561.6788212381 0.632947829146149 2.10474683406159 15.25
2263 13560.0953753714 13560.0953753714 0.632947829146149 2.10474683406159 15.25
2264 13558.5120568669 13558.5120568669 0.632947829146149 2.10474683406159 15.25
2265 13556.9288657692 13556.9288657692 0.632947829146149 2.10474683406159 15.25
2266 13555.3458021223 13555.3458021223 0.632947829146149 2.10474683406159 15.25
2267 13553.7628659729 13553.7628659729 0.632947829146149 2.10474683406159 15.25
2268 13552.1800573146 13552.1800573146 0.632947829146149 2.10474683406159 15.25
2269 13550.5973762245 13550.5973762245 0.632947829146149 2.10474683406159 15.25
2270 13549.0148227647 13549.0148227647 0.632947829146149 2.10474683406159 15.25
2271 13547.4323969791 13547.4323969791 0.632947829146149 2.10474683406159 15.25
2272 13545.8500989145 13545.8500989145 0.632947829146149 2.10474683406159 15.25
2273 13544.2679286168 13544.2679286168 0.632947829146149 2.10474683406159 15.25
2274 13542.6858861322 13542.6858861322 0.632947829146149 2.10474683406159 15.25
2275 13541.1039715017 13541.1039715017 0.632947829146149 2.10474683406159 15.25
2276 13539.52218477 13539.52218477 0.632947829146149 2.10474683406159 15.25
2277 13537.940525982 13537.940525982 0.632947829146149 2.10474683406159 15.25
2278 13536.3589951824 13536.3589951824 0.632947829146149 2.10474683406159 15.25
2279 13534.7775924162 13534.7775924162 0.632947829146149 2.10474683406159 15.25
2280 13533.1963177282 13533.1963177282 0.632947829146149 2.10474683406159 15.25
2281 13531.6151711634 13531.6151711634 0.632947829146149 2.10474683406159 15.25
2282 13530.0341527667 13530.0341527667 0.632947829146149 2.10474683406159 15.25
2283 13528.4532625829 13528.4532625829 0.632947829146149 2.10474683406159 15.25
2284 13526.8725006572 13526.8725006572 0.632947829146149 2.10474683406159 15.25
2285 13525.2918670349 13525.2918670349 0.632947829146149 2.10474683406159 15.25
2286 13523.7113617593 13523.7113617593 0.632947829146149 2.10474683406159 15.25
2287 13522.1309848828 13522.1309848828 0.632947829146149 2.10474683406159 15.25
2288 13520.5507364444 13520.5507364444 0.632947829146149 2.10474683406159 15.25
2289 13518.9706164902 13518.9706164902 0.632947829146149 2.10474683406159 15.25
2290 13517.3906250634 13517.3906250634 0.632947829146149 2.10474683406159 15.25
2291 13515.8107622106 13515.8107622106 0.632947829146149 2.10474683406159 15.25
2292 13514.2310279759 13514.2310279759 0.632947829146149 2.10474683406159 15.25
2293 13512.6514224045 13512.6514224045 0.632947829146149 2.10474683406159 15.25
2294 13511.0719455416 13511.0719455416 0.632947829146149 2.10474683406159 15.25
2295 13509.4925974322 13509.4925974322 0.632947829146149 2.10474683406159 15.25
2296 13507.9133781216 13507.9133781216 0.632947829146149 2.10474683406159 15.25
2297 13506.334287655 13506.334287655 0.632947829146149 2.10474683406159 15.25
2298 13504.7553260774 13504.7553260774 0.632947829146149 2.10474683406159 15.25
2299 13503.1764934342 13503.1764934342 0.632947829146149 2.10474683406159 15.25
2300 13501.5977897721 13501.5977897721 0.632947829146149 2.10474683406159 15.25
2301 13500.0192151395 13500.0192151395 0.632947829146149 2.10474683406159 15.25
2302 13498.4407695764 13498.4407695764 0.632947829146149 2.10474683406159 15.25
2303 13496.8624531299 13496.8624531299 0.632947829146149 2.10474683406159 15.25
2304 13495.2842658435 13495.2842658435 0.632947829146149 2.10474683406159 15.25
2305 13493.706207763 13493.706207763 0.632947829146149 2.10474683406159 15.25
2306 13492.1282789339 13492.1282789339 0.632947829146149 2.10474683406159 15.25
2307 13490.5504794014 13490.5504794014 0.632947829146149 2.10474683406159 15.25
2308 13488.9728092118 13488.9728092118 0.632947829146149 2.10474683406159 15.25
2309 13487.3952684096 13487.3952684096 0.632947829146149 2.10474683406159 15.25
2310 13485.8178570402 13485.8178570402 0.632947829146149 2.10474683406159 15.25
2311 13484.2405751491 13484.2405751491 0.632947829146149 2.10474683406159 15.25
2312 13482.6634227406 13482.6634227406 0.632947829146149 2.10474683406159 15.25
2313 13481.0863998754 13481.0863998754 0.632947829146149 2.10474683406159 15.25
2314 13479.5095066294 13479.5095066294 0.632947829146149 2.10474683406159 15.25
2315 13477.9327430459 13477.9327430459 0.632947829146149 2.10474683406159 15.25
2316 13476.356109168 13476.356109168 0.632947829146149 2.10474683406159 15.25
2317 13474.7796050413 13474.7796050413 0.632947829146149 2.10474683406159 15.25
2318 13473.2032307113 13473.2032307113 0.632947829146149 2.10474683406159 15.25
2319 13471.6269862236 13471.6269862236 0.632947829146149 2.10474683406159 15.25
2320 13470.0508716245 13470.0508716245 0.632947829146149 2.10474683406159 15.25
2321 13468.4748869574 13468.4748869574 0.632947829146149 2.10474683406159 15.25
2322 13466.8990322701 13466.8990322701 0.632947829146149 2.10474683406159 15.25
2323 13465.3233076076 13465.3233076076 0.632947829146149 2.10474683406159 15.25
2324 13463.7477130154 13463.7477130154 0.632947829146149 2.10474683406159 15.25
2325 13462.1722485392 13462.1722485392 0.632947829146149 2.10474683406159 15.25
2326 13460.5969142255 13460.5969142255 0.632947829146149 2.10474683406159 15.25
2327 13459.0217101193 13459.0217101193 0.632947829146149 2.10474683406159 15.25
2328 13457.4466362718 13457.4466362718 0.632947829146149 2.10474683406159 15.25
2329 13455.8716927245 13455.8716927245 0.632947829146149 2.10474683406159 15.25
2330 13454.2968795212 13454.2968795212 0.632947829146149 2.10474683406159 15.25
2331 13452.7221967083 13452.7221967083 0.632947829146149 2.10474683406159 15.25
2332 13451.1476443317 13451.1476443317 0.632947829146149 2.10474683406159 15.25
2333 13449.5732224371 13449.5732224371 0.632947829146149 2.10474683406159 15.25
2334 13447.9989310703 13447.9989310703 0.632947829146149 2.10474683406159 15.25
2335 13446.4247702772 13446.4247702772 0.632947829146149 2.10474683406159 15.25
2336 13444.8507401037 13444.8507401037 0.632947829146149 2.10474683406159 15.25
2337 13443.2768405963 13443.2768405963 0.632947829146149 2.10474683406159 15.25
2338 13441.703071799 13441.703071799 0.632947829146149 2.10474683406159 15.25
2339 13440.1294337596 13440.1294337596 0.632947829146149 2.10474683406159 15.25
2340 13438.5559265233 13438.5559265233 0.632947829146149 2.10474683406159 15.25
2341 13436.9825501394 13436.9825501394 0.632947829146149 2.10474683406159 15.25
2342 13435.4093046536 13435.4093046536 0.632947829146149 2.10474683406159 15.25
2343 13433.836190109 13433.836190109 0.632947829146149 2.10474683406159 15.25
2344 13432.2632065523 13432.2632065523 0.632947829146149 2.10474683406159 15.25
2345 13430.6903540293 13430.6903540293 0.632947829146149 2.10474683406159 15.25
2346 13429.1176325842 13429.1176325842 0.632947829146149 2.10474683406159 15.25
2347 13427.5450422651 13427.5450422651 0.632947829146149 2.10474683406159 15.25
2348 13425.9725831172 13425.9725831172 0.632947829146149 2.10474683406159 15.25
2349 13424.4002551867 13424.4002551867 0.632947829146149 2.10474683406159 15.25
2350 13422.8280585198 13422.8280585198 0.632947829146149 2.10474683406159 15.25
2351 13421.2559931625 13421.2559931625 0.632947829146149 2.10474683406159 15.25
2352 13419.684059161 13419.684059161 0.632947829146149 2.10474683406159 15.25
2353 13418.1122565608 13418.1122565608 0.632947829146149 2.10474683406159 15.25
2354 13416.5405854101 13416.5405854101 0.632947829146149 2.10474683406159 15.25
2355 13414.9690457584 13414.9690457584 0.632947829146149 2.10474683406159 15.25
2356 13413.397637613 13413.397637613 0.632947829146149 2.10474683406159 15.25
2357 13411.826361023 13411.826361023 0.632947829146149 2.10474683406159 15.25
2358 13410.2552160662 13410.2552160662 0.632947829146149 2.10474683406159 15.25
2359 13408.6842027886 13408.6842027886 0.632947829146149 2.10474683406159 15.25
2360 13407.1133212367 13407.1133212367 0.632947829146149 2.10474683406159 15.25
2361 13405.5425714567 13405.5425714567 0.632947829146149 2.10474683406159 15.25
2362 13403.9719534957 13403.9719534957 0.632947829146149 2.10474683406159 15.25
2363 13402.4014673992 13402.4014673992 0.632947829146149 2.10474683406159 15.25
2364 13400.8311132138 13400.8311132138 0.632947829146149 2.10474683406159 15.25
2365 13399.2608909856 13399.2608909856 0.632947829146149 2.10474683406159 15.25
2366 13397.6908007612 13397.6908007612 0.632947829146149 2.10474683406159 15.25
2367 13396.1208425869 13396.1208425869 0.632947829146149 2.10474683406159 15.25
2368 13394.5510165114 13394.5510165114 0.632947829146149 2.10474683406159 15.25
2369 13392.9813225822 13392.9813225822 0.632947829146149 2.10474683406159 15.25
2370 13391.4117608432 13391.4117608432 0.632947829146149 2.10474683406159 15.25
2371 13389.8423313401 13389.8423313401 0.632947829146149 2.10474683406159 15.25
2372 13388.2730341195 13388.2730341195 0.632947829146149 2.10474683406159 15.25
2373 13386.7038692286 13386.7038692286 0.632947829146149 2.10474683406159 15.25
2374 13385.1348367118 13385.1348367118 0.632947829146149 2.10474683406159 15.25
2375 13383.5659366179 13383.5659366179 0.632947829146149 2.10474683406159 15.25
2376 13381.9971689926 13381.9971689926 0.632947829146149 2.10474683406159 15.25
2377 13380.4285338825 13380.4285338825 0.632947829146149 2.10474683406159 15.25
2378 13378.8600313337 13378.8600313337 0.632947829146149 2.10474683406159 15.25
2379 13377.2916613947 13377.2916613947 0.632947829146149 2.10474683406159 15.25
2380 13375.723424111 13375.723424111 0.632947829146149 2.10474683406159 15.25
2381 13374.1553195291 13374.1553195291 0.632947829146149 2.10474683406159 15.25
2382 13372.5873476995 13372.5873476995 0.632947829146149 2.10474683406159 15.25
2383 13371.0195086667 13371.0195086667 0.632947829146149 2.10474683406159 15.25
2384 13369.4518024772 13369.4518024772 0.632947829146149 2.10474683406159 15.25
2385 13367.8842291757 13367.8842291757 0.632947829146149 2.10474683406159 15.25
2386 13366.3167888096 13366.3167888096 0.632947829146149 2.10474683406159 15.25
2387 13364.7494814257 13364.7494814257 0.632947829146149 2.10474683406159 15.25
2388 13363.1823070701 13363.1823070701 0.632947829146149 2.10474683406159 15.25
2389 13361.6152657916 13361.6152657916 0.632947829146149 2.10474683406159 15.25
2390 13360.048357635 13360.048357635 0.632947829146149 2.10474683406159 15.25
2391 13358.4815826479 13358.4815826479 0.632947829146149 2.10474683406159 15.25
2392 13356.9149408772 13356.9149408772 0.632947829146149 2.10474683406159 15.25
2393 13355.3484323696 13355.3484323696 0.632947829146149 2.10474683406159 15.25
2394 13353.7820571721 13353.7820571721 0.632947829146149 2.10474683406159 15.25
2395 13352.2158153323 13352.2158153323 0.632947829146149 2.10474683406159 15.25
2396 13350.6497069019 13350.6497069019 0.632947829146149 2.10474683406159 15.25
2397 13349.0837319224 13349.0837319224 0.632947829146149 2.10474683406159 15.25
2398 13347.5178904407 13347.5178904407 0.632947829146149 2.10474683406159 15.25
2399 13345.9521825039 13345.9521825039 0.632947829146149 2.10474683406159 15.25
2400 13344.3866081312 13344.3866081312 0.632947829146149 2.10474683406159 15.25
2401 13342.8211673594 13342.8211673594 0.632947829146149 2.10474683406159 15.25
2402 13341.2558602735 13341.2558602735 0.632947829146149 2.10474683406159 15.25
2403 13339.6906869206 13339.6906869206 0.632947829146149 2.10474683406159 15.25
2404 13338.1256473477 13338.1256473477 0.632947829146149 2.10474683406159 15.25
2405 13336.5607416014 13336.5607416014 0.632947829146149 2.10474683406159 15.25
2406 13334.9959697314 13334.9959697314 0.632947829146149 2.10474683406159 15.25
2407 13333.4313317807 13333.4313317807 0.632947829146149 2.10474683406159 15.25
2408 13331.8668277993 13331.8668277993 0.632947829146149 2.10474683406159 15.25
2409 13330.3024578367 13330.3024578367 0.632947829146149 2.10474683406159 15.25
2410 13328.73822194 13328.73822194 0.632947829146149 2.10474683406159 15.25
2411 13327.1741201535 13327.1741201535 0.632947829146149 2.10474683406159 15.25
2412 13325.6101525243 13325.6101525243 0.632947829146149 2.10474683406159 15.25
2413 13324.0463190997 13324.0463190997 0.632947829146149 2.10474683406159 15.25
2414 13322.482619927 13322.482619927 0.632947829146149 2.10474683406159 15.25
2415 13320.9190550534 13320.9190550534 0.632947829146149 2.10474683406159 15.25
2416 13319.3556245262 13319.3556245262 0.632947829146149 2.10474683406159 15.25
2417 13317.7923283927 13317.7923283927 0.632947829146149 2.10474683406159 15.25
2418 13316.2291667011 13316.2291667011 0.632947829146149 2.10474683406159 15.25
2419 13314.6661394973 13314.6661394973 0.632947829146149 2.10474683406159 15.25
2420 13313.1032468312 13313.1032468312 0.632947829146149 2.10474683406159 15.25
2421 13311.5404887464 13311.5404887464 0.632947829146149 2.10474683406159 15.25
2422 13309.9778652927 13309.9778652927 0.632947829146149 2.10474683406159 15.25
2423 13308.4153765224 13308.4153765224 0.632947829146149 2.10474683406159 15.25
2424 13306.8530224783 13306.8530224783 0.632947829146149 2.10474683406159 15.25
2425 13305.2908032072 13305.2908032072 0.632947829146149 2.10474683406159 15.25
2426 13303.7287187564 13303.7287187564 0.632947829146149 2.10474683406159 15.25
2427 13302.1667691734 13302.1667691734 0.632947829146149 2.10474683406159 15.25
2428 13300.6049545059 13300.6049545059 0.632947829146149 2.10474683406159 15.25
2429 13299.0432748013 13299.0432748013 0.632947829146149 2.10474683406159 15.25
2430 13297.4817301072 13297.4817301072 0.632947829146149 2.10474683406159 15.25
2431 13295.9203204712 13295.9203204712 0.632947829146149 2.10474683406159 15.25
2432 13294.3590459408 13294.3590459408 0.632947829146149 2.10474683406159 15.25
2433 13292.7979065629 13292.7979065629 0.632947829146149 2.10474683406159 15.25
2434 13291.236902388 13291.236902388 0.632947829146149 2.10474683406159 15.25
2435 13289.6760334595 13289.6760334595 0.632947829146149 2.10474683406159 15.25
2436 13288.1152998302 13288.1152998302 0.632947829146149 2.10474683406159 15.25
2437 13286.5547015484 13286.5547015484 0.632947829146149 2.10474683406159 15.25
2438 13284.994238659 13284.994238659 0.632947829146149 2.10474683406159 15.25
2439 13283.4339112088 13283.4339112088 0.632947829146149 2.10474683406159 15.25
2440 13281.8737192457 13281.8737192457 0.632947829146149 2.10474683406159 15.25
2441 13280.3136628173 13280.3136628173 0.632947829146149 2.10474683406159 15.25
2442 13278.7537419713 13278.7537419713 0.632947829146149 2.10474683406159 15.25
2443 13277.1939567557 13277.1939567557 0.632947829146149 2.10474683406159 15.25
2444 13275.6343071969 13275.6343071969 0.632947829146149 2.10474683406159 15.25
2445 13274.0747933187 13274.0747933187 0.632947829146149 2.10474683406159 15.25
2446 13272.5154152143 13272.5154152143 0.632947829146149 2.10474683406159 15.25
2447 13270.9561729315 13270.9561729315 0.632947829146149 2.10474683406159 15.25
2448 13269.3970665182 13269.3970665182 0.632947829146149 2.10474683406159 15.25
2449 13267.8380960224 13267.8380960224 0.632947829146149 2.10474683406159 15.25
2450 13266.2792614964 13266.2792614964 0.632947829146149 2.10474683406159 15.25
2451 13264.7205629851 13264.7205629851 0.632947829146149 2.10474683406159 15.25
2452 13263.1620005351 13263.1620005351 0.632947829146149 2.10474683406159 15.25
2453 13261.6035741936 13261.6035741936 0.632947829146149 2.10474683406159 15.25
2454 13260.0452840106 13260.0452840106 0.632947829146149 2.10474683406159 15.25
2455 13258.4871300322 13258.4871300322 0.632947829146149 2.10474683406159 15.25
2456 13256.9291123069 13256.9291123069 0.632947829146149 2.10474683406159 15.25
2457 13255.3712308829 13255.3712308829 0.632947829146149 2.10474683406159 15.25
2458 13253.813485809 13253.813485809 0.632947829146149 2.10474683406159 15.25
2459 13252.2558771325 13252.2558771325 0.632947829146149 2.10474683406159 15.25
2460 13250.6984049015 13250.6984049015 0.632947829146149 2.10474683406159 15.25
2461 13249.1410691641 13249.1410691641 0.632947829146149 2.10474683406159 15.25
2462 13247.5838699684 13247.5838699684 0.632947829146149 2.10474683406159 15.25
2463 13246.0268073635 13246.0268073635 0.632947829146149 2.10474683406159 15.25
2464 13244.4698814025 13244.4698814025 0.632947829146149 2.10474683406159 15.25
2465 13242.9130921265 13242.9130921265 0.632947829146149 2.10474683406159 15.25
2466 13241.3564395856 13241.3564395856 0.632947829146149 2.10474683406159 15.25
2467 13239.7999238275 13239.7999238275 0.632947829146149 2.10474683406159 15.25
2468 13238.2435449003 13238.2435449003 0.632947829146149 2.10474683406159 15.25
2469 13236.6873028524 13236.6873028524 0.632947829146149 2.10474683406159 15.25
2470 13235.131197732 13235.131197732 0.632947829146149 2.10474683406159 15.25
2471 13233.5752295874 13233.5752295874 0.632947829146149 2.10474683406159 15.25
2472 13232.0193984669 13232.0193984669 0.632947829146149 2.10474683406159 15.25
2473 13230.4637044189 13230.4637044189 0.632947829146149 2.10474683406159 15.25
2474 13228.9081474918 13228.9081474918 0.632947829146149 2.10474683406159 15.25
2475 13227.3527277346 13227.3527277346 0.632947829146149 2.10474683406159 15.25
2476 13225.7974451936 13225.7974451936 0.632947829146149 2.10474683406159 15.25
2477 13224.2422999231 13224.2422999231 0.632947829146149 2.10474683406159 15.25
2478 13222.68729197 13222.68729197 0.632947829146149 2.10474683406159 15.25
2479 13221.1324213798 13221.1324213798 0.632947829146149 2.10474683406159 15.25
2480 13219.577688201 13219.577688201 0.632947829146149 2.10474683406159 15.25
2481 13218.0230924821 13218.0230924821 0.632947829146149 2.10474683406159 15.25
2482 13216.4686342715 13216.4686342715 0.632947829146149 2.10474683406159 15.25
2483 13214.9143136179 13214.9143136179 0.632947829146149 2.10474683406159 15.25
2484 13213.3601305697 13213.3601305697 0.632947829146149 2.10474683406159 15.25
2485 13211.8060851754 13211.8060851754 0.632947829146149 2.10474683406159 15.25
2486 13210.2521774845 13210.2521774845 0.632947829146149 2.10474683406159 15.25
2487 13208.6984075434 13208.6984075434 0.632947829146149 2.10474683406159 15.25
2488 13207.1447753881 13207.1447753881 0.632947829146149 2.10474683406159 15.25
2489 13205.5912810291 13205.5912810291 0.632947829146149 2.10474683406159 15.25
2490 13204.0379245673 13204.0379245673 0.632947829146149 2.10474683406159 15.25
2491 13202.4847060571 13202.4847060571 0.632947829146149 2.10474683406159 15.25
2492 13200.9316255415 13200.9316255415 0.632947829146149 2.10474683406159 15.25
2493 13199.3786830689 13199.3786830689 0.632947829146149 2.10474683406159 15.25
2494 13197.8258786883 13197.8258786883 0.632947829146149 2.10474683406159 15.25
2495 13196.2732124483 13196.2732124483 0.632947829146149 2.10474683406159 15.25
2496 13194.7206843977 13194.7206843977 0.632947829146149 2.10474683406159 15.25
2497 13193.1682945854 13193.1682945854 0.632947829146149 2.10474683406159 15.25
2498 13191.6160430607 13191.6160430607 0.632947829146149 2.10474683406159 15.25
2499 13190.0639298719 13190.0639298719 0.632947829146149 2.10474683406159 15.25
2500 13188.5119550677 13188.5119550677 0.632947829146149 2.10474683406159 15.25
2501 13186.9601186971 13186.9601186971 0.632947829146149 2.10474683406159 15.25
2502 13185.4084208088 13185.4084208088 0.632947829146149 2.10474683406159 15.25
2503 13183.8568614518 13183.8568614518 0.632947829146149 2.10474683406159 15.25
2504 13182.3054406773 13182.3054406773 0.632947829146149 2.10474683406159 15.25
2505 13180.7541585356 13180.7541585356 0.632947829146149 2.10474683406159 15.25
2506 13179.203015072 13179.203015072 0.632947829146149 2.10474683406159 15.25
2507 13177.6520103355 13177.6520103355 0.632947829146149 2.10474683406159 15.25
2508 13176.101144375 13176.101144375 0.632947829146149 2.10474683406159 15.25
2509 13174.5504172396 13174.5504172396 0.632947829146149 2.10474683406159 15.25
2510 13172.9998289783 13172.9998289783 0.632947829146149 2.10474683406159 15.25
2511 13171.4493796402 13171.4493796402 0.632947829146149 2.10474683406159 15.25
2512 13169.8990692735 13169.8990692735 0.632947829146149 2.10474683406159 15.25
2513 13168.3488979289 13168.3488979289 0.632947829146149 2.10474683406159 15.25
2514 13166.7988656546 13166.7988656546 0.632947829146149 2.10474683406159 15.25
2515 13165.2489725011 13165.2489725011 0.632947829146149 2.10474683406159 15.25
2516 13163.699218515 13163.699218515 0.632947829146149 2.10474683406159 15.25
2517 13162.149603746 13162.149603746 0.632947829146149 2.10474683406159 15.25
2518 13160.6001282499 13160.6001282499 0.632947829146149 2.10474683406159 15.25
2519 13159.0507920706 13159.0507920706 0.632947829146149 2.10474683406159 15.25
2520 13157.5015952575 13157.5015952575 0.632947829146149 2.10474683406159 15.25
2521 13155.952537859 13155.952537859 0.632947829146149 2.10474683406159 15.25
2522 13154.4036199244 13154.4036199244 0.632947829146149 2.10474683406159 15.25
2523 13152.854841503 13152.854841503 0.632947829146149 2.10474683406159 15.25
2524 13151.306202644 13151.306202644 0.632947829146149 2.10474683406159 15.25
2525 13149.7577033968 13149.7577033968 0.632947829146149 2.10474683406159 15.25
2526 13148.2093438106 13148.2093438106 0.632947829146149 2.10474683406159 15.25
2527 13146.6611239348 13146.6611239348 0.632947829146149 2.10474683406159 15.25
2528 13145.1130438189 13145.1130438189 0.632947829146149 2.10474683406159 15.25
2529 13143.5651035121 13143.5651035121 0.632947829146149 2.10474683406159 15.25
2530 13142.0173030639 13142.0173030639 0.632947829146149 2.10474683406159 15.25
2531 13140.4696425252 13140.4696425252 0.632947829146149 2.10474683406159 15.25
2532 13138.9221219409 13138.9221219409 0.632947829146149 2.10474683406159 15.25
2533 13137.3747413048 13137.3747413048 0.632947829146149 2.10474683406159 15.25
2534 13135.8275007237 13135.8275007237 0.632947829146149 2.10474683406159 15.25
2535 13134.2804002497 13134.2804002497 0.632947829146149 2.10474683406159 15.25
2536 13132.7334399299 13132.7334399299 0.632947829146149 2.10474683406159 15.25
2537 13131.1866198162 13131.1866198162 0.632947829146149 2.10474683406159 15.25
2538 13129.6399399557 13129.6399399557 0.632947829146149 2.10474683406159 15.25
2539 13128.0934004006 13128.0934004006 0.632947829146149 2.10474683406159 15.25
2540 13126.5470011978 13126.5470011978 0.632947829146149 2.10474683406159 15.25
2541 13125.0007424003 13125.0007424003 0.632947829146149 2.10474683406159 15.25
2542 13123.4546240543 13123.4546240543 0.632947829146149 2.10474683406159 15.25
2543 13121.9086462122 13121.9086462122 0.632947829146149 2.10474683406159 15.25
2544 13120.3628089209 13120.3628089209 0.632947829146149 2.10474683406159 15.25
2545 13118.8171122352 13118.8171122352 0.632947829146149 2.10474683406159 15.25
2546 13117.2715562046 13117.2715562046 0.632947829146149 2.10474683406159 15.25
2547 13115.7261408739 13115.7261408739 0.632947829146149 2.10474683406159 15.25
2548 13114.1808662956 13114.1808662956 0.632947829146149 2.10474683406159 15.25
2549 13112.6357325167 13112.6357325167 0.632947829146149 2.10474683406159 15.25
2550 13111.0907395898 13111.0907395898 0.632947829146149 2.10474683406159 15.25
2551 13109.5458875619 13109.5458875619 0.632947829146149 2.10474683406159 15.25
2552 13108.0011764856 13108.0011764856 0.632947829146149 2.10474683406159 15.25
2553 13106.4566064079 13106.4566064079 0.632947829146149 2.10474683406159 15.25
2554 13104.9121773815 13104.9121773815 0.632947829146149 2.10474683406159 15.25
2555 13103.3678894535 13103.3678894535 0.632947829146149 2.10474683406159 15.25
2556 13101.8237426765 13101.8237426765 0.632947829146149 2.10474683406159 15.25
2557 13100.2797370977 13100.2797370977 0.632947829146149 2.10474683406159 15.25
2558 13098.7358727705 13098.7358727705 0.632947829146149 2.10474683406159 15.25
2559 13097.1921497465 13097.1921497465 0.632947829146149 2.10474683406159 15.25
2560 13095.6485680733 13095.6485680733 0.632947829146149 2.10474683406159 15.25
2561 13094.1051277981 13094.1051277981 0.632947829146149 2.10474683406159 15.25
2562 13092.5618289737 13092.5618289737 0.632947829146149 2.10474683406159 15.25
2563 13091.0186716488 13091.0186716488 0.632947829146149 2.10474683406159 15.25
2564 13089.4756558733 13089.4756558733 0.632947829146149 2.10474683406159 15.25
2565 13087.9327816975 13087.9327816975 0.632947829146149 2.10474683406159 15.25
2566 13086.3900491712 13086.3900491712 0.632947829146149 2.10474683406159 15.25
2567 13084.8474583447 13084.8474583447 0.632947829146149 2.10474683406159 15.25
2568 13083.3050092681 13083.3050092681 0.632947829146149 2.10474683406159 15.25
2569 13081.7627019914 13081.7627019914 0.632947829146149 2.10474683406159 15.25
2570 13080.2205365649 13080.2205365649 0.632947829146149 2.10474683406159 15.25
2571 13078.6785130388 13078.6785130388 0.632947829146149 2.10474683406159 15.25
2572 13077.1366314661 13077.1366314661 0.632947829146149 2.10474683406159 15.25
2573 13075.594891897 13075.594891897 0.632947829146149 2.10474683406159 15.25
2574 13074.0532943789 13074.0532943789 0.632947829146149 2.10474683406159 15.25
2575 13072.5118389621 13072.5118389621 0.632947829146149 2.10474683406159 15.25
2576 13070.9705256961 13070.9705256961 0.632947829146149 2.10474683406159 15.25
2577 13069.4293545656 13069.4293545656 0.632947829146149 2.10474683406159 15.25
2578 13067.8883256873 13067.8883256873 0.632947829146149 2.10474683406159 15.25
2579 13066.3474391114 13066.3474391114 0.632947829146149 2.10474683406159 15.25
2580 13064.8066948883 13064.8066948883 0.632947829146149 2.10474683406159 15.25
2581 13063.2660930684 13063.2660930684 0.632947829146149 2.10474683406159 15.25
2582 13061.725633702 13061.725633702 0.632947829146149 2.10474683406159 15.25
2583 13060.1853168396 13060.1853168396 0.632947829146149 2.10474683406159 15.25
2584 13058.6451425323 13058.6451425323 0.632947829146149 2.10474683406159 15.25
2585 13057.1051108299 13057.1051108299 0.632947829146149 2.10474683406159 15.25
2586 13055.5652217878 13055.5652217878 0.632947829146149 2.10474683406159 15.25
2587 13054.0254754522 13054.0254754522 0.632947829146149 2.10474683406159 15.25
2588 13052.4858718728 13052.4858718728 0.632947829146149 2.10474683406159 15.25
2589 13050.9464111003 13050.9464111003 0.632947829146149 2.10474683406159 15.25
2590 13049.4070931852 13049.4070931852 0.632947829146149 2.10474683406159 15.25
2591 13047.8679181779 13047.8679181779 0.632947829146149 2.10474683406159 15.25
2592 13046.3288861292 13046.3288861292 0.632947829146149 2.10474683406159 15.25
2593 13044.7899970902 13044.7899970902 0.632947829146149 2.10474683406159 15.25
2594 13043.2512511102 13043.2512511102 0.632947829146149 2.10474683406159 15.25
2595 13041.7126482393 13041.7126482393 0.632947829146149 2.10474683406159 15.25
2596 13040.1741885306 13040.1741885306 0.632947829146149 2.10474683406159 15.25
2597 13038.6358720344 13038.6358720344 0.632947829146149 2.10474683406159 15.25
2598 13037.0976987998 13037.0976987998 0.632947829146149 2.10474683406159 15.25
2599 13035.5596688805 13035.5596688805 0.632947829146149 2.10474683406159 15.25
2600 13034.0217823286 13034.0217823286 0.632947829146149 2.10474683406159 15.25
2601 13032.4840391913 13032.4840391913 0.632947829146149 2.10474683406159 15.25
2602 13030.9464395193 13030.9464395193 0.632947829146149 2.10474683406159 15.25
2603 13029.4089833634 13029.4089833634 0.632947829146149 2.10474683406159 15.25
2604 13027.8716707745 13027.8716707745 0.632947829146149 2.10474683406159 15.25
2605 13026.3345018034 13026.3345018034 0.632947829146149 2.10474683406159 15.25
2606 13024.7974765009 13024.7974765009 0.632947829146149 2.10474683406159 15.25
2607 13023.2605949179 13023.2605949179 0.632947829146149 2.10474683406159 15.25
2608 13021.7238571059 13021.7238571059 0.632947829146149 2.10474683406159 15.25
2609 13020.1872631153 13020.1872631153 0.632947829146149 2.10474683406159 15.25
2610 13018.6508129969 13018.6508129969 0.632947829146149 2.10474683406159 15.25
2611 13017.1145068016 13017.1145068016 0.632947829146149 2.10474683406159 15.25
2612 13015.5783445804 13015.5783445804 0.632947829146149 2.10474683406159 15.25
2613 13014.0423263887 13014.0423263887 0.632947829146149 2.10474683406159 15.25
2614 13012.5064522745 13012.5064522745 0.632947829146149 2.10474683406159 15.25
2615 13010.9707222874 13010.9707222874 0.632947829146149 2.10474683406159 15.25
2616 13009.4351364785 13009.4351364785 0.632947829146149 2.10474683406159 15.25
2617 13007.8996948988 13007.8996948988 0.632947829146149 2.10474683406159 15.25
2618 13006.3643975994 13006.3643975994 0.632947829146149 2.10474683406159 15.25
2619 13004.8292446314 13004.8292446314 0.632947829146149 2.10474683406159 15.25
2620 13003.294236046 13003.294236046 0.632947829146149 2.10474683406159 15.25
2621 13001.7593718338 13001.7593718338 0.632947829146149 2.10474683406159 15.25
2622 13000.2246520998 13000.2246520998 0.632947829146149 2.10474683406159 15.25
2623 12998.6900769018 12998.6900769018 0.632947829146149 2.10474683406159 15.25
2624 12997.1556462917 12997.1556462917 0.632947829146149 2.10474683406159 15.25
2625 12995.6213603186 12995.6213603186 0.632947829146149 2.10474683406159 15.25
2626 12994.0872190373 12994.0872190373 0.632947829146149 2.10474683406159 15.25
2627 12992.5532225011 12992.5532225011 0.632947829146149 2.10474683406159 15.25
2628 12991.0193707572 12991.0193707572 0.632947829146149 2.10474683406159 15.25
2629 12989.4856638566 12989.4856638566 0.632947829146149 2.10474683406159 15.25
2630 12987.9521018509 12987.9521018509 0.632947829146149 2.10474683406159 15.25
2631 12986.4186847919 12986.4186847919 0.632947829146149 2.10474683406159 15.25
2632 12984.8854127305 12984.8854127305 0.632947829146149 2.10474683406159 15.25
2633 12983.3522857178 12983.3522857178 0.632947829146149 2.10474683406159 15.25
2634 12981.8193038054 12981.8193038054 0.632947829146149 2.10474683406159 15.25
2635 12980.2864670439 12980.2864670439 0.632947829146149 2.10474683406159 15.25
2636 12978.7537754868 12978.7537754868 0.632947829146149 2.10474683406159 15.25
2637 12977.2212291836 12977.2212291836 0.632947829146149 2.10474683406159 15.25
2638 12975.6888281863 12975.6888281863 0.632947829146149 2.10474683406159 15.25
2639 12974.1565725465 12974.1565725465 0.632947829146149 2.10474683406159 15.25
2640 12972.6244623192 12972.6244623192 0.632947829146149 2.10474683406159 15.25
2641 12971.0924975546 12971.0924975546 0.632947829146149 2.10474683406159 15.25
2642 12969.5606783019 12969.5606783019 0.632947829146149 2.10474683406159 15.25
2643 12968.0290046129 12968.0290046129 0.632947829146149 2.10474683406159 15.25
2644 12966.4974765384 12966.4974765384 0.632947829146149 2.10474683406159 15.25
2645 12964.966094132 12964.966094132 0.632947829146149 2.10474683406159 15.25
2646 12963.4348574433 12963.4348574433 0.632947829146149 2.10474683406159 15.25
2647 12961.9037665247 12961.9037665247 0.632947829146149 2.10474683406159 15.25
2648 12960.3728214279 12960.3728214279 0.632947829146149 2.10474683406159 15.25
2649 12958.8420222044 12958.8420222044 0.632947829146149 2.10474683406159 15.25
2650 12957.311368906 12957.311368906 0.632947829146149 2.10474683406159 15.25
2651 12955.7808615845 12955.7808615845 0.632947829146149 2.10474683406159 15.25
2652 12954.2505002915 12954.2505002915 0.632947829146149 2.10474683406159 15.25
2653 12952.7202850802 12952.7202850802 0.632947829146149 2.10474683406159 15.25
2654 12951.1902160046 12951.1902160046 0.632947829146149 2.10474683406159 15.25
2655 12949.6602931143 12949.6602931143 0.632947829146149 2.10474683406159 15.25
2656 12948.1305164597 12948.1305164597 0.632947829146149 2.10474683406159 15.25
2657 12946.6008860927 12946.6008860927 0.632947829146149 2.10474683406159 15.25
2658 12945.071402065 12945.071402065 0.632947829146149 2.10474683406159 15.25
2659 12943.5420644287 12943.5420644287 0.632947829146149 2.10474683406159 15.25
2660 12942.0128732356 12942.0128732356 0.632947829146149 2.10474683406159 15.25
2661 12940.4838285375 12940.4838285375 0.632947829146149 2.10474683406159 15.25
2662 12938.9549303865 12938.9549303865 0.632947829146149 2.10474683406159 15.25
2663 12937.4261788345 12937.4261788345 0.632947829146149 2.10474683406159 15.25
2664 12935.8975739327 12935.8975739327 0.632947829146149 2.10474683406159 15.25
2665 12934.3691156816 12934.3691156816 0.632947829146149 2.10474683406159 15.25
2666 12932.8408041713 12932.8408041713 0.632947829146149 2.10474683406159 15.25
2667 12931.3126394709 12931.3126394709 0.632947829146149 2.10474683406159 15.25
2668 12929.7846216323 12929.7846216323 0.632947829146149 2.10474683406159 15.25
2669 12928.2567507049 12928.2567507049 0.632947829146149 2.10474683406159 15.25
2670 12926.7290267406 12926.7290267406 0.632947829146149 2.10474683406159 15.25
2671 12925.2014497918 12925.2014497918 0.632947829146149 2.10474683406159 15.25
2672 12923.6740199103 12923.6740199103 0.632947829146149 2.10474683406159 15.25
2673 12922.1467371485 12922.1467371485 0.632947829146149 2.10474683406159 15.25
2674 12920.6196015585 12920.6196015585 0.632947829146149 2.10474683406159 15.25
2675 12919.0926131931 12919.0926131931 0.632947829146149 2.10474683406159 15.25
2676 12917.5657721026 12917.5657721026 0.632947829146149 2.10474683406159 15.25
2677 12916.0390783412 12916.0390783412 0.632947829146149 2.10474683406159 15.25
2678 12914.5125319604 12914.5125319604 0.632947829146149 2.10474683406159 15.25
2679 12912.9861330133 12912.9861330133 0.632947829146149 2.10474683406159 15.25
2680 12911.4598815514 12911.4598815514 0.632947829146149 2.10474683406159 15.25
2681 12909.9337776319 12909.9337776319 0.632947829146149 2.10474683406159 15.25
2682 12908.407821303 12908.407821303 0.632947829146149 2.10474683406159 15.25
2683 12906.8820126163 12906.8820126163 0.632947829146149 2.10474683406159 15.25
2684 12905.3563516242 12905.3563516242 0.632947829146149 2.10474683406159 15.25
2685 12903.830838379 12903.830838379 0.632947829146149 2.10474683406159 15.25
2686 12902.3054729332 12902.3054729332 0.632947829146149 2.10474683406159 15.25
2687 12900.7802553393 12900.7802553393 0.632947829146149 2.10474683406159 15.25
2688 12899.2551856502 12899.2551856502 0.632947829146149 2.10474683406159 15.25
2689 12897.7302639165 12897.7302639165 0.632947829146149 2.10474683406159 15.25
2690 12896.2054901926 12896.2054901926 0.632947829146149 2.10474683406159 15.25
2691 12894.6808645305 12894.6808645305 0.632947829146149 2.10474683406159 15.25
2692 12893.1563869826 12893.1563869826 0.632947829146149 2.10474683406159 15.25
2693 12891.6320576014 12891.6320576014 0.632947829146149 2.10474683406159 15.25
2694 12890.1078764417 12890.1078764417 0.632947829146149 2.10474683406159 15.25
2695 12888.5838435574 12888.5838435574 0.632947829146149 2.10474683406159 15.25
2696 12887.0599589976 12887.0599589976 0.632947829146149 2.10474683406159 15.25
2697 12885.536222815 12885.536222815 0.632947829146149 2.10474683406159 15.25
2698 12884.0126350622 12884.0126350622 0.632947829146149 2.10474683406159 15.25
2699 12882.4891957918 12882.4891957918 0.632947829146149 2.10474683406159 15.25
2700 12880.9659050565 12880.9659050565 0.632947829146149 2.10474683406159 15.25
2701 12879.4427629098 12879.4427629098 0.632947829146149 2.10474683406159 15.25
2702 12877.9197694023 12877.9197694023 0.632947829146149 2.10474683406159 15.25
2703 12876.3969245887 12876.3969245887 0.632947829146149 2.10474683406159 15.25
2704 12874.8742285213 12874.8742285213 0.632947829146149 2.10474683406159 15.25
2705 12873.3516812533 12873.3516812533 0.632947829146149 2.10474683406159 15.25
2706 12871.8292828371 12871.8292828371 0.632947829146149 2.10474683406159 15.25
2707 12870.3070333253 12870.3070333253 0.632947829146149 2.10474683406159 15.25
2708 12868.784932775 12868.784932775 0.632947829146149 2.10474683406159 15.25
2709 12867.2629811898 12867.2629811898 0.632947829146149 2.10474683406159 15.25
2710 12865.7411786476 12865.7411786476 0.632947829146149 2.10474683406159 15.25
2711 12864.2195252199 12864.2195252199 0.632947829146149 2.10474683406159 15.25
2712 12862.6980209618 12862.6980209618 0.632947829146149 2.10474683406159 15.25
2713 12861.1766659256 12861.1766659256 0.632947829146149 2.10474683406159 15.25
2714 12859.6554601641 12859.6554601641 0.632947829146149 2.10474683406159 15.25
2715 12858.134403731 12858.134403731 0.632947829146149 2.10474683406159 15.25
2716 12856.6134966773 12856.6134966773 0.632947829146149 2.10474683406159 15.25
2717 12855.0927390581 12855.0927390581 0.632947829146149 2.10474683406159 15.25
2718 12853.5721309258 12853.5721309258 0.632947829146149 2.10474683406159 15.25
2719 12852.0516723333 12852.0516723333 0.632947829146149 2.10474683406159 15.25
2720 12850.5313633344 12850.5313633344 0.632947829146149 2.10474683406159 15.25
2721 12849.0112039817 12849.0112039817 0.632947829146149 2.10474683406159 15.25
2722 12847.4911943329 12847.4911943329 0.632947829146149 2.10474683406159 15.25
2723 12845.9713344365 12845.9713344365 0.632947829146149 2.10474683406159 15.25
2724 12844.4516243455 12844.4516243455 0.632947829146149 2.10474683406159 15.25
2725 12842.9320641125 12842.9320641125 0.632947829146149 2.10474683406159 15.25
2726 12841.4126537928 12841.4126537928 0.632947829146149 2.10474683406159 15.25
2727 12839.8933934374 12839.8933934374 0.632947829146149 2.10474683406159 15.25
2728 12838.3742831004 12838.3742831004 0.632947829146149 2.10474683406159 15.25
2729 12836.8553228349 12836.8553228349 0.632947829146149 2.10474683406159 15.25
2730 12835.3365126936 12835.3365126936 0.632947829146149 2.10474683406159 15.25
2731 12833.8178527326 12833.8178527326 0.632947829146149 2.10474683406159 15.25
2732 12832.2993430023 12832.2993430023 0.632947829146149 2.10474683406159 15.25
2733 12830.7809835568 12830.7809835568 0.632947829146149 2.10474683406159 15.25
2734 12829.2627744495 12829.2627744495 0.632947829146149 2.10474683406159 15.25
2735 12827.7447157366 12827.7447157366 0.632947829146149 2.10474683406159 15.25
2736 12826.226807472 12826.226807472 0.632947829146149 2.10474683406159 15.25
2737 12824.709049705 12824.709049705 0.632947829146149 2.10474683406159 15.25
2738 12823.1914424899 12823.1914424899 0.632947829146149 2.10474683406159 15.25
2739 12821.6739858801 12821.6739858801 0.632947829146149 2.10474683406159 15.25
2740 12820.1566799284 12820.1566799284 0.632947829146149 2.10474683406159 15.25
2741 12818.6395246902 12818.6395246902 0.632947829146149 2.10474683406159 15.25
2742 12817.1225202171 12817.1225202171 0.632947829146149 2.10474683406159 15.25
2743 12815.6056665634 12815.6056665634 0.632947829146149 2.10474683406159 15.25
2744 12814.0889637825 12814.0889637825 0.632947829146149 2.10474683406159 15.25
2745 12812.5724119273 12812.5724119273 0.632947829146149 2.10474683406159 15.25
2746 12811.0560110536 12811.0560110536 0.632947829146149 2.10474683406159 15.25
2747 12809.5397612129 12809.5397612129 0.632947829146149 2.10474683406159 15.25
2748 12808.0236624601 12808.0236624601 0.632947829146149 2.10474683406159 15.25
2749 12806.5077148531 12806.5077148531 0.632947829146149 2.10474683406159 15.25
2750 12804.9919184401 12804.9919184401 0.632947829146149 2.10474683406159 15.25
2751 12803.4762732767 12803.4762732767 0.632947829146149 2.10474683406159 15.25
2752 12801.9607794148 12801.9607794148 0.632947829146149 2.10474683406159 15.25
2753 12800.4454368689 12800.4454368689 0.632947829146149 2.10474683406159 15.25
2754 12798.9302457049 12798.9302457049 0.632947829146149 2.10474683406159 15.25
2755 12797.4152060043 12797.4152060043 0.632947829146149 2.10474683406159 15.25
2756 12795.9003178202 12795.9003178202 0.632947829146149 2.10474683406159 15.25
2757 12794.3855812083 12794.3855812083 0.632947829146149 2.10474683406159 15.25
2758 12792.8709962212 12792.8709962212 0.632947829146149 2.10474683406159 15.25
2759 12791.3565629129 12791.3565629129 0.632947829146149 2.10474683406159 15.25
2760 12789.842281337 12789.842281337 0.632947829146149 2.10474683406159 15.25
2761 12788.3281515476 12788.3281515476 0.632947829146149 2.10474683406159 15.25
2762 12786.8141736012 12786.8141736012 0.632947829146149 2.10474683406159 15.25
2763 12785.3003475519 12785.3003475519 0.632947829146149 2.10474683406159 15.25
2764 12783.7866734502 12783.7866734502 0.632947829146149 2.10474683406159 15.25
2765 12782.273151352 12782.273151352 0.632947829146149 2.10474683406159 15.25
2766 12780.7597813094 12780.7597813094 0.632947829146149 2.10474683406159 15.25
2767 12779.2465633771 12779.2465633771 0.632947829146149 2.10474683406159 15.25
2768 12777.7334976091 12777.7334976091 0.632947829146149 2.10474683406159 15.25
2769 12776.2205840594 12776.2205840594 0.632947829146149 2.10474683406159 15.25
2770 12774.7078227822 12774.7078227822 0.632947829146149 2.10474683406159 15.25
2771 12773.1952138316 12773.1952138316 0.632947829146149 2.10474683406159 15.25
2772 12771.6827572616 12771.6827572616 0.632947829146149 2.10474683406159 15.25
2773 12770.1704531264 12770.1704531264 0.632947829146149 2.10474683406159 15.25
2774 12768.6583014802 12768.6583014802 0.632947829146149 2.10474683406159 15.25
2775 12767.1463023772 12767.1463023772 0.632947829146149 2.10474683406159 15.25
2776 12765.6344558769 12765.6344558769 0.632947829146149 2.10474683406159 15.25
2777 12764.1227620282 12764.1227620282 0.632947829146149 2.10474683406159 15.25
2778 12762.6112208854 12762.6112208854 0.632947829146149 2.10474683406159 15.25
2779 12761.0998325026 12761.0998325026 0.632947829146149 2.10474683406159 15.25
2780 12759.5885969342 12759.5885969342 0.632947829146149 2.10474683406159 15.25
2781 12758.0775142345 12758.0775142345 0.632947829146149 2.10474683406159 15.25
2782 12756.5665844578 12756.5665844578 0.632947829146149 2.10474683406159 15.25
2783 12755.0558076585 12755.0558076585 0.632947829146149 2.10474683406159 15.25
2784 12753.5451838908 12753.5451838908 0.632947829146149 2.10474683406159 15.25
2785 12752.0347132093 12752.0347132093 0.632947829146149 2.10474683406159 15.25
2786 12750.5243956689 12750.5243956689 0.632947829146149 2.10474683406159 15.25
2787 12749.0142313241 12749.0142313241 0.632947829146149 2.10474683406159 15.25
2788 12747.5042202274 12747.5042202274 0.632947829146149 2.10474683406159 15.25
2789 12745.9943624372 12745.9943624372 0.632947829146149 2.10474683406159 15.25
2790 12744.4846580087 12744.4846580087 0.632947829146149 2.10474683406159 15.25
2791 12742.975106993 12742.975106993 0.632947829146149 2.10474683406159 15.25
2792 12741.4657094447 12741.4657094447 0.632947829146149 2.10474683406159 15.25
2793 12739.9564654183 12739.9564654183 0.632947829146149 2.10474683406159 15.25
2794 12738.4473749684 12738.4473749684 0.632947829146149 2.10474683406159 15.25
2795 12736.9384381502 12736.9384381502 0.632947829146149 2.10474683406159 15.25
2796 12735.4296550163 12735.4296550163 0.632947829146149 2.10474683406159 15.25
2797 12733.921025591 12733.921025591 0.632947829146149 2.10474683406159 15.25
2798 12732.4125499256 12732.4125499256 0.632947829146149 2.10474683406159 15.25
2799 12730.9042281098 12730.9042281098 0.632947829146149 2.10474683406159 15.25
2800 12729.3960601984 12729.3960601984 0.632947829146149 2.10474683406159 15.25
2801 12727.8880462459 12727.8880462459 0.632947829146149 2.10474683406159 15.25
2802 12726.3801863071 12726.3801863071 0.632947829146149 2.10474683406159 15.25
2803 12724.8724804416 12724.8724804416 0.632947829146149 2.10474683406159 15.25
2804 12723.3649287 12723.3649287 0.632947829146149 2.10474683406159 15.25
2805 12721.8575311364 12721.8575311364 0.632947829146149 2.10474683406159 15.25
2806 12720.3502878051 12720.3502878051 0.632947829146149 2.10474683406159 15.25
2807 12718.8431987627 12718.8431987627 0.632947829146149 2.10474683406159 15.25
2808 12717.3362640623 12717.3362640623 0.632947829146149 2.10474683406159 15.25
2809 12715.8294837599 12715.8294837599 0.632947829146149 2.10474683406159 15.25
2810 12714.3228579086 12714.3228579086 0.632947829146149 2.10474683406159 15.25
2811 12712.8163865651 12712.8163865651 0.632947829146149 2.10474683406159 15.25
2812 12711.3100697844 12711.3100697844 0.632947829146149 2.10474683406159 15.25
2813 12709.8039076195 12709.8039076195 0.632947829146149 2.10474683406159 15.25
2814 12708.2979001274 12708.2979001274 0.632947829146149 2.10474683406159 15.25
2815 12706.7920473631 12706.7920473631 0.632947829146149 2.10474683406159 15.25
2816 12705.2863493822 12705.2863493822 0.632947829146149 2.10474683406159 15.25
2817 12703.7808062424 12703.7808062424 0.632947829146149 2.10474683406159 15.25
2818 12702.2754179948 12702.2754179948 0.632947829146149 2.10474683406159 15.25
2819 12700.7701846945 12700.7701846945 0.632947829146149 2.10474683406159 15.25
2820 12699.2651063966 12699.2651063966 0.632947829146149 2.10474683406159 15.25
2821 12697.7601831562 12697.7601831562 0.632947829146149 2.10474683406159 15.25
2822 12696.2554150283 12696.2554150283 0.632947829146149 2.10474683406159 15.25
2823 12694.7508020683 12694.7508020683 0.632947829146149 2.10474683406159 15.25
2824 12693.2463443312 12693.2463443312 0.632947829146149 2.10474683406159 15.25
2825 12691.7420418723 12691.7420418723 0.632947829146149 2.10474683406159 15.25
2826 12690.2378947467 12690.2378947467 0.632947829146149 2.10474683406159 15.25
2827 12688.7339030098 12688.7339030098 0.632947829146149 2.10474683406159 15.25
2828 12687.2300667168 12687.2300667168 0.632947829146149 2.10474683406159 15.25
2829 12685.7263859222 12685.7263859222 0.632947829146149 2.10474683406159 15.25
2830 12684.2228606875 12684.2228606875 0.632947829146149 2.10474683406159 15.25
2831 12682.7194910632 12682.7194910632 0.632947829146149 2.10474683406159 15.25
2832 12681.2162771047 12681.2162771047 0.632947829146149 2.10474683406159 15.25
2833 12679.7132188654 12679.7132188654 0.632947829146149 2.10474683406159 15.25
2834 12678.2103164026 12678.2103164026 0.632947829146149 2.10474683406159 15.25
2835 12676.7075697711 12676.7075697711 0.632947829146149 2.10474683406159 15.25
2836 12675.2049790263 12675.2049790263 0.632947829146149 2.10474683406159 15.25
2837 12673.7025442237 12673.7025442237 0.632947829146149 2.10474683406159 15.25
2838 12672.2002654187 12672.2002654187 0.632947829146149 2.10474683406159 15.25
2839 12670.6981426667 12670.6981426667 0.632947829146149 2.10474683406159 15.25
2840 12669.1961760235 12669.1961760235 0.632947829146149 2.10474683406159 15.25
2841 12667.6943655186 12667.6943655186 0.632947829146149 2.10474683406159 15.25
2842 12666.1927111909 12666.1927111909 0.632947829146149 2.10474683406159 15.25
2843 12664.6912131412 12664.6912131412 0.632947829146149 2.10474683406159 15.25
2844 12663.1898714256 12663.1898714256 0.632947829146149 2.10474683406159 15.25
2845 12661.6886860964 12661.6886860964 0.632947829146149 2.10474683406159 15.25
2846 12660.18765721 12660.18765721 0.632947829146149 2.10474683406159 15.25
2847 12658.6867848213 12658.6867848213 0.632947829146149 2.10474683406159 15.25
2848 12657.186068986 12657.186068986 0.632947829146149 2.10474683406159 15.25
2849 12655.6855097599 12655.6855097599 0.632947829146149 2.10474683406159 15.25
2850 12654.1851071985 12654.1851071985 0.632947829146149 2.10474683406159 15.25
2851 12652.6848613577 12652.6848613577 0.632947829146149 2.10474683406159 15.25
2852 12651.1847722932 12651.1847722932 0.632947829146149 2.10474683406159 15.25
2853 12649.6848400614 12649.6848400614 0.632947829146149 2.10474683406159 15.25
2854 12648.1850647162 12648.1850647162 0.632947829146149 2.10474683406159 15.25
2855 12646.6854463153 12646.6854463153 0.632947829146149 2.10474683406159 15.25
2856 12645.1859849139 12645.1859849139 0.632947829146149 2.10474683406159 15.25
2857 12643.6866805713 12643.6866805713 0.632947829146149 2.10474683406159 15.25
2858 12642.1875333418 12642.1875333418 0.632947829146149 2.10474683406159 15.25
2859 12640.6885432789 12640.6885432789 0.632947829146149 2.10474683406159 15.25
2860 12639.1897104403 12639.1897104403 0.632947829146149 2.10474683406159 15.25
2861 12637.6910348802 12637.6910348802 0.632947829146149 2.10474683406159 15.25
2862 12636.192516655 12636.192516655 0.632947829146149 2.10474683406159 15.25
2863 12634.6941558207 12634.6941558207 0.632947829146149 2.10474683406159 15.25
2864 12633.1959524334 12633.1959524334 0.632947829146149 2.10474683406159 15.25
2865 12631.6979065491 12631.6979065491 0.632947829146149 2.10474683406159 15.25
2866 12630.2000182238 12630.2000182238 0.632947829146149 2.10474683406159 15.25
2867 12628.7022875137 12628.7022875137 0.632947829146149 2.10474683406159 15.25
2868 12627.2047144747 12627.2047144747 0.632947829146149 2.10474683406159 15.25
2869 12625.7072991629 12625.7072991629 0.632947829146149 2.10474683406159 15.25
2870 12624.2100416353 12624.2100416353 0.632947829146149 2.10474683406159 15.25
2871 12622.7129419518 12622.7129419518 0.632947829146149 2.10474683406159 15.25
2872 12621.216000164 12621.216000164 0.632947829146149 2.10474683406159 15.25
2873 12619.7192163281 12619.7192163281 0.632947829146149 2.10474683406159 15.25
2874 12618.2225905004 12618.2225905004 0.632947829146149 2.10474683406159 15.25
2875 12616.726122737 12616.726122737 0.632947829146149 2.10474683406159 15.25
2876 12615.2298130948 12615.2298130948 0.632947829146149 2.10474683406159 15.25
2877 12613.7336616289 12613.7336616289 0.632947829146149 2.10474683406159 15.25
2878 12612.2376683968 12612.2376683968 0.632947829146149 2.10474683406159 15.25
2879 12610.7418334541 12610.7418334541 0.632947829146149 2.10474683406159 15.25
2880 12609.2461568573 12609.2461568573 0.632947829146149 2.10474683406159 15.25
2881 12607.7506386627 12607.7506386627 0.632947829146149 2.10474683406159 15.25
2882 12606.2552789259 12606.2552789259 0.632947829146149 2.10474683406159 15.25
2883 12604.7600777054 12604.7600777054 0.632947829146149 2.10474683406159 15.25
2884 12603.2650350581 12603.2650350581 0.632947829146149 2.10474683406159 15.25
2885 12601.7701510231 12601.7701510231 0.632947829146149 2.10474683406159 15.25
2886 12600.2754256228 12600.2754256228 0.632947829146149 2.10474683406159 15.25
2887 12598.7808589633 12598.7808589633 0.632947829146149 2.10474683406159 15.25
2888 12597.2864511011 12597.2864511011 0.632947829146149 2.10474683406159 15.25
2889 12595.7922020925 12595.7922020925 0.632947829146149 2.10474683406159 15.25
2890 12594.2981119943 12594.2981119943 0.632947829146149 2.10474683406159 15.25
2891 12592.8041808629 12592.8041808629 0.632947829146149 2.10474683406159 15.25
2892 12591.3104087549 12591.3104087549 0.632947829146149 2.10474683406159 15.25
2893 12589.8167957269 12589.8167957269 0.632947829146149 2.10474683406159 15.25
2894 12588.323341835 12588.323341835 0.632947829146149 2.10474683406159 15.25
2895 12586.8300471377 12586.8300471377 0.632947829146149 2.10474683406159 15.25
2896 12585.3369116897 12585.3369116897 0.632947829146149 2.10474683406159 15.25
2897 12583.8439355483 12583.8439355483 0.632947829146149 2.10474683406159 15.25
2898 12582.3511187756 12582.3511187756 0.632947829146149 2.10474683406159 15.25
2899 12580.8584614229 12580.8584614229 0.632947829146149 2.10474683406159 15.25
2900 12579.365963547 12579.365963547 0.632947829146149 2.10474683406159 15.25
2901 12577.8736252048 12577.8736252048 0.632947829146149 2.10474683406159 15.25
2902 12576.381446453 12576.381446453 0.632947829146149 2.10474683406159 15.25
2903 12574.8894273484 12574.8894273484 0.632947829146149 2.10474683406159 15.25
2904 12573.3975679472 12573.3975679472 0.632947829146149 2.10474683406159 15.25
2905 12571.9058683082 12571.9058683082 0.632947829146149 2.10474683406159 15.25
2906 12570.4143284864 12570.4143284864 0.632947829146149 2.10474683406159 15.25
2907 12568.9229485392 12568.9229485392 0.632947829146149 2.10474683406159 15.25
2908 12567.4317285236 12567.4317285236 0.632947829146149 2.10474683406159 15.25
2909 12565.9406684972 12565.9406684972 0.632947829146149 2.10474683406159 15.25
2910 12564.4497685163 12564.4497685163 0.632947829146149 2.10474683406159 15.25
2911 12562.9590286398 12562.9590286398 0.632947829146149 2.10474683406159 15.25
2912 12561.4684489261 12561.4684489261 0.632947829146149 2.10474683406159 15.25
2913 12559.9780294288 12559.9780294288 0.632947829146149 2.10474683406159 15.25
2914 12558.4877702043 12558.4877702043 0.632947829146149 2.10474683406159 15.25
2915 12556.9976713119 12556.9976713119 0.632947829146149 2.10474683406159 15.25
2916 12555.5077328064 12555.5077328064 0.632947829146149 2.10474683406159 15.25
2917 12554.0179547457 12554.0179547457 0.632947829146149 2.10474683406159 15.25
2918 12552.528337187 12552.528337187 0.632947829146149 2.10474683406159 15.25
2919 12551.0388801873 12551.0388801873 0.632947829146149 2.10474683406159 15.25
2920 12549.5495838038 12549.5495838038 0.632947829146149 2.10474683406159 15.25
2921 12548.0604480938 12548.0604480938 0.632947829146149 2.10474683406159 15.25
2922 12546.5714731144 12546.5714731144 0.632947829146149 2.10474683406159 15.25
2923 12545.0826589229 12545.0826589229 0.632947829146149 2.10474683406159 15.25
2924 12543.5940055758 12543.5940055758 0.632947829146149 2.10474683406159 15.25
2925 12542.1055131369 12542.1055131369 0.632947829146149 2.10474683406159 15.25
2926 12540.6171816577 12540.6171816577 0.632947829146149 2.10474683406159 15.25
2927 12539.1290111955 12539.1290111955 0.632947829146149 2.10474683406159 15.25
2928 12537.6410018076 12537.6410018076 0.632947829146149 2.10474683406159 15.25
2929 12536.1531535406 12536.1531535406 0.632947829146149 2.10474683406159 15.25
2930 12534.6654664058 12534.6654664058 0.632947829146149 2.10474683406159 15.25
2931 12533.1779405174 12533.1779405174 0.632947829146149 2.10474683406159 15.25
2932 12531.6905759329 12531.6905759329 0.632947829146149 2.10474683406159 15.25
2933 12530.2033727097 12530.2033727097 0.632947829146149 2.10474683406159 15.25
2934 12528.716330906 12528.716330906 0.632947829146149 2.10474683406159 15.25
2935 12527.2294505772 12527.2294505772 0.632947829146149 2.10474683406159 15.25
2936 12525.7427317829 12525.7427317829 0.632947829146149 2.10474683406159 15.25
2937 12524.2561745798 12524.2561745798 0.632947829146149 2.10474683406159 15.25
2938 12522.7697790276 12522.7697790276 0.632947829146149 2.10474683406159 15.25
2939 12521.2835451849 12521.2835451849 0.632947829146149 2.10474683406159 15.25
2940 12519.7974731063 12519.7974731063 0.632947829146149 2.10474683406159 15.25
2941 12518.3115628493 12518.3115628493 0.632947829146149 2.10474683406159 15.25
2942 12516.8258144715 12516.8258144715 0.632947829146149 2.10474683406159 15.25
2943 12515.3402280299 12515.3402280299 0.632947829146149 2.10474683406159 15.25
2944 12513.8548035843 12513.8548035843 0.632947829146149 2.10474683406159 15.25
2945 12512.3695411909 12512.3695411909 0.632947829146149 2.10474683406159 15.25
2946 12510.8844409075 12510.8844409075 0.632947829146149 2.10474683406159 15.25
2947 12509.3995027918 12509.3995027918 0.632947829146149 2.10474683406159 15.25
2948 12507.9147269016 12507.9147269016 0.632947829146149 2.10474683406159 15.25
2949 12506.4301132946 12506.4301132946 0.632947829146149 2.10474683406159 15.25
2950 12504.9456620287 12504.9456620287 0.632947829146149 2.10474683406159 15.25
2951 12503.4613731616 12503.4613731616 0.632947829146149 2.10474683406159 15.25
2952 12501.9772467545 12501.9772467545 0.632947829146149 2.10474683406159 15.25
2953 12500.4932828645 12500.4932828645 0.632947829146149 2.10474683406159 15.25
2954 12499.0094815463 12499.0094815463 0.632947829146149 2.10474683406159 15.25
2955 12497.5258428585 12497.5258428585 0.632947829146149 2.10474683406159 15.25
2956 12496.042366859 12496.042366859 0.632947829146149 2.10474683406159 15.25
2957 12494.5590536057 12494.5590536057 0.632947829146149 2.10474683406159 15.25
2958 12493.0759031566 12493.0759031566 0.632947829146149 2.10474683406159 15.25
2959 12491.5929155697 12491.5929155697 0.632947829146149 2.10474683406159 15.25
2960 12490.1100909031 12490.1100909031 0.632947829146149 2.10474683406159 15.25
2961 12488.6274292147 12488.6274292147 0.632947829146149 2.10474683406159 15.25
2962 12487.1449305626 12487.1449305626 0.632947829146149 2.10474683406159 15.25
2963 12485.6625950049 12485.6625950049 0.632947829146149 2.10474683406159 15.25
2964 12484.1804225996 12484.1804225996 0.632947829146149 2.10474683406159 15.25
2965 12482.6984134069 12482.6984134069 0.632947829146149 2.10474683406159 15.25
2966 12481.2165674854 12481.2165674854 0.632947829146149 2.10474683406159 15.25
2967 12479.7348848914 12479.7348848914 0.632947829146149 2.10474683406159 15.25
2968 12478.2533656825 12478.2533656825 0.632947829146149 2.10474683406159 15.25
2969 12476.7720099168 12476.7720099168 0.632947829146149 2.10474683406159 15.25
2970 12475.2908176527 12475.2908176527 0.632947829146149 2.10474683406159 15.25
2971 12473.8097889483 12473.8097889483 0.632947829146149 2.10474683406159 15.25
2972 12472.3289238618 12472.3289238618 0.632947829146149 2.10474683406159 15.25
2973 12470.8482224476 12470.8482224476 0.632947829146149 2.10474683406159 15.25
2974 12469.3676847043 12469.3676847043 0.632947829146149 2.10474683406159 15.25
2975 12467.8873107538 12467.8873107538 0.632947829146149 2.10474683406159 15.25
2976 12466.4071006546 12466.4071006546 0.632947829146149 2.10474683406159 15.25
2977 12464.9270544651 12464.9270544651 0.632947829146149 2.10474683406159 15.25
2978 12463.4471722436 12463.4471722436 0.632947829146149 2.10474683406159 15.25
2979 12461.9674540524 12461.9674540524 0.632947829146149 2.10474683406159 15.25
2980 12460.4878999472 12460.4878999472 0.632947829146149 2.10474683406159 15.25
2981 12459.0085099855 12459.0085099855 0.632947829146149 2.10474683406159 15.25
2982 12457.5292842262 12457.5292842262 0.632947829146149 2.10474683406159 15.25
2983 12456.0502227272 12456.0502227272 0.632947829146149 2.10474683406159 15.25
2984 12454.571325547 12454.571325547 0.632947829146149 2.10474683406159 15.25
2985 12453.0925927442 12453.0925927442 0.632947829146149 2.10474683406159 15.25
2986 12451.6140243774 12451.6140243774 0.632947829146149 2.10474683406159 15.25
2987 12450.1356205052 12450.1356205052 0.632947829146149 2.10474683406159 15.25
2988 12448.657381186 12448.657381186 0.632947829146149 2.10474683406159 15.25
2989 12447.1793064787 12447.1793064787 0.632947829146149 2.10474683406159 15.25
2990 12445.7013964417 12445.7013964417 0.632947829146149 2.10474683406159 15.25
2991 12444.2236511339 12444.2236511339 0.632947829146149 2.10474683406159 15.25
2992 12442.7460706144 12442.7460706144 0.632947829146149 2.10474683406159 15.25
2993 12441.2686549458 12441.2686549458 0.632947829146149 2.10474683406159 15.25
2994 12439.7914041825 12439.7914041825 0.632947829146149 2.10474683406159 15.25
2995 12438.3143183831 12438.3143183831 0.632947829146149 2.10474683406159 15.25
2996 12436.8373976065 12436.8373976065 0.632947829146149 2.10474683406159 15.25
2997 12435.3606419114 12435.3606419114 0.632947829146149 2.10474683406159 15.25
2998 12433.8840513567 12433.8840513567 0.632947829146149 2.10474683406159 15.25
2999 12432.4076260013 12432.4076260013 0.632947829146149 2.10474683406159 15.25
3000 12430.9313659039 12430.9313659039 0.632947829146149 2.10474683406159 15.25
3001 12429.4552711234 12429.4552711234 0.632947829146149 2.10474683406159 15.25
3002 12427.9793417189 12427.9793417189 0.632947829146149 2.10474683406159 15.25
3003 12426.5035777491 12426.5035777491 0.632947829146149 2.10474683406159 15.25
3004 12425.0279792731 12425.0279792731 0.632947829146149 2.10474683406159 15.25
3005 12423.5525463498 12423.5525463498 0.632947829146149 2.10474683406159 15.25
3006 12422.0772790413 12422.0772790413 0.632947829146149 2.10474683406159 15.25
3007 12420.6021774053 12420.6021774053 0.632947829146149 2.10474683406159 15.25
3008 12419.1272414992 12419.1272414992 0.632947829146149 2.10474683406159 15.25
3009 12417.6524713818 12417.6524713818 0.632947829146149 2.10474683406159 15.25
3010 12416.1778671123 12416.1778671123 0.632947829146149 2.10474683406159 15.25
3011 12414.7034287498 12414.7034287498 0.632947829146149 2.10474683406159 15.25
3012 12413.2291563533 12413.2291563533 0.632947829146149 2.10474683406159 15.25
3013 12411.7550499821 12411.7550499821 0.632947829146149 2.10474683406159 15.25
3014 12410.2811096953 12410.2811096953 0.632947829146149 2.10474683406159 15.25
3015 12408.8073355521 12408.8073355521 0.632947829146149 2.10474683406159 15.25
3016 12407.3337276117 12407.3337276117 0.632947829146149 2.10474683406159 15.25
3017 12405.8602859332 12405.8602859332 0.632947829146149 2.10474683406159 15.25
3018 12404.3870105115 12404.3870105115 0.632947829146149 2.10474683406159 15.25
3019 12402.9139014676 12402.9139014676 0.632947829146149 2.10474683406159 15.25
3020 12401.4409588677 12401.4409588677 0.632947829146149 2.10474683406159 15.25
3021 12399.9681827677 12399.9681827677 0.632947829146149 2.10474683406159 15.25
3022 12398.4955732253 12398.4955732253 0.632947829146149 2.10474683406159 15.25
3023 12397.0231303022 12397.0231303022 0.632947829146149 2.10474683406159 15.25
3024 12395.5508540556 12395.5508540556 0.632947829146149 2.10474683406159 15.25
3025 12394.0787445456 12394.0787445456 0.632947829146149 2.10474683406159 15.25
3026 12392.6068018315 12392.6068018315 0.632947829146149 2.10474683406159 15.25
3027 12391.1350259729 12391.1350259729 0.632947829146149 2.10474683406159 15.25
3028 12389.6634170293 12389.6634170293 0.632947829146149 2.10474683406159 15.25
3029 12388.19197506 12388.19197506 0.632947829146149 2.10474683406159 15.25
3030 12386.7207001246 12386.7207001246 0.632947829146149 2.10474683406159 15.25
3031 12385.2495922827 12385.2495922827 0.632947829146149 2.10474683406159 15.25
3032 12383.7786515937 12383.7786515937 0.632947829146149 2.10474683406159 15.25
3033 12382.3078781191 12382.3078781191 0.632947829146149 2.10474683406159 15.25
3034 12380.8372719204 12380.8372719204 0.632947829146149 2.10474683406159 15.25
3035 12379.3668330528 12379.3668330528 0.632947829146149 2.10474683406159 15.25
3036 12377.8965615766 12377.8965615766 0.632947829146149 2.10474683406159 15.25
3037 12376.4264575514 12376.4264575514 0.632947829146149 2.10474683406159 15.25
3038 12374.956521037 12374.956521037 0.632947829146149 2.10474683406159 15.25
3039 12373.4867520929 12373.4867520929 0.632947829146149 2.10474683406159 15.25
3040 12372.017150779 12372.017150779 0.632947829146149 2.10474683406159 15.25
3041 12370.547717155 12370.547717155 0.632947829146149 2.10474683406159 15.25
3042 12369.0784512806 12369.0784512806 0.632947829146149 2.10474683406159 15.25
3043 12367.6093532157 12367.6093532157 0.632947829146149 2.10474683406159 15.25
3044 12366.1404230194 12366.1404230194 0.632947829146149 2.10474683406159 15.25
3045 12364.6716607534 12364.6716607534 0.632947829146149 2.10474683406159 15.25
3046 12363.2030664757 12363.2030664757 0.632947829146149 2.10474683406159 15.25
3047 12361.7346402517 12361.7346402517 0.632947829146149 2.10474683406159 15.25
3048 12360.2663821364 12360.2663821364 0.632947829146149 2.10474683406159 15.25
3049 12358.7982921896 12358.7982921896 0.632947829146149 2.10474683406159 15.25
3050 12357.3303704714 12357.3303704714 0.632947829146149 2.10474683406159 15.25
3051 12355.8626170424 12355.8626170424 0.632947829146149 2.10474683406159 15.25
3052 12354.3950319605 12354.3950319605 0.632947829146149 2.10474683406159 15.25
3053 12352.9276152878 12352.9276152878 0.632947829146149 2.10474683406159 15.25
3054 12351.4603670835 12351.4603670835 0.632947829146149 2.10474683406159 15.25
3055 12349.9932874078 12349.9932874078 0.632947829146149 2.10474683406159 15.25
3056 12348.5263763207 12348.5263763207 0.632947829146149 2.10474683406159 15.25
3057 12347.0596338823 12347.0596338823 0.632947829146149 2.10474683406159 15.25
3058 12345.5930601527 12345.5930601527 0.632947829146149 2.10474683406159 15.25
3059 12344.1266551921 12344.1266551921 0.632947829146149 2.10474683406159 15.25
3060 12342.660419063 12342.660419063 0.632947829146149 2.10474683406159 15.25
3061 12341.1943518256 12341.1943518256 0.632947829146149 2.10474683406159 15.25
3062 12339.7284534805 12339.7284534805 0.632947829146149 2.10474683406159 15.25
3063 12338.2627241349 12338.2627241349 0.632947829146149 2.10474683406159 15.25
3064 12336.7971638584 12336.7971638584 0.632947829146149 2.10474683406159 15.25
3065 12335.3317727128 12335.3317727128 0.632947829146149 2.10474683406159 15.25
3066 12333.8665507577 12333.8665507577 0.632947829146149 2.10474683406159 15.25
3067 12332.4014980533 12332.4014980533 0.632947829146149 2.10474683406159 15.25
3068 12330.9366146607 12330.9366146607 0.632947829146149 2.10474683406159 15.25
3069 12329.4719006382 12329.4719006382 0.632947829146149 2.10474683406159 15.25
3070 12328.0073560482 12328.0073560482 0.632947829146149 2.10474683406159 15.25
3071 12326.5429809504 12326.5429809504 0.632947829146149 2.10474683406159 15.25
3072 12325.0787754052 12325.0787754052 0.632947829146149 2.10474683406159 15.25
3073 12323.6147394738 12323.6147394738 0.632947829146149 2.10474683406159 15.25
3074 12322.1508732187 12322.1508732187 0.632947829146149 2.10474683406159 15.25
3075 12320.6871766989 12320.6871766989 0.632947829146149 2.10474683406159 15.25
3076 12319.2236499736 12319.2236499736 0.632947829146149 2.10474683406159 15.25
3077 12317.7602931033 12317.7602931033 0.632947829146149 2.10474683406159 15.25
3078 12316.2971061492 12316.2971061492 0.632947829146149 2.10474683406159 15.25
3079 12314.8340891699 12314.8340891699 0.632947829146149 2.10474683406159 15.25
3080 12313.371242228 12313.371242228 0.632947829146149 2.10474683406159 15.25
3081 12311.9085653834 12311.9085653834 0.632947829146149 2.10474683406159 15.25
3082 12310.4460586967 12310.4460586967 0.632947829146149 2.10474683406159 15.25
3083 12308.9837222293 12308.9837222293 0.632947829146149 2.10474683406159 15.25
3084 12307.5215560399 12307.5215560399 0.632947829146149 2.10474683406159 15.25
3085 12306.0595601911 12306.0595601911 0.632947829146149 2.10474683406159 15.25
3086 12304.597734743 12304.597734743 0.632947829146149 2.10474683406159 15.25
3087 12303.1360797581 12303.1360797581 0.632947829146149 2.10474683406159 15.25
3088 12301.6745952984 12301.6745952984 0.632947829146149 2.10474683406159 15.25
3089 12300.2132814217 12300.2132814217 0.632947829146149 2.10474683406159 15.25
3090 12298.7521381887 12298.7521381887 0.632947829146149 2.10474683406159 15.25
3091 12297.2911656604 12297.2911656604 0.632947829146149 2.10474683406159 15.25
3092 12295.8303638975 12295.8303638975 0.632947829146149 2.10474683406159 15.25
3093 12294.3697329609 12294.3697329609 0.632947829146149 2.10474683406159 15.25
3094 12292.9092729116 12292.9092729116 0.632947829146149 2.10474683406159 15.25
3095 12291.4489838103 12291.4489838103 0.632947829146149 2.10474683406159 15.25
3096 12289.9888657182 12289.9888657182 0.632947829146149 2.10474683406159 15.25
3097 12288.528918696 12288.528918696 0.632947829146149 2.10474683406159 15.25
3098 12287.0691428049 12287.0691428049 0.632947829146149 2.10474683406159 15.25
3099 12285.6095381058 12285.6095381058 0.632947829146149 2.10474683406159 15.25
3100 12284.1501046597 12284.1501046597 0.632947829146149 2.10474683406159 15.25
3101 12282.6908425318 12282.6908425318 0.632947829146149 2.10474683406159 15.25
3102 12281.2317517797 12281.2317517797 0.632947829146149 2.10474683406159 15.25
3103 12279.7728324638 12279.7728324638 0.632947829146149 2.10474683406159 15.25
3104 12278.3140846452 12278.3140846452 0.632947829146149 2.10474683406159 15.25
3105 12276.8555083852 12276.8555083852 0.632947829146149 2.10474683406159 15.25
3106 12275.3971036943 12275.3971036943 0.632947829146149 2.10474683406159 15.25
3107 12273.9388706665 12273.9388706665 0.632947829146149 2.10474683406159 15.25
3108 12272.4808093806 12272.4808093806 0.632947829146149 2.10474683406159 15.25
3109 12271.022919898 12271.022919898 0.632947829146149 2.10474683406159 15.25
3110 12269.5652022805 12269.5652022805 0.632947829146149 2.10474683406159 15.25
3111 12268.1076565886 12268.1076565886 0.632947829146149 2.10474683406159 15.25
3112 12266.6502828838 12266.6502828838 0.632947829146149 2.10474683406159 15.25
3113 12265.1930812273 12265.1930812273 0.632947829146149 2.10474683406159 15.25
3114 12263.7360516816 12263.7360516816 0.632947829146149 2.10474683406159 15.25
3115 12262.2791943105 12262.2791943105 0.632947829146149 2.10474683406159 15.25
3116 12260.8225091717 12260.8225091717 0.632947829146149 2.10474683406159 15.25
3117 12259.3659963267 12259.3659963267 0.632947829146149 2.10474683406159 15.25
3118 12257.9096558368 12257.9096558368 0.632947829146149 2.10474683406159 15.25
3119 12256.4534877636 12256.4534877636 0.632947829146149 2.10474683406159 15.25
3120 12254.9974921684 12254.9974921684 0.632947829146149 2.10474683406159 15.25
3121 12253.5416691129 12253.5416691129 0.632947829146149 2.10474683406159 15.25
3122 12252.0860186583 12252.0860186583 0.632947829146149 2.10474683406159 15.25
3123 12250.6305408664 12250.6305408664 0.632947829146149 2.10474683406159 15.25
3124 12249.1752357986 12249.1752357986 0.632947829146149 2.10474683406159 15.25
3125 12247.7201035165 12247.7201035165 0.632947829146149 2.10474683406159 15.25
3126 12246.265144081 12246.265144081 0.632947829146149 2.10474683406159 15.25
3127 12244.8103575558 12244.8103575558 0.632947829146149 2.10474683406159 15.25
3128 12243.3557440041 12243.3557440041 0.632947829146149 2.10474683406159 15.25
3129 12241.901303485 12241.901303485 0.632947829146149 2.10474683406159 15.25
3130 12240.4470360612 12240.4470360612 0.632947829146149 2.10474683406159 15.25
3131 12238.9929417923 12238.9929417923 0.632947829146149 2.10474683406159 15.25
3132 12237.5390207414 12237.5390207414 0.632947829146149 2.10474683406159 15.25
3133 12236.0852729682 12236.0852729682 0.632947829146149 2.10474683406159 15.25
3134 12234.6316985365 12234.6316985365 0.632947829146149 2.10474683406159 15.25
3135 12233.1782975081 12233.1782975081 0.632947829146149 2.10474683406159 15.25
3136 12231.7250699428 12231.7250699428 0.632947829146149 2.10474683406159 15.25
3137 12230.2720159044 12230.2720159044 0.632947829146149 2.10474683406159 15.25
3138 12228.8191354542 12228.8191354542 0.632947829146149 2.10474683406159 15.25
3139 12227.3664286539 12227.3664286539 0.632947829146149 2.10474683406159 15.25
3140 12225.9138955656 12225.9138955656 0.632947829146149 2.10474683406159 15.25
3141 12224.4615362522 12224.4615362522 0.632947829146149 2.10474683406159 15.25
3142 12223.0093507782 12223.0093507782 0.632947829146149 2.10474683406159 15.25
3143 12221.5573392019 12221.5573392019 0.632947829146149 2.10474683406159 15.25
3144 12220.1055015853 12220.1055015853 0.632947829146149 2.10474683406159 15.25
3145 12218.6538379904 12218.6538379904 0.632947829146149 2.10474683406159 15.25
3146 12217.2023484793 12217.2023484793 0.632947829146149 2.10474683406159 15.25
3147 12215.7510331141 12215.7510331141 0.632947829146149 2.10474683406159 15.25
3148 12214.2998919567 12214.2998919567 0.632947829146149 2.10474683406159 15.25
3149 12212.8489250693 12212.8489250693 0.632947829146149 2.10474683406159 15.25
3150 12211.3981324711 12211.3981324711 0.632947829146149 2.10474683406159 15.25
3151 12209.9475142411 12209.9475142411 0.632947829146149 2.10474683406159 15.25
3152 12208.497070469 12208.497070469 0.632947829146149 2.10474683406159 15.25
3153 12207.0468012148 12207.0468012148 0.632947829146149 2.10474683406159 15.25
3154 12205.5967065414 12205.5967065414 0.632947829146149 2.10474683406159 15.25
3155 12204.1467865145 12204.1467865145 0.632947829146149 2.10474683406159 15.25
3156 12202.6970411942 12202.6970411942 0.632947829146149 2.10474683406159 15.25
3157 12201.2474706413 12201.2474706413 0.632947829146149 2.10474683406159 15.25
3158 12199.7980749191 12199.7980749191 0.632947829146149 2.10474683406159 15.25
3159 12198.3488540876 12198.3488540876 0.632947829146149 2.10474683406159 15.25
3160 12196.8998082114 12196.8998082114 0.632947829146149 2.10474683406159 15.25
3161 12195.4509373521 12195.4509373521 0.632947829146149 2.10474683406159 15.25
3162 12194.002241572 12194.002241572 0.632947829146149 2.10474683406159 15.25
3163 12192.5537209342 12192.5537209342 0.632947829146149 2.10474683406159 15.25
3164 12191.1053755006 12191.1053755006 0.632947829146149 2.10474683406159 15.25
3165 12189.6572053335 12189.6572053335 0.632947829146149 2.10474683406159 15.25
3166 12188.2092104954 12188.2092104954 0.632947829146149 2.10474683406159 15.25
3167 12186.7613910489 12186.7613910489 0.632947829146149 2.10474683406159 15.25
3168 12185.3137470571 12185.3137470571 0.632947829146149 2.10474683406159 15.25
3169 12183.8662785859 12183.8662785859 0.632947829146149 2.10474683406159 15.25
3170 12182.4189856938 12182.4189856938 0.632947829146149 2.10474683406159 15.25
3171 12180.9718684428 12180.9718684428 0.632947829146149 2.10474683406159 15.25
3172 12179.5249268976 12179.5249268976 0.632947829146149 2.10474683406159 15.25
3173 12178.0781611186 12178.0781611186 0.632947829146149 2.10474683406159 15.25
3174 12176.6315711692 12176.6315711692 0.632947829146149 2.10474683406159 15.25
3175 12175.1851571122 12175.1851571122 0.632947829146149 2.10474683406159 15.25
3176 12173.7389190102 12173.7389190102 0.632947829146149 2.10474683406159 15.25
3177 12172.2928569258 12172.2928569258 0.632947829146149 2.10474683406159 15.25
3178 12170.8469709227 12170.8469709227 0.632947829146149 2.10474683406159 15.25
3179 12169.4012610613 12169.4012610613 0.632947829146149 2.10474683406159 15.25
3180 12167.9557274067 12167.9557274067 0.632947829146149 2.10474683406159 15.25
3181 12166.5103700209 12166.5103700209 0.632947829146149 2.10474683406159 15.25
3182 12165.0651889696 12165.0651889696 0.632947829146149 2.10474683406159 15.25
3183 12163.6201843145 12163.6201843145 0.632947829146149 2.10474683406159 15.25
3184 12162.1753561161 12162.1753561161 0.632947829146149 2.10474683406159 15.25
3185 12160.7307044394 12160.7307044394 0.632947829146149 2.10474683406159 15.25
3186 12159.2862293451 12159.2862293451 0.632947829146149 2.10474683406159 15.25
3187 12157.8419308969 12157.8419308969 0.632947829146149 2.10474683406159 15.25
3188 12156.3978091578 12156.3978091578 0.632947829146149 2.10474683406159 15.25
3189 12154.9538641908 12154.9538641908 0.632947829146149 2.10474683406159 15.25
3190 12153.5100960588 12153.5100960588 0.632947829146149 2.10474683406159 15.25
3191 12152.0665048256 12152.0665048256 0.632947829146149 2.10474683406159 15.25
3192 12150.6230905522 12150.6230905522 0.632947829146149 2.10474683406159 15.25
3193 12149.1798533037 12149.1798533037 0.632947829146149 2.10474683406159 15.25
3194 12147.736793107 12147.736793107 0.632947829146149 2.10474683406159 15.25
3195 12146.2939100285 12146.2939100285 0.632947829146149 2.10474683406159 15.25
3196 12144.8512041676 12144.8512041676 0.632947829146149 2.10474683406159 15.25
3197 12143.4086755834 12143.4086755834 0.632947829146149 2.10474683406159 15.25
3198 12141.9663243391 12141.9663243391 0.632947829146149 2.10474683406159 15.25
3199 12140.5241504979 12140.5241504979 0.632947829146149 2.10474683406159 15.25
3200 12139.082154123 12139.082154123 0.632947829146149 2.10474683406159 15.25
3201 12137.6403352778 12137.6403352778 0.632947829146149 2.10474683406159 15.25
3202 12136.1986940255 12136.1986940255 0.632947829146149 2.10474683406159 15.25
3203 12134.7572304293 12134.7572304293 0.632947829146149 2.10474683406159 15.25
3204 12133.3159445525 12133.3159445525 0.632947829146149 2.10474683406159 15.25
3205 12131.8748364587 12131.8748364587 0.632947829146149 2.10474683406159 15.25
3206 12130.433906211 12130.433906211 0.632947829146149 2.10474683406159 15.25
3207 12128.9931538728 12128.9931538728 0.632947829146149 2.10474683406159 15.25
3208 12127.5525795077 12127.5525795077 0.632947829146149 2.10474683406159 15.25
3209 12126.1121831818 12126.1121831818 0.632947829146149 2.10474683406159 15.25
3210 12124.6719649568 12124.6719649568 0.632947829146149 2.10474683406159 15.25
3211 12123.2319248965 12123.2319248965 0.632947829146149 2.10474683406159 15.25
3212 12121.7920630623 12121.7920630623 0.632947829146149 2.10474683406159 15.25
3213 12120.3523795185 12120.3523795185 0.632947829146149 2.10474683406159 15.25
3214 12118.9128743286 12118.9128743286 0.632947829146149 2.10474683406159 15.25
3215 12117.4735475561 12117.4735475561 0.632947829146149 2.10474683406159 15.25
3216 12116.0343992647 12116.0343992647 0.632947829146149 2.10474683406159 15.25
3217 12114.5954295179 12114.5954295179 0.632947829146149 2.10474683406159 15.25
3218 12113.1566383787 12113.1566383787 0.632947829146149 2.10474683406159 15.25
3219 12111.7180259127 12111.7180259127 0.632947829146149 2.10474683406159 15.25
3220 12110.2795921817 12110.2795921817 0.632947829146149 2.10474683406159 15.25
3221 12108.84133725 12108.84133725 0.632947829146149 2.10474683406159 15.25
3222 12107.4032611819 12107.4032611819 0.632947829146149 2.10474683406159 15.25
3223 12105.9653640445 12105.9653640445 0.632947829146149 2.10474683406159 15.25
3224 12104.5276458982 12104.5276458982 0.632947829146149 2.10474683406159 15.25
3225 12103.0901068062 12103.0901068062 0.632947829146149 2.10474683406159 15.25
3226 12101.652746833 12101.652746833 0.632947829146149 2.10474683406159 15.25
3227 12100.2155660404 12100.2155660404 0.632947829146149 2.10474683406159 15.25
3228 12098.7785644943 12098.7785644943 0.632947829146149 2.10474683406159 15.25
3229 12097.3417422578 12097.3417422578 0.632947829146149 2.10474683406159 15.25
3230 12095.9050993949 12095.9050993949 0.632947829146149 2.10474683406159 15.25
3231 12094.4686359696 12094.4686359696 0.632947829146149 2.10474683406159 15.25
3232 12093.0323520456 12093.0323520456 0.632947829146149 2.10474683406159 15.25
3233 12091.5962476871 12091.5962476871 0.632947829146149 2.10474683406159 15.25
3234 12090.1603229586 12090.1603229586 0.632947829146149 2.10474683406159 15.25
3235 12088.7245779222 12088.7245779222 0.632947829146149 2.10474683406159 15.25
3236 12087.2890126462 12087.2890126462 0.632947829146149 2.10474683406159 15.25
3237 12085.8536271938 12085.8536271938 0.632947829146149 2.10474683406159 15.25
3238 12084.418421599 12084.418421599 0.632947829146149 2.10474683406159 15.25
3239 12082.9833959135 12082.9833959135 0.632947829146149 2.10474683406159 15.25
3240 12081.5485502425 12081.5485502425 0.632947829146149 2.10474683406159 15.25
3241 12080.113884648 12080.113884648 0.632947829146149 2.10474683406159 15.25
3242 12078.6793991963 12078.6793991963 0.632947829146149 2.10474683406159 15.25
3243 12077.2450939509 12077.2450939509 0.632947829146149 2.10474683406159 15.25
3244 12075.810968976 12075.810968976 0.632947829146149 2.10474683406159 15.25
3245 12074.3770243358 12074.3770243358 0.632947829146149 2.10474683406159 15.25
3246 12072.9432600947 12072.9432600947 0.632947829146149 2.10474683406159 15.25
3247 12071.5096763168 12071.5096763168 0.632947829146149 2.10474683406159 15.25
3248 12070.0762730664 12070.0762730664 0.632947829146149 2.10474683406159 15.25
3249 12068.6430504073 12068.6430504073 0.632947829146149 2.10474683406159 15.25
3250 12067.2100084103 12067.2100084103 0.632947829146149 2.10474683406159 15.25
3251 12065.7771471331 12065.7771471331 0.632947829146149 2.10474683406159 15.25
3252 12064.344466641 12064.344466641 0.632947829146149 2.10474683406159 15.25
3253 12062.9119669983 12062.9119669983 0.632947829146149 2.10474683406159 15.25
3254 12061.4796482695 12061.4796482695 0.632947829146149 2.10474683406159 15.25
3255 12060.0475105189 12060.0475105189 0.632947829146149 2.10474683406159 15.25
3256 12058.6155538112 12058.6155538112 0.632947829146149 2.10474683406159 15.25
3257 12057.1837782108 12057.1837782108 0.632947829146149 2.10474683406159 15.25
3258 12055.7521837821 12055.7521837821 0.632947829146149 2.10474683406159 15.25
3259 12054.3207705892 12054.3207705892 0.632947829146149 2.10474683406159 15.25
3260 12052.8895386986 12052.8895386986 0.632947829146149 2.10474683406159 15.25
3261 12051.4584881728 12051.4584881728 0.632947829146149 2.10474683406159 15.25
3262 12050.0276190772 12050.0276190772 0.632947829146149 2.10474683406159 15.25
3263 12048.5969314786 12048.5969314786 0.632947829146149 2.10474683406159 15.25
3264 12047.1664254417 12047.1664254417 0.632947829146149 2.10474683406159 15.25
3265 12045.7361010289 12045.7361010289 0.632947829146149 2.10474683406159 15.25
3266 12044.305958305 12044.305958305 0.632947829146149 2.10474683406159 15.25
3267 12042.8759973346 12042.8759973346 0.632947829146149 2.10474683406159 15.25
3268 12041.4462181826 12041.4462181826 0.632947829146149 2.10474683406159 15.25
3269 12040.0166209143 12040.0166209143 0.632947829146149 2.10474683406159 15.25
3270 12038.5872055926 12038.5872055926 0.632947829146149 2.10474683406159 15.25
3271 12037.1579722843 12037.1579722843 0.632947829146149 2.10474683406159 15.25
3272 12035.7289210535 12035.7289210535 0.632947829146149 2.10474683406159 15.25
3273 12034.3000519651 12034.3000519651 0.632947829146149 2.10474683406159 15.25
3274 12032.8713650841 12032.8713650841 0.632947829146149 2.10474683406159 15.25
3275 12031.4428604752 12031.4428604752 0.632947829146149 2.10474683406159 15.25
3276 12030.0145382036 12030.0145382036 0.632947829146149 2.10474683406159 15.25
3277 12028.5863983384 12028.5863983384 0.632947829146149 2.10474683406159 15.25
3278 12027.1584409403 12027.1584409403 0.632947829146149 2.10474683406159 15.25
3279 12025.730666075 12025.730666075 0.632947829146149 2.10474683406159 15.25
3280 12024.3030738054 12024.3030738054 0.632947829146149 2.10474683406159 15.25
3281 12022.8756641986 12022.8756641986 0.632947829146149 2.10474683406159 15.25
3282 12021.4484372978 12021.4484372978 0.632947829146149 2.10474683406159 15.25
3283 12020.021393142 12020.021393142 0.632947829146149 2.10474683406159 15.25
3284 12018.5945318436 12018.5945318436 0.632947829146149 2.10474683406159 15.25
3285 12017.1678534678 12017.1678534678 0.632947829146149 2.10474683406159 15.25
3286 12015.7413580796 12015.7413580796 0.632947829146149 2.10474683406159 15.25
3287 12014.3150457444 12014.3150457444 0.632947829146149 2.10474683406159 15.25
3288 12012.8889165279 12012.8889165279 0.632947829146149 2.10474683406159 15.25
3289 12011.4629704934 12011.4629704934 0.632947829146149 2.10474683406159 15.25
3290 12010.0372077103 12010.0372077103 0.632947829146149 2.10474683406159 15.25
3291 12008.6116282432 12008.6116282432 0.632947829146149 2.10474683406159 15.25
3292 12007.1862321552 12007.1862321552 0.632947829146149 2.10474683406159 15.25
3293 12005.7610195116 12005.7610195116 0.632947829146149 2.10474683406159 15.25
3294 12004.3359903779 12004.3359903779 0.632947829146149 2.10474683406159 15.25
3295 12002.9111448192 12002.9111448192 0.632947829146149 2.10474683406159 15.25
3296 12001.4864829011 12001.4864829011 0.632947829146149 2.10474683406159 15.25
3297 12000.0620046894 12000.0620046894 0.632947829146149 2.10474683406159 15.25
3298 11998.6377102491 11998.6377102491 0.632947829146149 2.10474683406159 15.25
3299 11997.2135996456 11997.2135996456 0.632947829146149 2.10474683406159 15.25
3300 11995.7896729437 11995.7896729437 0.632947829146149 2.10474683406159 15.25
3301 11994.365930211 11994.365930211 0.632947829146149 2.10474683406159 15.25
3302 11992.9423715108 11992.9423715108 0.632947829146149 2.10474683406159 15.25
3303 11991.5189969095 11991.5189969095 0.632947829146149 2.10474683406159 15.25
3304 11990.0958064764 11990.0958064764 0.632947829146149 2.10474683406159 15.25
3305 11988.6728002738 11988.6728002738 0.632947829146149 2.10474683406159 15.25
3306 11987.2499783668 11987.2499783668 0.632947829146149 2.10474683406159 15.25
3307 11985.8273408217 11985.8273408217 0.632947829146149 2.10474683406159 15.25
3308 11984.4048877021 11984.4048877021 0.632947829146149 2.10474683406159 15.25
3309 11982.9826190758 11982.9826190758 0.632947829146149 2.10474683406159 15.25
3310 11981.5605350077 11981.5605350077 0.632947829146149 2.10474683406159 15.25
3311 11980.1386355636 11980.1386355636 0.632947829146149 2.10474683406159 15.25
3312 11978.7169208093 11978.7169208093 0.632947829146149 2.10474683406159 15.25
3313 11977.2953908104 11977.2953908104 0.632947829146149 2.10474683406159 15.25
3314 11975.8740456328 11975.8740456328 0.632947829146149 2.10474683406159 15.25
3315 11974.4528853424 11974.4528853424 0.632947829146149 2.10474683406159 15.25
3316 11973.0319100048 11973.0319100048 0.632947829146149 2.10474683406159 15.25
3317 11971.6111196877 11971.6111196877 0.632947829146149 2.10474683406159 15.25
3318 11970.190514458 11970.190514458 0.632947829146149 2.10474683406159 15.25
3319 11968.7700943781 11968.7700943781 0.632947829146149 2.10474683406159 15.25
3320 11967.3498595162 11967.3498595162 0.632947829146149 2.10474683406159 15.25
3321 11965.929809936 11965.929809936 0.632947829146149 2.10474683406159 15.25
3322 11964.5099457042 11964.5099457042 0.632947829146149 2.10474683406159 15.25
3323 11963.0902668869 11963.0902668869 0.632947829146149 2.10474683406159 15.25
3324 11961.67077355 11961.67077355 0.632947829146149 2.10474683406159 15.25
3325 11960.2514657597 11960.2514657597 0.632947829146149 2.10474683406159 15.25
3326 11958.8323435681 11958.8323435681 0.632947829146149 2.10474683406159 15.25
3327 11957.4134070003 11957.4134070003 0.632947829146149 2.10474683406159 15.25
3328 11955.9946561772 11955.9946561772 0.632947829146149 2.10474683406159 15.25
3329 11954.576091165 11954.576091165 0.632947829146149 2.10474683406159 15.25
3330 11953.1577120299 11953.1577120299 0.632947829146149 2.10474683406159 15.25
3331 11951.7395188417 11951.7395188417 0.632947829146149 2.10474683406159 15.25
3332 11950.3215116634 11950.3215116634 0.632947829146149 2.10474683406159 15.25
3333 11948.9036905608 11948.9036905608 0.632947829146149 2.10474683406159 15.25
3334 11947.4860556 11947.4860556 0.632947829146149 2.10474683406159 15.25
3335 11946.0686068474 11946.0686068474 0.632947829146149 2.10474683406159 15.25
3336 11944.6513443692 11944.6513443692 0.632947829146149 2.10474683406159 15.25
3337 11943.2342682317 11943.2342682317 0.632947829146149 2.10474683406159 15.25
3338 11941.8173785013 11941.8173785013 0.632947829146149 2.10474683406159 15.25
3339 11940.4006752444 11940.4006752444 0.632947829146149 2.10474683406159 15.25
3340 11938.9841585273 11938.9841585273 0.632947829146149 2.10474683406159 15.25
3341 11937.5678284164 11937.5678284164 0.632947829146149 2.10474683406159 15.25
3342 11936.1516849775 11936.1516849775 0.632947829146149 2.10474683406159 15.25
3343 11934.7357282798 11934.7357282798 0.632947829146149 2.10474683406159 15.25
3344 11933.3199583871 11933.3199583871 0.632947829146149 2.10474683406159 15.25
3345 11931.9043753699 11931.9043753699 0.632947829146149 2.10474683406159 15.25
3346 11930.4889792913 11930.4889792913 0.632947829146149 2.10474683406159 15.25
3347 11929.0737702178 11929.0737702178 0.632947829146149 2.10474683406159 15.25
3348 11927.658748216 11927.658748216 0.632947829146149 2.10474683406159 15.25
3349 11926.2439133525 11926.2439133525 0.632947829146149 2.10474683406159 15.25
3350 11924.8292656938 11924.8292656938 0.632947829146149 2.10474683406159 15.25
3351 11923.4148053067 11923.4148053067 0.632947829146149 2.10474683406159 15.25
3352 11922.0005322578 11922.0005322578 0.632947829146149 2.10474683406159 15.25
3353 11920.5864466138 11920.5864466138 0.632947829146149 2.10474683406159 15.25
3354 11919.1725484413 11919.1725484413 0.632947829146149 2.10474683406159 15.25
3355 11917.758837807 11917.758837807 0.632947829146149 2.10474683406159 15.25
3356 11916.3453147778 11916.3453147778 0.632947829146149 2.10474683406159 15.25
3357 11914.9319794205 11914.9319794205 0.632947829146149 2.10474683406159 15.25
3358 11913.5188318054 11913.5188318054 0.632947829146149 2.10474683406159 15.25
3359 11912.1058719962 11912.1058719962 0.632947829146149 2.10474683406159 15.25
3360 11910.6931000593 11910.6931000593 0.632947829146149 2.10474683406159 15.25
3361 11909.2805160608 11909.2805160608 0.632947829146149 2.10474683406159 15.25
3362 11907.8681200703 11907.8681200703 0.632947829146149 2.10474683406159 15.25
3363 11906.4559121506 11906.4559121506 0.632947829146149 2.10474683406159 15.25
3364 11905.0438923715 11905.0438923715 0.632947829146149 2.10474683406159 15.25
3365 11903.6320607992 11903.6320607992 0.632947829146149 2.10474683406159 15.25
3366 11902.2204175006 11902.2204175006 0.632947829146149 2.10474683406159 15.25
3367 11900.8089625427 11900.8089625427 0.632947829146149 2.10474683406159 15.25
3368 11899.3976959926 11899.3976959926 0.632947829146149 2.10474683406159 15.25
3369 11897.9866179173 11897.9866179173 0.632947829146149 2.10474683406159 15.25
3370 11896.5757283778 11896.5757283778 0.632947829146149 2.10474683406159 15.25
3371 11895.1650273862 11895.1650273862 0.632947829146149 2.10474683406159 15.25
3372 11893.7545150733 11893.7545150733 0.632947829146149 2.10474683406159 15.25
3373 11892.344191503 11892.344191503 0.632947829146149 2.10474683406159 15.25
3374 11890.9340567444 11890.9340567444 0.632947829146149 2.10474683406159 15.25
3375 11889.5241108633 11889.5241108633 0.632947829146149 2.10474683406159 15.25
3376 11888.1143539256 11888.1143539256 0.632947829146149 2.10474683406159 15.25
3377 11886.7047860006 11886.7047860006 0.632947829146149 2.10474683406159 15.25
3378 11885.2954071548 11885.2954071548 0.632947829146149 2.10474683406159 15.25
3379 11883.8862174554 11883.8862174554 0.632947829146149 2.10474683406159 15.25
3380 11882.4772169699 11882.4772169699 0.632947829146149 2.10474683406159 15.25
3381 11881.0684057655 11881.0684057655 0.632947829146149 2.10474683406159 15.25
3382 11879.6597839095 11879.6597839095 0.632947829146149 2.10474683406159 15.25
3383 11878.2513514694 11878.2513514694 0.632947829146149 2.10474683406159 15.25
3384 11876.8431085124 11876.8431085124 0.632947829146149 2.10474683406159 15.25
3385 11875.4350551097 11875.4350551097 0.632947829146149 2.10474683406159 15.25
3386 11874.0271913256 11874.0271913256 0.632947829146149 2.10474683406159 15.25
3387 11872.6195172269 11872.6195172269 0.632947829146149 2.10474683406159 15.25
3388 11871.2120328812 11871.2120328812 0.632947829146149 2.10474683406159 15.25
3389 11869.804738356 11869.804738356 0.632947829146149 2.10474683406159 15.25
3390 11868.3976337181 11868.3976337181 0.632947829146149 2.10474683406159 15.25
3391 11866.9907190372 11866.9907190372 0.632947829146149 2.10474683406159 15.25
3392 11865.5839943793 11865.5839943793 0.632947829146149 2.10474683406159 15.25
3393 11864.1774598107 11864.1774598107 0.632947829146149 2.10474683406159 15.25
3394 11862.7711154012 11862.7711154012 0.632947829146149 2.10474683406159 15.25
3395 11861.3649612176 11861.3649612176 0.632947829146149 2.10474683406159 15.25
3396 11859.9589973277 11859.9589973277 0.632947829146149 2.10474683406159 15.25
3397 11858.5532237991 11858.5532237991 0.632947829146149 2.10474683406159 15.25
3398 11857.147640701 11857.147640701 0.632947829146149 2.10474683406159 15.25
3399 11855.7422481022 11855.7422481022 0.632947829146149 2.10474683406159 15.25
3400 11854.337046068 11854.337046068 0.632947829146149 2.10474683406159 15.25
3401 11852.932034666 11852.932034666 0.632947829146149 2.10474683406159 15.25
3402 11851.5272139641 11851.5272139641 0.632947829146149 2.10474683406159 15.25
3403 11850.12258403 11850.12258403 0.632947829146149 2.10474683406159 15.25
3404 11848.7181449322 11848.7181449322 0.632947829146149 2.10474683406159 15.25
3405 11847.3138967381 11847.3138967381 0.632947829146149 2.10474683406159 15.25
3406 11845.9098395154 11845.9098395154 0.632947829146149 2.10474683406159 15.25
3407 11844.5059733314 11844.5059733314 0.632947829146149 2.10474683406159 15.25
3408 11843.1022982562 11843.1022982562 0.632947829146149 2.10474683406159 15.25
3409 11841.6988143563 11841.6988143563 0.632947829146149 2.10474683406159 15.25
3410 11840.2955216982 11840.2955216982 0.632947829146149 2.10474683406159 15.25
3411 11838.8924203522 11838.8924203522 0.632947829146149 2.10474683406159 15.25
3412 11837.4895103885 11837.4895103885 0.632947829146149 2.10474683406159 15.25
3413 11836.0867918733 11836.0867918733 0.632947829146149 2.10474683406159 15.25
3414 11834.6842648735 11834.6842648735 0.632947829146149 2.10474683406159 15.25
3415 11833.2819293898 11833.2819293898 0.632947829146149 2.10474683406159 15.25
3416 11831.8797855564 11831.8797855564 0.632947829146149 2.10474683406159 15.25
3417 11830.4778334428 11830.4778334428 0.632947829146149 2.10474683406159 15.25
3418 11829.0760731172 11829.0760731172 0.632947829146149 2.10474683406159 15.25
3419 11827.6745046478 11827.6745046478 0.632947829146149 2.10474683406159 15.25
3420 11826.2731281027 11826.2731281027 0.632947829146149 2.10474683406159 15.25
3421 11824.8719435502 11824.8719435502 0.632947829146149 2.10474683406159 15.25
3422 11823.4709510586 11823.4709510586 0.632947829146149 2.10474683406159 15.25
3423 11822.0701506961 11822.0701506961 0.632947829146149 2.10474683406159 15.25
3424 11820.6695425311 11820.6695425311 0.632947829146149 2.10474683406159 15.25
3425 11819.2691266329 11819.2691266329 0.632947829146149 2.10474683406159 15.25
3426 11817.8689030718 11817.8689030718 0.632947829146149 2.10474683406159 15.25
3427 11816.4688719133 11816.4688719133 0.632947829146149 2.10474683406159 15.25
3428 11815.0690332256 11815.0690332256 0.632947829146149 2.10474683406159 15.25
3429 11813.6693870773 11813.6693870773 0.632947829146149 2.10474683406159 15.25
3430 11812.2699335368 11812.2699335368 0.632947829146149 2.10474683406159 15.25
3431 11810.8706726724 11810.8706726724 0.632947829146149 2.10474683406159 15.25
3432 11809.4716045528 11809.4716045528 0.632947829146149 2.10474683406159 15.25
3433 11808.0727292464 11808.0727292464 0.632947829146149 2.10474683406159 15.25
3434 11806.6740468217 11806.6740468217 0.632947829146149 2.10474683406159 15.25
3435 11805.2755573474 11805.2755573474 0.632947829146149 2.10474683406159 15.25
3436 11803.877260892 11803.877260892 0.632947829146149 2.10474683406159 15.25
3437 11802.479157524 11802.479157524 0.632947829146149 2.10474683406159 15.25
3438 11801.0812473122 11801.0812473122 0.632947829146149 2.10474683406159 15.25
3439 11799.6835303282 11799.6835303282 0.632947829146149 2.10474683406159 15.25
3440 11798.2860066387 11798.2860066387 0.632947829146149 2.10474683406159 15.25
3441 11796.8886763113 11796.8886763113 0.632947829146149 2.10474683406159 15.25
3442 11795.4915394148 11795.4915394148 0.632947829146149 2.10474683406159 15.25
3443 11794.0945960178 11794.0945960178 0.632947829146149 2.10474683406159 15.25
3444 11792.6978461893 11792.6978461893 0.632947829146149 2.10474683406159 15.25
3445 11791.3012899979 11791.3012899979 0.632947829146149 2.10474683406159 15.25
3446 11789.9049275124 11789.9049275124 0.632947829146149 2.10474683406159 15.25
3447 11788.5087588018 11788.5087588018 0.632947829146149 2.10474683406159 15.25
3448 11787.1127839348 11787.1127839348 0.632947829146149 2.10474683406159 15.25
3449 11785.7170029804 11785.7170029804 0.632947829146149 2.10474683406159 15.25
3450 11784.3214160074 11784.3214160074 0.632947829146149 2.10474683406159 15.25
3451 11782.9260230848 11782.9260230848 0.632947829146149 2.10474683406159 15.25
3452 11781.5308242825 11781.5308242825 0.632947829146149 2.10474683406159 15.25
3453 11780.1358196715 11780.1358196715 0.632947829146149 2.10474683406159 15.25
3454 11778.7410093178 11778.7410093178 0.632947829146149 2.10474683406159 15.25
3455 11777.3463932904 11777.3463932904 0.632947829146149 2.10474683406159 15.25
3456 11775.9519716583 11775.9519716583 0.632947829146149 2.10474683406159 15.25
3457 11774.5577444907 11774.5577444907 0.632947829146149 2.10474683406159 15.25
3458 11773.1637118565 11773.1637118565 0.632947829146149 2.10474683406159 15.25
3459 11771.7698737651 11771.7698737651 0.632947829146149 2.10474683406159 15.25
3460 11770.3762303364 11770.3762303364 0.632947829146149 2.10474683406159 15.25
3461 11768.9827816486 11768.9827816486 0.632947829146149 2.10474683406159 15.25
3462 11767.5895277709 11767.5895277709 0.632947829146149 2.10474683406159 15.25
3463 11766.1964687725 11766.1964687725 0.632947829146149 2.10474683406159 15.25
3464 11764.8036047226 11764.8036047226 0.632947829146149 2.10474683406159 15.25
3465 11763.4109356904 11763.4109356904 0.632947829146149 2.10474683406159 15.25
3466 11762.0184617482 11762.0184617482 0.632947829146149 2.10474683406159 15.25
3467 11760.6261829634 11760.6261829634 0.632947829146149 2.10474683406159 15.25
3468 11759.2340994049 11759.2340994049 0.632947829146149 2.10474683406159 15.25
3469 11757.84221114 11757.84221114 0.632947829146149 2.10474683406159 15.25
3470 11756.4505182408 11756.4505182408 0.632947829146149 2.10474683406159 15.25
3471 11755.059020774 11755.059020774 0.632947829146149 2.10474683406159 15.25
3472 11753.6677188104 11753.6677188104 0.632947829146149 2.10474683406159 15.25
3473 11752.2766124207 11752.2766124207 0.632947829146149 2.10474683406159 15.25
3474 11750.8857016723 11750.8857016723 0.632947829146149 2.10474683406159 15.25
3475 11749.4949866355 11749.4949866355 0.632947829146149 2.10474683406159 15.25
3476 11748.1044673797 11748.1044673797 0.632947829146149 2.10474683406159 15.25
3477 11746.7141439744 11746.7141439744 0.632947829146149 2.10474683406159 15.25
3478 11745.3240164892 11745.3240164892 0.632947829146149 2.10474683406159 15.25
3479 11743.9340849947 11743.9340849947 0.632947829146149 2.10474683406159 15.25
3480 11742.5443495625 11742.5443495625 0.632947829146149 2.10474683406159 15.25
3481 11741.1548102591 11741.1548102591 0.632947829146149 2.10474683406159 15.25
3482 11739.7654671543 11739.7654671543 0.632947829146149 2.10474683406159 15.25
3483 11738.3763203176 11738.3763203176 0.632947829146149 2.10474683406159 15.25
3484 11736.9873698188 11736.9873698188 0.632947829146149 2.10474683406159 15.25
3485 11735.5986157277 11735.5986157277 0.632947829146149 2.10474683406159 15.25
3486 11734.2100581138 11734.2100581138 0.632947829146149 2.10474683406159 15.25
3487 11732.8216970471 11732.8216970471 0.632947829146149 2.10474683406159 15.25
3488 11731.4335325972 11731.4335325972 0.632947829146149 2.10474683406159 15.25
3489 11730.045564834 11730.045564834 0.632947829146149 2.10474683406159 15.25
3490 11728.6577938273 11728.6577938273 0.632947829146149 2.10474683406159 15.25
3491 11727.2702196469 11727.2702196469 0.632947829146149 2.10474683406159 15.25
3492 11725.8828423628 11725.8828423628 0.632947829146149 2.10474683406159 15.25
3493 11724.4956620484 11724.4956620484 0.632947829146149 2.10474683406159 15.25
3494 11723.1086787697 11723.1086787697 0.632947829146149 2.10474683406159 15.25
3495 11721.721892597 11721.721892597 0.632947829146149 2.10474683406159 15.25
3496 11720.3353036016 11720.3353036016 0.632947829146149 2.10474683406159 15.25
3497 11718.9489118507 11718.9489118507 0.632947829146149 2.10474683406159 15.25
3498 11717.5627174172 11717.5627174172 0.632947829146149 2.10474683406159 15.25
3499 11716.176720369 11716.176720369 0.632947829146149 2.10474683406159 15.25
3500 11714.7909207769 11714.7909207769 0.632947829146149 2.10474683406159 15.25
3501 11713.4053187109 11713.4053187109 0.632947829146149 2.10474683406159 15.25
3502 11712.0199142411 11712.0199142411 0.632947829146149 2.10474683406159 15.25
3503 11710.6347073853 11710.6347073853 0.632947829146149 2.10474683406159 15.25
3504 11709.2496982494 11709.2496982494 0.632947829146149 2.10474683406159 15.25
3505 11707.8648869202 11707.8648869202 0.632947829146149 2.10474683406159 15.25
3506 11706.4802734689 11706.4802734689 0.632947829146149 2.10474683406159 15.25
3507 11705.0958579677 11705.0958579677 0.632947829146149 2.10474683406159 15.25
3508 11703.7116404837 11703.7116404837 0.632947829146149 2.10474683406159 15.25
3509 11702.3276210874 11702.3276210874 0.632947829146149 2.10474683406159 15.25
3510 11700.943799849 11700.943799849 0.632947829146149 2.10474683406159 15.25
3511 11699.5601768389 11699.5601768389 0.632947829146149 2.10474683406159 15.25
3512 11698.1767521273 11698.1767521273 0.632947829146149 2.10474683406159 15.25
3513 11696.7935257846 11696.7935257846 0.632947829146149 2.10474683406159 15.25
3514 11695.4104978812 11695.4104978812 0.632947829146149 2.10474683406159 15.25
3515 11694.0276684876 11694.0276684876 0.632947829146149 2.10474683406159 15.25
3516 11692.645037674 11692.645037674 0.632947829146149 2.10474683406159 15.25
3517 11691.2626055111 11691.2626055111 0.632947829146149 2.10474683406159 15.25
3518 11689.8803720693 11689.8803720693 0.632947829146149 2.10474683406159 15.25
3519 11688.4983374191 11688.4983374191 0.632947829146149 2.10474683406159 15.25
3520 11687.1165016345 11687.1165016345 0.632947829146149 2.10474683406159 15.25
3521 11685.7348647814 11685.7348647814 0.632947829146149 2.10474683406159 15.25
3522 11684.3534269337 11684.3534269337 0.632947829146149 2.10474683406159 15.25
3523 11682.9721881591 11682.9721881591 0.632947829146149 2.10474683406159 15.25
3524 11681.5911485288 11681.5911485288 0.632947829146149 2.10474683406159 15.25
3525 11680.2103081137 11680.2103081137 0.632947829146149 2.10474683406159 15.25
3526 11678.8296669842 11678.8296669842 0.632947829146149 2.10474683406159 15.25
3527 11677.4492252112 11677.4492252112 0.632947829146149 2.10474683406159 15.25
3528 11676.0689828653 11676.0689828653 0.632947829146149 2.10474683406159 15.25
3529 11674.6889400172 11674.6889400172 0.632947829146149 2.10474683406159 15.25
3530 11673.3090967378 11673.3090967378 0.632947829146149 2.10474683406159 15.25
3531 11671.9294530977 11671.9294530977 0.632947829146149 2.10474683406159 15.25
3532 11670.5500091678 11670.5500091678 0.632947829146149 2.10474683406159 15.25
3533 11669.1707650199 11669.1707650199 0.632947829146149 2.10474683406159 15.25
3534 11667.7917207266 11667.7917207266 0.632947829146149 2.10474683406159 15.25
3535 11666.4128763562 11666.4128763562 0.632947829146149 2.10474683406159 15.25
3536 11665.0342319793 11665.0342319793 0.632947829146149 2.10474683406159 15.25
3537 11663.655787667 11663.655787667 0.632947829146149 2.10474683406159 15.25
3538 11662.2775434901 11662.2775434901 0.632947829146149 2.10474683406159 15.25
3539 11660.8994995197 11660.8994995197 0.632947829146149 2.10474683406159 15.25
3540 11659.5216558268 11659.5216558268 0.632947829146149 2.10474683406159 15.25
3541 11658.1440124822 11658.1440124822 0.632947829146149 2.10474683406159 15.25
3542 11656.7665695579 11656.7665695579 0.632947829146149 2.10474683406159 15.25
3543 11655.389327122 11655.389327122 0.632947829146149 2.10474683406159 15.25
3544 11654.0122852498 11654.0122852498 0.632947829146149 2.10474683406159 15.25
3545 11652.6354440096 11652.6354440096 0.632947829146149 2.10474683406159 15.25
3546 11651.2588034732 11651.2588034732 0.632947829146149 2.10474683406159 15.25
3547 11649.8823636698 11649.8823636698 0.632947829146149 2.10474683406159 15.25
3548 11648.5061246901 11648.5061246901 0.632947829146149 2.10474683406159 15.25
3549 11647.1300866263 11647.1300866263 0.632947829146149 2.10474683406159 15.25
3550 11645.7542495518 11645.7542495518 0.632947829146149 2.10474683406159 15.25
3551 11644.3786135371 11644.3786135371 0.632947829146149 2.10474683406159 15.25
3552 11643.0031786535 11643.0031786535 0.632947829146149 2.10474683406159 15.25
3553 11641.6279449723 11641.6279449723 0.632947829146149 2.10474683406159 15.25
3554 11640.2529125648 11640.2529125648 0.632947829146149 2.10474683406159 15.25
3555 11638.8780815029 11638.8780815029 0.632947829146149 2.10474683406159 15.25
3556 11637.5034518561 11637.5034518561 0.632947829146149 2.10474683406159 15.25
3557 11636.1290236978 11636.1290236978 0.632947829146149 2.10474683406159 15.25
3558 11634.7547970986 11634.7547970986 0.632947829146149 2.10474683406159 15.25
3559 11633.38077213 11633.38077213 0.632947829146149 2.10474683406159 15.25
3560 11632.0069488645 11632.0069488645 0.632947829146149 2.10474683406159 15.25
3561 11630.6333273753 11630.6333273753 0.632947829146149 2.10474683406159 15.25
3562 11629.2599077318 11629.2599077318 0.632947829146149 2.10474683406159 15.25
3563 11627.8866900034 11627.8866900034 0.632947829146149 2.10474683406159 15.25
3564 11626.5136742639 11626.5136742639 0.632947829146149 2.10474683406159 15.25
3565 11625.140860584 11625.140860584 0.632947829146149 2.10474683406159 15.25
3566 11623.7682490354 11623.7682490354 0.632947829146149 2.10474683406159 15.25
3567 11622.3958396897 11622.3958396897 0.632947829146149 2.10474683406159 15.25
3568 11621.0236326184 11621.0236326184 0.632947829146149 2.10474683406159 15.25
3569 11619.6516278934 11619.6516278934 0.632947829146149 2.10474683406159 15.25
3570 11618.2798255862 11618.2798255862 0.632947829146149 2.10474683406159 15.25
3571 11616.9082257686 11616.9082257686 0.632947829146149 2.10474683406159 15.25
3572 11615.5368285122 11615.5368285122 0.632947829146149 2.10474683406159 15.25
3573 11614.165633889 11614.165633889 0.632947829146149 2.10474683406159 15.25
3574 11612.7946419734 11612.7946419734 0.632947829146149 2.10474683406159 15.25
3575 11611.4238528353 11611.4238528353 0.632947829146149 2.10474683406159 15.25
3576 11610.0532665457 11610.0532665457 0.632947829146149 2.10474683406159 15.25
3577 11608.6828831764 11608.6828831764 0.632947829146149 2.10474683406159 15.25
3578 11607.3127027993 11607.3127027993 0.632947829146149 2.10474683406159 15.25
3579 11605.9427254862 11605.9427254862 0.632947829146149 2.10474683406159 15.25
3580 11604.5729513092 11604.5729513092 0.632947829146149 2.10474683406159 15.25
3581 11603.2033803401 11603.2033803401 0.632947829146149 2.10474683406159 15.25
3582 11601.8340126508 11601.8340126508 0.632947829146149 2.10474683406159 15.25
3583 11600.4648483135 11600.4648483135 0.632947829146149 2.10474683406159 15.25
3584 11599.0958874001 11599.0958874001 0.632947829146149 2.10474683406159 15.25
3585 11597.7271299826 11597.7271299826 0.632947829146149 2.10474683406159 15.25
3586 11596.358576133 11596.358576133 0.632947829146149 2.10474683406159 15.25
3587 11594.9902259245 11594.9902259245 0.632947829146149 2.10474683406159 15.25
3588 11593.622079431 11593.622079431 0.632947829146149 2.10474683406159 15.25
3589 11592.2541367217 11592.2541367217 0.632947829146149 2.10474683406159 15.25
3590 11590.8863978689 11590.8863978689 0.632947829146149 2.10474683406159 15.25
3591 11589.5188629067 11589.5188629067 0.632947829146149 2.10474683406159 15.25
3592 11588.1515319142 11588.1515319142 0.632947829146149 2.10474683406159 15.25
3593 11586.7844049947 11586.7844049947 0.632947829146149 2.10474683406159 15.25
3594 11585.4174822199 11585.4174822199 0.632947829146149 2.10474683406159 15.25
3595 11584.050763664 11584.050763664 0.632947829146149 2.10474683406159 15.25
3596 11582.6842493972 11582.6842493972 0.632947829146149 2.10474683406159 15.25
3597 11581.3179394926 11581.3179394926 0.632947829146149 2.10474683406159 15.25
3598 11579.9518340225 11579.9518340225 0.632947829146149 2.10474683406159 15.25
3599 11578.5859330592 11578.5859330592 0.632947829146149 2.10474683406159 15.25
3600 11577.2202366752 11577.2202366752 0.632947829146149 2.10474683406159 15.25
3601 11575.8547449456 11575.8547449456 0.632947829146149 2.10474683406159 15.25
3602 11574.489457941 11574.489457941 0.632947829146149 2.10474683406159 15.25
3603 11573.1243757329 11573.1243757329 0.632947829146149 2.10474683406159 15.25
3604 11571.7594983946 11571.7594983946 0.632947829146149 2.10474683406159 15.25
3605 11570.3948259956 11570.3948259956 0.632947829146149 2.10474683406159 15.25
3606 11569.0303586128 11569.0303586128 0.632947829146149 2.10474683406159 15.25
3607 11567.6660963159 11567.6660963159 0.632947829146149 2.10474683406159 15.25
3608 11566.3020391781 11566.3020391781 0.632947829146149 2.10474683406159 15.25
3609 11564.9381872721 11564.9381872721 0.632947829146149 2.10474683406159 15.25
3610 11563.5745406704 11563.5745406704 0.632947829146149 2.10474683406159 15.25
3611 11562.2110994458 11562.2110994458 0.632947829146149 2.10474683406159 15.25
3612 11560.8478636708 11560.8478636708 0.632947829146149 2.10474683406159 15.25
3613 11559.4848334181 11559.4848334181 0.632947829146149 2.10474683406159 15.25
3614 11558.1220087615 11558.1220087615 0.632947829146149 2.10474683406159 15.25
3615 11556.7593897761 11556.7593897761 0.632947829146149 2.10474683406159 15.25
3616 11555.3969765298 11555.3969765298 0.632947829146149 2.10474683406159 15.25
3617 11554.0347690976 11554.0347690976 0.632947829146149 2.10474683406159 15.25
3618 11552.6727675515 11552.6727675515 0.632947829146149 2.10474683406159 15.25
3619 11551.3109719644 11551.3109719644 0.632947829146149 2.10474683406159 15.25
3620 11549.9493824091 11549.9493824091 0.632947829146149 2.10474683406159 15.25
3621 11548.5879989585 11548.5879989585 0.632947829146149 2.10474683406159 15.25
3622 11547.2268216855 11547.2268216855 0.632947829146149 2.10474683406159 15.25
3623 11545.865850663 11545.865850663 0.632947829146149 2.10474683406159 15.25
3624 11544.505085964 11544.505085964 0.632947829146149 2.10474683406159 15.25
3625 11543.1445276614 11543.1445276614 0.632947829146149 2.10474683406159 15.25
3626 11541.7841758275 11541.7841758275 0.632947829146149 2.10474683406159 15.25
3627 11540.4240305375 11540.4240305375 0.632947829146149 2.10474683406159 15.25
3628 11539.0640918649 11539.0640918649 0.632947829146149 2.10474683406159 15.25
3629 11537.7043598817 11537.7043598817 0.632947829146149 2.10474683406159 15.25
3630 11536.3448346602 11536.3448346602 0.632947829146149 2.10474683406159 15.25
3631 11534.9855162733 11534.9855162733 0.632947829146149 2.10474683406159 15.25
3632 11533.6264047943 11533.6264047943 0.632947829146149 2.10474683406159 15.25
3633 11532.2675002964 11532.2675002964 0.632947829146149 2.10474683406159 15.25
3634 11530.9088028526 11530.9088028526 0.632947829146149 2.10474683406159 15.25
3635 11529.5503125057 11529.5503125057 0.632947829146149 2.10474683406159 15.25
3636 11528.1920293206 11528.1920293206 0.632947829146149 2.10474683406159 15.25
3637 11526.8339534094 11526.8339534094 0.632947829146149 2.10474683406159 15.25
3638 11525.4760848454 11525.4760848454 0.632947829146149 2.10474683406159 15.25
3639 11524.1184237017 11524.1184237017 0.632947829146149 2.10474683406159 15.25
3640 11522.7609700518 11522.7609700518 0.632947829146149 2.10474683406159 15.25
3641 11521.4037239705 11521.4037239705 0.632947829146149 2.10474683406159 15.25
3642 11520.046685531 11520.046685531 0.632947829146149 2.10474683406159 15.25
3643 11518.689854806 11518.689854806 0.632947829146149 2.10474683406159 15.25
3644 11517.3332318682 11517.3332318682 0.632947829146149 2.10474683406159 15.25
3645 11515.976816791 11515.976816791 0.632947829146149 2.10474683406159 15.25
3646 11514.620609648 11514.620609648 0.632947829146149 2.10474683406159 15.25
3647 11513.2646105126 11513.2646105126 0.632947829146149 2.10474683406159 15.25
3648 11511.9088194583 11511.9088194583 0.632947829146149 2.10474683406159 15.25
3649 11510.5532365587 11510.5532365587 0.632947829146149 2.10474683406159 15.25
3650 11509.1978618872 11509.1978618872 0.632947829146149 2.10474683406159 15.25
3651 11507.8426955175 11507.8426955175 0.632947829146149 2.10474683406159 15.25
3652 11506.4877375232 11506.4877375232 0.632947829146149 2.10474683406159 15.25
3653 11505.1329879778 11505.1329879778 0.632947829146149 2.10474683406159 15.25
3654 11503.7784469544 11503.7784469544 0.632947829146149 2.10474683406159 15.25
3655 11502.4241145313 11502.4241145313 0.632947829146149 2.10474683406159 15.25
3656 11501.0699907784 11501.0699907784 0.632947829146149 2.10474683406159 15.25
3657 11499.7160757691 11499.7160757691 0.632947829146149 2.10474683406159 15.25
3658 11498.3623695773 11498.3623695773 0.632947829146149 2.10474683406159 15.25
3659 11497.0088722767 11497.0088722767 0.632947829146149 2.10474683406159 15.25
3660 11495.6555839411 11495.6555839411 0.632947829146149 2.10474683406159 15.25
3661 11494.3025046443 11494.3025046443 0.632947829146149 2.10474683406159 15.25
3662 11492.9496344608 11492.9496344608 0.632947829146149 2.10474683406159 15.25
3663 11491.5969734623 11491.5969734623 0.632947829146149 2.10474683406159 15.25
3664 11490.244521725 11490.244521725 0.632947829146149 2.10474683406159 15.25
3665 11488.8922793218 11488.8922793218 0.632947829146149 2.10474683406159 15.25
3666 11487.5402463269 11487.5402463269 0.632947829146149 2.10474683406159 15.25
3667 11486.188422814 11486.188422814 0.632947829146149 2.10474683406159 15.25
3668 11484.8368088582 11484.8368088582 0.632947829146149 2.10474683406159 15.25
3669 11483.485404535 11483.485404535 0.632947829146149 2.10474683406159 15.25
3670 11482.1342099167 11482.1342099167 0.632947829146149 2.10474683406159 15.25
3671 11480.7832250751 11480.7832250751 0.632947829146149 2.10474683406159 15.25
3672 11479.4324500864 11479.4324500864 0.632947829146149 2.10474683406159 15.25
3673 11478.0818850241 11478.0818850241 0.632947829146149 2.10474683406159 15.25
3674 11476.7315299621 11476.7315299621 0.632947829146149 2.10474683406159 15.25
3675 11475.381384974 11475.381384974 0.632947829146149 2.10474683406159 15.25
3676 11474.031450136 11474.031450136 0.632947829146149 2.10474683406159 15.25
3677 11472.6817255202 11472.6817255202 0.632947829146149 2.10474683406159 15.25
3678 11471.3322112015 11471.3322112015 0.632947829146149 2.10474683406159 15.25
3679 11469.9829072312 11469.9829072312 0.632947829146149 2.10474683406159 15.25
3680 11468.6338136601 11468.6338136601 0.632947829146149 2.10474683406159 15.25
3681 11467.2849306088 11467.2849306088 0.632947829146149 2.10474683406159 15.25
3682 11465.9362581542 11465.9362581542 0.632947829146149 2.10474683406159 15.25
3683 11464.587796369 11464.587796369 0.632947829146149 2.10474683406159 15.25
3684 11463.2395453266 11463.2395453266 0.632947829146149 2.10474683406159 15.25
3685 11461.8915051014 11461.8915051014 0.632947829146149 2.10474683406159 15.25
3686 11460.5436757677 11460.5436757677 0.632947829146149 2.10474683406159 15.25
3687 11459.1960574 11459.1960574 0.632947829146149 2.10474683406159 15.25
3688 11457.8486500728 11457.8486500728 0.632947829146149 2.10474683406159 15.25
3689 11456.5014538604 11456.5014538604 0.632947829146149 2.10474683406159 15.25
3690 11455.1544688374 11455.1544688374 0.632947829146149 2.10474683406159 15.25
3691 11453.8076950783 11453.8076950783 0.632947829146149 2.10474683406159 15.25
3692 11452.4611326575 11452.4611326575 0.632947829146149 2.10474683406159 15.25
3693 11451.1147816498 11451.1147816498 0.632947829146149 2.10474683406159 15.25
3694 11449.7686421296 11449.7686421296 0.632947829146149 2.10474683406159 15.25
3695 11448.4227141723 11448.4227141723 0.632947829146149 2.10474683406159 15.25
3696 11447.0769978545 11447.0769978545 0.632947829146149 2.10474683406159 15.25
3697 11445.731493248 11445.731493248 0.632947829146149 2.10474683406159 15.25
3698 11444.3862004277 11444.3862004277 0.632947829146149 2.10474683406159 15.25
3699 11443.0411194681 11443.0411194681 0.632947829146149 2.10474683406159 15.25
3700 11441.696250444 11441.696250444 0.632947829146149 2.10474683406159 15.25
3701 11440.3515934302 11440.3515934302 0.632947829146149 2.10474683406159 15.25
3702 11439.0071485013 11439.0071485013 0.632947829146149 2.10474683406159 15.25
3703 11437.6629157323 11437.6629157323 0.632947829146149 2.10474683406159 15.25
3704 11436.3188951979 11436.3188951979 0.632947829146149 2.10474683406159 15.25
3705 11434.9750869729 11434.9750869729 0.632947829146149 2.10474683406159 15.25
3706 11433.6314911325 11433.6314911325 0.632947829146149 2.10474683406159 15.25
3707 11432.2881077499 11432.2881077499 0.632947829146149 2.10474683406159 15.25
3708 11430.9449369021 11430.9449369021 0.632947829146149 2.10474683406159 15.25
3709 11429.6019786663 11429.6019786663 0.632947829146149 2.10474683406159 15.25
3710 11428.2592331149 11428.2592331149 0.632947829146149 2.10474683406159 15.25
3711 11426.9167003225 11426.9167003225 0.632947829146149 2.10474683406159 15.25
3712 11425.574380364 11425.574380364 0.632947829146149 2.10474683406159 15.25
3713 11424.2322733151 11424.2322733151 0.632947829146149 2.10474683406159 15.25
3714 11422.8903792489 11422.8903792489 0.632947829146149 2.10474683406159 15.25
3715 11421.5486982425 11421.5486982425 0.632947829146149 2.10474683406159 15.25
3716 11420.2072303702 11420.2072303702 0.632947829146149 2.10474683406159 15.25
3717 11418.8659757073 11418.8659757073 0.632947829146149 2.10474683406159 15.25
3718 11417.5249343287 11417.5249343287 0.632947829146149 2.10474683406159 15.25
3719 11416.1841063098 11416.1841063098 0.632947829146149 2.10474683406159 15.25
3720 11414.8434917263 11414.8434917263 0.632947829146149 2.10474683406159 15.25
3721 11413.5030906515 11413.5030906515 0.632947829146149 2.10474683406159 15.25
3722 11412.1629031638 11412.1629031638 0.632947829146149 2.10474683406159 15.25
3723 11410.8229293235 11410.8229293235 0.632947829146149 2.10474683406159 15.25
3724 11409.4831691648 11409.4831691648 0.632947829146149 2.10474683406159 15.25
3725 11408.1436228171 11408.1436228171 0.632947829146149 2.10474683406159 15.25
3726 11406.8042903559 11406.8042903559 0.632947829146149 2.10474683406159 15.25
3727 11405.4651718563 11405.4651718563 0.632947829146149 2.10474683406159 15.25
3728 11404.1262673939 11404.1262673939 0.632947829146149 2.10474683406159 15.25
3729 11402.7875770439 11402.7875770439 0.632947829146149 2.10474683406159 15.25
3730 11401.4491008819 11401.4491008819 0.632947829146149 2.10474683406159 15.25
3731 11400.1108389833 11400.1108389833 0.632947829146149 2.10474683406159 15.25
3732 11398.7727914235 11398.7727914235 0.632947829146149 2.10474683406159 15.25
3733 11397.434958278 11397.434958278 0.632947829146149 2.10474683406159 15.25
3734 11396.0973396223 11396.0973396223 0.632947829146149 2.10474683406159 15.25
3735 11394.759935532 11394.759935532 0.632947829146149 2.10474683406159 15.25
3736 11393.4227460855 11393.4227460855 0.632947829146149 2.10474683406159 15.25
3737 11392.085771356 11392.085771356 0.632947829146149 2.10474683406159 15.25
3738 11390.7490114186 11390.7490114186 0.632947829146149 2.10474683406159 15.25
3739 11389.4124663489 11389.4124663489 0.632947829146149 2.10474683406159 15.25
3740 11388.0761362226 11388.0761362226 0.632947829146149 2.10474683406159 15.25
3741 11386.7400211154 11386.7400211154 0.632947829146149 2.10474683406159 15.25
3742 11385.404121103 11385.404121103 0.632947829146149 2.10474683406159 15.25
3743 11384.0684362611 11384.0684362611 0.632947829146149 2.10474683406159 15.25
3744 11382.7329666654 11382.7329666654 0.632947829146149 2.10474683406159 15.25
3745 11381.3977123917 11381.3977123917 0.632947829146149 2.10474683406159 15.25
3746 11380.0626735158 11380.0626735158 0.632947829146149 2.10474683406159 15.25
3747 11378.7278501136 11378.7278501136 0.632947829146149 2.10474683406159 15.25
3748 11377.3932422608 11377.3932422608 0.632947829146149 2.10474683406159 15.25
3749 11376.0588500345 11376.0588500345 0.632947829146149 2.10474683406159 15.25
3750 11374.7246735116 11374.7246735116 0.632947829146149 2.10474683406159 15.25
3751 11373.3907127657 11373.3907127657 0.632947829146149 2.10474683406159 15.25
3752 11372.0569678729 11372.0569678729 0.632947829146149 2.10474683406159 15.25
3753 11370.7234389091 11370.7234389091 0.632947829146149 2.10474683406159 15.25
3754 11369.3901259503 11369.3901259503 0.632947829146149 2.10474683406159 15.25
3755 11368.0570290725 11368.0570290725 0.632947829146149 2.10474683406159 15.25
3756 11366.7241483517 11366.7241483517 0.632947829146149 2.10474683406159 15.25
3757 11365.391483864 11365.391483864 0.632947829146149 2.10474683406159 15.25
3758 11364.0590356854 11364.0590356854 0.632947829146149 2.10474683406159 15.25
3759 11362.726803892 11362.726803892 0.632947829146149 2.10474683406159 15.25
3760 11361.39478856 11361.39478856 0.632947829146149 2.10474683406159 15.25
3761 11360.0629897655 11360.0629897655 0.632947829146149 2.10474683406159 15.25
3762 11358.7314075847 11358.7314075847 0.632947829146149 2.10474683406159 15.25
3763 11357.4000420966 11357.4000420966 0.632947829146149 2.10474683406159 15.25
3764 11356.0688933749 11356.0688933749 0.632947829146149 2.10474683406159 15.25
3765 11354.7379614956 11354.7379614956 0.632947829146149 2.10474683406159 15.25
3766 11353.4072465348 11353.4072465348 0.632947829146149 2.10474683406159 15.25
3767 11352.0767485612 11352.0767485612 0.632947829146149 2.10474683406159 15.25
3768 11350.7464675969 11350.7464675969 0.632947829146149 2.10474683406159 15.25
3769 11349.4164037801 11349.4164037801 0.632947829146149 2.10474683406159 15.25
3770 11348.0865571872 11348.0865571872 0.632947829146149 2.10474683406159 15.25
3771 11346.7569278944 11346.7569278944 0.632947829146149 2.10474683406159 15.25
3772 11345.4275159783 11345.4275159783 0.632947829146149 2.10474683406159 15.25
3773 11344.0983215152 11344.0983215152 0.632947829146149 2.10474683406159 15.25
3774 11342.7693445815 11342.7693445815 0.632947829146149 2.10474683406159 15.25
3775 11341.4405852539 11341.4405852539 0.632947829146149 2.10474683406159 15.25
3776 11340.1120436098 11340.1120436098 0.632947829146149 2.10474683406159 15.25
3777 11338.7837197267 11338.7837197267 0.632947829146149 2.10474683406159 15.25
3778 11337.4556136792 11337.4556136792 0.632947829146149 2.10474683406159 15.25
3779 11336.1277255436 11336.1277255436 0.632947829146149 2.10474683406159 15.25
3780 11334.8000553967 11334.8000553967 0.632947829146149 2.10474683406159 15.25
3781 11333.4726033151 11333.4726033151 0.632947829146149 2.10474683406159 15.25
3782 11332.1453693753 11332.1453693753 0.632947829146149 2.10474683406159 15.25
3783 11330.8183536541 11330.8183536541 0.632947829146149 2.10474683406159 15.25
3784 11329.4915562281 11329.4915562281 0.632947829146149 2.10474683406159 15.25
3785 11328.164977174 11328.164977174 0.632947829146149 2.10474683406159 15.25
3786 11326.8386165679 11326.8386165679 0.632947829146149 2.10474683406159 15.25
3787 11325.5124744885 11325.5124744885 0.632947829146149 2.10474683406159 15.25
3788 11324.1865510106 11324.1865510106 0.632947829146149 2.10474683406159 15.25
3789 11322.8608462117 11322.8608462117 0.632947829146149 2.10474683406159 15.25
3790 11321.5353601714 11321.5353601714 0.632947829146149 2.10474683406159 15.25
3791 11320.2100929634 11320.2100929634 0.632947829146149 2.10474683406159 15.25
3792 11318.8850446662 11318.8850446662 0.632947829146149 2.10474683406159 15.25
3793 11317.5602153548 11317.5602153548 0.632947829146149 2.10474683406159 15.25
3794 11316.2356051066 11316.2356051066 0.632947829146149 2.10474683406159 15.25
3795 11314.9112139987 11314.9112139987 0.632947829146149 2.10474683406159 15.25
3796 11313.5870421087 11313.5870421087 0.632947829146149 2.10474683406159 15.25
3797 11312.2630895114 11312.2630895114 0.632947829146149 2.10474683406159 15.25
3798 11310.939356286 11310.939356286 0.632947829146149 2.10474683406159 15.25
3799 11309.6158425088 11309.6158425088 0.632947829146149 2.10474683406159 15.25
3800 11308.2925482568 11308.2925482568 0.632947829146149 2.10474683406159 15.25
3801 11306.9694736072 11306.9694736072 0.632947829146149 2.10474683406159 15.25
3802 11305.646618637 11305.646618637 0.632947829146149 2.10474683406159 15.25
3803 11304.3239834245 11304.3239834245 0.632947829146149 2.10474683406159 15.25
3804 11303.0015680477 11303.0015680477 0.632947829146149 2.10474683406159 15.25
3805 11301.6793725818 11301.6793725818 0.632947829146149 2.10474683406159 15.25
3806 11300.3573971039 11300.3573971039 0.632947829146149 2.10474683406159 15.25
3807 11299.0356416913 11299.0356416913 0.632947829146149 2.10474683406159 15.25
3808 11297.7141064212 11297.7141064212 0.632947829146149 2.10474683406159 15.25
3809 11296.3927913709 11296.3927913709 0.632947829146149 2.10474683406159 15.25
3810 11295.0716966176 11295.0716966176 0.632947829146149 2.10474683406159 15.25
3811 11293.7508222387 11293.7508222387 0.632947829146149 2.10474683406159 15.25
3812 11292.4301682419 11292.4301682419 0.632947829146149 2.10474683406159 15.25
3813 11291.1097347738 11291.1097347738 0.632947829146149 2.10474683406159 15.25
3814 11289.7895219114 11289.7895219114 0.632947829146149 2.10474683406159 15.25
3815 11288.4695297343 11288.4695297343 0.632947829146149 2.10474683406159 15.25
3816 11287.1497583177 11287.1497583177 0.632947829146149 2.10474683406159 15.25
3817 11285.8302077429 11285.8302077429 0.632947829146149 2.10474683406159 15.25
3818 11284.5108780843 11284.5108780843 0.632947829146149 2.10474683406159 15.25
3819 11283.1917694193 11283.1917694193 0.632947829146149 2.10474683406159 15.25
3820 11281.8728818256 11281.8728818256 0.632947829146149 2.10474683406159 15.25
3821 11280.5542153798 11280.5542153798 0.632947829146149 2.10474683406159 15.25
3822 11279.2357701617 11279.2357701617 0.632947829146149 2.10474683406159 15.25
3823 11277.9175462468 11277.9175462468 0.632947829146149 2.10474683406159 15.25
3824 11276.5995437134 11276.5995437134 0.632947829146149 2.10474683406159 15.25
3825 11275.2817626391 11275.2817626391 0.632947829146149 2.10474683406159 15.25
3826 11273.9642031015 11273.9642031015 0.632947829146149 2.10474683406159 15.25
3827 11272.6468651784 11272.6468651784 0.632947829146149 2.10474683406159 15.25
3828 11271.3297489475 11271.3297489475 0.632947829146149 2.10474683406159 15.25
3829 11270.0128544865 11270.0128544865 0.632947829146149 2.10474683406159 15.25
3830 11268.6961818746 11268.6961818746 0.632947829146149 2.10474683406159 15.25
3831 11267.3797311897 11267.3797311897 0.632947829146149 2.10474683406159 15.25
3832 11266.063502508 11266.063502508 0.632947829146149 2.10474683406159 15.25
3833 11264.7474959073 11264.7474959073 0.632947829146149 2.10474683406159 15.25
3834 11263.4317114654 11263.4317114654 0.632947829146149 2.10474683406159 15.25
3835 11262.1161492603 11262.1161492603 0.632947829146149 2.10474683406159 15.25
3836 11260.8008093699 11260.8008093699 0.632947829146149 2.10474683406159 15.25
3837 11259.4856918719 11259.4856918719 0.632947829146149 2.10474683406159 15.25
3838 11258.1707968444 11258.1707968444 0.632947829146149 2.10474683406159 15.25
3839 11256.8561243661 11256.8561243661 0.632947829146149 2.10474683406159 15.25
3840 11255.5416745127 11255.5416745127 0.632947829146149 2.10474683406159 15.25
3841 11254.2274473645 11254.2274473645 0.632947829146149 2.10474683406159 15.25
3842 11252.9134429987 11252.9134429987 0.632947829146149 2.10474683406159 15.25
3843 11251.5996614934 11251.5996614934 0.632947829146149 2.10474683406159 15.25
3844 11250.2861029298 11250.2861029298 0.632947829146149 2.10474683406159 15.25
3845 11248.9727673828 11248.9727673828 0.632947829146149 2.10474683406159 15.25
3846 11247.6596549313 11247.6596549313 0.632947829146149 2.10474683406159 15.25
3847 11246.3467656513 11246.3467656513 0.632947829146149 2.10474683406159 15.25
3848 11245.0340996231 11245.0340996231 0.632947829146149 2.10474683406159 15.25
3849 11243.7216569243 11243.7216569243 0.632947829146149 2.10474683406159 15.25
3850 11242.4094376329 11242.4094376329 0.632947829146149 2.10474683406159 15.25
3851 11241.0974418273 11241.0974418273 0.632947829146149 2.10474683406159 15.25
3852 11239.7856695857 11239.7856695857 0.632947829146149 2.10474683406159 15.25
3853 11238.4741209857 11238.4741209857 0.632947829146149 2.10474683406159 15.25
3854 11237.1627961077 11237.1627961077 0.632947829146149 2.10474683406159 15.25
3855 11235.8516950279 11235.8516950279 0.632947829146149 2.10474683406159 15.25
3856 11234.5408177635 11234.5408177635 0.632947829146149 2.10474683406159 15.25
3857 11233.2301644485 11233.2301644485 0.632947829146149 2.10474683406159 15.25
3858 11231.9197351692 11231.9197351692 0.632947829146149 2.10474683406159 15.25
3859 11230.6095300023 11230.6095300023 0.632947829146149 2.10474683406159 15.25
3860 11229.2995490264 11229.2995490264 0.632947829146149 2.10474683406159 15.25
3861 11227.9897923198 11227.9897923198 0.632947829146149 2.10474683406159 15.25
3862 11226.6802599611 11226.6802599611 0.632947829146149 2.10474683406159 15.25
3863 11225.3709520289 11225.3709520289 0.632947829146149 2.10474683406159 15.25
3864 11224.0618686015 11224.0618686015 0.632947829146149 2.10474683406159 15.25
3865 11222.753009757 11222.753009757 0.632947829146149 2.10474683406159 15.25
3866 11221.444375576 11221.444375576 0.632947829146149 2.10474683406159 15.25
3867 11220.135966135 11220.135966135 0.632947829146149 2.10474683406159 15.25
3868 11218.8277815133 11218.8277815133 0.632947829146149 2.10474683406159 15.25
3869 11217.5198217889 11217.5198217889 0.632947829146149 2.10474683406159 15.25
3870 11216.2120870425 11216.2120870425 0.632947829146149 2.10474683406159 15.25
3871 11214.9045773539 11214.9045773539 0.632947829146149 2.10474683406159 15.25
3872 11213.5972927993 11213.5972927993 0.632947829146149 2.10474683406159 15.25
3873 11212.2902334582 11212.2902334582 0.632947829146149 2.10474683406159 15.25
3874 11210.9833994074 11210.9833994074 0.632947829146149 2.10474683406159 15.25
3875 11209.6767907276 11209.6767907276 0.632947829146149 2.10474683406159 15.25
3876 11208.3704074971 11208.3704074971 0.632947829146149 2.10474683406159 15.25
3877 11207.0642497947 11207.0642497947 0.632947829146149 2.10474683406159 15.25
3878 11205.7583176991 11205.7583176991 0.632947829146149 2.10474683406159 15.25
3879 11204.4526112894 11204.4526112894 0.632947829146149 2.10474683406159 15.25
3880 11203.1471306444 11203.1471306444 0.632947829146149 2.10474683406159 15.25
3881 11201.841875843 11201.841875843 0.632947829146149 2.10474683406159 15.25
3882 11200.5368469643 11200.5368469643 0.632947829146149 2.10474683406159 15.25
3883 11199.2320440871 11199.2320440871 0.632947829146149 2.10474683406159 15.25
3884 11197.927467292 11197.927467292 0.632947829146149 2.10474683406159 15.25
3885 11196.6231166581 11196.6231166581 0.632947829146149 2.10474683406159 15.25
3886 11195.3189922627 11195.3189922627 0.632947829146149 2.10474683406159 15.25
3887 11194.0150941851 11194.0150941851 0.632947829146149 2.10474683406159 15.25
3888 11192.711422504 11192.711422504 0.632947829146149 2.10474683406159 15.25
3889 11191.4079772988 11191.4079772988 0.632947829146149 2.10474683406159 15.25
3890 11190.1047586487 11190.1047586487 0.632947829146149 2.10474683406159 15.25
3891 11188.8017666329 11188.8017666329 0.632947829146149 2.10474683406159 15.25
3892 11187.4990013305 11187.4990013305 0.632947829146149 2.10474683406159 15.25
3893 11186.1964628207 11186.1964628207 0.632947829146149 2.10474683406159 15.25
3894 11184.8941511828 11184.8941511828 0.632947829146149 2.10474683406159 15.25
3895 11183.5920664961 11183.5920664961 0.632947829146149 2.10474683406159 15.25
3896 11182.2902088398 11182.2902088398 0.632947829146149 2.10474683406159 15.25
3897 11180.9885782936 11180.9885782936 0.632947829146149 2.10474683406159 15.25
3898 11179.6871749383 11179.6871749383 0.632947829146149 2.10474683406159 15.25
3899 11178.3859988528 11178.3859988528 0.632947829146149 2.10474683406159 15.25
3900 11177.08505006 11177.08505006 0.632947829146149 2.10474683406159 15.25
3901 11175.784328679 11175.784328679 0.632947829146149 2.10474683406159 15.25
3902 11174.4838348046 11174.4838348046 0.632947829146149 2.10474683406159 15.25
3903 11173.1835685162 11173.1835685162 0.632947829146149 2.10474683406159 15.25
3904 11171.8835298933 11171.8835298933 0.632947829146149 2.10474683406159 15.25
3905 11170.5837190154 11170.5837190154 0.632947829146149 2.10474683406159 15.25
3906 11169.2841359627 11169.2841359627 0.632947829146149 2.10474683406159 15.25
3907 11167.9847808126 11167.9847808126 0.632947829146149 2.10474683406159 15.25
3908 11166.6856536467 11166.6856536467 0.632947829146149 2.10474683406159 15.25
3909 11165.386754544 11165.386754544 0.632947829146149 2.10474683406159 15.25
3910 11164.0880835834 11164.0880835834 0.632947829146149 2.10474683406159 15.25
3911 11162.7896408484 11162.7896408484 0.632947829146149 2.10474683406159 15.25
3912 11161.4914264157 11161.4914264157 0.632947829146149 2.10474683406159 15.25
3913 11160.1934403648 11160.1934403648 0.632947829146149 2.10474683406159 15.25
3914 11158.8956827752 11158.8956827752 0.632947829146149 2.10474683406159 15.25
3915 11157.5981537268 11157.5981537268 0.632947829146149 2.10474683406159 15.25
3916 11156.3008532992 11156.3008532992 0.632947829146149 2.10474683406159 15.25
3917 11155.0037815723 11155.0037815723 0.632947829146149 2.10474683406159 15.25
3918 11153.7069386257 11153.7069386257 0.632947829146149 2.10474683406159 15.25
3919 11152.4103245394 11152.4103245394 0.632947829146149 2.10474683406159 15.25
3920 11151.1139393931 11151.1139393931 0.632947829146149 2.10474683406159 15.25
3921 11149.8177832667 11149.8177832667 0.632947829146149 2.10474683406159 15.25
3922 11148.5218562401 11148.5218562401 0.632947829146149 2.10474683406159 15.25
3923 11147.2261583925 11147.2261583925 0.632947829146149 2.10474683406159 15.25
3924 11145.9306898062 11145.9306898062 0.632947829146149 2.10474683406159 15.25
3925 11144.6354505613 11144.6354505613 0.632947829146149 2.10474683406159 15.25
3926 11143.340440736 11143.340440736 0.632947829146149 2.10474683406159 15.25
3927 11142.0456604101 11142.0456604101 0.632947829146149 2.10474683406159 15.25
3928 11140.7511096638 11140.7511096638 0.632947829146149 2.10474683406159 15.25
3929 11139.4567885771 11139.4567885771 0.632947829146149 2.10474683406159 15.25
3930 11138.16269723 11138.16269723 0.632947829146149 2.10474683406159 15.25
3931 11136.8688357027 11136.8688357027 0.632947829146149 2.10474683406159 15.25
3932 11135.5752040752 11135.5752040752 0.632947829146149 2.10474683406159 15.25
3933 11134.2818024277 11134.2818024277 0.632947829146149 2.10474683406159 15.25
3934 11132.9886308403 11132.9886308403 0.632947829146149 2.10474683406159 15.25
3935 11131.6956893932 11131.6956893932 0.632947829146149 2.10474683406159 15.25
3936 11130.4029781673 11130.4029781673 0.632947829146149 2.10474683406159 15.25
3937 11129.1104972408 11129.1104972408 0.632947829146149 2.10474683406159 15.25
3938 11127.8182466977 11127.8182466977 0.632947829146149 2.10474683406159 15.25
3939 11126.5262266169 11126.5262266169 0.632947829146149 2.10474683406159 15.25
3940 11125.2344370769 11125.2344370769 0.632947829146149 2.10474683406159 15.25
3941 11123.9428781602 11123.9428781602 0.632947829146149 2.10474683406159 15.25
3942 11122.6515499451 11122.6515499451 0.632947829146149 2.10474683406159 15.25
3943 11121.3604525124 11121.3604525124 0.632947829146149 2.10474683406159 15.25
3944 11120.0695858967 11120.0695858967 0.632947829146149 2.10474683406159 15.25
3945 11118.7789502006 11118.7789502006 0.632947829146149 2.10474683406159 15.25
3946 11117.4885455283 11117.4885455283 0.632947829146149 2.10474683406159 15.25
3947 11116.1983719598 11116.1983719598 0.632947829146149 2.10474683406159 15.25
3948 11114.9084295761 11114.9084295761 0.632947829146149 2.10474683406159 15.25
3949 11113.6187184576 11113.6187184576 0.632947829146149 2.10474683406159 15.25
3950 11112.3292386856 11112.3292386856 0.632947829146149 2.10474683406159 15.25
3951 11111.0399903391 11111.0399903391 0.632947829146149 2.10474683406159 15.25
3952 11109.7509735022 11109.7509735022 0.632947829146149 2.10474683406159 15.25
3953 11108.4621882528 11108.4621882528 0.632947829146149 2.10474683406159 15.25
3954 11107.1736346714 11107.1736346714 0.632947829146149 2.10474683406159 15.25
3955 11105.8853128388 11105.8853128388 0.632947829146149 2.10474683406159 15.25
3956 11104.5972228354 11104.5972228354 0.632947829146149 2.10474683406159 15.25
3957 11103.3093647428 11103.3093647428 0.632947829146149 2.10474683406159 15.25
3958 11102.0217386396 11102.0217386396 0.632947829146149 2.10474683406159 15.25
3959 11100.7343446085 11100.7343446085 0.632947829146149 2.10474683406159 15.25
3960 11099.4471827297 11099.4471827297 0.632947829146149 2.10474683406159 15.25
3961 11098.1602530838 11098.1602530838 0.632947829146149 2.10474683406159 15.25
3962 11096.8735557517 11096.8735557517 0.632947829146149 2.10474683406159 15.25
3963 11095.5870908143 11095.5870908143 0.632947829146149 2.10474683406159 15.25
3964 11094.3008583516 11094.3008583516 0.632947829146149 2.10474683406159 15.25
3965 11093.0148584486 11093.0148584486 0.632947829146149 2.10474683406159 15.25
3966 11091.7290911829 11091.7290911829 0.632947829146149 2.10474683406159 15.25
3967 11090.4435566354 11090.4435566354 0.632947829146149 2.10474683406159 15.25
3968 11089.1582548868 11089.1582548868 0.632947829146149 2.10474683406159 15.25
3969 11087.8731860183 11087.8731860183 0.632947829146149 2.10474683406159 15.25
3970 11086.5883501108 11086.5883501108 0.632947829146149 2.10474683406159 15.25
3971 11085.3037472453 11085.3037472453 0.632947829146149 2.10474683406159 15.25
3972 11084.0193775028 11084.0193775028 0.632947829146149 2.10474683406159 15.25
3973 11082.7352409644 11082.7352409644 0.632947829146149 2.10474683406159 15.25
3974 11081.4513377118 11081.4513377118 0.632947829146149 2.10474683406159 15.25
3975 11080.1676678241 11080.1676678241 0.632947829146149 2.10474683406159 15.25
3976 11078.8842313844 11078.8842313844 0.632947829146149 2.10474683406159 15.25
3977 11077.6010284732 11077.6010284732 0.632947829146149 2.10474683406159 15.25
3978 11076.3180591724 11076.3180591724 0.632947829146149 2.10474683406159 15.25
3979 11075.0353235645 11075.0353235645 0.632947829146149 2.10474683406159 15.25
3980 11073.7528217286 11073.7528217286 0.632947829146149 2.10474683406159 15.25
3981 11072.4705537454 11072.4705537454 0.632947829146149 2.10474683406159 15.25
3982 11071.188519698 11071.188519698 0.632947829146149 2.10474683406159 15.25
3983 11069.9067196658 11069.9067196658 0.632947829146149 2.10474683406159 15.25
3984 11068.6251537307 11068.6251537307 0.632947829146149 2.10474683406159 15.25
3985 11067.3438219741 11067.3438219741 0.632947829146149 2.10474683406159 15.25
3986 11066.0627244772 11066.0627244772 0.632947829146149 2.10474683406159 15.25
3987 11064.7818613216 11064.7818613216 0.632947829146149 2.10474683406159 15.25
3988 11063.50123255 11063.50123255 0.632947829146149 2.10474683406159 15.25
3989 11062.2208382511 11062.2208382511 0.632947829146149 2.10474683406159 15.25
3990 11060.9406785375 11060.9406785375 0.632947829146149 2.10474683406159 15.25
3991 11059.6607534908 11059.6607534908 0.632947829146149 2.10474683406159 15.25
3992 11058.3810631944 11058.3810631944 0.632947829146149 2.10474683406159 15.25
3993 11057.1016077286 11057.1016077286 0.632947829146149 2.10474683406159 15.25
3994 11055.8223871741 11055.8223871741 0.632947829146149 2.10474683406159 15.25
3995 11054.5434016133 11054.5434016133 0.632947829146149 2.10474683406159 15.25
3996 11053.2646511256 11053.2646511256 0.632947829146149 2.10474683406159 15.25
3997 11051.9861357946 11051.9861357946 0.632947829146149 2.10474683406159 15.25
3998 11050.7078557014 11050.7078557014 0.632947829146149 2.10474683406159 15.25
3999 11049.4298109275 11049.4298109275 0.632947829146149 2.10474683406159 15.25
4000 11048.1520015544 11048.1520015544 0.632947829146149 2.10474683406159 15.25
4001 11046.8744276639 11046.8744276639 0.632947829146149 2.10474683406159 15.25
4002 11045.5970893379 11045.5970893379 0.632947829146149 2.10474683406159 15.25
4003 11044.319986658 11044.319986658 0.632947829146149 2.10474683406159 15.25
4004 11043.0431197061 11043.0431197061 0.632947829146149 2.10474683406159 15.25
4005 11041.7664885648 11041.7664885648 0.632947829146149 2.10474683406159 15.25
4006 11040.4900933174 11040.4900933174 0.632947829146149 2.10474683406159 15.25
4007 11039.2139340418 11039.2139340418 0.632947829146149 2.10474683406159 15.25
4008 11037.9380108222 11037.9380108222 0.632947829146149 2.10474683406159 15.25
4009 11036.6623237395 11036.6623237395 0.632947829146149 2.10474683406159 15.25
4010 11035.3868728758 11035.3868728758 0.632947829146149 2.10474683406159 15.25
4011 11034.111658313 11034.111658313 0.632947829146149 2.10474683406159 15.25
4012 11032.8366801329 11032.8366801329 0.632947829146149 2.10474683406159 15.25
4013 11031.5619384175 11031.5619384175 0.632947829146149 2.10474683406159 15.25
4014 11030.2874332488 11030.2874332488 0.632947829146149 2.10474683406159 15.25
4015 11029.0131647089 11029.0131647089 0.632947829146149 2.10474683406159 15.25
4016 11027.7391328797 11027.7391328797 0.632947829146149 2.10474683406159 15.25
4017 11026.4653378441 11026.4653378441 0.632947829146149 2.10474683406159 15.25
4018 11025.1917796819 11025.1917796819 0.632947829146149 2.10474683406159 15.25
4019 11023.9184584796 11023.9184584796 0.632947829146149 2.10474683406159 15.25
4020 11022.6453743168 11022.6453743168 0.632947829146149 2.10474683406159 15.25
4021 11021.3725272752 11021.3725272752 0.632947829146149 2.10474683406159 15.25
4022 11020.0999174363 11020.0999174363 0.632947829146149 2.10474683406159 15.25
4023 11018.8275448844 11018.8275448844 0.632947829146149 2.10474683406159 15.25
4024 11017.5554096995 11017.5554096995 0.632947829146149 2.10474683406159 15.25
4025 11016.2835119647 11016.2835119647 0.632947829146149 2.10474683406159 15.25
4026 11015.0118517622 11015.0118517622 0.632947829146149 2.10474683406159 15.25
4027 11013.7404291742 11013.7404291742 0.632947829146149 2.10474683406159 15.25
4028 11012.469244283 11012.469244283 0.632947829146149 2.10474683406159 15.25
4029 11011.1982971711 11011.1982971711 0.632947829146149 2.10474683406159 15.25
4030 11009.9275879206 11009.9275879206 0.632947829146149 2.10474683406159 15.25
4031 11008.6571166141 11008.6571166141 0.632947829146149 2.10474683406159 15.25
4032 11007.386883304 11007.386883304 0.632947829146149 2.10474683406159 15.25
4033 11006.1168880651 11006.1168880651 0.632947829146149 2.10474683406159 15.25
4034 11004.8471310174 11004.8471310174 0.632947829146149 2.10474683406159 15.25
4035 11003.5776122432 11003.5776122432 0.632947829146149 2.10474683406159 15.25
4036 11002.3083318258 11002.3083318258 0.632947829146149 2.10474683406159 15.25
4037 11001.0392898455 11001.0392898455 0.632947829146149 2.10474683406159 15.25
4038 10999.770486387 10999.770486387 0.632947829146149 2.10474683406159 15.25
4039 10998.5019215329 10998.5019215329 0.632947829146149 2.10474683406159 15.25
4040 10997.2335953636 10997.2335953636 0.632947829146149 2.10474683406159 15.25
4041 10995.9655079638 10995.9655079638 0.632947829146149 2.10474683406159 15.25
4042 10994.6976594147 10994.6976594147 0.632947829146149 2.10474683406159 15.25
4043 10993.430049801 10993.430049801 0.632947829146149 2.10474683406159 15.25
4044 10992.1626792034 10992.1626792034 0.632947829146149 2.10474683406159 15.25
4045 10990.8955477045 10990.8955477045 0.632947829146149 2.10474683406159 15.25
4046 10989.6286553913 10989.6286553913 0.632947829146149 2.10474683406159 15.25
4047 10988.3620023422 10988.3620023422 0.632947829146149 2.10474683406159 15.25
4048 10987.0955886408 10987.0955886408 0.632947829146149 2.10474683406159 15.25
4049 10985.8294143696 10985.8294143696 0.632947829146149 2.10474683406159 15.25
4050 10984.5634796117 10984.5634796117 0.632947829146149 2.10474683406159 15.25
4051 10983.2977844497 10983.2977844497 0.632947829146149 2.10474683406159 15.25
4052 10982.0323289666 10982.0323289666 0.632947829146149 2.10474683406159 15.25
4053 10980.7671132451 10980.7671132451 0.632947829146149 2.10474683406159 15.25
4054 10979.5021373682 10979.5021373682 0.632947829146149 2.10474683406159 15.25
4055 10978.2374014187 10978.2374014187 0.632947829146149 2.10474683406159 15.25
4056 10976.9729054797 10976.9729054797 0.632947829146149 2.10474683406159 15.25
4057 10975.7086496341 10975.7086496341 0.632947829146149 2.10474683406159 15.25
4058 10974.4446339647 10974.4446339647 0.632947829146149 2.10474683406159 15.25
4059 10973.180858556 10973.180858556 0.632947829146149 2.10474683406159 15.25
4060 10971.9173234909 10971.9173234909 0.632947829146149 2.10474683406159 15.25
4061 10970.6540288511 10970.6540288511 0.632947829146149 2.10474683406159 15.25
4062 10969.3909747199 10969.3909747199 0.632947829146149 2.10474683406159 15.25
4063 10968.1281611802 10968.1281611802 0.632947829146149 2.10474683406159 15.25
4064 10966.8655883151 10966.8655883151 0.632947829146149 2.10474683406159 15.25
4065 10965.6032562079 10965.6032562079 0.632947829146149 2.10474683406159 15.25
4066 10964.3411649416 10964.3411649416 0.632947829146149 2.10474683406159 15.25
4067 10963.0793145994 10963.0793145994 0.632947829146149 2.10474683406159 15.25
4068 10961.8177052646 10961.8177052646 0.632947829146149 2.10474683406159 15.25
4069 10960.5563370203 10960.5563370203 0.632947829146149 2.10474683406159 15.25
4070 10959.2952099498 10959.2952099498 0.632947829146149 2.10474683406159 15.25
4071 10958.0343241364 10958.0343241364 0.632947829146149 2.10474683406159 15.25
4072 10956.7736796634 10956.7736796634 0.632947829146149 2.10474683406159 15.25
4073 10955.5132766165 10955.5132766165 0.632947829146149 2.10474683406159 15.25
4074 10954.2531150766 10954.2531150766 0.632947829146149 2.10474683406159 15.25
4075 10952.993195127 10952.993195127 0.632947829146149 2.10474683406159 15.25
4076 10951.7335168281 10951.7335168281 0.632947829146149 2.10474683406159 15.25
4077 10950.4740802388 10950.4740802388 0.632947829146149 2.10474683406159 15.25
4078 10949.2148854915 10949.2148854915 0.632947829146149 2.10474683406159 15.25
4079 10947.9559326675 10947.9559326675 0.632947829146149 2.10474683406159 15.25
4080 10946.6972218509 10946.6972218509 0.632947829146149 2.10474683406159 15.25
4081 10945.4387531254 10945.4387531254 0.632947829146149 2.10474683406159 15.25
4082 10944.1805265743 10944.1805265743 0.632947829146149 2.10474683406159 15.25
4083 10942.9225422812 10942.9225422812 0.632947829146149 2.10474683406159 15.25
4084 10941.6648003297 10941.6648003297 0.632947829146149 2.10474683406159 15.25
4085 10940.4073008041 10940.4073008041 0.632947829146149 2.10474683406159 15.25
4086 10939.1500437871 10939.1500437871 0.632947829146149 2.10474683406159 15.25
4087 10937.8930293644 10937.8930293644 0.632947829146149 2.10474683406159 15.25
4088 10936.6362576177 10936.6362576177 0.632947829146149 2.10474683406159 15.25
4089 10935.3797286307 10935.3797286307 0.632947829146149 2.10474683406159 15.25
4090 10934.1234424868 10934.1234424868 0.632947829146149 2.10474683406159 15.25
4091 10932.86739927 10932.86739927 0.632947829146149 2.10474683406159 15.25
4092 10931.6115990634 10931.6115990634 0.632947829146149 2.10474683406159 15.25
4093 10930.3560419528 10930.3560419528 0.632947829146149 2.10474683406159 15.25
4094 10929.1007280199 10929.1007280199 0.632947829146149 2.10474683406159 15.25
4095 10927.8456573492 10927.8456573492 0.632947829146149 2.10474683406159 15.25
4096 10926.5908300245 10926.5908300245 0.632947829146149 2.10474683406159 15.25
4097 10925.3362461296 10925.3362461296 0.632947829146149 2.10474683406159 15.25
4098 10924.0819057486 10924.0819057486 0.632947829146149 2.10474683406159 15.25
4099 10922.8278089654 10922.8278089654 0.632947829146149 2.10474683406159 15.25
4100 10921.5739558659 10921.5739558659 0.632947829146149 2.10474683406159 15.25
4101 10920.3203465319 10920.3203465319 0.632947829146149 2.10474683406159 15.25
4102 10919.0669810473 10919.0669810473 0.632947829146149 2.10474683406159 15.25
4103 10917.8138594962 10917.8138594962 0.632947829146149 2.10474683406159 15.25
4104 10916.5609819625 10916.5609819625 0.632947829146149 2.10474683406159 15.25
4105 10915.3083485302 10915.3083485302 0.632947829146149 2.10474683406159 15.25
4106 10914.0559592834 10914.0559592834 0.632947829146149 2.10474683406159 15.25
4107 10912.8038143056 10912.8038143056 0.632947829146149 2.10474683406159 15.25
4108 10911.5519136827 10911.5519136827 0.632947829146149 2.10474683406159 15.25
4109 10910.300257497 10910.300257497 0.632947829146149 2.10474683406159 15.25
4110 10909.0488458332 10909.0488458332 0.632947829146149 2.10474683406159 15.25
4111 10907.7976787754 10907.7976787754 0.632947829146149 2.10474683406159 15.25
4112 10906.546756408 10906.546756408 0.632947829146149 2.10474683406159 15.25
4113 10905.2960788164 10905.2960788164 0.632947829146149 2.10474683406159 15.25
4114 10904.0456460845 10904.0456460845 0.632947829146149 2.10474683406159 15.25
4115 10902.7954582955 10902.7954582955 0.632947829146149 2.10474683406159 15.25
4116 10901.5455155336 10901.5455155336 0.632947829146149 2.10474683406159 15.25
4117 10900.2958178833 10900.2958178833 0.632947829146149 2.10474683406159 15.25
4118 10899.0463654288 10899.0463654288 0.632947829146149 2.10474683406159 15.25
4119 10897.7971582544 10897.7971582544 0.632947829146149 2.10474683406159 15.25
4120 10896.5481964299 10896.5481964299 0.632947829146149 2.10474683406159 15.25
4121 10895.2994799982 10895.2994799982 0.632947829146149 2.10474683406159 15.25
4122 10894.0510091005 10894.0510091005 0.632947829146149 2.10474683406159 15.25
4123 10892.8027838205 10892.8027838205 0.632947829146149 2.10474683406159 15.25
4124 10891.5548042427 10891.5548042427 0.632947829146149 2.10474683406159 15.25
4125 10890.3070704515 10890.3070704515 0.632947829146149 2.10474683406159 15.25
4126 10889.0595825317 10889.0595825317 0.632947829146149 2.10474683406159 15.25
4127 10887.8123405696 10887.8123405696 0.632947829146149 2.10474683406159 15.25
4128 10886.5653446477 10886.5653446477 0.632947829146149 2.10474683406159 15.25
4129 10885.3185948502 10885.3185948502 0.632947829146149 2.10474683406159 15.25
4130 10884.072091262 10884.072091262 0.632947829146149 2.10474683406159 15.25
4131 10882.8258339677 10882.8258339677 0.632947829146149 2.10474683406159 15.25
4132 10881.5798230519 10881.5798230519 0.632947829146149 2.10474683406159 15.25
4133 10880.3340585986 10880.3340585986 0.632947829146149 2.10474683406159 15.25
4134 10879.0885406945 10879.0885406945 0.632947829146149 2.10474683406159 15.25
4135 10877.8432694222 10877.8432694222 0.632947829146149 2.10474683406159 15.25
4136 10876.5982448672 10876.5982448672 0.632947829146149 2.10474683406159 15.25
4137 10875.3534671142 10875.3534671142 0.632947829146149 2.10474683406159 15.25
4138 10874.1089362486 10874.1089362486 0.632947829146149 2.10474683406159 15.25
4139 10872.8646523531 10872.8646523531 0.632947829146149 2.10474683406159 15.25
4140 10871.6206155164 10871.6206155164 0.632947829146149 2.10474683406159 15.25
4141 10870.3768258213 10870.3768258213 0.632947829146149 2.10474683406159 15.25
4142 10869.1332833522 10869.1332833522 0.632947829146149 2.10474683406159 15.25
4143 10867.889988194 10867.889988194 0.632947829146149 2.10474683406159 15.25
4144 10866.6469404314 10866.6469404314 0.632947829146149 2.10474683406159 15.25
4145 10865.4041401495 10865.4041401495 0.632947829146149 2.10474683406159 15.25
4146 10864.1615874332 10864.1615874332 0.632947829146149 2.10474683406159 15.25
4147 10862.9192823674 10862.9192823674 0.632947829146149 2.10474683406159 15.25
4148 10861.677225037 10861.677225037 0.632947829146149 2.10474683406159 15.25
4149 10860.4354155272 10860.4354155272 0.632947829146149 2.10474683406159 15.25
4150 10859.1938539228 10859.1938539228 0.632947829146149 2.10474683406159 15.25
4151 10857.952540309 10857.952540309 0.632947829146149 2.10474683406159 15.25
4152 10856.7114747709 10856.7114747709 0.632947829146149 2.10474683406159 15.25
4153 10855.4706573939 10855.4706573939 0.632947829146149 2.10474683406159 15.25
4154 10854.2300882645 10854.2300882645 0.632947829146149 2.10474683406159 15.25
4155 10852.989767466 10852.989767466 0.632947829146149 2.10474683406159 15.25
4156 10851.7496950829 10851.7496950829 0.632947829146149 2.10474683406159 15.25
4157 10850.5098712024 10850.5098712024 0.632947829146149 2.10474683406159 15.25
4158 10849.2702959077 10849.2702959077 0.632947829146149 2.10474683406159 15.25
4159 10848.0309692846 10848.0309692846 0.632947829146149 2.10474683406159 15.25
4160 10846.7918914184 10846.7918914184 0.632947829146149 2.10474683406159 15.25
4161 10845.5530623951 10845.5530623951 0.632947829146149 2.10474683406159 15.25
4162 10844.3144822978 10844.3144822978 0.632947829146149 2.10474683406159 15.25
4163 10843.076151214 10843.076151214 0.632947829146149 2.10474683406159 15.25
4164 10841.8380692212 10841.8380692212 0.632947829146149 2.10474683406159 15.25
4165 10840.6002363478 10840.6002363478 0.632947829146149 2.10474683406159 15.25
4166 10839.3626527439 10839.3626527439 0.632947829146149 2.10474683406159 15.25
4167 10838.1253184961 10838.1253184961 0.632947829146149 2.10474683406159 15.25
4168 10836.8882336881 10836.8882336881 0.632947829146149 2.10474683406159 15.25
4169 10835.6513984052 10835.6513984052 0.632947829146149 2.10474683406159 15.25
4170 10834.4148127327 10834.4148127327 0.632947829146149 2.10474683406159 15.25
4171 10833.1784767562 10833.1784767562 0.632947829146149 2.10474683406159 15.25
4172 10831.9423905611 10831.9423905611 0.632947829146149 2.10474683406159 15.25
4173 10830.706554233 10830.706554233 0.632947829146149 2.10474683406159 15.25
4174 10829.4709678574 10829.4709678574 0.632947829146149 2.10474683406159 15.25
4175 10828.2356315192 10828.2356315192 0.632947829146149 2.10474683406159 15.25
4176 10827.0005453068 10827.0005453068 0.632947829146149 2.10474683406159 15.25
4177 10825.7657093015 10825.7657093015 0.632947829146149 2.10474683406159 15.25
4178 10824.5311235918 10824.5311235918 0.632947829146149 2.10474683406159 15.25
4179 10823.2967882627 10823.2967882627 0.632947829146149 2.10474683406159 15.25
4180 10822.0627034006 10822.0627034006 0.632947829146149 2.10474683406159 15.25
4181 10820.8288690918 10820.8288690918 0.632947829146149 2.10474683406159 15.25
4182 10819.5952854206 10819.5952854206 0.632947829146149 2.10474683406159 15.25
4183 10818.3619524728 10818.3619524728 0.632947829146149 2.10474683406159 15.25
4184 10817.1288703342 10817.1288703342 0.632947829146149 2.10474683406159 15.25
4185 10815.8960390904 10815.8960390904 0.632947829146149 2.10474683406159 15.25
4186 10814.6634588274 10814.6634588274 0.632947829146149 2.10474683406159 15.25
4187 10813.4311296302 10813.4311296302 0.632947829146149 2.10474683406159 15.25
4188 10812.1990515875 10812.1990515875 0.632947829146149 2.10474683406159 15.25
4189 10810.9672247809 10810.9672247809 0.632947829146149 2.10474683406159 15.25
4190 10809.7356492992 10809.7356492992 0.632947829146149 2.10474683406159 15.25
4191 10808.5043252276 10808.5043252276 0.632947829146149 2.10474683406159 15.25
4192 10807.2732526519 10807.2732526519 0.632947829146149 2.10474683406159 15.25
4193 10806.0424316582 10806.0424316582 0.632947829146149 2.10474683406159 15.25
4194 10804.8118623343 10804.8118623343 0.632947829146149 2.10474683406159 15.25
4195 10803.5815447645 10803.5815447645 0.632947829146149 2.10474683406159 15.25
4196 10802.3514790347 10802.3514790347 0.632947829146149 2.10474683406159 15.25
4197 10801.1216652309 10801.1216652309 0.632947829146149 2.10474683406159 15.25
4198 10799.8921034391 10799.8921034391 0.632947829146149 2.10474683406159 15.25
4199 10798.6627937448 10798.6627937448 0.632947829146149 2.10474683406159 15.25
4200 10797.433736236 10797.433736236 0.632947829146149 2.10474683406159 15.25
4201 10796.2049309967 10796.2049309967 0.632947829146149 2.10474683406159 15.25
4202 10794.9763781139 10794.9763781139 0.632947829146149 2.10474683406159 15.25
4203 10793.7480776737 10793.7480776737 0.632947829146149 2.10474683406159 15.25
4204 10792.5200297624 10792.5200297624 0.632947829146149 2.10474683406159 15.25
4205 10791.2922344662 10791.2922344662 0.632947829146149 2.10474683406159 15.25
4206 10790.0646918713 10790.0646918713 0.632947829146149 2.10474683406159 15.25
4207 10788.8374020651 10788.8374020651 0.632947829146149 2.10474683406159 15.25
4208 10787.6103651337 10787.6103651337 0.632947829146149 2.10474683406159 15.25
4209 10786.3835810923 10786.3835810923 0.632947829146149 2.10474683406159 15.25
4210 10785.1570500975 10785.1570500975 0.632947829146149 2.10474683406159 15.25
4211 10783.9307722354 10783.9307722354 0.632947829146149 2.10474683406159 15.25
4212 10782.7047475918 10782.7047475918 0.632947829146149 2.10474683406159 15.25
4213 10781.4789762551 10781.4789762551 0.632947829146149 2.10474683406159 15.25
4214 10780.2534583097 10780.2534583097 0.632947829146149 2.10474683406159 15.25
4215 10779.0281938427 10779.0281938427 0.632947829146149 2.10474683406159 15.25
4216 10777.8031829406 10777.8031829406 0.632947829146149 2.10474683406159 15.25
4217 10776.5784256897 10776.5784256897 0.632947829146149 2.10474683406159 15.25
4218 10775.3539221767 10775.3539221767 0.632947829146149 2.10474683406159 15.25
4219 10774.129672488 10774.129672488 0.632947829146149 2.10474683406159 15.25
4220 10772.9056767101 10772.9056767101 0.632947829146149 2.10474683406159 15.25
4221 10771.6819349324 10771.6819349324 0.632947829146149 2.10474683406159 15.25
4222 10770.4584472372 10770.4584472372 0.632947829146149 2.10474683406159 15.25
4223 10769.2352137134 10769.2352137134 0.632947829146149 2.10474683406159 15.25
4224 10768.0122344468 10768.0122344468 0.632947829146149 2.10474683406159 15.25
4225 10766.7895095239 10766.7895095239 0.632947829146149 2.10474683406159 15.25
4226 10765.5670390316 10765.5670390316 0.632947829146149 2.10474683406159 15.25
4227 10764.3448230565 10764.3448230565 0.632947829146149 2.10474683406159 15.25
4228 10763.1228616846 10763.1228616846 0.632947829146149 2.10474683406159 15.25
4229 10761.9011550047 10761.9011550047 0.632947829146149 2.10474683406159 15.25
4230 10760.6797031015 10760.6797031015 0.632947829146149 2.10474683406159 15.25
4231 10759.4585060624 10759.4585060624 0.632947829146149 2.10474683406159 15.25
4232 10758.2375639743 10758.2375639743 0.632947829146149 2.10474683406159 15.25
4233 10757.0168769236 10757.0168769236 0.632947829146149 2.10474683406159 15.25
4234 10755.7964449988 10755.7964449988 0.632947829146149 2.10474683406159 15.25
4235 10754.5762682862 10754.5762682862 0.632947829146149 2.10474683406159 15.25
4236 10753.3563468719 10753.3563468719 0.632947829146149 2.10474683406159 15.25
4237 10752.1366808421 10752.1366808421 0.632947829146149 2.10474683406159 15.25
4238 10750.9172702858 10750.9172702858 0.632947829146149 2.10474683406159 15.25
4239 10749.6981152879 10749.6981152879 0.632947829146149 2.10474683406159 15.25
4240 10748.479215936 10748.479215936 0.632947829146149 2.10474683406159 15.25
4241 10747.2605723171 10747.2605723171 0.632947829146149 2.10474683406159 15.25
4242 10746.0421845182 10746.0421845182 0.632947829146149 2.10474683406159 15.25
4243 10744.8240526264 10744.8240526264 0.632947829146149 2.10474683406159 15.25
4244 10743.6061767286 10743.6061767286 0.632947829146149 2.10474683406159 15.25
4245 10742.388556912 10742.388556912 0.632947829146149 2.10474683406159 15.25
4246 10741.1711932643 10741.1711932643 0.632947829146149 2.10474683406159 15.25
4247 10739.9540858708 10739.9540858708 0.632947829146149 2.10474683406159 15.25
4248 10738.7372348222 10738.7372348222 0.632947829146149 2.10474683406159 15.25
4249 10737.5206402033 10737.5206402033 0.632947829146149 2.10474683406159 15.25
4250 10736.3043021011 10736.3043021011 0.632947829146149 2.10474683406159 15.25
4251 10735.0882206029 10735.0882206029 0.632947829146149 2.10474683406159 15.25
4252 10733.8723957959 10733.8723957959 0.632947829146149 2.10474683406159 15.25
4253 10732.6568277056 10732.6568277056 0.632947829146149 2.10474683406159 15.25
4254 10731.4415164726 10731.4415164726 0.632947829146149 2.10474683406159 15.25
4255 10730.2264621926 10730.2264621926 0.632947829146149 2.10474683406159 15.25
4256 10729.0116649528 10729.0116649528 0.632947829146149 2.10474683406159 15.25
4257 10727.7971248407 10727.7971248407 0.632947829146149 2.10474683406159 15.25
4258 10726.5828419434 10726.5828419434 0.632947829146149 2.10474683406159 15.25
4259 10725.3688163485 10725.3688163485 0.632947829146149 2.10474683406159 15.25
4260 10724.1550481432 10724.1550481432 0.632947829146149 2.10474683406159 15.25
4261 10722.9415374163 10722.9415374163 0.632947829146149 2.10474683406159 15.25
4262 10721.7282842545 10721.7282842545 0.632947829146149 2.10474683406159 15.25
4263 10720.5152887448 10720.5152887448 0.632947829146149 2.10474683406159 15.25
4264 10719.3025509744 10719.3025509744 0.632947829146149 2.10474683406159 15.25
4265 10718.0900710308 10718.0900710308 0.632947829146149 2.10474683406159 15.25
4266 10716.8778490015 10716.8778490015 0.632947829146149 2.10474683406159 15.25
4267 10715.6658849742 10715.6658849742 0.632947829146149 2.10474683406159 15.25
4268 10714.4541790364 10714.4541790364 0.632947829146149 2.10474683406159 15.25
4269 10713.2427312757 10713.2427312757 0.632947829146149 2.10474683406159 15.25
4270 10712.0315417796 10712.0315417796 0.632947829146149 2.10474683406159 15.25
4271 10710.8206106358 10710.8206106358 0.632947829146149 2.10474683406159 15.25
4272 10709.609937932 10709.609937932 0.632947829146149 2.10474683406159 15.25
4273 10708.3995237557 10708.3995237557 0.632947829146149 2.10474683406159 15.25
4274 10707.1893681952 10707.1893681952 0.632947829146149 2.10474683406159 15.25
4275 10705.9794713383 10705.9794713383 0.632947829146149 2.10474683406159 15.25
4276 10704.7698332728 10704.7698332728 0.632947829146149 2.10474683406159 15.25
4277 10703.5604540871 10703.5604540871 0.632947829146149 2.10474683406159 15.25
4278 10702.3513338655 10702.3513338655 0.632947829146149 2.10474683406159 15.25
4279 10701.1424726985 10701.1424726985 0.632947829146149 2.10474683406159 15.25
4280 10699.9338706733 10699.9338706733 0.632947829146149 2.10474683406159 15.25
4281 10698.7255278776 10698.7255278776 0.632947829146149 2.10474683406159 15.25
4282 10697.5174443994 10697.5174443994 0.632947829146149 2.10474683406159 15.25
4283 10696.3096203264 10696.3096203264 0.632947829146149 2.10474683406159 15.25
4284 10695.1020557467 10695.1020557467 0.632947829146149 2.10474683406159 15.25
4285 10693.894750748 10693.894750748 0.632947829146149 2.10474683406159 15.25
4286 10692.6877054183 10692.6877054183 0.632947829146149 2.10474683406159 15.25
4287 10691.4809198455 10691.4809198455 0.632947829146149 2.10474683406159 15.25
4288 10690.2743941191 10690.2743941191 0.632947829146149 2.10474683406159 15.25
4289 10689.068128326 10689.068128326 0.632947829146149 2.10474683406159 15.25
4290 10687.8621225539 10687.8621225539 0.632947829146149 2.10474683406159 15.25
4291 10686.6563768907 10686.6563768907 0.632947829146149 2.10474683406159 15.25
4292 10685.4508914245 10685.4508914245 0.632947829146149 2.10474683406159 15.25
4293 10684.2456662434 10684.2456662434 0.632947829146149 2.10474683406159 15.25
4294 10683.0407014355 10683.0407014355 0.632947829146149 2.10474683406159 15.25
4295 10681.8359970886 10681.8359970886 0.632947829146149 2.10474683406159 15.25
4296 10680.6315532911 10680.6315532911 0.632947829146149 2.10474683406159 15.25
4297 10679.4273700771 10679.4273700771 0.632947829146149 2.10474683406159 15.25
4298 10678.2234475728 10678.2234475728 0.632947829146149 2.10474683406159 15.25
4299 10677.0197858823 10677.0197858823 0.632947829146149 2.10474683406159 15.25
4300 10675.8163850941 10675.8163850941 0.632947829146149 2.10474683406159 15.25
4301 10674.6132452969 10674.6132452969 0.632947829146149 2.10474683406159 15.25
4302 10673.4103665795 10673.4103665795 0.632947829146149 2.10474683406159 15.25
4303 10672.2077490291 10672.2077490291 0.632947829146149 2.10474683406159 15.25
4304 10671.0053927339 10671.0053927339 0.632947829146149 2.10474683406159 15.25
4305 10669.8032977822 10669.8032977822 0.632947829146149 2.10474683406159 15.25
4306 10668.6014642624 10668.6014642624 0.632947829146149 2.10474683406159 15.25
4307 10667.399892263 10667.399892263 0.632947829146149 2.10474683406159 15.25
4308 10666.1985818721 10666.1985818721 0.632947829146149 2.10474683406159 15.25
4309 10664.9975331783 10664.9975331783 0.632947829146149 2.10474683406159 15.25
4310 10663.7967462699 10663.7967462699 0.632947829146149 2.10474683406159 15.25
4311 10662.5962212348 10662.5962212348 0.632947829146149 2.10474683406159 15.25
4312 10661.3959581635 10661.3959581635 0.632947829146149 2.10474683406159 15.25
4313 10660.1959571416 10660.1959571416 0.632947829146149 2.10474683406159 15.25
4314 10658.9962182605 10658.9962182605 0.632947829146149 2.10474683406159 15.25
4315 10657.7967416074 10657.7967416074 0.632947829146149 2.10474683406159 15.25
4316 10656.5975272724 10656.5975272724 0.632947829146149 2.10474683406159 15.25
4317 10655.3985753425 10655.3985753425 0.632947829146149 2.10474683406159 15.25
4318 10654.1998859047 10654.1998859047 0.632947829146149 2.10474683406159 15.25
4319 10653.0014590505 10653.0014590505 0.632947829146149 2.10474683406159 15.25
4320 10651.8032948657 10651.8032948657 0.632947829146149 2.10474683406159 15.25
4321 10650.6053934412 10650.6053934412 0.632947829146149 2.10474683406159 15.25
4322 10649.4077548648 10649.4077548648 0.632947829146149 2.10474683406159 15.25
4323 10648.2103792252 10648.2103792252 0.632947829146149 2.10474683406159 15.25
4324 10647.0132666109 10647.0132666109 0.632947829146149 2.10474683406159 15.25
4325 10645.816417111 10645.816417111 0.632947829146149 2.10474683406159 15.25
4326 10644.619830814 10644.619830814 0.632947829146149 2.10474683406159 15.25
4327 10643.4235078089 10643.4235078089 0.632947829146149 2.10474683406159 15.25
4328 10642.2274481853 10642.2274481853 0.632947829146149 2.10474683406159 15.25
4329 10641.0316520319 10641.0316520319 0.632947829146149 2.10474683406159 15.25
4330 10639.8361194368 10639.8361194368 0.632947829146149 2.10474683406159 15.25
4331 10638.6408504888 10638.6408504888 0.632947829146149 2.10474683406159 15.25
4332 10637.4458452767 10637.4458452767 0.632947829146149 2.10474683406159 15.25
4333 10636.2511038895 10636.2511038895 0.632947829146149 2.10474683406159 15.25
4334 10635.0566264161 10635.0566264161 0.632947829146149 2.10474683406159 15.25
4335 10633.8624129454 10633.8624129454 0.632947829146149 2.10474683406159 15.25
4336 10632.6684635664 10632.6684635664 0.632947829146149 2.10474683406159 15.25
4337 10631.474778368 10631.474778368 0.632947829146149 2.10474683406159 15.25
4338 10630.2813574392 10630.2813574392 0.632947829146149 2.10474683406159 15.25
4339 10629.0882008691 10629.0882008691 0.632947829146149 2.10474683406159 15.25
4340 10627.8953087467 10627.8953087467 0.632947829146149 2.10474683406159 15.25
4341 10626.7026811146 10626.7026811146 0.632947829146149 2.10474683406159 15.25
4342 10625.5103180862 10625.5103180862 0.632947829146149 2.10474683406159 15.25
4343 10624.3182197727 10624.3182197727 0.632947829146149 2.10474683406159 15.25
4344 10623.1263862632 10623.1263862632 0.632947829146149 2.10474683406159 15.25
4345 10621.9348176469 10621.9348176469 0.632947829146149 2.10474683406159 15.25
4346 10620.7435140129 10620.7435140129 0.632947829146149 2.10474683406159 15.25
4347 10619.5524754504 10619.5524754504 0.632947829146149 2.10474683406159 15.25
4348 10618.3617020486 10618.3617020486 0.632947829146149 2.10474683406159 15.25
4349 10617.1711938967 10617.1711938967 0.632947829146149 2.10474683406159 15.25
4350 10615.980951084 10615.980951084 0.632947829146149 2.10474683406159 15.25
4351 10614.7909736996 10614.7909736996 0.632947829146149 2.10474683406159 15.25
4352 10613.6012618335 10613.6012618335 0.632947829146149 2.10474683406159 15.25
4353 10612.4118155736 10612.4118155736 0.632947829146149 2.10474683406159 15.25
4354 10611.22263501 10611.22263501 0.632947829146149 2.10474683406159 15.25
4355 10610.0337202318 10610.0337202318 0.632947829146149 2.10474683406159 15.25
4356 10608.8450713305 10608.8450713305 0.632947829146149 2.10474683406159 15.25
4357 10607.6566883937 10607.6566883937 0.632947829146149 2.10474683406159 15.25
4358 10606.4685715106 10606.4685715106 0.632947829146149 2.10474683406159 15.25
4359 10605.2807207714 10605.2807207714 0.632947829146149 2.10474683406159 15.25
4360 10604.0931362641 10604.0931362641 0.632947829146149 2.10474683406159 15.25
4361 10602.905818079 10602.905818079 0.632947829146149 2.10474683406159 15.25
4362 10601.7187663054 10601.7187663054 0.632947829146149 2.10474683406159 15.25
4363 10600.5319810328 10600.5319810328 0.632947829146149 2.10474683406159 15.25
4364 10599.3454623509 10599.3454623509 0.632947829146149 2.10474683406159 15.25
4365 10598.1592103491 10598.1592103491 0.632947829146149 2.10474683406159 15.25
4366 10596.9732251169 10596.9732251169 0.632947829146149 2.10474683406159 15.25
4367 10595.787506744 10595.787506744 0.632947829146149 2.10474683406159 15.25
4368 10594.6020553202 10594.6020553202 0.632947829146149 2.10474683406159 15.25
4369 10593.4168709363 10593.4168709363 0.632947829146149 2.10474683406159 15.25
4370 10592.2319536805 10592.2319536805 0.632947829146149 2.10474683406159 15.25
4371 10591.0473036425 10591.0473036425 0.632947829146149 2.10474683406159 15.25
4372 10589.862920912 10589.862920912 0.632947829146149 2.10474683406159 15.25
4373 10588.6788055786 10588.6788055786 0.632947829146149 2.10474683406159 15.25
4374 10587.494957732 10587.494957732 0.632947829146149 2.10474683406159 15.25
4375 10586.3113774621 10586.3113774621 0.632947829146149 2.10474683406159 15.25
4376 10585.1280648585 10585.1280648585 0.632947829146149 2.10474683406159 15.25
4377 10583.9450200111 10583.9450200111 0.632947829146149 2.10474683406159 15.25
4378 10582.7622430095 10582.7622430095 0.632947829146149 2.10474683406159 15.25
4379 10581.5797339436 10581.5797339436 0.632947829146149 2.10474683406159 15.25
4380 10580.3974929032 10580.3974929032 0.632947829146149 2.10474683406159 15.25
4381 10579.2155199783 10579.2155199783 0.632947829146149 2.10474683406159 15.25
4382 10578.0338152599 10578.0338152599 0.632947829146149 2.10474683406159 15.25
4383 10576.8523788371 10576.8523788371 0.632947829146149 2.10474683406159 15.25
4384 10575.6712107995 10575.6712107995 0.632947829146149 2.10474683406159 15.25
4385 10574.4903111983 10574.4903111983 0.632947829146149 2.10474683406159 15.25
4386 10573.3096801304 10573.3096801304 0.632947829146149 2.10474683406159 15.25
4387 10572.1293177175 10572.1293177175 0.632947829146149 2.10474683406159 15.25
4388 10570.9492240496 10570.9492240496 0.632947829146149 2.10474683406159 15.25
4389 10569.7693992168 10569.7693992168 0.632947829146149 2.10474683406159 15.25
4390 10568.5898433089 10568.5898433089 0.632947829146149 2.10474683406159 15.25
4391 10567.4105564162 10567.4105564162 0.632947829146149 2.10474683406159 15.25
4392 10566.2315386286 10566.2315386286 0.632947829146149 2.10474683406159 15.25
4393 10565.052790037 10565.052790037 0.632947829146149 2.10474683406159 15.25
4394 10563.8743107294 10563.8743107294 0.632947829146149 2.10474683406159 15.25
4395 10562.6961007976 10562.6961007976 0.632947829146149 2.10474683406159 15.25
4396 10561.5181603341 10561.5181603341 0.632947829146149 2.10474683406159 15.25
4397 10560.3404894257 10560.3404894257 0.632947829146149 2.10474683406159 15.25
4398 10559.1630881634 10559.1630881634 0.632947829146149 2.10474683406159 15.25
4399 10557.9859566372 10557.9859566372 0.632947829146149 2.10474683406159 15.25
4400 10556.8090949375 10556.8090949375 0.632947829146149 2.10474683406159 15.25
4401 10555.6325031546 10555.6325031546 0.632947829146149 2.10474683406159 15.25
4402 10554.4561813786 10554.4561813786 0.632947829146149 2.10474683406159 15.25
4403 10553.2801296998 10553.2801296998 0.632947829146149 2.10474683406159 15.25
4404 10552.1043482087 10552.1043482087 0.632947829146149 2.10474683406159 15.25
4405 10550.9288369952 10550.9288369952 0.632947829146149 2.10474683406159 15.25
4406 10549.7535961508 10549.7535961508 0.632947829146149 2.10474683406159 15.25
4407 10548.5786257635 10548.5786257635 0.632947829146149 2.10474683406159 15.25
4408 10547.4039259252 10547.4039259252 0.632947829146149 2.10474683406159 15.25
4409 10546.2294967291 10546.2294967291 0.632947829146149 2.10474683406159 15.25
4410 10545.0553382623 10545.0553382623 0.632947829146149 2.10474683406159 15.25
4411 10543.8814506158 10543.8814506158 0.632947829146149 2.10474683406159 15.25
4412 10542.70783388 10542.70783388 0.632947829146149 2.10474683406159 15.25
4413 10541.5344881455 10541.5344881455 0.632947829146149 2.10474683406159 15.25
4414 10540.3614135027 10540.3614135027 0.632947829146149 2.10474683406159 15.25
4415 10539.1886100421 10539.1886100421 0.632947829146149 2.10474683406159 15.25
4416 10538.0160778543 10538.0160778543 0.632947829146149 2.10474683406159 15.25
4417 10536.8438170299 10536.8438170299 0.632947829146149 2.10474683406159 15.25
4418 10535.6718276594 10535.6718276594 0.632947829146149 2.10474683406159 15.25
4419 10534.5001098342 10534.5001098342 0.632947829146149 2.10474683406159 15.25
4420 10533.3286636427 10533.3286636427 0.632947829146149 2.10474683406159 15.25
4421 10532.157489177 10532.157489177 0.632947829146149 2.10474683406159 15.25
4422 10530.9865865297 10530.9865865297 0.632947829146149 2.10474683406159 15.25
4423 10529.8159557898 10529.8159557898 0.632947829146149 2.10474683406159 15.25
4424 10528.6455970476 10528.6455970476 0.632947829146149 2.10474683406159 15.25
4425 10527.475510394 10527.475510394 0.632947829146149 2.10474683406159 15.25
4426 10526.3056959197 10526.3056959197 0.632947829146149 2.10474683406159 15.25
4427 10525.1361537154 10525.1361537154 0.632947829146149 2.10474683406159 15.25
4428 10523.9668838719 10523.9668838719 0.632947829146149 2.10474683406159 15.25
4429 10522.7978864498 10522.7978864498 0.632947829146149 2.10474683406159 15.25
4430 10521.6291615299 10521.6291615299 0.632947829146149 2.10474683406159 15.25
4431 10520.4607092438 10520.4607092438 0.632947829146149 2.10474683406159 15.25
4432 10519.2925296797 10519.2925296797 0.632947829146149 2.10474683406159 15.25
4433 10518.1246229326 10518.1246229326 0.632947829146149 2.10474683406159 15.25
4434 10516.9569890906 10516.9569890906 0.632947829146149 2.10474683406159 15.25
4435 10515.7896282454 10515.7896282454 0.632947829146149 2.10474683406159 15.25
4436 10514.6225404893 10514.6225404893 0.632947829146149 2.10474683406159 15.25
4437 10513.4557259119 10513.4557259119 0.632947829146149 2.10474683406159 15.25
4438 10512.289184604 10512.289184604 0.632947829146149 2.10474683406159 15.25
4439 10511.1229166566 10511.1229166566 0.632947829146149 2.10474683406159 15.25
4440 10509.9569221609 10509.9569221609 0.632947829146149 2.10474683406159 15.25
4441 10508.7912012077 10508.7912012077 0.632947829146149 2.10474683406159 15.25
4442 10507.6257538881 10507.6257538881 0.632947829146149 2.10474683406159 15.25
4443 10506.4605802932 10506.4605802932 0.632947829146149 2.10474683406159 15.25
4444 10505.2956805141 10505.2956805141 0.632947829146149 2.10474683406159 15.25
4445 10504.1310546419 10504.1310546419 0.632947829146149 2.10474683406159 15.25
4446 10502.9667027676 10502.9667027676 0.632947829146149 2.10474683406159 15.25
4447 10501.8026249832 10501.8026249832 0.632947829146149 2.10474683406159 15.25
4448 10500.6388213769 10500.6388213769 0.632947829146149 2.10474683406159 15.25
4449 10499.4752920449 10499.4752920449 0.632947829146149 2.10474683406159 15.25
4450 10498.3120370755 10498.3120370755 0.632947829146149 2.10474683406159 15.25
4451 10497.14905656 10497.14905656 0.632947829146149 2.10474683406159 15.25
4452 10495.9863505895 10495.9863505895 0.632947829146149 2.10474683406159 15.25
4453 10494.8239192554 10494.8239192554 0.632947829146149 2.10474683406159 15.25
4454 10493.6617626488 10493.6617626488 0.632947829146149 2.10474683406159 15.25
4455 10492.4998808612 10492.4998808612 0.632947829146149 2.10474683406159 15.25
4456 10491.3382739835 10491.3382739835 0.632947829146149 2.10474683406159 15.25
4457 10490.1769421074 10490.1769421074 0.632947829146149 2.10474683406159 15.25
4458 10489.0158853241 10489.0158853241 0.632947829146149 2.10474683406159 15.25
4459 10487.855103725 10487.855103725 0.632947829146149 2.10474683406159 15.25
4460 10486.6945974016 10486.6945974016 0.632947829146149 2.10474683406159 15.25
4461 10485.5343664451 10485.5343664451 0.632947829146149 2.10474683406159 15.25
4462 10484.3744109472 10484.3744109472 0.632947829146149 2.10474683406159 15.25
4463 10483.2147310011 10483.2147310011 0.632947829146149 2.10474683406159 15.25
4464 10482.0553266942 10482.0553266942 0.632947829146149 2.10474683406159 15.25
4465 10480.8961981222 10480.8961981222 0.632947829146149 2.10474683406159 15.25
4466 10479.7373453737 10479.7373453737 0.632947829146149 2.10474683406159 15.25
4467 10478.578768541 10478.578768541 0.632947829146149 2.10474683406159 15.25
4468 10477.4204677157 10477.4204677157 0.632947829146149 2.10474683406159 15.25
4469 10476.2624429892 10476.2624429892 0.632947829146149 2.10474683406159 15.25
4470 10475.1046944531 10475.1046944531 0.632947829146149 2.10474683406159 15.25
4471 10473.9472221991 10473.9472221991 0.632947829146149 2.10474683406159 15.25
4472 10472.7900263187 10472.7900263187 0.632947829146149 2.10474683406159 15.25
4473 10471.6331068811 10471.6331068811 0.632947829146149 2.10474683406159 15.25
4474 10470.4764639524 10470.4764639524 0.632947829146149 2.10474683406159 15.25
4475 10469.3200976724 10469.3200976724 0.632947829146149 2.10474683406159 15.25
4476 10468.1640081327 10468.1640081327 0.632947829146149 2.10474683406159 15.25
4477 10467.0081954268 10467.0081954268 0.632947829146149 2.10474683406159 15.25
4478 10465.8526596439 10465.8526596439 0.632947829146149 2.10474683406159 15.25
4479 10464.6974008763 10464.6974008763 0.632947829146149 2.10474683406159 15.25
4480 10463.5424192157 10463.5424192157 0.632947829146149 2.10474683406159 15.25
4481 10462.3877147548 10462.3877147548 0.632947829146149 2.10474683406159 15.25
4482 10461.2332875831 10461.2332875831 0.632947829146149 2.10474683406159 15.25
4483 10460.0791377947 10460.0791377947 0.632947829146149 2.10474683406159 15.25
4484 10458.9252654806 10458.9252654806 0.632947829146149 2.10474683406159 15.25
4485 10457.7716707327 10457.7716707327 0.632947829146149 2.10474683406159 15.25
4486 10456.6183536428 10456.6183536428 0.632947829146149 2.10474683406159 15.25
4487 10455.4653143029 10455.4653143029 0.632947829146149 2.10474683406159 15.25
4488 10454.3125528048 10454.3125528048 0.632947829146149 2.10474683406159 15.25
4489 10453.1600692408 10453.1600692408 0.632947829146149 2.10474683406159 15.25
4490 10452.0078637035 10452.0078637035 0.632947829146149 2.10474683406159 15.25
4491 10450.8559362838 10450.8559362838 0.632947829146149 2.10474683406159 15.25
4492 10449.7042870737 10449.7042870737 0.632947829146149 2.10474683406159 15.25
4493 10448.5529161646 10448.5529161646 0.632947829146149 2.10474683406159 15.25
4494 10447.4018236504 10447.4018236504 0.632947829146149 2.10474683406159 15.25
4495 10446.2510096213 10446.2510096213 0.632947829146149 2.10474683406159 15.25
4496 10445.1004741698 10445.1004741698 0.632947829146149 2.10474683406159 15.25
4497 10443.9502173882 10443.9502173882 0.632947829146149 2.10474683406159 15.25
4498 10442.8002393691 10442.8002393691 0.632947829146149 2.10474683406159 15.25
4499 10441.6505402025 10441.6505402025 0.632947829146149 2.10474683406159 15.25
4500 10440.5011199827 10440.5011199827 0.632947829146149 2.10474683406159 15.25
4501 10439.3519788012 10439.3519788012 0.632947829146149 2.10474683406159 15.25
4502 10438.2031167499 10438.2031167499 0.632947829146149 2.10474683406159 15.25
4503 10437.0545339222 10437.0545339222 0.632947829146149 2.10474683406159 15.25
4504 10435.9062304095 10435.9062304095 0.632947829146149 2.10474683406159 15.25
4505 10434.7582063037 10434.7582063037 0.632947829146149 2.10474683406159 15.25
4506 10433.6104616971 10433.6104616971 0.632947829146149 2.10474683406159 15.25
4507 10432.462996682 10432.462996682 0.632947829146149 2.10474683406159 15.25
4508 10431.3158113505 10431.3158113505 0.632947829146149 2.10474683406159 15.25
4509 10430.1689057951 10430.1689057951 0.632947829146149 2.10474683406159 15.25
4510 10429.0222801072 10429.0222801072 0.632947829146149 2.10474683406159 15.25
4511 10427.8759343814 10427.8759343814 0.632947829146149 2.10474683406159 15.25
4512 10426.7298687078 10426.7298687078 0.632947829146149 2.10474683406159 15.25
4513 10425.5840831796 10425.5840831796 0.632947829146149 2.10474683406159 15.25
4514 10424.438577889 10424.438577889 0.632947829146149 2.10474683406159 15.25
4515 10423.2933529292 10423.2933529292 0.632947829146149 2.10474683406159 15.25
4516 10422.148408391 10422.148408391 0.632947829146149 2.10474683406159 15.25
4517 10421.0037443543 10421.0037443543 0.632947829146149 2.10474683406159 15.25
4518 10419.8593608687 10419.8593608687 0.632947829146149 2.10474683406159 15.25
4519 10418.7152580843 10418.7152580843 0.632947829146149 2.10474683406159 15.25
4520 10417.5714360915 10417.5714360915 0.632947829146149 2.10474683406159 15.25
4521 10416.4278949836 10416.4278949836 0.632947829146149 2.10474683406159 15.25
4522 10415.2846348529 10415.2846348529 0.632947829146149 2.10474683406159 15.25
4523 10414.1416557922 10414.1416557922 0.632947829146149 2.10474683406159 15.25
4524 10412.9989578938 10412.9989578938 0.632947829146149 2.10474683406159 15.25
4525 10411.8565412503 10411.8565412503 0.632947829146149 2.10474683406159 15.25
4526 10410.7144059544 10410.7144059544 0.632947829146149 2.10474683406159 15.25
4527 10409.572552098 10409.572552098 0.632947829146149 2.10474683406159 15.25
4528 10408.4309797759 10408.4309797759 0.632947829146149 2.10474683406159 15.25
4529 10407.2896890784 10407.2896890784 0.632947829146149 2.10474683406159 15.25
4530 10406.1486801003 10406.1486801003 0.632947829146149 2.10474683406159 15.25
4531 10405.007952933 10405.007952933 0.632947829146149 2.10474683406159 15.25
4532 10403.8675076692 10403.8675076692 0.632947829146149 2.10474683406159 15.25
4533 10402.7273444016 10402.7273444016 0.632947829146149 2.10474683406159 15.25
4534 10401.5874632229 10401.5874632229 0.632947829146149 2.10474683406159 15.25
4535 10400.4478642267 10400.4478642267 0.632947829146149 2.10474683406159 15.25
4536 10399.3085475035 10399.3085475035 0.632947829146149 2.10474683406159 15.25
4537 10398.1695131482 10398.1695131482 0.632947829146149 2.10474683406159 15.25
4538 10397.030761253 10397.030761253 0.632947829146149 2.10474683406159 15.25
4539 10395.8922919107 10395.8922919107 0.632947829146149 2.10474683406159 15.25
4540 10394.7541052141 10394.7541052141 0.632947829146149 2.10474683406159 15.25
4541 10393.6162012561 10393.6162012561 0.632947829146149 2.10474683406159 15.25
4542 10392.4785801295 10392.4785801295 0.632947829146149 2.10474683406159 15.25
4543 10391.3412419278 10391.3412419278 0.632947829146149 2.10474683406159 15.25
4544 10390.2041867446 10390.2041867446 0.632947829146149 2.10474683406159 15.25
4545 10389.0674146702 10389.0674146702 0.632947829146149 2.10474683406159 15.25
4546 10387.9309257996 10387.9309257996 0.632947829146149 2.10474683406159 15.25
4547 10386.7947202251 10386.7947202251 0.632947829146149 2.10474683406159 15.25
4548 10385.6587980394 10385.6587980394 0.632947829146149 2.10474683406159 15.25
4549 10384.5231593359 10384.5231593359 0.632947829146149 2.10474683406159 15.25
4550 10383.3878042073 10383.3878042073 0.632947829146149 2.10474683406159 15.25
4551 10382.2527327469 10382.2527327469 0.632947829146149 2.10474683406159 15.25
4552 10381.1179450476 10381.1179450476 0.632947829146149 2.10474683406159 15.25
4553 10379.9834412033 10379.9834412033 0.632947829146149 2.10474683406159 15.25
4554 10378.8492213048 10378.8492213048 0.632947829146149 2.10474683406159 15.25
4555 10377.7152854474 10377.7152854474 0.632947829146149 2.10474683406159 15.25
4556 10376.5816337237 10376.5816337237 0.632947829146149 2.10474683406159 15.25
4557 10375.4482662275 10375.4482662275 0.632947829146149 2.10474683406159 15.25
4558 10374.3151830512 10374.3151830512 0.632947829146149 2.10474683406159 15.25
4559 10373.1823842878 10373.1823842878 0.632947829146149 2.10474683406159 15.25
4560 10372.0498700306 10372.0498700306 0.632947829146149 2.10474683406159 15.25
4561 10370.9176403664 10370.9176403664 0.632947829146149 2.10474683406159 15.25
4562 10369.7856953306 10369.7856953306 0.632947829146149 2.10474683406159 15.25
4563 10368.6540350807 10368.6540350807 0.632947829146149 2.10474683406159 15.25
4564 10367.5226597099 10367.5226597099 0.632947829146149 2.10474683406159 15.25
4565 10366.3915693114 10366.3915693114 0.632947829146149 2.10474683406159 15.25
4566 10365.2607639785 10365.2607639785 0.632947829146149 2.10474683406159 15.25
4567 10364.1302438046 10364.1302438046 0.632947829146149 2.10474683406159 15.25
4568 10363.000008883 10363.000008883 0.632947829146149 2.10474683406159 15.25
4569 10361.8700593061 10361.8700593061 0.632947829146149 2.10474683406159 15.25
4570 10360.7403951705 10360.7403951705 0.632947829146149 2.10474683406159 15.25
4571 10359.6110165667 10359.6110165667 0.632947829146149 2.10474683406159 15.25
4572 10358.4819235887 10358.4819235887 0.632947829146149 2.10474683406159 15.25
4573 10357.3531163299 10357.3531163299 0.632947829146149 2.10474683406159 15.25
4574 10356.2245948836 10356.2245948836 0.632947829146149 2.10474683406159 15.25
4575 10355.0963593434 10355.0963593434 0.632947829146149 2.10474683406159 15.25
4576 10353.9684098026 10353.9684098026 0.632947829146149 2.10474683406159 15.25
4577 10352.8407463549 10352.8407463549 0.632947829146149 2.10474683406159 15.25
4578 10351.7133690936 10351.7133690936 0.632947829146149 2.10474683406159 15.25
4579 10350.5862781123 10350.5862781123 0.632947829146149 2.10474683406159 15.25
4580 10349.4594735038 10349.4594735038 0.632947829146149 2.10474683406159 15.25
4581 10348.3329553638 10348.3329553638 0.632947829146149 2.10474683406159 15.25
4582 10347.2067237837 10347.2067237837 0.632947829146149 2.10474683406159 15.25
4583 10346.080778858 10346.080778858 0.632947829146149 2.10474683406159 15.25
4584 10344.955120681 10344.955120681 0.632947829146149 2.10474683406159 15.25
4585 10343.8297493453 10343.8297493453 0.632947829146149 2.10474683406159 15.25
4586 10342.7046649447 10342.7046649447 0.632947829146149 2.10474683406159 15.25
4587 10341.5798675728 10341.5798675728 0.632947829146149 2.10474683406159 15.25
4588 10340.4553573233 10340.4553573233 0.632947829146149 2.10474683406159 15.25
4589 10339.3311342898 10339.3311342898 0.632947829146149 2.10474683406159 15.25
4590 10338.2071985661 10338.2071985661 0.632947829146149 2.10474683406159 15.25
4591 10337.0835502449 10337.0835502449 0.632947829146149 2.10474683406159 15.25
4592 10335.9601894225 10335.9601894225 0.632947829146149 2.10474683406159 15.25
4593 10334.8371161902 10334.8371161902 0.632947829146149 2.10474683406159 15.25
4594 10333.7143306434 10333.7143306434 0.632947829146149 2.10474683406159 15.25
4595 10332.5918328736 10332.5918328736 0.632947829146149 2.10474683406159 15.25
4596 10331.4696229769 10331.4696229769 0.632947829146149 2.10474683406159 15.25
4597 10330.3477010471 10330.3477010471 0.632947829146149 2.10474683406159 15.25
4598 10329.2260671774 10329.2260671774 0.632947829146149 2.10474683406159 15.25
4599 10328.1047214615 10328.1047214615 0.632947829146149 2.10474683406159 15.25
4600 10326.9836639932 10326.9836639932 0.632947829146149 2.10474683406159 15.25
4601 10325.8628948665 10325.8628948665 0.632947829146149 2.10474683406159 15.25
4602 10324.7424141745 10324.7424141745 0.632947829146149 2.10474683406159 15.25
4603 10323.6222220133 10323.6222220133 0.632947829146149 2.10474683406159 15.25
4604 10322.5023184747 10322.5023184747 0.632947829146149 2.10474683406159 15.25
4605 10321.382703654 10321.382703654 0.632947829146149 2.10474683406159 15.25
4606 10320.2633775741 10320.2633775741 0.632947829146149 2.10474683406159 15.25
4607 10319.1443403986 10319.1443403986 0.632947829146149 2.10474683406159 15.25
4608 10318.0255922223 10318.0255922223 0.632947829146149 2.10474683406159 15.25
4609 10316.9071331393 10316.9071331393 0.632947829146149 2.10474683406159 15.25
4610 10315.7889632445 10315.7889632445 0.632947829146149 2.10474683406159 15.25
4611 10314.6710826302 10314.6710826302 0.632947829146149 2.10474683406159 15.25
4612 10313.5534913918 10313.5534913918 0.632947829146149 2.10474683406159 15.25
4613 10312.4361896229 10312.4361896229 0.632947829146149 2.10474683406159 15.25
4614 10311.3191774174 10311.3191774174 0.632947829146149 2.10474683406159 15.25
4615 10310.2024548697 10310.2024548697 0.632947829146149 2.10474683406159 15.25
4616 10309.0860220744 10309.0860220744 0.632947829146149 2.10474683406159 15.25
4617 10307.9698791236 10307.9698791236 0.632947829146149 2.10474683406159 15.25
4618 10306.8540261136 10306.8540261136 0.632947829146149 2.10474683406159 15.25
4619 10305.7384631378 10305.7384631378 0.632947829146149 2.10474683406159 15.25
4620 10304.6231902906 10304.6231902906 0.632947829146149 2.10474683406159 15.25
4621 10303.508207666 10303.508207666 0.632947829146149 2.10474683406159 15.25
4622 10302.3935153583 10302.3935153583 0.632947829146149 2.10474683406159 15.25
4623 10301.2791134617 10301.2791134617 0.632947829146149 2.10474683406159 15.25
4624 10300.1650020715 10300.1650020715 0.632947829146149 2.10474683406159 15.25
4625 10299.0511812809 10299.0511812809 0.632947829146149 2.10474683406159 15.25
4626 10297.9376511843 10297.9376511843 0.632947829146149 2.10474683406159 15.25
4627 10296.824411876 10296.824411876 0.632947829146149 2.10474683406159 15.25
4628 10295.7114634503 10295.7114634503 0.632947829146149 2.10474683406159 15.25
4629 10294.5988060015 10294.5988060015 0.632947829146149 2.10474683406159 15.25
4630 10293.4864396241 10293.4864396241 0.632947829146149 2.10474683406159 15.25
4631 10292.3743644123 10292.3743644123 0.632947829146149 2.10474683406159 15.25
4632 10291.2625804605 10291.2625804605 0.632947829146149 2.10474683406159 15.25
4633 10290.1510878632 10290.1510878632 0.632947829146149 2.10474683406159 15.25
4634 10289.0398867147 10289.0398867147 0.632947829146149 2.10474683406159 15.25
4635 10287.928977109 10287.928977109 0.632947829146149 2.10474683406159 15.25
4636 10286.8183591424 10286.8183591424 0.632947829146149 2.10474683406159 15.25
4637 10285.7080329079 10285.7080329079 0.632947829146149 2.10474683406159 15.25
4638 10284.5979985005 10284.5979985005 0.632947829146149 2.10474683406159 15.25
4639 10283.4882560143 10283.4882560143 0.632947829146149 2.10474683406159 15.25
4640 10282.3788055439 10282.3788055439 0.632947829146149 2.10474683406159 15.25
4641 10281.2696471845 10281.2696471845 0.632947829146149 2.10474683406159 15.25
4642 10280.1607810286 10280.1607810286 0.632947829146149 2.10474683406159 15.25
4643 10279.0522071728 10279.0522071728 0.632947829146149 2.10474683406159 15.25
4644 10277.9439257109 10277.9439257109 0.632947829146149 2.10474683406159 15.25
4645 10276.8359367377 10276.8359367377 0.632947829146149 2.10474683406159 15.25
4646 10275.7282403477 10275.7282403477 0.632947829146149 2.10474683406159 15.25
4647 10274.6208366362 10274.6208366362 0.632947829146149 2.10474683406159 15.25
4648 10273.5137256959 10273.5137256959 0.632947829146149 2.10474683406159 15.25
4649 10272.4069076233 10272.4069076233 0.632947829146149 2.10474683406159 15.25
4650 10271.3003824514 10271.3003824514 0.632947829146149 2.10474683406159 15.25
4651 10270.1941503267 10270.1941503267 0.632947829146149 2.10474683406159 15.25
4652 10269.0882113548 10269.0882113548 0.632947829146149 2.10474683406159 15.25
4653 10267.9825656279 10267.9825656279 0.632947829146149 2.10474683406159 15.25
4654 10266.8772132417 10266.8772132417 0.632947829146149 2.10474683406159 15.25
4655 10265.772154291 10265.772154291 0.632947829146149 2.10474683406159 15.25
4656 10264.6673888705 10264.6673888705 0.632947829146149 2.10474683406159 15.25
4657 10263.562917075 10263.562917075 0.632947829146149 2.10474683406159 15.25
4658 10262.4587389993 10262.4587389993 0.632947829146149 2.10474683406159 15.25
4659 10261.3548547382 10261.3548547382 0.632947829146149 2.10474683406159 15.25
4660 10260.2512643865 10260.2512643865 0.632947829146149 2.10474683406159 15.25
4661 10259.1479680391 10259.1479680391 0.632947829146149 2.10474683406159 15.25
4662 10258.0449657909 10258.0449657909 0.632947829146149 2.10474683406159 15.25
4663 10256.9422577368 10256.9422577368 0.632947829146149 2.10474683406159 15.25
4664 10255.8398439721 10255.8398439721 0.632947829146149 2.10474683406159 15.25
4665 10254.7377245915 10254.7377245915 0.632947829146149 2.10474683406159 15.25
4666 10253.6358996897 10253.6358996897 0.632947829146149 2.10474683406159 15.25
4667 10252.5343693608 10252.5343693608 0.632947829146149 2.10474683406159 15.25
4668 10251.4331337021 10251.4331337021 0.632947829146149 2.10474683406159 15.25
4669 10250.3321928062 10250.3321928062 0.632947829146149 2.10474683406159 15.25
4670 10249.231546769 10249.231546769 0.632947829146149 2.10474683406159 15.25
4671 10248.1311956855 10248.1311956855 0.632947829146149 2.10474683406159 15.25
4672 10247.0311396505 10247.0311396505 0.632947829146149 2.10474683406159 15.25
4673 10245.9313787591 10245.9313787591 0.632947829146149 2.10474683406159 15.25
4674 10244.8319131065 10244.8319131065 0.632947829146149 2.10474683406159 15.25
4675 10243.7327427878 10243.7327427878 0.632947829146149 2.10474683406159 15.25
4676 10242.6338678978 10242.6338678978 0.632947829146149 2.10474683406159 15.25
4677 10241.5352885322 10241.5352885322 0.632947829146149 2.10474683406159 15.25
4678 10240.437004786 10240.437004786 0.632947829146149 2.10474683406159 15.25
4679 10239.3390167541 10239.3390167541 0.632947829146149 2.10474683406159 15.25
4680 10238.2413245315 10238.2413245315 0.632947829146149 2.10474683406159 15.25
4681 10237.1439282134 10237.1439282134 0.632947829146149 2.10474683406159 15.25
4682 10236.046827895 10236.046827895 0.632947829146149 2.10474683406159 15.25
4683 10234.9500236722 10234.9500236722 0.632947829146149 2.10474683406159 15.25
4684 10233.853515638 10233.853515638 0.632947829146149 2.10474683406159 15.25
4685 10232.7573038897 10232.7573038897 0.632947829146149 2.10474683406159 15.25
4686 10231.6613885213 10231.6613885213 0.632947829146149 2.10474683406159 15.25
4687 10230.5657696301 10230.5657696301 0.632947829146149 2.10474683406159 15.25
4688 10229.4704473091 10229.4704473091 0.632947829146149 2.10474683406159 15.25
4689 10228.3754216544 10228.3754216544 0.632947829146149 2.10474683406159 15.25
4690 10227.2806927614 10227.2806927614 0.632947829146149 2.10474683406159 15.25
4691 10226.1862607258 10226.1862607258 0.632947829146149 2.10474683406159 15.25
4692 10225.0921256424 10225.0921256424 0.632947829146149 2.10474683406159 15.25
4693 10223.9982876065 10223.9982876065 0.632947829146149 2.10474683406159 15.25
4694 10222.9047466607 10222.9047466607 0.632947829146149 2.10474683406159 15.25
4695 10221.8115029354 10221.8115029354 0.632947829146149 2.10474683406159 15.25
4696 10220.7185565438 10220.7185565438 0.632947829146149 2.10474683406159 15.25
4697 10219.6259075813 10219.6259075813 0.632947829146149 2.10474683406159 15.25
4698 10218.5335561432 10218.5335561432 0.632947829146149 2.10474683406159 15.25
4699 10217.4415023249 10217.4415023249 0.632947829146149 2.10474683406159 15.25
4700 10216.3497462227 10216.3497462227 0.632947829146149 2.10474683406159 15.25
4701 10215.2582879298 10215.2582879298 0.632947829146149 2.10474683406159 15.25
4702 10214.1671275439 10214.1671275439 0.632947829146149 2.10474683406159 15.25
4703 10213.0762651597 10213.0762651597 0.632947829146149 2.10474683406159 15.25
4704 10211.985700873 10211.985700873 0.632947829146149 2.10474683406159 15.25
4705 10210.8954347787 10210.8954347787 0.632947829146149 2.10474683406159 15.25
4706 10209.8054669741 10209.8054669741 0.632947829146149 2.10474683406159 15.25
4707 10208.7157975525 10208.7157975525 0.632947829146149 2.10474683406159 15.25
4708 10207.6264266103 10207.6264266103 0.632947829146149 2.10474683406159 15.25
4709 10206.537354243 10206.537354243 0.632947829146149 2.10474683406159 15.25
4710 10205.4485805463 10205.4485805463 0.632947829146149 2.10474683406159 15.25
4711 10204.3601056156 10204.3601056156 0.632947829146149 2.10474683406159 15.25
4712 10203.2719295466 10203.2719295466 0.632947829146149 2.10474683406159 15.25
4713 10202.184052435 10202.184052435 0.632947829146149 2.10474683406159 15.25
4714 10201.0964743765 10201.0964743765 0.632947829146149 2.10474683406159 15.25
4715 10200.0091954665 10200.0091954665 0.632947829146149 2.10474683406159 15.25
4716 10198.922215801 10198.922215801 0.632947829146149 2.10474683406159 15.25
4717 10197.8355354755 10197.8355354755 0.632947829146149 2.10474683406159 15.25
4718 10196.7491545864 10196.7491545864 0.632947829146149 2.10474683406159 15.25
4719 10195.6630732293 10195.6630732293 0.632947829146149 2.10474683406159 15.25
4720 10194.5772914981 10194.5772914981 0.632947829146149 2.10474683406159 15.25
4721 10193.4918094905 10193.4918094905 0.632947829146149 2.10474683406159 15.25
4722 10192.4066273015 10192.4066273015 0.632947829146149 2.10474683406159 15.25
4723 10191.3217450271 10191.3217450271 0.632947829146149 2.10474683406159 15.25
4724 10190.2371627622 10190.2371627622 0.632947829146149 2.10474683406159 15.25
4725 10189.1528806047 10189.1528806047 0.632947829146149 2.10474683406159 15.25
4726 10188.0688986485 10188.0688986485 0.632947829146149 2.10474683406159 15.25
4727 10186.9852169899 10186.9852169899 0.632947829146149 2.10474683406159 15.25
4728 10185.9018357249 10185.9018357249 0.632947829146149 2.10474683406159 15.25
4729 10184.8187549493 10184.8187549493 0.632947829146149 2.10474683406159 15.25
4730 10183.7359747589 10183.7359747589 0.632947829146149 2.10474683406159 15.25
4731 10182.6534952502 10182.6534952502 0.632947829146149 2.10474683406159 15.25
4732 10181.5713165187 10181.5713165187 0.632947829146149 2.10474683406159 15.25
4733 10180.4894386601 10180.4894386601 0.632947829146149 2.10474683406159 15.25
4734 10179.4078617705 10179.4078617705 0.632947829146149 2.10474683406159 15.25
4735 10178.3265859458 10178.3265859458 0.632947829146149 2.10474683406159 15.25
4736 10177.2456112819 10177.2456112819 0.632947829146149 2.10474683406159 15.25
4737 10176.1649378748 10176.1649378748 0.632947829146149 2.10474683406159 15.25
4738 10175.0845657753 10175.0845657753 0.632947829146149 2.10474683406159 15.25
4739 10174.0044950999 10174.0044950999 0.632947829146149 2.10474683406159 15.25
4740 10172.924725968 10172.924725968 0.632947829146149 2.10474683406159 15.25
4741 10171.8452584776 10171.8452584776 0.632947829146149 2.10474683406159 15.25
4742 10170.7660927241 10170.7660927241 0.632947829146149 2.10474683406159 15.25
4743 10169.6872288035 10169.6872288035 0.632947829146149 2.10474683406159 15.25
4744 10168.608666812 10168.608666812 0.632947829146149 2.10474683406159 15.25
4745 10167.5304068461 10167.5304068461 0.632947829146149 2.10474683406159 15.25
4746 10166.4524490013 10166.4524490013 0.632947829146149 2.10474683406159 15.25
4747 10165.3747933738 10165.3747933738 0.632947829146149 2.10474683406159 15.25
4748 10164.2974400597 10164.2974400597 0.632947829146149 2.10474683406159 15.25
4749 10163.2203891552 10163.2203891552 0.632947829146149 2.10474683406159 15.25
4750 10162.1436407564 10162.1436407564 0.632947829146149 2.10474683406159 15.25
4751 10161.0671949595 10161.0671949595 0.632947829146149 2.10474683406159 15.25
4752 10159.9910518606 10159.9910518606 0.632947829146149 2.10474683406159 15.25
4753 10158.9152115561 10158.9152115561 0.632947829146149 2.10474683406159 15.25
4754 10157.8396741413 10157.8396741413 0.632947829146149 2.10474683406159 15.25
4755 10156.7644397146 10156.7644397146 0.632947829146149 2.10474683406159 15.25
4756 10155.6895083702 10155.6895083702 0.632947829146149 2.10474683406159 15.25
4757 10154.6148802049 10154.6148802049 0.632947829146149 2.10474683406159 15.25
4758 10153.5405553162 10153.5405553162 0.632947829146149 2.10474683406159 15.25
4759 10152.4665337979 10152.4665337979 0.632947829146149 2.10474683406159 15.25
4760 10151.3928157483 10151.3928157483 0.632947829146149 2.10474683406159 15.25
4761 10150.3194012631 10150.3194012631 0.632947829146149 2.10474683406159 15.25
4762 10149.2462904384 10149.2462904384 0.632947829146149 2.10474683406159 15.25
4763 10148.1734833708 10148.1734833708 0.632947829146149 2.10474683406159 15.25
4764 10147.1009801564 10147.1009801564 0.632947829146149 2.10474683406159 15.25
4765 10146.0287808917 10146.0287808917 0.632947829146149 2.10474683406159 15.25
4766 10144.956885673 10144.956885673 0.632947829146149 2.10474683406159 15.25
4767 10143.8852945967 10143.8852945967 0.632947829146149 2.10474683406159 15.25
4768 10142.8140077593 10142.8140077593 0.632947829146149 2.10474683406159 15.25
4769 10141.7430252571 10141.7430252571 0.632947829146149 2.10474683406159 15.25
4770 10140.6723471866 10140.6723471866 0.632947829146149 2.10474683406159 15.25
4771 10139.6019736443 10139.6019736443 0.632947829146149 2.10474683406159 15.25
4772 10138.5319047269 10138.5319047269 0.632947829146149 2.10474683406159 15.25
4773 10137.4621405297 10137.4621405297 0.632947829146149 2.10474683406159 15.25
4774 10136.3926811515 10136.3926811515 0.632947829146149 2.10474683406159 15.25
4775 10135.3235266865 10135.3235266865 0.632947829146149 2.10474683406159 15.25
4776 10134.254677232 10134.254677232 0.632947829146149 2.10474683406159 15.25
4777 10133.1861328852 10133.1861328852 0.632947829146149 2.10474683406159 15.25
4778 10132.1178937405 10132.1178937405 0.632947829146149 2.10474683406159 15.25
4779 10131.0499598967 10131.0499598967 0.632947829146149 2.10474683406159 15.25
4780 10129.9823314494 10129.9823314494 0.632947829146149 2.10474683406159 15.25
4781 10128.9150084954 10128.9150084954 0.632947829146149 2.10474683406159 15.25
4782 10127.8479910944 10127.8479910944 0.632947829146149 2.10474683406159 15.25
4783 10126.781279346 10126.781279346 0.632947829146149 2.10474683406159 15.25
4784 10125.7148733806 10125.7148733806 0.632947829146149 2.10474683406159 15.25
4785 10124.6487732958 10124.6487732958 0.632947829146149 2.10474683406159 15.25
4786 10123.5829791859 10123.5829791859 0.632947829146149 2.10474683406159 15.25
4787 10122.5174911495 10122.5174911495 0.632947829146149 2.10474683406159 15.25
4788 10121.4523092827 10121.4523092827 0.632947829146149 2.10474683406159 15.25
4789 10120.3874336815 10120.3874336815 0.632947829146149 2.10474683406159 15.25
4790 10119.3228644445 10119.3228644445 0.632947829146149 2.10474683406159 15.25
4791 10118.2586016665 10118.2586016665 0.632947829146149 2.10474683406159 15.25
4792 10117.1946454448 10117.1946454448 0.632947829146149 2.10474683406159 15.25
4793 10116.1309958755 10116.1309958755 0.632947829146149 2.10474683406159 15.25
4794 10115.0676530574 10115.0676530574 0.632947829146149 2.10474683406159 15.25
4795 10114.0046170851 10114.0046170851 0.632947829146149 2.10474683406159 15.25
4796 10112.9418880561 10112.9418880561 0.632947829146149 2.10474683406159 15.25
4797 10111.8794660672 10111.8794660672 0.632947829146149 2.10474683406159 15.25
4798 10110.8173512154 10110.8173512154 0.632947829146149 2.10474683406159 15.25
4799 10109.7555435974 10109.7555435974 0.632947829146149 2.10474683406159 15.25
4800 10108.6940433099 10108.6940433099 0.632947829146149 2.10474683406159 15.25
4801 10107.6328504497 10107.6328504497 0.632947829146149 2.10474683406159 15.25
4802 10106.5719651136 10106.5719651136 0.632947829146149 2.10474683406159 15.25
4803 10105.5113873985 10105.5113873985 0.632947829146149 2.10474683406159 15.25
4804 10104.4511174013 10104.4511174013 0.632947829146149 2.10474683406159 15.25
4805 10103.3911552189 10103.3911552189 0.632947829146149 2.10474683406159 15.25
4806 10102.3315009481 10102.3315009481 0.632947829146149 2.10474683406159 15.25
4807 10101.2721546858 10101.2721546858 0.632947829146149 2.10474683406159 15.25
4808 10100.2131165297 10100.2131165297 0.632947829146149 2.10474683406159 15.25
4809 10099.1543865746 10099.1543865746 0.632947829146149 2.10474683406159 15.25
4810 10098.0959649195 10098.0959649195 0.632947829146149 2.10474683406159 15.25
4811 10097.0378516607 10097.0378516607 0.632947829146149 2.10474683406159 15.25
4812 10095.9800468962 10095.9800468962 0.632947829146149 2.10474683406159 15.25
4813 10094.9225507204 10094.9225507204 0.632947829146149 2.10474683406159 15.25
4814 10093.8653632325 10093.8653632325 0.632947829146149 2.10474683406159 15.25
4815 10092.8084845289 10092.8084845289 0.632947829146149 2.10474683406159 15.25
4816 10091.7519147057 10091.7519147057 0.632947829146149 2.10474683406159 15.25
4817 10090.6956538623 10090.6956538623 0.632947829146149 2.10474683406159 15.25
4818 10089.6397020934 10089.6397020934 0.632947829146149 2.10474683406159 15.25
4819 10088.5840594968 10088.5840594968 0.632947829146149 2.10474683406159 15.25
4820 10087.5287261696 10087.5287261696 0.632947829146149 2.10474683406159 15.25
4821 10086.4737022089 10086.4737022089 0.632947829146149 2.10474683406159 15.25
4822 10085.4189877117 10085.4189877117 0.632947829146149 2.10474683406159 15.25
4823 10084.3645827752 10084.3645827752 0.632947829146149 2.10474683406159 15.25
4824 10083.3104874965 10083.3104874965 0.632947829146149 2.10474683406159 15.25
4825 10082.2567019729 10082.2567019729 0.632947829146149 2.10474683406159 15.25
4826 10081.2032262725 10081.2032262725 0.632947829146149 2.10474683406159 15.25
4827 10080.1500604795 10080.1500604795 0.632947829146149 2.10474683406159 15.25
4828 10079.0972047329 10079.0972047329 0.632947829146149 2.10474683406159 15.25
4829 10078.0446591299 10078.0446591299 0.632947829146149 2.10474683406159 15.25
4830 10076.9924237675 10076.9924237675 0.632947829146149 2.10474683406159 15.25
4831 10075.940498743 10075.940498743 0.632947829146149 2.10474683406159 15.25
4832 10074.8888841536 10074.8888841536 0.632947829146149 2.10474683406159 15.25
4833 10073.8375800965 10073.8375800965 0.632947829146149 2.10474683406159 15.25
4834 10072.7865866689 10072.7865866689 0.632947829146149 2.10474683406159 15.25
4835 10071.7359039682 10071.7359039682 0.632947829146149 2.10474683406159 15.25
4836 10070.6855320915 10070.6855320915 0.632947829146149 2.10474683406159 15.25
4837 10069.6354711368 10069.6354711368 0.632947829146149 2.10474683406159 15.25
4838 10068.5857211994 10068.5857211994 0.632947829146149 2.10474683406159 15.25
4839 10067.5362823786 10067.5362823786 0.632947829146149 2.10474683406159 15.25
4840 10066.4871547711 10066.4871547711 0.632947829146149 2.10474683406159 15.25
4841 10065.438338474 10065.438338474 0.632947829146149 2.10474683406159 15.25
4842 10064.3898335848 10064.3898335848 0.632947829146149 2.10474683406159 15.25
4843 10063.3416402007 10063.3416402007 0.632947829146149 2.10474683406159 15.25
4844 10062.2937584192 10062.2937584192 0.632947829146149 2.10474683406159 15.25
4845 10061.2461883375 10061.2461883375 0.632947829146149 2.10474683406159 15.25
4846 10060.1989300523 10060.1989300523 0.632947829146149 2.10474683406159 15.25
4847 10059.1519836632 10059.1519836632 0.632947829146149 2.10474683406159 15.25
4848 10058.1053492653 10058.1053492653 0.632947829146149 2.10474683406159 15.25
4849 10057.059026957 10057.059026957 0.632947829146149 2.10474683406159 15.25
4850 10056.0130168354 10056.0130168354 0.632947829146149 2.10474683406159 15.25
4851 10054.9673189988 10054.9673189988 0.632947829146149 2.10474683406159 15.25
4852 10053.9219335427 10053.9219335427 0.632947829146149 2.10474683406159 15.25
4853 10052.8768605665 10052.8768605665 0.632947829146149 2.10474683406159 15.25
4854 10051.8321001669 10051.8321001669 0.632947829146149 2.10474683406159 15.25
4855 10050.7876524414 10050.7876524414 0.632947829146149 2.10474683406159 15.25
4856 10049.7435174874 10049.7435174874 0.632947829146149 2.10474683406159 15.25
4857 10048.6996954026 10048.6996954026 0.632947829146149 2.10474683406159 15.25
4858 10047.6561862843 10047.6561862843 0.632947829146149 2.10474683406159 15.25
4859 10046.6129902302 10046.6129902302 0.632947829146149 2.10474683406159 15.25
4860 10045.570107337 10045.570107337 0.632947829146149 2.10474683406159 15.25
4861 10044.5275377044 10044.5275377044 0.632947829146149 2.10474683406159 15.25
4862 10043.4852814278 10043.4852814278 0.632947829146149 2.10474683406159 15.25
4863 10042.4433386056 10042.4433386056 0.632947829146149 2.10474683406159 15.25
4864 10041.4017093352 10041.4017093352 0.632947829146149 2.10474683406159 15.25
4865 10040.3603937151 10040.3603937151 0.632947829146149 2.10474683406159 15.25
4866 10039.3193918407 10039.3193918407 0.632947829146149 2.10474683406159 15.25
4867 10038.2787038117 10038.2787038117 0.632947829146149 2.10474683406159 15.25
4868 10037.238329725 10037.238329725 0.632947829146149 2.10474683406159 15.25
4869 10036.1982696782 10036.1982696782 0.632947829146149 2.10474683406159 15.25
4870 10035.1585237485 10035.1585237485 0.632947829146149 2.10474683406159 15.25
4871 10034.119092004 10034.119092004 0.632947829146149 2.10474683406159 15.25
4872 10033.0799745923 10033.0799745923 0.632947829146149 2.10474683406159 15.25
4873 10032.0411716112 10032.0411716112 0.632947829146149 2.10474683406159 15.25
4874 10031.0026831583 10031.0026831583 0.632947829146149 2.10474683406159 15.25
4875 10029.9645093314 10029.9645093314 0.632947829146149 2.10474683406159 15.25
4876 10028.9266502281 10028.9266502281 0.632947829146149 2.10474683406159 15.25
4877 10027.8891059456 10027.8891059456 0.632947829146149 2.10474683406159 15.25
4878 10026.8518765835 10026.8518765835 0.632947829146149 2.10474683406159 15.25
4879 10025.8149622377 10025.8149622377 0.632947829146149 2.10474683406159 15.25
4880 10024.7783630072 10024.7783630072 0.632947829146149 2.10474683406159 15.25
4881 10023.7420789876 10023.7420789876 0.632947829146149 2.10474683406159 15.25
4882 10022.7061102789 10022.7061102789 0.632947829146149 2.10474683406159 15.25
4883 10021.6704569781 10021.6704569781 0.632947829146149 2.10474683406159 15.25
4884 10020.635119183 10020.635119183 0.632947829146149 2.10474683406159 15.25
4885 10019.6000969914 10019.6000969914 0.632947829146149 2.10474683406159 15.25
4886 10018.5653905011 10018.5653905011 0.632947829146149 2.10474683406159 15.25
4887 10017.53099981 10017.53099981 0.632947829146149 2.10474683406159 15.25
4888 10016.4969250159 10016.4969250159 0.632947829146149 2.10474683406159 15.25
4889 10015.4631662166 10015.4631662166 0.632947829146149 2.10474683406159 15.25
4890 10014.4297235093 10014.4297235093 0.632947829146149 2.10474683406159 15.25
4891 10013.396596994 10013.396596994 0.632947829146149 2.10474683406159 15.25
4892 10012.3637867665 10012.3637867665 0.632947829146149 2.10474683406159 15.25
4893 10011.331292926 10011.331292926 0.632947829146149 2.10474683406159 15.25
4894 10010.2991155683 10010.2991155683 0.632947829146149 2.10474683406159 15.25
4895 10009.2672547935 10009.2672547935 0.632947829146149 2.10474683406159 15.25
4896 10008.2357106987 10008.2357106987 0.632947829146149 2.10474683406159 15.25
4897 10007.2044833819 10007.2044833819 0.632947829146149 2.10474683406159 15.25
4898 10006.1735729411 10006.1735729411 0.632947829146149 2.10474683406159 15.25
4899 10005.1429794741 10005.1429794741 0.632947829146149 2.10474683406159 15.25
4900 10004.112703079 10004.112703079 0.632947829146149 2.10474683406159 15.25
4901 10003.0827438536 10003.0827438536 0.632947829146149 2.10474683406159 15.25
4902 10002.0531018961 10002.0531018961 0.632947829146149 2.10474683406159 15.25
4903 10001.0237773044 10001.0237773044 0.632947829146149 2.10474683406159 15.25
4904 9999.99477017643 9999.99477017643 0.632947829146149 2.10474683406159 15.25
4905 9998.96608061027 9998.96608061027 0.632947829146149 2.10474683406159 15.25
4906 9997.93770870464 9997.93770870464 0.632947829146149 2.10474683406159 15.25
4907 9996.90965455545 9996.90965455545 0.632947829146149 2.10474683406159 15.25
4908 9995.88191826285 9995.88191826285 0.632947829146149 2.10474683406159 15.25
4909 9994.8544999242 9994.8544999242 0.632947829146149 2.10474683406159 15.25
4910 9993.82739963755 9993.82739963755 0.632947829146149 2.10474683406159 15.25
4911 9992.80061750098 9992.80061750098 0.632947829146149 2.10474683406159 15.25
4912 9991.77415361257 9991.77415361257 0.632947829146149 2.10474683406159 15.25
4913 9990.74800807041 9990.74800807041 0.632947829146149 2.10474683406159 15.25
4914 9989.7221809599 9989.7221809599 0.632947829146149 2.10474683406159 15.25
4915 9988.69667233396 9988.69667233396 0.632947829146149 2.10474683406159 15.25
4916 9987.67148234863 9987.67148234863 0.632947829146149 2.10474683406159 15.25
4917 9986.646611102 9986.646611102 0.632947829146149 2.10474683406159 15.25
4918 9985.62205869224 9985.62205869224 0.632947829146149 2.10474683406159 15.25
4919 9984.59782521744 9984.59782521744 0.632947829146149 2.10474683406159 15.25
4920 9983.5739107758 9983.5739107758 0.632947829146149 2.10474683406159 15.25
4921 9982.55031546551 9982.55031546551 0.632947829146149 2.10474683406159 15.25
4922 9981.52703938472 9981.52703938472 0.632947829146149 2.10474683406159 15.25
4923 9980.50408263164 9980.50408263164 0.632947829146149 2.10474683406159 15.25
4924 9979.48144530447 9979.48144530447 0.632947829146149 2.10474683406159 15.25
4925 9978.45912750141 9978.45912750141 0.632947829146149 2.10474683406159 15.25
4926 9977.43712932068 9977.43712932068 0.632947829146149 2.10474683406159 15.25
4927 9976.41545086051 9976.41545086051 0.632947829146149 2.10474683406159 15.25
4928 9975.39409221913 9975.39409221913 0.632947829146149 2.10474683406159 15.25
4929 9974.3730534948 9974.3730534948 0.632947829146149 2.10474683406159 15.25
4930 9973.35233478577 9973.35233478577 0.632947829146149 2.10474683406159 15.25
4931 9972.3319361903 9972.3319361903 0.632947829146149 2.10474683406159 15.25
4932 9971.31185780662 9971.31185780662 0.632947829146149 2.10474683406159 15.25
4933 9970.29209973302 9970.29209973302 0.632947829146149 2.10474683406159 15.25
4934 9969.27266206783 9969.27266206783 0.632947829146149 2.10474683406159 15.25
4935 9968.25354490936 9968.25354490936 0.632947829146149 2.10474683406159 15.25
4936 9967.23474835592 9967.23474835592 0.632947829146149 2.10474683406159 15.25
4937 9966.21627250584 9966.21627250584 0.632947829146149 2.10474683406159 15.25
4938 9965.19811745744 9965.19811745744 0.632947829146149 2.10474683406159 15.25
4939 9964.18028330906 9964.18028330906 0.632947829146149 2.10474683406159 15.25
4940 9963.16277015905 9963.16277015905 0.632947829146149 2.10474683406159 15.25
4941 9962.14557810577 9962.14557810577 0.632947829146149 2.10474683406159 15.25
4942 9961.12870724829 9961.12870724829 0.632947829146149 2.10474683406159 15.25
4943 9960.11215768288 9960.11215768288 0.632947829146149 2.10474683406159 15.25
4944 9959.09592951002 9959.09592951002 0.632947829146149 2.10474683406159 15.25
4945 9958.08002282739 9958.08002282739 0.632947829146149 2.10474683406159 15.25
4946 9957.06443773332 9957.06443773332 0.632947829146149 2.10474683406159 15.25
4947 9956.0491743263 9956.0491743263 0.632947829146149 2.10474683406159 15.25
4948 9955.03423270548 9955.03423270548 0.632947829146149 2.10474683406159 15.25
4949 9954.01961296716 9954.01961296716 0.632947829146149 2.10474683406159 15.25
4950 9953.00531521191 9953.00531521191 0.632947829146149 2.10474683406159 15.25
4951 9951.99133953748 9951.99133953748 0.632947829146149 2.10474683406159 15.25
4952 9950.97768604232 9950.97768604232 0.632947829146149 2.10474683406159 15.25
4953 9949.96435482488 9949.96435482488 0.632947829146149 2.10474683406159 15.25
4954 9948.95134598435 9948.95134598435 0.632947829146149 2.10474683406159 15.25
4955 9947.93865961711 9947.93865961711 0.632947829146149 2.10474683406159 15.25
4956 9946.92629582375 9946.92629582375 0.632947829146149 2.10474683406159 15.25
4957 9945.91425470206 9945.91425470206 0.632947829146149 2.10474683406159 15.25
4958 9944.90253634634 9944.90253634634 0.632947829146149 2.10474683406159 15.25
4959 9943.89114079212 9943.89114079212 0.632947829146149 2.10474683406159 15.25
4960 9942.88006820652 9942.88006820652 0.632947829146149 2.10474683406159 15.25
4961 9941.86931868599 9941.86931868599 0.632947829146149 2.10474683406159 15.25
4962 9940.85889232976 9940.85889232976 0.632947829146149 2.10474683406159 15.25
4963 9939.84878923641 9939.84878923641 0.632947829146149 2.10474683406159 15.25
4964 9938.83900950447 9938.83900950447 0.632947829146149 2.10474683406159 15.25
4965 9937.82955323254 9937.82955323254 0.632947829146149 2.10474683406159 15.25
4966 9936.82042051919 9936.82042051919 0.632947829146149 2.10474683406159 15.25
4967 9935.81161146302 9935.81161146302 0.632947829146149 2.10474683406159 15.25
4968 9934.80312616261 9934.80312616261 0.632947829146149 2.10474683406159 15.25
4969 9933.79496471656 9933.79496471656 0.632947829146149 2.10474683406159 15.25
4970 9932.7871272242 9932.7871272242 0.632947829146149 2.10474683406159 15.25
4971 9931.77961378202 9931.77961378202 0.632947829146149 2.10474683406159 15.25
4972 9930.77242449066 9930.77242449066 0.632947829146149 2.10474683406159 15.25
4973 9929.76555944805 9929.76555944805 0.632947829146149 2.10474683406159 15.25
4974 9928.75901875294 9928.75901875294 0.632947829146149 2.10474683406159 15.25
4975 9927.75280250398 9927.75280250398 0.632947829146149 2.10474683406159 15.25
4976 9926.74691079984 9926.74691079984 0.632947829146149 2.10474683406159 15.25
4977 9925.74134373918 9925.74134373918 0.632947829146149 2.10474683406159 15.25
4978 9924.73610142069 9924.73610142069 0.632947829146149 2.10474683406159 15.25
4979 9923.73118394305 9923.73118394305 0.632947829146149 2.10474683406159 15.25
4980 9922.72659140495 9922.72659140495 0.632947829146149 2.10474683406159 15.25
4981 9921.7223239051 9921.7223239051 0.632947829146149 2.10474683406159 15.25
4982 9920.71838154224 9920.71838154224 0.632947829146149 2.10474683406159 15.25
4983 9919.71476441506 9919.71476441506 0.632947829146149 2.10474683406159 15.25
4984 9918.71147262157 9918.71147262157 0.632947829146149 2.10474683406159 15.25
4985 9917.7085062626 9917.7085062626 0.632947829146149 2.10474683406159 15.25
4986 9916.70586543456 9916.70586543456 0.632947829146149 2.10474683406159 15.25
4987 9915.70355023715 9915.70355023715 0.632947829146149 2.10474683406159 15.25
4988 9914.70156076912 9914.70156076912 0.632947829146149 2.10474683406159 15.25
4989 9913.69989712924 9913.69989712924 0.632947829146149 2.10474683406159 15.25
4990 9912.69855941627 9912.69855941627 0.632947829146149 2.10474683406159 15.25
4991 9911.69754772901 9911.69754772901 0.632947829146149 2.10474683406159 15.25
4992 9910.69686216624 9910.69686216624 0.632947829146149 2.10474683406159 15.25
4993 9909.69650282675 9909.69650282675 0.632947829146149 2.10474683406159 15.25
4994 9908.69646980935 9908.69646980935 0.632947829146149 2.10474683406159 15.25
4995 9907.69676321357 9907.69676321357 0.632947829146149 2.10474683406159 15.25
4996 9906.69738313609 9906.69738313609 0.632947829146149 2.10474683406159 15.25
4997 9905.69832967791 9905.69832967791 0.632947829146149 2.10474683406159 15.25
4998 9904.69960293641 9904.69960293641 0.632947829146149 2.10474683406159 15.25
4999 9903.70120301232 9903.70120301232 0.632947829146149 2.10474683406159 15.25
5000 9902.70313000252 9902.70313000252 0.632947829146149 2.10474683406159 15.25
5001 9901.70538400664 9901.70538400664 0.632947829146149 2.10474683406159 15.25
5002 9900.70796512356 9900.70796512356 0.632947829146149 2.10474683406159 15.25
5003 9899.7108733851 9899.7108733851 0.632947829146149 2.10474683406159 15.25
5004 9898.71410895365 9898.71410895365 0.632947829146149 2.10474683406159 15.25
5005 9897.71767193164 9897.71767193164 0.632947829146149 2.10474683406159 15.25
5006 9896.72156241796 9896.72156241796 0.632947829146149 2.10474683406159 15.25
5007 9895.72578051151 9895.72578051151 0.632947829146149 2.10474683406159 15.25
5008 9894.73032631119 9894.73032631119 0.632947829146149 2.10474683406159 15.25
5009 9893.73519991593 9893.73519991593 0.632947829146149 2.10474683406159 15.25
5010 9892.74040142466 9892.74040142466 0.632947829146149 2.10474683406159 15.25
5011 9891.74593093629 9891.74593093629 0.632947829146149 2.10474683406159 15.25
5012 9890.75178854967 9890.75178854967 0.632947829146149 2.10474683406159 15.25
5013 9889.75797436362 9889.75797436362 0.632947829146149 2.10474683406159 15.25
5014 9888.76448847731 9888.76448847731 0.632947829146149 2.10474683406159 15.25
5015 9887.7713309897 9887.7713309897 0.632947829146149 2.10474683406159 15.25
5016 9886.77850199975 9886.77850199975 0.632947829146149 2.10474683406159 15.25
5017 9885.78600160643 9885.78600160643 0.632947829146149 2.10474683406159 15.25
5018 9884.79382990873 9884.79382990873 0.632947829146149 2.10474683406159 15.25
5019 9883.80198700493 9883.80198700493 0.632947829146149 2.10474683406159 15.25
5020 9882.81047299613 9882.81047299613 0.632947829146149 2.10474683406159 15.25
5021 9881.81928797923 9881.81928797923 0.632947829146149 2.10474683406159 15.25
5022 9880.82843205394 9880.82843205394 0.632947829146149 2.10474683406159 15.25
5023 9879.83790531927 9879.83790531927 0.632947829146149 2.10474683406159 15.25
5024 9878.84770787424 9878.84770787424 0.632947829146149 2.10474683406159 15.25
5025 9877.85783981787 9877.85783981787 0.632947829146149 2.10474683406159 15.25
5026 9876.86830124887 9876.86830124887 0.632947829146149 2.10474683406159 15.25
5027 9875.87909226655 9875.87909226655 0.632947829146149 2.10474683406159 15.25
5028 9874.89021297078 9874.89021297078 0.632947829146149 2.10474683406159 15.25
5029 9873.90166345845 9873.90166345845 0.632947829146149 2.10474683406159 15.25
5030 9872.91344383072 9872.91344383072 0.632947829146149 2.10474683406159 15.25
5031 9871.92555418598 9871.92555418598 0.632947829146149 2.10474683406159 15.25
5032 9870.93799462328 9870.93799462328 0.632947829146149 2.10474683406159 15.25
5033 9869.95076524171 9869.95076524171 0.632947829146149 2.10474683406159 15.25
5034 9868.96386614036 9868.96386614036 0.632947829146149 2.10474683406159 15.25
5035 9867.97729741833 9867.97729741833 0.632947829146149 2.10474683406159 15.25
5036 9866.991059174 9866.991059174 0.632947829146149 2.10474683406159 15.25
5037 9866.00515150861 9866.00515150861 0.632947829146149 2.10474683406159 15.25
5038 9865.01957451915 9865.01957451915 0.632947829146149 2.10474683406159 15.25
5039 9864.03432830522 9864.03432830522 0.632947829146149 2.10474683406159 15.25
5040 9863.04941296594 9863.04941296594 0.632947829146149 2.10474683406159 15.25
5041 9862.06482860067 9862.06482860067 0.632947829146149 2.10474683406159 15.25
5042 9861.08057530861 9861.08057530861 0.632947829146149 2.10474683406159 15.25
5043 9860.09665318883 9860.09665318883 0.632947829146149 2.10474683406159 15.25
5044 9859.1130623405 9859.1130623405 0.632947829146149 2.10474683406159 15.25
5045 9858.12980286347 9858.12980286347 0.632947829146149 2.10474683406159 15.25
5046 9857.1468748548 9857.1468748548 0.632947829146149 2.10474683406159 15.25
5047 9856.1642783572 9856.1642783572 0.632947829146149 2.10474683406159 15.25
5048 9855.18201351573 9855.18201351573 0.632947829146149 2.10474683406159 15.25
5049 9854.20008044154 9854.20008044154 0.632947829146149 2.10474683406159 15.25
