1 10000 10000 0.634520752808001 2.10811868144987 15.25
2 10000 10000 0.634520752808001 2.10811868144987 15.25
3 10000 10000 0.634520752808001 2.10811868144987 15.25
4 10000 10000 0.634520752808001 2.10811868144987 15.25
5 10000 10000 0.634520752808001 2.10811868144987 15.25
6 10000 10000 0.634520752808001 2.10811868144987 15.25
7 10000 10000 0.634520752808001 2.10811868144987 15.25
8 10000 10000 0.634520752808001 2.10811868144987 15.25
9 10000 10000 0.634520752808001 2.10811868144987 15.25
10 10000 10000 0.634520752808001 2.10811868144987 15.25
11 10000 10000 0.634520752808001 2.10811868144987 15.25
12 10000 10000 0.634520752808001 2.10811868144987 15.25
13 10000 10000 0.634520752808001 2.10811868144987 15.25
14 10000 10000 0.634520752808001 2.10811868144987 15.25
15 10000 10000 0.634520752808001 2.10811868144987 15.25
16 10000 10000 0.634520752808001 2.10811868144987 15.25
17 10000 10000 0.634520752808001 2.10811868144987 15.25
18 10000 10000 0.634520752808001 2.10811868144987 15.25
19 10000 10000 0.634520752808001 2.10811868144987 15.25
20 10000 10000 0.634520752808001 2.10811868144987 15.25
21 10000 10000 0.634520752808001 2.10811868144987 15.25
22 10000 10000 0.634520752808001 2.10811868144987 15.25
23 10000 10000 0.634520752808001 2.10811868144987 15.25
24 10000 10000 0.634520752808001 2.10811868144987 15.25
25 10000 10000 0.634520752808001 2.10811868144987 15.25
26 10000 10000 0.634520752808001 2.10811868144987 15.25
27 10000 10000 0.634520752808001 2.10811868144987 15.25
28 10000 10000 0.634520752808001 2.10811868144987 15.25
29 10000 10000 0.634520752808001 2.10811868144987 15.25
30 10000 10000 0.634520752808001 2.10811868144987 15.25
31 10000 10000 0.634520752808001 2.10811868144987 15.25
32 10000 10000 0.634520752808001 2.10811868144987 15.25
33 10000 10000 0.634520752808001 2.10811868144987 15.25
34 10000 10000 0.634520752808001 2.10811868144987 15.25
35 10000 10000 0.634520752808001 2.10811868144987 15.25
36 10000 10000 0.634520752808001 2.10811868144987 15.25
37 10000 10000 0.634520752808001 2.10811868144987 15.25
38 10000 10000 0.634520752808001 2.10811868144987 15.25
39 10000 10000 0.634520752808001 2.10811868144987 15.25
40 10000.0329233606 10000.0329233606 0.634520752808001 2.10811868144987 15.25
41 10000.1666778683 10000.1666778683 0.634520752808001 2.10811868144987 15.25
42 10000.4033335983 10000.4033335983 0.634520752808001 2.10811868144987 15.25
43 10000.7429124643 10000.7429124643 0.634520752808001 2.10811868144987 15.25
44 10001.1854458963 10001.1854458963 0.634520752808001 2.10811868144987 15.25
45 10001.7309748344 10001.7309748344 0.634520752808001 2.10811868144987 15.25
46 10002.3795497374 10002.3795497374 0.634520752808001 2.10811868144987 15.25
47 10003.1312305599 10003.1312305599 0.634520752808001 2.10811868144987 15.25
48 10003.9860867525 10003.9860867525 0.634520752808001 2.10811868144987 15.25
49 10004.9441972307 10004.9441972307 0.634520752808001 2.10811868144987 15.25
50 10005.9726681735 10005.9726681735 0.634520752808001 2.10811868144987 15.25
51 10007.0035168649 10007.0035168649 0.634520752808001 2.10811868144987 15.25
52 10008.0346824499 10008.0346824499 0.634520752808001 2.10811868144987 15.25
53 10009.0661648327 10009.0661648327 0.634520752808001 2.10811868144987 15.25
54 10010.0979639153 10010.0979639153 0.634520752808001 2.10811868144987 15.25
55 10011.1300795998 10011.1300795998 0.634520752808001 2.10811868144987 15.25
56 10012.1625117764 10012.1625117764 0.634520752808001 2.10811868144987 15.25
57 10013.1952603551 10013.1952603551 0.634520752808001 2.10811868144987 15.25
58 10014.2283252419 10014.2283252419 0.634520752808001 2.10811868144987 15.25
59 10015.2617063371 10015.2617063371 0.634520752808001 2.10811868144987 15.25
60 10016.2954035447 10016.2954035447 0.634520752808001 2.10811868144987 15.25
61 10017.3294167669 10017.3294167669 0.634520752808001 2.10811868144987 15.25
62 10018.3637459058 10018.3637459058 0.634520752808001 2.10811868144987 15.25
63 10019.3983908397 10019.3983908397 0.634520752808001 2.10811868144987 15.25
64 10020.4333514835 10020.4333514835 0.634520752808001 2.10811868144987 15.25
65 10021.4686277485 10021.4686277485 0.634520752808001 2.10811868144987 15.25
66 10022.504219539 10022.504219539 0.634520752808001 2.10811868144987 15.25
67 10023.5401267571 10023.5401267571 0.634520752808001 2.10811868144987 15.25
68 10024.5763493051 10024.5763493051 0.634520752808001 2.10811868144987 15.25
69 10025.6128870852 10025.6128870852 0.634520752808001 2.10811868144987 15.25
70 10026.6497399838 10026.6497399838 0.634520752808001 2.10811868144987 15.25
71 10027.6869079189 10027.6869079189 0.634520752808001 2.10811868144987 15.25
72 10028.7243907906 10028.7243907906 0.634520752808001 2.10811868144987 15.25
73 10029.762188504 10029.762188504 0.634520752808001 2.10811868144987 15.25
74 10030.8003009605 10030.8003009605 0.634520752808001 2.10811868144987 15.25
75 10031.8387280626 10031.8387280626 0.634520752808001 2.10811868144987 15.25
76 10032.8774697127 10032.8774697127 0.634520752808001 2.10811868144987 15.25
77 10033.9165258111 10033.9165258111 0.634520752808001 2.10811868144987 15.25
78 10034.9558962621 10034.9558962621 0.634520752808001 2.10811868144987 15.25
79 10035.995580968 10035.995580968 0.634520752808001 2.10811868144987 15.25
80 10037.0355798308 10037.0355798308 0.634520752808001 2.10811868144987 15.25
81 10038.075892754 10038.075892754 0.634520752808001 2.10811868144987 15.25
82 10039.1165196389 10039.1165196389 0.634520752808001 2.10811868144987 15.25
83 10040.1574603841 10040.1574603841 0.634520752808001 2.10811868144987 15.25
84 10041.1987148822 10041.1987148822 0.634520752808001 2.10811868144987 15.25
85 10042.2402830495 10042.2402830495 0.634520752808001 2.10811868144987 15.25
86 10043.2821647883 10043.2821647883 0.634520752808001 2.10811868144987 15.25
87 10044.3243600011 10044.3243600011 0.634520752808001 2.10811868144987 15.25
88 10045.3668685907 10045.3668685907 0.634520752808001 2.10811868144987 15.25
89 10046.4096904585 10046.4096904585 0.634520752808001 2.10811868144987 15.25
90 10047.452825506 10047.452825506 0.634520752808001 2.10811868144987 15.25
91 10048.4962736372 10048.4962736372 0.634520752808001 2.10811868144987 15.25
92 10049.5400347547 10049.5400347547 0.634520752808001 2.10811868144987 15.25
93 10050.584108761 10050.584108761 0.634520752808001 2.10811868144987 15.25
94 10051.6284955585 10051.6284955585 0.634520752808001 2.10811868144987 15.25
95 10052.6731950498 10052.6731950498 0.634520752808001 2.10811868144987 15.25
96 10053.7182071357 10053.7182071357 0.634520752808001 2.10811868144987 15.25
97 10054.7635317138 10054.7635317138 0.634520752808001 2.10811868144987 15.25
98 10055.8091686837 10055.8091686837 0.634520752808001 2.10811868144987 15.25
99 10056.8551179575 10056.8551179575 0.634520752808001 2.10811868144987 15.25
100 10057.9013794378 10057.9013794378 0.634520752808001 2.10811868144987 15.25
101 10058.9479530272 10058.9479530272 0.634520752808001 2.10811868144987 15.25
102 10059.9948386282 10059.9948386282 0.634520752808001 2.10811868144987 15.25
103 10061.0420361415 10061.0420361415 0.634520752808001 2.10811868144987 15.25
104 10062.089545472 10062.089545472 0.634520752808001 2.10811868144987 15.25
105 10063.1373665213 10063.1373665213 0.634520752808001 2.10811868144987 15.25
106 10064.1854991931 10064.1854991931 0.634520752808001 2.10811868144987 15.25
107 10065.2339433697 10065.2339433697 0.634520752808001 2.10811868144987 15.25
108 10066.2826989591 10066.2826989591 0.634520752808001 2.10811868144987 15.25
109 10067.3317658767 10067.3317658767 0.634520752808001 2.10811868144987 15.25
110 10068.3811440272 10068.3811440272 0.634520752808001 2.10811868144987 15.25
111 10069.4308333032 10069.4308333032 0.634520752808001 2.10811868144987 15.25
112 10070.4808336115 10070.4808336115 0.634520752808001 2.10811868144987 15.25
113 10071.5311448607 10071.5311448607 0.634520752808001 2.10811868144987 15.25
114 10072.5817669536 10072.5817669536 0.634520752808001 2.10811868144987 15.25
115 10073.6326997929 10073.6326997929 0.634520752808001 2.10811868144987 15.25
116 10074.6839432794 10074.6839432794 0.634520752808001 2.10811868144987 15.25
117 10075.7354973178 10075.7354973178 0.634520752808001 2.10811868144987 15.25
118 10076.787361811 10076.787361811 0.634520752808001 2.10811868144987 15.25
119 10077.8395366613 10077.8395366613 0.634520752808001 2.10811868144987 15.25
120 10078.8920217726 10078.8920217726 0.634520752808001 2.10811868144987 15.25
121 10079.9448170467 10079.9448170467 0.634520752808001 2.10811868144987 15.25
122 10080.9979223848 10080.9979223848 0.634520752808001 2.10811868144987 15.25
123 10082.0513376916 10082.0513376916 0.634520752808001 2.10811868144987 15.25
124 10083.1050628701 10083.1050628701 0.634520752808001 2.10811868144987 15.25
125 10084.1590978091 10084.1590978091 0.634520752808001 2.10811868144987 15.25
126 10085.2134424235 10085.2134424235 0.634520752808001 2.10811868144987 15.25
127 10086.2680966182 10086.2680966182 0.634520752808001 2.10811868144987 15.25
128 10087.323060294 10087.323060294 0.634520752808001 2.10811868144987 15.25
129 10088.3783333559 10088.3783333559 0.634520752808001 2.10811868144987 15.25
130 10089.4339157068 10089.4339157068 0.634520752808001 2.10811868144987 15.25
131 10090.4898072496 10090.4898072496 0.634520752808001 2.10811868144987 15.25
132 10091.5460078873 10091.5460078873 0.634520752808001 2.10811868144987 15.25
133 10092.6025175228 10092.6025175228 0.634520752808001 2.10811868144987 15.25
134 10093.6593360571 10093.6593360571 0.634520752808001 2.10811868144987 15.25
135 10094.7164633952 10094.7164633952 0.634520752808001 2.10811868144987 15.25
136 10095.7738994404 10095.7738994404 0.634520752808001 2.10811868144987 15.25
137 10096.8316440947 10096.8316440947 0.634520752808001 2.10811868144987 15.25
138 10097.8896972602 10097.8896972602 0.634520752808001 2.10811868144987 15.25
139 10098.9480588275 10098.9480588275 0.634520752808001 2.10811868144987 15.25
140 10100.0067287138 10100.0067287138 0.634520752808001 2.10811868144987 15.25
141 10101.0657068199 10101.0657068199 0.634520752808001 2.10811868144987 15.25
142 10102.1249930511 10102.1249930511 0.634520752808001 2.10811868144987 15.25
143 10103.1845873104 10103.1845873104 0.634520752808001 2.10811868144987 15.25
144 10104.2444895008 10104.2444895008 0.634520752808001 2.10811868144987 15.25
145 10105.3046995256 10105.3046995256 0.634520752808001 2.10811868144987 15.25
146 10106.3652172877 10106.3652172877 0.634520752808001 2.10811868144987 15.25
147 10107.4260426885 10107.4260426885 0.634520752808001 2.10811868144987 15.25
148 10108.4871756329 10108.4871756329 0.634520752808001 2.10811868144987 15.25
149 10109.5486160241 10109.5486160241 0.634520752808001 2.10811868144987 15.25
150 10110.6103637654 10110.6103637654 0.634520752808001 2.10811868144987 15.25
151 10111.6724187432 10111.6724187432 0.634520752808001 2.10811868144987 15.25
152 10112.7347808539 10112.7347808539 0.634520752808001 2.10811868144987 15.25
153 10113.7974500144 10113.7974500144 0.634520752808001 2.10811868144987 15.25
154 10114.8604261356 10114.8604261356 0.634520752808001 2.10811868144987 15.25
155 10115.9237091229 10115.9237091229 0.634520752808001 2.10811868144987 15.25
156 10116.9872988796 10116.9872988796 0.634520752808001 2.10811868144987 15.25
157 10118.0511953089 10118.0511953089 0.634520752808001 2.10811868144987 15.25
158 10119.115398314 10119.115398314 0.634520752808001 2.10811868144987 15.25
159 10120.1799077982 10120.1799077982 0.634520752808001 2.10811868144987 15.25
160 10121.2447236629 10121.2447236629 0.634520752808001 2.10811868144987 15.25
161 10122.3098458134 10122.3098458134 0.634520752808001 2.10811868144987 15.25
162 10123.3752741529 10123.3752741529 0.634520752808001 2.10811868144987 15.25
163 10124.4410085848 10124.4410085848 0.634520752808001 2.10811868144987 15.25
164 10125.5070490125 10125.5070490125 0.634520752808001 2.10811868144987 15.25
165 10126.5733953397 10126.5733953397 0.634520752808001 2.10811868144987 15.25
166 10127.6400474587 10127.6400474587 0.634520752808001 2.10811868144987 15.25
167 10128.7070052759 10128.7070052759 0.634520752808001 2.10811868144987 15.25
168 10129.7742687023 10129.7742687023 0.634520752808001 2.10811868144987 15.25
169 10130.8418376415 10130.8418376415 0.634520752808001 2.10811868144987 15.25
170 10131.9097119968 10131.9097119968 0.634520752808001 2.10811868144987 15.25
171 10132.9778916721 10132.9778916721 0.634520752808001 2.10811868144987 15.25
172 10134.0463765696 10134.0463765696 0.634520752808001 2.10811868144987 15.25
173 10135.115166592 10135.115166592 0.634520752808001 2.10811868144987 15.25
174 10136.1842616444 10136.1842616444 0.634520752808001 2.10811868144987 15.25
175 10137.2536616302 10137.2536616302 0.634520752808001 2.10811868144987 15.25
176 10138.323366453 10138.323366453 0.634520752808001 2.10811868144987 15.25
177 10139.3933760159 10139.3933760159 0.634520752808001 2.10811868144987 15.25
178 10140.4636902235 10140.4636902235 0.634520752808001 2.10811868144987 15.25
179 10141.5343089764 10141.5343089764 0.634520752808001 2.10811868144987 15.25
180 10142.6052321683 10142.6052321683 0.634520752808001 2.10811868144987 15.25
181 10143.6764597109 10143.6764597109 0.634520752808001 2.10811868144987 15.25
182 10144.7479915119 10144.7479915119 0.634520752808001 2.10811868144987 15.25
183 10145.8198274747 10145.8198274747 0.634520752808001 2.10811868144987 15.25
184 10146.891967503 10146.891967503 0.634520752808001 2.10811868144987 15.25
185 10147.9644115004 10147.9644115004 0.634520752808001 2.10811868144987 15.25
186 10149.0371593685 10149.0371593685 0.634520752808001 2.10811868144987 15.25
187 10150.1102110131 10150.1102110131 0.634520752808001 2.10811868144987 15.25
188 10151.1835663377 10151.1835663377 0.634520752808001 2.10811868144987 15.25
189 10152.2572252461 10152.2572252461 0.634520752808001 2.10811868144987 15.25
190 10153.331187642 10153.331187642 0.634520752808001 2.10811868144987 15.25
191 10154.405453429 10154.405453429 0.634520752808001 2.10811868144987 15.25
192 10155.4800225089 10155.4800225089 0.634520752808001 2.10811868144987 15.25
193 10156.5548947874 10156.5548947874 0.634520752808001 2.10811868144987 15.25
194 10157.6300701522 10157.6300701522 0.634520752808001 2.10811868144987 15.25
195 10158.7055485096 10158.7055485096 0.634520752808001 2.10811868144987 15.25
196 10159.7813297568 10159.7813297568 0.634520752808001 2.10811868144987 15.25
197 10160.8574138176 10160.8574138176 0.634520752808001 2.10811868144987 15.25
198 10161.9338005957 10161.9338005957 0.634520752808001 2.10811868144987 15.25
199 10163.0104899937 10163.0104899937 0.634520752808001 2.10811868144987 15.25
200 10164.0874819165 10164.0874819165 0.634520752808001 2.10811868144987 15.25
201 10165.1647762683 10165.1647762683 0.634520752808001 2.10811868144987 15.25
202 10166.242372953 10166.242372953 0.634520752808001 2.10811868144987 15.25
203 10167.3202718744 10167.3202718744 0.634520752808001 2.10811868144987 15.25
204 10168.3984729364 10168.3984729364 0.634520752808001 2.10811868144987 15.25
205 10169.4769760408 10169.4769760408 0.634520752808001 2.10811868144987 15.25
206 10170.5557810937 10170.5557810937 0.634520752808001 2.10811868144987 15.25
207 10171.634887995 10171.634887995 0.634520752808001 2.10811868144987 15.25
208 10172.7142966407 10172.7142966407 0.634520752808001 2.10811868144987 15.25
209 10173.7940069461 10173.7940069461 0.634520752808001 2.10811868144987 15.25
210 10174.874018816 10174.874018816 0.634520752808001 2.10811868144987 15.25
211 10175.954332154 10175.954332154 0.634520752808001 2.10811868144987 15.25
212 10177.0349468623 10177.0349468623 0.634520752808001 2.10811868144987 15.25
213 10178.1158628467 10178.1158628467 0.634520752808001 2.10811868144987 15.25
214 10179.1970800113 10179.1970800113 0.634520752808001 2.10811868144987 15.25
215 10180.2785982602 10180.2785982602 0.634520752808001 2.10811868144987 15.25
216 10181.3604174974 10181.3604174974 0.634520752808001 2.10811868144987 15.25
217 10182.442537627 10182.442537627 0.634520752808001 2.10811868144987 15.25
218 10183.5249585509 10183.5249585509 0.634520752808001 2.10811868144987 15.25
219 10184.6076801755 10184.6076801755 0.634520752808001 2.10811868144987 15.25
220 10185.6907024047 10185.6907024047 0.634520752808001 2.10811868144987 15.25
221 10186.7740251342 10186.7740251342 0.634520752808001 2.10811868144987 15.25
222 10187.8576482693 10187.8576482693 0.634520752808001 2.10811868144987 15.25
223 10188.9415717212 10188.9415717212 0.634520752808001 2.10811868144987 15.25
224 10190.0257953942 10190.0257953942 0.634520752808001 2.10811868144987 15.25
225 10191.1103191907 10191.1103191907 0.634520752808001 2.10811868144987 15.25
226 10192.1951430167 10192.1951430167 0.634520752808001 2.10811868144987 15.25
227 10193.2802667765 10193.2802667765 0.634520752808001 2.10811868144987 15.25
228 10194.3656903744 10194.3656903744 0.634520752808001 2.10811868144987 15.25
229 10195.4514137145 10195.4514137145 0.634520752808001 2.10811868144987 15.25
230 10196.5374367012 10196.5374367012 0.634520752808001 2.10811868144987 15.25
231 10197.6237592389 10197.6237592389 0.634520752808001 2.10811868144987 15.25
232 10198.7103812291 10198.7103812291 0.634520752808001 2.10811868144987 15.25
233 10199.7973025789 10199.7973025789 0.634520752808001 2.10811868144987 15.25
234 10200.8845231924 10200.8845231924 0.634520752808001 2.10811868144987 15.25
235 10201.9720429618 10201.9720429618 0.634520752808001 2.10811868144987 15.25
236 10203.0598617994 10203.0598617994 0.634520752808001 2.10811868144987 15.25
237 10204.1479796138 10204.1479796138 0.634520752808001 2.10811868144987 15.25
238 10205.2363963092 10205.2363963092 0.634520752808001 2.10811868144987 15.25
239 10206.325111778 10206.325111778 0.634520752808001 2.10811868144987 15.25
240 10207.4141259134 10207.4141259134 0.634520752808001 2.10811868144987 15.25
241 10208.5034386431 10208.5034386431 0.634520752808001 2.10811868144987 15.25
242 10209.5930498714 10209.5930498714 0.634520752808001 2.10811868144987 15.25
243 10210.6829595028 10210.6829595028 0.634520752808001 2.10811868144987 15.25
244 10211.7731674419 10211.7731674419 0.634520752808001 2.10811868144987 15.25
245 10212.8636735909 10212.8636735909 0.634520752808001 2.10811868144987 15.25
246 10213.9544778567 10213.9544778567 0.634520752808001 2.10811868144987 15.25
247 10215.045580143 10215.045580143 0.634520752808001 2.10811868144987 15.25
248 10216.136980355 10216.136980355 0.634520752808001 2.10811868144987 15.25
249 10217.228678381 10217.228678381 0.634520752808001 2.10811868144987 15.25
250 10218.3206741416 10218.3206741416 0.634520752808001 2.10811868144987 15.25
251 10219.4129675413 10219.4129675413 0.634520752808001 2.10811868144987 15.25
252 10220.5055584828 10220.5055584828 0.634520752808001 2.10811868144987 15.25
253 10221.5984468725 10221.5984468725 0.634520752808001 2.10811868144987 15.25
254 10222.6916326152 10222.6916326152 0.634520752808001 2.10811868144987 15.25
255 10223.7851156157 10223.7851156157 0.634520752808001 2.10811868144987 15.25
256 10224.8788957777 10224.8788957777 0.634520752808001 2.10811868144987 15.25
257 10225.9729730069 10225.9729730069 0.634520752808001 2.10811868144987 15.25
258 10227.0673472054 10227.0673472054 0.634520752808001 2.10811868144987 15.25
259 10228.1620182802 10228.1620182802 0.634520752808001 2.10811868144987 15.25
260 10229.2569861357 10229.2569861357 0.634520752808001 2.10811868144987 15.25
261 10230.3522506768 10230.3522506768 0.634520752808001 2.10811868144987 15.25
262 10231.4478118041 10231.4478118041 0.634520752808001 2.10811868144987 15.25
263 10232.5436694143 10232.5436694143 0.634520752808001 2.10811868144987 15.25
264 10233.6398234242 10233.6398234242 0.634520752808001 2.10811868144987 15.25
265 10234.7362737366 10234.7362737366 0.634520752808001 2.10811868144987 15.25
266 10235.8330202583 10235.8330202583 0.634520752808001 2.10811868144987 15.25
267 10236.9300628941 10236.9300628941 0.634520752808001 2.10811868144987 15.25
268 10238.0274015487 10238.0274015487 0.634520752808001 2.10811868144987 15.25
269 10239.1250361268 10239.1250361268 0.634520752808001 2.10811868144987 15.25
270 10240.2229665341 10240.2229665341 0.634520752808001 2.10811868144987 15.25
271 10241.3211926724 10241.3211926724 0.634520752808001 2.10811868144987 15.25
272 10242.4197144491 10242.4197144491 0.634520752808001 2.10811868144987 15.25
273 10243.5185317689 10243.5185317689 0.634520752808001 2.10811868144987 15.25
274 10244.6176445368 10244.6176445368 0.634520752808001 2.10811868144987 15.25
275 10245.7170526576 10245.7170526576 0.634520752808001 2.10811868144987 15.25
276 10246.8167560284 10246.8167560284 0.634520752808001 2.10811868144987 15.25
277 10247.9167545539 10247.9167545539 0.634520752808001 2.10811868144987 15.25
278 10249.0170481469 10249.0170481469 0.634520752808001 2.10811868144987 15.25
279 10250.1176367114 10250.1176367114 0.634520752808001 2.10811868144987 15.25
280 10251.2185201533 10251.2185201533 0.634520752808001 2.10811868144987 15.25
281 10252.3196983781 10252.3196983781 0.634520752808001 2.10811868144987 15.25
282 10253.4211712907 10253.4211712907 0.634520752808001 2.10811868144987 15.25
283 10254.5229387893 10254.5229387893 0.634520752808001 2.10811868144987 15.25
284 10255.6250007601 10255.6250007601 0.634520752808001 2.10811868144987 15.25
285 10256.7273571318 10256.7273571318 0.634520752808001 2.10811868144987 15.25
286 10257.8300078116 10257.8300078116 0.634520752808001 2.10811868144987 15.25
287 10258.9329527047 10258.9329527047 0.634520752808001 2.10811868144987 15.25
288 10260.0361917161 10260.0361917161 0.634520752808001 2.10811868144987 15.25
289 10261.1397247509 10261.1397247509 0.634520752808001 2.10811868144987 15.25
290 10262.2435517023 10262.2435517023 0.634520752808001 2.10811868144987 15.25
291 10263.3476724833 10263.3476724833 0.634520752808001 2.10811868144987 15.25
292 10264.4520870013 10264.4520870013 0.634520752808001 2.10811868144987 15.25
293 10265.5567951635 10265.5567951635 0.634520752808001 2.10811868144987 15.25
294 10266.661796875 10266.661796875 0.634520752808001 2.10811868144987 15.25
295 10267.7670920411 10267.7670920411 0.634520752808001 2.10811868144987 15.25
296 10268.872680567 10268.872680567 0.634520752808001 2.10811868144987 15.25
297 10269.9785623581 10269.9785623581 0.634520752808001 2.10811868144987 15.25
298 10271.0847373174 10271.0847373174 0.634520752808001 2.10811868144987 15.25
299 10272.1912053524 10272.1912053524 0.634520752808001 2.10811868144987 15.25
300 10273.2979663684 10273.2979663684 0.634520752808001 2.10811868144987 15.25
301 10274.4050202706 10274.4050202706 0.634520752808001 2.10811868144987 15.25
302 10275.5123669645 10275.5123669645 0.634520752808001 2.10811868144987 15.25
303 10276.6200063553 10276.6200063553 0.634520752808001 2.10811868144987 15.25
304 10277.7279383322 10277.7279383322 0.634520752808001 2.10811868144987 15.25
305 10278.8361628148 10278.8361628148 0.634520752808001 2.10811868144987 15.25
306 10279.9446797106 10279.9446797106 0.634520752808001 2.10811868144987 15.25
307 10281.0534889248 10281.0534889248 0.634520752808001 2.10811868144987 15.25
308 10282.162590363 10282.162590363 0.634520752808001 2.10811868144987 15.25
309 10283.2719839306 10283.2719839306 0.634520752808001 2.10811868144987 15.25
310 10284.3816695331 10284.3816695331 0.634520752808001 2.10811868144987 15.25
311 10285.4916470759 10285.4916470759 0.634520752808001 2.10811868144987 15.25
312 10286.6019164626 10286.6019164626 0.634520752808001 2.10811868144987 15.25
313 10287.7124776006 10287.7124776006 0.634520752808001 2.10811868144987 15.25
314 10288.8233303951 10288.8233303951 0.634520752808001 2.10811868144987 15.25
315 10289.9344747527 10289.9344747527 0.634520752808001 2.10811868144987 15.25
316 10291.045910578 10291.045910578 0.634520752808001 2.10811868144987 15.25
317 10292.1576377727 10292.1576377727 0.634520752808001 2.10811868144987 15.25
318 10293.2696562341 10293.2696562341 0.634520752808001 2.10811868144987 15.25
319 10294.3819658789 10294.3819658789 0.634520752808001 2.10811868144987 15.25
320 10295.4945666137 10295.4945666137 0.634520752808001 2.10811868144987 15.25
321 10296.6074583445 10296.6074583445 0.634520752808001 2.10811868144987 15.25
322 10297.7206409767 10297.7206409767 0.634520752808001 2.10811868144987 15.25
323 10298.8341144168 10298.8341144168 0.634520752808001 2.10811868144987 15.25
324 10299.9478785696 10299.9478785696 0.634520752808001 2.10811868144987 15.25
325 10301.0619333392 10301.0619333392 0.634520752808001 2.10811868144987 15.25
326 10302.1762786335 10302.1762786335 0.634520752808001 2.10811868144987 15.25
327 10303.2909143538 10303.2909143538 0.634520752808001 2.10811868144987 15.25
328 10304.4058403816 10304.4058403816 0.634520752808001 2.10811868144987 15.25
329 10305.5210566512 10305.5210566512 0.634520752808001 2.10811868144987 15.25
330 10306.6365630683 10306.6365630683 0.634520752808001 2.10811868144987 15.25
331 10307.7523595305 10307.7523595305 0.634520752808001 2.10811868144987 15.25
332 10308.8684459417 10308.8684459417 0.634520752808001 2.10811868144987 15.25
333 10309.9848222179 10309.9848222179 0.634520752808001 2.10811868144987 15.25
334 10311.1014882649 10311.1014882649 0.634520752808001 2.10811868144987 15.25
335 10312.2184439886 10312.2184439886 0.634520752808001 2.10811868144987 15.25
336 10313.3356892944 10313.3356892944 0.634520752808001 2.10811868144987 15.25
337 10314.4532240894 10314.4532240894 0.634520752808001 2.10811868144987 15.25
338 10315.5710482785 10315.5710482785 0.634520752808001 2.10811868144987 15.25
339 10316.6891617658 10316.6891617658 0.634520752808001 2.10811868144987 15.25
340 10317.8075644593 10317.8075644593 0.634520752808001 2.10811868144987 15.25
341 10318.9262562651 10318.9262562651 0.634520752808001 2.10811868144987 15.25
342 10320.045237089 10320.045237089 0.634520752808001 2.10811868144987 15.25
343 10321.1645068372 10321.1645068372 0.634520752808001 2.10811868144987 15.25
344 10322.2840654155 10322.2840654155 0.634520752808001 2.10811868144987 15.25
345 10323.4039127179 10323.4039127179 0.634520752808001 2.10811868144987 15.25
346 10324.5240486564 10324.5240486564 0.634520752808001 2.10811868144987 15.25
347 10325.6444731437 10325.6444731437 0.634520752808001 2.10811868144987 15.25
348 10326.7651860847 10326.7651860847 0.634520752808001 2.10811868144987 15.25
349 10327.8861873865 10327.8861873865 0.634520752808001 2.10811868144987 15.25
350 10329.007476955 10329.007476955 0.634520752808001 2.10811868144987 15.25
351 10330.1290546963 10330.1290546963 0.634520752808001 2.10811868144987 15.25
352 10331.2509205144 10331.2509205144 0.634520752808001 2.10811868144987 15.25
353 10332.3730743176 10332.3730743176 0.634520752808001 2.10811868144987 15.25
354 10333.495516012 10333.495516012 0.634520752808001 2.10811868144987 15.25
355 10334.6182455039 10334.6182455039 0.634520752808001 2.10811868144987 15.25
356 10335.7412626995 10335.7412626995 0.634520752808001 2.10811868144987 15.25
357 10336.8645675049 10336.8645675049 0.634520752808001 2.10811868144987 15.25
358 10337.9881598269 10337.9881598269 0.634520752808001 2.10811868144987 15.25
359 10339.1120395543 10339.1120395543 0.634520752808001 2.10811868144987 15.25
360 10340.2362066086 10340.2362066086 0.634520752808001 2.10811868144987 15.25
361 10341.360660898 10341.360660898 0.634520752808001 2.10811868144987 15.25
362 10342.4854023283 10342.4854023283 0.634520752808001 2.10811868144987 15.25
363 10343.6104308069 10343.6104308069 0.634520752808001 2.10811868144987 15.25
364 10344.7357462391 10344.7357462391 0.634520752808001 2.10811868144987 15.25
365 10345.8613485317 10345.8613485317 0.634520752808001 2.10811868144987 15.25
366 10346.987237589 10346.987237589 0.634520752808001 2.10811868144987 15.25
367 10348.1134133193 10348.1134133193 0.634520752808001 2.10811868144987 15.25
368 10349.2398756292 10349.2398756292 0.634520752808001 2.10811868144987 15.25
369 10350.3666244251 10350.3666244251 0.634520752808001 2.10811868144987 15.25
370 10351.4936596134 10351.4936596134 0.634520752808001 2.10811868144987 15.25
371 10352.6209810999 10352.6209810999 0.634520752808001 2.10811868144987 15.25
372 10353.7485887566 10353.7485887566 0.634520752808001 2.10811868144987 15.25
373 10354.8764825109 10354.8764825109 0.634520752808001 2.10811868144987 15.25
374 10356.0046622836 10356.0046622836 0.634520752808001 2.10811868144987 15.25
375 10357.1331279812 10357.1331279812 0.634520752808001 2.10811868144987 15.25
376 10358.2618795103 10358.2618795103 0.634520752808001 2.10811868144987 15.25
377 10359.3909167771 10359.3909167771 0.634520752808001 2.10811868144987 15.25
378 10360.5202396892 10360.5202396892 0.634520752808001 2.10811868144987 15.25
379 10361.6498481523 10361.6498481523 0.634520752808001 2.10811868144987 15.25
380 10362.7797420711 10362.7797420711 0.634520752808001 2.10811868144987 15.25
381 10363.9099213545 10363.9099213545 0.634520752808001 2.10811868144987 15.25
382 10365.0403859086 10365.0403859086 0.634520752808001 2.10811868144987 15.25
383 10366.1711356413 10366.1711356413 0.634520752808001 2.10811868144987 15.25
384 10367.3021704581 10367.3021704581 0.634520752808001 2.10811868144987 15.25
385 10368.4334902661 10368.4334902661 0.634520752808001 2.10811868144987 15.25
386 10369.565094964 10369.565094964 0.634520752808001 2.10811868144987 15.25
387 10370.6969844566 10370.6969844566 0.634520752808001 2.10811868144987 15.25
388 10371.82915866 10371.82915866 0.634520752808001 2.10811868144987 15.25
389 10372.9616174819 10372.9616174819 0.634520752808001 2.10811868144987 15.25
390 10374.0943608288 10374.0943608288 0.634520752808001 2.10811868144987 15.25
391 10375.2273886076 10375.2273886076 0.634520752808001 2.10811868144987 15.25
392 10376.3607007253 10376.3607007253 0.634520752808001 2.10811868144987 15.25
393 10377.4942970878 10377.4942970878 0.634520752808001 2.10811868144987 15.25
394 10378.6281776009 10378.6281776009 0.634520752808001 2.10811868144987 15.25
395 10379.7623421733 10379.7623421733 0.634520752808001 2.10811868144987 15.25
396 10380.8967907117 10380.8967907117 0.634520752808001 2.10811868144987 15.25
397 10382.0315231232 10382.0315231232 0.634520752808001 2.10811868144987 15.25
398 10383.1665393147 10383.1665393147 0.634520752808001 2.10811868144987 15.25
399 10384.301839193 10384.301839193 0.634520752808001 2.10811868144987 15.25
400 10385.437422653 10385.437422653 0.634520752808001 2.10811868144987 15.25
401 10386.5732896077 10386.5732896077 0.634520752808001 2.10811868144987 15.25
402 10387.7094399702 10387.7094399702 0.634520752808001 2.10811868144987 15.25
403 10388.8458736476 10388.8458736476 0.634520752808001 2.10811868144987 15.25
404 10389.9825905469 10389.9825905469 0.634520752808001 2.10811868144987 15.25
405 10391.1195905751 10391.1195905751 0.634520752808001 2.10811868144987 15.25
406 10392.2568736394 10392.2568736394 0.634520752808001 2.10811868144987 15.25
407 10393.3944396447 10393.3944396447 0.634520752808001 2.10811868144987 15.25
408 10394.5322885003 10394.5322885003 0.634520752808001 2.10811868144987 15.25
409 10395.6704201132 10395.6704201132 0.634520752808001 2.10811868144987 15.25
410 10396.8088343905 10396.8088343905 0.634520752808001 2.10811868144987 15.25
411 10397.9475312392 10397.9475312392 0.634520752808001 2.10811868144987 15.25
412 10399.0865105673 10399.0865105673 0.634520752808001 2.10811868144987 15.25
413 10400.2257722812 10400.2257722812 0.634520752808001 2.10811868144987 15.25
414 10401.3653162719 10401.3653162719 0.634520752808001 2.10811868144987 15.25
415 10402.5051424609 10402.5051424609 0.634520752808001 2.10811868144987 15.25
416 10403.6452507289 10403.6452507289 0.634520752808001 2.10811868144987 15.25
417 10404.7856410093 10404.7856410093 0.634520752808001 2.10811868144987 15.25
418 10405.9263132117 10405.9263132117 0.634520752808001 2.10811868144987 15.25
419 10407.0672672442 10407.0672672442 0.634520752808001 2.10811868144987 15.25
420 10408.2085030133 10408.2085030133 0.634520752808001 2.10811868144987 15.25
421 10409.3500204249 10409.3500204249 0.634520752808001 2.10811868144987 15.25
422 10410.4918193874 10410.4918193874 0.634520752808001 2.10811868144987 15.25
423 10411.6338998092 10411.6338998092 0.634520752808001 2.10811868144987 15.25
424 10412.7762615973 10412.7762615973 0.634520752808001 2.10811868144987 15.25
425 10413.9189046591 10413.9189046591 0.634520752808001 2.10811868144987 15.25
426 10415.0618289021 10415.0618289021 0.634520752808001 2.10811868144987 15.25
427 10416.2050342295 10416.2050342295 0.634520752808001 2.10811868144987 15.25
428 10417.3485205408 10417.3485205408 0.634520752808001 2.10811868144987 15.25
429 10418.4922877535 10418.4922877535 0.634520752808001 2.10811868144987 15.25
430 10419.6363357772 10419.6363357772 0.634520752808001 2.10811868144987 15.25
431 10420.7806645195 10420.7806645195 0.634520752808001 2.10811868144987 15.25
432 10421.9252738878 10421.9252738878 0.634520752808001 2.10811868144987 15.25
433 10423.0701637898 10423.0701637898 0.634520752808001 2.10811868144987 15.25
434 10424.2153341329 10424.2153341329 0.634520752808001 2.10811868144987 15.25
435 10425.3607848228 10425.3607848228 0.634520752808001 2.10811868144987 15.25
436 10426.506515769 10426.506515769 0.634520752808001 2.10811868144987 15.25
437 10427.6525268792 10427.6525268792 0.634520752808001 2.10811868144987 15.25
438 10428.7988180611 10428.7988180611 0.634520752808001 2.10811868144987 15.25
439 10429.9453892222 10429.9453892222 0.634520752808001 2.10811868144987 15.25
440 10431.0922402704 10431.0922402704 0.634520752808001 2.10811868144987 15.25
441 10432.239371105 10432.239371105 0.634520752808001 2.10811868144987 15.25
442 10433.3867816337 10433.3867816337 0.634520752808001 2.10811868144987 15.25
443 10434.5344717702 10434.5344717702 0.634520752808001 2.10811868144987 15.25
444 10435.6824414252 10435.6824414252 0.634520752808001 2.10811868144987 15.25
445 10436.8306905054 10436.8306905054 0.634520752808001 2.10811868144987 15.25
446 10437.9792189194 10437.9792189194 0.634520752808001 2.10811868144987 15.25
447 10439.128026574 10439.128026574 0.634520752808001 2.10811868144987 15.25
448 10440.2771133779 10440.2771133779 0.634520752808001 2.10811868144987 15.25
449 10441.4264792365 10441.4264792365 0.634520752808001 2.10811868144987 15.25
450 10442.57612406 10442.57612406 0.634520752808001 2.10811868144987 15.25
451 10443.726047756 10443.726047756 0.634520752808001 2.10811868144987 15.25
452 10444.8762502324 10444.8762502324 0.634520752808001 2.10811868144987 15.25
453 10446.0267313973 10446.0267313973 0.634520752808001 2.10811868144987 15.25
454 10447.1774911585 10447.1774911585 0.634520752808001 2.10811868144987 15.25
455 10448.3285294117 10448.3285294117 0.634520752808001 2.10811868144987 15.25
456 10449.479846073 10449.479846073 0.634520752808001 2.10811868144987 15.25
457 10450.6314410524 10450.6314410524 0.634520752808001 2.10811868144987 15.25
458 10451.7833142601 10451.7833142601 0.634520752808001 2.10811868144987 15.25
459 10452.935465604 10452.935465604 0.634520752808001 2.10811868144987 15.25
460 10454.0878949669 10454.0878949669 0.634520752808001 2.10811868144987 15.25
461 10455.2406022766 10455.2406022766 0.634520752808001 2.10811868144987 15.25
462 10456.3935874468 10456.3935874468 0.634520752808001 2.10811868144987 15.25
463 10457.5468503834 10457.5468503834 0.634520752808001 2.10811868144987 15.25
464 10458.7003909967 10458.7003909967 0.634520752808001 2.10811868144987 15.25
465 10459.8542091947 10459.8542091947 0.634520752808001 2.10811868144987 15.25
466 10461.0083048857 10461.0083048857 0.634520752808001 2.10811868144987 15.25
467 10462.1626779778 10462.1626779778 0.634520752808001 2.10811868144987 15.25
468 10463.3173283791 10463.3173283791 0.634520752808001 2.10811868144987 15.25
469 10464.4722559815 10464.4722559815 0.634520752808001 2.10811868144987 15.25
470 10465.6274607096 10465.6274607096 0.634520752808001 2.10811868144987 15.25
471 10466.7829424697 10466.7829424697 0.634520752808001 2.10811868144987 15.25
472 10467.9387011722 10467.9387011722 0.634520752808001 2.10811868144987 15.25
473 10469.0947367246 10469.0947367246 0.634520752808001 2.10811868144987 15.25
474 10470.2510490361 10470.2510490361 0.634520752808001 2.10811868144987 15.25
475 10471.4076380147 10471.4076380147 0.634520752808001 2.10811868144987 15.25
476 10472.5645035688 10472.5645035688 0.634520752808001 2.10811868144987 15.25
477 10473.7216456067 10473.7216456067 0.634520752808001 2.10811868144987 15.25
478 10474.8790640343 10474.8790640343 0.634520752808001 2.10811868144987 15.25
479 10476.0367587631 10476.0367587631 0.634520752808001 2.10811868144987 15.25
480 10477.1947297006 10477.1947297006 0.634520752808001 2.10811868144987 15.25
481 10478.3529767555 10478.3529767555 0.634520752808001 2.10811868144987 15.25
482 10479.5114998321 10479.5114998321 0.634520752808001 2.10811868144987 15.25
483 10480.6702988307 10480.6702988307 0.634520752808001 2.10811868144987 15.25
484 10481.8293736721 10481.8293736721 0.634520752808001 2.10811868144987 15.25
485 10482.988724263 10482.988724263 0.634520752808001 2.10811868144987 15.25
486 10484.1483505131 10484.1483505131 0.634520752808001 2.10811868144987 15.25
487 10485.3082523319 10485.3082523319 0.634520752808001 2.10811868144987 15.25
488 10486.4684296276 10486.4684296276 0.634520752808001 2.10811868144987 15.25
489 10487.6288823088 10487.6288823088 0.634520752808001 2.10811868144987 15.25
490 10488.789610284 10488.789610284 0.634520752808001 2.10811868144987 15.25
491 10489.9506134617 10489.9506134617 0.634520752808001 2.10811868144987 15.25
492 10491.1118917492 10491.1118917492 0.634520752808001 2.10811868144987 15.25
493 10492.2734450565 10492.2734450565 0.634520752808001 2.10811868144987 15.25
494 10493.4352732923 10493.4352732923 0.634520752808001 2.10811868144987 15.25
495 10494.5973763656 10494.5973763656 0.634520752808001 2.10811868144987 15.25
496 10495.7597541766 10495.7597541766 0.634520752808001 2.10811868144987 15.25
497 10496.9224066343 10496.9224066343 0.634520752808001 2.10811868144987 15.25
498 10498.0853336554 10498.0853336554 0.634520752808001 2.10811868144987 15.25
499 10499.2485351468 10499.2485351468 0.634520752808001 2.10811868144987 15.25
500 10500.4120110193 10500.4120110193 0.634520752808001 2.10811868144987 15.25
501 10501.5757611816 10501.5757611816 0.634520752808001 2.10811868144987 15.25
502 10502.7397855427 10502.7397855427 0.634520752808001 2.10811868144987 15.25
503 10503.9040840113 10503.9040840113 0.634520752808001 2.10811868144987 15.25
504 10505.0686564741 10505.0686564741 0.634520752808001 2.10811868144987 15.25
505 10506.233502854 10506.233502854 0.634520752808001 2.10811868144987 15.25
506 10507.3986230661 10507.3986230661 0.634520752808001 2.10811868144987 15.25
507 10508.5640170213 10508.5640170213 0.634520752808001 2.10811868144987 15.25
508 10509.7296846285 10509.7296846285 0.634520752808001 2.10811868144987 15.25
509 10510.8956257968 10510.8956257968 0.634520752808001 2.10811868144987 15.25
510 10512.0618404227 10512.0618404227 0.634520752808001 2.10811868144987 15.25
511 10513.2283284235 10513.2283284235 0.634520752808001 2.10811868144987 15.25
512 10514.3950897123 10514.3950897123 0.634520752808001 2.10811868144987 15.25
513 10515.562124198 10515.562124198 0.634520752808001 2.10811868144987 15.25
514 10516.7294317875 10516.7294317875 0.634520752808001 2.10811868144987 15.25
515 10517.8970123928 10517.8970123928 0.634520752808001 2.10811868144987 15.25
516 10519.064865922 10519.064865922 0.634520752808001 2.10811868144987 15.25
517 10520.2329922846 10520.2329922846 0.634520752808001 2.10811868144987 15.25
518 10521.4013913896 10521.4013913896 0.634520752808001 2.10811868144987 15.25
519 10522.5700631462 10522.5700631462 0.634520752808001 2.10811868144987 15.25
520 10523.7390074616 10523.7390074616 0.634520752808001 2.10811868144987 15.25
521 10524.9082242469 10524.9082242469 0.634520752808001 2.10811868144987 15.25
522 10526.0777134117 10526.0777134117 0.634520752808001 2.10811868144987 15.25
523 10527.2474748643 10527.2474748643 0.634520752808001 2.10811868144987 15.25
524 10528.4175084983 10528.4175084983 0.634520752808001 2.10811868144987 15.25
525 10529.5878142393 10529.5878142393 0.634520752808001 2.10811868144987 15.25
526 10530.7583919964 10530.7583919964 0.634520752808001 2.10811868144987 15.25
527 10531.929241679 10531.929241679 0.634520752808001 2.10811868144987 15.25
528 10533.1003631943 10533.1003631943 0.634520752808001 2.10811868144987 15.25
529 10534.2717564538 10534.2717564538 0.634520752808001 2.10811868144987 15.25
530 10535.4434213668 10535.4434213668 0.634520752808001 2.10811868144987 15.25
531 10536.6153578426 10536.6153578426 0.634520752808001 2.10811868144987 15.25
532 10537.7875657907 10537.7875657907 0.634520752808001 2.10811868144987 15.25
533 10538.9600451202 10538.9600451202 0.634520752808001 2.10811868144987 15.25
534 10540.1327957414 10540.1327957414 0.634520752808001 2.10811868144987 15.25
535 10541.3058175608 10541.3058175608 0.634520752808001 2.10811868144987 15.25
536 10542.4791104903 10542.4791104903 0.634520752808001 2.10811868144987 15.25
537 10543.6526744351 10543.6526744351 0.634520752808001 2.10811868144987 15.25
538 10544.8265092967 10544.8265092967 0.634520752808001 2.10811868144987 15.25
539 10546.0006149968 10546.0006149968 0.634520752808001 2.10811868144987 15.25
540 10547.174991445 10547.174991445 0.634520752808001 2.10811868144987 15.25
541 10548.3496385513 10548.3496385513 0.634520752808001 2.10811868144987 15.25
542 10549.5245562243 10549.5245562243 0.634520752808001 2.10811868144987 15.25
543 10550.6997443724 10550.6997443724 0.634520752808001 2.10811868144987 15.25
544 10551.875202907 10551.875202907 0.634520752808001 2.10811868144987 15.25
545 10553.0509317378 10553.0509317378 0.634520752808001 2.10811868144987 15.25
546 10554.2269307745 10554.2269307745 0.634520752808001 2.10811868144987 15.25
547 10555.4031999267 10555.4031999267 0.634520752808001 2.10811868144987 15.25
548 10556.5797390855 10556.5797390855 0.634520752808001 2.10811868144987 15.25
549 10557.7565481656 10557.7565481656 0.634520752808001 2.10811868144987 15.25
550 10558.9336270908 10558.9336270908 0.634520752808001 2.10811868144987 15.25
551 10560.1109757622 10560.1109757622 0.634520752808001 2.10811868144987 15.25
552 10561.2885940896 10561.2885940896 0.634520752808001 2.10811868144987 15.25
553 10562.4664819911 10562.4664819911 0.634520752808001 2.10811868144987 15.25
554 10563.6446393765 10563.6446393765 0.634520752808001 2.10811868144987 15.25
555 10564.8230661557 10564.8230661557 0.634520752808001 2.10811868144987 15.25
556 10566.0017622385 10566.0017622385 0.634520752808001 2.10811868144987 15.25
557 10567.1807275324 10567.1807275324 0.634520752808001 2.10811868144987 15.25
558 10568.3599619504 10568.3599619504 0.634520752808001 2.10811868144987 15.25
559 10569.5394654014 10569.5394654014 0.634520752808001 2.10811868144987 15.25
560 10570.7192377956 10570.7192377956 0.634520752808001 2.10811868144987 15.25
561 10571.8992790431 10571.8992790431 0.634520752808001 2.10811868144987 15.25
562 10573.0795890539 10573.0795890539 0.634520752808001 2.10811868144987 15.25
563 10574.2601677378 10574.2601677378 0.634520752808001 2.10811868144987 15.25
564 10575.4410150029 10575.4410150029 0.634520752808001 2.10811868144987 15.25
565 10576.6221307489 10576.6221307489 0.634520752808001 2.10811868144987 15.25
566 10577.8035148941 10577.8035148941 0.634520752808001 2.10811868144987 15.25
567 10578.985167353 10578.985167353 0.634520752808001 2.10811868144987 15.25
568 10580.1670880349 10580.1670880349 0.634520752808001 2.10811868144987 15.25
569 10581.3492768507 10581.3492768507 0.634520752808001 2.10811868144987 15.25
570 10582.5317337102 10582.5317337102 0.634520752808001 2.10811868144987 15.25
571 10583.7144585237 10583.7144585237 0.634520752808001 2.10811868144987 15.25
572 10584.8974511993 10584.8974511993 0.634520752808001 2.10811868144987 15.25
573 10586.0807116492 10586.0807116492 0.634520752808001 2.10811868144987 15.25
574 10587.2642397836 10587.2642397836 0.634520752808001 2.10811868144987 15.25
575 10588.4480355127 10588.4480355127 0.634520752808001 2.10811868144987 15.25
576 10589.6320987473 10589.6320987473 0.634520752808001 2.10811868144987 15.25
577 10590.8164293965 10590.8164293965 0.634520752808001 2.10811868144987 15.25
578 10592.0010273696 10592.0010273696 0.634520752808001 2.10811868144987 15.25
579 10593.185892562 10593.185892562 0.634520752808001 2.10811868144987 15.25
580 10594.3710249007 10594.3710249007 0.634520752808001 2.10811868144987 15.25
581 10595.556424296 10595.556424296 0.634520752808001 2.10811868144987 15.25
582 10596.7420906583 10596.7420906583 0.634520752808001 2.10811868144987 15.25
583 10597.928023898 10597.928023898 0.634520752808001 2.10811868144987 15.25
584 10599.1142239256 10599.1142239256 0.634520752808001 2.10811868144987 15.25
585 10600.300690651 10600.300690651 0.634520752808001 2.10811868144987 15.25
586 10601.4874239838 10601.4874239838 0.634520752808001 2.10811868144987 15.25
587 10602.6744238354 10602.6744238354 0.634520752808001 2.10811868144987 15.25
588 10603.8616901167 10603.8616901167 0.634520752808001 2.10811868144987 15.25
589 10605.0492227382 10605.0492227382 0.634520752808001 2.10811868144987 15.25
590 10606.2370216104 10606.2370216104 0.634520752808001 2.10811868144987 15.25
591 10607.4250866439 10607.4250866439 0.634520752808001 2.10811868144987 15.25
592 10608.6134177272 10608.6134177272 0.634520752808001 2.10811868144987 15.25
593 10609.8020147687 10609.8020147687 0.634520752808001 2.10811868144987 15.25
594 10610.9908777018 10610.9908777018 0.634520752808001 2.10811868144987 15.25
595 10612.1800064384 10612.1800064384 0.634520752808001 2.10811868144987 15.25
596 10613.3694008893 10613.3694008893 0.634520752808001 2.10811868144987 15.25
597 10614.5590609654 10614.5590609654 0.634520752808001 2.10811868144987 15.25
598 10615.7489865772 10615.7489865772 0.634520752808001 2.10811868144987 15.25
599 10616.9391776356 10616.9391776356 0.634520752808001 2.10811868144987 15.25
600 10618.1296340514 10618.1296340514 0.634520752808001 2.10811868144987 15.25
601 10619.3203557326 10619.3203557326 0.634520752808001 2.10811868144987 15.25
602 10620.5113425929 10620.5113425929 0.634520752808001 2.10811868144987 15.25
603 10621.7025945427 10621.7025945427 0.634520752808001 2.10811868144987 15.25
604 10622.8941114929 10622.8941114929 0.634520752808001 2.10811868144987 15.25
605 10624.0858933544 10624.0858933544 0.634520752808001 2.10811868144987 15.25
606 10625.2779400276 10625.2779400276 0.634520752808001 2.10811868144987 15.25
607 10626.4702514275 10626.4702514275 0.634520752808001 2.10811868144987 15.25
608 10627.6628274712 10627.6628274712 0.634520752808001 2.10811868144987 15.25
609 10628.8556680677 10628.8556680677 0.634520752808001 2.10811868144987 15.25
610 10630.0487731299 10630.0487731299 0.634520752808001 2.10811868144987 15.25
611 10631.2421425688 10631.2421425688 0.634520752808001 2.10811868144987 15.25
612 10632.4357762956 10632.4357762956 0.634520752808001 2.10811868144987 15.25
613 10633.6296742205 10633.6296742205 0.634520752808001 2.10811868144987 15.25
614 10634.8238362554 10634.8238362554 0.634520752808001 2.10811868144987 15.25
615 10636.0182623111 10636.0182623111 0.634520752808001 2.10811868144987 15.25
616 10637.2129522964 10637.2129522964 0.634520752808001 2.10811868144987 15.25
617 10638.4079061246 10638.4079061246 0.634520752808001 2.10811868144987 15.25
618 10639.6031237068 10639.6031237068 0.634520752808001 2.10811868144987 15.25
619 10640.7986049541 10640.7986049541 0.634520752808001 2.10811868144987 15.25
620 10641.9943497631 10641.9943497631 0.634520752808001 2.10811868144987 15.25
621 10643.1903580574 10643.1903580574 0.634520752808001 2.10811868144987 15.25
622 10644.3866297502 10644.3866297502 0.634520752808001 2.10811868144987 15.25
623 10645.5831647529 10645.5831647529 0.634520752808001 2.10811868144987 15.25
624 10646.7799629742 10646.7799629742 0.634520752808001 2.10811868144987 15.25
625 10647.9770243284 10647.9770243284 0.634520752808001 2.10811868144987 15.25
626 10649.1743487257 10649.1743487257 0.634520752808001 2.10811868144987 15.25
627 10650.3719360779 10650.3719360779 0.634520752808001 2.10811868144987 15.25
628 10651.5697862962 10651.5697862962 0.634520752808001 2.10811868144987 15.25
629 10652.767899292 10652.767899292 0.634520752808001 2.10811868144987 15.25
630 10653.9662749744 10653.9662749744 0.634520752808001 2.10811868144987 15.25
631 10655.164913257 10655.164913257 0.634520752808001 2.10811868144987 15.25
632 10656.3638140511 10656.3638140511 0.634520752808001 2.10811868144987 15.25
633 10657.5629772661 10657.5629772661 0.634520752808001 2.10811868144987 15.25
634 10658.7624028009 10658.7624028009 0.634520752808001 2.10811868144987 15.25
635 10659.9620905816 10659.9620905816 0.634520752808001 2.10811868144987 15.25
636 10661.1620405067 10661.1620405067 0.634520752808001 2.10811868144987 15.25
637 10662.3622524844 10662.3622524844 0.634520752808001 2.10811868144987 15.25
638 10663.5627264403 10663.5627264403 0.634520752808001 2.10811868144987 15.25
639 10664.763462288 10664.763462288 0.634520752808001 2.10811868144987 15.25
640 10665.9644599392 10665.9644599392 0.634520752808001 2.10811868144987 15.25
641 10667.1657193053 10667.1657193053 0.634520752808001 2.10811868144987 15.25
642 10668.3672402979 10668.3672402979 0.634520752808001 2.10811868144987 15.25
643 10669.5690228285 10669.5690228285 0.634520752808001 2.10811868144987 15.25
644 10670.7710668097 10670.7710668097 0.634520752808001 2.10811868144987 15.25
645 10671.9733721495 10671.9733721495 0.634520752808001 2.10811868144987 15.25
646 10673.1759387627 10673.1759387627 0.634520752808001 2.10811868144987 15.25
647 10674.3787665544 10674.3787665544 0.634520752808001 2.10811868144987 15.25
648 10675.5818554323 10675.5818554323 0.634520752808001 2.10811868144987 15.25
649 10676.7852053185 10676.7852053185 0.634520752808001 2.10811868144987 15.25
650 10677.9888161248 10677.9888161248 0.634520752808001 2.10811868144987 15.25
651 10679.1926877628 10679.1926877628 0.634520752808001 2.10811868144987 15.25
652 10680.3968201445 10680.3968201445 0.634520752808001 2.10811868144987 15.25
653 10681.6012131795 10681.6012131795 0.634520752808001 2.10811868144987 15.25
654 10682.8058667818 10682.8058667818 0.634520752808001 2.10811868144987 15.25
655 10684.0107808633 10684.0107808633 0.634520752808001 2.10811868144987 15.25
656 10685.2159553358 10685.2159553358 0.634520752808001 2.10811868144987 15.25
657 10686.4213901112 10686.4213901112 0.634520752808001 2.10811868144987 15.25
658 10687.6270851015 10687.6270851015 0.634520752808001 2.10811868144987 15.25
659 10688.8330402185 10688.8330402185 0.634520752808001 2.10811868144987 15.25
660 10690.039255372 10690.039255372 0.634520752808001 2.10811868144987 15.25
661 10691.2457304666 10691.2457304666 0.634520752808001 2.10811868144987 15.25
662 10692.4524654169 10692.4524654169 0.634520752808001 2.10811868144987 15.25
663 10693.6594601422 10693.6594601422 0.634520752808001 2.10811868144987 15.25
664 10694.8667145543 10694.8667145543 0.634520752808001 2.10811868144987 15.25
665 10696.0742285654 10696.0742285654 0.634520752808001 2.10811868144987 15.25
666 10697.2820020874 10697.2820020874 0.634520752808001 2.10811868144987 15.25
667 10698.4900350325 10698.4900350325 0.634520752808001 2.10811868144987 15.25
668 10699.6983273107 10699.6983273107 0.634520752808001 2.10811868144987 15.25
669 10700.9068788363 10700.9068788363 0.634520752808001 2.10811868144987 15.25
670 10702.1156895215 10702.1156895215 0.634520752808001 2.10811868144987 15.25
671 10703.3247592784 10703.3247592784 0.634520752808001 2.10811868144987 15.25
672 10704.5340880193 10704.5340880193 0.634520752808001 2.10811868144987 15.25
673 10705.7436756563 10705.7436756563 0.634520752808001 2.10811868144987 15.25
674 10706.9535221018 10706.9535221018 0.634520752808001 2.10811868144987 15.25
675 10708.1636272513 10708.1636272513 0.634520752808001 2.10811868144987 15.25
676 10709.3739910318 10709.3739910318 0.634520752808001 2.10811868144987 15.25
677 10710.5846133575 10710.5846133575 0.634520752808001 2.10811868144987 15.25
678 10711.7954941407 10711.7954941407 0.634520752808001 2.10811868144987 15.25
679 10713.0066332948 10713.0066332948 0.634520752808001 2.10811868144987 15.25
680 10714.2180307207 10714.2180307207 0.634520752808001 2.10811868144987 15.25
681 10715.4296863228 10715.4296863228 0.634520752808001 2.10811868144987 15.25
682 10716.6416000322 10716.6416000322 0.634520752808001 2.10811868144987 15.25
683 10717.8537717592 10717.8537717592 0.634520752808001 2.10811868144987 15.25
684 10719.0662014184 10719.0662014184 0.634520752808001 2.10811868144987 15.25
685 10720.2788889222 10720.2788889222 0.634520752808001 2.10811868144987 15.25
686 10721.4918341832 10721.4918341832 0.634520752808001 2.10811868144987 15.25
687 10722.7050371139 10722.7050371139 0.634520752808001 2.10811868144987 15.25
688 10723.9184976226 10723.9184976226 0.634520752808001 2.10811868144987 15.25
689 10725.1322156137 10725.1322156137 0.634520752808001 2.10811868144987 15.25
690 10726.3461910119 10726.3461910119 0.634520752808001 2.10811868144987 15.25
691 10727.5604237306 10727.5604237306 0.634520752808001 2.10811868144987 15.25
692 10728.7749136796 10728.7749136796 0.634520752808001 2.10811868144987 15.25
693 10729.989660774 10729.989660774 0.634520752808001 2.10811868144987 15.25
694 10731.2046649263 10731.2046649263 0.634520752808001 2.10811868144987 15.25
695 10732.4199260493 10732.4199260493 0.634520752808001 2.10811868144987 15.25
696 10733.6354440556 10733.6354440556 0.634520752808001 2.10811868144987 15.25
697 10734.8512188581 10734.8512188581 0.634520752808001 2.10811868144987 15.25
698 10736.0672503695 10736.0672503695 0.634520752808001 2.10811868144987 15.25
699 10737.2835385005 10737.2835385005 0.634520752808001 2.10811868144987 15.25
700 10738.500083166 10738.500083166 0.634520752808001 2.10811868144987 15.25
701 10739.7168842787 10739.7168842787 0.634520752808001 2.10811868144987 15.25
702 10740.9339417433 10740.9339417433 0.634520752808001 2.10811868144987 15.25
703 10742.1512554725 10742.1512554725 0.634520752808001 2.10811868144987 15.25
704 10743.3688253875 10743.3688253875 0.634520752808001 2.10811868144987 15.25
705 10744.5866514011 10744.5866514011 0.634520752808001 2.10811868144987 15.25
706 10745.804733427 10745.804733427 0.634520752808001 2.10811868144987 15.25
707 10747.0230713755 10747.0230713755 0.634520752808001 2.10811868144987 15.25
708 10748.2416651611 10748.2416651611 0.634520752808001 2.10811868144987 15.25
709 10749.4605146976 10749.4605146976 0.634520752808001 2.10811868144987 15.25
710 10750.6796198977 10750.6796198977 0.634520752808001 2.10811868144987 15.25
711 10751.8989806745 10751.8989806745 0.634520752808001 2.10811868144987 15.25
712 10753.1185969411 10753.1185969411 0.634520752808001 2.10811868144987 15.25
713 10754.3384686105 10754.3384686105 0.634520752808001 2.10811868144987 15.25
714 10755.5585955937 10755.5585955937 0.634520752808001 2.10811868144987 15.25
715 10756.778977806 10756.778977806 0.634520752808001 2.10811868144987 15.25
716 10757.9996151479 10757.9996151479 0.634520752808001 2.10811868144987 15.25
717 10759.220507541 10759.220507541 0.634520752808001 2.10811868144987 15.25
718 10760.4416549026 10760.4416549026 0.634520752808001 2.10811868144987 15.25
719 10761.6630571459 10761.6630571459 0.634520752808001 2.10811868144987 15.25
720 10762.8847141839 10762.8847141839 0.634520752808001 2.10811868144987 15.25
721 10764.1066259307 10764.1066259307 0.634520752808001 2.10811868144987 15.25
722 10765.3287922969 10765.3287922969 0.634520752808001 2.10811868144987 15.25
723 10766.5512131972 10766.5512131972 0.634520752808001 2.10811868144987 15.25
724 10767.7738885389 10767.7738885389 0.634520752808001 2.10811868144987 15.25
725 10768.9968182208 10768.9968182208 0.634520752808001 2.10811868144987 15.25
726 10770.2200021776 10770.2200021776 0.634520752808001 2.10811868144987 15.25
727 10771.4434403225 10771.4434403225 0.634520752808001 2.10811868144987 15.25
728 10772.6671325689 10772.6671325689 0.634520752808001 2.10811868144987 15.25
729 10773.8910788282 10773.8910788282 0.634520752808001 2.10811868144987 15.25
730 10775.1152789992 10775.1152789992 0.634520752808001 2.10811868144987 15.25
731 10776.3397330121 10776.3397330121 0.634520752808001 2.10811868144987 15.25
732 10777.5644407803 10777.5644407803 0.634520752808001 2.10811868144987 15.25
733 10778.7894022173 10778.7894022173 0.634520752808001 2.10811868144987 15.25
734 10780.0146172368 10780.0146172368 0.634520752808001 2.10811868144987 15.25
735 10781.2400857521 10781.2400857521 0.634520752808001 2.10811868144987 15.25
736 10782.465807677 10782.465807677 0.634520752808001 2.10811868144987 15.25
737 10783.6917829229 10783.6917829229 0.634520752808001 2.10811868144987 15.25
738 10784.9180114054 10784.9180114054 0.634520752808001 2.10811868144987 15.25
739 10786.1444930383 10786.1444930383 0.634520752808001 2.10811868144987 15.25
740 10787.3712277352 10787.3712277352 0.634520752808001 2.10811868144987 15.25
741 10788.5982154097 10788.5982154097 0.634520752808001 2.10811868144987 15.25
742 10789.8254559756 10789.8254559756 0.634520752808001 2.10811868144987 15.25
743 10791.0529493402 10791.0529493402 0.634520752808001 2.10811868144987 15.25
744 10792.2806954132 10792.2806954132 0.634520752808001 2.10811868144987 15.25
745 10793.5086941188 10793.5086941188 0.634520752808001 2.10811868144987 15.25
746 10794.7369453686 10794.7369453686 0.634520752808001 2.10811868144987 15.25
747 10795.9654490786 10795.9654490786 0.634520752808001 2.10811868144987 15.25
748 10797.1942051626 10797.1942051626 0.634520752808001 2.10811868144987 15.25
749 10798.4232135343 10798.4232135343 0.634520752808001 2.10811868144987 15.25
750 10799.6524741078 10799.6524741078 0.634520752808001 2.10811868144987 15.25
751 10800.8819867969 10800.8819867969 0.634520752808001 2.10811868144987 15.25
752 10802.1117515155 10802.1117515155 0.634520752808001 2.10811868144987 15.25
753 10803.3417681754 10803.3417681754 0.634520752808001 2.10811868144987 15.25
754 10804.5720366924 10804.5720366924 0.634520752808001 2.10811868144987 15.25
755 10805.8025569811 10805.8025569811 0.634520752808001 2.10811868144987 15.25
756 10807.0333289551 10807.0333289551 0.634520752808001 2.10811868144987 15.25
757 10808.264352518 10808.264352518 0.634520752808001 2.10811868144987 15.25
758 10809.4956275881 10809.4956275881 0.634520752808001 2.10811868144987 15.25
759 10810.7271540856 10810.7271540856 0.634520752808001 2.10811868144987 15.25
760 10811.9589319252 10811.9589319252 0.634520752808001 2.10811868144987 15.25
761 10813.1909610179 10813.1909610179 0.634520752808001 2.10811868144987 15.25
762 10814.4232412804 10814.4232412804 0.634520752808001 2.10811868144987 15.25
763 10815.6557726268 10815.6557726268 0.634520752808001 2.10811868144987 15.25
764 10816.8885549714 10816.8885549714 0.634520752808001 2.10811868144987 15.25
765 10818.1215882282 10818.1215882282 0.634520752808001 2.10811868144987 15.25
766 10819.3548723116 10819.3548723116 0.634520752808001 2.10811868144987 15.25
767 10820.5884071355 10820.5884071355 0.634520752808001 2.10811868144987 15.25
768 10821.8221926084 10821.8221926084 0.634520752808001 2.10811868144987 15.25
769 10823.056228627 10823.056228627 0.634520752808001 2.10811868144987 15.25
770 10824.2905151293 10824.2905151293 0.634520752808001 2.10811868144987 15.25
771 10825.5250520148 10825.5250520148 0.634520752808001 2.10811868144987 15.25
772 10826.7598392105 10826.7598392105 0.634520752808001 2.10811868144987 15.25
773 10827.9948766328 10827.9948766328 0.634520752808001 2.10811868144987 15.25
774 10829.2301641962 10829.2301641962 0.634520752808001 2.10811868144987 15.25
775 10830.4657018153 10830.4657018153 0.634520752808001 2.10811868144987 15.25
776 10831.7014894037 10831.7014894037 0.634520752808001 2.10811868144987 15.25
777 10832.9375268744 10832.9375268744 0.634520752808001 2.10811868144987 15.25
778 10834.1738141444 10834.1738141444 0.634520752808001 2.10811868144987 15.25
779 10835.4103511272 10835.4103511272 0.634520752808001 2.10811868144987 15.25
780 10836.6471377383 10836.6471377383 0.634520752808001 2.10811868144987 15.25
781 10837.8841738915 10837.8841738915 0.634520752808001 2.10811868144987 15.25
782 10839.1214595017 10839.1214595017 0.634520752808001 2.10811868144987 15.25
783 10840.3589944834 10840.3589944834 0.634520752808001 2.10811868144987 15.25
784 10841.5967787469 10841.5967787469 0.634520752808001 2.10811868144987 15.25
785 10842.8348121965 10842.8348121965 0.634520752808001 2.10811868144987 15.25
786 10844.0730947615 10844.0730947615 0.634520752808001 2.10811868144987 15.25
787 10845.3116263566 10845.3116263566 0.634520752808001 2.10811868144987 15.25
788 10846.5504068964 10846.5504068964 0.634520752808001 2.10811868144987 15.25
789 10847.7894362956 10847.7894362956 0.634520752808001 2.10811868144987 15.25
790 10849.0287144691 10849.0287144691 0.634520752808001 2.10811868144987 15.25
791 10850.2682413315 10850.2682413315 0.634520752808001 2.10811868144987 15.25
792 10851.5080167956 10851.5080167956 0.634520752808001 2.10811868144987 15.25
793 10852.7480407782 10852.7480407782 0.634520752808001 2.10811868144987 15.25
794 10853.9883131941 10853.9883131941 0.634520752808001 2.10811868144987 15.25
795 10855.2288339583 10855.2288339583 0.634520752808001 2.10811868144987 15.25
796 10856.4696029855 10856.4696029855 0.634520752808001 2.10811868144987 15.25
797 10857.7106201907 10857.7106201907 0.634520752808001 2.10811868144987 15.25
798 10858.9518854804 10858.9518854804 0.634520752808001 2.10811868144987 15.25
799 10860.1933987694 10860.1933987694 0.634520752808001 2.10811868144987 15.25
800 10861.4351599812 10861.4351599812 0.634520752808001 2.10811868144987 15.25
801 10862.6771690287 10862.6771690287 0.634520752808001 2.10811868144987 15.25
802 10863.9194258289 10863.9194258289 0.634520752808001 2.10811868144987 15.25
803 10865.1619302968 10865.1619302968 0.634520752808001 2.10811868144987 15.25
804 10866.4046823478 10866.4046823478 0.634520752808001 2.10811868144987 15.25
805 10867.6476818962 10867.6476818962 0.634520752808001 2.10811868144987 15.25
806 10868.890928858 10868.890928858 0.634520752808001 2.10811868144987 15.25
807 10870.1344231474 10870.1344231474 0.634520752808001 2.10811868144987 15.25
808 10871.3781646778 10871.3781646778 0.634520752808001 2.10811868144987 15.25
809 10872.6221533671 10872.6221533671 0.634520752808001 2.10811868144987 15.25
810 10873.8663891297 10873.8663891297 0.634520752808001 2.10811868144987 15.25
811 10875.1108718809 10875.1108718809 0.634520752808001 2.10811868144987 15.25
812 10876.3556015221 10876.3556015221 0.634520752808001 2.10811868144987 15.25
813 10877.6005779524 10877.6005779524 0.634520752808001 2.10811868144987 15.25
814 10878.845801117 10878.845801117 0.634520752808001 2.10811868144987 15.25
815 10880.0912709314 10880.0912709314 0.634520752808001 2.10811868144987 15.25
816 10881.3369873088 10881.3369873088 0.634520752808001 2.10811868144987 15.25
817 10882.5829501665 10882.5829501665 0.634520752808001 2.10811868144987 15.25
818 10883.8291594199 10883.8291594199 0.634520752808001 2.10811868144987 15.25
819 10885.0756149844 10885.0756149844 0.634520752808001 2.10811868144987 15.25
820 10886.3223167754 10886.3223167754 0.634520752808001 2.10811868144987 15.25
821 10887.5692647083 10887.5692647083 0.634520752808001 2.10811868144987 15.25
822 10888.8164586988 10888.8164586988 0.634520752808001 2.10811868144987 15.25
823 10890.0638986613 10890.0638986613 0.634520752808001 2.10811868144987 15.25
824 10891.3115845108 10891.3115845108 0.634520752808001 2.10811868144987 15.25
825 10892.5595161638 10892.5595161638 0.634520752808001 2.10811868144987 15.25
826 10893.8076935192 10893.8076935192 0.634520752808001 2.10811868144987 15.25
827 10895.0561165096 10895.0561165096 0.634520752808001 2.10811868144987 15.25
828 10896.3047850503 10896.3047850503 0.634520752808001 2.10811868144987 15.25
829 10897.5536990571 10897.5536990571 0.634520752808001 2.10811868144987 15.25
830 10898.8028584455 10898.8028584455 0.634520752808001 2.10811868144987 15.25
831 10900.0522631312 10900.0522631312 0.634520752808001 2.10811868144987 15.25
832 10901.3019130277 10901.3019130277 0.634520752808001 2.10811868144987 15.25
833 10902.5518080529 10902.5518080529 0.634520752808001 2.10811868144987 15.25
834 10903.8019481223 10903.8019481223 0.634520752808001 2.10811868144987 15.25
835 10905.0523331518 10905.0523331518 0.634520752808001 2.10811868144987 15.25
836 10906.3029630571 10906.3029630571 0.634520752808001 2.10811868144987 15.25
837 10907.553837754 10907.553837754 0.634520752808001 2.10811868144987 15.25
838 10908.8049571582 10908.8049571582 0.634520752808001 2.10811868144987 15.25
839 10910.0563211792 10910.0563211792 0.634520752808001 2.10811868144987 15.25
840 10911.3079297287 10911.3079297287 0.634520752808001 2.10811868144987 15.25
841 10912.559782731 10912.559782731 0.634520752808001 2.10811868144987 15.25
842 10913.811880104 10913.811880104 0.634520752808001 2.10811868144987 15.25
843 10915.0642217637 10915.0642217637 0.634520752808001 2.10811868144987 15.25
844 10916.3168076259 10916.3168076259 0.634520752808001 2.10811868144987 15.25
845 10917.5696376067 10917.5696376067 0.634520752808001 2.10811868144987 15.25
846 10918.8227116222 10918.8227116222 0.634520752808001 2.10811868144987 15.25
847 10920.0760295874 10920.0760295874 0.634520752808001 2.10811868144987 15.25
848 10921.3295914177 10921.3295914177 0.634520752808001 2.10811868144987 15.25
849 10922.5833970304 10922.5833970304 0.634520752808001 2.10811868144987 15.25
850 10923.8374463416 10923.8374463416 0.634520752808001 2.10811868144987 15.25
851 10925.0917392675 10925.0917392675 0.634520752808001 2.10811868144987 15.25
852 10926.3462757241 10926.3462757241 0.634520752808001 2.10811868144987 15.25
853 10927.6010556171 10927.6010556171 0.634520752808001 2.10811868144987 15.25
854 10928.8560788668 10928.8560788668 0.634520752808001 2.10811868144987 15.25
855 10930.1113453957 10930.1113453957 0.634520752808001 2.10811868144987 15.25
856 10931.3668551201 10931.3668551201 0.634520752808001 2.10811868144987 15.25
857 10932.6226079284 10932.6226079284 0.634520752808001 2.10811868144987 15.25
858 10933.8786037629 10933.8786037629 0.634520752808001 2.10811868144987 15.25
859 10935.1348425421 10935.1348425421 0.634520752808001 2.10811868144987 15.25
860 10936.3913241815 10936.3913241815 0.634520752808001 2.10811868144987 15.25
861 10937.6480485976 10937.6480485976 0.634520752808001 2.10811868144987 15.25
862 10938.9050157067 10938.9050157067 0.634520752808001 2.10811868144987 15.25
863 10940.1622254252 10940.1622254252 0.634520752808001 2.10811868144987 15.25
864 10941.4196776673 10941.4196776673 0.634520752808001 2.10811868144987 15.25
865 10942.6773723514 10942.6773723514 0.634520752808001 2.10811868144987 15.25
866 10943.9353093945 10943.9353093945 0.634520752808001 2.10811868144987 15.25
867 10945.1934886976 10945.1934886976 0.634520752808001 2.10811868144987 15.25
868 10946.45191019 10946.45191019 0.634520752808001 2.10811868144987 15.25
869 10947.7105737904 10947.7105737904 0.634520752808001 2.10811868144987 15.25
870 10948.9694794152 10948.9694794152 0.634520752808001 2.10811868144987 15.25
871 10950.228626981 10950.228626981 0.634520752808001 2.10811868144987 15.25
872 10951.4880164046 10951.4880164046 0.634520752808001 2.10811868144987 15.25
873 10952.7476475996 10952.7476475996 0.634520752808001 2.10811868144987 15.25
874 10954.0075204856 10954.0075204856 0.634520752808001 2.10811868144987 15.25
875 10955.2676349788 10955.2676349788 0.634520752808001 2.10811868144987 15.25
876 10956.527990996 10956.527990996 0.634520752808001 2.10811868144987 15.25
877 10957.7885884538 10957.7885884538 0.634520752808001 2.10811868144987 15.25
878 10959.0494272689 10959.0494272689 0.634520752808001 2.10811868144987 15.25
879 10960.310507358 10960.310507358 0.634520752808001 2.10811868144987 15.25
880 10961.5718286336 10961.5718286336 0.634520752808001 2.10811868144987 15.25
881 10962.8333910018 10962.8333910018 0.634520752808001 2.10811868144987 15.25
882 10964.0951943943 10964.0951943943 0.634520752808001 2.10811868144987 15.25
883 10965.3572387278 10965.3572387278 0.634520752808001 2.10811868144987 15.25
884 10966.6195239191 10966.6195239191 0.634520752808001 2.10811868144987 15.25
885 10967.8820498852 10967.8820498852 0.634520752808001 2.10811868144987 15.25
886 10969.1448165428 10969.1448165428 0.634520752808001 2.10811868144987 15.25
887 10970.4078238088 10970.4078238088 0.634520752808001 2.10811868144987 15.25
888 10971.6710715999 10971.6710715999 0.634520752808001 2.10811868144987 15.25
889 10972.9345598317 10972.9345598317 0.634520752808001 2.10811868144987 15.25
890 10974.1982884224 10974.1982884224 0.634520752808001 2.10811868144987 15.25
891 10975.4622572893 10975.4622572893 0.634520752808001 2.10811868144987 15.25
892 10976.7264663495 10976.7264663495 0.634520752808001 2.10811868144987 15.25
893 10977.9909155198 10977.9909155198 0.634520752808001 2.10811868144987 15.25
894 10979.255604709 10979.255604709 0.634520752808001 2.10811868144987 15.25
895 10980.5205338342 10980.5205338342 0.634520752808001 2.10811868144987 15.25
896 10981.7857028204 10981.7857028204 0.634520752808001 2.10811868144987 15.25
897 10983.0511115832 10983.0511115832 0.634520752808001 2.10811868144987 15.25
898 10984.3167600416 10984.3167600416 0.634520752808001 2.10811868144987 15.25
899 10985.5826481129 10985.5826481129 0.634520752808001 2.10811868144987 15.25
900 10986.8487757141 10986.8487757141 0.634520752808001 2.10811868144987 15.25
901 10988.1151427397 10988.1151427397 0.634520752808001 2.10811868144987 15.25
902 10989.3817491261 10989.3817491261 0.634520752808001 2.10811868144987 15.25
903 10990.6485947941 10990.6485947941 0.634520752808001 2.10811868144987 15.25
904 10991.915679661 10991.915679661 0.634520752808001 2.10811868144987 15.25
905 10993.1830036421 10993.1830036421 0.634520752808001 2.10811868144987 15.25
906 10994.4505666567 10994.4505666567 0.634520752808001 2.10811868144987 15.25
907 10995.7183686221 10995.7183686221 0.634520752808001 2.10811868144987 15.25
908 10996.9864094428 10996.9864094428 0.634520752808001 2.10811868144987 15.25
909 10998.2546890454 10998.2546890454 0.634520752808001 2.10811868144987 15.25
910 10999.5232073507 10999.5232073507 0.634520752808001 2.10811868144987 15.25
911 11000.7919642764 11000.7919642764 0.634520752808001 2.10811868144987 15.25
912 11002.0609597401 11002.0609597401 0.634520752808001 2.10811868144987 15.25
913 11003.330193659 11003.330193659 0.634520752808001 2.10811868144987 15.25
914 11004.5996659487 11004.5996659487 0.634520752808001 2.10811868144987 15.25
915 11005.8693765287 11005.8693765287 0.634520752808001 2.10811868144987 15.25
916 11007.1393253166 11007.1393253166 0.634520752808001 2.10811868144987 15.25
917 11008.40951223 11008.40951223 0.634520752808001 2.10811868144987 15.25
918 11009.6799371864 11009.6799371864 0.634520752808001 2.10811868144987 15.25
919 11010.9506001031 11010.9506001031 0.634520752808001 2.10811868144987 15.25
920 11012.2215008986 11012.2215008986 0.634520752808001 2.10811868144987 15.25
921 11013.4926394877 11013.4926394877 0.634520752808001 2.10811868144987 15.25
922 11014.7640157734 11014.7640157734 0.634520752808001 2.10811868144987 15.25
923 11016.0356296904 11016.0356296904 0.634520752808001 2.10811868144987 15.25
924 11017.3074811564 11017.3074811564 0.634520752808001 2.10811868144987 15.25
925 11018.5795700891 11018.5795700891 0.634520752808001 2.10811868144987 15.25
926 11019.8518964063 11019.8518964063 0.634520752808001 2.10811868144987 15.25
927 11021.1244600258 11021.1244600258 0.634520752808001 2.10811868144987 15.25
928 11022.3972608654 11022.3972608654 0.634520752808001 2.10811868144987 15.25
929 11023.6702988429 11023.6702988429 0.634520752808001 2.10811868144987 15.25
930 11024.9435738739 11024.9435738739 0.634520752808001 2.10811868144987 15.25
931 11026.217085879 11026.217085879 0.634520752808001 2.10811868144987 15.25
932 11027.4908347754 11027.4908347754 0.634520752808001 2.10811868144987 15.25
933 11028.7648204813 11028.7648204813 0.634520752808001 2.10811868144987 15.25
934 11030.0390429146 11030.0390429146 0.634520752808001 2.10811868144987 15.25
935 11031.3135019869 11031.3135019869 0.634520752808001 2.10811868144987 15.25
936 11032.588197612 11032.588197612 0.634520752808001 2.10811868144987 15.25
937 11033.8631297185 11033.8631297185 0.634520752808001 2.10811868144987 15.25
938 11035.1382982245 11035.1382982245 0.634520752808001 2.10811868144987 15.25
939 11036.4137030458 11036.4137030458 0.634520752808001 2.10811868144987 15.25
940 11037.6893441027 11037.6893441027 0.634520752808001 2.10811868144987 15.25
941 11038.9652213129 11038.9652213129 0.634520752808001 2.10811868144987 15.25
942 11040.2413345955 11040.2413345955 0.634520752808001 2.10811868144987 15.25
943 11041.5176838678 11041.5176838678 0.634520752808001 2.10811868144987 15.25
944 11042.7942690482 11042.7942690482 0.634520752808001 2.10811868144987 15.25
945 11044.0710900351 11044.0710900351 0.634520752808001 2.10811868144987 15.25
946 11045.3481467601 11045.3481467601 0.634520752808001 2.10811868144987 15.25
947 11046.6254391462 11046.6254391462 0.634520752808001 2.10811868144987 15.25
948 11047.9029671132 11047.9029671132 0.634520752808001 2.10811868144987 15.25
949 11049.1807305688 11049.1807305688 0.634520752808001 2.10811868144987 15.25
950 11050.4587294357 11050.4587294357 0.634520752808001 2.10811868144987 15.25
951 11051.7369636386 11051.7369636386 0.634520752808001 2.10811868144987 15.25
952 11053.0154330959 11053.0154330959 0.634520752808001 2.10811868144987 15.25
953 11054.2941377258 11054.2941377258 0.634520752808001 2.10811868144987 15.25
954 11055.5730774468 11055.5730774468 0.634520752808001 2.10811868144987 15.25
955 11056.8522521752 11056.8522521752 0.634520752808001 2.10811868144987 15.25
956 11058.1316618316 11058.1316618316 0.634520752808001 2.10811868144987 15.25
957 11059.4113063345 11059.4113063345 0.634520752808001 2.10811868144987 15.25
958 11060.6911856022 11060.6911856022 0.634520752808001 2.10811868144987 15.25
959 11061.9712995531 11061.9712995531 0.634520752808001 2.10811868144987 15.25
960 11063.2516481065 11063.2516481065 0.634520752808001 2.10811868144987 15.25
961 11064.5322311802 11064.5322311802 0.634520752808001 2.10811868144987 15.25
962 11065.813048693 11065.813048693 0.634520752808001 2.10811868144987 15.25
963 11067.0941005465 11067.0941005465 0.634520752808001 2.10811868144987 15.25
964 11068.3753866742 11068.3753866742 0.634520752808001 2.10811868144987 15.25
965 11069.656906997 11069.656906997 0.634520752808001 2.10811868144987 15.25
966 11070.9386614333 11070.9386614333 0.634520752808001 2.10811868144987 15.25
967 11072.2206499021 11072.2206499021 0.634520752808001 2.10811868144987 15.25
968 11073.5028723219 11073.5028723219 0.634520752808001 2.10811868144987 15.25
969 11074.7853286115 11074.7853286115 0.634520752808001 2.10811868144987 15.25
970 11076.0680186897 11076.0680186897 0.634520752808001 2.10811868144987 15.25
971 11077.3509424752 11077.3509424752 0.634520752808001 2.10811868144987 15.25
972 11078.6340998846 11078.6340998846 0.634520752808001 2.10811868144987 15.25
973 11079.9174908395 11079.9174908395 0.634520752808001 2.10811868144987 15.25
974 11081.2011152579 11081.2011152579 0.634520752808001 2.10811868144987 15.25
975 11082.4849730592 11082.4849730592 0.634520752808001 2.10811868144987 15.25
976 11083.7690641578 11083.7690641578 0.634520752808001 2.10811868144987 15.25
977 11085.0533884642 11085.0533884642 0.634520752808001 2.10811868144987 15.25
978 11086.3379459101 11086.3379459101 0.634520752808001 2.10811868144987 15.25
979 11087.6227364145 11087.6227364145 0.634520752808001 2.10811868144987 15.25
980 11088.9077598963 11088.9077598963 0.634520752808001 2.10811868144987 15.25
981 11090.1930162725 11090.1930162725 0.634520752808001 2.10811868144987 15.25
982 11091.4785054642 11091.4785054642 0.634520752808001 2.10811868144987 15.25
983 11092.7642273905 11092.7642273905 0.634520752808001 2.10811868144987 15.25
984 11094.0501819705 11094.0501819705 0.634520752808001 2.10811868144987 15.25
985 11095.336369123 11095.336369123 0.634520752808001 2.10811868144987 15.25
986 11096.6227887679 11096.6227887679 0.634520752808001 2.10811868144987 15.25
987 11097.9094408235 11097.9094408235 0.634520752808001 2.10811868144987 15.25
988 11099.1963252095 11099.1963252095 0.634520752808001 2.10811868144987 15.25
989 11100.4834418257 11100.4834418257 0.634520752808001 2.10811868144987 15.25
990 11101.7707905935 11101.7707905935 0.634520752808001 2.10811868144987 15.25
991 11103.0583714406 11103.0583714406 0.634520752808001 2.10811868144987 15.25
992 11104.3461842952 11104.3461842952 0.634520752808001 2.10811868144987 15.25
993 11105.6342290757 11105.6342290757 0.634520752808001 2.10811868144987 15.25
994 11106.9225057022 11106.9225057022 0.634520752808001 2.10811868144987 15.25
995 11108.2110140939 11108.2110140939 0.634520752808001 2.10811868144987 15.25
996 11109.49975417 11109.49975417 0.634520752808001 2.10811868144987 15.25
997 11110.7887258499 11110.7887258499 0.634520752808001 2.10811868144987 15.25
998 11112.077929051 11112.077929051 0.634520752808001 2.10811868144987 15.25
999 11113.367363695 11113.367363695 0.634520752808001 2.10811868144987 15.25
1000 11114.6570297006 11114.6570297006 0.634520752808001 2.10811868144987 15.25
1001 11115.9469269881 11115.9469269881 0.634520752808001 2.10811868144987 15.25
1002 11117.2370554767 11117.2370554767 0.634520752808001 2.10811868144987 15.25
1003 11118.5274150858 11118.5274150858 0.634520752808001 2.10811868144987 15.25
1004 11119.8180057203 11119.8180057203 0.634520752808001 2.10811868144987 15.25
1005 11121.1088273123 11121.1088273123 0.634520752808001 2.10811868144987 15.25
1006 11122.3998797839 11122.3998797839 0.634520752808001 2.10811868144987 15.25
1007 11123.6911630517 11123.6911630517 0.634520752808001 2.10811868144987 15.25
1008 11124.9826770384 11124.9826770384 0.634520752808001 2.10811868144987 15.25
1009 11126.2744216633 11126.2744216633 0.634520752808001 2.10811868144987 15.25
1010 11127.566396846 11127.566396846 0.634520752808001 2.10811868144987 15.25
1011 11128.8586025063 11128.8586025063 0.634520752808001 2.10811868144987 15.25
1012 11130.151038564 11130.151038564 0.634520752808001 2.10811868144987 15.25
1013 11131.4437049387 11131.4437049387 0.634520752808001 2.10811868144987 15.25
1014 11132.7366015502 11132.7366015502 0.634520752808001 2.10811868144987 15.25
1015 11134.0297283163 11134.0297283163 0.634520752808001 2.10811868144987 15.25
1016 11135.3230851587 11135.3230851587 0.634520752808001 2.10811868144987 15.25
1017 11136.6166719954 11136.6166719954 0.634520752808001 2.10811868144987 15.25
1018 11137.9104887332 11137.9104887332 0.634520752808001 2.10811868144987 15.25
1019 11139.2045353071 11139.2045353071 0.634520752808001 2.10811868144987 15.25
1020 11140.4988116369 11140.4988116369 0.634520752808001 2.10811868144987 15.25
1021 11141.7933176424 11141.7933176424 0.634520752808001 2.10811868144987 15.25
1022 11143.0880532441 11143.0880532441 0.634520752808001 2.10811868144987 15.25
1023 11144.3830183615 11144.3830183615 0.634520752808001 2.10811868144987 15.25
1024 11145.6782129124 11145.6782129124 0.634520752808001 2.10811868144987 15.25
1025 11146.9736368193 11146.9736368193 0.634520752808001 2.10811868144987 15.25
1026 11148.269290002 11148.269290002 0.634520752808001 2.10811868144987 15.25
1027 11149.5651723806 11149.5651723806 0.634520752808001 2.10811868144987 15.25
1028 11150.861283875 11150.861283875 0.634520752808001 2.10811868144987 15.25
1029 11152.1576244061 11152.1576244061 0.634520752808001 2.10811868144987 15.25
1030 11153.4541938932 11153.4541938932 0.634520752808001 2.10811868144987 15.25
1031 11154.7509922483 11154.7509922483 0.634520752808001 2.10811868144987 15.25
1032 11156.0480193915 11156.0480193915 0.634520752808001 2.10811868144987 15.25
1033 11157.3452752352 11157.3452752352 0.634520752808001 2.10811868144987 15.25
1034 11158.642759705 11158.642759705 0.634520752808001 2.10811868144987 15.25
1035 11159.9404727321 11159.9404727321 0.634520752808001 2.10811868144987 15.25
1036 11161.2384142369 11161.2384142369 0.634520752808001 2.10811868144987 15.25
1037 11162.5365841396 11162.5365841396 0.634520752808001 2.10811868144987 15.25
1038 11163.8349823605 11163.8349823605 0.634520752808001 2.10811868144987 15.25
1039 11165.1336088201 11165.1336088201 0.634520752808001 2.10811868144987 15.25
1040 11166.4324634386 11166.4324634386 0.634520752808001 2.10811868144987 15.25
1041 11167.7315461343 11167.7315461343 0.634520752808001 2.10811868144987 15.25
1042 11169.0308568298 11169.0308568298 0.634520752808001 2.10811868144987 15.25
1043 11170.3303954456 11170.3303954456 0.634520752808001 2.10811868144987 15.25
1044 11171.630161902 11171.630161902 0.634520752808001 2.10811868144987 15.25
1045 11172.9301561067 11172.9301561067 0.634520752808001 2.10811868144987 15.25
1046 11174.2303779889 11174.2303779889 0.634520752808001 2.10811868144987 15.25
1047 11175.5308274733 11175.5308274733 0.634520752808001 2.10811868144987 15.25
1048 11176.8315044804 11176.8315044804 0.634520752808001 2.10811868144987 15.25
1049 11178.1324089309 11178.1324089309 0.634520752808001 2.10811868144987 15.25
1050 11179.4335407431 11179.4335407431 0.634520752808001 2.10811868144987 15.25
1051 11180.73489984 11180.73489984 0.634520752808001 2.10811868144987 15.25
1052 11182.036486142 11182.036486142 0.634520752808001 2.10811868144987 15.25
1053 11183.3382995699 11183.3382995699 0.634520752808001 2.10811868144987 15.25
1054 11184.6403400443 11184.6403400443 0.634520752808001 2.10811868144987 15.25
1055 11185.942607486 11185.942607486 0.634520752808001 2.10811868144987 15.25
1056 11187.2451018158 11187.2451018158 0.634520752808001 2.10811868144987 15.25
1057 11188.5478229543 11188.5478229543 0.634520752808001 2.10811868144987 15.25
1058 11189.8507708203 11189.8507708203 0.634520752808001 2.10811868144987 15.25
1059 11191.1539453195 11191.1539453195 0.634520752808001 2.10811868144987 15.25
1060 11192.45734639 11192.45734639 0.634520752808001 2.10811868144987 15.25
1061 11193.7609739525 11193.7609739525 0.634520752808001 2.10811868144987 15.25
1062 11195.0648279279 11195.0648279279 0.634520752808001 2.10811868144987 15.25
1063 11196.3689082372 11196.3689082372 0.634520752808001 2.10811868144987 15.25
1064 11197.6732148012 11197.6732148012 0.634520752808001 2.10811868144987 15.25
1065 11198.977747541 11198.977747541 0.634520752808001 2.10811868144987 15.25
1066 11200.2825063774 11200.2825063774 0.634520752808001 2.10811868144987 15.25
1067 11201.5874912294 11201.5874912294 0.634520752808001 2.10811868144987 15.25
1068 11202.89270202 11202.89270202 0.634520752808001 2.10811868144987 15.25
1069 11204.1981386704 11204.1981386704 0.634520752808001 2.10811868144987 15.25
1070 11205.5038011015 11205.5038011015 0.634520752808001 2.10811868144987 15.25
1071 11206.8096892345 11206.8096892345 0.634520752808001 2.10811868144987 15.25
1072 11208.1158029841 11208.1158029841 0.634520752808001 2.10811868144987 15.25
1073 11209.4221422672 11209.4221422672 0.634520752808001 2.10811868144987 15.25
1074 11210.7287070154 11210.7287070154 0.634520752808001 2.10811868144987 15.25
1075 11212.0354971502 11212.0354971502 0.634520752808001 2.10811868144987 15.25
1076 11213.3425125904 11213.3425125904 0.634520752808001 2.10811868144987 15.25
1077 11214.6497532479 11214.6497532479 0.634520752808001 2.10811868144987 15.25
1078 11215.9572190424 11215.9572190424 0.634520752808001 2.10811868144987 15.25
1079 11217.2649099082 11217.2649099082 0.634520752808001 2.10811868144987 15.25
1080 11218.5728257668 11218.5728257668 0.634520752808001 2.10811868144987 15.25
1081 11219.8809665394 11219.8809665394 0.634520752808001 2.10811868144987 15.25
1082 11221.1893321474 11221.1893321474 0.634520752808001 2.10811868144987 15.25
1083 11222.497922512 11222.497922512 0.634520752808001 2.10811868144987 15.25
1084 11223.8067375527 11223.8067375527 0.634520752808001 2.10811868144987 15.25
1085 11225.1157771929 11225.1157771929 0.634520752808001 2.10811868144987 15.25
1086 11226.4250413433 11226.4250413433 0.634520752808001 2.10811868144987 15.25
1087 11227.7345299297 11227.7345299297 0.634520752808001 2.10811868144987 15.25
1088 11229.04424288 11229.04424288 0.634520752808001 2.10811868144987 15.25
1089 11230.3541801157 11230.3541801157 0.634520752808001 2.10811868144987 15.25
1090 11231.6643415583 11231.6643415583 0.634520752808001 2.10811868144987 15.25
1091 11232.9747271294 11232.9747271294 0.634520752808001 2.10811868144987 15.25
1092 11234.2853367503 11234.2853367503 0.634520752808001 2.10811868144987 15.25
1093 11235.5961703432 11235.5961703432 0.634520752808001 2.10811868144987 15.25
1094 11236.9072278271 11236.9072278271 0.634520752808001 2.10811868144987 15.25
1095 11238.2185091258 11238.2185091258 0.634520752808001 2.10811868144987 15.25
1096 11239.5300141611 11239.5300141611 0.634520752808001 2.10811868144987 15.25
1097 11240.8417428549 11240.8417428549 0.634520752808001 2.10811868144987 15.25
1098 11242.1536951282 11242.1536951282 0.634520752808001 2.10811868144987 15.25
1099 11243.4658709033 11243.4658709033 0.634520752808001 2.10811868144987 15.25
1100 11244.7782700848 11244.7782700848 0.634520752808001 2.10811868144987 15.25
1101 11246.0908926116 11246.0908926116 0.634520752808001 2.10811868144987 15.25
1102 11247.4037384053 11247.4037384053 0.634520752808001 2.10811868144987 15.25
1103 11248.7168073858 11248.7168073858 0.634520752808001 2.10811868144987 15.25
1104 11250.030099477 11250.030099477 0.634520752808001 2.10811868144987 15.25
1105 11251.3436146008 11251.3436146008 0.634520752808001 2.10811868144987 15.25
1106 11252.657352679 11252.657352679 0.634520752808001 2.10811868144987 15.25
1107 11253.9713136337 11253.9713136337 0.634520752808001 2.10811868144987 15.25
1108 11255.2854973864 11255.2854973864 0.634520752808001 2.10811868144987 15.25
1109 11256.59990386 11256.59990386 0.634520752808001 2.10811868144987 15.25
1110 11257.9145329756 11257.9145329756 0.634520752808001 2.10811868144987 15.25
1111 11259.2293846533 11259.2293846533 0.634520752808001 2.10811868144987 15.25
1112 11260.5444588174 11260.5444588174 0.634520752808001 2.10811868144987 15.25
1113 11261.8597553859 11261.8597553859 0.634520752808001 2.10811868144987 15.25
1114 11263.1752742715 11263.1752742715 0.634520752808001 2.10811868144987 15.25
1115 11264.49101541 11264.49101541 0.634520752808001 2.10811868144987 15.25
1116 11265.8069787232 11265.8069787232 0.634520752808001 2.10811868144987 15.25
1117 11267.1231641332 11267.1231641332 0.634520752808001 2.10811868144987 15.25
1118 11268.4395715624 11268.4395715624 0.634520752808001 2.10811868144987 15.25
1119 11269.7562009327 11269.7562009327 0.634520752808001 2.10811868144987 15.25
1120 11271.0730521644 11271.0730521644 0.634520752808001 2.10811868144987 15.25
1121 11272.3901251728 11272.3901251728 0.634520752808001 2.10811868144987 15.25
1122 11273.7074198738 11273.7074198738 0.634520752808001 2.10811868144987 15.25
1123 11275.0249362051 11275.0249362051 0.634520752808001 2.10811868144987 15.25
1124 11276.3426740891 11276.3426740891 0.634520752808001 2.10811868144987 15.25
1125 11277.660633448 11277.660633448 0.634520752808001 2.10811868144987 15.25
1126 11278.9788142042 11278.9788142042 0.634520752808001 2.10811868144987 15.25
1127 11280.2972162693 11280.2972162693 0.634520752808001 2.10811868144987 15.25
1128 11281.6158395702 11281.6158395702 0.634520752808001 2.10811868144987 15.25
1129 11282.9346840356 11282.9346840356 0.634520752808001 2.10811868144987 15.25
1130 11284.2537495858 11284.2537495858 0.634520752808001 2.10811868144987 15.25
1131 11285.5730361455 11285.5730361455 0.634520752808001 2.10811868144987 15.25
1132 11286.8925436371 11286.8925436371 0.634520752808001 2.10811868144987 15.25
1133 11288.2122719833 11288.2122719833 0.634520752808001 2.10811868144987 15.25
1134 11289.5322211064 11289.5322211064 0.634520752808001 2.10811868144987 15.25
1135 11290.8523909292 11290.8523909292 0.634520752808001 2.10811868144987 15.25
1136 11292.1727813742 11292.1727813742 0.634520752808001 2.10811868144987 15.25
1137 11293.493392364 11293.493392364 0.634520752808001 2.10811868144987 15.25
1138 11294.8142238192 11294.8142238192 0.634520752808001 2.10811868144987 15.25
1139 11296.1352756644 11296.1352756644 0.634520752808001 2.10811868144987 15.25
1140 11297.4565478225 11297.4565478225 0.634520752808001 2.10811868144987 15.25
1141 11298.778040201 11298.778040201 0.634520752808001 2.10811868144987 15.25
1142 11300.0997527357 11300.0997527357 0.634520752808001 2.10811868144987 15.25
1143 11301.4216853514 11301.4216853514 0.634520752808001 2.10811868144987 15.25
1144 11302.7438379709 11302.7438379709 0.634520752808001 2.10811868144987 15.25
1145 11304.066210517 11304.066210517 0.634520752808001 2.10811868144987 15.25
1146 11305.3888029125 11305.3888029125 0.634520752808001 2.10811868144987 15.25
1147 11306.7116150803 11306.7116150803 0.634520752808001 2.10811868144987 15.25
1148 11308.034646941 11308.034646941 0.634520752808001 2.10811868144987 15.25
1149 11309.3578984199 11309.3578984199 0.634520752808001 2.10811868144987 15.25
1150 11310.6813694396 11310.6813694396 0.634520752808001 2.10811868144987 15.25
1151 11312.0050599233 11312.0050599233 0.634520752808001 2.10811868144987 15.25
1152 11313.3289697939 11313.3289697939 0.634520752808001 2.10811868144987 15.25
1153 11314.6530989743 11314.6530989743 0.634520752808001 2.10811868144987 15.25
1154 11315.9774473833 11315.9774473833 0.634520752808001 2.10811868144987 15.25
1155 11317.3020149353 11317.3020149353 0.634520752808001 2.10811868144987 15.25
1156 11318.6268015663 11318.6268015663 0.634520752808001 2.10811868144987 15.25
1157 11319.9518071972 11319.9518071972 0.634520752808001 2.10811868144987 15.25
1158 11321.2770317531 11321.2770317531 0.634520752808001 2.10811868144987 15.25
1159 11322.6024751577 11322.6024751577 0.634520752808001 2.10811868144987 15.25
1160 11323.9281373335 11323.9281373335 0.634520752808001 2.10811868144987 15.25
1161 11325.2540182039 11325.2540182039 0.634520752808001 2.10811868144987 15.25
1162 11326.5801176921 11326.5801176921 0.634520752808001 2.10811868144987 15.25
1163 11327.9064357214 11327.9064357214 0.634520752808001 2.10811868144987 15.25
1164 11329.2329722149 11329.2329722149 0.634520752808001 2.10811868144987 15.25
1165 11330.5597270874 11330.5597270874 0.634520752808001 2.10811868144987 15.25
1166 11331.8867002533 11331.8867002533 0.634520752808001 2.10811868144987 15.25
1167 11333.2138916534 11333.2138916534 0.634520752808001 2.10811868144987 15.25
1168 11334.5413012023 11334.5413012023 0.634520752808001 2.10811868144987 15.25
1169 11335.8689288236 11335.8689288236 0.634520752808001 2.10811868144987 15.25
1170 11337.1967744491 11337.1967744491 0.634520752808001 2.10811868144987 15.25
1171 11338.5248380024 11338.5248380024 0.634520752808001 2.10811868144987 15.25
1172 11339.8531194067 11339.8531194067 0.634520752808001 2.10811868144987 15.25
1173 11341.1816185856 11341.1816185856 0.634520752808001 2.10811868144987 15.25
1174 11342.5103354625 11342.5103354625 0.634520752808001 2.10811868144987 15.25
1175 11343.8392699589 11343.8392699589 0.634520752808001 2.10811868144987 15.25
1176 11345.1684220003 11345.1684220003 0.634520752808001 2.10811868144987 15.25
1177 11346.4977915103 11346.4977915103 0.634520752808001 2.10811868144987 15.25
1178 11347.8273784126 11347.8273784126 0.634520752808001 2.10811868144987 15.25
1179 11349.1571826306 11349.1571826306 0.634520752808001 2.10811868144987 15.25
1180 11350.487204088 11350.487204088 0.634520752808001 2.10811868144987 15.25
1181 11351.8174427083 11351.8174427083 0.634520752808001 2.10811868144987 15.25
1182 11353.1478984007 11353.1478984007 0.634520752808001 2.10811868144987 15.25
1183 11354.4785711011 11354.4785711011 0.634520752808001 2.10811868144987 15.25
1184 11355.8094607335 11355.8094607335 0.634520752808001 2.10811868144987 15.25
1185 11357.140567224 11357.140567224 0.634520752808001 2.10811868144987 15.25
1186 11358.4718904956 11358.4718904956 0.634520752808001 2.10811868144987 15.25
1187 11359.8034304729 11359.8034304729 0.634520752808001 2.10811868144987 15.25
1188 11361.1351870793 11361.1351870793 0.634520752808001 2.10811868144987 15.25
1189 11362.467160239 11362.467160239 0.634520752808001 2.10811868144987 15.25
1190 11363.7993498752 11363.7993498752 0.634520752808001 2.10811868144987 15.25
1191 11365.1317559123 11365.1317559123 0.634520752808001 2.10811868144987 15.25
1192 11366.4643782741 11366.4643782741 0.634520752808001 2.10811868144987 15.25
1193 11367.7972168823 11367.7972168823 0.634520752808001 2.10811868144987 15.25
1194 11369.1302716631 11369.1302716631 0.634520752808001 2.10811868144987 15.25
1195 11370.4635425382 11370.4635425382 0.634520752808001 2.10811868144987 15.25
1196 11371.7970294187 11371.7970294187 0.634520752808001 2.10811868144987 15.25
1197 11373.1307322437 11373.1307322437 0.634520752808001 2.10811868144987 15.25
1198 11374.4646509373 11374.4646509373 0.634520752808001 2.10811868144987 15.25
1199 11375.7987854234 11375.7987854234 0.634520752808001 2.10811868144987 15.25
1200 11377.1331356263 11377.1331356263 0.634520752808001 2.10811868144987 15.25
1201 11378.46770147 11378.46770147 0.634520752808001 2.10811868144987 15.25
1202 11379.8024828783 11379.8024828783 0.634520752808001 2.10811868144987 15.25
1203 11381.1374797741 11381.1374797741 0.634520752808001 2.10811868144987 15.25
1204 11382.4726920829 11382.4726920829 0.634520752808001 2.10811868144987 15.25
1205 11383.8081197291 11383.8081197291 0.634520752808001 2.10811868144987 15.25
1206 11385.1437626368 11385.1437626368 0.634520752808001 2.10811868144987 15.25
1207 11386.4796207309 11386.4796207309 0.634520752808001 2.10811868144987 15.25
1208 11387.815693935 11387.815693935 0.634520752808001 2.10811868144987 15.25
1209 11389.151982161 11389.151982161 0.634520752808001 2.10811868144987 15.25
1210 11390.4884853177 11390.4884853177 0.634520752808001 2.10811868144987 15.25
1211 11391.8252033576 11391.8252033576 0.634520752808001 2.10811868144987 15.25
1212 11393.1621362029 11393.1621362029 0.634520752808001 2.10811868144987 15.25
1213 11394.4992837803 11394.4992837803 0.634520752808001 2.10811868144987 15.25
1214 11395.8366460136 11395.8366460136 0.634520752808001 2.10811868144987 15.25
1215 11397.174222828 11397.174222828 0.634520752808001 2.10811868144987 15.25
1216 11398.5120141476 11398.5120141476 0.634520752808001 2.10811868144987 15.25
1217 11399.8500198967 11399.8500198967 0.634520752808001 2.10811868144987 15.25
1218 11401.1882400005 11401.1882400005 0.634520752808001 2.10811868144987 15.25
1219 11402.5266743829 11402.5266743829 0.634520752808001 2.10811868144987 15.25
1220 11403.8653229686 11403.8653229686 0.634520752808001 2.10811868144987 15.25
1221 11405.20418568 11405.20418568 0.634520752808001 2.10811868144987 15.25
1222 11406.5432624439 11406.5432624439 0.634520752808001 2.10811868144987 15.25
1223 11407.882553172 11407.882553172 0.634520752808001 2.10811868144987 15.25
1224 11409.2220577976 11409.2220577976 0.634520752808001 2.10811868144987 15.25
1225 11410.5617762496 11410.5617762496 0.634520752808001 2.10811868144987 15.25
1226 11411.9017084527 11411.9017084527 0.634520752808001 2.10811868144987 15.25
1227 11413.2418543317 11413.2418543317 0.634520752808001 2.10811868144987 15.25
1228 11414.5822138112 11414.5822138112 0.634520752808001 2.10811868144987 15.25
1229 11415.9227868161 11415.9227868161 0.634520752808001 2.10811868144987 15.25
1230 11417.2635732714 11417.2635732714 0.634520752808001 2.10811868144987 15.25
1231 11418.604573099 11418.604573099 0.634520752808001 2.10811868144987 15.25
1232 11419.9457862266 11419.9457862266 0.634520752808001 2.10811868144987 15.25
1233 11421.2872125788 11421.2872125788 0.634520752808001 2.10811868144987 15.25
1234 11422.6288520803 11422.6288520803 0.634520752808001 2.10811868144987 15.25
1235 11423.9707046566 11423.9707046566 0.634520752808001 2.10811868144987 15.25
1236 11425.3127702299 11425.3127702299 0.634520752808001 2.10811868144987 15.25
1237 11426.6550487125 11426.6550487125 0.634520752808001 2.10811868144987 15.25
1238 11427.9975400442 11427.9975400442 0.634520752808001 2.10811868144987 15.25
1239 11429.3402441503 11429.3402441503 0.634520752808001 2.10811868144987 15.25
1240 11430.6831609534 11430.6831609534 0.634520752808001 2.10811868144987 15.25
1241 11432.0262903809 11432.0262903809 0.634520752808001 2.10811868144987 15.25
1242 11433.3696323577 11433.3696323577 0.634520752808001 2.10811868144987 15.25
1243 11434.7131868091 11434.7131868091 0.634520752808001 2.10811868144987 15.25
1244 11436.05695366 11436.05695366 0.634520752808001 2.10811868144987 15.25
1245 11437.4009328356 11437.4009328356 0.634520752808001 2.10811868144987 15.25
1246 11438.7451242611 11438.7451242611 0.634520752808001 2.10811868144987 15.25
1247 11440.0895278617 11440.0895278617 0.634520752808001 2.10811868144987 15.25
1248 11441.4341435626 11441.4341435626 0.634520752808001 2.10811868144987 15.25
1249 11442.7789712868 11442.7789712868 0.634520752808001 2.10811868144987 15.25
1250 11444.1240109553 11444.1240109553 0.634520752808001 2.10811868144987 15.25
1251 11445.4692624892 11445.4692624892 0.634520752808001 2.10811868144987 15.25
1252 11446.8147258241 11446.8147258241 0.634520752808001 2.10811868144987 15.25
1253 11448.1604008842 11448.1604008842 0.634520752808001 2.10811868144987 15.25
1254 11449.5062875747 11449.5062875747 0.634520752808001 2.10811868144987 15.25
1255 11450.8523858427 11450.8523858427 0.634520752808001 2.10811868144987 15.25
1256 11452.1986956135 11452.1986956135 0.634520752808001 2.10811868144987 15.25
1257 11453.5452168124 11453.5452168124 0.634520752808001 2.10811868144987 15.25
1258 11454.891949365 11454.891949365 0.634520752808001 2.10811868144987 15.25
1259 11456.2388931945 11456.2388931945 0.634520752808001 2.10811868144987 15.25
1260 11457.5860482286 11457.5860482286 0.634520752808001 2.10811868144987 15.25
1261 11458.9334143928 11458.9334143928 0.634520752808001 2.10811868144987 15.25
1262 11460.2809916127 11460.2809916127 0.634520752808001 2.10811868144987 15.25
1263 11461.6287798137 11461.6287798137 0.634520752808001 2.10811868144987 15.25
1264 11462.9767789088 11462.9767789088 0.634520752808001 2.10811868144987 15.25
1265 11464.3249888315 11464.3249888315 0.634520752808001 2.10811868144987 15.25
1266 11465.6734095124 11465.6734095124 0.634520752808001 2.10811868144987 15.25
1267 11467.022040877 11467.022040877 0.634520752808001 2.10811868144987 15.25
1268 11468.3708828509 11468.3708828509 0.634520752808001 2.10811868144987 15.25
1269 11469.7199353576 11469.7199353576 0.634520752808001 2.10811868144987 15.25
1270 11471.0691983251 11471.0691983251 0.634520752808001 2.10811868144987 15.25
1271 11472.4186716793 11472.4186716793 0.634520752808001 2.10811868144987 15.25
1272 11473.7683553453 11473.7683553453 0.634520752808001 2.10811868144987 15.25
1273 11475.1182492496 11475.1182492496 0.634520752808001 2.10811868144987 15.25
1274 11476.4683533177 11476.4683533177 0.634520752808001 2.10811868144987 15.25
1275 11477.8186674756 11477.8186674756 0.634520752808001 2.10811868144987 15.25
1276 11479.1691916489 11479.1691916489 0.634520752808001 2.10811868144987 15.25
1277 11480.5199257616 11480.5199257616 0.634520752808001 2.10811868144987 15.25
1278 11481.8708697267 11481.8708697267 0.634520752808001 2.10811868144987 15.25
1279 11483.2220234825 11483.2220234825 0.634520752808001 2.10811868144987 15.25
1280 11484.5733869577 11484.5733869577 0.634520752808001 2.10811868144987 15.25
1281 11485.9249600781 11485.9249600781 0.634520752808001 2.10811868144987 15.25
1282 11487.2767427698 11487.2767427698 0.634520752808001 2.10811868144987 15.25
1283 11488.6287349586 11488.6287349586 0.634520752808001 2.10811868144987 15.25
1284 11489.9809365708 11489.9809365708 0.634520752808001 2.10811868144987 15.25
1285 11491.3333475321 11491.3333475321 0.634520752808001 2.10811868144987 15.25
1286 11492.6859677692 11492.6859677692 0.634520752808001 2.10811868144987 15.25
1287 11494.0387972077 11494.0387972077 0.634520752808001 2.10811868144987 15.25
1288 11495.3918357718 11495.3918357718 0.634520752808001 2.10811868144987 15.25
1289 11496.7450833897 11496.7450833897 0.634520752808001 2.10811868144987 15.25
1290 11498.0985399876 11498.0985399876 0.634520752808001 2.10811868144987 15.25
1291 11499.4522054854 11499.4522054854 0.634520752808001 2.10811868144987 15.25
1292 11500.8060798046 11500.8060798046 0.634520752808001 2.10811868144987 15.25
1293 11502.160162883 11502.160162883 0.634520752808001 2.10811868144987 15.25
1294 11503.5144546462 11503.5144546462 0.634520752808001 2.10811868144987 15.25
1295 11504.8689550208 11504.8689550208 0.634520752808001 2.10811868144987 15.25
1296 11506.223663933 11506.223663933 0.634520752808001 2.10811868144987 15.25
1297 11507.5785813092 11507.5785813092 0.634520752808001 2.10811868144987 15.25
1298 11508.9337070516 11508.9337070516 0.634520752808001 2.10811868144987 15.25
1299 11510.2890411102 11510.2890411102 0.634520752808001 2.10811868144987 15.25
1300 11511.6445834119 11511.6445834119 0.634520752808001 2.10811868144987 15.25
1301 11513.0003338831 11513.0003338831 0.634520752808001 2.10811868144987 15.25
1302 11514.3562924509 11514.3562924509 0.634520752808001 2.10811868144987 15.25
1303 11515.7124590411 11515.7124590411 0.634520752808001 2.10811868144987 15.25
1304 11517.0688335805 11517.0688335805 0.634520752808001 2.10811868144987 15.25
1305 11518.4254159825 11518.4254159825 0.634520752808001 2.10811868144987 15.25
1306 11519.7822061825 11519.7822061825 0.634520752808001 2.10811868144987 15.25
1307 11521.1392041113 11521.1392041113 0.634520752808001 2.10811868144987 15.25
1308 11522.4964096934 11522.4964096934 0.634520752808001 2.10811868144987 15.25
1309 11523.8538228576 11523.8538228576 0.634520752808001 2.10811868144987 15.25
1310 11525.2114435305 11525.2114435305 0.634520752808001 2.10811868144987 15.25
1311 11526.5692716388 11526.5692716388 0.634520752808001 2.10811868144987 15.25
1312 11527.9273071094 11527.9273071094 0.634520752808001 2.10811868144987 15.25
1313 11529.2855498683 11529.2855498683 0.634520752808001 2.10811868144987 15.25
1314 11530.6439998431 11530.6439998431 0.634520752808001 2.10811868144987 15.25
1315 11532.0026569602 11532.0026569602 0.634520752808001 2.10811868144987 15.25
1316 11533.3615211465 11533.3615211465 0.634520752808001 2.10811868144987 15.25
1317 11534.7205923264 11534.7205923264 0.634520752808001 2.10811868144987 15.25
1318 11536.0798704294 11536.0798704294 0.634520752808001 2.10811868144987 15.25
1319 11537.4393553647 11537.4393553647 0.634520752808001 2.10811868144987 15.25
1320 11538.7990470764 11538.7990470764 0.634520752808001 2.10811868144987 15.25
1321 11540.1589454917 11540.1589454917 0.634520752808001 2.10811868144987 15.25
1322 11541.5190505373 11541.5190505373 0.634520752808001 2.10811868144987 15.25
1323 11542.8793621403 11542.8793621403 0.634520752808001 2.10811868144987 15.25
1324 11544.2398802276 11544.2398802276 0.634520752808001 2.10811868144987 15.25
1325 11545.6006047262 11545.6006047262 0.634520752808001 2.10811868144987 15.25
1326 11546.9615355633 11546.9615355633 0.634520752808001 2.10811868144987 15.25
1327 11548.3226726635 11548.3226726635 0.634520752808001 2.10811868144987 15.25
1328 11549.6840159565 11549.6840159565 0.634520752808001 2.10811868144987 15.25
1329 11551.0455653687 11551.0455653687 0.634520752808001 2.10811868144987 15.25
1330 11552.4073208278 11552.4073208278 0.634520752808001 2.10811868144987 15.25
1331 11553.7692822607 11553.7692822607 0.634520752808001 2.10811868144987 15.25
1332 11555.1314495882 11555.1314495882 0.634520752808001 2.10811868144987 15.25
1333 11556.4938227328 11556.4938227328 0.634520752808001 2.10811868144987 15.25
1334 11557.8564016333 11557.8564016333 0.634520752808001 2.10811868144987 15.25
1335 11559.2191862163 11559.2191862163 0.634520752808001 2.10811868144987 15.25
1336 11560.5821764092 11560.5821764092 0.634520752808001 2.10811868144987 15.25
1337 11561.9453721372 11561.9453721372 0.634520752808001 2.10811868144987 15.25
1338 11563.3087733296 11563.3087733296 0.634520752808001 2.10811868144987 15.25
1339 11564.6723799139 11564.6723799139 0.634520752808001 2.10811868144987 15.25
1340 11566.0361918175 11566.0361918175 0.634520752808001 2.10811868144987 15.25
1341 11567.4002089676 11567.4002089676 0.634520752808001 2.10811868144987 15.25
1342 11568.7644312722 11568.7644312722 0.634520752808001 2.10811868144987 15.25
1343 11570.1288586754 11570.1288586754 0.634520752808001 2.10811868144987 15.25
1344 11571.4934911075 11571.4934911075 0.634520752808001 2.10811868144987 15.25
1345 11572.8583284959 11572.8583284959 0.634520752808001 2.10811868144987 15.25
1346 11574.2233707551 11574.2233707551 0.634520752808001 2.10811868144987 15.25
1347 11575.5886178192 11575.5886178192 0.634520752808001 2.10811868144987 15.25
1348 11576.9540696223 11576.9540696223 0.634520752808001 2.10811868144987 15.25
1349 11578.3197260917 11578.3197260917 0.634520752808001 2.10811868144987 15.25
1350 11579.6855871553 11579.6855871553 0.634520752808001 2.10811868144987 15.25
1351 11581.0516527405 11581.0516527405 0.634520752808001 2.10811868144987 15.25
1352 11582.417922775 11582.417922775 0.634520752808001 2.10811868144987 15.25
1353 11583.7843971864 11583.7843971864 0.634520752808001 2.10811868144987 15.25
1354 11585.1510759025 11585.1510759025 0.634520752808001 2.10811868144987 15.25
1355 11586.517958851 11586.517958851 0.634520752808001 2.10811868144987 15.25
1356 11587.8850459573 11587.8850459573 0.634520752808001 2.10811868144987 15.25
1357 11589.2523371515 11589.2523371515 0.634520752808001 2.10811868144987 15.25
1358 11590.6198323613 11590.6198323613 0.634520752808001 2.10811868144987 15.25
1359 11591.9875315146 11591.9875315146 0.634520752808001 2.10811868144987 15.25
1360 11593.3554345214 11593.3554345214 0.634520752808001 2.10811868144987 15.25
1361 11594.7235413275 11594.7235413275 0.634520752808001 2.10811868144987 15.25
1362 11596.0918518608 11596.0918518608 0.634520752808001 2.10811868144987 15.25
1363 11597.4603660484 11597.4603660484 0.634520752808001 2.10811868144987 15.25
1364 11598.8290838189 11598.8290838189 0.634520752808001 2.10811868144987 15.25
1365 11600.1980051004 11600.1980051004 0.634520752808001 2.10811868144987 15.25
1366 11601.5671298179 11601.5671298179 0.634520752808001 2.10811868144987 15.25
1367 11602.9364579022 11602.9364579022 0.634520752808001 2.10811868144987 15.25
1368 11604.3059892813 11604.3059892813 0.634520752808001 2.10811868144987 15.25
1369 11605.6757238827 11605.6757238827 0.634520752808001 2.10811868144987 15.25
1370 11607.0456616349 11607.0456616349 0.634520752808001 2.10811868144987 15.25
1371 11608.4158024658 11608.4158024658 0.634520752808001 2.10811868144987 15.25
1372 11609.7861463039 11609.7861463039 0.634520752808001 2.10811868144987 15.25
1373 11611.1566930704 11611.1566930704 0.634520752808001 2.10811868144987 15.25
1374 11612.5274426889 11612.5274426889 0.634520752808001 2.10811868144987 15.25
1375 11613.8983950992 11613.8983950992 0.634520752808001 2.10811868144987 15.25
1376 11615.2695502288 11615.2695502288 0.634520752808001 2.10811868144987 15.25
1377 11616.6409080037 11616.6409080037 0.634520752808001 2.10811868144987 15.25
1378 11618.012468355 11618.012468355 0.634520752808001 2.10811868144987 15.25
1379 11619.3842312104 11619.3842312104 0.634520752808001 2.10811868144987 15.25
1380 11620.756196498 11620.756196498 0.634520752808001 2.10811868144987 15.25
1381 11622.128364147 11622.128364147 0.634520752808001 2.10811868144987 15.25
1382 11623.5007340849 11623.5007340849 0.634520752808001 2.10811868144987 15.25
1383 11624.87330624 11624.87330624 0.634520752808001 2.10811868144987 15.25
1384 11626.2460805416 11626.2460805416 0.634520752808001 2.10811868144987 15.25
1385 11627.6190569172 11627.6190569172 0.634520752808001 2.10811868144987 15.25
1386 11628.9922352767 11628.9922352767 0.634520752808001 2.10811868144987 15.25
1387 11630.365615551 11630.365615551 0.634520752808001 2.10811868144987 15.25
1388 11631.7391976787 11631.7391976787 0.634520752808001 2.10811868144987 15.25
1389 11633.1129815946 11633.1129815946 0.634520752808001 2.10811868144987 15.25
1390 11634.4869672272 11634.4869672272 0.634520752808001 2.10811868144987 15.25
1391 11635.861154505 11635.861154505 0.634520752808001 2.10811868144987 15.25
1392 11637.2355433566 11637.2355433566 0.634520752808001 2.10811868144987 15.25
1393 11638.6101337103 11638.6101337103 0.634520752808001 2.10811868144987 15.25
1394 11639.9849254955 11639.9849254955 0.634520752808001 2.10811868144987 15.25
1395 11641.3599186402 11641.3599186402 0.634520752808001 2.10811868144987 15.25
1396 11642.7351130709 11642.7351130709 0.634520752808001 2.10811868144987 15.25
1397 11644.1105087186 11644.1105087186 0.634520752808001 2.10811868144987 15.25
1398 11645.486105512 11645.486105512 0.634520752808001 2.10811868144987 15.25
1399 11646.8619033799 11646.8619033799 0.634520752808001 2.10811868144987 15.25
1400 11648.2379022508 11648.2379022508 0.634520752808001 2.10811868144987 15.25
1401 11649.6141020364 11649.6141020364 0.634520752808001 2.10811868144987 15.25
1402 11650.9905026827 11650.9905026827 0.634520752808001 2.10811868144987 15.25
1403 11652.3671041185 11652.3671041185 0.634520752808001 2.10811868144987 15.25
1404 11653.7439062727 11653.7439062727 0.634520752808001 2.10811868144987 15.25
1405 11655.1209090743 11655.1209090743 0.634520752808001 2.10811868144987 15.25
1406 11656.4981124519 11656.4981124519 0.634520752808001 2.10811868144987 15.25
1407 11657.8755163325 11657.8755163325 0.634520752808001 2.10811868144987 15.25
1408 11659.2531206474 11659.2531206474 0.634520752808001 2.10811868144987 15.25
1409 11660.6309253247 11660.6309253247 0.634520752808001 2.10811868144987 15.25
1410 11662.0089302943 11662.0089302943 0.634520752808001 2.10811868144987 15.25
1411 11663.3871354848 11663.3871354848 0.634520752808001 2.10811868144987 15.25
1412 11664.7655408253 11664.7655408253 0.634520752808001 2.10811868144987 15.25
1413 11666.1441462449 11666.1441462449 0.634520752808001 2.10811868144987 15.25
1414 11667.522951666 11667.522951666 0.634520752808001 2.10811868144987 15.25
1415 11668.9019570138 11668.9019570138 0.634520752808001 2.10811868144987 15.25
1416 11670.2811622275 11670.2811622275 0.634520752808001 2.10811868144987 15.25
1417 11671.6605672348 11671.6605672348 0.634520752808001 2.10811868144987 15.25
1418 11673.0401719667 11673.0401719667 0.634520752808001 2.10811868144987 15.25
1419 11674.4199763525 11674.4199763525 0.634520752808001 2.10811868144987 15.25
1420 11675.7999803214 11675.7999803214 0.634520752808001 2.10811868144987 15.25
1421 11677.1801838026 11677.1801838026 0.634520752808001 2.10811868144987 15.25
1422 11678.5605867252 11678.5605867252 0.634520752808001 2.10811868144987 15.25
1423 11679.9411890191 11679.9411890191 0.634520752808001 2.10811868144987 15.25
1424 11681.3219906129 11681.3219906129 0.634520752808001 2.10811868144987 15.25
1425 11682.7029914363 11682.7029914363 0.634520752808001 2.10811868144987 15.25
1426 11684.0841914186 11684.0841914186 0.634520752808001 2.10811868144987 15.25
1427 11685.4655904869 11685.4655904869 0.634520752808001 2.10811868144987 15.25
1428 11686.8471885621 11686.8471885621 0.634520752808001 2.10811868144987 15.25
1429 11688.2289855777 11688.2289855777 0.634520752808001 2.10811868144987 15.25
1430 11689.6109814555 11689.6109814555 0.634520752808001 2.10811868144987 15.25
1431 11690.9931761322 11690.9931761322 0.634520752808001 2.10811868144987 15.25
1432 11692.3755695444 11692.3755695444 0.634520752808001 2.10811868144987 15.25
1433 11693.7581616216 11693.7581616216 0.634520752808001 2.10811868144987 15.25
1434 11695.1409522934 11695.1409522934 0.634520752808001 2.10811868144987 15.25
1435 11696.5239414893 11696.5239414893 0.634520752808001 2.10811868144987 15.25
1436 11697.907129139 11697.907129139 0.634520752808001 2.10811868144987 15.25
1437 11699.2905151698 11699.2905151698 0.634520752808001 2.10811868144987 15.25
1438 11700.6740995139 11700.6740995139 0.634520752808001 2.10811868144987 15.25
1439 11702.0578821001 11702.0578821001 0.634520752808001 2.10811868144987 15.25
1440 11703.4418628589 11703.4418628589 0.634520752808001 2.10811868144987 15.25
1441 11704.8260417197 11704.8260417197 0.634520752808001 2.10811868144987 15.25
1442 11706.2104185948 11706.2104185948 0.634520752808001 2.10811868144987 15.25
1443 11707.5949934315 11707.5949934315 0.634520752808001 2.10811868144987 15.25
1444 11708.9797661594 11708.9797661594 0.634520752808001 2.10811868144987 15.25
1445 11710.3647367084 11710.3647367084 0.634520752808001 2.10811868144987 15.25
1446 11711.7499050083 11711.7499050083 0.634520752808001 2.10811868144987 15.25
1447 11713.1352709889 11713.1352709889 0.634520752808001 2.10811868144987 15.25
1448 11714.5208345779 11714.5208345779 0.634520752808001 2.10811868144987 15.25
1449 11715.9065957075 11715.9065957075 0.634520752808001 2.10811868144987 15.25
1450 11717.2925543074 11717.2925543074 0.634520752808001 2.10811868144987 15.25
1451 11718.6787103075 11718.6787103075 0.634520752808001 2.10811868144987 15.25
1452 11720.0650636382 11720.0650636382 0.634520752808001 2.10811868144987 15.25
1453 11721.4516142291 11721.4516142291 0.634520752808001 2.10811868144987 15.25
1454 11722.8383620102 11722.8383620102 0.634520752808001 2.10811868144987 15.25
1455 11724.2253069052 11724.2253069052 0.634520752808001 2.10811868144987 15.25
1456 11725.6124488398 11725.6124488398 0.634520752808001 2.10811868144987 15.25
1457 11726.9997877544 11726.9997877544 0.634520752808001 2.10811868144987 15.25
1458 11728.3873235777 11728.3873235777 0.634520752808001 2.10811868144987 15.25
1459 11729.7750562416 11729.7750562416 0.634520752808001 2.10811868144987 15.25
1460 11731.1629856763 11731.1629856763 0.634520752808001 2.10811868144987 15.25
1461 11732.5511118119 11732.5511118119 0.634520752808001 2.10811868144987 15.25
1462 11733.9394345788 11733.9394345788 0.634520752808001 2.10811868144987 15.25
1463 11735.327953907 11735.327953907 0.634520752808001 2.10811868144987 15.25
1464 11736.7166697266 11736.7166697266 0.634520752808001 2.10811868144987 15.25
1465 11738.1055819685 11738.1055819685 0.634520752808001 2.10811868144987 15.25
1466 11739.4946905624 11739.4946905624 0.634520752808001 2.10811868144987 15.25
1467 11740.8839954387 11740.8839954387 0.634520752808001 2.10811868144987 15.25
1468 11742.2734965256 11742.2734965256 0.634520752808001 2.10811868144987 15.25
1469 11743.6631937451 11743.6631937451 0.634520752808001 2.10811868144987 15.25
1470 11745.0530870311 11745.0530870311 0.634520752808001 2.10811868144987 15.25
1471 11746.4431763212 11746.4431763212 0.634520752808001 2.10811868144987 15.25
1472 11747.8334615457 11747.8334615457 0.634520752808001 2.10811868144987 15.25
1473 11749.2239426349 11749.2239426349 0.634520752808001 2.10811868144987 15.25
1474 11750.6146195074 11750.6146195074 0.634520752808001 2.10811868144987 15.25
1475 11752.0054920965 11752.0054920965 0.634520752808001 2.10811868144987 15.25
1476 11753.3965603419 11753.3965603419 0.634520752808001 2.10811868144987 15.25
1477 11754.7878241741 11754.7878241741 0.634520752808001 2.10811868144987 15.25
1478 11756.1792835237 11756.1792835237 0.634520752808001 2.10811868144987 15.25
1479 11757.570938319 11757.570938319 0.634520752808001 2.10811868144987 15.25
1480 11758.962788493 11758.962788493 0.634520752808001 2.10811868144987 15.25
1481 11760.3548339761 11760.3548339761 0.634520752808001 2.10811868144987 15.25
1482 11761.7470746991 11761.7470746991 0.634520752808001 2.10811868144987 15.25
1483 11763.1395105753 11763.1395105753 0.634520752808001 2.10811868144987 15.25
1484 11764.5321415524 11764.5321415524 0.634520752808001 2.10811868144987 15.25
1485 11765.9249675621 11765.9249675621 0.634520752808001 2.10811868144987 15.25
1486 11767.3179885339 11767.3179885339 0.634520752808001 2.10811868144987 15.25
1487 11768.7112043994 11768.7112043994 0.634520752808001 2.10811868144987 15.25
1488 11770.1046150892 11770.1046150892 0.634520752808001 2.10811868144987 15.25
1489 11771.498220534 11771.498220534 0.634520752808001 2.10811868144987 15.25
1490 11772.8920206626 11772.8920206626 0.634520752808001 2.10811868144987 15.25
1491 11774.2860154079 11774.2860154079 0.634520752808001 2.10811868144987 15.25
1492 11775.6802047009 11775.6802047009 0.634520752808001 2.10811868144987 15.25
1493 11777.0745884725 11777.0745884725 0.634520752808001 2.10811868144987 15.25
1494 11778.4691666535 11778.4691666535 0.634520752808001 2.10811868144987 15.25
1495 11779.8639391751 11779.8639391751 0.634520752808001 2.10811868144987 15.25
1496 11781.2589059617 11781.2589059617 0.634520752808001 2.10811868144987 15.25
1497 11782.6540669394 11782.6540669394 0.634520752808001 2.10811868144987 15.25
1498 11784.0494220509 11784.0494220509 0.634520752808001 2.10811868144987 15.25
1499 11785.4449712268 11785.4449712268 0.634520752808001 2.10811868144987 15.25
1500 11786.8407143982 11786.8407143982 0.634520752808001 2.10811868144987 15.25
1501 11788.2366514942 11788.2366514942 0.634520752808001 2.10811868144987 15.25
1502 11789.6327824479 11789.6327824479 0.634520752808001 2.10811868144987 15.25
1503 11791.0291071906 11791.0291071906 0.634520752808001 2.10811868144987 15.25
1504 11792.4256256533 11792.4256256533 0.634520752808001 2.10811868144987 15.25
1505 11793.8223377672 11793.8223377672 0.634520752808001 2.10811868144987 15.25
1506 11795.2192434637 11795.2192434637 0.634520752808001 2.10811868144987 15.25
1507 11796.6163426736 11796.6163426736 0.634520752808001 2.10811868144987 15.25
1508 11798.0136353289 11798.0136353289 0.634520752808001 2.10811868144987 15.25
1509 11799.4111213602 11799.4111213602 0.634520752808001 2.10811868144987 15.25
1510 11800.808800686 11800.808800686 0.634520752808001 2.10811868144987 15.25
1511 11802.2066732441 11802.2066732441 0.634520752808001 2.10811868144987 15.25
1512 11803.6047389723 11803.6047389723 0.634520752808001 2.10811868144987 15.25
1513 11805.0029978022 11805.0029978022 0.634520752808001 2.10811868144987 15.25
1514 11806.4014496649 11806.4014496649 0.634520752808001 2.10811868144987 15.25
1515 11807.8000944921 11807.8000944921 0.634520752808001 2.10811868144987 15.25
1516 11809.1989322151 11809.1989322151 0.634520752808001 2.10811868144987 15.25
1517 11810.5979627653 11810.5979627653 0.634520752808001 2.10811868144987 15.25
1518 11811.9971860645 11811.9971860645 0.634520752808001 2.10811868144987 15.25
1519 11813.3966020429 11813.3966020429 0.634520752808001 2.10811868144987 15.25
1520 11814.7962106434 11814.7962106434 0.634520752808001 2.10811868144987 15.25
1521 11816.1960117946 11816.1960117946 0.634520752808001 2.10811868144987 15.25
1522 11817.5960054309 11817.5960054309 0.634520752808001 2.10811868144987 15.25
1523 11818.9961914838 11818.9961914838 0.634520752808001 2.10811868144987 15.25
1524 11820.3965698674 11820.3965698674 0.634520752808001 2.10811868144987 15.25
1525 11821.7971405308 11821.7971405308 0.634520752808001 2.10811868144987 15.25
1526 11823.1979034056 11823.1979034056 0.634520752808001 2.10811868144987 15.25
1527 11824.5988584234 11824.5988584234 0.634520752808001 2.10811868144987 15.25
1528 11826.0000055165 11826.0000055165 0.634520752808001 2.10811868144987 15.25
1529 11827.401344616 11827.401344616 0.634520752808001 2.10811868144987 15.25
1530 11828.8028756539 11828.8028756539 0.634520752808001 2.10811868144987 15.25
1531 11830.2045985619 11830.2045985619 0.634520752808001 2.10811868144987 15.25
1532 11831.6065132697 11831.6065132697 0.634520752808001 2.10811868144987 15.25
1533 11833.0086197113 11833.0086197113 0.634520752808001 2.10811868144987 15.25
1534 11834.4109178185 11834.4109178185 0.634520752808001 2.10811868144987 15.25
1535 11835.8134075233 11835.8134075233 0.634520752808001 2.10811868144987 15.25
1536 11837.2160887577 11837.2160887577 0.634520752808001 2.10811868144987 15.25
1537 11838.6189614464 11838.6189614464 0.634520752808001 2.10811868144987 15.25
1538 11840.0220255177 11840.0220255177 0.634520752808001 2.10811868144987 15.25
1539 11841.4252809142 11841.4252809142 0.634520752808001 2.10811868144987 15.25
1540 11842.828727568 11842.828727568 0.634520752808001 2.10811868144987 15.25
1541 11844.232365411 11844.232365411 0.634520752808001 2.10811868144987 15.25
1542 11845.6361943754 11845.6361943754 0.634520752808001 2.10811868144987 15.25
1543 11847.0402143906 11847.0402143906 0.634520752808001 2.10811868144987 15.25
1544 11848.4444253917 11848.4444253917 0.634520752808001 2.10811868144987 15.25
1545 11849.8488273101 11849.8488273101 0.634520752808001 2.10811868144987 15.25
1546 11851.2534200782 11851.2534200782 0.634520752808001 2.10811868144987 15.25
1547 11852.6582036281 11852.6582036281 0.634520752808001 2.10811868144987 15.25
1548 11854.0631778919 11854.0631778919 0.634520752808001 2.10811868144987 15.25
1549 11855.468342802 11855.468342802 0.634520752808001 2.10811868144987 15.25
1550 11856.8736982904 11856.8736982904 0.634520752808001 2.10811868144987 15.25
1551 11858.2792442764 11858.2792442764 0.634520752808001 2.10811868144987 15.25
1552 11859.6849807009 11859.6849807009 0.634520752808001 2.10811868144987 15.25
1553 11861.0909075005 11861.0909075005 0.634520752808001 2.10811868144987 15.25
1554 11862.4970246077 11862.4970246077 0.634520752808001 2.10811868144987 15.25
1555 11863.9033319526 11863.9033319526 0.634520752808001 2.10811868144987 15.25
1556 11865.3098294696 11865.3098294696 0.634520752808001 2.10811868144987 15.25
1557 11866.7165170912 11866.7165170912 0.634520752808001 2.10811868144987 15.25
1558 11868.1233947497 11868.1233947497 0.634520752808001 2.10811868144987 15.25
1559 11869.5304623779 11869.5304623779 0.634520752808001 2.10811868144987 15.25
1560 11870.9377199075 11870.9377199075 0.634520752808001 2.10811868144987 15.25
1561 11872.3451672717 11872.3451672717 0.634520752808001 2.10811868144987 15.25
1562 11873.7528043951 11873.7528043951 0.634520752808001 2.10811868144987 15.25
1563 11875.1606312049 11875.1606312049 0.634520752808001 2.10811868144987 15.25
1564 11876.5686476445 11876.5686476445 0.634520752808001 2.10811868144987 15.25
1565 11877.9768536332 11877.9768536332 0.634520752808001 2.10811868144987 15.25
1566 11879.3852491168 11879.3852491168 0.634520752808001 2.10811868144987 15.25
1567 11880.79383403 11880.79383403 0.634520752808001 2.10811868144987 15.25
1568 11882.2026083055 11882.2026083055 0.634520752808001 2.10811868144987 15.25
1569 11883.6115718759 11883.6115718759 0.634520752808001 2.10811868144987 15.25
1570 11885.020724674 11885.020724674 0.634520752808001 2.10811868144987 15.25
1571 11886.4300666323 11886.4300666323 0.634520752808001 2.10811868144987 15.25
1572 11887.8395976835 11887.8395976835 0.634520752808001 2.10811868144987 15.25
1573 11889.2493177611 11889.2493177611 0.634520752808001 2.10811868144987 15.25
1574 11890.6592267966 11890.6592267966 0.634520752808001 2.10811868144987 15.25
1575 11892.0693247237 11892.0693247237 0.634520752808001 2.10811868144987 15.25
1576 11893.4796114727 11893.4796114727 0.634520752808001 2.10811868144987 15.25
1577 11894.8900869787 11894.8900869787 0.634520752808001 2.10811868144987 15.25
1578 11896.3007511681 11896.3007511681 0.634520752808001 2.10811868144987 15.25
1579 11897.7116039692 11897.7116039692 0.634520752808001 2.10811868144987 15.25
1580 11899.122645326 11899.122645326 0.634520752808001 2.10811868144987 15.25
1581 11900.5338751714 11900.5338751714 0.634520752808001 2.10811868144987 15.25
1582 11901.9452934382 11901.9452934382 0.634520752808001 2.10811868144987 15.25
1583 11903.3569000596 11903.3569000596 0.634520752808001 2.10811868144987 15.25
1584 11904.7686949685 11904.7686949685 0.634520752808001 2.10811868144987 15.25
1585 11906.1806780979 11906.1806780979 0.634520752808001 2.10811868144987 15.25
1586 11907.5928493809 11907.5928493809 0.634520752808001 2.10811868144987 15.25
1587 11909.0052087483 11909.0052087483 0.634520752808001 2.10811868144987 15.25
1588 11910.4177561354 11910.4177561354 0.634520752808001 2.10811868144987 15.25
1589 11911.8304914754 11911.8304914754 0.634520752808001 2.10811868144987 15.25
1590 11913.2434147013 11913.2434147013 0.634520752808001 2.10811868144987 15.25
1591 11914.6565257464 11914.6565257464 0.634520752808001 2.10811868144987 15.25
1592 11916.0698245306 11916.0698245306 0.634520752808001 2.10811868144987 15.25
1593 11917.483310996 11917.483310996 0.634520752808001 2.10811868144987 15.25
1594 11918.8969850801 11918.8969850801 0.634520752808001 2.10811868144987 15.25
1595 11920.3108467161 11920.3108467161 0.634520752808001 2.10811868144987 15.25
1596 11921.7248958375 11921.7248958375 0.634520752808001 2.10811868144987 15.25
1597 11923.1391323771 11923.1391323771 0.634520752808001 2.10811868144987 15.25
1598 11924.5535562671 11924.5535562671 0.634520752808001 2.10811868144987 15.25
1599 11925.9681674419 11925.9681674419 0.634520752808001 2.10811868144987 15.25
1600 11927.382965835 11927.382965835 0.634520752808001 2.10811868144987 15.25
1601 11928.7979513803 11928.7979513803 0.634520752808001 2.10811868144987 15.25
1602 11930.2131240109 11930.2131240109 0.634520752808001 2.10811868144987 15.25
1603 11931.6284836603 11931.6284836603 0.634520752808001 2.10811868144987 15.25
1604 11933.044030262 11933.044030262 0.634520752808001 2.10811868144987 15.25
1605 11934.4597637473 11934.4597637473 0.634520752808001 2.10811868144987 15.25
1606 11935.875684031 11935.875684031 0.634520752808001 2.10811868144987 15.25
1607 11937.2917910528 11937.2917910528 0.634520752808001 2.10811868144987 15.25
1608 11938.7080847609 11938.7080847609 0.634520752808001 2.10811868144987 15.25
1609 11940.1245650889 11940.1245650889 0.634520752808001 2.10811868144987 15.25
1610 11941.5412319682 11941.5412319682 0.634520752808001 2.10811868144987 15.25
1611 11942.9580853345 11942.9580853345 0.634520752808001 2.10811868144987 15.25
1612 11944.3751251216 11944.3751251216 0.634520752808001 2.10811868144987 15.25
1613 11945.7923512631 11945.7923512631 0.634520752808001 2.10811868144987 15.25
1614 11947.2097636926 11947.2097636926 0.634520752808001 2.10811868144987 15.25
1615 11948.6273623438 11948.6273623438 0.634520752808001 2.10811868144987 15.25
1616 11950.0451471506 11950.0451471506 0.634520752808001 2.10811868144987 15.25
1617 11951.4631180466 11951.4631180466 0.634520752808001 2.10811868144987 15.25
1618 11952.8812749656 11952.8812749656 0.634520752808001 2.10811868144987 15.25
1619 11954.2996178327 11954.2996178327 0.634520752808001 2.10811868144987 15.25
1620 11955.7181465816 11955.7181465816 0.634520752808001 2.10811868144987 15.25
1621 11957.1368611528 11957.1368611528 0.634520752808001 2.10811868144987 15.25
1622 11958.5557614824 11958.5557614824 0.634520752808001 2.10811868144987 15.25
1623 11959.9748475041 11959.9748475041 0.634520752808001 2.10811868144987 15.25
1624 11961.394119152 11961.394119152 0.634520752808001 2.10811868144987 15.25
1625 11962.8135763599 11962.8135763599 0.634520752808001 2.10811868144987 15.25
1626 11964.2332190619 11964.2332190619 0.634520752808001 2.10811868144987 15.25
1627 11965.6530471916 11965.6530471916 0.634520752808001 2.10811868144987 15.25
1628 11967.0730606838 11967.0730606838 0.634520752808001 2.10811868144987 15.25
1629 11968.4932594715 11968.4932594715 0.634520752808001 2.10811868144987 15.25
1630 11969.9136434897 11969.9136434897 0.634520752808001 2.10811868144987 15.25
1631 11971.334212672 11971.334212672 0.634520752808001 2.10811868144987 15.25
1632 11972.75496695 11972.75496695 0.634520752808001 2.10811868144987 15.25
1633 11974.1759062473 11974.1759062473 0.634520752808001 2.10811868144987 15.25
1634 11975.5970305067 11975.5970305067 0.634520752808001 2.10811868144987 15.25
1635 11977.0183396668 11977.0183396668 0.634520752808001 2.10811868144987 15.25
1636 11978.4398336617 11978.4398336617 0.634520752808001 2.10811868144987 15.25
1637 11979.8615124255 11979.8615124255 0.634520752808001 2.10811868144987 15.25
1638 11981.2833758926 11981.2833758926 0.634520752808001 2.10811868144987 15.25
1639 11982.7054239972 11982.7054239972 0.634520752808001 2.10811868144987 15.25
1640 11984.1276566736 11984.1276566736 0.634520752808001 2.10811868144987 15.25
1641 11985.550073856 11985.550073856 0.634520752808001 2.10811868144987 15.25
1642 11986.9726754788 11986.9726754788 0.634520752808001 2.10811868144987 15.25
1643 11988.3954614741 11988.3954614741 0.634520752808001 2.10811868144987 15.25
1644 11989.8184317785 11989.8184317785 0.634520752808001 2.10811868144987 15.25
1645 11991.2415863263 11991.2415863263 0.634520752808001 2.10811868144987 15.25
1646 11992.6649250498 11992.6649250498 0.634520752808001 2.10811868144987 15.25
1647 11994.0884478703 11994.0884478703 0.634520752808001 2.10811868144987 15.25
1648 11995.5121547375 11995.5121547375 0.634520752808001 2.10811868144987 15.25
1649 11996.936045586 11996.936045586 0.634520752808001 2.10811868144987 15.25
1650 11998.3601203468 11998.3601203468 0.634520752808001 2.10811868144987 15.25
1651 11999.7843789416 11999.7843789416 0.634520752808001 2.10811868144987 15.25
1652 12001.2088213212 12001.2088213212 0.634520752808001 2.10811868144987 15.25
1653 12002.6334474201 12002.6334474201 0.634520752808001 2.10811868144987 15.25
1654 12004.058257173 12004.058257173 0.634520752808001 2.10811868144987 15.25
1655 12005.4832505123 12005.4832505123 0.634520752808001 2.10811868144987 15.25
1656 12006.9084273748 12006.9084273748 0.634520752808001 2.10811868144987 15.25
1657 12008.3337876952 12008.3337876952 0.634520752808001 2.10811868144987 15.25
1658 12009.7593314082 12009.7593314082 0.634520752808001 2.10811868144987 15.25
1659 12011.1850584484 12011.1850584484 0.634520752808001 2.10811868144987 15.25
1660 12012.6109687418 12012.6109687418 0.634520752808001 2.10811868144987 15.25
1661 12014.0370622231 12014.0370622231 0.634520752808001 2.10811868144987 15.25
1662 12015.463338836 12015.463338836 0.634520752808001 2.10811868144987 15.25
1663 12016.8897985151 12016.8897985151 0.634520752808001 2.10811868144987 15.25
1664 12018.3164411954 12018.3164411954 0.634520752808001 2.10811868144987 15.25
1665 12019.7432668115 12019.7432668115 0.634520752808001 2.10811868144987 15.25
1666 12021.1702752985 12021.1702752985 0.634520752808001 2.10811868144987 15.25
1667 12022.597466589 12022.597466589 0.634520752808001 2.10811868144987 15.25
1668 12024.0248406201 12024.0248406201 0.634520752808001 2.10811868144987 15.25
1669 12025.4523973267 12025.4523973267 0.634520752808001 2.10811868144987 15.25
1670 12026.8801366438 12026.8801366438 0.634520752808001 2.10811868144987 15.25
1671 12028.3080585063 12028.3080585063 0.634520752808001 2.10811868144987 15.25
1672 12029.7361628492 12029.7361628492 0.634520752808001 2.10811868144987 15.25
1673 12031.1644496076 12031.1644496076 0.634520752808001 2.10811868144987 15.25
1674 12032.5929187012 12032.5929187012 0.634520752808001 2.10811868144987 15.25
1675 12034.0215700781 12034.0215700781 0.634520752808001 2.10811868144987 15.25
1676 12035.4504036757 12035.4504036757 0.634520752808001 2.10811868144987 15.25
1677 12036.879419429 12036.879419429 0.634520752808001 2.10811868144987 15.25
1678 12038.3086172711 12038.3086172711 0.634520752808001 2.10811868144987 15.25
1679 12039.7379971391 12039.7379971391 0.634520752808001 2.10811868144987 15.25
1680 12041.1675589684 12041.1675589684 0.634520752808001 2.10811868144987 15.25
1681 12042.5973026942 12042.5973026942 0.634520752808001 2.10811868144987 15.25
1682 12044.0272282515 12044.0272282515 0.634520752808001 2.10811868144987 15.25
1683 12045.4573355757 12045.4573355757 0.634520752808001 2.10811868144987 15.25
1684 12046.8876246021 12046.8876246021 0.634520752808001 2.10811868144987 15.25
1685 12048.318095266 12048.318095266 0.634520752808001 2.10811868144987 15.25
1686 12049.7487475026 12049.7487475026 0.634520752808001 2.10811868144987 15.25
1687 12051.1795812428 12051.1795812428 0.634520752808001 2.10811868144987 15.25
1688 12052.6105964134 12052.6105964134 0.634520752808001 2.10811868144987 15.25
1689 12054.0417929628 12054.0417929628 0.634520752808001 2.10811868144987 15.25
1690 12055.4731708242 12055.4731708242 0.634520752808001 2.10811868144987 15.25
1691 12056.9047299352 12056.9047299352 0.634520752808001 2.10811868144987 15.25
1692 12058.3364702314 12058.3364702314 0.634520752808001 2.10811868144987 15.25
1693 12059.7683916481 12059.7683916481 0.634520752808001 2.10811868144987 15.25
1694 12061.2004941195 12061.2004941195 0.634520752808001 2.10811868144987 15.25
1695 12062.6327775645 12062.6327775645 0.634520752808001 2.10811868144987 15.25
1696 12064.0652419366 12064.0652419366 0.634520752808001 2.10811868144987 15.25
1697 12065.4978871714 12065.4978871714 0.634520752808001 2.10811868144987 15.25
1698 12066.9307132045 12066.9307132045 0.634520752808001 2.10811868144987 15.25
1699 12068.3637199714 12068.3637199714 0.634520752808001 2.10811868144987 15.25
1700 12069.7969074078 12069.7969074078 0.634520752808001 2.10811868144987 15.25
1701 12071.2302754384 12071.2302754384 0.634520752808001 2.10811868144987 15.25
1702 12072.663824001 12072.663824001 0.634520752808001 2.10811868144987 15.25
1703 12074.0975530401 12074.0975530401 0.634520752808001 2.10811868144987 15.25
1704 12075.5314624915 12075.5314624915 0.634520752808001 2.10811868144987 15.25
1705 12076.965552291 12076.965552291 0.634520752808001 2.10811868144987 15.25
1706 12078.3998223738 12078.3998223738 0.634520752808001 2.10811868144987 15.25
1707 12079.8342726763 12079.8342726763 0.634520752808001 2.10811868144987 15.25
1708 12081.2689031341 12081.2689031341 0.634520752808001 2.10811868144987 15.25
1709 12082.7037136831 12082.7037136831 0.634520752808001 2.10811868144987 15.25
1710 12084.1387042591 12084.1387042591 0.634520752808001 2.10811868144987 15.25
1711 12085.5738747979 12085.5738747979 0.634520752808001 2.10811868144987 15.25
1712 12087.0092252354 12087.0092252354 0.634520752808001 2.10811868144987 15.25
1713 12088.4447555055 12088.4447555055 0.634520752808001 2.10811868144987 15.25
1714 12089.8804655462 12089.8804655462 0.634520752808001 2.10811868144987 15.25
1715 12091.316355278 12091.316355278 0.634520752808001 2.10811868144987 15.25
1716 12092.7524246503 12092.7524246503 0.634520752808001 2.10811868144987 15.25
1717 12094.1886736011 12094.1886736011 0.634520752808001 2.10811868144987 15.25
1718 12095.6251020665 12095.6251020665 0.634520752808001 2.10811868144987 15.25
1719 12097.0617099825 12097.0617099825 0.634520752808001 2.10811868144987 15.25
1720 12098.4984972851 12098.4984972851 0.634520752808001 2.10811868144987 15.25
1721 12099.9354639109 12099.9354639109 0.634520752808001 2.10811868144987 15.25
1722 12101.3726097955 12101.3726097955 0.634520752808001 2.10811868144987 15.25
1723 12102.8099348751 12102.8099348751 0.634520752808001 2.10811868144987 15.25
1724 12104.247439086 12104.247439086 0.634520752808001 2.10811868144987 15.25
1725 12105.6851223621 12105.6851223621 0.634520752808001 2.10811868144987 15.25
1726 12107.1229846419 12107.1229846419 0.634520752808001 2.10811868144987 15.25
1727 12108.5610258616 12108.5610258616 0.634520752808001 2.10811868144987 15.25
1728 12109.999245953 12109.999245953 0.634520752808001 2.10811868144987 15.25
1729 12111.4376448436 12111.4376448436 0.634520752808001 2.10811868144987 15.25
1730 12112.8762224829 12112.8762224829 0.634520752808001 2.10811868144987 15.25
1731 12114.3149788072 12114.3149788072 0.634520752808001 2.10811868144987 15.25
1732 12115.7539137529 12115.7539137529 0.634520752808001 2.10811868144987 15.25
1733 12117.1930272566 12117.1930272566 0.634520752808001 2.10811868144987 15.25
1734 12118.632319254 12118.632319254 0.634520752808001 2.10811868144987 15.25
1735 12120.0717896819 12120.0717896819 0.634520752808001 2.10811868144987 15.25
1736 12121.5114384771 12121.5114384771 0.634520752808001 2.10811868144987 15.25
1737 12122.9512655734 12122.9512655734 0.634520752808001 2.10811868144987 15.25
1738 12124.3912709096 12124.3912709096 0.634520752808001 2.10811868144987 15.25
1739 12125.831454404 12125.831454404 0.634520752808001 2.10811868144987 15.25
1740 12127.2718160104 12127.2718160104 0.634520752808001 2.10811868144987 15.25
1741 12128.7123556664 12128.7123556664 0.634520752808001 2.10811868144987 15.25
1742 12130.1530732975 12130.1530732975 0.634520752808001 2.10811868144987 15.25
1743 12131.5939688446 12131.5939688446 0.634520752808001 2.10811868144987 15.25
1744 12133.035042251 12133.035042251 0.634520752808001 2.10811868144987 15.25
1745 12134.4762934532 12134.4762934532 0.634520752808001 2.10811868144987 15.25
1746 12135.917722388 12135.917722388 0.634520752808001 2.10811868144987 15.25
1747 12137.359328992 12137.359328992 0.634520752808001 2.10811868144987 15.25
1748 12138.8011132019 12138.8011132019 0.634520752808001 2.10811868144987 15.25
1749 12140.2430749544 12140.2430749544 0.634520752808001 2.10811868144987 15.25
1750 12141.6852141841 12141.6852141841 0.634520752808001 2.10811868144987 15.25
1751 12143.1275308299 12143.1275308299 0.634520752808001 2.10811868144987 15.25
1752 12144.5700248287 12144.5700248287 0.634520752808001 2.10811868144987 15.25
1753 12146.0126961172 12146.0126961172 0.634520752808001 2.10811868144987 15.25
1754 12147.4555446323 12147.4555446323 0.634520752808001 2.10811868144987 15.25
1755 12148.8985703109 12148.8985703109 0.634520752808001 2.10811868144987 15.25
1756 12150.3417730719 12150.3417730719 0.634520752808001 2.10811868144987 15.25
1757 12151.7851528706 12151.7851528706 0.634520752808001 2.10811868144987 15.25
1758 12153.2287096432 12153.2287096432 0.634520752808001 2.10811868144987 15.25
1759 12154.6724433268 12154.6724433268 0.634520752808001 2.10811868144987 15.25
1760 12156.1163538586 12156.1163538586 0.634520752808001 2.10811868144987 15.25
1761 12157.5604411753 12157.5604411753 0.634520752808001 2.10811868144987 15.25
1762 12159.0047052119 12159.0047052119 0.634520752808001 2.10811868144987 15.25
1763 12160.4491459076 12160.4491459076 0.634520752808001 2.10811868144987 15.25
1764 12161.8937631994 12161.8937631994 0.634520752808001 2.10811868144987 15.25
1765 12163.3385570244 12163.3385570244 0.634520752808001 2.10811868144987 15.25
1766 12164.7835273198 12164.7835273198 0.634520752808001 2.10811868144987 15.25
1767 12166.2286740226 12166.2286740226 0.634520752808001 2.10811868144987 15.25
1768 12167.6739970699 12167.6739970699 0.634520752808001 2.10811868144987 15.25
1769 12169.1194963924 12169.1194963924 0.634520752808001 2.10811868144987 15.25
1770 12170.5651719229 12170.5651719229 0.634520752808001 2.10811868144987 15.25
1771 12172.0110236095 12172.0110236095 0.634520752808001 2.10811868144987 15.25
1772 12173.4570513896 12173.4570513896 0.634520752808001 2.10811868144987 15.25
1773 12174.9032551998 12174.9032551998 0.634520752808001 2.10811868144987 15.25
1774 12176.3496349763 12176.3496349763 0.634520752808001 2.10811868144987 15.25
1775 12177.7961906579 12177.7961906579 0.634520752808001 2.10811868144987 15.25
1776 12179.242922182 12179.242922182 0.634520752808001 2.10811868144987 15.25
1777 12180.6898294859 12180.6898294859 0.634520752808001 2.10811868144987 15.25
1778 12182.1369125071 12182.1369125071 0.634520752808001 2.10811868144987 15.25
1779 12183.584171183 12183.584171183 0.634520752808001 2.10811868144987 15.25
1780 12185.0316054509 12185.0316054509 0.634520752808001 2.10811868144987 15.25
1781 12186.4792152482 12186.4792152482 0.634520752808001 2.10811868144987 15.25
1782 12187.9270005125 12187.9270005125 0.634520752808001 2.10811868144987 15.25
1783 12189.3749611519 12189.3749611519 0.634520752808001 2.10811868144987 15.25
1784 12190.8230971263 12190.8230971263 0.634520752808001 2.10811868144987 15.25
1785 12192.2714083802 12192.2714083802 0.634520752808001 2.10811868144987 15.25
1786 12193.7198948511 12193.7198948511 0.634520752808001 2.10811868144987 15.25
1787 12195.1685564743 12195.1685564743 0.634520752808001 2.10811868144987 15.25
1788 12196.6173931897 12196.6173931897 0.634520752808001 2.10811868144987 15.25
1789 12198.066404935 12198.066404935 0.634520752808001 2.10811868144987 15.25
1790 12199.5155916474 12199.5155916474 0.634520752808001 2.10811868144987 15.25
1791 12200.9649532649 12200.9649532649 0.634520752808001 2.10811868144987 15.25
1792 12202.4144897252 12202.4144897252 0.634520752808001 2.10811868144987 15.25
1793 12203.8642009659 12203.8642009659 0.634520752808001 2.10811868144987 15.25
1794 12205.3140869248 12205.3140869248 0.634520752808001 2.10811868144987 15.25
1795 12206.7641475395 12206.7641475395 0.634520752808001 2.10811868144987 15.25
1796 12208.2143827457 12208.2143827457 0.634520752808001 2.10811868144987 15.25
1797 12209.6647924678 12209.6647924678 0.634520752808001 2.10811868144987 15.25
1798 12211.1153766593 12211.1153766593 0.634520752808001 2.10811868144987 15.25
1799 12212.5661352555 12212.5661352555 0.634520752808001 2.10811868144987 15.25
1800 12214.0170681967 12214.0170681967 0.634520752808001 2.10811868144987 15.25
1801 12215.4681754209 12215.4681754209 0.634520752808001 2.10811868144987 15.25
1802 12216.9194568655 12216.9194568655 0.634520752808001 2.10811868144987 15.25
1803 12218.3709124688 12218.3709124688 0.634520752808001 2.10811868144987 15.25
1804 12219.8225421686 12219.8225421686 0.634520752808001 2.10811868144987 15.25
1805 12221.274345903 12221.274345903 0.634520752808001 2.10811868144987 15.25
1806 12222.7263236099 12222.7263236099 0.634520752808001 2.10811868144987 15.25
1807 12224.1784752273 12224.1784752273 0.634520752808001 2.10811868144987 15.25
1808 12225.6308006933 12225.6308006933 0.634520752808001 2.10811868144987 15.25
1809 12227.0832999458 12227.0832999458 0.634520752808001 2.10811868144987 15.25
1810 12228.5359729142 12228.5359729142 0.634520752808001 2.10811868144987 15.25
1811 12229.9888195365 12229.9888195365 0.634520752808001 2.10811868144987 15.25
1812 12231.4418397575 12231.4418397575 0.634520752808001 2.10811868144987 15.25
1813 12232.8950335177 12232.8950335177 0.634520752808001 2.10811868144987 15.25
1814 12234.3484007547 12234.3484007547 0.634520752808001 2.10811868144987 15.25
1815 12235.8019414072 12235.8019414072 0.634520752808001 2.10811868144987 15.25
1816 12237.2556554134 12237.2556554134 0.634520752808001 2.10811868144987 15.25
1817 12238.7095427113 12238.7095427113 0.634520752808001 2.10811868144987 15.25
1818 12240.1636032392 12240.1636032392 0.634520752808001 2.10811868144987 15.25
1819 12241.6178369355 12241.6178369355 0.634520752808001 2.10811868144987 15.25
1820 12243.0722437384 12243.0722437384 0.634520752808001 2.10811868144987 15.25
1821 12244.5268235861 12244.5268235861 0.634520752808001 2.10811868144987 15.25
1822 12245.9815764172 12245.9815764172 0.634520752808001 2.10811868144987 15.25
1823 12247.4365021677 12247.4365021677 0.634520752808001 2.10811868144987 15.25
1824 12248.8916007649 12248.8916007649 0.634520752808001 2.10811868144987 15.25
1825 12250.3468721559 12250.3468721559 0.634520752808001 2.10811868144987 15.25
1826 12251.8023162842 12251.8023162842 0.634520752808001 2.10811868144987 15.25
1827 12253.2579330736 12253.2579330736 0.634520752808001 2.10811868144987 15.25
1828 12254.7137224725 12254.7137224725 0.634520752808001 2.10811868144987 15.25
1829 12256.1696844236 12256.1696844236 0.634520752808001 2.10811868144987 15.25
1830 12257.6258188655 12257.6258188655 0.634520752808001 2.10811868144987 15.25
1831 12259.0821257366 12259.0821257366 0.634520752808001 2.10811868144987 15.25
1832 12260.5386049756 12260.5386049756 0.634520752808001 2.10811868144987 15.25
1833 12261.9952565211 12261.9952565211 0.634520752808001 2.10811868144987 15.25
1834 12263.4520803117 12263.4520803117 0.634520752808001 2.10811868144987 15.25
1835 12264.9090762857 12264.9090762857 0.634520752808001 2.10811868144987 15.25
1836 12266.3662443799 12266.3662443799 0.634520752808001 2.10811868144987 15.25
1837 12267.8235845329 12267.8235845329 0.634520752808001 2.10811868144987 15.25
1838 12269.2810966701 12269.2810966701 0.634520752808001 2.10811868144987 15.25
1839 12270.7387807457 12270.7387807457 0.634520752808001 2.10811868144987 15.25
1840 12272.1966366983 12272.1966366983 0.634520752808001 2.10811868144987 15.25
1841 12273.6546644668 12273.6546644668 0.634520752808001 2.10811868144987 15.25
1842 12275.11286399 12275.11286399 0.634520752808001 2.10811868144987 15.25
1843 12276.5712352065 12276.5712352065 0.634520752808001 2.10811868144987 15.25
1844 12278.0297780553 12278.0297780553 0.634520752808001 2.10811868144987 15.25
1845 12279.4884924752 12279.4884924752 0.634520752808001 2.10811868144987 15.25
1846 12280.947378405 12280.947378405 0.634520752808001 2.10811868144987 15.25
1847 12282.4064357837 12282.4064357837 0.634520752808001 2.10811868144987 15.25
1848 12283.8656645501 12283.8656645501 0.634520752808001 2.10811868144987 15.25
1849 12285.325064641 12285.325064641 0.634520752808001 2.10811868144987 15.25
1850 12286.7846359975 12286.7846359975 0.634520752808001 2.10811868144987 15.25
1851 12288.2443785497 12288.2443785497 0.634520752808001 2.10811868144987 15.25
1852 12289.7042922367 12289.7042922367 0.634520752808001 2.10811868144987 15.25
1853 12291.1643770061 12291.1643770061 0.634520752808001 2.10811868144987 15.25
1854 12292.6246327975 12292.6246327975 0.634520752808001 2.10811868144987 15.25
1855 12294.0850595495 12294.0850595495 0.634520752808001 2.10811868144987 15.25
1856 12295.5456572012 12295.5456572012 0.634520752808001 2.10811868144987 15.25
1857 12297.0064256918 12297.0064256918 0.634520752808001 2.10811868144987 15.25
1858 12298.4673649604 12298.4673649604 0.634520752808001 2.10811868144987 15.25
1859 12299.9284749461 12299.9284749461 0.634520752808001 2.10811868144987 15.25
1860 12301.3897555882 12301.3897555882 0.634520752808001 2.10811868144987 15.25
1861 12302.8512068258 12302.8512068258 0.634520752808001 2.10811868144987 15.25
1862 12304.3128285957 12304.3128285957 0.634520752808001 2.10811868144987 15.25
1863 12305.77462084 12305.77462084 0.634520752808001 2.10811868144987 15.25
1864 12307.2365834973 12307.2365834973 0.634520752808001 2.10811868144987 15.25
1865 12308.6987164916 12308.6987164916 0.634520752808001 2.10811868144987 15.25
1866 12310.1610197755 12310.1610197755 0.634520752808001 2.10811868144987 15.25
1867 12311.6234932906 12311.6234932906 0.634520752808001 2.10811868144987 15.25
1868 12313.0861369761 12313.0861369761 0.634520752808001 2.10811868144987 15.25
1869 12314.5489507714 12314.5489507714 0.634520752808001 2.10811868144987 15.25
1870 12316.0119346159 12316.0119346159 0.634520752808001 2.10811868144987 15.25
1871 12317.4750884373 12317.4750884373 0.634520752808001 2.10811868144987 15.25
1872 12318.9384121806 12318.9384121806 0.634520752808001 2.10811868144987 15.25
1873 12320.4019057914 12320.4019057914 0.634520752808001 2.10811868144987 15.25
1874 12321.8655692094 12321.8655692094 0.634520752808001 2.10811868144987 15.25
1875 12323.3294023713 12323.3294023713 0.634520752808001 2.10811868144987 15.25
1876 12324.7934052194 12324.7934052194 0.634520752808001 2.10811868144987 15.25
1877 12326.2575776931 12326.2575776931 0.634520752808001 2.10811868144987 15.25
1878 12327.7219197274 12327.7219197274 0.634520752808001 2.10811868144987 15.25
1879 12329.1864312532 12329.1864312532 0.634520752808001 2.10811868144987 15.25
1880 12330.6511122232 12330.6511122232 0.634520752808001 2.10811868144987 15.25
1881 12332.1159625772 12332.1159625772 0.634520752808001 2.10811868144987 15.25
1882 12333.5809822545 12333.5809822545 0.634520752808001 2.10811868144987 15.25
1883 12335.0461711954 12335.0461711954 0.634520752808001 2.10811868144987 15.25
1884 12336.5115293391 12336.5115293391 0.634520752808001 2.10811868144987 15.25
1885 12337.9770566254 12337.9770566254 0.634520752808001 2.10811868144987 15.25
1886 12339.442752994 12339.442752994 0.634520752808001 2.10811868144987 15.25
1887 12340.9086183848 12340.9086183848 0.634520752808001 2.10811868144987 15.25
1888 12342.3746527353 12342.3746527353 0.634520752808001 2.10811868144987 15.25
1889 12343.8408559874 12343.8408559874 0.634520752808001 2.10811868144987 15.25
1890 12345.3072280811 12345.3072280811 0.634520752808001 2.10811868144987 15.25
1891 12346.7737689562 12346.7737689562 0.634520752808001 2.10811868144987 15.25
1892 12348.2404785414 12348.2404785414 0.634520752808001 2.10811868144987 15.25
1893 12349.7073567813 12349.7073567813 0.634520752808001 2.10811868144987 15.25
1894 12351.1744036218 12351.1744036218 0.634520752808001 2.10811868144987 15.25
1895 12352.6416190035 12352.6416190035 0.634520752808001 2.10811868144987 15.25
1896 12354.109002866 12354.109002866 0.634520752808001 2.10811868144987 15.25
1897 12355.5765551495 12355.5765551495 0.634520752808001 2.10811868144987 15.25
1898 12357.0442757938 12357.0442757938 0.634520752808001 2.10811868144987 15.25
1899 12358.5121647389 12358.5121647389 0.634520752808001 2.10811868144987 15.25
1900 12359.980221925 12359.980221925 0.634520752808001 2.10811868144987 15.25
1901 12361.4484472899 12361.4484472899 0.634520752808001 2.10811868144987 15.25
1902 12362.9168407758 12362.9168407758 0.634520752808001 2.10811868144987 15.25
1903 12364.3854023229 12364.3854023229 0.634520752808001 2.10811868144987 15.25
1904 12365.8541318714 12365.8541318714 0.634520752808001 2.10811868144987 15.25
1905 12367.323029361 12367.323029361 0.634520752808001 2.10811868144987 15.25
1906 12368.7920947147 12368.7920947147 0.634520752808001 2.10811868144987 15.25
1907 12370.2613278901 12370.2613278901 0.634520752808001 2.10811868144987 15.25
1908 12371.7307288276 12371.7307288276 0.634520752808001 2.10811868144987 15.25
1909 12373.2002974672 12373.2002974672 0.634520752808001 2.10811868144987 15.25
1910 12374.6700337494 12374.6700337494 0.634520752808001 2.10811868144987 15.25
1911 12376.1399376143 12376.1399376143 0.634520752808001 2.10811868144987 15.25
1912 12377.610009002 12377.610009002 0.634520752808001 2.10811868144987 15.25
1913 12379.0802478535 12379.0802478535 0.634520752808001 2.10811868144987 15.25
1914 12380.5506541063 12380.5506541063 0.634520752808001 2.10811868144987 15.25
1915 12382.0212276934 12382.0212276934 0.634520752808001 2.10811868144987 15.25
1916 12383.4919685572 12383.4919685572 0.634520752808001 2.10811868144987 15.25
1917 12384.9628766458 12384.9628766458 0.634520752808001 2.10811868144987 15.25
1918 12386.4339518998 12386.4339518998 0.634520752808001 2.10811868144987 15.25
1919 12387.9051942528 12387.9051942528 0.634520752808001 2.10811868144987 15.25
1920 12389.376603641 12389.376603641 0.634520752808001 2.10811868144987 15.25
1921 12390.8481800157 12390.8481800157 0.634520752808001 2.10811868144987 15.25
1922 12392.319923318 12392.319923318 0.634520752808001 2.10811868144987 15.25
1923 12393.7918334879 12393.7918334879 0.634520752808001 2.10811868144987 15.25
1924 12395.263910466 12395.263910466 0.634520752808001 2.10811868144987 15.25
1925 12396.736154193 12396.736154193 0.634520752808001 2.10811868144987 15.25
1926 12398.2085646095 12398.2085646095 0.634520752808001 2.10811868144987 15.25
1927 12399.6811416562 12399.6811416562 0.634520752808001 2.10811868144987 15.25
1928 12401.1538852712 12401.1538852712 0.634520752808001 2.10811868144987 15.25
1929 12402.6267953976 12402.6267953976 0.634520752808001 2.10811868144987 15.25
1930 12404.0998719762 12404.0998719762 0.634520752808001 2.10811868144987 15.25
1931 12405.5731149475 12405.5731149475 0.634520752808001 2.10811868144987 15.25
1932 12407.0465242524 12407.0465242524 0.634520752808001 2.10811868144987 15.25
1933 12408.5200998182 12408.5200998182 0.634520752808001 2.10811868144987 15.25
1934 12409.9938415946 12409.9938415946 0.634520752808001 2.10811868144987 15.25
1935 12411.4677495268 12411.4677495268 0.634520752808001 2.10811868144987 15.25
1936 12412.9418235557 12412.9418235557 0.634520752808001 2.10811868144987 15.25
1937 12414.416063622 12414.416063622 0.634520752808001 2.10811868144987 15.25
1938 12415.8904696666 12415.8904696666 0.634520752808001 2.10811868144987 15.25
1939 12417.3650416305 12417.3650416305 0.634520752808001 2.10811868144987 15.25
1940 12418.8397794542 12418.8397794542 0.634520752808001 2.10811868144987 15.25
1941 12420.3146830771 12420.3146830771 0.634520752808001 2.10811868144987 15.25
1942 12421.7897524417 12421.7897524417 0.634520752808001 2.10811868144987 15.25
1943 12423.2649874893 12423.2649874893 0.634520752808001 2.10811868144987 15.25
1944 12424.7403881608 12424.7403881608 0.634520752808001 2.10811868144987 15.25
1945 12426.2159543971 12426.2159543971 0.634520752808001 2.10811868144987 15.25
1946 12427.6916861374 12427.6916861374 0.634520752808001 2.10811868144987 15.25
1947 12429.1675833088 12429.1675833088 0.634520752808001 2.10811868144987 15.25
1948 12430.6436458684 12430.6436458684 0.634520752808001 2.10811868144987 15.25
1949 12432.1198737571 12432.1198737571 0.634520752808001 2.10811868144987 15.25
1950 12433.5962669161 12433.5962669161 0.634520752808001 2.10811868144987 15.25
1951 12435.0728252865 12435.0728252865 0.634520752808001 2.10811868144987 15.25
1952 12436.5495488094 12436.5495488094 0.634520752808001 2.10811868144987 15.25
1953 12438.026437426 12438.026437426 0.634520752808001 2.10811868144987 15.25
1954 12439.5034910775 12439.5034910775 0.634520752808001 2.10811868144987 15.25
1955 12440.980709703 12440.980709703 0.634520752808001 2.10811868144987 15.25
1956 12442.4580932458 12442.4580932458 0.634520752808001 2.10811868144987 15.25
1957 12443.9356416472 12443.9356416472 0.634520752808001 2.10811868144987 15.25
1958 12445.4133548485 12445.4133548485 0.634520752808001 2.10811868144987 15.25
1959 12446.8912327832 12446.8912327832 0.634520752808001 2.10811868144987 15.25
1960 12448.3692753823 12448.3692753823 0.634520752808001 2.10811868144987 15.25
1961 12449.8474825964 12449.8474825964 0.634520752808001 2.10811868144987 15.25
1962 12451.3258543758 12451.3258543758 0.634520752808001 2.10811868144987 15.25
1963 12452.8043906618 12452.8043906618 0.634520752808001 2.10811868144987 15.25
1964 12454.283091396 12454.283091396 0.634520752808001 2.10811868144987 15.25
1965 12455.7619565196 12455.7619565196 0.634520752808001 2.10811868144987 15.25
1966 12457.2409859744 12457.2409859744 0.634520752808001 2.10811868144987 15.25
1967 12458.7201797012 12458.7201797012 0.634520752808001 2.10811868144987 15.25
1968 12460.1995376422 12460.1995376422 0.634520752808001 2.10811868144987 15.25
1969 12461.6790597362 12461.6790597362 0.634520752808001 2.10811868144987 15.25
1970 12463.1587459275 12463.1587459275 0.634520752808001 2.10811868144987 15.25
1971 12464.6385961573 12464.6385961573 0.634520752808001 2.10811868144987 15.25
1972 12466.1186103671 12466.1186103671 0.634520752808001 2.10811868144987 15.25
1973 12467.5987884987 12467.5987884987 0.634520752808001 2.10811868144987 15.25
1974 12469.0791304781 12469.0791304781 0.634520752808001 2.10811868144987 15.25
1975 12470.5596362603 12470.5596362603 0.634520752808001 2.10811868144987 15.25
1976 12472.0403057892 12472.0403057892 0.634520752808001 2.10811868144987 15.25
1977 12473.5211390064 12473.5211390064 0.634520752808001 2.10811868144987 15.25
1978 12475.0021358536 12475.0021358536 0.634520752808001 2.10811868144987 15.25
1979 12476.4832962727 12476.4832962727 0.634520752808001 2.10811868144987 15.25
1980 12477.9646202053 12477.9646202053 0.634520752808001 2.10811868144987 15.25
1981 12479.4461075932 12479.4461075932 0.634520752808001 2.10811868144987 15.25
1982 12480.9277583782 12480.9277583782 0.634520752808001 2.10811868144987 15.25
1983 12482.4095725 12482.4095725 0.634520752808001 2.10811868144987 15.25
1984 12483.8915499025 12483.8915499025 0.634520752808001 2.10811868144987 15.25
1985 12485.3736905276 12485.3736905276 0.634520752808001 2.10811868144987 15.25
1986 12486.8559943172 12486.8559943172 0.634520752808001 2.10811868144987 15.25
1987 12488.3384612087 12488.3384612087 0.634520752808001 2.10811868144987 15.25
1988 12489.8210911354 12489.8210911354 0.634520752808001 2.10811868144987 15.25
1989 12491.3038840521 12491.3038840521 0.634520752808001 2.10811868144987 15.25
1990 12492.7868399011 12492.7868399011 0.634520752808001 2.10811868144987 15.25
1991 12494.2699586242 12494.2699586242 0.634520752808001 2.10811868144987 15.25
1992 12495.7532401638 12495.7532401638 0.634520752808001 2.10811868144987 15.25
1993 12497.2366844615 12497.2366844615 0.634520752808001 2.10811868144987 15.25
1994 12498.7202914595 12498.7202914595 0.634520752808001 2.10811868144987 15.25
1995 12500.2040610998 12500.2040610998 0.634520752808001 2.10811868144987 15.25
1996 12501.6879933224 12501.6879933224 0.634520752808001 2.10811868144987 15.25
1997 12503.1720880715 12503.1720880715 0.634520752808001 2.10811868144987 15.25
1998 12504.6563452893 12504.6563452893 0.634520752808001 2.10811868144987 15.25
1999 12506.1407649179 12506.1407649179 0.634520752808001 2.10811868144987 15.25
2000 12507.6253468995 12507.6253468995 0.634520752808001 2.10811868144987 15.25
2001 12509.1100911653 12509.1100911653 0.634520752808001 2.10811868144987 15.25
2002 12510.5949976619 12510.5949976619 0.634520752808001 2.10811868144987 15.25
2003 12512.080066332 12512.080066332 0.634520752808001 2.10811868144987 15.25
2004 12513.5652971133 12513.5652971133 0.634520752808001 2.10811868144987 15.25
2005 12515.0506899588 12515.0506899588 0.634520752808001 2.10811868144987 15.25
2006 12516.5362448109 12516.5362448109 0.634520752808001 2.10811868144987 15.25
2007 12518.0219616118 12518.0219616118 0.634520752808001 2.10811868144987 15.25
2008 12519.5078403039 12519.5078403039 0.634520752808001 2.10811868144987 15.25
2009 12520.9938808295 12520.9938808295 0.634520752808001 2.10811868144987 15.25
2010 12522.4800831311 12522.4800831311 0.634520752808001 2.10811868144987 15.25
2011 12523.9664471488 12523.9664471488 0.634520752808001 2.10811868144987 15.25
2012 12525.4529728272 12525.4529728272 0.634520752808001 2.10811868144987 15.25
2013 12526.9396601089 12526.9396601089 0.634520752808001 2.10811868144987 15.25
2014 12528.4265089363 12528.4265089363 0.634520752808001 2.10811868144987 15.25
2015 12529.9135192342 12529.9135192342 0.634520752808001 2.10811868144987 15.25
2016 12531.4006909627 12531.4006909627 0.634520752808001 2.10811868144987 15.25
2017 12532.8880240645 12532.8880240645 0.634520752808001 2.10811868144987 15.25
2018 12534.375518482 12534.375518482 0.634520752808001 2.10811868144987 15.25
2019 12535.8631741579 12535.8631741579 0.634520752808001 2.10811868144987 15.25
2020 12537.3509910349 12537.3509910349 0.634520752808001 2.10811868144987 15.25
2021 12538.8389690552 12538.8389690552 0.634520752808001 2.10811868144987 15.25
2022 12540.3271081618 12540.3271081618 0.634520752808001 2.10811868144987 15.25
2023 12541.8154082973 12541.8154082973 0.634520752808001 2.10811868144987 15.25
2024 12543.3038694044 12543.3038694044 0.634520752808001 2.10811868144987 15.25
2025 12544.7924914236 12544.7924914236 0.634520752808001 2.10811868144987 15.25
2026 12546.2812742995 12546.2812742995 0.634520752808001 2.10811868144987 15.25
2027 12547.7702179753 12547.7702179753 0.634520752808001 2.10811868144987 15.25
2028 12549.2593223869 12549.2593223869 0.634520752808001 2.10811868144987 15.25
2029 12550.7485874727 12550.7485874727 0.634520752808001 2.10811868144987 15.25
2030 12552.2380131864 12552.2380131864 0.634520752808001 2.10811868144987 15.25
2031 12553.7275994713 12553.7275994713 0.634520752808001 2.10811868144987 15.25
2032 12555.2173462698 12555.2173462698 0.634520752808001 2.10811868144987 15.25
2033 12556.7072535249 12556.7072535249 0.634520752808001 2.10811868144987 15.25
2034 12558.1973211796 12558.1973211796 0.634520752808001 2.10811868144987 15.25
2035 12559.6875491766 12559.6875491766 0.634520752808001 2.10811868144987 15.25
2036 12561.177937459 12561.177937459 0.634520752808001 2.10811868144987 15.25
2037 12562.6684859698 12562.6684859698 0.634520752808001 2.10811868144987 15.25
2038 12564.1591946518 12564.1591946518 0.634520752808001 2.10811868144987 15.25
2039 12565.6500634458 12565.6500634458 0.634520752808001 2.10811868144987 15.25
2040 12567.1410922971 12567.1410922971 0.634520752808001 2.10811868144987 15.25
2041 12568.6322811488 12568.6322811488 0.634520752808001 2.10811868144987 15.25
2042 12570.1236299306 12570.1236299306 0.634520752808001 2.10811868144987 15.25
2043 12571.6151385943 12571.6151385943 0.634520752808001 2.10811868144987 15.25
2044 12573.1068070876 12573.1068070876 0.634520752808001 2.10811868144987 15.25
2045 12574.5986353536 12574.5986353536 0.634520752808001 2.10811868144987 15.25
2046 12576.0906233355 12576.0906233355 0.634520752808001 2.10811868144987 15.25
2047 12577.5827709722 12577.5827709722 0.634520752808001 2.10811868144987 15.25
2048 12579.0750781987 12579.0750781987 0.634520752808001 2.10811868144987 15.25
2049 12580.5675449706 12580.5675449706 0.634520752808001 2.10811868144987 15.25
2050 12582.0601712311 12582.0601712311 0.634520752808001 2.10811868144987 15.25
2051 12583.5529569234 12583.5529569234 0.634520752808001 2.10811868144987 15.25
2052 12585.0459019909 12585.0459019909 0.634520752808001 2.10811868144987 15.25
2053 12586.5390063746 12586.5390063746 0.634520752808001 2.10811868144987 15.25
2054 12588.0322700199 12588.0322700199 0.634520752808001 2.10811868144987 15.25
2055 12589.5256928683 12589.5256928683 0.634520752808001 2.10811868144987 15.25
2056 12591.0192748494 12591.0192748494 0.634520752808001 2.10811868144987 15.25
2057 12592.5130159223 12592.5130159223 0.634520752808001 2.10811868144987 15.25
2058 12594.0069160305 12594.0069160305 0.634520752808001 2.10811868144987 15.25
2059 12595.500975117 12595.500975117 0.634520752808001 2.10811868144987 15.25
2060 12596.9951931256 12596.9951931256 0.634520752808001 2.10811868144987 15.25
2061 12598.4895699997 12598.4895699997 0.634520752808001 2.10811868144987 15.25
2062 12599.9841056827 12599.9841056827 0.634520752808001 2.10811868144987 15.25
2063 12601.4788001182 12601.4788001182 0.634520752808001 2.10811868144987 15.25
2064 12602.9736532496 12602.9736532496 0.634520752808001 2.10811868144987 15.25
2065 12604.4686650206 12604.4686650206 0.634520752808001 2.10811868144987 15.25
2066 12605.9638353745 12605.9638353745 0.634520752808001 2.10811868144987 15.25
2067 12607.4591642551 12607.4591642551 0.634520752808001 2.10811868144987 15.25
2068 12608.9546516037 12608.9546516037 0.634520752808001 2.10811868144987 15.25
2069 12610.4502973571 12610.4502973571 0.634520752808001 2.10811868144987 15.25
2070 12611.9461014595 12611.9461014595 0.634520752808001 2.10811868144987 15.25
2071 12613.4420638628 12613.4420638628 0.634520752808001 2.10811868144987 15.25
2072 12614.938184511 12614.938184511 0.634520752808001 2.10811868144987 15.25
2073 12616.4344633478 12616.4344633478 0.634520752808001 2.10811868144987 15.25
2074 12617.9309003166 12617.9309003166 0.634520752808001 2.10811868144987 15.25
2075 12619.4274953616 12619.4274953616 0.634520752808001 2.10811868144987 15.25
2076 12620.9242484263 12620.9242484263 0.634520752808001 2.10811868144987 15.25
2077 12622.4211594546 12622.4211594546 0.634520752808001 2.10811868144987 15.25
2078 12623.9182283903 12623.9182283903 0.634520752808001 2.10811868144987 15.25
2079 12625.4154551771 12625.4154551771 0.634520752808001 2.10811868144987 15.25
2080 12626.912839759 12626.912839759 0.634520752808001 2.10811868144987 15.25
2081 12628.4103820799 12628.4103820799 0.634520752808001 2.10811868144987 15.25
2082 12629.9080820835 12629.9080820835 0.634520752808001 2.10811868144987 15.25
2083 12631.4059396961 12631.4059396961 0.634520752808001 2.10811868144987 15.25
2084 12632.9039548769 12632.9039548769 0.634520752808001 2.10811868144987 15.25
2085 12634.4021275726 12634.4021275726 0.634520752808001 2.10811868144987 15.25
2086 12635.9004577268 12635.9004577268 0.634520752808001 2.10811868144987 15.25
2087 12637.3989452835 12637.3989452835 0.634520752808001 2.10811868144987 15.25
2088 12638.8975901868 12638.8975901868 0.634520752808001 2.10811868144987 15.25
2089 12640.3963923807 12640.3963923807 0.634520752808001 2.10811868144987 15.25
2090 12641.8953518093 12641.8953518093 0.634520752808001 2.10811868144987 15.25
2091 12643.3944684142 12643.3944684142 0.634520752808001 2.10811868144987 15.25
2092 12644.8937421283 12644.8937421283 0.634520752808001 2.10811868144987 15.25
2093 12646.3931729093 12646.3931729093 0.634520752808001 2.10811868144987 15.25
2094 12647.8927607014 12647.8927607014 0.634520752808001 2.10811868144987 15.25
2095 12649.3925054488 12649.3925054488 0.634520752808001 2.10811868144987 15.25
2096 12650.892407089 12650.892407089 0.634520752808001 2.10811868144987 15.25
2097 12652.3924655617 12652.3924655617 0.634520752808001 2.10811868144987 15.25
2098 12653.8926808223 12653.8926808223 0.634520752808001 2.10811868144987 15.25
2099 12655.3930528128 12655.3930528128 0.634520752808001 2.10811868144987 15.25
2100 12656.8935814797 12656.8935814797 0.634520752808001 2.10811868144987 15.25
2101 12658.3942667673 12658.3942667673 0.634520752808001 2.10811868144987 15.25
2102 12659.8951086198 12659.8951086198 0.634520752808001 2.10811868144987 15.25
2103 12661.3961069816 12661.3961069816 0.634520752808001 2.10811868144987 15.25
2104 12662.897261797 12662.897261797 0.634520752808001 2.10811868144987 15.25
2105 12664.3985730104 12664.3985730104 0.634520752808001 2.10811868144987 15.25
2106 12665.9000405662 12665.9000405662 0.634520752808001 2.10811868144987 15.25
2107 12667.4016644088 12667.4016644088 0.634520752808001 2.10811868144987 15.25
2108 12668.9034444826 12668.9034444826 0.634520752808001 2.10811868144987 15.25
2109 12670.4053807321 12670.4053807321 0.634520752808001 2.10811868144987 15.25
2110 12671.9074730884 12671.9074730884 0.634520752808001 2.10811868144987 15.25
2111 12673.4097215048 12673.4097215048 0.634520752808001 2.10811868144987 15.25
2112 12674.9121259304 12674.9121259304 0.634520752808001 2.10811868144987 15.25
2113 12676.4146863097 12676.4146863097 0.634520752808001 2.10811868144987 15.25
2114 12677.9174025849 12677.9174025849 0.634520752808001 2.10811868144987 15.25
2115 12679.4202747029 12679.4202747029 0.634520752808001 2.10811868144987 15.25
2116 12680.9233026084 12680.9233026084 0.634520752808001 2.10811868144987 15.25
2117 12682.4264862456 12682.4264862456 0.634520752808001 2.10811868144987 15.25
2118 12683.9298255596 12683.9298255596 0.634520752808001 2.10811868144987 15.25
2119 12685.4333204949 12685.4333204949 0.634520752808001 2.10811868144987 15.25
2120 12686.9369709962 12686.9369709962 0.634520752808001 2.10811868144987 15.25
2121 12688.4407770079 12688.4407770079 0.634520752808001 2.10811868144987 15.25
2122 12689.944738475 12689.944738475 0.634520752808001 2.10811868144987 15.25
2123 12691.4488553401 12691.4488553401 0.634520752808001 2.10811868144987 15.25
2124 12692.9531275342 12692.9531275342 0.634520752808001 2.10811868144987 15.25
2125 12694.4575550183 12694.4575550183 0.634520752808001 2.10811868144987 15.25
2126 12695.9621377366 12695.9621377366 0.634520752808001 2.10811868144987 15.25
2127 12697.4668756342 12697.4668756342 0.634520752808001 2.10811868144987 15.25
2128 12698.9717686557 12698.9717686557 0.634520752808001 2.10811868144987 15.25
2129 12700.4768167442 12700.4768167442 0.634520752808001 2.10811868144987 15.25
2130 12701.9820198463 12701.9820198463 0.634520752808001 2.10811868144987 15.25
2131 12703.4873779071 12703.4873779071 0.634520752808001 2.10811868144987 15.25
2132 12704.9928908716 12704.9928908716 0.634520752808001 2.10811868144987 15.25
2133 12706.4985586846 12706.4985586846 0.634520752808001 2.10811868144987 15.25
2134 12708.0043812911 12708.0043812911 0.634520752808001 2.10811868144987 15.25
2135 12709.5103586353 12709.5103586353 0.634520752808001 2.10811868144987 15.25
2136 12711.0164906481 12711.0164906481 0.634520752808001 2.10811868144987 15.25
2137 12712.5227772804 12712.5227772804 0.634520752808001 2.10811868144987 15.25
2138 12714.0292184774 12714.0292184774 0.634520752808001 2.10811868144987 15.25
2139 12715.5358141931 12715.5358141931 0.634520752808001 2.10811868144987 15.25
2140 12717.0425643725 12717.0425643725 0.634520752808001 2.10811868144987 15.25
2141 12718.5494689608 12718.5494689608 0.634520752808001 2.10811868144987 15.25
2142 12720.0565279028 12720.0565279028 0.634520752808001 2.10811868144987 15.25
2143 12721.5637411441 12721.5637411441 0.634520752808001 2.10811868144987 15.25
2144 12723.0711086274 12723.0711086274 0.634520752808001 2.10811868144987 15.25
2145 12724.5786303001 12724.5786303001 0.634520752808001 2.10811868144987 15.25
2146 12726.0863061074 12726.0863061074 0.634520752808001 2.10811868144987 15.25
2147 12727.5941359947 12727.5941359947 0.634520752808001 2.10811868144987 15.25
2148 12729.102119907 12729.102119907 0.634520752808001 2.10811868144987 15.25
2149 12730.6102577897 12730.6102577897 0.634520752808001 2.10811868144987 15.25
2150 12732.118549588 12732.118549588 0.634520752808001 2.10811868144987 15.25
2151 12733.6269952319 12733.6269952319 0.634520752808001 2.10811868144987 15.25
2152 12735.1355946798 12735.1355946798 0.634520752808001 2.10811868144987 15.25
2153 12736.6443478793 12736.6443478793 0.634520752808001 2.10811868144987 15.25
2154 12738.1532547758 12738.1532547758 0.634520752808001 2.10811868144987 15.25
2155 12739.6623153147 12739.6623153147 0.634520752808001 2.10811868144987 15.25
2156 12741.1715294414 12741.1715294414 0.634520752808001 2.10811868144987 15.25
2157 12742.6808971013 12742.6808971013 0.634520752808001 2.10811868144987 15.25
2158 12744.19041824 12744.19041824 0.634520752808001 2.10811868144987 15.25
2159 12745.7000928006 12745.7000928006 0.634520752808001 2.10811868144987 15.25
2160 12747.2099207308 12747.2099207308 0.634520752808001 2.10811868144987 15.25
2161 12748.7199019761 12748.7199019761 0.634520752808001 2.10811868144987 15.25
2162 12750.2300364822 12750.2300364822 0.634520752808001 2.10811868144987 15.25
2163 12751.7403241945 12751.7403241945 0.634520752808001 2.10811868144987 15.25
2164 12753.2507650543 12753.2507650543 0.634520752808001 2.10811868144987 15.25
2165 12754.7613589978 12754.7613589978 0.634520752808001 2.10811868144987 15.25
2166 12756.2721059845 12756.2721059845 0.634520752808001 2.10811868144987 15.25
2167 12757.7830059598 12757.7830059598 0.634520752808001 2.10811868144987 15.25
2168 12759.2940588694 12759.2940588694 0.634520752808001 2.10811868144987 15.25
2169 12760.8052646589 12760.8052646589 0.634520752808001 2.10811868144987 15.25
2170 12762.3166232741 12762.3166232741 0.634520752808001 2.10811868144987 15.25
2171 12763.8281346607 12763.8281346607 0.634520752808001 2.10811868144987 15.25
2172 12765.3397987643 12765.3397987643 0.634520752808001 2.10811868144987 15.25
2173 12766.851615531 12766.851615531 0.634520752808001 2.10811868144987 15.25
2174 12768.363584906 12768.363584906 0.634520752808001 2.10811868144987 15.25
2175 12769.8757068333 12769.8757068333 0.634520752808001 2.10811868144987 15.25
2176 12771.3879812608 12771.3879812608 0.634520752808001 2.10811868144987 15.25
2177 12772.9004081344 12772.9004081344 0.634520752808001 2.10811868144987 15.25
2178 12774.4129873888 12774.4129873888 0.634520752808001 2.10811868144987 15.25
2179 12775.9257189743 12775.9257189743 0.634520752808001 2.10811868144987 15.25
2180 12777.4386028288 12777.4386028288 0.634520752808001 2.10811868144987 15.25
2181 12778.951638912 12778.951638912 0.634520752808001 2.10811868144987 15.25
2182 12780.4648271709 12780.4648271709 0.634520752808001 2.10811868144987 15.25
2183 12781.9781675512 12781.9781675512 0.634520752808001 2.10811868144987 15.25
2184 12783.491659999 12783.491659999 0.634520752808001 2.10811868144987 15.25
2185 12785.0053044601 12785.0053044601 0.634520752808001 2.10811868144987 15.25
2186 12786.519100881 12786.519100881 0.634520752808001 2.10811868144987 15.25
2187 12788.0330492073 12788.0330492073 0.634520752808001 2.10811868144987 15.25
2188 12789.5471493853 12789.5471493853 0.634520752808001 2.10811868144987 15.25
2189 12791.0614013606 12791.0614013606 0.634520752808001 2.10811868144987 15.25
2190 12792.5758050799 12792.5758050799 0.634520752808001 2.10811868144987 15.25
2191 12794.0903604867 12794.0903604867 0.634520752808001 2.10811868144987 15.25
2192 12795.6050675117 12795.6050675117 0.634520752808001 2.10811868144987 15.25
2193 12797.1199261189 12797.1199261189 0.634520752808001 2.10811868144987 15.25
2194 12798.6349362544 12798.6349362544 0.634520752808001 2.10811868144987 15.25
2195 12800.1500978645 12800.1500978645 0.634520752808001 2.10811868144987 15.25
2196 12801.6654108952 12801.6654108952 0.634520752808001 2.10811868144987 15.25
2197 12803.180875293 12803.180875293 0.634520752808001 2.10811868144987 15.25
2198 12804.6964910038 12804.6964910038 0.634520752808001 2.10811868144987 15.25
2199 12806.2122579744 12806.2122579744 0.634520752808001 2.10811868144987 15.25
2200 12807.7281761507 12807.7281761507 0.634520752808001 2.10811868144987 15.25
2201 12809.2442454791 12809.2442454791 0.634520752808001 2.10811868144987 15.25
2202 12810.760465906 12810.760465906 0.634520752808001 2.10811868144987 15.25
2203 12812.2768373776 12812.2768373776 0.634520752808001 2.10811868144987 15.25
2204 12813.7933598405 12813.7933598405 0.634520752808001 2.10811868144987 15.25
2205 12815.310033232 12815.310033232 0.634520752808001 2.10811868144987 15.25
2206 12816.8268574986 12816.8268574986 0.634520752808001 2.10811868144987 15.25
2207 12818.3438325957 12818.3438325957 0.634520752808001 2.10811868144987 15.25
2208 12819.8609584674 12819.8609584674 0.634520752808001 2.10811868144987 15.25
2209 12821.3782350625 12821.3782350625 0.634520752808001 2.10811868144987 15.25
2210 12822.8956623274 12822.8956623274 0.634520752808001 2.10811868144987 15.25
2211 12824.4132402089 12824.4132402089 0.634520752808001 2.10811868144987 15.25
2212 12825.930968653 12825.930968653 0.634520752808001 2.10811868144987 15.25
2213 12827.4488476068 12827.4488476068 0.634520752808001 2.10811868144987 15.25
2214 12828.9668770166 12828.9668770166 0.634520752808001 2.10811868144987 15.25
2215 12830.485056829 12830.485056829 0.634520752808001 2.10811868144987 15.25
2216 12832.0033869908 12832.0033869908 0.634520752808001 2.10811868144987 15.25
2217 12833.5218674484 12833.5218674484 0.634520752808001 2.10811868144987 15.25
2218 12835.0404981486 12835.0404981486 0.634520752808001 2.10811868144987 15.25
2219 12836.5592790224 12836.5592790224 0.634520752808001 2.10811868144987 15.25
2220 12838.07821003 12838.07821003 0.634520752808001 2.10811868144987 15.25
2221 12839.59729112 12839.59729112 0.634520752808001 2.10811868144987 15.25
2222 12841.1165222397 12841.1165222397 0.634520752808001 2.10811868144987 15.25
2223 12842.6359033355 12842.6359033355 0.634520752808001 2.10811868144987 15.25
2224 12844.1554343391 12844.1554343391 0.634520752808001 2.10811868144987 15.25
2225 12845.6751152103 12845.6751152103 0.634520752808001 2.10811868144987 15.25
2226 12847.1949458977 12847.1949458977 0.634520752808001 2.10811868144987 15.25
2227 12848.7149263486 12848.7149263486 0.634520752808001 2.10811868144987 15.25
2228 12850.2350565098 12850.2350565098 0.634520752808001 2.10811868144987 15.25
2229 12851.7553363281 12851.7553363281 0.634520752808001 2.10811868144987 15.25
2230 12853.2757657504 12853.2757657504 0.634520752808001 2.10811868144987 15.25
2231 12854.7963447238 12854.7963447238 0.634520752808001 2.10811868144987 15.25
2232 12856.3170731903 12856.3170731903 0.634520752808001 2.10811868144987 15.25
2233 12857.8379510884 12857.8379510884 0.634520752808001 2.10811868144987 15.25
2234 12859.3589783782 12859.3589783782 0.634520752808001 2.10811868144987 15.25
2235 12860.8801550069 12860.8801550069 0.634520752808001 2.10811868144987 15.25
2236 12862.4014809214 12862.4014809214 0.634520752808001 2.10811868144987 15.25
2237 12863.9229560689 12863.9229560689 0.634520752808001 2.10811868144987 15.25
2238 12865.4445803959 12865.4445803959 0.634520752808001 2.10811868144987 15.25
2239 12866.9663538501 12866.9663538501 0.634520752808001 2.10811868144987 15.25
2240 12868.4882763762 12868.4882763762 0.634520752808001 2.10811868144987 15.25
2241 12870.0103479234 12870.0103479234 0.634520752808001 2.10811868144987 15.25
2242 12871.5325684389 12871.5325684389 0.634520752808001 2.10811868144987 15.25
2243 12873.0549378699 12873.0549378699 0.634520752808001 2.10811868144987 15.25
2244 12874.5774561635 12874.5774561635 0.634520752808001 2.10811868144987 15.25
2245 12876.100123267 12876.100123267 0.634520752808001 2.10811868144987 15.25
2246 12877.6229391164 12877.6229391164 0.634520752808001 2.10811868144987 15.25
2247 12879.1459036634 12879.1459036634 0.634520752808001 2.10811868144987 15.25
2248 12880.6690168619 12880.6690168619 0.634520752808001 2.10811868144987 15.25
2249 12882.1922786592 12882.1922786592 0.634520752808001 2.10811868144987 15.25
2250 12883.7156890026 12883.7156890026 0.634520752808001 2.10811868144987 15.25
2251 12885.2392478395 12885.2392478395 0.634520752808001 2.10811868144987 15.25
2252 12886.7629551171 12886.7629551171 0.634520752808001 2.10811868144987 15.25
2253 12888.2868107827 12888.2868107827 0.634520752808001 2.10811868144987 15.25
2254 12889.8108147839 12889.8108147839 0.634520752808001 2.10811868144987 15.25
2255 12891.3349670679 12891.3349670679 0.634520752808001 2.10811868144987 15.25
2256 12892.8592675823 12892.8592675823 0.634520752808001 2.10811868144987 15.25
2257 12894.383716272 12894.383716272 0.634520752808001 2.10811868144987 15.25
2258 12895.908313087 12895.908313087 0.634520752808001 2.10811868144987 15.25
2259 12897.4330579746 12897.4330579746 0.634520752808001 2.10811868144987 15.25
2260 12898.9579508643 12898.9579508643 0.634520752808001 2.10811868144987 15.25
2261 12900.4829917219 12900.4829917219 0.634520752808001 2.10811868144987 15.25
2262 12902.0081804945 12902.0081804945 0.634520752808001 2.10811868144987 15.25
2263 12903.5335171299 12903.5335171299 0.634520752808001 2.10811868144987 15.25
2264 12905.0590015755 12905.0590015755 0.634520752808001 2.10811868144987 15.25
2265 12906.584633779 12906.584633779 0.634520752808001 2.10811868144987 15.25
2266 12908.1104136878 12908.1104136878 0.634520752808001 2.10811868144987 15.25
2267 12909.63634125 12909.63634125 0.634520752808001 2.10811868144987 15.25
2268 12911.1624164019 12911.1624164019 0.634520752808001 2.10811868144987 15.25
2269 12912.6886390983 12912.6886390983 0.634520752808001 2.10811868144987 15.25
2270 12914.2150092909 12914.2150092909 0.634520752808001 2.10811868144987 15.25
2271 12915.7415269271 12915.7415269271 0.634520752808001 2.10811868144987 15.25
2272 12917.2681919552 12917.2681919552 0.634520752808001 2.10811868144987 15.25
2273 12918.7950043135 12918.7950043135 0.634520752808001 2.10811868144987 15.25
2274 12920.3219639478 12920.3219639478 0.634520752808001 2.10811868144987 15.25
2275 12921.8490708169 12921.8490708169 0.634520752808001 2.10811868144987 15.25
2276 12923.3763248686 12923.3763248686 0.634520752808001 2.10811868144987 15.25
2277 12924.9037260509 12924.9037260509 0.634520752808001 2.10811868144987 15.25
2278 12926.4312743114 12926.4312743114 0.634520752808001 2.10811868144987 15.25
2279 12927.9589695982 12927.9589695982 0.634520752808001 2.10811868144987 15.25
2280 12929.4868118591 12929.4868118591 0.634520752808001 2.10811868144987 15.25
2281 12931.0148010419 12931.0148010419 0.634520752808001 2.10811868144987 15.25
2282 12932.5429370947 12932.5429370947 0.634520752808001 2.10811868144987 15.25
2283 12934.0712199653 12934.0712199653 0.634520752808001 2.10811868144987 15.25
2284 12935.5996496017 12935.5996496017 0.634520752808001 2.10811868144987 15.25
2285 12937.128225952 12937.128225952 0.634520752808001 2.10811868144987 15.25
2286 12938.6569489639 12938.6569489639 0.634520752808001 2.10811868144987 15.25
2287 12940.1858185701 12940.1858185701 0.634520752808001 2.10811868144987 15.25
2288 12941.7148347317 12941.7148347317 0.634520752808001 2.10811868144987 15.25
2289 12943.2439973996 12943.2439973996 0.634520752808001 2.10811868144987 15.25
2290 12944.7733065213 12944.7733065213 0.634520752808001 2.10811868144987 15.25
2291 12946.3027620429 12946.3027620429 0.634520752808001 2.10811868144987 15.25
2292 12947.8323639147 12947.8323639147 0.634520752808001 2.10811868144987 15.25
2293 12949.3621120849 12949.3621120849 0.634520752808001 2.10811868144987 15.25
2294 12950.8920065016 12950.8920065016 0.634520752808001 2.10811868144987 15.25
2295 12952.422047113 12952.422047113 0.634520752808001 2.10811868144987 15.25
2296 12953.9522338672 12953.9522338672 0.634520752808001 2.10811868144987 15.25
2297 12955.4825667126 12955.4825667126 0.634520752808001 2.10811868144987 15.25
2298 12957.0130455973 12957.0130455973 0.634520752808001 2.10811868144987 15.25
2299 12958.5436704696 12958.5436704696 0.634520752808001 2.10811868144987 15.25
2300 12960.0744412734 12960.0744412734 0.634520752808001 2.10811868144987 15.25
2301 12961.6053579479 12961.6053579479 0.634520752808001 2.10811868144987 15.25
2302 12963.1364204547 12963.1364204547 0.634520752808001 2.10811868144987 15.25
2303 12964.6676287426 12964.6676287426 0.634520752808001 2.10811868144987 15.25
2304 12966.1989827596 12966.1989827596 0.634520752808001 2.10811868144987 15.25
2305 12967.7304824541 12967.7304824541 0.634520752808001 2.10811868144987 15.25
2306 12969.2621277745 12969.2621277745 0.634520752808001 2.10811868144987 15.25
2307 12970.7939186693 12970.7939186693 0.634520752808001 2.10811868144987 15.25
2308 12972.3258550846 12972.3258550846 0.634520752808001 2.10811868144987 15.25
2309 12973.8579369711 12973.8579369711 0.634520752808001 2.10811868144987 15.25
2310 12975.3901642774 12975.3901642774 0.634520752808001 2.10811868144987 15.25
2311 12976.9225369518 12976.9225369518 0.634520752808001 2.10811868144987 15.25
2312 12978.455054934 12978.455054934 0.634520752808001 2.10811868144987 15.25
2313 12979.9877181757 12979.9877181757 0.634520752808001 2.10811868144987 15.25
2314 12981.5205266202 12981.5205266202 0.634520752808001 2.10811868144987 15.25
2315 12983.0534802203 12983.0534802203 0.634520752808001 2.10811868144987 15.25
2316 12984.5865789314 12984.5865789314 0.634520752808001 2.10811868144987 15.25
2317 12986.119822702 12986.119822702 0.634520752808001 2.10811868144987 15.25
2318 12987.6532114808 12987.6532114808 0.634520752808001 2.10811868144987 15.25
2319 12989.1867452164 12989.1867452164 0.634520752808001 2.10811868144987 15.25
2320 12990.7204238577 12990.7204238577 0.634520752808001 2.10811868144987 15.25
2321 12992.2542473528 12992.2542473528 0.634520752808001 2.10811868144987 15.25
2322 12993.7882156509 12993.7882156509 0.634520752808001 2.10811868144987 15.25
2323 12995.3223287007 12995.3223287007 0.634520752808001 2.10811868144987 15.25
2324 12996.8565864507 12996.8565864507 0.634520752808001 2.10811868144987 15.25
2325 12998.3909888499 12998.3909888499 0.634520752808001 2.10811868144987 15.25
2326 12999.9255358447 12999.9255358447 0.634520752808001 2.10811868144987 15.25
2327 13001.4602273861 13001.4602273861 0.634520752808001 2.10811868144987 15.25
2328 13002.9950634051 13002.9950634051 0.634520752808001 2.10811868144987 15.25
2329 13004.5300438686 13004.5300438686 0.634520752808001 2.10811868144987 15.25
2330 13006.0651687253 13006.0651687253 0.634520752808001 2.10811868144987 15.25
2331 13007.6004379239 13007.6004379239 0.634520752808001 2.10811868144987 15.25
2332 13009.1358514136 13009.1358514136 0.634520752808001 2.10811868144987 15.25
2333 13010.6714091431 13010.6714091431 0.634520752808001 2.10811868144987 15.25
2334 13012.2071110614 13012.2071110614 0.634520752808001 2.10811868144987 15.25
2335 13013.7429571175 13013.7429571175 0.634520752808001 2.10811868144987 15.25
2336 13015.2789472604 13015.2789472604 0.634520752808001 2.10811868144987 15.25
2337 13016.8150814391 13016.8150814391 0.634520752808001 2.10811868144987 15.25
2338 13018.3513596023 13018.3513596023 0.634520752808001 2.10811868144987 15.25
2339 13019.8877816995 13019.8877816995 0.634520752808001 2.10811868144987 15.25
2340 13021.4243476794 13021.4243476794 0.634520752808001 2.10811868144987 15.25
2341 13022.9610574824 13022.9610574824 0.634520752808001 2.10811868144987 15.25
2342 13024.4979110573 13024.4979110573 0.634520752808001 2.10811868144987 15.25
2343 13026.0349083624 13026.0349083624 0.634520752808001 2.10811868144987 15.25
2344 13027.5720493445 13027.5720493445 0.634520752808001 2.10811868144987 15.25
2345 13029.109333955 13029.109333955 0.634520752808001 2.10811868144987 15.25
2346 13030.6467621429 13030.6467621429 0.634520752808001 2.10811868144987 15.25
2347 13032.1843338576 13032.1843338576 0.634520752808001 2.10811868144987 15.25
2348 13033.7220490483 13033.7220490483 0.634520752808001 2.10811868144987 15.25
2349 13035.2599076641 13035.2599076641 0.634520752808001 2.10811868144987 15.25
2350 13036.7979096543 13036.7979096543 0.634520752808001 2.10811868144987 15.25
2351 13038.3360549682 13038.3360549682 0.634520752808001 2.10811868144987 15.25
2352 13039.874343555 13039.874343555 0.634520752808001 2.10811868144987 15.25
2353 13041.4127753639 13041.4127753639 0.634520752808001 2.10811868144987 15.25
2354 13042.9513503447 13042.9513503447 0.634520752808001 2.10811868144987 15.25
2355 13044.4900684306 13044.4900684306 0.634520752808001 2.10811868144987 15.25
2356 13046.028929577 13046.028929577 0.634520752808001 2.10811868144987 15.25
2357 13047.5679337364 13047.5679337364 0.634520752808001 2.10811868144987 15.25
2358 13049.1070808648 13049.1070808648 0.634520752808001 2.10811868144987 15.25
2359 13050.6463709118 13050.6463709118 0.634520752808001 2.10811868144987 15.25
2360 13052.1858038266 13052.1858038266 0.634520752808001 2.10811868144987 15.25
2361 13053.7253795588 13053.7253795588 0.634520752808001 2.10811868144987 15.25
2362 13055.2650980556 13055.2650980556 0.634520752808001 2.10811868144987 15.25
2363 13056.8049592687 13056.8049592687 0.634520752808001 2.10811868144987 15.25
2364 13058.3449631477 13058.3449631477 0.634520752808001 2.10811868144987 15.25
2365 13059.885109642 13059.885109642 0.634520752808001 2.10811868144987 15.25
2366 13061.4253987013 13061.4253987013 0.634520752808001 2.10811868144987 15.25
2367 13062.9658302751 13062.9658302751 0.634520752808001 2.10811868144987 15.25
2368 13064.5064043086 13064.5064043086 0.634520752808001 2.10811868144987 15.25
2369 13066.0471207421 13066.0471207421 0.634520752808001 2.10811868144987 15.25
2370 13067.587979539 13067.587979539 0.634520752808001 2.10811868144987 15.25
2371 13069.1289806489 13069.1289806489 0.634520752808001 2.10811868144987 15.25
2372 13070.6701240215 13070.6701240215 0.634520752808001 2.10811868144987 15.25
2373 13072.2114096064 13072.2114096064 0.634520752808001 2.10811868144987 15.25
2374 13073.7528373532 13073.7528373532 0.634520752808001 2.10811868144987 15.25
2375 13075.2944072117 13075.2944072117 0.634520752808001 2.10811868144987 15.25
2376 13076.8361191318 13076.8361191318 0.634520752808001 2.10811868144987 15.25
2377 13078.3779730631 13078.3779730631 0.634520752808001 2.10811868144987 15.25
2378 13079.9199689553 13079.9199689553 0.634520752808001 2.10811868144987 15.25
2379 13081.4621067586 13081.4621067586 0.634520752808001 2.10811868144987 15.25
2380 13083.0043864201 13083.0043864201 0.634520752808001 2.10811868144987 15.25
2381 13084.5468078921 13084.5468078921 0.634520752808001 2.10811868144987 15.25
2382 13086.0893711133 13086.0893711133 0.634520752808001 2.10811868144987 15.25
2383 13087.6320760378 13087.6320760378 0.634520752808001 2.10811868144987 15.25
2384 13089.1749226226 13089.1749226226 0.634520752808001 2.10811868144987 15.25
2385 13090.7179108174 13090.7179108174 0.634520752808001 2.10811868144987 15.25
2386 13092.261040572 13092.261040572 0.634520752808001 2.10811868144987 15.25
2387 13093.8043118366 13093.8043118366 0.634520752808001 2.10811868144987 15.25
2388 13095.3477245609 13095.3477245609 0.634520752808001 2.10811868144987 15.25
2389 13096.8912786953 13096.8912786953 0.634520752808001 2.10811868144987 15.25
2390 13098.4349741894 13098.4349741894 0.634520752808001 2.10811868144987 15.25
2391 13099.9788109934 13099.9788109934 0.634520752808001 2.10811868144987 15.25
2392 13101.5227890573 13101.5227890573 0.634520752808001 2.10811868144987 15.25
2393 13103.0669083312 13103.0669083312 0.634520752808001 2.10811868144987 15.25
2394 13104.6111687652 13104.6111687652 0.634520752808001 2.10811868144987 15.25
2395 13106.1555703071 13106.1555703071 0.634520752808001 2.10811868144987 15.25
2396 13107.7001128937 13107.7001128937 0.634520752808001 2.10811868144987 15.25
2397 13109.2447964907 13109.2447964907 0.634520752808001 2.10811868144987 15.25
2398 13110.7896210483 13110.7896210483 0.634520752808001 2.10811868144987 15.25
2399 13112.3345865167 13112.3345865167 0.634520752808001 2.10811868144987 15.25
2400 13113.8796928379 13113.8796928379 0.634520752808001 2.10811868144987 15.25
2401 13115.4249399623 13115.4249399623 0.634520752808001 2.10811868144987 15.25
2402 13116.9703278482 13116.9703278482 0.634520752808001 2.10811868144987 15.25
2403 13118.5158564458 13118.5158564458 0.634520752808001 2.10811868144987 15.25
2404 13120.0615257054 13120.0615257054 0.634520752808001 2.10811868144987 15.25
2405 13121.607335577 13121.607335577 0.634520752808001 2.10811868144987 15.25
2406 13123.1532860117 13123.1532860117 0.634520752808001 2.10811868144987 15.25
2407 13124.6993769589 13124.6993769589 0.634520752808001 2.10811868144987 15.25
2408 13126.2456083694 13126.2456083694 0.634520752808001 2.10811868144987 15.25
2409 13127.7919801846 13127.7919801846 0.634520752808001 2.10811868144987 15.25
2410 13129.3384923549 13129.3384923549 0.634520752808001 2.10811868144987 15.25
2411 13130.8851448395 13130.8851448395 0.634520752808001 2.10811868144987 15.25
2412 13132.431937589 13132.431937589 0.634520752808001 2.10811868144987 15.25
2413 13133.9788705538 13133.9788705538 0.634520752808001 2.10811868144987 15.25
2414 13135.5259436843 13135.5259436843 0.634520752808001 2.10811868144987 15.25
2415 13137.073156931 13137.073156931 0.634520752808001 2.10811868144987 15.25
2416 13138.6205102445 13138.6205102445 0.634520752808001 2.10811868144987 15.25
2417 13140.1680035752 13140.1680035752 0.634520752808001 2.10811868144987 15.25
2418 13141.7156368714 13141.7156368714 0.634520752808001 2.10811868144987 15.25
2419 13143.2634100858 13143.2634100858 0.634520752808001 2.10811868144987 15.25
2420 13144.8113231695 13144.8113231695 0.634520752808001 2.10811868144987 15.25
2421 13146.3593760723 13146.3593760723 0.634520752808001 2.10811868144987 15.25
2422 13147.9075687454 13147.9075687454 0.634520752808001 2.10811868144987 15.25
2423 13149.4559011235 13149.4559011235 0.634520752808001 2.10811868144987 15.25
2424 13151.0043731708 13151.0043731708 0.634520752808001 2.10811868144987 15.25
2425 13152.5529848401 13152.5529848401 0.634520752808001 2.10811868144987 15.25
2426 13154.1017360822 13154.1017360822 0.634520752808001 2.10811868144987 15.25
2427 13155.6506268477 13155.6506268477 0.634520752808001 2.10811868144987 15.25
2428 13157.1996570874 13157.1996570874 0.634520752808001 2.10811868144987 15.25
2429 13158.7488267521 13158.7488267521 0.634520752808001 2.10811868144987 15.25
2430 13160.2981357924 13160.2981357924 0.634520752808001 2.10811868144987 15.25
2431 13161.8475841592 13161.8475841592 0.634520752808001 2.10811868144987 15.25
2432 13163.3971718033 13163.3971718033 0.634520752808001 2.10811868144987 15.25
2433 13164.9468986753 13164.9468986753 0.634520752808001 2.10811868144987 15.25
2434 13166.4967647266 13166.4967647266 0.634520752808001 2.10811868144987 15.25
2435 13168.0467699073 13168.0467699073 0.634520752808001 2.10811868144987 15.25
2436 13169.5969141621 13169.5969141621 0.634520752808001 2.10811868144987 15.25
2437 13171.1471974373 13171.1471974373 0.634520752808001 2.10811868144987 15.25
2438 13172.6976196926 13172.6976196926 0.634520752808001 2.10811868144987 15.25
2439 13174.2481808814 13174.2481808814 0.634520752808001 2.10811868144987 15.25
2440 13175.7988809545 13175.7988809545 0.634520752808001 2.10811868144987 15.25
2441 13177.3497198629 13177.3497198629 0.634520752808001 2.10811868144987 15.25
2442 13178.9006975576 13178.9006975576 0.634520752808001 2.10811868144987 15.25
2443 13180.4518139896 13180.4518139896 0.634520752808001 2.10811868144987 15.25
2444 13182.0030691056 13182.0030691056 0.634520752808001 2.10811868144987 15.25
2445 13183.5544628518 13183.5544628518 0.634520752808001 2.10811868144987 15.25
2446 13185.1059951884 13185.1059951884 0.634520752808001 2.10811868144987 15.25
2447 13186.6576660666 13186.6576660666 0.634520752808001 2.10811868144987 15.25
2448 13188.2094754374 13188.2094754374 0.634520752808001 2.10811868144987 15.25
2449 13189.7614232519 13189.7614232519 0.634520752808001 2.10811868144987 15.25
2450 13191.3135094479 13191.3135094479 0.634520752808001 2.10811868144987 15.25
2451 13192.8657339854 13192.8657339854 0.634520752808001 2.10811868144987 15.25
2452 13194.4180968202 13194.4180968202 0.634520752808001 2.10811868144987 15.25
2453 13195.9705979032 13195.9705979032 0.634520752808001 2.10811868144987 15.25
2454 13197.5232371861 13197.5232371861 0.634520752808001 2.10811868144987 15.25
2455 13199.0760146197 13199.0760146197 0.634520752808001 2.10811868144987 15.25
2456 13200.6289301554 13200.6289301554 0.634520752808001 2.10811868144987 15.25
2457 13202.1819837445 13202.1819837445 0.634520752808001 2.10811868144987 15.25
2458 13203.735175336 13203.735175336 0.634520752808001 2.10811868144987 15.25
2459 13205.2885048834 13205.2885048834 0.634520752808001 2.10811868144987 15.25
2460 13206.8419723381 13206.8419723381 0.634520752808001 2.10811868144987 15.25
2461 13208.3955776515 13208.3955776515 0.634520752808001 2.10811868144987 15.25
2462 13209.9493207748 13209.9493207748 0.634520752808001 2.10811868144987 15.25
2463 13211.5032016572 13211.5032016572 0.634520752808001 2.10811868144987 15.25
2464 13213.0572202368 13213.0572202368 0.634520752808001 2.10811868144987 15.25
2465 13214.6113764803 13214.6113764803 0.634520752808001 2.10811868144987 15.25
2466 13216.1656703396 13216.1656703396 0.634520752808001 2.10811868144987 15.25
2467 13217.7201017659 13217.7201017659 0.634520752808001 2.10811868144987 15.25
2468 13219.2746707107 13219.2746707107 0.634520752808001 2.10811868144987 15.25
2469 13220.8293771256 13220.8293771256 0.634520752808001 2.10811868144987 15.25
2470 13222.3842209619 13222.3842209619 0.634520752808001 2.10811868144987 15.25
2471 13223.9392021714 13223.9392021714 0.634520752808001 2.10811868144987 15.25
2472 13225.4943207054 13225.4943207054 0.634520752808001 2.10811868144987 15.25
2473 13227.0495765156 13227.0495765156 0.634520752808001 2.10811868144987 15.25
2474 13228.6049695535 13228.6049695535 0.634520752808001 2.10811868144987 15.25
2475 13230.1604997709 13230.1604997709 0.634520752808001 2.10811868144987 15.25
2476 13231.716167119 13231.716167119 0.634520752808001 2.10811868144987 15.25
2477 13233.2719715386 13233.2719715386 0.634520752808001 2.10811868144987 15.25
2478 13234.8279129836 13234.8279129836 0.634520752808001 2.10811868144987 15.25
2479 13236.3839914144 13236.3839914144 0.634520752808001 2.10811868144987 15.25
2480 13237.9402067829 13237.9402067829 0.634520752808001 2.10811868144987 15.25
2481 13239.4965590407 13239.4965590407 0.634520752808001 2.10811868144987 15.25
2482 13241.0530481396 13241.0530481396 0.634520752808001 2.10811868144987 15.25
2483 13242.6096740312 13242.6096740312 0.634520752808001 2.10811868144987 15.25
2484 13244.1664366675 13244.1664366675 0.634520752808001 2.10811868144987 15.25
2485 13245.7233360002 13245.7233360002 0.634520752808001 2.10811868144987 15.25
2486 13247.2803719811 13247.2803719811 0.634520752808001 2.10811868144987 15.25
2487 13248.8375445618 13248.8375445618 0.634520752808001 2.10811868144987 15.25
2488 13250.3948536915 13250.3948536915 0.634520752808001 2.10811868144987 15.25
2489 13251.9522993146 13251.9522993146 0.634520752808001 2.10811868144987 15.25
2490 13253.5098813933 13253.5098813933 0.634520752808001 2.10811868144987 15.25
2491 13255.0675998615 13255.0675998615 0.634520752808001 2.10811868144987 15.25
2492 13256.6254546892 13256.6254546892 0.634520752808001 2.10811868144987 15.25
2493 13258.1834458281 13258.1834458281 0.634520752808001 2.10811868144987 15.25
2494 13259.7415732304 13259.7415732304 0.634520752808001 2.10811868144987 15.25
2495 13261.2998368479 13261.2998368479 0.634520752808001 2.10811868144987 15.25
2496 13262.8582366326 13262.8582366326 0.634520752808001 2.10811868144987 15.25
2497 13264.4167725366 13264.4167725366 0.634520752808001 2.10811868144987 15.25
2498 13265.9754445096 13265.9754445096 0.634520752808001 2.10811868144987 15.25
2499 13267.5342525059 13267.5342525059 0.634520752808001 2.10811868144987 15.25
2500 13269.0931964776 13269.0931964776 0.634520752808001 2.10811868144987 15.25
2501 13270.6522763767 13270.6522763767 0.634520752808001 2.10811868144987 15.25
2502 13272.2114921554 13272.2114921554 0.634520752808001 2.10811868144987 15.25
2503 13273.7708437658 13273.7708437658 0.634520752808001 2.10811868144987 15.25
2504 13275.3303311532 13275.3303311532 0.634520752808001 2.10811868144987 15.25
2505 13276.8899542654 13276.8899542654 0.634520752808001 2.10811868144987 15.25
2506 13278.4497130657 13278.4497130657 0.634520752808001 2.10811868144987 15.25
2507 13280.0096075063 13280.0096075063 0.634520752808001 2.10811868144987 15.25
2508 13281.5696375394 13281.5696375394 0.634520752808001 2.10811868144987 15.25
2509 13283.1298031173 13283.1298031173 0.634520752808001 2.10811868144987 15.25
2510 13284.6901041922 13284.6901041922 0.634520752808001 2.10811868144987 15.25
2511 13286.2505407164 13286.2505407164 0.634520752808001 2.10811868144987 15.25
2512 13287.8111126419 13287.8111126419 0.634520752808001 2.10811868144987 15.25
2513 13289.3718199214 13289.3718199214 0.634520752808001 2.10811868144987 15.25
2514 13290.9326625071 13290.9326625071 0.634520752808001 2.10811868144987 15.25
2515 13292.4936403516 13292.4936403516 0.634520752808001 2.10811868144987 15.25
2516 13294.0547534066 13294.0547534066 0.634520752808001 2.10811868144987 15.25
2517 13295.6160016247 13295.6160016247 0.634520752808001 2.10811868144987 15.25
2518 13297.1773849428 13297.1773849428 0.634520752808001 2.10811868144987 15.25
2519 13298.7389033268 13298.7389033268 0.634520752808001 2.10811868144987 15.25
2520 13300.3005567289 13300.3005567289 0.634520752808001 2.10811868144987 15.25
2521 13301.8623451039 13301.8623451039 0.634520752808001 2.10811868144987 15.25
2522 13303.4242684043 13303.4242684043 0.634520752808001 2.10811868144987 15.25
2523 13304.9863265825 13304.9863265825 0.634520752808001 2.10811868144987 15.25
2524 13306.548519591 13306.548519591 0.634520752808001 2.10811868144987 15.25
2525 13308.1108473824 13308.1108473824 0.634520752808001 2.10811868144987 15.25
2526 13309.6733099092 13309.6733099092 0.634520752808001 2.10811868144987 15.25
2527 13311.235907124 13311.235907124 0.634520752808001 2.10811868144987 15.25
2528 13312.7986389792 13312.7986389792 0.634520752808001 2.10811868144987 15.25
2529 13314.3615054276 13314.3615054276 0.634520752808001 2.10811868144987 15.25
2530 13315.9245064217 13315.9245064217 0.634520752808001 2.10811868144987 15.25
2531 13317.4876419096 13317.4876419096 0.634520752808001 2.10811868144987 15.25
2532 13319.0509118337 13319.0509118337 0.634520752808001 2.10811868144987 15.25
2533 13320.61431615 13320.61431615 0.634520752808001 2.10811868144987 15.25
2534 13322.1778548224 13322.1778548224 0.634520752808001 2.10811868144987 15.25
2535 13323.7415278042 13323.7415278042 0.634520752808001 2.10811868144987 15.25
2536 13325.3053350474 13325.3053350474 0.634520752808001 2.10811868144987 15.25
2537 13326.8692765054 13326.8692765054 0.634520752808001 2.10811868144987 15.25
2538 13328.4333521305 13328.4333521305 0.634520752808001 2.10811868144987 15.25
2539 13329.9975618758 13329.9975618758 0.634520752808001 2.10811868144987 15.25
2540 13331.5619056937 13331.5619056937 0.634520752808001 2.10811868144987 15.25
2541 13333.1263835352 13333.1263835352 0.634520752808001 2.10811868144987 15.25
2542 13334.6909953549 13334.6909953549 0.634520752808001 2.10811868144987 15.25
2543 13336.2557411062 13336.2557411062 0.634520752808001 2.10811868144987 15.25
2544 13337.8206207414 13337.8206207414 0.634520752808001 2.10811868144987 15.25
2545 13339.3856342024 13339.3856342024 0.634520752808001 2.10811868144987 15.25
2546 13340.9507814469 13340.9507814469 0.634520752808001 2.10811868144987 15.25
2547 13342.516062434 13342.516062434 0.634520752808001 2.10811868144987 15.25
2548 13344.0814771171 13344.0814771171 0.634520752808001 2.10811868144987 15.25
2549 13345.6470254488 13345.6470254488 0.634520752808001 2.10811868144987 15.25
2550 13347.2127073824 13347.2127073824 0.634520752808001 2.10811868144987 15.25
2551 13348.7785228705 13348.7785228705 0.634520752808001 2.10811868144987 15.25
2552 13350.3444718666 13350.3444718666 0.634520752808001 2.10811868144987 15.25
2553 13351.9105543232 13351.9105543232 0.634520752808001 2.10811868144987 15.25
2554 13353.4767701938 13353.4767701938 0.634520752808001 2.10811868144987 15.25
2555 13355.043119431 13355.043119431 0.634520752808001 2.10811868144987 15.25
2556 13356.6096019884 13356.6096019884 0.634520752808001 2.10811868144987 15.25
2557 13358.1762178186 13358.1762178186 0.634520752808001 2.10811868144987 15.25
2558 13359.7429668729 13359.7429668729 0.634520752808001 2.10811868144987 15.25
2559 13361.3098490905 13361.3098490905 0.634520752808001 2.10811868144987 15.25
2560 13362.8768644408 13362.8768644408 0.634520752808001 2.10811868144987 15.25
2561 13364.4440128765 13364.4440128765 0.634520752808001 2.10811868144987 15.25
2562 13366.0112943512 13366.0112943512 0.634520752808001 2.10811868144987 15.25
2563 13367.5787088156 13367.5787088156 0.634520752808001 2.10811868144987 15.25
2564 13369.1462562251 13369.1462562251 0.634520752808001 2.10811868144987 15.25
2565 13370.7139365331 13370.7139365331 0.634520752808001 2.10811868144987 15.25
2566 13372.2817496929 13372.2817496929 0.634520752808001 2.10811868144987 15.25
2567 13373.8496956576 13373.8496956576 0.634520752808001 2.10811868144987 15.25
2568 13375.4177743806 13375.4177743806 0.634520752808001 2.10811868144987 15.25
2569 13376.9859858152 13376.9859858152 0.634520752808001 2.10811868144987 15.25
2570 13378.5543299148 13378.5543299148 0.634520752808001 2.10811868144987 15.25
2571 13380.1228066327 13380.1228066327 0.634520752808001 2.10811868144987 15.25
2572 13381.6914159132 13381.6914159132 0.634520752808001 2.10811868144987 15.25
2573 13383.2601577098 13383.2601577098 0.634520752808001 2.10811868144987 15.25
2574 13384.8290319848 13384.8290319848 0.634520752808001 2.10811868144987 15.25
2575 13386.3980386917 13386.3980386917 0.634520752808001 2.10811868144987 15.25
2576 13387.9671777837 13387.9671777837 0.634520752808001 2.10811868144987 15.25
2577 13389.5364492021 13389.5364492021 0.634520752808001 2.10811868144987 15.25
2578 13391.1058529126 13391.1058529126 0.634520752808001 2.10811868144987 15.25
2579 13392.6753888689 13392.6753888689 0.634520752808001 2.10811868144987 15.25
2580 13394.2450570245 13394.2450570245 0.634520752808001 2.10811868144987 15.25
2581 13395.8148573329 13395.8148573329 0.634520752808001 2.10811868144987 15.25
2582 13397.3847897475 13397.3847897475 0.634520752808001 2.10811868144987 15.25
2583 13398.9548542221 13398.9548542221 0.634520752808001 2.10811868144987 15.25
2584 13400.5250507079 13400.5250507079 0.634520752808001 2.10811868144987 15.25
2585 13402.0953791607 13402.0953791607 0.634520752808001 2.10811868144987 15.25
2586 13403.6658395185 13403.6658395185 0.634520752808001 2.10811868144987 15.25
2587 13405.2364317484 13405.2364317484 0.634520752808001 2.10811868144987 15.25
2588 13406.8071558063 13406.8071558063 0.634520752808001 2.10811868144987 15.25
2589 13408.3780116458 13408.3780116458 0.634520752808001 2.10811868144987 15.25
2590 13409.9489992206 13409.9489992206 0.634520752808001 2.10811868144987 15.25
2591 13411.5201184845 13411.5201184845 0.634520752808001 2.10811868144987 15.25
2592 13413.0913693912 13413.0913693912 0.634520752808001 2.10811868144987 15.25
2593 13414.6627518945 13414.6627518945 0.634520752808001 2.10811868144987 15.25
2594 13416.234265948 13416.234265948 0.634520752808001 2.10811868144987 15.25
2595 13417.8059115052 13417.8059115052 0.634520752808001 2.10811868144987 15.25
2596 13419.3776885205 13419.3776885205 0.634520752808001 2.10811868144987 15.25
2597 13420.9495969477 13420.9495969477 0.634520752808001 2.10811868144987 15.25
2598 13422.5216367401 13422.5216367401 0.634520752808001 2.10811868144987 15.25
2599 13424.0938078452 13424.0938078452 0.634520752808001 2.10811868144987 15.25
2600 13425.6661102123 13425.6661102123 0.634520752808001 2.10811868144987 15.25
2601 13427.2385438064 13427.2385438064 0.634520752808001 2.10811868144987 15.25
2602 13428.8111085816 13428.8111085816 0.634520752808001 2.10811868144987 15.25
2603 13430.3838044916 13430.3838044916 0.634520752808001 2.10811868144987 15.25
2604 13431.9566314905 13431.9566314905 0.634520752808001 2.10811868144987 15.25
2605 13433.5295895322 13433.5295895322 0.634520752808001 2.10811868144987 15.25
2606 13435.1026785707 13435.1026785707 0.634520752808001 2.10811868144987 15.25
2607 13436.67589856 13436.67589856 0.634520752808001 2.10811868144987 15.25
2608 13438.2492494517 13438.2492494517 0.634520752808001 2.10811868144987 15.25
2609 13439.8227312023 13439.8227312023 0.634520752808001 2.10811868144987 15.25
2610 13441.3963437658 13441.3963437658 0.634520752808001 2.10811868144987 15.25
2611 13442.9700870961 13442.9700870961 0.634520752808001 2.10811868144987 15.25
2612 13444.5439611475 13444.5439611475 0.634520752808001 2.10811868144987 15.25
2613 13446.1179658604 13446.1179658604 0.634520752808001 2.10811868144987 15.25
2614 13447.6921011981 13447.6921011981 0.634520752808001 2.10811868144987 15.25
2615 13449.266367119 13449.266367119 0.634520752808001 2.10811868144987 15.25
2616 13450.8407635775 13450.8407635775 0.634520752808001 2.10811868144987 15.25
2617 13452.4152905276 13452.4152905276 0.634520752808001 2.10811868144987 15.25
2618 13453.9899479236 13453.9899479236 0.634520752808001 2.10811868144987 15.25
2619 13455.5647357196 13455.5647357196 0.634520752808001 2.10811868144987 15.25
2620 13457.1396538699 13457.1396538699 0.634520752808001 2.10811868144987 15.25
2621 13458.7147023176 13458.7147023176 0.634520752808001 2.10811868144987 15.25
2622 13460.2898810268 13460.2898810268 0.634520752808001 2.10811868144987 15.25
2623 13461.865189953 13461.865189953 0.634520752808001 2.10811868144987 15.25
2624 13463.4406290508 13463.4406290508 0.634520752808001 2.10811868144987 15.25
2625 13465.0161982739 13465.0161982739 0.634520752808001 2.10811868144987 15.25
2626 13466.5918975726 13466.5918975726 0.634520752808001 2.10811868144987 15.25
2627 13468.1677268922 13468.1677268922 0.634520752808001 2.10811868144987 15.25
2628 13469.7436862004 13469.7436862004 0.634520752808001 2.10811868144987 15.25
2629 13471.3197754517 13471.3197754517 0.634520752808001 2.10811868144987 15.25
2630 13472.8959946004 13472.8959946004 0.634520752808001 2.10811868144987 15.25
2631 13474.4723435988 13474.4723435988 0.634520752808001 2.10811868144987 15.25
2632 13476.0488224035 13476.0488224035 0.634520752808001 2.10811868144987 15.25
2633 13477.6254309689 13477.6254309689 0.634520752808001 2.10811868144987 15.25
2634 13479.2021692495 13479.2021692495 0.634520752808001 2.10811868144987 15.25
2635 13480.7790371997 13480.7790371997 0.634520752808001 2.10811868144987 15.25
2636 13482.3560347744 13482.3560347744 0.634520752808001 2.10811868144987 15.25
2637 13483.9331619276 13483.9331619276 0.634520752808001 2.10811868144987 15.25
2638 13485.5104186142 13485.5104186142 0.634520752808001 2.10811868144987 15.25
2639 13487.0878047885 13487.0878047885 0.634520752808001 2.10811868144987 15.25
2640 13488.665320394 13488.665320394 0.634520752808001 2.10811868144987 15.25
2641 13490.2429653897 13490.2429653897 0.634520752808001 2.10811868144987 15.25
2642 13491.8207397371 13491.8207397371 0.634520752808001 2.10811868144987 15.25
2643 13493.3986433906 13493.3986433906 0.634520752808001 2.10811868144987 15.25
2644 13494.9766763048 13494.9766763048 0.634520752808001 2.10811868144987 15.25
2645 13496.5548384349 13496.5548384349 0.634520752808001 2.10811868144987 15.25
2646 13498.133129735 13498.133129735 0.634520752808001 2.10811868144987 15.25
2647 13499.7115501599 13499.7115501599 0.634520752808001 2.10811868144987 15.25
2648 13501.2900996645 13501.2900996645 0.634520752808001 2.10811868144987 15.25
2649 13502.8687782034 13502.8687782034 0.634520752808001 2.10811868144987 15.25
2650 13504.4475857314 13504.4475857314 0.634520752808001 2.10811868144987 15.25
2651 13506.0265222032 13506.0265222032 0.634520752808001 2.10811868144987 15.25
2652 13507.6055875737 13507.6055875737 0.634520752808001 2.10811868144987 15.25
2653 13509.1847817955 13509.1847817955 0.634520752808001 2.10811868144987 15.25
2654 13510.7641048095 13510.7641048095 0.634520752808001 2.10811868144987 15.25
2655 13512.3435565844 13512.3435565844 0.634520752808001 2.10811868144987 15.25
2656 13513.9231370773 13513.9231370773 0.634520752808001 2.10811868144987 15.25
2657 13515.502846243 13515.502846243 0.634520752808001 2.10811868144987 15.25
2658 13517.0826840364 13517.0826840364 0.634520752808001 2.10811868144987 15.25
2659 13518.6626504123 13518.6626504123 0.634520752808001 2.10811868144987 15.25
2660 13520.2427453258 13520.2427453258 0.634520752808001 2.10811868144987 15.25
2661 13521.8229687318 13521.8229687318 0.634520752808001 2.10811868144987 15.25
2662 13523.4033205851 13523.4033205851 0.634520752808001 2.10811868144987 15.25
2663 13524.9838008408 13524.9838008408 0.634520752808001 2.10811868144987 15.25
2664 13526.5644094538 13526.5644094538 0.634520752808001 2.10811868144987 15.25
2665 13528.1451463698 13528.1451463698 0.634520752808001 2.10811868144987 15.25
2666 13529.7260115506 13529.7260115506 0.634520752808001 2.10811868144987 15.25
2667 13531.307004945 13531.307004945 0.634520752808001 2.10811868144987 15.25
2668 13532.8881265079 13532.8881265079 0.634520752808001 2.10811868144987 15.25
2669 13534.4693762033 13534.4693762033 0.634520752808001 2.10811868144987 15.25
2670 13536.0507539865 13536.0507539865 0.634520752808001 2.10811868144987 15.25
2671 13537.6322598125 13537.6322598125 0.634520752808001 2.10811868144987 15.25
2672 13539.2138936364 13539.2138936364 0.634520752808001 2.10811868144987 15.25
2673 13540.7956554135 13540.7956554135 0.634520752808001 2.10811868144987 15.25
2674 13542.3775450987 13542.3775450987 0.634520752808001 2.10811868144987 15.25
2675 13543.9595626476 13543.9595626476 0.634520752808001 2.10811868144987 15.25
2676 13545.5417080148 13545.5417080148 0.634520752808001 2.10811868144987 15.25
2677 13547.123981156 13547.123981156 0.634520752808001 2.10811868144987 15.25
2678 13548.7063820263 13548.7063820263 0.634520752808001 2.10811868144987 15.25
2679 13550.2889105787 13550.2889105787 0.634520752808001 2.10811868144987 15.25
2680 13551.8715667707 13551.8715667707 0.634520752808001 2.10811868144987 15.25
2681 13553.4543505419 13553.4543505419 0.634520752808001 2.10811868144987 15.25
2682 13555.037261861 13555.037261861 0.634520752808001 2.10811868144987 15.25
2683 13556.6203006856 13556.6203006856 0.634520752808001 2.10811868144987 15.25
2684 13558.2034669711 13558.2034669711 0.634520752808001 2.10811868144987 15.25
2685 13559.7867606728 13559.7867606728 0.634520752808001 2.10811868144987 15.25
2686 13561.370181746 13561.370181746 0.634520752808001 2.10811868144987 15.25
2687 13562.9537301463 13562.9537301463 0.634520752808001 2.10811868144987 15.25
2688 13564.537405829 13564.537405829 0.634520752808001 2.10811868144987 15.25
2689 13566.1212087493 13566.1212087493 0.634520752808001 2.10811868144987 15.25
2690 13567.705138863 13567.705138863 0.634520752808001 2.10811868144987 15.25
2691 13569.2891961254 13569.2891961254 0.634520752808001 2.10811868144987 15.25
2692 13570.873380492 13570.873380492 0.634520752808001 2.10811868144987 15.25
2693 13572.4576919182 13572.4576919182 0.634520752808001 2.10811868144987 15.25
2694 13574.0421303529 13574.0421303529 0.634520752808001 2.10811868144987 15.25
2695 13575.6266957471 13575.6266957471 0.634520752808001 2.10811868144987 15.25
2696 13577.2113880674 13577.2113880674 0.634520752808001 2.10811868144987 15.25
2697 13578.7962072697 13578.7962072697 0.634520752808001 2.10811868144987 15.25
2698 13580.3811533093 13580.3811533093 0.634520752808001 2.10811868144987 15.25
2699 13581.9662261419 13581.9662261419 0.634520752808001 2.10811868144987 15.25
2700 13583.5514257231 13583.5514257231 0.634520752808001 2.10811868144987 15.25
2701 13585.1367520086 13585.1367520086 0.634520752808001 2.10811868144987 15.25
2702 13586.7222049539 13586.7222049539 0.634520752808001 2.10811868144987 15.25
2703 13588.3077845148 13588.3077845148 0.634520752808001 2.10811868144987 15.25
2704 13589.8934906469 13589.8934906469 0.634520752808001 2.10811868144987 15.25
2705 13591.4793233037 13591.4793233037 0.634520752808001 2.10811868144987 15.25
2706 13593.0652824431 13593.0652824431 0.634520752808001 2.10811868144987 15.25
2707 13594.651368021 13594.651368021 0.634520752808001 2.10811868144987 15.25
2708 13596.2375799794 13596.2375799794 0.634520752808001 2.10811868144987 15.25
2709 13597.8239182752 13597.8239182752 0.634520752808001 2.10811868144987 15.25
2710 13599.4103828731 13599.4103828731 0.634520752808001 2.10811868144987 15.25
2711 13600.9969737324 13600.9969737324 0.634520752808001 2.10811868144987 15.25
2712 13602.583690809 13602.583690809 0.634520752808001 2.10811868144987 15.25
2713 13604.1705340588 13604.1705340588 0.634520752808001 2.10811868144987 15.25
2714 13605.7575034376 13605.7575034376 0.634520752808001 2.10811868144987 15.25
2715 13607.3445989014 13607.3445989014 0.634520752808001 2.10811868144987 15.25
2716 13608.9318204058 13608.9318204058 0.634520752808001 2.10811868144987 15.25
2717 13610.5191679069 13610.5191679069 0.634520752808001 2.10811868144987 15.25
2718 13612.1066413606 13612.1066413606 0.634520752808001 2.10811868144987 15.25
2719 13613.6942407229 13613.6942407229 0.634520752808001 2.10811868144987 15.25
2720 13615.2819659498 13615.2819659498 0.634520752808001 2.10811868144987 15.25
2721 13616.8698169923 13616.8698169923 0.634520752808001 2.10811868144987 15.25
2722 13618.457793798 13618.457793798 0.634520752808001 2.10811868144987 15.25
2723 13620.0458963361 13620.0458963361 0.634520752808001 2.10811868144987 15.25
2724 13621.6341245627 13621.6341245627 0.634520752808001 2.10811868144987 15.25
2725 13623.2224784336 13623.2224784336 0.634520752808001 2.10811868144987 15.25
2726 13624.8109579054 13624.8109579054 0.634520752808001 2.10811868144987 15.25
2727 13626.3995629338 13626.3995629338 0.634520752808001 2.10811868144987 15.25
2728 13627.9882934748 13627.9882934748 0.634520752808001 2.10811868144987 15.25
2729 13629.5771494848 13629.5771494848 0.634520752808001 2.10811868144987 15.25
2730 13631.1661309196 13631.1661309196 0.634520752808001 2.10811868144987 15.25
2731 13632.7552377335 13632.7552377335 0.634520752808001 2.10811868144987 15.25
2732 13634.3444698845 13634.3444698845 0.634520752808001 2.10811868144987 15.25
2733 13635.933827329 13635.933827329 0.634520752808001 2.10811868144987 15.25
2734 13637.5233100232 13637.5233100232 0.634520752808001 2.10811868144987 15.25
2735 13639.1129179119 13639.1129179119 0.634520752808001 2.10811868144987 15.25
2736 13640.7026509561 13640.7026509561 0.634520752808001 2.10811868144987 15.25
2737 13642.2925091186 13642.2925091186 0.634520752808001 2.10811868144987 15.25
2738 13643.8824923556 13643.8824923556 0.634520752808001 2.10811868144987 15.25
2739 13645.4726006236 13645.4726006236 0.634520752808001 2.10811868144987 15.25
2740 13647.0628338785 13647.0628338785 0.634520752808001 2.10811868144987 15.25
2741 13648.6531920772 13648.6531920772 0.634520752808001 2.10811868144987 15.25
2742 13650.2436751757 13650.2436751757 0.634520752808001 2.10811868144987 15.25
2743 13651.8342831302 13651.8342831302 0.634520752808001 2.10811868144987 15.25
2744 13653.4250158973 13653.4250158973 0.634520752808001 2.10811868144987 15.25
2745 13655.0158734332 13655.0158734332 0.634520752808001 2.10811868144987 15.25
2746 13656.6068556946 13656.6068556946 0.634520752808001 2.10811868144987 15.25
2747 13658.1979626376 13658.1979626376 0.634520752808001 2.10811868144987 15.25
2748 13659.7891942165 13659.7891942165 0.634520752808001 2.10811868144987 15.25
2749 13661.3805503743 13661.3805503743 0.634520752808001 2.10811868144987 15.25
2750 13662.9720310829 13662.9720310829 0.634520752808001 2.10811868144987 15.25
2751 13664.5636362994 13664.5636362994 0.634520752808001 2.10811868144987 15.25
2752 13666.1553659798 13666.1553659798 0.634520752808001 2.10811868144987 15.25
2753 13667.7472200739 13667.7472200739 0.634520752808001 2.10811868144987 15.25
2754 13669.3391985405 13669.3391985405 0.634520752808001 2.10811868144987 15.25
2755 13670.9313013408 13670.9313013408 0.634520752808001 2.10811868144987 15.25
2756 13672.5235284311 13672.5235284311 0.634520752808001 2.10811868144987 15.25
2757 13674.1158797685 13674.1158797685 0.634520752808001 2.10811868144987 15.25
2758 13675.7083553069 13675.7083553069 0.634520752808001 2.10811868144987 15.25
2759 13677.3009550053 13677.3009550053 0.634520752808001 2.10811868144987 15.25
2760 13678.8936788204 13678.8936788204 0.634520752808001 2.10811868144987 15.25
2761 13680.4865267087 13680.4865267087 0.634520752808001 2.10811868144987 15.25
2762 13682.079498618 13682.079498618 0.634520752808001 2.10811868144987 15.25
2763 13683.672594505 13683.672594505 0.634520752808001 2.10811868144987 15.25
2764 13685.2658143351 13685.2658143351 0.634520752808001 2.10811868144987 15.25
2765 13686.8591580656 13686.8591580656 0.634520752808001 2.10811868144987 15.25
2766 13688.4526256527 13688.4526256527 0.634520752808001 2.10811868144987 15.25
2767 13690.0462170534 13690.0462170534 0.634520752808001 2.10811868144987 15.25
2768 13691.6399322245 13691.6399322245 0.634520752808001 2.10811868144987 15.25
2769 13693.2337711226 13693.2337711226 0.634520752808001 2.10811868144987 15.25
2770 13694.8277337046 13694.8277337046 0.634520752808001 2.10811868144987 15.25
2771 13696.4218199273 13696.4218199273 0.634520752808001 2.10811868144987 15.25
2772 13698.0160297476 13698.0160297476 0.634520752808001 2.10811868144987 15.25
2773 13699.6103631223 13699.6103631223 0.634520752808001 2.10811868144987 15.25
2774 13701.2048200083 13701.2048200083 0.634520752808001 2.10811868144987 15.25
2775 13702.7994003624 13702.7994003624 0.634520752808001 2.10811868144987 15.25
2776 13704.3941041235 13704.3941041235 0.634520752808001 2.10811868144987 15.25
2777 13705.9889312667 13705.9889312667 0.634520752808001 2.10811868144987 15.25
2778 13707.5838817487 13707.5838817487 0.634520752808001 2.10811868144987 15.25
2779 13709.1789555266 13709.1789555266 0.634520752808001 2.10811868144987 15.25
2780 13710.7741525573 13710.7741525573 0.634520752808001 2.10811868144987 15.25
2781 13712.3694727979 13712.3694727979 0.634520752808001 2.10811868144987 15.25
2782 13713.9649162053 13713.9649162053 0.634520752808001 2.10811868144987 15.25
2783 13715.5604827365 13715.5604827365 0.634520752808001 2.10811868144987 15.25
2784 13717.1561723486 13717.1561723486 0.634520752808001 2.10811868144987 15.25
2785 13718.7519849986 13718.7519849986 0.634520752808001 2.10811868144987 15.25
2786 13720.3479206413 13720.3479206413 0.634520752808001 2.10811868144987 15.25
2787 13721.9439792363 13721.9439792363 0.634520752808001 2.10811868144987 15.25
2788 13723.5401607402 13723.5401607402 0.634520752808001 2.10811868144987 15.25
2789 13725.1364651037 13725.1364651037 0.634520752808001 2.10811868144987 15.25
2790 13726.7328922794 13726.7328922794 0.634520752808001 2.10811868144987 15.25
2791 13728.3294422357 13728.3294422357 0.634520752808001 2.10811868144987 15.25
2792 13729.9261149298 13729.9261149298 0.634520752808001 2.10811868144987 15.25
2793 13731.5229103187 13731.5229103187 0.634520752808001 2.10811868144987 15.25
2794 13733.1198283599 13733.1198283599 0.634520752808001 2.10811868144987 15.25
2795 13734.7168690105 13734.7168690105 0.634520752808001 2.10811868144987 15.25
2796 13736.3140322274 13736.3140322274 0.634520752808001 2.10811868144987 15.25
2797 13737.911317963 13737.911317963 0.634520752808001 2.10811868144987 15.25
2798 13739.5087261739 13739.5087261739 0.634520752808001 2.10811868144987 15.25
2799 13741.1062568232 13741.1062568232 0.634520752808001 2.10811868144987 15.25
2800 13742.7039098682 13742.7039098682 0.634520752808001 2.10811868144987 15.25
2801 13744.3016852663 13744.3016852663 0.634520752808001 2.10811868144987 15.25
2802 13745.8995829747 13745.8995829747 0.634520752808001 2.10811868144987 15.25
2803 13747.4976029351 13747.4976029351 0.634520752808001 2.10811868144987 15.25
2804 13749.0957451183 13749.0957451183 0.634520752808001 2.10811868144987 15.25
2805 13750.6940094839 13750.6940094839 0.634520752808001 2.10811868144987 15.25
2806 13752.2923959893 13752.2923959893 0.634520752808001 2.10811868144987 15.25
2807 13753.8909045922 13753.8909045922 0.634520752808001 2.10811868144987 15.25
2808 13755.4895352497 13755.4895352497 0.634520752808001 2.10811868144987 15.25
2809 13757.0882879195 13757.0882879195 0.634520752808001 2.10811868144987 15.25
2810 13758.6871625588 13758.6871625588 0.634520752808001 2.10811868144987 15.25
2811 13760.2861591252 13760.2861591252 0.634520752808001 2.10811868144987 15.25
2812 13761.8852775764 13761.8852775764 0.634520752808001 2.10811868144987 15.25
2813 13763.4845178694 13763.4845178694 0.634520752808001 2.10811868144987 15.25
2814 13765.0838799623 13765.0838799623 0.634520752808001 2.10811868144987 15.25
2815 13766.6833638101 13766.6833638101 0.634520752808001 2.10811868144987 15.25
2816 13768.2829693682 13768.2829693682 0.634520752808001 2.10811868144987 15.25
2817 13769.8826965852 13769.8826965852 0.634520752808001 2.10811868144987 15.25
2818 13771.482545432 13771.482545432 0.634520752808001 2.10811868144987 15.25
2819 13773.0825158665 13773.0825158665 0.634520752808001 2.10811868144987 15.25
2820 13774.6826078462 13774.6826078462 0.634520752808001 2.10811868144987 15.25
2821 13776.2828213287 13776.2828213287 0.634520752808001 2.10811868144987 15.25
2822 13777.8831562718 13777.8831562718 0.634520752808001 2.10811868144987 15.25
2823 13779.4836126331 13779.4836126331 0.634520752808001 2.10811868144987 15.25
2824 13781.0841903703 13781.0841903703 0.634520752808001 2.10811868144987 15.25
2825 13782.6848894411 13782.6848894411 0.634520752808001 2.10811868144987 15.25
2826 13784.2857098032 13784.2857098032 0.634520752808001 2.10811868144987 15.25
2827 13785.8866514144 13785.8866514144 0.634520752808001 2.10811868144987 15.25
2828 13787.4877142325 13787.4877142325 0.634520752808001 2.10811868144987 15.25
2829 13789.0888982151 13789.0888982151 0.634520752808001 2.10811868144987 15.25
2830 13790.6902033069 13790.6902033069 0.634520752808001 2.10811868144987 15.25
2831 13792.2916294742 13792.2916294742 0.634520752808001 2.10811868144987 15.25
2832 13793.8931766798 13793.8931766798 0.634520752808001 2.10811868144987 15.25
2833 13795.494844881 13795.494844881 0.634520752808001 2.10811868144987 15.25
2834 13797.0966340362 13797.0966340362 0.634520752808001 2.10811868144987 15.25
2835 13798.698544103 13798.698544103 0.634520752808001 2.10811868144987 15.25
2836 13800.3005750393 13800.3005750393 0.634520752808001 2.10811868144987 15.25
2837 13801.9027268032 13801.9027268032 0.634520752808001 2.10811868144987 15.25
2838 13803.5049993524 13803.5049993524 0.634520752808001 2.10811868144987 15.25
2839 13805.1073926449 13805.1073926449 0.634520752808001 2.10811868144987 15.25
2840 13806.7099066388 13806.7099066388 0.634520752808001 2.10811868144987 15.25
2841 13808.3125412878 13808.3125412878 0.634520752808001 2.10811868144987 15.25
2842 13809.9152965472 13809.9152965472 0.634520752808001 2.10811868144987 15.25
2843 13811.5181723777 13811.5181723777 0.634520752808001 2.10811868144987 15.25
2844 13813.1211687278 13813.1211687278 0.634520752808001 2.10811868144987 15.25
2845 13814.7242855692 13814.7242855692 0.634520752808001 2.10811868144987 15.25
2846 13816.3275228578 13816.3275228578 0.634520752808001 2.10811868144987 15.25
2847 13817.9308805539 13817.9308805539 0.634520752808001 2.10811868144987 15.25
2848 13819.5343586156 13819.5343586156 0.634520752808001 2.10811868144987 15.25
2849 13821.137957001 13821.137957001 0.634520752808001 2.10811868144987 15.25
2850 13822.7416756681 13822.7416756681 0.634520752808001 2.10811868144987 15.25
2851 13824.3455145753 13824.3455145753 0.634520752808001 2.10811868144987 15.25
2852 13825.9494736805 13825.9494736805 0.634520752808001 2.10811868144987 15.25
2853 13827.5535529421 13827.5535529421 0.634520752808001 2.10811868144987 15.25
2854 13829.1577523179 13829.1577523179 0.634520752808001 2.10811868144987 15.25
2855 13830.7620717666 13830.7620717666 0.634520752808001 2.10811868144987 15.25
2856 13832.3665112461 13832.3665112461 0.634520752808001 2.10811868144987 15.25
2857 13833.9710707035 13833.9710707035 0.634520752808001 2.10811868144987 15.25
2858 13835.5757501014 13835.5757501014 0.634520752808001 2.10811868144987 15.25
2859 13837.1805494049 13837.1805494049 0.634520752808001 2.10811868144987 15.25
2860 13838.7854685726 13838.7854685726 0.634520752808001 2.10811868144987 15.25
2861 13840.3905075624 13840.3905075624 0.634520752808001 2.10811868144987 15.25
2862 13841.9956663328 13841.9956663328 0.634520752808001 2.10811868144987 15.25
2863 13843.600944842 13843.600944842 0.634520752808001 2.10811868144987 15.25
2864 13845.2063430485 13845.2063430485 0.634520752808001 2.10811868144987 15.25
2865 13846.8118609106 13846.8118609106 0.634520752808001 2.10811868144987 15.25
2866 13848.4174983866 13848.4174983866 0.634520752808001 2.10811868144987 15.25
2867 13850.0232554351 13850.0232554351 0.634520752808001 2.10811868144987 15.25
2868 13851.6291320144 13851.6291320144 0.634520752808001 2.10811868144987 15.25
2869 13853.2351280829 13853.2351280829 0.634520752808001 2.10811868144987 15.25
2870 13854.8412435969 13854.8412435969 0.634520752808001 2.10811868144987 15.25
2871 13856.4474785012 13856.4474785012 0.634520752808001 2.10811868144987 15.25
2872 13858.0538327701 13858.0538327701 0.634520752808001 2.10811868144987 15.25
2873 13859.6603063622 13859.6603063622 0.634520752808001 2.10811868144987 15.25
2874 13861.2668992359 13861.2668992359 0.634520752808001 2.10811868144987 15.25
2875 13862.8736113497 13862.8736113497 0.634520752808001 2.10811868144987 15.25
2876 13864.4804426624 13864.4804426624 0.634520752808001 2.10811868144987 15.25
2877 13866.0873931299 13866.0873931299 0.634520752808001 2.10811868144987 15.25
2878 13867.6944627133 13867.6944627133 0.634520752808001 2.10811868144987 15.25
2879 13869.3016513712 13869.3016513712 0.634520752808001 2.10811868144987 15.25
2880 13870.9089590622 13870.9089590622 0.634520752808001 2.10811868144987 15.25
2881 13872.5163857448 13872.5163857448 0.634520752808001 2.10811868144987 15.25
2882 13874.1239313776 13874.1239313776 0.634520752808001 2.10811868144987 15.25
2883 13875.7315959197 13875.7315959197 0.634520752808001 2.10811868144987 15.25
2884 13877.3393793202 13877.3393793202 0.634520752808001 2.10811868144987 15.25
2885 13878.9472815352 13878.9472815352 0.634520752808001 2.10811868144987 15.25
2886 13880.5553025276 13880.5553025276 0.634520752808001 2.10811868144987 15.25
2887 13882.1634422637 13882.1634422637 0.634520752808001 2.10811868144987 15.25
2888 13883.7717007024 13883.7717007024 0.634520752808001 2.10811868144987 15.25
2889 13885.3800778023 13885.3800778023 0.634520752808001 2.10811868144987 15.25
2890 13886.9885735223 13886.9885735223 0.634520752808001 2.10811868144987 15.25
2891 13888.5971878211 13888.5971878211 0.634520752808001 2.10811868144987 15.25
2892 13890.2059206576 13890.2059206576 0.634520752808001 2.10811868144987 15.25
2893 13891.8147719905 13891.8147719905 0.634520752808001 2.10811868144987 15.25
2894 13893.4237417786 13893.4237417786 0.634520752808001 2.10811868144987 15.25
2895 13895.0328299811 13895.0328299811 0.634520752808001 2.10811868144987 15.25
2896 13896.6420365564 13896.6420365564 0.634520752808001 2.10811868144987 15.25
2897 13898.2513614636 13898.2513614636 0.634520752808001 2.10811868144987 15.25
2898 13899.8608046436 13899.8608046436 0.634520752808001 2.10811868144987 15.25
2899 13901.4703660733 13901.4703660733 0.634520752808001 2.10811868144987 15.25
2900 13903.0800457116 13903.0800457116 0.634520752808001 2.10811868144987 15.25
2901 13904.6898435175 13904.6898435175 0.634520752808001 2.10811868144987 15.25
2902 13906.2997594499 13906.2997594499 0.634520752808001 2.10811868144987 15.25
2903 13907.9097934678 13907.9097934678 0.634520752808001 2.10811868144987 15.25
2904 13909.5199455302 13909.5199455302 0.634520752808001 2.10811868144987 15.25
2905 13911.1302155963 13911.1302155963 0.634520752808001 2.10811868144987 15.25
2906 13912.7406036248 13912.7406036248 0.634520752808001 2.10811868144987 15.25
2907 13914.3511095749 13914.3511095749 0.634520752808001 2.10811868144987 15.25
2908 13915.9617334057 13915.9617334057 0.634520752808001 2.10811868144987 15.25
2909 13917.572475074 13917.572475074 0.634520752808001 2.10811868144987 15.25
2910 13919.1833345411 13919.1833345411 0.634520752808001 2.10811868144987 15.25
2911 13920.7943117593 13920.7943117593 0.634520752808001 2.10811868144987 15.25
2912 13922.4054066833 13922.4054066833 0.634520752808001 2.10811868144987 15.25
2913 13924.0166192835 13924.0166192835 0.634520752808001 2.10811868144987 15.25
2914 13925.6279495189 13925.6279495189 0.634520752808001 2.10811868144987 15.25
2915 13927.239397349 13927.239397349 0.634520752808001 2.10811868144987 15.25
2916 13928.8509627327 13928.8509627327 0.634520752808001 2.10811868144987 15.25
2917 13930.4626456294 13930.4626456294 0.634520752808001 2.10811868144987 15.25
2918 13932.0744459981 13932.0744459981 0.634520752808001 2.10811868144987 15.25
2919 13933.6863637982 13933.6863637982 0.634520752808001 2.10811868144987 15.25
2920 13935.2983989889 13935.2983989889 0.634520752808001 2.10811868144987 15.25
2921 13936.9105515294 13936.9105515294 0.634520752808001 2.10811868144987 15.25
2922 13938.5228213791 13938.5228213791 0.634520752808001 2.10811868144987 15.25
2923 13940.1352084973 13940.1352084973 0.634520752808001 2.10811868144987 15.25
2924 13941.7477128431 13941.7477128431 0.634520752808001 2.10811868144987 15.25
2925 13943.3603343604 13943.3603343604 0.634520752808001 2.10811868144987 15.25
2926 13944.9730730217 13944.9730730217 0.634520752808001 2.10811868144987 15.25
2927 13946.5859287889 13946.5859287889 0.634520752808001 2.10811868144987 15.25
2928 13948.1989016212 13948.1989016212 0.634520752808001 2.10811868144987 15.25
2929 13949.8119914764 13949.8119914764 0.634520752808001 2.10811868144987 15.25
2930 13951.425198307 13951.425198307 0.634520752808001 2.10811868144987 15.25
2931 13953.038522081 13953.038522081 0.634520752808001 2.10811868144987 15.25
2932 13954.6519627578 13954.6519627578 0.634520752808001 2.10811868144987 15.25
2933 13956.2655202969 13956.2655202969 0.634520752808001 2.10811868144987 15.25
2934 13957.8791946579 13957.8791946579 0.634520752808001 2.10811868144987 15.25
2935 13959.4929858 13959.4929858 0.634520752808001 2.10811868144987 15.25
2936 13961.1068936829 13961.1068936829 0.634520752808001 2.10811868144987 15.25
2937 13962.7209182661 13962.7209182661 0.634520752808001 2.10811868144987 15.25
2938 13964.3350595023 13964.3350595023 0.634520752808001 2.10811868144987 15.25
2939 13965.9493173467 13965.9493173467 0.634520752808001 2.10811868144987 15.25
2940 13967.5636917699 13967.5636917699 0.634520752808001 2.10811868144987 15.25
2941 13969.1781827317 13969.1781827317 0.634520752808001 2.10811868144987 15.25
2942 13970.7927901916 13970.7927901916 0.634520752808001 2.10811868144987 15.25
2943 13972.4075141091 13972.4075141091 0.634520752808001 2.10811868144987 15.25
2944 13974.0223544441 13974.0223544441 0.634520752808001 2.10811868144987 15.25
2945 13975.6373111539 13975.6373111539 0.634520752808001 2.10811868144987 15.25
2946 13977.2523842002 13977.2523842002 0.634520752808001 2.10811868144987 15.25
2947 13978.8675735429 13978.8675735429 0.634520752808001 2.10811868144987 15.25
2948 13980.4828791417 13980.4828791417 0.634520752808001 2.10811868144987 15.25
2949 13982.0983009562 13982.0983009562 0.634520752808001 2.10811868144987 15.25
2950 13983.7138389461 13983.7138389461 0.634520752808001 2.10811868144987 15.25
2951 13985.3294930713 13985.3294930713 0.634520752808001 2.10811868144987 15.25
2952 13986.9452632778 13986.9452632778 0.634520752808001 2.10811868144987 15.25
2953 13988.5611495346 13988.5611495346 0.634520752808001 2.10811868144987 15.25
2954 13990.1771518059 13990.1771518059 0.634520752808001 2.10811868144987 15.25
2955 13991.7932700515 13991.7932700515 0.634520752808001 2.10811868144987 15.25
2956 13993.4095042312 13993.4095042312 0.634520752808001 2.10811868144987 15.25
2957 13995.0258543049 13995.0258543049 0.634520752808001 2.10811868144987 15.25
2958 13996.6423202325 13996.6423202325 0.634520752808001 2.10811868144987 15.25
2959 13998.2589019737 13998.2589019737 0.634520752808001 2.10811868144987 15.25
2960 13999.8755994885 13999.8755994885 0.634520752808001 2.10811868144987 15.25
2961 14001.4924127367 14001.4924127367 0.634520752808001 2.10811868144987 15.25
2962 14003.1093416783 14003.1093416783 0.634520752808001 2.10811868144987 15.25
2963 14004.7263862732 14004.7263862732 0.634520752808001 2.10811868144987 15.25
2964 14006.3435464814 14006.3435464814 0.634520752808001 2.10811868144987 15.25
2965 14007.9608222583 14007.9608222583 0.634520752808001 2.10811868144987 15.25
2966 14009.5782135547 14009.5782135547 0.634520752808001 2.10811868144987 15.25
2967 14011.1957203443 14011.1957203443 0.634520752808001 2.10811868144987 15.25
2968 14012.8133425871 14012.8133425871 0.634520752808001 2.10811868144987 15.25
2969 14014.4310802431 14014.4310802431 0.634520752808001 2.10811868144987 15.25
2970 14016.0489332723 14016.0489332723 0.634520752808001 2.10811868144987 15.25
2971 14017.6669016348 14017.6669016348 0.634520752808001 2.10811868144987 15.25
2972 14019.2849852906 14019.2849852906 0.634520752808001 2.10811868144987 15.25
2973 14020.9031841993 14020.9031841993 0.634520752808001 2.10811868144987 15.25
2974 14022.5214983122 14022.5214983122 0.634520752808001 2.10811868144987 15.25
2975 14024.1399275987 14024.1399275987 0.634520752808001 2.10811868144987 15.25
2976 14025.7584720189 14025.7584720189 0.634520752808001 2.10811868144987 15.25
2977 14027.3771315332 14027.3771315332 0.634520752808001 2.10811868144987 15.25
2978 14028.9959061015 14028.9959061015 0.634520752808001 2.10811868144987 15.25
2979 14030.6147956705 14030.6147956705 0.634520752808001 2.10811868144987 15.25
2980 14032.2338002095 14032.2338002095 0.634520752808001 2.10811868144987 15.25
2981 14033.8529196832 14033.8529196832 0.634520752808001 2.10811868144987 15.25
2982 14035.4721540495 14035.4721540495 0.634520752808001 2.10811868144987 15.25
2983 14037.091503271 14037.091503271 0.634520752808001 2.10811868144987 15.25
2984 14038.7109673078 14038.7109673078 0.634520752808001 2.10811868144987 15.25
2985 14040.3305461203 14040.3305461203 0.634520752808001 2.10811868144987 15.25
2986 14041.9502396688 14041.9502396688 0.634520752808001 2.10811868144987 15.25
2987 14043.5700479135 14043.5700479135 0.634520752808001 2.10811868144987 15.25
2988 14045.1899708148 14045.1899708148 0.634520752808001 2.10811868144987 15.25
2989 14046.810008333 14046.810008333 0.634520752808001 2.10811868144987 15.25
2990 14048.4301604285 14048.4301604285 0.634520752808001 2.10811868144987 15.25
2991 14050.0504270615 14050.0504270615 0.634520752808001 2.10811868144987 15.25
2992 14051.6708081903 14051.6708081903 0.634520752808001 2.10811868144987 15.25
2993 14053.2913037617 14053.2913037617 0.634520752808001 2.10811868144987 15.25
2994 14054.9119137519 14054.9119137519 0.634520752808001 2.10811868144987 15.25
2995 14056.5326381212 14056.5326381212 0.634520752808001 2.10811868144987 15.25
2996 14058.1534768303 14058.1534768303 0.634520752808001 2.10811868144987 15.25
2997 14059.7744298394 14059.7744298394 0.634520752808001 2.10811868144987 15.25
2998 14061.3954971092 14061.3954971092 0.634520752808001 2.10811868144987 15.25
2999 14063.0166786 14063.0166786 0.634520752808001 2.10811868144987 15.25
3000 14064.6379742725 14064.6379742725 0.634520752808001 2.10811868144987 15.25
3001 14066.259384087 14066.259384087 0.634520752808001 2.10811868144987 15.25
3002 14067.8809080041 14067.8809080041 0.634520752808001 2.10811868144987 15.25
3003 14069.5025459844 14069.5025459844 0.634520752808001 2.10811868144987 15.25
3004 14071.1242979885 14071.1242979885 0.634520752808001 2.10811868144987 15.25
3005 14072.7461639769 14072.7461639769 0.634520752808001 2.10811868144987 15.25
3006 14074.3681438989 14074.3681438989 0.634520752808001 2.10811868144987 15.25
3007 14075.9902377197 14075.9902377197 0.634520752808001 2.10811868144987 15.25
3008 14077.6124454066 14077.6124454066 0.634520752808001 2.10811868144987 15.25
3009 14079.2347669203 14079.2347669203 0.634520752808001 2.10811868144987 15.25
3010 14080.8572022214 14080.8572022214 0.634520752808001 2.10811868144987 15.25
3011 14082.4797512707 14082.4797512707 0.634520752808001 2.10811868144987 15.25
3012 14084.1024140288 14084.1024140288 0.634520752808001 2.10811868144987 15.25
3013 14085.7251904564 14085.7251904564 0.634520752808001 2.10811868144987 15.25
3014 14087.3480805143 14087.3480805143 0.634520752808001 2.10811868144987 15.25
3015 14088.9710841631 14088.9710841631 0.634520752808001 2.10811868144987 15.25
3016 14090.5942013636 14090.5942013636 0.634520752808001 2.10811868144987 15.25
3017 14092.2174320766 14092.2174320766 0.634520752808001 2.10811868144987 15.25
3018 14093.8407762536 14093.8407762536 0.634520752808001 2.10811868144987 15.25
3019 14095.464233862 14095.464233862 0.634520752808001 2.10811868144987 15.25
3020 14097.0878048494 14097.0878048494 0.634520752808001 2.10811868144987 15.25
3021 14098.7114891902 14098.7114891902 0.634520752808001 2.10811868144987 15.25
3022 14100.3352868475 14100.3352868475 0.634520752808001 2.10811868144987 15.25
3023 14101.9591977823 14101.9591977823 0.634520752808001 2.10811868144987 15.25
3024 14103.5832219554 14103.5832219554 0.634520752808001 2.10811868144987 15.25
3025 14105.2073593275 14105.2073593275 0.634520752808001 2.10811868144987 15.25
3026 14106.8316098598 14106.8316098598 0.634520752808001 2.10811868144987 15.25
3027 14108.455973513 14108.455973513 0.634520752808001 2.10811868144987 15.25
3028 14110.0804502481 14110.0804502481 0.634520752808001 2.10811868144987 15.25
3029 14111.7050400261 14111.7050400261 0.634520752808001 2.10811868144987 15.25
3030 14113.3297428079 14113.3297428079 0.634520752808001 2.10811868144987 15.25
3031 14114.9545585545 14114.9545585545 0.634520752808001 2.10811868144987 15.25
3032 14116.5794872269 14116.5794872269 0.634520752808001 2.10811868144987 15.25
3033 14118.2045287769 14118.2045287769 0.634520752808001 2.10811868144987 15.25
3034 14119.8296831659 14119.8296831659 0.634520752808001 2.10811868144987 15.25
3035 14121.4549503636 14121.4549503636 0.634520752808001 2.10811868144987 15.25
3036 14123.0803303313 14123.0803303313 0.634520752808001 2.10811868144987 15.25
3037 14124.7058230299 14124.7058230299 0.634520752808001 2.10811868144987 15.25
3038 14126.3314284207 14126.3314284207 0.634520752808001 2.10811868144987 15.25
3039 14127.9571464645 14127.9571464645 0.634520752808001 2.10811868144987 15.25
3040 14129.5829771227 14129.5829771227 0.634520752808001 2.10811868144987 15.25
3041 14131.2089203563 14131.2089203563 0.634520752808001 2.10811868144987 15.25
3042 14132.8349761264 14132.8349761264 0.634520752808001 2.10811868144987 15.25
3043 14134.4611443943 14134.4611443943 0.634520752808001 2.10811868144987 15.25
3044 14136.0874251209 14136.0874251209 0.634520752808001 2.10811868144987 15.25
3045 14137.7138182679 14137.7138182679 0.634520752808001 2.10811868144987 15.25
3046 14139.340323796 14139.340323796 0.634520752808001 2.10811868144987 15.25
3047 14140.9669416486 14140.9669416486 0.634520752808001 2.10811868144987 15.25
3048 14142.5936718049 14142.5936718049 0.634520752808001 2.10811868144987 15.25
3049 14144.2205142262 14144.2205142262 0.634520752808001 2.10811868144987 15.25
3050 14145.8474688737 14145.8474688737 0.634520752808001 2.10811868144987 15.25
3051 14147.474535709 14147.474535709 0.634520752808001 2.10811868144987 15.25
3052 14149.1017146928 14149.1017146928 0.634520752808001 2.10811868144987 15.25
3053 14150.729005787 14150.729005787 0.634520752808001 2.10811868144987 15.25
3054 14152.3564089526 14152.3564089526 0.634520752808001 2.10811868144987 15.25
3055 14153.9839241511 14153.9839241511 0.634520752808001 2.10811868144987 15.25
3056 14155.6115513437 14155.6115513437 0.634520752808001 2.10811868144987 15.25
3057 14157.2392904919 14157.2392904919 0.634520752808001 2.10811868144987 15.25
3058 14158.8671415571 14158.8671415571 0.634520752808001 2.10811868144987 15.25
3059 14160.4951045006 14160.4951045006 0.634520752808001 2.10811868144987 15.25
3060 14162.1231792749 14162.1231792749 0.634520752808001 2.10811868144987 15.25
3061 14163.7513658412 14163.7513658412 0.634520752808001 2.10811868144987 15.25
3062 14165.3796641624 14165.3796641624 0.634520752808001 2.10811868144987 15.25
3063 14167.0080742062 14167.0080742062 0.634520752808001 2.10811868144987 15.25
3064 14168.6365959332 14168.6365959332 0.634520752808001 2.10811868144987 15.25
3065 14170.2652293073 14170.2652293073 0.634520752808001 2.10811868144987 15.25
3066 14171.8939742901 14171.8939742901 0.634520752808001 2.10811868144987 15.25
3067 14173.522830843 14173.522830843 0.634520752808001 2.10811868144987 15.25
3068 14175.1517989277 14175.1517989277 0.634520752808001 2.10811868144987 15.25
3069 14176.7808785054 14176.7808785054 0.634520752808001 2.10811868144987 15.25
3070 14178.4100695381 14178.4100695381 0.634520752808001 2.10811868144987 15.25
3071 14180.039371987 14180.039371987 0.634520752808001 2.10811868144987 15.25
3072 14181.668785814 14181.668785814 0.634520752808001 2.10811868144987 15.25
3073 14183.2983109807 14183.2983109807 0.634520752808001 2.10811868144987 15.25
3074 14184.9279474325 14184.9279474325 0.634520752808001 2.10811868144987 15.25
3075 14186.557695145 14186.557695145 0.634520752808001 2.10811868144987 15.25
3076 14188.1875540821 14188.1875540821 0.634520752808001 2.10811868144987 15.25
3077 14189.8175242054 14189.8175242054 0.634520752808001 2.10811868144987 15.25
3078 14191.4476054766 14191.4476054766 0.634520752808001 2.10811868144987 15.25
3079 14193.0777978572 14193.0777978572 0.634520752808001 2.10811868144987 15.25
3080 14194.7081013093 14194.7081013093 0.634520752808001 2.10811868144987 15.25
3081 14196.3385157944 14196.3385157944 0.634520752808001 2.10811868144987 15.25
3082 14197.9690412742 14197.9690412742 0.634520752808001 2.10811868144987 15.25
3083 14199.5996777108 14199.5996777108 0.634520752808001 2.10811868144987 15.25
3084 14201.2304250654 14201.2304250654 0.634520752808001 2.10811868144987 15.25
3085 14202.8612833003 14202.8612833003 0.634520752808001 2.10811868144987 15.25
3086 14204.4922523771 14204.4922523771 0.634520752808001 2.10811868144987 15.25
3087 14206.123332251 14206.123332251 0.634520752808001 2.10811868144987 15.25
3088 14207.754522879 14207.754522879 0.634520752808001 2.10811868144987 15.25
3089 14209.3858242346 14209.3858242346 0.634520752808001 2.10811868144987 15.25
3090 14211.0172362794 14211.0172362794 0.634520752808001 2.10811868144987 15.25
3091 14212.6487589755 14212.6487589755 0.634520752808001 2.10811868144987 15.25
3092 14214.2803922846 14214.2803922846 0.634520752808001 2.10811868144987 15.25
3093 14215.9121361688 14215.9121361688 0.634520752808001 2.10811868144987 15.25
3094 14217.5439905899 14217.5439905899 0.634520752808001 2.10811868144987 15.25
3095 14219.1759555099 14219.1759555099 0.634520752808001 2.10811868144987 15.25
3096 14220.8080308908 14220.8080308908 0.634520752808001 2.10811868144987 15.25
3097 14222.4402166944 14222.4402166944 0.634520752808001 2.10811868144987 15.25
3098 14224.0725128829 14224.0725128829 0.634520752808001 2.10811868144987 15.25
3099 14225.7049194182 14225.7049194182 0.634520752808001 2.10811868144987 15.25
3100 14227.3374362623 14227.3374362623 0.634520752808001 2.10811868144987 15.25
3101 14228.9700633614 14228.9700633614 0.634520752808001 2.10811868144987 15.25
3102 14230.6028006911 14230.6028006911 0.634520752808001 2.10811868144987 15.25
3103 14232.2356482158 14232.2356482158 0.634520752808001 2.10811868144987 15.25
3104 14233.8686058976 14233.8686058976 0.634520752808001 2.10811868144987 15.25
3105 14235.5016736984 14235.5016736984 0.634520752808001 2.10811868144987 15.25
3106 14237.1348515738 14237.1348515738 0.634520752808001 2.10811868144987 15.25
3107 14238.7681394901 14238.7681394901 0.634520752808001 2.10811868144987 15.25
3108 14240.4015374119 14240.4015374119 0.634520752808001 2.10811868144987 15.25
3109 14242.0350453015 14242.0350453015 0.634520752808001 2.10811868144987 15.25
3110 14243.6686631185 14243.6686631185 0.634520752808001 2.10811868144987 15.25
3111 14245.3023908276 14245.3023908276 0.634520752808001 2.10811868144987 15.25
3112 14246.9362283909 14246.9362283909 0.634520752808001 2.10811868144987 15.25
3113 14248.5701757706 14248.5701757706 0.634520752808001 2.10811868144987 15.25
3114 14250.2042329244 14250.2042329244 0.634520752808001 2.10811868144987 15.25
3115 14251.8383998054 14251.8383998054 0.634520752808001 2.10811868144987 15.25
3116 14253.4726763897 14253.4726763897 0.634520752808001 2.10811868144987 15.25
3117 14255.1070626393 14255.1070626393 0.634520752808001 2.10811868144987 15.25
3118 14256.7415585166 14256.7415585166 0.634520752808001 2.10811868144987 15.25
3119 14258.3761639839 14258.3761639839 0.634520752808001 2.10811868144987 15.25
3120 14260.0108790035 14260.0108790035 0.634520752808001 2.10811868144987 15.25
3121 14261.6457035377 14261.6457035377 0.634520752808001 2.10811868144987 15.25
3122 14263.2806375489 14263.2806375489 0.634520752808001 2.10811868144987 15.25
3123 14264.9156809994 14264.9156809994 0.634520752808001 2.10811868144987 15.25
3124 14266.5508338516 14266.5508338516 0.634520752808001 2.10811868144987 15.25
3125 14268.1860960679 14268.1860960679 0.634520752808001 2.10811868144987 15.25
3126 14269.8214676106 14269.8214676106 0.634520752808001 2.10811868144987 15.25
3127 14271.4569484424 14271.4569484424 0.634520752808001 2.10811868144987 15.25
3128 14273.0925385118 14273.0925385118 0.634520752808001 2.10811868144987 15.25
3129 14274.7282377904 14274.7282377904 0.634520752808001 2.10811868144987 15.25
3130 14276.3640462455 14276.3640462455 0.634520752808001 2.10811868144987 15.25
3131 14277.9999638391 14277.9999638391 0.634520752808001 2.10811868144987 15.25
3132 14279.6359905341 14279.6359905341 0.634520752808001 2.10811868144987 15.25
3133 14281.2721262926 14281.2721262926 0.634520752808001 2.10811868144987 15.25
3134 14282.9083710774 14282.9083710774 0.634520752808001 2.10811868144987 15.25
3135 14284.544724851 14284.544724851 0.634520752808001 2.10811868144987 15.25
3136 14286.1811875759 14286.1811875759 0.634520752808001 2.10811868144987 15.25
3137 14287.8177592146 14287.8177592146 0.634520752808001 2.10811868144987 15.25
3138 14289.4544397299 14289.4544397299 0.634520752808001 2.10811868144987 15.25
3139 14291.0912290842 14291.0912290842 0.634520752808001 2.10811868144987 15.25
3140 14292.7281272401 14292.7281272401 0.634520752808001 2.10811868144987 15.25
3141 14294.3651341559 14294.3651341559 0.634520752808001 2.10811868144987 15.25
3142 14296.0022497849 14296.0022497849 0.634520752808001 2.10811868144987 15.25
3143 14297.6394741035 14297.6394741035 0.634520752808001 2.10811868144987 15.25
3144 14299.2768070744 14299.2768070744 0.634520752808001 2.10811868144987 15.25
3145 14300.9142486602 14300.9142486602 0.634520752808001 2.10811868144987 15.25
3146 14302.5517988235 14302.5517988235 0.634520752808001 2.10811868144987 15.25
3147 14304.1894575272 14304.1894575272 0.634520752808001 2.10811868144987 15.25
3148 14305.827224734 14305.827224734 0.634520752808001 2.10811868144987 15.25
3149 14307.4651004065 14307.4651004065 0.634520752808001 2.10811868144987 15.25
3150 14309.103084502 14309.103084502 0.634520752808001 2.10811868144987 15.25
3151 14310.7411769854 14310.7411769854 0.634520752808001 2.10811868144987 15.25
3152 14312.3793778231 14312.3793778231 0.634520752808001 2.10811868144987 15.25
3153 14314.0176869776 14314.0176869776 0.634520752808001 2.10811868144987 15.25
3154 14315.6561044119 14315.6561044119 0.634520752808001 2.10811868144987 15.25
3155 14317.294630075 14317.294630075 0.634520752808001 2.10811868144987 15.25
3156 14318.9332639391 14318.9332639391 0.634520752808001 2.10811868144987 15.25
3157 14320.5720059713 14320.5720059713 0.634520752808001 2.10811868144987 15.25
3158 14322.2108561348 14322.2108561348 0.634520752808001 2.10811868144987 15.25
3159 14323.8498143921 14323.8498143921 0.634520752808001 2.10811868144987 15.25
3160 14325.4888807063 14325.4888807063 0.634520752808001 2.10811868144987 15.25
3161 14327.1280550404 14327.1280550404 0.634520752808001 2.10811868144987 15.25
3162 14328.7673373572 14328.7673373572 0.634520752808001 2.10811868144987 15.25
3163 14330.4067276174 14330.4067276174 0.634520752808001 2.10811868144987 15.25
3164 14332.0462257863 14332.0462257863 0.634520752808001 2.10811868144987 15.25
3165 14333.6858318267 14333.6858318267 0.634520752808001 2.10811868144987 15.25
3166 14335.3255457018 14335.3255457018 0.634520752808001 2.10811868144987 15.25
3167 14336.9653673744 14336.9653673744 0.634520752808001 2.10811868144987 15.25
3168 14338.6052968054 14338.6052968054 0.634520752808001 2.10811868144987 15.25
3169 14340.2453339442 14340.2453339442 0.634520752808001 2.10811868144987 15.25
3170 14341.8854787697 14341.8854787697 0.634520752808001 2.10811868144987 15.25
3171 14343.5257312448 14343.5257312448 0.634520752808001 2.10811868144987 15.25
3172 14345.1660913329 14345.1660913329 0.634520752808001 2.10811868144987 15.25
3173 14346.8065589968 14346.8065589968 0.634520752808001 2.10811868144987 15.25
3174 14348.4471341998 14348.4471341998 0.634520752808001 2.10811868144987 15.25
3175 14350.0878169048 14350.0878169048 0.634520752808001 2.10811868144987 15.25
3176 14351.7286070752 14351.7286070752 0.634520752808001 2.10811868144987 15.25
3177 14353.3695046739 14353.3695046739 0.634520752808001 2.10811868144987 15.25
3178 14355.0105096643 14355.0105096643 0.634520752808001 2.10811868144987 15.25
3179 14356.6516220092 14356.6516220092 0.634520752808001 2.10811868144987 15.25
3180 14358.2928416721 14358.2928416721 0.634520752808001 2.10811868144987 15.25
3181 14359.9341686162 14359.9341686162 0.634520752808001 2.10811868144987 15.25
3182 14361.5756027933 14361.5756027933 0.634520752808001 2.10811868144987 15.25
3183 14363.2171441712 14363.2171441712 0.634520752808001 2.10811868144987 15.25
3184 14364.8587927198 14364.8587927198 0.634520752808001 2.10811868144987 15.25
3185 14366.5005484027 14366.5005484027 0.634520752808001 2.10811868144987 15.25
3186 14368.1424111828 14368.1424111828 0.634520752808001 2.10811868144987 15.25
3187 14369.7843810236 14369.7843810236 0.634520752808001 2.10811868144987 15.25
3188 14371.4264578884 14371.4264578884 0.634520752808001 2.10811868144987 15.25
3189 14373.0686417404 14373.0686417404 0.634520752808001 2.10811868144987 15.25
3190 14374.710932543 14374.710932543 0.634520752808001 2.10811868144987 15.25
3191 14376.3533302597 14376.3533302597 0.634520752808001 2.10811868144987 15.25
3192 14377.9958348536 14377.9958348536 0.634520752808001 2.10811868144987 15.25
3193 14379.6384462882 14379.6384462882 0.634520752808001 2.10811868144987 15.25
3194 14381.2811645224 14381.2811645224 0.634520752808001 2.10811868144987 15.25
3195 14382.9239895177 14382.9239895177 0.634520752808001 2.10811868144987 15.25
3196 14384.566921228 14384.566921228 0.634520752808001 2.10811868144987 15.25
3197 14386.2099596327 14386.2099596327 0.634520752808001 2.10811868144987 15.25
3198 14387.8531046952 14387.8531046952 0.634520752808001 2.10811868144987 15.25
3199 14389.496356379 14389.496356379 0.634520752808001 2.10811868144987 15.25
3200 14391.1397146475 14391.1397146475 0.634520752808001 2.10811868144987 15.25
3201 14392.7831794642 14392.7831794642 0.634520752808001 2.10811868144987 15.25
3202 14394.4267507927 14394.4267507927 0.634520752808001 2.10811868144987 15.25
3203 14396.0704285964 14396.0704285964 0.634520752808001 2.10811868144987 15.25
3204 14397.7142128389 14397.7142128389 0.634520752808001 2.10811868144987 15.25
3205 14399.3581034837 14399.3581034837 0.634520752808001 2.10811868144987 15.25
3206 14401.0021004945 14401.0021004945 0.634520752808001 2.10811868144987 15.25
3207 14402.6462038347 14402.6462038347 0.634520752808001 2.10811868144987 15.25
3208 14404.290413468 14404.290413468 0.634520752808001 2.10811868144987 15.25
3209 14405.9347293466 14405.9347293466 0.634520752808001 2.10811868144987 15.25
3210 14407.5791514386 14407.5791514386 0.634520752808001 2.10811868144987 15.25
3211 14409.2236797148 14409.2236797148 0.634520752808001 2.10811868144987 15.25
3212 14410.8683141384 14410.8683141384 0.634520752808001 2.10811868144987 15.25
3213 14412.5130546732 14412.5130546732 0.634520752808001 2.10811868144987 15.25
3214 14414.1579012829 14414.1579012829 0.634520752808001 2.10811868144987 15.25
3215 14415.8028539313 14415.8028539313 0.634520752808001 2.10811868144987 15.25
3216 14417.4479125819 14417.4479125819 0.634520752808001 2.10811868144987 15.25
3217 14419.0930771986 14419.0930771986 0.634520752808001 2.10811868144987 15.25
3218 14420.738347745 14420.738347745 0.634520752808001 2.10811868144987 15.25
3219 14422.383724185 14422.383724185 0.634520752808001 2.10811868144987 15.25
3220 14424.0292064822 14424.0292064822 0.634520752808001 2.10811868144987 15.25
3221 14425.6747946005 14425.6747946005 0.634520752808001 2.10811868144987 15.25
3222 14427.3204885013 14427.3204885013 0.634520752808001 2.10811868144987 15.25
3223 14428.9662881349 14428.9662881349 0.634520752808001 2.10811868144987 15.25
3224 14430.6121934786 14430.6121934786 0.634520752808001 2.10811868144987 15.25
3225 14432.2582044987 14432.2582044987 0.634520752808001 2.10811868144987 15.25
3226 14433.9043211589 14433.9043211589 0.634520752808001 2.10811868144987 15.25
3227 14435.550543423 14435.550543423 0.634520752808001 2.10811868144987 15.25
3228 14437.1968712551 14437.1968712551 0.634520752808001 2.10811868144987 15.25
3229 14438.8433046189 14438.8433046189 0.634520752808001 2.10811868144987 15.25
3230 14440.4898434784 14440.4898434784 0.634520752808001 2.10811868144987 15.25
3231 14442.1364877974 14442.1364877974 0.634520752808001 2.10811868144987 15.25
3232 14443.78323754 14443.78323754 0.634520752808001 2.10811868144987 15.25
3233 14445.43009267 14445.43009267 0.634520752808001 2.10811868144987 15.25
3234 14447.0770531516 14447.0770531516 0.634520752808001 2.10811868144987 15.25
3235 14448.7241189483 14448.7241189483 0.634520752808001 2.10811868144987 15.25
3236 14450.3712900155 14450.3712900155 0.634520752808001 2.10811868144987 15.25
3237 14452.0185663169 14452.0185663169 0.634520752808001 2.10811868144987 15.25
3238 14453.6659478224 14453.6659478224 0.634520752808001 2.10811868144987 15.25
3239 14455.3134344943 14455.3134344943 0.634520752808001 2.10811868144987 15.25
3240 14456.9610263018 14456.9610263018 0.634520752808001 2.10811868144987 15.25
3241 14458.6087232087 14458.6087232087 0.634520752808001 2.10811868144987 15.25
3242 14460.2565251792 14460.2565251792 0.634520752808001 2.10811868144987 15.25
3243 14461.9044321775 14461.9044321775 0.634520752808001 2.10811868144987 15.25
3244 14463.5524441676 14463.5524441676 0.634520752808001 2.10811868144987 15.25
3245 14465.2005611136 14465.2005611136 0.634520752808001 2.10811868144987 15.25
3246 14466.8487829797 14466.8487829797 0.634520752808001 2.10811868144987 15.25
3247 14468.4971097299 14468.4971097299 0.634520752808001 2.10811868144987 15.25
3248 14470.1455413285 14470.1455413285 0.634520752808001 2.10811868144987 15.25
3249 14471.7940777396 14471.7940777396 0.634520752808001 2.10811868144987 15.25
3250 14473.4427189093 14473.4427189093 0.634520752808001 2.10811868144987 15.25
3251 14475.0914648199 14475.0914648199 0.634520752808001 2.10811868144987 15.25
3252 14476.7403154356 14476.7403154356 0.634520752808001 2.10811868144987 15.25
3253 14478.3892707207 14478.3892707207 0.634520752808001 2.10811868144987 15.25
3254 14480.0383306393 14480.0383306393 0.634520752808001 2.10811868144987 15.25
3255 14481.6874951558 14481.6874951558 0.634520752808001 2.10811868144987 15.25
3256 14483.3367642344 14483.3367642344 0.634520752808001 2.10811868144987 15.25
3257 14484.9861378395 14484.9861378395 0.634520752808001 2.10811868144987 15.25
3258 14486.6356159352 14486.6356159352 0.634520752808001 2.10811868144987 15.25
3259 14488.2851984858 14488.2851984858 0.634520752808001 2.10811868144987 15.25
3260 14489.9348854559 14489.9348854559 0.634520752808001 2.10811868144987 15.25
3261 14491.5846768096 14491.5846768096 0.634520752808001 2.10811868144987 15.25
3262 14493.2345725113 14493.2345725113 0.634520752808001 2.10811868144987 15.25
3263 14494.8845725164 14494.8845725164 0.634520752808001 2.10811868144987 15.25
3264 14496.5346767892 14496.5346767892 0.634520752808001 2.10811868144987 15.25
3265 14498.1848853031 14498.1848853031 0.634520752808001 2.10811868144987 15.25
3266 14499.8351980226 14499.8351980226 0.634520752808001 2.10811868144987 15.25
3267 14501.4856149121 14501.4856149121 0.634520752808001 2.10811868144987 15.25
3268 14503.1361359361 14503.1361359361 0.634520752808001 2.10811868144987 15.25
3269 14504.786761059 14504.786761059 0.634520752808001 2.10811868144987 15.25
3270 14506.4374902451 14506.4374902451 0.634520752808001 2.10811868144987 15.25
3271 14508.0883234591 14508.0883234591 0.634520752808001 2.10811868144987 15.25
3272 14509.7392606655 14509.7392606655 0.634520752808001 2.10811868144987 15.25
3273 14511.3903018287 14511.3903018287 0.634520752808001 2.10811868144987 15.25
3274 14513.0414469132 14513.0414469132 0.634520752808001 2.10811868144987 15.25
3275 14514.6926958837 14514.6926958837 0.634520752808001 2.10811868144987 15.25
3276 14516.3440487045 14516.3440487045 0.634520752808001 2.10811868144987 15.25
3277 14517.9955053223 14517.9955053223 0.634520752808001 2.10811868144987 15.25
3278 14519.6470657196 14519.6470657196 0.634520752808001 2.10811868144987 15.25
3279 14521.2987298611 14521.2987298611 0.634520752808001 2.10811868144987 15.25
3280 14522.9504977113 14522.9504977113 0.634520752808001 2.10811868144987 15.25
3281 14524.6023692349 14524.6023692349 0.634520752808001 2.10811868144987 15.25
3282 14526.2543443941 14526.2543443941 0.634520752808001 2.10811868144987 15.25
3283 14527.9064231503 14527.9064231503 0.634520752808001 2.10811868144987 15.25
3284 14529.5586054739 14529.5586054739 0.634520752808001 2.10811868144987 15.25
3285 14531.2108913295 14531.2108913295 0.634520752808001 2.10811868144987 15.25
3286 14532.8632806818 14532.8632806818 0.634520752808001 2.10811868144987 15.25
3287 14534.5157734955 14534.5157734955 0.634520752808001 2.10811868144987 15.25
3288 14536.1683697353 14536.1683697353 0.634520752808001 2.10811868144987 15.25
3289 14537.8210693659 14537.8210693659 0.634520752808001 2.10811868144987 15.25
3290 14539.4738723431 14539.4738723431 0.634520752808001 2.10811868144987 15.25
3291 14541.1267786315 14541.1267786315 0.634520752808001 2.10811868144987 15.25
3292 14542.7797882051 14542.7797882051 0.634520752808001 2.10811868144987 15.25
3293 14544.4329010285 14544.4329010285 0.634520752808001 2.10811868144987 15.25
3294 14546.0861170667 14546.0861170667 0.634520752808001 2.10811868144987 15.25
3295 14547.7394362844 14547.7394362844 0.634520752808001 2.10811868144987 15.25
3296 14549.3928586464 14549.3928586464 0.634520752808001 2.10811868144987 15.25
3297 14551.0463841153 14551.0463841153 0.634520752808001 2.10811868144987 15.25
3298 14552.7000126582 14552.7000126582 0.634520752808001 2.10811868144987 15.25
3299 14554.35374424 14554.35374424 0.634520752808001 2.10811868144987 15.25
3300 14556.0075788256 14556.0075788256 0.634520752808001 2.10811868144987 15.25
3301 14557.6615163799 14557.6615163799 0.634520752808001 2.10811868144987 15.25
3302 14559.3155568678 14559.3155568678 0.634520752808001 2.10811868144987 15.25
3303 14560.9697002542 14560.9697002542 0.634520752808001 2.10811868144987 15.25
3304 14562.6239464881 14562.6239464881 0.634520752808001 2.10811868144987 15.25
3305 14564.2782955481 14564.2782955481 0.634520752808001 2.10811868144987 15.25
3306 14565.9327474015 14565.9327474015 0.634520752808001 2.10811868144987 15.25
3307 14567.5873020133 14567.5873020133 0.634520752808001 2.10811868144987 15.25
3308 14569.2419593482 14569.2419593482 0.634520752808001 2.10811868144987 15.25
3309 14570.8967193716 14570.8967193716 0.634520752808001 2.10811868144987 15.25
3310 14572.5515820483 14572.5515820483 0.634520752808001 2.10811868144987 15.25
3311 14574.2065473434 14574.2065473434 0.634520752808001 2.10811868144987 15.25
3312 14575.8616152219 14575.8616152219 0.634520752808001 2.10811868144987 15.25
3313 14577.5167856488 14577.5167856488 0.634520752808001 2.10811868144987 15.25
3314 14579.1720585893 14579.1720585893 0.634520752808001 2.10811868144987 15.25
3315 14580.8274340085 14580.8274340085 0.634520752808001 2.10811868144987 15.25
3316 14582.4829118714 14582.4829118714 0.634520752808001 2.10811868144987 15.25
3317 14584.1384921363 14584.1384921363 0.634520752808001 2.10811868144987 15.25
3318 14585.7941747639 14585.7941747639 0.634520752808001 2.10811868144987 15.25
3319 14587.4499597305 14587.4499597305 0.634520752808001 2.10811868144987 15.25
3320 14589.1058470016 14589.1058470016 0.634520752808001 2.10811868144987 15.25
3321 14590.761836542 14590.761836542 0.634520752808001 2.10811868144987 15.25
3322 14592.4179283171 14592.4179283171 0.634520752808001 2.10811868144987 15.25
3323 14594.0741222919 14594.0741222919 0.634520752808001 2.10811868144987 15.25
3324 14595.7304184318 14595.7304184318 0.634520752808001 2.10811868144987 15.25
3325 14597.386816702 14597.386816702 0.634520752808001 2.10811868144987 15.25
3326 14599.0433170661 14599.0433170661 0.634520752808001 2.10811868144987 15.25
3327 14600.6999194847 14600.6999194847 0.634520752808001 2.10811868144987 15.25
3328 14602.3566239293 14602.3566239293 0.634520752808001 2.10811868144987 15.25
3329 14604.0134303651 14604.0134303651 0.634520752808001 2.10811868144987 15.25
3330 14605.6703387576 14605.6703387576 0.634520752808001 2.10811868144987 15.25
3331 14607.3273490561 14607.3273490561 0.634520752808001 2.10811868144987 15.25
3332 14608.9844612396 14608.9844612396 0.634520752808001 2.10811868144987 15.25
3333 14610.6416752755 14610.6416752755 0.634520752808001 2.10811868144987 15.25
3334 14612.2989911294 14612.2989911294 0.634520752808001 2.10811868144987 15.25
3335 14613.9564087666 14613.9564087666 0.634520752808001 2.10811868144987 15.25
3336 14615.6139281523 14615.6139281523 0.634520752808001 2.10811868144987 15.25
3337 14617.2715492521 14617.2715492521 0.634520752808001 2.10811868144987 15.25
3338 14618.9292720313 14618.9292720313 0.634520752808001 2.10811868144987 15.25
3339 14620.5870964553 14620.5870964553 0.634520752808001 2.10811868144987 15.25
3340 14622.2450224896 14622.2450224896 0.634520752808001 2.10811868144987 15.25
3341 14623.9030500996 14623.9030500996 0.634520752808001 2.10811868144987 15.25
3342 14625.5611792506 14625.5611792506 0.634520752808001 2.10811868144987 15.25
3343 14627.2194099085 14627.2194099085 0.634520752808001 2.10811868144987 15.25
3344 14628.8777420315 14628.8777420315 0.634520752808001 2.10811868144987 15.25
3345 14630.5361755808 14630.5361755808 0.634520752808001 2.10811868144987 15.25
3346 14632.1947105332 14632.1947105332 0.634520752808001 2.10811868144987 15.25
3347 14633.8533468542 14633.8533468542 0.634520752808001 2.10811868144987 15.25
3348 14635.5120845094 14635.5120845094 0.634520752808001 2.10811868144987 15.25
3349 14637.1709234643 14637.1709234643 0.634520752808001 2.10811868144987 15.25
3350 14638.8298636845 14638.8298636845 0.634520752808001 2.10811868144987 15.25
3351 14640.4889051355 14640.4889051355 0.634520752808001 2.10811868144987 15.25
3352 14642.148047783 14642.148047783 0.634520752808001 2.10811868144987 15.25
3353 14643.8072915925 14643.8072915925 0.634520752808001 2.10811868144987 15.25
3354 14645.4666365297 14645.4666365297 0.634520752808001 2.10811868144987 15.25
3355 14647.1260825602 14647.1260825602 0.634520752808001 2.10811868144987 15.25
3356 14648.7856296496 14648.7856296496 0.634520752808001 2.10811868144987 15.25
3357 14650.4452777637 14650.4452777637 0.634520752808001 2.10811868144987 15.25
3358 14652.105026852 14652.105026852 0.634520752808001 2.10811868144987 15.25
3359 14653.7648768941 14653.7648768941 0.634520752808001 2.10811868144987 15.25
3360 14655.4248278578 14655.4248278578 0.634520752808001 2.10811868144987 15.25
3361 14657.0848797088 14657.0848797088 0.634520752808001 2.10811868144987 15.25
3362 14658.7450324131 14658.7450324131 0.634520752808001 2.10811868144987 15.25
3363 14660.4052859361 14660.4052859361 0.634520752808001 2.10811868144987 15.25
3364 14662.0656402436 14662.0656402436 0.634520752808001 2.10811868144987 15.25
3365 14663.7260953015 14663.7260953015 0.634520752808001 2.10811868144987 15.25
3366 14665.3866510755 14665.3866510755 0.634520752808001 2.10811868144987 15.25
3367 14667.0473075314 14667.0473075314 0.634520752808001 2.10811868144987 15.25
3368 14668.708064635 14668.708064635 0.634520752808001 2.10811868144987 15.25
3369 14670.3689223522 14670.3689223522 0.634520752808001 2.10811868144987 15.25
3370 14672.029880648 14672.029880648 0.634520752808001 2.10811868144987 15.25
3371 14673.6909394754 14673.6909394754 0.634520752808001 2.10811868144987 15.25
3372 14675.3520988025 14675.3520988025 0.634520752808001 2.10811868144987 15.25
3373 14677.0133586064 14677.0133586064 0.634520752808001 2.10811868144987 15.25
3374 14678.6747188533 14678.6747188533 0.634520752808001 2.10811868144987 15.25
3375 14680.336179509 14680.336179509 0.634520752808001 2.10811868144987 15.25
3376 14681.9977405391 14681.9977405391 0.634520752808001 2.10811868144987 15.25
3377 14683.65940191 14683.65940191 0.634520752808001 2.10811868144987 15.25
3378 14685.3211635873 14685.3211635873 0.634520752808001 2.10811868144987 15.25
3379 14686.9830255371 14686.9830255371 0.634520752808001 2.10811868144987 15.25
3380 14688.6449877253 14688.6449877253 0.634520752808001 2.10811868144987 15.25
3381 14690.3070501179 14690.3070501179 0.634520752808001 2.10811868144987 15.25
3382 14691.969212681 14691.969212681 0.634520752808001 2.10811868144987 15.25
3383 14693.6314753804 14693.6314753804 0.634520752808001 2.10811868144987 15.25
3384 14695.2938381823 14695.2938381823 0.634520752808001 2.10811868144987 15.25
3385 14696.9563010367 14696.9563010367 0.634520752808001 2.10811868144987 15.25
3386 14698.6188639234 14698.6188639234 0.634520752808001 2.10811868144987 15.25
3387 14700.2815268107 14700.2815268107 0.634520752808001 2.10811868144987 15.25
3388 14701.9442896646 14701.9442896646 0.634520752808001 2.10811868144987 15.25
3389 14703.6071524512 14703.6071524512 0.634520752808001 2.10811868144987 15.25
3390 14705.2701151365 14705.2701151365 0.634520752808001 2.10811868144987 15.25
3391 14706.9331776869 14706.9331776869 0.634520752808001 2.10811868144987 15.25
3392 14708.5963400684 14708.5963400684 0.634520752808001 2.10811868144987 15.25
3393 14710.259602247 14710.259602247 0.634520752808001 2.10811868144987 15.25
3394 14711.922964189 14711.922964189 0.634520752808001 2.10811868144987 15.25
3395 14713.5864258605 14713.5864258605 0.634520752808001 2.10811868144987 15.25
3396 14715.2499872277 14715.2499872277 0.634520752808001 2.10811868144987 15.25
3397 14716.9136482567 14716.9136482567 0.634520752808001 2.10811868144987 15.25
3398 14718.5774089071 14718.5774089071 0.634520752808001 2.10811868144987 15.25
3399 14720.2412691404 14720.2412691404 0.634520752808001 2.10811868144987 15.25
3400 14721.9052289343 14721.9052289343 0.634520752808001 2.10811868144987 15.25
3401 14723.5692882549 14723.5692882549 0.634520752808001 2.10811868144987 15.25
3402 14725.2334470686 14725.2334470686 0.634520752808001 2.10811868144987 15.25
3403 14726.8977053416 14726.8977053416 0.634520752808001 2.10811868144987 15.25
3404 14728.562063038 14728.562063038 0.634520752808001 2.10811868144987 15.25
3405 14730.2265201262 14730.2265201262 0.634520752808001 2.10811868144987 15.25
3406 14731.8910765727 14731.8910765727 0.634520752808001 2.10811868144987 15.25
3407 14733.5557323436 14733.5557323436 0.634520752808001 2.10811868144987 15.25
3408 14735.2204874056 14735.2204874056 0.634520752808001 2.10811868144987 15.25
3409 14736.8853417248 14736.8853417248 0.634520752808001 2.10811868144987 15.25
3410 14738.5502952674 14738.5502952674 0.634520752808001 2.10811868144987 15.25
3411 14740.215348 14740.215348 0.634520752808001 2.10811868144987 15.25
3412 14741.8804998754 14741.8804998754 0.634520752808001 2.10811868144987 15.25
3413 14743.545750869 14743.545750869 0.634520752808001 2.10811868144987 15.25
3414 14745.2111009518 14745.2111009518 0.634520752808001 2.10811868144987 15.25
3415 14746.876550083 14746.876550083 0.634520752808001 2.10811868144987 15.25
3416 14748.5420982361 14748.5420982361 0.634520752808001 2.10811868144987 15.25
3417 14750.2077453778 14750.2077453778 0.634520752808001 2.10811868144987 15.25
3418 14751.8734914744 14751.8734914744 0.634520752808001 2.10811868144987 15.25
3419 14753.5393364925 14753.5393364925 0.634520752808001 2.10811868144987 15.25
3420 14755.2052803986 14755.2052803986 0.634520752808001 2.10811868144987 15.25
3421 14756.8713231591 14756.8713231591 0.634520752808001 2.10811868144987 15.25
3422 14758.5374647406 14758.5374647406 0.634520752808001 2.10811868144987 15.25
3423 14760.2037051097 14760.2037051097 0.634520752808001 2.10811868144987 15.25
3424 14761.8700442328 14761.8700442328 0.634520752808001 2.10811868144987 15.25
3425 14763.5364820721 14763.5364820721 0.634520752808001 2.10811868144987 15.25
3426 14765.2030185849 14765.2030185849 0.634520752808001 2.10811868144987 15.25
3427 14766.8696537515 14766.8696537515 0.634520752808001 2.10811868144987 15.25
3428 14768.5363875386 14768.5363875386 0.634520752808001 2.10811868144987 15.25
3429 14770.2032199126 14770.2032199126 0.634520752808001 2.10811868144987 15.25
3430 14771.8701508403 14771.8701508403 0.634520752808001 2.10811868144987 15.25
3431 14773.5371802883 14773.5371802883 0.634520752808001 2.10811868144987 15.25
3432 14775.2043082232 14775.2043082232 0.634520752808001 2.10811868144987 15.25
3433 14776.8715346118 14776.8715346118 0.634520752808001 2.10811868144987 15.25
3434 14778.5388594206 14778.5388594206 0.634520752808001 2.10811868144987 15.25
3435 14780.2062826163 14780.2062826163 0.634520752808001 2.10811868144987 15.25
3436 14781.8738041658 14781.8738041658 0.634520752808001 2.10811868144987 15.25
3437 14783.5414240357 14783.5414240357 0.634520752808001 2.10811868144987 15.25
3438 14785.2091421927 14785.2091421927 0.634520752808001 2.10811868144987 15.25
3439 14786.8769585899 14786.8769585899 0.634520752808001 2.10811868144987 15.25
3440 14788.5448732032 14788.5448732032 0.634520752808001 2.10811868144987 15.25
3441 14790.2128860039 14790.2128860039 0.634520752808001 2.10811868144987 15.25
3442 14791.8809969589 14791.8809969589 0.634520752808001 2.10811868144987 15.25
3443 14793.5492060348 14793.5492060348 0.634520752808001 2.10811868144987 15.25
3444 14795.2175131984 14795.2175131984 0.634520752808001 2.10811868144987 15.25
3445 14796.8859184167 14796.8859184167 0.634520752808001 2.10811868144987 15.25
3446 14798.5544216565 14798.5544216565 0.634520752808001 2.10811868144987 15.25
3447 14800.2230228846 14800.2230228846 0.634520752808001 2.10811868144987 15.25
3448 14801.8917220678 14801.8917220678 0.634520752808001 2.10811868144987 15.25
3449 14803.560519173 14803.560519173 0.634520752808001 2.10811868144987 15.25
3450 14805.2294141672 14805.2294141672 0.634520752808001 2.10811868144987 15.25
3451 14806.8984070172 14806.8984070172 0.634520752808001 2.10811868144987 15.25
3452 14808.5674976854 14808.5674976854 0.634520752808001 2.10811868144987 15.25
3453 14810.2366861297 14810.2366861297 0.634520752808001 2.10811868144987 15.25
3454 14811.9059723305 14811.9059723305 0.634520752808001 2.10811868144987 15.25
3455 14813.5753562549 14813.5753562549 0.634520752808001 2.10811868144987 15.25
3456 14815.2448378698 14815.2448378698 0.634520752808001 2.10811868144987 15.25
3457 14816.9144171422 14816.9144171422 0.634520752808001 2.10811868144987 15.25
3458 14818.5840940391 14818.5840940391 0.634520752808001 2.10811868144987 15.25
3459 14820.2538685214 14820.2538685214 0.634520752808001 2.10811868144987 15.25
3460 14821.9237405612 14821.9237405612 0.634520752808001 2.10811868144987 15.25
3461 14823.5937101266 14823.5937101266 0.634520752808001 2.10811868144987 15.25
3462 14825.2637771846 14825.2637771846 0.634520752808001 2.10811868144987 15.25
3463 14826.9339417023 14826.9339417023 0.634520752808001 2.10811868144987 15.25
3464 14828.6042036467 14828.6042036467 0.634520752808001 2.10811868144987 15.25
3465 14830.2745629849 14830.2745629849 0.634520752808001 2.10811868144987 15.25
3466 14831.9450196703 14831.9450196703 0.634520752808001 2.10811868144987 15.25
3467 14833.6155736792 14833.6155736792 0.634520752808001 2.10811868144987 15.25
3468 14835.2862249834 14835.2862249834 0.634520752808001 2.10811868144987 15.25
3469 14836.9569735496 14836.9569735496 0.634520752808001 2.10811868144987 15.25
3470 14838.6278193454 14838.6278193454 0.634520752808001 2.10811868144987 15.25
3471 14840.2987623376 14840.2987623376 0.634520752808001 2.10811868144987 15.25
3472 14841.9698024936 14841.9698024936 0.634520752808001 2.10811868144987 15.25
3473 14843.6409397806 14843.6409397806 0.634520752808001 2.10811868144987 15.25
3474 14845.3121741657 14845.3121741657 0.634520752808001 2.10811868144987 15.25
3475 14846.9835056161 14846.9835056161 0.634520752808001 2.10811868144987 15.25
3476 14848.6549340991 14848.6549340991 0.634520752808001 2.10811868144987 15.25
3477 14850.3264595819 14850.3264595819 0.634520752808001 2.10811868144987 15.25
3478 14851.9980820317 14851.9980820317 0.634520752808001 2.10811868144987 15.25
3479 14853.6698014113 14853.6698014113 0.634520752808001 2.10811868144987 15.25
3480 14855.3416176788 14855.3416176788 0.634520752808001 2.10811868144987 15.25
3481 14857.0135308152 14857.0135308152 0.634520752808001 2.10811868144987 15.25
3482 14858.6855407878 14858.6855407878 0.634520752808001 2.10811868144987 15.25
3483 14860.3576475638 14860.3576475638 0.634520752808001 2.10811868144987 15.25
3484 14862.0298511107 14862.0298511107 0.634520752808001 2.10811868144987 15.25
3485 14863.7021513957 14863.7021513957 0.634520752808001 2.10811868144987 15.25
3486 14865.3745483862 14865.3745483862 0.634520752808001 2.10811868144987 15.25
3487 14867.0470420496 14867.0470420496 0.634520752808001 2.10811868144987 15.25
3488 14868.7196323532 14868.7196323532 0.634520752808001 2.10811868144987 15.25
3489 14870.3923192644 14870.3923192644 0.634520752808001 2.10811868144987 15.25
3490 14872.0651027507 14872.0651027507 0.634520752808001 2.10811868144987 15.25
3491 14873.7379827795 14873.7379827795 0.634520752808001 2.10811868144987 15.25
3492 14875.4109593181 14875.4109593181 0.634520752808001 2.10811868144987 15.25
3493 14877.0840323205 14877.0840323205 0.634520752808001 2.10811868144987 15.25
3494 14878.757201763 14878.757201763 0.634520752808001 2.10811868144987 15.25
3495 14880.4304676177 14880.4304676177 0.634520752808001 2.10811868144987 15.25
3496 14882.1038298523 14882.1038298523 0.634520752808001 2.10811868144987 15.25
3497 14883.7772884339 14883.7772884339 0.634520752808001 2.10811868144987 15.25
3498 14885.4508433304 14885.4508433304 0.634520752808001 2.10811868144987 15.25
3499 14887.1244945091 14887.1244945091 0.634520752808001 2.10811868144987 15.25
3500 14888.7982419376 14888.7982419376 0.634520752808001 2.10811868144987 15.25
3501 14890.4720855834 14890.4720855834 0.634520752808001 2.10811868144987 15.25
3502 14892.146025414 14892.146025414 0.634520752808001 2.10811868144987 15.25
3503 14893.8200613919 14893.8200613919 0.634520752808001 2.10811868144987 15.25
3504 14895.4941934882 14895.4941934882 0.634520752808001 2.10811868144987 15.25
3505 14897.1684216721 14897.1684216721 0.634520752808001 2.10811868144987 15.25
3506 14898.8427459067 14898.8427459067 0.634520752808001 2.10811868144987 15.25
3507 14900.5171661505 14900.5171661505 0.634520752808001 2.10811868144987 15.25
3508 14902.1916823848 14902.1916823848 0.634520752808001 2.10811868144987 15.25
3509 14903.8662945772 14903.8662945772 0.634520752808001 2.10811868144987 15.25
3510 14905.5410026955 14905.5410026955 0.634520752808001 2.10811868144987 15.25
3511 14907.2158067072 14907.2158067072 0.634520752808001 2.10811868144987 15.25
3512 14908.89070658 14908.89070658 0.634520752808001 2.10811868144987 15.25
3513 14910.5657022816 14910.5657022816 0.634520752808001 2.10811868144987 15.25
3514 14912.2407937799 14912.2407937799 0.634520752808001 2.10811868144987 15.25
3515 14913.9159810423 14913.9159810423 0.634520752808001 2.10811868144987 15.25
3516 14915.5912640368 14915.5912640368 0.634520752808001 2.10811868144987 15.25
3517 14917.266642731 14917.266642731 0.634520752808001 2.10811868144987 15.25
3518 14918.9421170928 14918.9421170928 0.634520752808001 2.10811868144987 15.25
3519 14920.6176870898 14920.6176870898 0.634520752808001 2.10811868144987 15.25
3520 14922.2933526763 14922.2933526763 0.634520752808001 2.10811868144987 15.25
3521 14923.9691138289 14923.9691138289 0.634520752808001 2.10811868144987 15.25
3522 14925.6449705204 14925.6449705204 0.634520752808001 2.10811868144987 15.25
3523 14927.3209227183 14927.3209227183 0.634520752808001 2.10811868144987 15.25
3524 14928.9969703906 14928.9969703906 0.634520752808001 2.10811868144987 15.25
3525 14930.673113505 14930.673113505 0.634520752808001 2.10811868144987 15.25
3526 14932.3493520295 14932.3493520295 0.634520752808001 2.10811868144987 15.25
3527 14934.0256859318 14934.0256859318 0.634520752808001 2.10811868144987 15.25
3528 14935.70211518 14935.70211518 0.634520752808001 2.10811868144987 15.25
3529 14937.3786397419 14937.3786397419 0.634520752808001 2.10811868144987 15.25
3530 14939.0552595853 14939.0552595853 0.634520752808001 2.10811868144987 15.25
3531 14940.7319746783 14940.7319746783 0.634520752808001 2.10811868144987 15.25
3532 14942.4087849887 14942.4087849887 0.634520752808001 2.10811868144987 15.25
3533 14944.08569048 14944.08569048 0.634520752808001 2.10811868144987 15.25
3534 14945.7626911111 14945.7626911111 0.634520752808001 2.10811868144987 15.25
3535 14947.4397868635 14947.4397868635 0.634520752808001 2.10811868144987 15.25
3536 14949.1169777052 14949.1169777052 0.634520752808001 2.10811868144987 15.25
3537 14950.7942636042 14950.7942636042 0.634520752808001 2.10811868144987 15.25
3538 14952.4716445286 14952.4716445286 0.634520752808001 2.10811868144987 15.25
3539 14954.1491204463 14954.1491204463 0.634520752808001 2.10811868144987 15.25
3540 14955.8266913254 14955.8266913254 0.634520752808001 2.10811868144987 15.25
3541 14957.504357134 14957.504357134 0.634520752808001 2.10811868144987 15.25
3542 14959.1821178402 14959.1821178402 0.634520752808001 2.10811868144987 15.25
3543 14960.8599734117 14960.8599734117 0.634520752808001 2.10811868144987 15.25
3544 14962.5379238171 14962.5379238171 0.634520752808001 2.10811868144987 15.25
3545 14964.2159690242 14964.2159690242 0.634520752808001 2.10811868144987 15.25
3546 14965.8941090012 14965.8941090012 0.634520752808001 2.10811868144987 15.25
3547 14967.5723436983 14967.5723436983 0.634520752808001 2.10811868144987 15.25
3548 14969.2506730947 14969.2506730947 0.634520752808001 2.10811868144987 15.25
3549 14970.9290971653 14970.9290971653 0.634520752808001 2.10811868144987 15.25
3550 14972.6076158784 14972.6076158784 0.634520752808001 2.10811868144987 15.25
3551 14974.2862292022 14974.2862292022 0.634520752808001 2.10811868144987 15.25
3552 14975.9649371047 14975.9649371047 0.634520752808001 2.10811868144987 15.25
3553 14977.6437395543 14977.6437395543 0.634520752808001 2.10811868144987 15.25
3554 14979.3226365191 14979.3226365191 0.634520752808001 2.10811868144987 15.25
3555 14981.0016279675 14981.0016279675 0.634520752808001 2.10811868144987 15.25
3556 14982.6807138674 14982.6807138674 0.634520752808001 2.10811868144987 15.25
3557 14984.3598941872 14984.3598941872 0.634520752808001 2.10811868144987 15.25
3558 14986.0391688953 14986.0391688953 0.634520752808001 2.10811868144987 15.25
3559 14987.7185379599 14987.7185379599 0.634520752808001 2.10811868144987 15.25
3560 14989.3980013447 14989.3980013447 0.634520752808001 2.10811868144987 15.25
3561 14991.0775590088 14991.0775590088 0.634520752808001 2.10811868144987 15.25
3562 14992.7572109344 14992.7572109344 0.634520752808001 2.10811868144987 15.25
3563 14994.4369570896 14994.4369570896 0.634520752808001 2.10811868144987 15.25
3564 14996.1167974429 14996.1167974429 0.634520752808001 2.10811868144987 15.25
3565 14997.7967319625 14997.7967319625 0.634520752808001 2.10811868144987 15.25
3566 14999.4767606168 14999.4767606168 0.634520752808001 2.10811868144987 15.25
3567 15001.1568833743 15001.1568833743 0.634520752808001 2.10811868144987 15.25
3568 15002.8371002033 15002.8371002033 0.634520752808001 2.10811868144987 15.25
3569 15004.5174110721 15004.5174110721 0.634520752808001 2.10811868144987 15.25
3570 15006.1978159492 15006.1978159492 0.634520752808001 2.10811868144987 15.25
3571 15007.8783148031 15007.8783148031 0.634520752808001 2.10811868144987 15.25
3572 15009.5589076021 15009.5589076021 0.634520752808001 2.10811868144987 15.25
3573 15011.2395943147 15011.2395943147 0.634520752808001 2.10811868144987 15.25
3574 15012.9203748957 15012.9203748957 0.634520752808001 2.10811868144987 15.25
3575 15014.6012493227 15014.6012493227 0.634520752808001 2.10811868144987 15.25
3576 15016.2822175687 15016.2822175687 0.634520752808001 2.10811868144987 15.25
3577 15017.9632796023 15017.9632796023 0.634520752808001 2.10811868144987 15.25
3578 15019.6444353918 15019.6444353918 0.634520752808001 2.10811868144987 15.25
3579 15021.3256849059 15021.3256849059 0.634520752808001 2.10811868144987 15.25
3580 15023.0070281131 15023.0070281131 0.634520752808001 2.10811868144987 15.25
3581 15024.6884649819 15024.6884649819 0.634520752808001 2.10811868144987 15.25
3582 15026.3699954808 15026.3699954808 0.634520752808001 2.10811868144987 15.25
3583 15028.0516195785 15028.0516195785 0.634520752808001 2.10811868144987 15.25
3584 15029.7333372436 15029.7333372436 0.634520752808001 2.10811868144987 15.25
3585 15031.4151484446 15031.4151484446 0.634520752808001 2.10811868144987 15.25
3586 15033.0970531501 15033.0970531501 0.634520752808001 2.10811868144987 15.25
3587 15034.7790513242 15034.7790513242 0.634520752808001 2.10811868144987 15.25
3588 15036.4611429265 15036.4611429265 0.634520752808001 2.10811868144987 15.25
3589 15038.1433279391 15038.1433279391 0.634520752808001 2.10811868144987 15.25
3590 15039.8256063309 15039.8256063309 0.634520752808001 2.10811868144987 15.25
3591 15041.507978067 15041.507978067 0.634520752808001 2.10811868144987 15.25
3592 15043.1904431166 15043.1904431166 0.634520752808001 2.10811868144987 15.25
3593 15044.8730014514 15044.8730014514 0.634520752808001 2.10811868144987 15.25
3594 15046.5556530399 15046.5556530399 0.634520752808001 2.10811868144987 15.25
3595 15048.2383978512 15048.2383978512 0.634520752808001 2.10811868144987 15.25
3596 15049.9212358537 15049.9212358537 0.634520752808001 2.10811868144987 15.25
3597 15051.6041670162 15051.6041670162 0.634520752808001 2.10811868144987 15.25
3598 15053.2871913075 15053.2871913075 0.634520752808001 2.10811868144987 15.25
3599 15054.9703086964 15054.9703086964 0.634520752808001 2.10811868144987 15.25
3600 15056.6535191516 15056.6535191516 0.634520752808001 2.10811868144987 15.25
3601 15058.3368226283 15058.3368226283 0.634520752808001 2.10811868144987 15.25
3602 15060.0202191044 15060.0202191044 0.634520752808001 2.10811868144987 15.25
3603 15061.7037085532 15061.7037085532 0.634520752808001 2.10811868144987 15.25
3604 15063.3872909437 15063.3872909437 0.634520752808001 2.10811868144987 15.25
3605 15065.0709662444 15065.0709662444 0.634520752808001 2.10811868144987 15.25
3606 15066.7547344245 15066.7547344245 0.634520752808001 2.10811868144987 15.25
3607 15068.4385954527 15068.4385954527 0.634520752808001 2.10811868144987 15.25
3608 15070.122549298 15070.122549298 0.634520752808001 2.10811868144987 15.25
3609 15071.8065959291 15071.8065959291 0.634520752808001 2.10811868144987 15.25
3610 15073.490735315 15073.490735315 0.634520752808001 2.10811868144987 15.25
3611 15075.1749674247 15075.1749674247 0.634520752808001 2.10811868144987 15.25
3612 15076.859292227 15076.859292227 0.634520752808001 2.10811868144987 15.25
3613 15078.5437096908 15078.5437096908 0.634520752808001 2.10811868144987 15.25
3614 15080.2282197807 15080.2282197807 0.634520752808001 2.10811868144987 15.25
3615 15081.9128224564 15081.9128224564 0.634520752808001 2.10811868144987 15.25
3616 15083.5975177005 15083.5975177005 0.634520752808001 2.10811868144987 15.25
3617 15085.2823054821 15085.2823054821 0.634520752808001 2.10811868144987 15.25
3618 15086.9671857702 15086.9671857702 0.634520752808001 2.10811868144987 15.25
3619 15088.6521585337 15088.6521585337 0.634520752808001 2.10811868144987 15.25
3620 15090.3372237417 15090.3372237417 0.634520752808001 2.10811868144987 15.25
3621 15092.0223813632 15092.0223813632 0.634520752808001 2.10811868144987 15.25
3622 15093.7076313673 15093.7076313673 0.634520752808001 2.10811868144987 15.25
3623 15095.392973723 15095.392973723 0.634520752808001 2.10811868144987 15.25
3624 15097.0784083994 15097.0784083994 0.634520752808001 2.10811868144987 15.25
3625 15098.7639353656 15098.7639353656 0.634520752808001 2.10811868144987 15.25
3626 15100.4495545906 15100.4495545906 0.634520752808001 2.10811868144987 15.25
3627 15102.1352660437 15102.1352660437 0.634520752808001 2.10811868144987 15.25
3628 15103.8210696802 15103.8210696802 0.634520752808001 2.10811868144987 15.25
3629 15105.5069654783 15105.5069654783 0.634520752808001 2.10811868144987 15.25
3630 15107.1929534119 15107.1929534119 0.634520752808001 2.10811868144987 15.25
3631 15108.87903345 15108.87903345 0.634520752808001 2.10811868144987 15.25
3632 15110.5652055618 15110.5652055618 0.634520752808001 2.10811868144987 15.25
3633 15112.2514697165 15112.2514697165 0.634520752808001 2.10811868144987 15.25
3634 15113.9378258832 15113.9378258832 0.634520752808001 2.10811868144987 15.25
3635 15115.6242740286 15115.6242740286 0.634520752808001 2.10811868144987 15.25
3636 15117.310814121 15117.310814121 0.634520752808001 2.10811868144987 15.25
3637 15118.9974461332 15118.9974461332 0.634520752808001 2.10811868144987 15.25
3638 15120.6841700343 15120.6841700343 0.634520752808001 2.10811868144987 15.25
3639 15122.3709857937 15122.3709857937 0.634520752808001 2.10811868144987 15.25
3640 15124.0578933806 15124.0578933806 0.634520752808001 2.10811868144987 15.25
3641 15125.7448927597 15125.7448927597 0.634520752808001 2.10811868144987 15.25
3642 15127.4319838911 15127.4319838911 0.634520752808001 2.10811868144987 15.25
3643 15129.119166758 15129.119166758 0.634520752808001 2.10811868144987 15.25
3644 15130.8064413295 15130.8064413295 0.634520752808001 2.10811868144987 15.25
3645 15132.4938075751 15132.4938075751 0.634520752808001 2.10811868144987 15.25
3646 15134.1812654639 15134.1812654639 0.634520752808001 2.10811868144987 15.25
3647 15135.8688149655 15135.8688149655 0.634520752808001 2.10811868144987 15.25
3648 15137.5564560491 15137.5564560491 0.634520752808001 2.10811868144987 15.25
3649 15139.2441886841 15139.2441886841 0.634520752808001 2.10811868144987 15.25
3650 15140.9320128399 15140.9320128399 0.634520752808001 2.10811868144987 15.25
3651 15142.6199284859 15142.6199284859 0.634520752808001 2.10811868144987 15.25
3652 15144.3079355915 15144.3079355915 0.634520752808001 2.10811868144987 15.25
3653 15145.9960341261 15145.9960341261 0.634520752808001 2.10811868144987 15.25
3654 15147.6842240592 15147.6842240592 0.634520752808001 2.10811868144987 15.25
3655 15149.3725053466 15149.3725053466 0.634520752808001 2.10811868144987 15.25
3656 15151.0608779667 15151.0608779667 0.634520752808001 2.10811868144987 15.25
3657 15152.7493418937 15152.7493418937 0.634520752808001 2.10811868144987 15.25
3658 15154.437897097 15154.437897097 0.634520752808001 2.10811868144987 15.25
3659 15156.1265435461 15156.1265435461 0.634520752808001 2.10811868144987 15.25
3660 15157.8152812105 15157.8152812105 0.634520752808001 2.10811868144987 15.25
3661 15159.5041100598 15159.5041100598 0.634520752808001 2.10811868144987 15.25
3662 15161.1930300634 15161.1930300634 0.634520752808001 2.10811868144987 15.25
3663 15162.8820411909 15162.8820411909 0.634520752808001 2.10811868144987 15.25
3664 15164.5711434118 15164.5711434118 0.634520752808001 2.10811868144987 15.25
3665 15166.2603366957 15166.2603366957 0.634520752808001 2.10811868144987 15.25
3666 15167.9496210123 15167.9496210123 0.634520752808001 2.10811868144987 15.25
3667 15169.638996331 15169.638996331 0.634520752808001 2.10811868144987 15.25
3668 15171.3284626169 15171.3284626169 0.634520752808001 2.10811868144987 15.25
3669 15173.0180198305 15173.0180198305 0.634520752808001 2.10811868144987 15.25
3670 15174.7076679553 15174.7076679553 0.634520752808001 2.10811868144987 15.25
3671 15176.3974069605 15176.3974069605 0.634520752808001 2.10811868144987 15.25
3672 15178.0872368161 15178.0872368161 0.634520752808001 2.10811868144987 15.25
3673 15179.7771574916 15179.7771574916 0.634520752808001 2.10811868144987 15.25
3674 15181.4671689568 15181.4671689568 0.634520752808001 2.10811868144987 15.25
3675 15183.1572711812 15183.1572711812 0.634520752808001 2.10811868144987 15.25
3676 15184.8474641348 15184.8474641348 0.634520752808001 2.10811868144987 15.25
3677 15186.537747787 15186.537747787 0.634520752808001 2.10811868144987 15.25
3678 15188.2281221076 15188.2281221076 0.634520752808001 2.10811868144987 15.25
3679 15189.9185870644 15189.9185870644 0.634520752808001 2.10811868144987 15.25
3680 15191.6091426252 15191.6091426252 0.634520752808001 2.10811868144987 15.25
3681 15193.2997887637 15193.2997887637 0.634520752808001 2.10811868144987 15.25
3682 15194.990525436 15194.990525436 0.634520752808001 2.10811868144987 15.25
3683 15196.6813526209 15196.6813526209 0.634520752808001 2.10811868144987 15.25
3684 15198.3722702928 15198.3722702928 0.634520752808001 2.10811868144987 15.25
3685 15200.0632784215 15200.0632784215 0.634520752808001 2.10811868144987 15.25
3686 15201.7543769769 15201.7543769769 0.634520752808001 2.10811868144987 15.25
3687 15203.4455659286 15203.4455659286 0.634520752808001 2.10811868144987 15.25
3688 15205.1368452467 15205.1368452467 0.634520752808001 2.10811868144987 15.25
3689 15206.8282149009 15206.8282149009 0.634520752808001 2.10811868144987 15.25
3690 15208.519674861 15208.519674861 0.634520752808001 2.10811868144987 15.25
3691 15210.211225097 15210.211225097 0.634520752808001 2.10811868144987 15.25
3692 15211.9028655788 15211.9028655788 0.634520752808001 2.10811868144987 15.25
3693 15213.5945962762 15213.5945962762 0.634520752808001 2.10811868144987 15.25
3694 15215.2864171591 15215.2864171591 0.634520752808001 2.10811868144987 15.25
3695 15216.9783281929 15216.9783281929 0.634520752808001 2.10811868144987 15.25
3696 15218.6703293385 15218.6703293385 0.634520752808001 2.10811868144987 15.25
3697 15220.3624205795 15220.3624205795 0.634520752808001 2.10811868144987 15.25
3698 15222.0546018857 15222.0546018857 0.634520752808001 2.10811868144987 15.25
3699 15223.7468732272 15223.7468732272 0.634520752808001 2.10811868144987 15.25
3700 15225.4392345739 15225.4392345739 0.634520752808001 2.10811868144987 15.25
3701 15227.1316858959 15227.1316858959 0.634520752808001 2.10811868144987 15.25
3702 15228.824227163 15228.824227163 0.634520752808001 2.10811868144987 15.25
3703 15230.5168583455 15230.5168583455 0.634520752808001 2.10811868144987 15.25
3704 15232.2095794132 15232.2095794132 0.634520752808001 2.10811868144987 15.25
3705 15233.9023903362 15233.9023903362 0.634520752808001 2.10811868144987 15.25
3706 15235.5952910869 15235.5952910869 0.634520752808001 2.10811868144987 15.25
3707 15237.2882816329 15237.2882816329 0.634520752808001 2.10811868144987 15.25
3708 15238.9813619444 15238.9813619444 0.634520752808001 2.10811868144987 15.25
3709 15240.6745319756 15240.6745319756 0.634520752808001 2.10811868144987 15.25
3710 15242.3677917102 15242.3677917102 0.634520752808001 2.10811868144987 15.25
3711 15244.0611411206 15244.0611411206 0.634520752808001 2.10811868144987 15.25
3712 15245.7545801768 15245.7545801768 0.634520752808001 2.10811868144987 15.25
3713 15247.4481088492 15247.4481088492 0.634520752808001 2.10811868144987 15.25
3714 15249.1417271076 15249.1417271076 0.634520752808001 2.10811868144987 15.25
3715 15250.8354349223 15250.8354349223 0.634520752808001 2.10811868144987 15.25
3716 15252.5292322636 15252.5292322636 0.634520752808001 2.10811868144987 15.25
3717 15254.2231191015 15254.2231191015 0.634520752808001 2.10811868144987 15.25
3718 15255.9170954063 15255.9170954063 0.634520752808001 2.10811868144987 15.25
3719 15257.6111611482 15257.6111611482 0.634520752808001 2.10811868144987 15.25
3720 15259.3053162973 15259.3053162973 0.634520752808001 2.10811868144987 15.25
3721 15260.9995608239 15260.9995608239 0.634520752808001 2.10811868144987 15.25
3722 15262.6938946914 15262.6938946914 0.634520752808001 2.10811868144987 15.25
3723 15264.3883178643 15264.3883178643 0.634520752808001 2.10811868144987 15.25
3724 15266.082830321 15266.082830321 0.634520752808001 2.10811868144987 15.25
3725 15267.7774320362 15267.7774320362 0.634520752808001 2.10811868144987 15.25
3726 15269.4721229803 15269.4721229803 0.634520752808001 2.10811868144987 15.25
3727 15271.1669031234 15271.1669031234 0.634520752808001 2.10811868144987 15.25
3728 15272.861772436 15272.861772436 0.634520752808001 2.10811868144987 15.25
3729 15274.5567308882 15274.5567308882 0.634520752808001 2.10811868144987 15.25
3730 15276.2517784505 15276.2517784505 0.634520752808001 2.10811868144987 15.25
3731 15277.9469150932 15277.9469150932 0.634520752808001 2.10811868144987 15.25
3732 15279.6421407866 15279.6421407866 0.634520752808001 2.10811868144987 15.25
3733 15281.3374555011 15281.3374555011 0.634520752808001 2.10811868144987 15.25
3734 15283.0328592071 15283.0328592071 0.634520752808001 2.10811868144987 15.25
3735 15284.728351875 15284.728351875 0.634520752808001 2.10811868144987 15.25
3736 15286.4239334592 15286.4239334592 0.634520752808001 2.10811868144987 15.25
3737 15288.1196039438 15288.1196039438 0.634520752808001 2.10811868144987 15.25
3738 15289.8153633015 15289.8153633015 0.634520752808001 2.10811868144987 15.25
3739 15291.5112115027 15291.5112115027 0.634520752808001 2.10811868144987 15.25
3740 15293.2071485179 15293.2071485179 0.634520752808001 2.10811868144987 15.25
3741 15294.9031743175 15294.9031743175 0.634520752808001 2.10811868144987 15.25
3742 15296.599288872 15296.599288872 0.634520752808001 2.10811868144987 15.25
3743 15298.2954921518 15298.2954921518 0.634520752808001 2.10811868144987 15.25
3744 15299.9917841276 15299.9917841276 0.634520752808001 2.10811868144987 15.25
3745 15301.6881647697 15301.6881647697 0.634520752808001 2.10811868144987 15.25
3746 15303.3846340487 15303.3846340487 0.634520752808001 2.10811868144987 15.25
3747 15305.0811919351 15305.0811919351 0.634520752808001 2.10811868144987 15.25
3748 15306.7778383994 15306.7778383994 0.634520752808001 2.10811868144987 15.25
3749 15308.4745734055 15308.4745734055 0.634520752808001 2.10811868144987 15.25
3750 15310.1713969191 15310.1713969191 0.634520752808001 2.10811868144987 15.25
3751 15311.8683089225 15311.8683089225 0.634520752808001 2.10811868144987 15.25
3752 15313.565309386 15313.565309386 0.634520752808001 2.10811868144987 15.25
3753 15315.2623982803 15315.2623982803 0.634520752808001 2.10811868144987 15.25
3754 15316.959575576 15316.959575576 0.634520752808001 2.10811868144987 15.25
3755 15318.6568412438 15318.6568412438 0.634520752808001 2.10811868144987 15.25
3756 15320.3541952542 15320.3541952542 0.634520752808001 2.10811868144987 15.25
3757 15322.0516375779 15322.0516375779 0.634520752808001 2.10811868144987 15.25
3758 15323.7491681856 15323.7491681856 0.634520752808001 2.10811868144987 15.25
3759 15325.4467870478 15325.4467870478 0.634520752808001 2.10811868144987 15.25
3760 15327.1444941354 15327.1444941354 0.634520752808001 2.10811868144987 15.25
3761 15328.8422894189 15328.8422894189 0.634520752808001 2.10811868144987 15.25
3762 15330.5401728691 15330.5401728691 0.634520752808001 2.10811868144987 15.25
3763 15332.2381444408 15332.2381444408 0.634520752808001 2.10811868144987 15.25
3764 15333.9362041183 15333.9362041183 0.634520752808001 2.10811868144987 15.25
3765 15335.6343518746 15335.6343518746 0.634520752808001 2.10811868144987 15.25
3766 15337.3325876805 15337.3325876805 0.634520752808001 2.10811868144987 15.25
3767 15339.0309115061 15339.0309115061 0.634520752808001 2.10811868144987 15.25
3768 15340.7293233181 15340.7293233181 0.634520752808001 2.10811868144987 15.25
3769 15342.4278230919 15342.4278230919 0.634520752808001 2.10811868144987 15.25
3770 15344.1264107984 15344.1264107984 0.634520752808001 2.10811868144987 15.25
3771 15345.8250864084 15345.8250864084 0.634520752808001 2.10811868144987 15.25
3772 15347.5238498927 15347.5238498927 0.634520752808001 2.10811868144987 15.25
3773 15349.2227012221 15349.2227012221 0.634520752808001 2.10811868144987 15.25
3774 15350.9216403675 15350.9216403675 0.634520752808001 2.10811868144987 15.25
3775 15352.6206672996 15352.6206672996 0.634520752808001 2.10811868144987 15.25
3776 15354.3197819826 15354.3197819826 0.634520752808001 2.10811868144987 15.25
3777 15356.0189843827 15356.0189843827 0.634520752808001 2.10811868144987 15.25
3778 15357.7182744823 15357.7182744823 0.634520752808001 2.10811868144987 15.25
3779 15359.4176522521 15359.4176522521 0.634520752808001 2.10811868144987 15.25
3780 15361.1171176631 15361.1171176631 0.634520752808001 2.10811868144987 15.25
3781 15362.8166706862 15362.8166706862 0.634520752808001 2.10811868144987 15.25
3782 15364.5163112924 15364.5163112924 0.634520752808001 2.10811868144987 15.25
3783 15366.2160394526 15366.2160394526 0.634520752808001 2.10811868144987 15.25
3784 15367.9158551377 15367.9158551377 0.634520752808001 2.10811868144987 15.25
3785 15369.6157583187 15369.6157583187 0.634520752808001 2.10811868144987 15.25
3786 15371.3157489665 15371.3157489665 0.634520752808001 2.10811868144987 15.25
3787 15373.0158270522 15373.0158270522 0.634520752808001 2.10811868144987 15.25
3788 15374.7159925467 15374.7159925467 0.634520752808001 2.10811868144987 15.25
3789 15376.4162454211 15376.4162454211 0.634520752808001 2.10811868144987 15.25
3790 15378.1165856304 15378.1165856304 0.634520752808001 2.10811868144987 15.25
3791 15379.8170131593 15379.8170131593 0.634520752808001 2.10811868144987 15.25
3792 15381.5175279812 15381.5175279812 0.634520752808001 2.10811868144987 15.25
3793 15383.218130067 15383.218130067 0.634520752808001 2.10811868144987 15.25
3794 15384.9188193878 15384.9188193878 0.634520752808001 2.10811868144987 15.25
3795 15386.6195959148 15386.6195959148 0.634520752808001 2.10811868144987 15.25
3796 15388.320459619 15388.320459619 0.634520752808001 2.10811868144987 15.25
3797 15390.0214104715 15390.0214104715 0.634520752808001 2.10811868144987 15.25
3798 15391.7224484433 15391.7224484433 0.634520752808001 2.10811868144987 15.25
3799 15393.4235735058 15393.4235735058 0.634520752808001 2.10811868144987 15.25
3800 15395.1247856298 15395.1247856298 0.634520752808001 2.10811868144987 15.25
3801 15396.8260847867 15396.8260847867 0.634520752808001 2.10811868144987 15.25
3802 15398.5274709475 15398.5274709475 0.634520752808001 2.10811868144987 15.25
3803 15400.2289440766 15400.2289440766 0.634520752808001 2.10811868144987 15.25
3804 15401.9305041406 15401.9305041406 0.634520752808001 2.10811868144987 15.25
3805 15403.632151122 15403.632151122 0.634520752808001 2.10811868144987 15.25
3806 15405.3338849922 15405.3338849922 0.634520752808001 2.10811868144987 15.25
3807 15407.0357057222 15407.0357057222 0.634520752808001 2.10811868144987 15.25
3808 15408.7376132833 15408.7376132833 0.634520752808001 2.10811868144987 15.25
3809 15410.4396076467 15410.4396076467 0.634520752808001 2.10811868144987 15.25
3810 15412.1416887838 15412.1416887838 0.634520752808001 2.10811868144987 15.25
3811 15413.8438566656 15413.8438566656 0.634520752808001 2.10811868144987 15.25
3812 15415.5461112584 15415.5461112584 0.634520752808001 2.10811868144987 15.25
3813 15417.2484525409 15417.2484525409 0.634520752808001 2.10811868144987 15.25
3814 15418.950880482 15418.950880482 0.634520752808001 2.10811868144987 15.25
3815 15420.6533950531 15420.6533950531 0.634520752808001 2.10811868144987 15.25
3816 15422.3559962255 15422.3559962255 0.634520752808001 2.10811868144987 15.25
3817 15424.0586839523 15424.0586839523 0.634520752808001 2.10811868144987 15.25
3818 15425.761458223 15425.761458223 0.634520752808001 2.10811868144987 15.25
3819 15427.4643190089 15427.4643190089 0.634520752808001 2.10811868144987 15.25
3820 15429.1672662815 15429.1672662815 0.634520752808001 2.10811868144987 15.25
3821 15430.8703000121 15430.8703000121 0.634520752808001 2.10811868144987 15.25
3822 15432.5734201721 15432.5734201721 0.634520752808001 2.10811868144987 15.25
3823 15434.2766267328 15434.2766267328 0.634520752808001 2.10811868144987 15.25
3824 15435.9799196657 15435.9799196657 0.634520752808001 2.10811868144987 15.25
3825 15437.6832989422 15437.6832989422 0.634520752808001 2.10811868144987 15.25
3826 15439.3867645337 15439.3867645337 0.634520752808001 2.10811868144987 15.25
3827 15441.0903164116 15441.0903164116 0.634520752808001 2.10811868144987 15.25
3828 15442.7939545473 15442.7939545473 0.634520752808001 2.10811868144987 15.25
3829 15444.4976789124 15444.4976789124 0.634520752808001 2.10811868144987 15.25
3830 15446.2014894692 15446.2014894692 0.634520752808001 2.10811868144987 15.25
3831 15447.9053861891 15447.9053861891 0.634520752808001 2.10811868144987 15.25
3832 15449.6093690528 15449.6093690528 0.634520752808001 2.10811868144987 15.25
3833 15451.3134380318 15451.3134380318 0.634520752808001 2.10811868144987 15.25
3834 15453.0175930975 15453.0175930975 0.634520752808001 2.10811868144987 15.25
3835 15454.7218342216 15454.7218342216 0.634520752808001 2.10811868144987 15.25
3836 15456.4261613754 15456.4261613754 0.634520752808001 2.10811868144987 15.25
3837 15458.1305745307 15458.1305745307 0.634520752808001 2.10811868144987 15.25
3838 15459.8350736588 15459.8350736588 0.634520752808001 2.10811868144987 15.25
3839 15461.5396587315 15461.5396587315 0.634520752808001 2.10811868144987 15.25
3840 15463.2443297202 15463.2443297202 0.634520752808001 2.10811868144987 15.25
3841 15464.9490865966 15464.9490865966 0.634520752808001 2.10811868144987 15.25
3842 15466.6539293322 15466.6539293322 0.634520752808001 2.10811868144987 15.25
3843 15468.3588578988 15468.3588578988 0.634520752808001 2.10811868144987 15.25
3844 15470.0638722496 15470.0638722496 0.634520752808001 2.10811868144987 15.25
3845 15471.7689723745 15471.7689723745 0.634520752808001 2.10811868144987 15.25
3846 15473.4741582452 15473.4741582452 0.634520752808001 2.10811868144987 15.25
3847 15475.1794298333 15475.1794298333 0.634520752808001 2.10811868144987 15.25
3848 15476.8847871105 15476.8847871105 0.634520752808001 2.10811868144987 15.25
3849 15478.5902300485 15478.5902300485 0.634520752808001 2.10811868144987 15.25
3850 15480.295758619 15480.295758619 0.634520752808001 2.10811868144987 15.25
3851 15482.0013727936 15482.0013727936 0.634520752808001 2.10811868144987 15.25
3852 15483.7070725441 15483.7070725441 0.634520752808001 2.10811868144987 15.25
3853 15485.4128578421 15485.4128578421 0.634520752808001 2.10811868144987 15.25
3854 15487.1187286596 15487.1187286596 0.634520752808001 2.10811868144987 15.25
3855 15488.8246849681 15488.8246849681 0.634520752808001 2.10811868144987 15.25
3856 15490.530726735 15490.530726735 0.634520752808001 2.10811868144987 15.25
3857 15492.2368539269 15492.2368539269 0.634520752808001 2.10811868144987 15.25
3858 15493.943066516 15493.943066516 0.634520752808001 2.10811868144987 15.25
3859 15495.6493644833 15495.6493644833 0.634520752808001 2.10811868144987 15.25
3860 15497.3557478006 15497.3557478006 0.634520752808001 2.10811868144987 15.25
3861 15499.0622164397 15499.0622164397 0.634520752808001 2.10811868144987 15.25
3862 15500.7687703723 15500.7687703723 0.634520752808001 2.10811868144987 15.25
3863 15502.4754095704 15502.4754095704 0.634520752808001 2.10811868144987 15.25
3864 15504.1821340057 15504.1821340057 0.634520752808001 2.10811868144987 15.25
3865 15505.8889436502 15505.8889436502 0.634520752808001 2.10811868144987 15.25
3866 15507.5958384757 15507.5958384757 0.634520752808001 2.10811868144987 15.25
3867 15509.302818454 15509.302818454 0.634520752808001 2.10811868144987 15.25
3868 15511.0098835571 15511.0098835571 0.634520752808001 2.10811868144987 15.25
3869 15512.7170337568 15512.7170337568 0.634520752808001 2.10811868144987 15.25
3870 15514.4242690251 15514.4242690251 0.634520752808001 2.10811868144987 15.25
3871 15516.1315893157 15516.1315893157 0.634520752808001 2.10811868144987 15.25
3872 15517.8389946186 15517.8389946186 0.634520752808001 2.10811868144987 15.25
3873 15519.546484906 15519.546484906 0.634520752808001 2.10811868144987 15.25
3874 15521.2540601495 15521.2540601495 0.634520752808001 2.10811868144987 15.25
3875 15522.9617203214 15522.9617203214 0.634520752808001 2.10811868144987 15.25
3876 15524.6694653935 15524.6694653935 0.634520752808001 2.10811868144987 15.25
3877 15526.3772953379 15526.3772953379 0.634520752808001 2.10811868144987 15.25
3878 15528.0852101265 15528.0852101265 0.634520752808001 2.10811868144987 15.25
3879 15529.7932097313 15529.7932097313 0.634520752808001 2.10811868144987 15.25
3880 15531.5012941243 15531.5012941243 0.634520752808001 2.10811868144987 15.25
3881 15533.2094632777 15533.2094632777 0.634520752808001 2.10811868144987 15.25
3882 15534.9177171633 15534.9177171633 0.634520752808001 2.10811868144987 15.25
3883 15536.6260557534 15536.6260557534 0.634520752808001 2.10811868144987 15.25
3884 15538.3344790107 15538.3344790107 0.634520752808001 2.10811868144987 15.25
3885 15540.0429869075 15540.0429869075 0.634520752808001 2.10811868144987 15.25
3886 15541.7515794248 15541.7515794248 0.634520752808001 2.10811868144987 15.25
3887 15543.4602565348 15543.4602565348 0.634520752808001 2.10811868144987 15.25
3888 15545.1690182119 15545.1690182119 0.634520752808001 2.10811868144987 15.25
3889 15546.8778644259 15546.8778644259 0.634520752808001 2.10811868144987 15.25
3890 15548.5867951489 15548.5867951489 0.634520752808001 2.10811868144987 15.25
3891 15550.2958103531 15550.2958103531 0.634520752808001 2.10811868144987 15.25
3892 15552.0049100106 15552.0049100106 0.634520752808001 2.10811868144987 15.25
3893 15553.7140940936 15553.7140940936 0.634520752808001 2.10811868144987 15.25
3894 15555.4233625743 15555.4233625743 0.634520752808001 2.10811868144987 15.25
3895 15557.1327154248 15557.1327154248 0.634520752808001 2.10811868144987 15.25
3896 15558.8421526173 15558.8421526173 0.634520752808001 2.10811868144987 15.25
3897 15560.5516741217 15560.5516741217 0.634520752808001 2.10811868144987 15.25
3898 15562.2612798966 15562.2612798966 0.634520752808001 2.10811868144987 15.25
3899 15563.9709699303 15563.9709699303 0.634520752808001 2.10811868144987 15.25
3900 15565.6807441912 15565.6807441912 0.634520752808001 2.10811868144987 15.25
3901 15567.3906026542 15567.3906026542 0.634520752808001 2.10811868144987 15.25
3902 15569.1005452926 15569.1005452926 0.634520752808001 2.10811868144987 15.25
3903 15570.8105720787 15570.8105720787 0.634520752808001 2.10811868144987 15.25
3904 15572.5206829848 15572.5206829848 0.634520752808001 2.10811868144987 15.25
3905 15574.2308779831 15574.2308779831 0.634520752808001 2.10811868144987 15.25
3906 15575.941157046 15575.941157046 0.634520752808001 2.10811868144987 15.25
3907 15577.6515201457 15577.6515201457 0.634520752808001 2.10811868144987 15.25
3908 15579.3619672547 15579.3619672547 0.634520752808001 2.10811868144987 15.25
3909 15581.0724983451 15581.0724983451 0.634520752808001 2.10811868144987 15.25
3910 15582.7831133894 15582.7831133894 0.634520752808001 2.10811868144987 15.25
3911 15584.4938123486 15584.4938123486 0.634520752808001 2.10811868144987 15.25
3912 15586.2045951995 15586.2045951995 0.634520752808001 2.10811868144987 15.25
3913 15587.9154619214 15587.9154619214 0.634520752808001 2.10811868144987 15.25
3914 15589.6264124866 15589.6264124866 0.634520752808001 2.10811868144987 15.25
3915 15591.3374468676 15591.3374468676 0.634520752808001 2.10811868144987 15.25
3916 15593.0485650367 15593.0485650367 0.634520752808001 2.10811868144987 15.25
3917 15594.7597669664 15594.7597669664 0.634520752808001 2.10811868144987 15.25
3918 15596.4710526291 15596.4710526291 0.634520752808001 2.10811868144987 15.25
3919 15598.1824219973 15598.1824219973 0.634520752808001 2.10811868144987 15.25
3920 15599.8938750433 15599.8938750433 0.634520752808001 2.10811868144987 15.25
3921 15601.6054117398 15601.6054117398 0.634520752808001 2.10811868144987 15.25
3922 15603.317032059 15603.317032059 0.634520752808001 2.10811868144987 15.25
3923 15605.0287359735 15605.0287359735 0.634520752808001 2.10811868144987 15.25
3924 15606.7405234537 15606.7405234537 0.634520752808001 2.10811868144987 15.25
3925 15608.4523944582 15608.4523944582 0.634520752808001 2.10811868144987 15.25
3926 15610.1643489755 15610.1643489755 0.634520752808001 2.10811868144987 15.25
3927 15611.8763869781 15611.8763869781 0.634520752808001 2.10811868144987 15.25
3928 15613.5885084387 15613.5885084387 0.634520752808001 2.10811868144987 15.25
3929 15615.3007133297 15615.3007133297 0.634520752808001 2.10811868144987 15.25
3930 15617.0130016237 15617.0130016237 0.634520752808001 2.10811868144987 15.25
3931 15618.7253732933 15618.7253732933 0.634520752808001 2.10811868144987 15.25
3932 15620.437828311 15620.437828311 0.634520752808001 2.10811868144987 15.25
3933 15622.1503666495 15622.1503666495 0.634520752808001 2.10811868144987 15.25
3934 15623.8629882814 15623.8629882814 0.634520752808001 2.10811868144987 15.25
3935 15625.5756931792 15625.5756931792 0.634520752808001 2.10811868144987 15.25
3936 15627.2884813156 15627.2884813156 0.634520752808001 2.10811868144987 15.25
3937 15629.0013526631 15629.0013526631 0.634520752808001 2.10811868144987 15.25
3938 15630.7143071832 15630.7143071832 0.634520752808001 2.10811868144987 15.25
3939 15632.4273448529 15632.4273448529 0.634520752808001 2.10811868144987 15.25
3940 15634.1404656518 15634.1404656518 0.634520752808001 2.10811868144987 15.25
3941 15635.8536695526 15635.8536695526 0.634520752808001 2.10811868144987 15.25
3942 15637.5669565279 15637.5669565279 0.634520752808001 2.10811868144987 15.25
3943 15639.2803265505 15639.2803265505 0.634520752808001 2.10811868144987 15.25
3944 15640.99377959 15640.99377959 0.634520752808001 2.10811868144987 15.25
3945 15642.7073156208 15642.7073156208 0.634520752808001 2.10811868144987 15.25
3946 15644.4209346169 15644.4209346169 0.634520752808001 2.10811868144987 15.25
3947 15646.1346365535 15646.1346365535 0.634520752808001 2.10811868144987 15.25
3948 15647.8484214009 15647.8484214009 0.634520752808001 2.10811868144987 15.25
3949 15649.562289132 15649.562289132 0.634520752808001 2.10811868144987 15.25
3950 15651.2762397196 15651.2762397196 0.634520752808001 2.10811868144987 15.25
3951 15652.9902731318 15652.9902731318 0.634520752808001 2.10811868144987 15.25
3952 15654.7043893323 15654.7043893323 0.634520752808001 2.10811868144987 15.25
3953 15656.4185883077 15656.4185883077 0.634520752808001 2.10811868144987 15.25
3954 15658.1328700306 15658.1328700306 0.634520752808001 2.10811868144987 15.25
3955 15659.8472344741 15659.8472344741 0.634520752808001 2.10811868144987 15.25
3956 15661.5616816108 15661.5616816108 0.634520752808001 2.10811868144987 15.25
3957 15663.2762114137 15663.2762114137 0.634520752808001 2.10811868144987 15.25
3958 15664.9908238554 15664.9908238554 0.634520752808001 2.10811868144987 15.25
3959 15666.7055189091 15666.7055189091 0.634520752808001 2.10811868144987 15.25
3960 15668.4202965475 15668.4202965475 0.634520752808001 2.10811868144987 15.25
3961 15670.1351567436 15670.1351567436 0.634520752808001 2.10811868144987 15.25
3962 15671.8500994701 15671.8500994701 0.634520752808001 2.10811868144987 15.25
3963 15673.5651247001 15673.5651247001 0.634520752808001 2.10811868144987 15.25
3964 15675.2802324064 15675.2802324064 0.634520752808001 2.10811868144987 15.25
3965 15676.9954225484 15676.9954225484 0.634520752808001 2.10811868144987 15.25
3966 15678.710695108 15678.710695108 0.634520752808001 2.10811868144987 15.25
3967 15680.4260500628 15680.4260500628 0.634520752808001 2.10811868144987 15.25
3968 15682.1414873857 15682.1414873857 0.634520752808001 2.10811868144987 15.25
3969 15683.8570070497 15683.8570070497 0.634520752808001 2.10811868144987 15.25
3970 15685.5726090279 15685.5726090279 0.634520752808001 2.10811868144987 15.25
3971 15687.2882932931 15687.2882932931 0.634520752808001 2.10811868144987 15.25
3972 15689.0040598183 15689.0040598183 0.634520752808001 2.10811868144987 15.25
3973 15690.7199085767 15690.7199085767 0.634520752808001 2.10811868144987 15.25
3974 15692.4358395413 15692.4358395413 0.634520752808001 2.10811868144987 15.25
3975 15694.151852685 15694.151852685 0.634520752808001 2.10811868144987 15.25
3976 15695.8679479809 15695.8679479809 0.634520752808001 2.10811868144987 15.25
3977 15697.584125402 15697.584125402 0.634520752808001 2.10811868144987 15.25
3978 15699.300384917 15699.300384917 0.634520752808001 2.10811868144987 15.25
3979 15701.0167264897 15701.0167264897 0.634520752808001 2.10811868144987 15.25
3980 15702.7331501069 15702.7331501069 0.634520752808001 2.10811868144987 15.25
3981 15704.4496557416 15704.4496557416 0.634520752808001 2.10811868144987 15.25
3982 15706.1662433672 15706.1662433672 0.634520752808001 2.10811868144987 15.25
3983 15707.8829129565 15707.8829129565 0.634520752808001 2.10811868144987 15.25
3984 15709.5996644828 15709.5996644828 0.634520752808001 2.10811868144987 15.25
3985 15711.3164979192 15711.3164979192 0.634520752808001 2.10811868144987 15.25
3986 15713.0334132388 15713.0334132388 0.634520752808001 2.10811868144987 15.25
3987 15714.7504104149 15714.7504104149 0.634520752808001 2.10811868144987 15.25
3988 15716.4674894182 15716.4674894182 0.634520752808001 2.10811868144987 15.25
3989 15718.1846502224 15718.1846502224 0.634520752808001 2.10811868144987 15.25
3990 15719.9018928026 15719.9018928026 0.634520752808001 2.10811868144987 15.25
3991 15721.6192171319 15721.6192171319 0.634520752808001 2.10811868144987 15.25
3992 15723.3366231699 15723.3366231699 0.634520752808001 2.10811868144987 15.25
3993 15725.054110899 15725.054110899 0.634520752808001 2.10811868144987 15.25
3994 15726.771680297 15726.771680297 0.634520752808001 2.10811868144987 15.25
3995 15728.4893313371 15728.4893313371 0.634520752808001 2.10811868144987 15.25
3996 15730.2070639924 15730.2070639924 0.634520752808001 2.10811868144987 15.25
3997 15731.9248782364 15731.9248782364 0.634520752808001 2.10811868144987 15.25
3998 15733.6427740423 15733.6427740423 0.634520752808001 2.10811868144987 15.25
3999 15735.3607513834 15735.3607513834 0.634520752808001 2.10811868144987 15.25
4000 15737.0788102352 15737.0788102352 0.634520752808001 2.10811868144987 15.25
4001 15738.7969505688 15738.7969505688 0.634520752808001 2.10811868144987 15.25
4002 15740.5151723575 15740.5151723575 0.634520752808001 2.10811868144987 15.25
4003 15742.2334755746 15742.2334755746 0.634520752808001 2.10811868144987 15.25
4004 15743.9518601935 15743.9518601935 0.634520752808001 2.10811868144987 15.25
4005 15745.6703261806 15745.6703261806 0.634520752808001 2.10811868144987 15.25
4006 15747.3888735049 15747.3888735049 0.634520752808001 2.10811868144987 15.25
4007 15749.107502151 15749.107502151 0.634520752808001 2.10811868144987 15.25
4008 15750.8262120923 15750.8262120923 0.634520752808001 2.10811868144987 15.25
4009 15752.5450033022 15752.5450033022 0.634520752808001 2.10811868144987 15.25
4010 15754.2638757541 15754.2638757541 0.634520752808001 2.10811868144987 15.25
4011 15755.9828294215 15755.9828294215 0.634520752808001 2.10811868144987 15.25
4012 15757.7018642777 15757.7018642777 0.634520752808001 2.10811868144987 15.25
4013 15759.4209802962 15759.4209802962 0.634520752808001 2.10811868144987 15.25
4014 15761.1401774504 15761.1401774504 0.634520752808001 2.10811868144987 15.25
4015 15762.8594557138 15762.8594557138 0.634520752808001 2.10811868144987 15.25
4016 15764.5788150598 15764.5788150598 0.634520752808001 2.10811868144987 15.25
4017 15766.298255462 15766.298255462 0.634520752808001 2.10811868144987 15.25
4018 15768.0177768936 15768.0177768936 0.634520752808001 2.10811868144987 15.25
4019 15769.7373793125 15769.7373793125 0.634520752808001 2.10811868144987 15.25
4020 15771.4570627056 15771.4570627056 0.634520752808001 2.10811868144987 15.25
4021 15773.1768270489 15773.1768270489 0.634520752808001 2.10811868144987 15.25
4022 15774.8966723158 15774.8966723158 0.634520752808001 2.10811868144987 15.25
4023 15776.6165984799 15776.6165984799 0.634520752808001 2.10811868144987 15.25
4024 15778.3366055146 15778.3366055146 0.634520752808001 2.10811868144987 15.25
4025 15780.0566933937 15780.0566933937 0.634520752808001 2.10811868144987 15.25
4026 15781.7768620905 15781.7768620905 0.634520752808001 2.10811868144987 15.25
4027 15783.4971115788 15783.4971115788 0.634520752808001 2.10811868144987 15.25
4028 15785.2174418321 15785.2174418321 0.634520752808001 2.10811868144987 15.25
4029 15786.937852824 15786.937852824 0.634520752808001 2.10811868144987 15.25
4030 15788.658344528 15788.658344528 0.634520752808001 2.10811868144987 15.25
4031 15790.3789169179 15790.3789169179 0.634520752808001 2.10811868144987 15.25
4032 15792.0995699586 15792.0995699586 0.634520752808001 2.10811868144987 15.25
4033 15793.8203036188 15793.8203036188 0.634520752808001 2.10811868144987 15.25
4034 15795.5411178857 15795.5411178857 0.634520752808001 2.10811868144987 15.25
4035 15797.262012733 15797.262012733 0.634520752808001 2.10811868144987 15.25
4036 15798.9829881344 15798.9829881344 0.634520752808001 2.10811868144987 15.25
4037 15800.7040440635 15800.7040440635 0.634520752808001 2.10811868144987 15.25
4038 15802.425180494 15802.425180494 0.634520752808001 2.10811868144987 15.25
4039 15804.1463973997 15804.1463973997 0.634520752808001 2.10811868144987 15.25
4040 15805.8676947542 15805.8676947542 0.634520752808001 2.10811868144987 15.25
4041 15807.5890725313 15807.5890725313 0.634520752808001 2.10811868144987 15.25
4042 15809.3105307046 15809.3105307046 0.634520752808001 2.10811868144987 15.25
4043 15811.032069248 15811.032069248 0.634520752808001 2.10811868144987 15.25
4044 15812.7536881352 15812.7536881352 0.634520752808001 2.10811868144987 15.25
4045 15814.4753873399 15814.4753873399 0.634520752808001 2.10811868144987 15.25
4046 15816.19716682 15816.19716682 0.634520752808001 2.10811868144987 15.25
4047 15817.9190265652 15817.9190265652 0.634520752808001 2.10811868144987 15.25
4048 15819.6409665492 15819.6409665492 0.634520752808001 2.10811868144987 15.25
4049 15821.362986746 15821.362986746 0.634520752808001 2.10811868144987 15.25
4050 15823.0850871292 15823.0850871292 0.634520752808001 2.10811868144987 15.25
4051 15824.8072676728 15824.8072676728 0.634520752808001 2.10811868144987 15.25
4052 15826.5295283505 15826.5295283505 0.634520752808001 2.10811868144987 15.25
4053 15828.2518691362 15828.2518691362 0.634520752808001 2.10811868144987 15.25
4054 15829.9742900037 15829.9742900037 0.634520752808001 2.10811868144987 15.25
4055 15831.696790927 15831.696790927 0.634520752808001 2.10811868144987 15.25
4056 15833.4193718799 15833.4193718799 0.634520752808001 2.10811868144987 15.25
4057 15835.1420328362 15835.1420328362 0.634520752808001 2.10811868144987 15.25
4058 15836.8647737698 15836.8647737698 0.634520752808001 2.10811868144987 15.25
4059 15838.5875946456 15838.5875946456 0.634520752808001 2.10811868144987 15.25
4060 15840.3104954375 15840.3104954375 0.634520752808001 2.10811868144987 15.25
4061 15842.0334761284 15842.0334761284 0.634520752808001 2.10811868144987 15.25
4062 15843.7565366924 15843.7565366924 0.634520752808001 2.10811868144987 15.25
4063 15845.4796771033 15845.4796771033 0.634520752808001 2.10811868144987 15.25
4064 15847.2028973352 15847.2028973352 0.634520752808001 2.10811868144987 15.25
4065 15848.926197362 15848.926197362 0.634520752808001 2.10811868144987 15.25
4066 15850.6495771576 15850.6495771576 0.634520752808001 2.10811868144987 15.25
4067 15852.3730366961 15852.3730366961 0.634520752808001 2.10811868144987 15.25
4068 15854.0965759514 15854.0965759514 0.634520752808001 2.10811868144987 15.25
4069 15855.8201948975 15855.8201948975 0.634520752808001 2.10811868144987 15.25
4070 15857.5438935085 15857.5438935085 0.634520752808001 2.10811868144987 15.25
4071 15859.2676717584 15859.2676717584 0.634520752808001 2.10811868144987 15.25
4072 15860.9915296213 15860.9915296213 0.634520752808001 2.10811868144987 15.25
4073 15862.7154670528 15862.7154670528 0.634520752808001 2.10811868144987 15.25
4074 15864.4394840454 15864.4394840454 0.634520752808001 2.10811868144987 15.25
4075 15866.163580573 15866.163580573 0.634520752808001 2.10811868144987 15.25
4076 15867.8877566086 15867.8877566086 0.634520752808001 2.10811868144987 15.25
4077 15869.6120121248 15869.6120121248 0.634520752808001 2.10811868144987 15.25
4078 15871.3363470984 15871.3363470984 0.634520752808001 2.10811868144987 15.25
4079 15873.0607615035 15873.0607615035 0.634520752808001 2.10811868144987 15.25
4080 15874.7852553141 15874.7852553141 0.634520752808001 2.10811868144987 15.25
4081 15876.5098285044 15876.5098285044 0.634520752808001 2.10811868144987 15.25
4082 15878.2344810486 15878.2344810486 0.634520752808001 2.10811868144987 15.25
4083 15879.9592129207 15879.9592129207 0.634520752808001 2.10811868144987 15.25
4084 15881.6840240949 15881.6840240949 0.634520752808001 2.10811868144987 15.25
4085 15883.4089145455 15883.4089145455 0.634520752808001 2.10811868144987 15.25
4086 15885.1338842374 15885.1338842374 0.634520752808001 2.10811868144987 15.25
4087 15886.8589331448 15886.8589331448 0.634520752808001 2.10811868144987 15.25
4088 15888.5840612511 15888.5840612511 0.634520752808001 2.10811868144987 15.25
4089 15890.3092685304 15890.3092685304 0.634520752808001 2.10811868144987 15.25
4090 15892.0345549593 15892.0345549593 0.634520752808001 2.10811868144987 15.25
4091 15893.7599205096 15893.7599205096 0.634520752808001 2.10811868144987 15.25
4092 15895.4853651557 15895.4853651557 0.634520752808001 2.10811868144987 15.25
4093 15897.2108888718 15897.2108888718 0.634520752808001 2.10811868144987 15.25
4094 15898.9364916321 15898.9364916321 0.634520752808001 2.10811868144987 15.25
4095 15900.6621734109 15900.6621734109 0.634520752808001 2.10811868144987 15.25
4096 15902.3879341825 15902.3879341825 0.634520752808001 2.10811868144987 15.25
4097 15904.1137739211 15904.1137739211 0.634520752808001 2.10811868144987 15.25
4098 15905.8396926011 15905.8396926011 0.634520752808001 2.10811868144987 15.25
4099 15907.5656901945 15907.5656901945 0.634520752808001 2.10811868144987 15.25
4100 15909.2917666619 15909.2917666619 0.634520752808001 2.10811868144987 15.25
4101 15911.0179219936 15911.0179219936 0.634520752808001 2.10811868144987 15.25
4102 15912.7441561639 15912.7441561639 0.634520752808001 2.10811868144987 15.25
4103 15914.4704691472 15914.4704691472 0.634520752808001 2.10811868144987 15.25
4104 15916.1968609178 15916.1968609178 0.634520752808001 2.10811868144987 15.25
4105 15917.9233314501 15917.9233314501 0.634520752808001 2.10811868144987 15.25
4106 15919.6498807186 15919.6498807186 0.634520752808001 2.10811868144987 15.25
4107 15921.3765086974 15921.3765086974 0.634520752808001 2.10811868144987 15.25
4108 15923.1032153611 15923.1032153611 0.634520752808001 2.10811868144987 15.25
4109 15924.8300006841 15924.8300006841 0.634520752808001 2.10811868144987 15.25
4110 15926.5568646408 15926.5568646408 0.634520752808001 2.10811868144987 15.25
4111 15928.2838072056 15928.2838072056 0.634520752808001 2.10811868144987 15.25
4112 15930.0108283529 15930.0108283529 0.634520752808001 2.10811868144987 15.25
4113 15931.7379280457 15931.7379280457 0.634520752808001 2.10811868144987 15.25
4114 15933.4651062632 15933.4651062632 0.634520752808001 2.10811868144987 15.25
4115 15935.1923629866 15935.1923629866 0.634520752808001 2.10811868144987 15.25
4116 15936.9196981903 15936.9196981903 0.634520752808001 2.10811868144987 15.25
4117 15938.6471118489 15938.6471118489 0.634520752808001 2.10811868144987 15.25
4118 15940.3746039369 15940.3746039369 0.634520752808001 2.10811868144987 15.25
4119 15942.1021744287 15942.1021744287 0.634520752808001 2.10811868144987 15.25
4120 15943.8298232981 15943.8298232981 0.634520752808001 2.10811868144987 15.25
4121 15945.5575505176 15945.5575505176 0.634520752808001 2.10811868144987 15.25
4122 15947.2853560645 15947.2853560645 0.634520752808001 2.10811868144987 15.25
4123 15949.0132399134 15949.0132399134 0.634520752808001 2.10811868144987 15.25
4124 15950.7412020389 15950.7412020389 0.634520752808001 2.10811868144987 15.25
4125 15952.4692424154 15952.4692424154 0.634520752808001 2.10811868144987 15.25
4126 15954.1973610154 15954.1973610154 0.634520752808001 2.10811868144987 15.25
4127 15955.9255577996 15955.9255577996 0.634520752808001 2.10811868144987 15.25
4128 15957.6538327587 15957.6538327587 0.634520752808001 2.10811868144987 15.25
4129 15959.3821858695 15959.3821858695 0.634520752808001 2.10811868144987 15.25
4130 15961.1106171044 15961.1106171044 0.634520752808001 2.10811868144987 15.25
4131 15962.839126438 15962.839126438 0.634520752808001 2.10811868144987 15.25
4132 15964.5677138449 15964.5677138449 0.634520752808001 2.10811868144987 15.25
4133 15966.2963792997 15966.2963792997 0.634520752808001 2.10811868144987 15.25
4134 15968.0251227772 15968.0251227772 0.634520752808001 2.10811868144987 15.25
4135 15969.7539442519 15969.7539442519 0.634520752808001 2.10811868144987 15.25
4136 15971.4828436986 15971.4828436986 0.634520752808001 2.10811868144987 15.25
4137 15973.2118210919 15973.2118210919 0.634520752808001 2.10811868144987 15.25
4138 15974.9408764066 15974.9408764066 0.634520752808001 2.10811868144987 15.25
4139 15976.6700096172 15976.6700096172 0.634520752808001 2.10811868144987 15.25
4140 15978.3992206849 15978.3992206849 0.634520752808001 2.10811868144987 15.25
4141 15980.1285095935 15980.1285095935 0.634520752808001 2.10811868144987 15.25
4142 15981.8578763222 15981.8578763222 0.634520752808001 2.10811868144987 15.25
4143 15983.5873208459 15983.5873208459 0.634520752808001 2.10811868144987 15.25
4144 15985.3168431393 15985.3168431393 0.634520752808001 2.10811868144987 15.25
4145 15987.0464431771 15987.0464431771 0.634520752808001 2.10811868144987 15.25
4146 15988.7761209341 15988.7761209341 0.634520752808001 2.10811868144987 15.25
4147 15990.5058763851 15990.5058763851 0.634520752808001 2.10811868144987 15.25
4148 15992.2357095048 15992.2357095048 0.634520752808001 2.10811868144987 15.25
4149 15993.9656202682 15993.9656202682 0.634520752808001 2.10811868144987 15.25
4150 15995.6956086499 15995.6956086499 0.634520752808001 2.10811868144987 15.25
4151 15997.4256746248 15997.4256746248 0.634520752808001 2.10811868144987 15.25
4152 15999.1558181677 15999.1558181677 0.634520752808001 2.10811868144987 15.25
4153 16000.886039249 16000.886039249 0.634520752808001 2.10811868144987 15.25
4154 16002.6163378343 16002.6163378343 0.634520752808001 2.10811868144987 15.25
4155 16004.3467139121 16004.3467139121 0.634520752808001 2.10811868144987 15.25
4156 16006.0771674573 16006.0771674573 0.634520752808001 2.10811868144987 15.25
4157 16007.807698445 16007.807698445 0.634520752808001 2.10811868144987 15.25
4158 16009.5383068498 16009.5383068498 0.634520752808001 2.10811868144987 15.25
4159 16011.2689926467 16011.2689926467 0.634520752808001 2.10811868144987 15.25
4160 16012.9997558106 16012.9997558106 0.634520752808001 2.10811868144987 15.25
4161 16014.7305963164 16014.7305963164 0.634520752808001 2.10811868144987 15.25
4162 16016.4615141391 16016.4615141391 0.634520752808001 2.10811868144987 15.25
4163 16018.1925092535 16018.1925092535 0.634520752808001 2.10811868144987 15.25
4164 16019.9235816344 16019.9235816344 0.634520752808001 2.10811868144987 15.25
4165 16021.6547312562 16021.6547312562 0.634520752808001 2.10811868144987 15.25
4166 16023.3859580946 16023.3859580946 0.634520752808001 2.10811868144987 15.25
4167 16025.1172621087 16025.1172621087 0.634520752808001 2.10811868144987 15.25
4168 16026.8486432872 16026.8486432872 0.634520752808001 2.10811868144987 15.25
4169 16028.5801016073 16028.5801016073 0.634520752808001 2.10811868144987 15.25
4170 16030.311637044 16030.311637044 0.634520752808001 2.10811868144987 15.25
4171 16032.0432495723 16032.0432495723 0.634520752808001 2.10811868144987 15.25
4172 16033.7749391673 16033.7749391673 0.634520752808001 2.10811868144987 15.25
4173 16035.5067058039 16035.5067058039 0.634520752808001 2.10811868144987 15.25
4174 16037.2385494573 16037.2385494573 0.634520752808001 2.10811868144987 15.25
4175 16038.9704701024 16038.9704701024 0.634520752808001 2.10811868144987 15.25
4176 16040.7024677144 16040.7024677144 0.634520752808001 2.10811868144987 15.25
4177 16042.4345422683 16042.4345422683 0.634520752808001 2.10811868144987 15.25
4178 16044.1666937392 16044.1666937392 0.634520752808001 2.10811868144987 15.25
4179 16045.8989221022 16045.8989221022 0.634520752808001 2.10811868144987 15.25
4180 16047.6312273255 16047.6312273255 0.634520752808001 2.10811868144987 15.25
4181 16049.3636093797 16049.3636093797 0.634520752808001 2.10811868144987 15.25
4182 16051.0960682513 16051.0960682513 0.634520752808001 2.10811868144987 15.25
4183 16052.8286039154 16052.8286039154 0.634520752808001 2.10811868144987 15.25
4184 16054.5612163472 16054.5612163472 0.634520752808001 2.10811868144987 15.25
4185 16056.2939055219 16056.2939055219 0.634520752808001 2.10811868144987 15.25
4186 16058.0266714145 16058.0266714145 0.634520752808001 2.10811868144987 15.25
4187 16059.7595140002 16059.7595140002 0.634520752808001 2.10811868144987 15.25
4188 16061.4924332544 16061.4924332544 0.634520752808001 2.10811868144987 15.25
4189 16063.225429152 16063.225429152 0.634520752808001 2.10811868144987 15.25
4190 16064.9585016683 16064.9585016683 0.634520752808001 2.10811868144987 15.25
4191 16066.6916507786 16066.6916507786 0.634520752808001 2.10811868144987 15.25
4192 16068.424876458 16068.424876458 0.634520752808001 2.10811868144987 15.25
4193 16070.1581786817 16070.1581786817 0.634520752808001 2.10811868144987 15.25
4194 16071.8915574091 16071.8915574091 0.634520752808001 2.10811868144987 15.25
4195 16073.625012629 16073.625012629 0.634520752808001 2.10811868144987 15.25
4196 16075.358544319 16075.358544319 0.634520752808001 2.10811868144987 15.25
4197 16077.0921524544 16077.0921524544 0.634520752808001 2.10811868144987 15.25
4198 16078.8258370104 16078.8258370104 0.634520752808001 2.10811868144987 15.25
4199 16080.5595979623 16080.5595979623 0.634520752808001 2.10811868144987 15.25
4200 16082.2934352855 16082.2934352855 0.634520752808001 2.10811868144987 15.25
4201 16084.0273489574 16084.0273489574 0.634520752808001 2.10811868144987 15.25
4202 16085.7613389511 16085.7613389511 0.634520752808001 2.10811868144987 15.25
4203 16087.495405242 16087.495405242 0.634520752808001 2.10811868144987 15.25
4204 16089.2295478053 16089.2295478053 0.634520752808001 2.10811868144987 15.25
4205 16090.9637666165 16090.9637666165 0.634520752808001 2.10811868144987 15.25
4206 16092.6980616508 16092.6980616508 0.634520752808001 2.10811868144987 15.25
4207 16094.4324328744 16094.4324328744 0.634520752808001 2.10811868144987 15.25
4208 16096.1668802629 16096.1668802629 0.634520752808001 2.10811868144987 15.25
4209 16097.9014037975 16097.9014037975 0.634520752808001 2.10811868144987 15.25
4210 16099.6360034567 16099.6360034567 0.634520752808001 2.10811868144987 15.25
4211 16101.370679216 16101.370679216 0.634520752808001 2.10811868144987 15.25
4212 16103.1054310508 16103.1054310508 0.634520752808001 2.10811868144987 15.25
4213 16104.8402589365 16104.8402589365 0.634520752808001 2.10811868144987 15.25
4214 16106.5751628484 16106.5751628484 0.634520752808001 2.10811868144987 15.25
4215 16108.3101427621 16108.3101427621 0.634520752808001 2.10811868144987 15.25
4216 16110.045198653 16110.045198653 0.634520752808001 2.10811868144987 15.25
4217 16111.7803304966 16111.7803304966 0.634520752808001 2.10811868144987 15.25
4218 16113.5155382682 16113.5155382682 0.634520752808001 2.10811868144987 15.25
4219 16115.2508219434 16115.2508219434 0.634520752808001 2.10811868144987 15.25
4220 16116.9861814977 16116.9861814977 0.634520752808001 2.10811868144987 15.25
4221 16118.7216168884 16118.7216168884 0.634520752808001 2.10811868144987 15.25
4222 16120.457128109 16120.457128109 0.634520752808001 2.10811868144987 15.25
4223 16122.1927151352 16122.1927151352 0.634520752808001 2.10811868144987 15.25
4224 16123.9283779425 16123.9283779425 0.634520752808001 2.10811868144987 15.25
4225 16125.6641165064 16125.6641165064 0.634520752808001 2.10811868144987 15.25
4226 16127.3999308025 16127.3999308025 0.634520752808001 2.10811868144987 15.25
4227 16129.1358208063 16129.1358208063 0.634520752808001 2.10811868144987 15.25
4228 16130.8717864934 16130.8717864934 0.634520752808001 2.10811868144987 15.25
4229 16132.6078278393 16132.6078278393 0.634520752808001 2.10811868144987 15.25
4230 16134.3439448196 16134.3439448196 0.634520752808001 2.10811868144987 15.25
4231 16136.0801374099 16136.0801374099 0.634520752808001 2.10811868144987 15.25
4232 16137.8164055858 16137.8164055858 0.634520752808001 2.10811868144987 15.25
4233 16139.5527493252 16139.5527493252 0.634520752808001 2.10811868144987 15.25
4234 16141.28916859 16141.28916859 0.634520752808001 2.10811868144987 15.25
4235 16143.0256633604 16143.0256633604 0.634520752808001 2.10811868144987 15.25
4236 16144.7622336189 16144.7622336189 0.634520752808001 2.10811868144987 15.25
4237 16146.4988793411 16146.4988793411 0.634520752808001 2.10811868144987 15.25
4238 16148.2356005027 16148.2356005027 0.634520752808001 2.10811868144987 15.25
4239 16149.9723970793 16149.9723970793 0.634520752808001 2.10811868144987 15.25
4240 16151.7092690466 16151.7092690466 0.634520752808001 2.10811868144987 15.25
4241 16153.4462163803 16153.4462163803 0.634520752808001 2.10811868144987 15.25
4242 16155.1832390561 16155.1832390561 0.634520752808001 2.10811868144987 15.25
4243 16156.9203370496 16156.9203370496 0.634520752808001 2.10811868144987 15.25
4244 16158.6575103367 16158.6575103367 0.634520752808001 2.10811868144987 15.25
4245 16160.394758893 16160.394758893 0.634520752808001 2.10811868144987 15.25
4246 16162.1320826942 16162.1320826942 0.634520752808001 2.10811868144987 15.25
4247 16163.8694817137 16163.8694817137 0.634520752808001 2.10811868144987 15.25
4248 16165.6069559138 16165.6069559138 0.634520752808001 2.10811868144987 15.25
4249 16167.344505286 16167.344505286 0.634520752808001 2.10811868144987 15.25
4250 16169.0821298061 16169.0821298061 0.634520752808001 2.10811868144987 15.25
4251 16170.81982945 16170.81982945 0.634520752808001 2.10811868144987 15.25
4252 16172.5576041934 16172.5576041934 0.634520752808001 2.10811868144987 15.25
4253 16174.2954540095 16174.2954540095 0.634520752808001 2.10811868144987 15.25
4254 16176.0333788763 16176.0333788763 0.634520752808001 2.10811868144987 15.25
4255 16177.7713787701 16177.7713787701 0.634520752808001 2.10811868144987 15.25
4256 16179.5094536666 16179.5094536666 0.634520752808001 2.10811868144987 15.25
4257 16181.2476035417 16181.2476035417 0.634520752808001 2.10811868144987 15.25
4258 16182.9858283712 16182.9858283712 0.634520752808001 2.10811868144987 15.25
4259 16184.724128131 16184.724128131 0.634520752808001 2.10811868144987 15.25
4260 16186.4625027969 16186.4625027969 0.634520752808001 2.10811868144987 15.25
4261 16188.2009523333 16188.2009523333 0.634520752808001 2.10811868144987 15.25
4262 16189.9394767208 16189.9394767208 0.634520752808001 2.10811868144987 15.25
4263 16191.6780759421 16191.6780759421 0.634520752808001 2.10811868144987 15.25
4264 16193.416749973 16193.416749973 0.634520752808001 2.10811868144987 15.25
4265 16195.1554987918 16195.1554987918 0.634520752808001 2.10811868144987 15.25
4266 16196.894322372 16196.894322372 0.634520752808001 2.10811868144987 15.25
4267 16198.6332206896 16198.6332206896 0.634520752808001 2.10811868144987 15.25
4268 16200.3721937206 16200.3721937206 0.634520752808001 2.10811868144987 15.25
4269 16202.1112414408 16202.1112414408 0.634520752808001 2.10811868144987 15.25
4270 16203.8503638263 16203.8503638263 0.634520752808001 2.10811868144987 15.25
4271 16205.589560853 16205.589560853 0.634520752808001 2.10811868144987 15.25
4272 16207.3288324968 16207.3288324968 0.634520752808001 2.10811868144987 15.25
4273 16209.0681787338 16209.0681787338 0.634520752808001 2.10811868144987 15.25
4274 16210.8075995353 16210.8075995353 0.634520752808001 2.10811868144987 15.25
4275 16212.5470948682 16212.5470948682 0.634520752808001 2.10811868144987 15.25
4276 16214.2866647223 16214.2866647223 0.634520752808001 2.10811868144987 15.25
4277 16216.0263090737 16216.0263090737 0.634520752808001 2.10811868144987 15.25
4278 16217.7660278981 16217.7660278981 0.634520752808001 2.10811868144987 15.25
4279 16219.5058211717 16219.5058211717 0.634520752808001 2.10811868144987 15.25
4280 16221.2456888707 16221.2456888707 0.634520752808001 2.10811868144987 15.25
4281 16222.9856309709 16222.9856309709 0.634520752808001 2.10811868144987 15.25
4282 16224.7256474485 16224.7256474485 0.634520752808001 2.10811868144987 15.25
4283 16226.4657382796 16226.4657382796 0.634520752808001 2.10811868144987 15.25
4284 16228.2059034402 16228.2059034402 0.634520752808001 2.10811868144987 15.25
4285 16229.9461429065 16229.9461429065 0.634520752808001 2.10811868144987 15.25
4286 16231.6864566544 16231.6864566544 0.634520752808001 2.10811868144987 15.25
4287 16233.4268446602 16233.4268446602 0.634520752808001 2.10811868144987 15.25
4288 16235.1673068863 16235.1673068863 0.634520752808001 2.10811868144987 15.25
4289 16236.9078433179 16236.9078433179 0.634520752808001 2.10811868144987 15.25
4290 16238.6484539357 16238.6484539357 0.634520752808001 2.10811868144987 15.25
4291 16240.3891387159 16240.3891387159 0.634520752808001 2.10811868144987 15.25
4292 16242.1298976346 16242.1298976346 0.634520752808001 2.10811868144987 15.25
4293 16243.870730668 16243.870730668 0.634520752808001 2.10811868144987 15.25
4294 16245.6116377922 16245.6116377922 0.634520752808001 2.10811868144987 15.25
4295 16247.3526189858 16247.3526189858 0.634520752808001 2.10811868144987 15.25
4296 16249.0936742226 16249.0936742226 0.634520752808001 2.10811868144987 15.25
4297 16250.8348034768 16250.8348034768 0.634520752808001 2.10811868144987 15.25
4298 16252.576006726 16252.576006726 0.634520752808001 2.10811868144987 15.25
4299 16254.3172839471 16254.3172839471 0.634520752808001 2.10811868144987 15.25
4300 16256.0586351163 16256.0586351163 0.634520752808001 2.10811868144987 15.25
4301 16257.800060203 16257.800060203 0.634520752808001 2.10811868144987 15.25
4302 16259.5415591789 16259.5415591789 0.634520752808001 2.10811868144987 15.25
4303 16261.2831320317 16261.2831320317 0.634520752808001 2.10811868144987 15.25
4304 16263.0247787376 16263.0247787376 0.634520752808001 2.10811868144987 15.25
4305 16264.7664992729 16264.7664992729 0.634520752808001 2.10811868144987 15.25
4306 16266.5082936138 16266.5082936138 0.634520752808001 2.10811868144987 15.25
4307 16268.2501617367 16268.2501617367 0.634520752808001 2.10811868144987 15.25
4308 16269.9921036179 16269.9921036179 0.634520752808001 2.10811868144987 15.25
4309 16271.7341192337 16271.7341192337 0.634520752808001 2.10811868144987 15.25
4310 16273.4762085604 16273.4762085604 0.634520752808001 2.10811868144987 15.25
4311 16275.2183715744 16275.2183715744 0.634520752808001 2.10811868144987 15.25
4312 16276.9606082519 16276.9606082519 0.634520752808001 2.10811868144987 15.25
4313 16278.7029185693 16278.7029185693 0.634520752808001 2.10811868144987 15.25
4314 16280.4453025031 16280.4453025031 0.634520752808001 2.10811868144987 15.25
4315 16282.1877600135 16282.1877600135 0.634520752808001 2.10811868144987 15.25
4316 16283.9302910907 16283.9302910907 0.634520752808001 2.10811868144987 15.25
4317 16285.6728957133 16285.6728957133 0.634520752808001 2.10811868144987 15.25
4318 16287.4155738576 16287.4155738576 0.634520752808001 2.10811868144987 15.25
4319 16289.1583255002 16289.1583255002 0.634520752808001 2.10811868144987 15.25
4320 16290.9011506174 16290.9011506174 0.634520752808001 2.10811868144987 15.25
4321 16292.6440491856 16292.6440491856 0.634520752808001 2.10811868144987 15.25
4322 16294.3870211814 16294.3870211814 0.634520752808001 2.10811868144987 15.25
4323 16296.130066581 16296.130066581 0.634520752808001 2.10811868144987 15.25
4324 16297.8731853633 16297.8731853633 0.634520752808001 2.10811868144987 15.25
4325 16299.6163775024 16299.6163775024 0.634520752808001 2.10811868144987 15.25
4326 16301.3596429748 16301.3596429748 0.634520752808001 2.10811868144987 15.25
4327 16303.1029817569 16303.1029817569 0.634520752808001 2.10811868144987 15.25
4328 16304.8463938162 16304.8463938162 0.634520752808001 2.10811868144987 15.25
4329 16306.589879129 16306.589879129 0.634520752808001 2.10811868144987 15.25
4330 16308.3334376811 16308.3334376811 0.634520752808001 2.10811868144987 15.25
4331 16310.077069449 16310.077069449 0.634520752808001 2.10811868144987 15.25
4332 16311.8207744091 16311.8207744091 0.634520752808001 2.10811868144987 15.25
4333 16313.5645525381 16313.5645525381 0.634520752808001 2.10811868144987 15.25
4334 16315.3084038124 16315.3084038124 0.634520752808001 2.10811868144987 15.25
4335 16317.0523282086 16317.0523282086 0.634520752808001 2.10811868144987 15.25
4336 16318.7963257032 16318.7963257032 0.634520752808001 2.10811868144987 15.25
4337 16320.5403962729 16320.5403962729 0.634520752808001 2.10811868144987 15.25
4338 16322.2845398941 16322.2845398941 0.634520752808001 2.10811868144987 15.25
4339 16324.0287565435 16324.0287565435 0.634520752808001 2.10811868144987 15.25
4340 16325.7730461977 16325.7730461977 0.634520752808001 2.10811868144987 15.25
4341 16327.5174088316 16327.5174088316 0.634520752808001 2.10811868144987 15.25
4342 16329.2618444044 16329.2618444044 0.634520752808001 2.10811868144987 15.25
4343 16331.0063529118 16331.0063529118 0.634520752808001 2.10811868144987 15.25
4344 16332.7509343305 16332.7509343305 0.634520752808001 2.10811868144987 15.25
4345 16334.495588637 16334.495588637 0.634520752808001 2.10811868144987 15.25
4346 16336.2403158081 16336.2403158081 0.634520752808001 2.10811868144987 15.25
4347 16337.9851158203 16337.9851158203 0.634520752808001 2.10811868144987 15.25
4348 16339.7299886504 16339.7299886504 0.634520752808001 2.10811868144987 15.25
4349 16341.4749342751 16341.4749342751 0.634520752808001 2.10811868144987 15.25
4350 16343.2199526709 16343.2199526709 0.634520752808001 2.10811868144987 15.25
4351 16344.9650438146 16344.9650438146 0.634520752808001 2.10811868144987 15.25
4352 16346.7102076853 16346.7102076853 0.634520752808001 2.10811868144987 15.25
4353 16348.4554442572 16348.4554442572 0.634520752808001 2.10811868144987 15.25
4354 16350.2007535072 16350.2007535072 0.634520752808001 2.10811868144987 15.25
4355 16351.9461354005 16351.9461354005 0.634520752808001 2.10811868144987 15.25
4356 16353.6915899184 16353.6915899184 0.634520752808001 2.10811868144987 15.25
4357 16355.4371170446 16355.4371170446 0.634520752808001 2.10811868144987 15.25
4358 16357.1827167559 16357.1827167559 0.634520752808001 2.10811868144987 15.25
4359 16358.9283890289 16358.9283890289 0.634520752808001 2.10811868144987 15.25
4360 16360.6741338404 16360.6741338404 0.634520752808001 2.10811868144987 15.25
4361 16362.4199511672 16362.4199511672 0.634520752808001 2.10811868144987 15.25
4362 16364.1658409862 16364.1658409862 0.634520752808001 2.10811868144987 15.25
4363 16365.911803274 16365.911803274 0.634520752808001 2.10811868144987 15.25
4364 16367.6578380076 16367.6578380076 0.634520752808001 2.10811868144987 15.25
4365 16369.4039451637 16369.4039451637 0.634520752808001 2.10811868144987 15.25
4366 16371.1501247192 16371.1501247192 0.634520752808001 2.10811868144987 15.25
4367 16372.8963766509 16372.8963766509 0.634520752808001 2.10811868144987 15.25
4368 16374.6427009333 16374.6427009333 0.634520752808001 2.10811868144987 15.25
4369 16376.3890975297 16376.3890975297 0.634520752808001 2.10811868144987 15.25
4370 16378.1355664328 16378.1355664328 0.634520752808001 2.10811868144987 15.25
4371 16379.8821076195 16379.8821076195 0.634520752808001 2.10811868144987 15.25
4372 16381.6287210668 16381.6287210668 0.634520752808001 2.10811868144987 15.25
4373 16383.3754067515 16383.3754067515 0.634520752808001 2.10811868144987 15.25
4374 16385.1221646504 16385.1221646504 0.634520752808001 2.10811868144987 15.25
4375 16386.8689947406 16386.8689947406 0.634520752808001 2.10811868144987 15.25
4376 16388.6158969989 16388.6158969989 0.634520752808001 2.10811868144987 15.25
4377 16390.3628714022 16390.3628714022 0.634520752808001 2.10811868144987 15.25
4378 16392.1099179276 16392.1099179276 0.634520752808001 2.10811868144987 15.25
4379 16393.8570365541 16393.8570365541 0.634520752808001 2.10811868144987 15.25
4380 16395.6042272565 16395.6042272565 0.634520752808001 2.10811868144987 15.25
4381 16397.3514900117 16397.3514900117 0.634520752808001 2.10811868144987 15.25
4382 16399.0988247831 16399.0988247831 0.634520752808001 2.10811868144987 15.25
4383 16400.8462315566 16400.8462315566 0.634520752808001 2.10811868144987 15.25
4384 16402.593710314 16402.593710314 0.634520752808001 2.10811868144987 15.25
4385 16404.3412610308 16404.3412610308 0.634520752808001 2.10811868144987 15.25
4386 16406.0888836844 16406.0888836844 0.634520752808001 2.10811868144987 15.25
4387 16407.8365782527 16407.8365782527 0.634520752808001 2.10811868144987 15.25
4388 16409.5843447129 16409.5843447129 0.634520752808001 2.10811868144987 15.25
4389 16411.3321830419 16411.3321830419 0.634520752808001 2.10811868144987 15.25
4390 16413.0800932169 16413.0800932169 0.634520752808001 2.10811868144987 15.25
4391 16414.8280752147 16414.8280752147 0.634520752808001 2.10811868144987 15.25
4392 16416.5761290125 16416.5761290125 0.634520752808001 2.10811868144987 15.25
4393 16418.3242545874 16418.3242545874 0.634520752808001 2.10811868144987 15.25
4394 16420.0724519165 16420.0724519165 0.634520752808001 2.10811868144987 15.25
4395 16421.8207209721 16421.8207209721 0.634520752808001 2.10811868144987 15.25
4396 16423.5690617224 16423.5690617224 0.634520752808001 2.10811868144987 15.25
4397 16425.3174741581 16425.3174741581 0.634520752808001 2.10811868144987 15.25
4398 16427.0659582564 16427.0659582564 0.634520752808001 2.10811868144987 15.25
4399 16428.8145139942 16428.8145139942 0.634520752808001 2.10811868144987 15.25
4400 16430.5631413489 16430.5631413489 0.634520752808001 2.10811868144987 15.25
4401 16432.3118402974 16432.3118402974 0.634520752808001 2.10811868144987 15.25
4402 16434.060610817 16434.060610817 0.634520752808001 2.10811868144987 15.25
4403 16435.8094528848 16435.8094528848 0.634520752808001 2.10811868144987 15.25
4404 16437.558366478 16437.558366478 0.634520752808001 2.10811868144987 15.25
4405 16439.307351576 16439.307351576 0.634520752808001 2.10811868144987 15.25
4406 16441.0564081537 16441.0564081537 0.634520752808001 2.10811868144987 15.25
4407 16442.8055361883 16442.8055361883 0.634520752808001 2.10811868144987 15.25
4408 16444.5547356571 16444.5547356571 0.634520752808001 2.10811868144987 15.25
4409 16446.3040065212 16446.3040065212 0.634520752808001 2.10811868144987 15.25
4410 16448.0533487715 16448.0533487715 0.634520752808001 2.10811868144987 15.25
4411 16449.8027623876 16449.8027623876 0.634520752808001 2.10811868144987 15.25
4412 16451.5522473467 16451.5522473467 0.634520752808001 2.10811868144987 15.25
4413 16453.301803626 16453.301803626 0.634520752808001 2.10811868144987 15.25
4414 16455.0514312029 16455.0514312029 0.634520752808001 2.10811868144987 15.25
4415 16456.8011300544 16456.8011300544 0.634520752808001 2.10811868144987 15.25
4416 16458.550900158 16458.550900158 0.634520752808001 2.10811868144987 15.25
4417 16460.3007414909 16460.3007414909 0.634520752808001 2.10811868144987 15.25
4418 16462.0506540303 16462.0506540303 0.634520752808001 2.10811868144987 15.25
4419 16463.8006377536 16463.8006377536 0.634520752808001 2.10811868144987 15.25
4420 16465.5506926381 16465.5506926381 0.634520752808001 2.10811868144987 15.25
4421 16467.3008186611 16467.3008186611 0.634520752808001 2.10811868144987 15.25
4422 16469.051015793 16469.051015793 0.634520752808001 2.10811868144987 15.25
4423 16470.8012840067 16470.8012840067 0.634520752808001 2.10811868144987 15.25
4424 16472.5516232908 16472.5516232908 0.634520752808001 2.10811868144987 15.25
4425 16474.3020336228 16474.3020336228 0.634520752808001 2.10811868144987 15.25
4426 16476.0525149799 16476.0525149799 0.634520752808001 2.10811868144987 15.25
4427 16477.8030673396 16477.8030673396 0.634520752808001 2.10811868144987 15.25
4428 16479.5536906792 16479.5536906792 0.634520752808001 2.10811868144987 15.25
4429 16481.3043849752 16481.3043849752 0.634520752808001 2.10811868144987 15.25
4430 16483.0551502047 16483.0551502047 0.634520752808001 2.10811868144987 15.25
4431 16484.8059863486 16484.8059863486 0.634520752808001 2.10811868144987 15.25
4432 16486.556893382 16486.556893382 0.634520752808001 2.10811868144987 15.25
4433 16488.3078712823 16488.3078712823 0.634520752808001 2.10811868144987 15.25
4434 16490.058920027 16490.058920027 0.634520752808001 2.10811868144987 15.25
4435 16491.8100395934 16491.8100395934 0.634520752808001 2.10811868144987 15.25
4436 16493.5612299408 16493.5612299408 0.634520752808001 2.10811868144987 15.25
4437 16495.3124910649 16495.3124910649 0.634520752808001 2.10811868144987 15.25
4438 16497.0638229431 16497.0638229431 0.634520752808001 2.10811868144987 15.25
4439 16498.8152255529 16498.8152255529 0.634520752808001 2.10811868144987 15.25
4440 16500.5666988718 16500.5666988718 0.634520752808001 2.10811868144987 15.25
4441 16502.3182428773 16502.3182428773 0.634520752808001 2.10811868144987 15.25
4442 16504.0698575468 16504.0698575468 0.634520752808001 2.10811868144987 15.25
4443 16505.8215428579 16505.8215428579 0.634520752808001 2.10811868144987 15.25
4444 16507.573298788 16507.573298788 0.634520752808001 2.10811868144987 15.25
4445 16509.3251253148 16509.3251253148 0.634520752808001 2.10811868144987 15.25
4446 16511.0770224157 16511.0770224157 0.634520752808001 2.10811868144987 15.25
4447 16512.8289900683 16512.8289900683 0.634520752808001 2.10811868144987 15.25
4448 16514.58102825 16514.58102825 0.634520752808001 2.10811868144987 15.25
4449 16516.3331369294 16516.3331369294 0.634520752808001 2.10811868144987 15.25
4450 16518.085316084 16518.085316084 0.634520752808001 2.10811868144987 15.25
4451 16519.8375657005 16519.8375657005 0.634520752808001 2.10811868144987 15.25
4452 16521.5898857564 16521.5898857564 0.634520752808001 2.10811868144987 15.25
4453 16523.3422762295 16523.3422762295 0.634520752808001 2.10811868144987 15.25
4454 16525.0947370972 16525.0947370972 0.634520752808001 2.10811868144987 15.25
4455 16526.8472683372 16526.8472683372 0.634520752808001 2.10811868144987 15.25
4456 16528.5998699293 16528.5998699293 0.634520752808001 2.10811868144987 15.25
4457 16530.352541849 16530.352541849 0.634520752808001 2.10811868144987 15.25
4458 16532.1052840738 16532.1052840738 0.634520752808001 2.10811868144987 15.25
4459 16533.8580965815 16533.8580965815 0.634520752808001 2.10811868144987 15.25
4460 16535.6109793495 16535.6109793495 0.634520752808001 2.10811868144987 15.25
4461 16537.3639323556 16537.3639323556 0.634520752808001 2.10811868144987 15.25
4462 16539.1169555753 16539.1169555753 0.634520752808001 2.10811868144987 15.25
4463 16540.8700489724 16540.8700489724 0.634520752808001 2.10811868144987 15.25
4464 16542.6232125405 16542.6232125405 0.634520752808001 2.10811868144987 15.25
4465 16544.3764462576 16544.3764462576 0.634520752808001 2.10811868144987 15.25
4466 16546.1297501011 16546.1297501011 0.634520752808001 2.10811868144987 15.25
4467 16547.8831240489 16547.8831240489 0.634520752808001 2.10811868144987 15.25
4468 16549.6365680786 16549.6365680786 0.634520752808001 2.10811868144987 15.25
4469 16551.3900821679 16551.3900821679 0.634520752808001 2.10811868144987 15.25
4470 16553.1436662947 16553.1436662947 0.634520752808001 2.10811868144987 15.25
4471 16554.8973204366 16554.8973204366 0.634520752808001 2.10811868144987 15.25
4472 16556.6510445715 16556.6510445715 0.634520752808001 2.10811868144987 15.25
4473 16558.4048386763 16558.4048386763 0.634520752808001 2.10811868144987 15.25
4474 16560.1587027284 16560.1587027284 0.634520752808001 2.10811868144987 15.25
4475 16561.9126367066 16561.9126367066 0.634520752808001 2.10811868144987 15.25
4476 16563.6666405775 16563.6666405775 0.634520752808001 2.10811868144987 15.25
4477 16565.4207143233 16565.4207143233 0.634520752808001 2.10811868144987 15.25
4478 16567.1748579287 16567.1748579287 0.634520752808001 2.10811868144987 15.25
4479 16568.9290713715 16568.9290713715 0.634520752808001 2.10811868144987 15.25
4480 16570.6833546318 16570.6833546318 0.634520752808001 2.10811868144987 15.25
4481 16572.4377076852 16572.4377076852 0.634520752808001 2.10811868144987 15.25
4482 16574.1921305095 16574.1921305095 0.634520752808001 2.10811868144987 15.25
4483 16575.9466230826 16575.9466230826 0.634520752808001 2.10811868144987 15.25
4484 16577.7011853822 16577.7011853822 0.634520752808001 2.10811868144987 15.25
4485 16579.4558173863 16579.4558173863 0.634520752808001 2.10811868144987 15.25
4486 16581.2105190728 16581.2105190728 0.634520752808001 2.10811868144987 15.25
4487 16582.9652904195 16582.9652904195 0.634520752808001 2.10811868144987 15.25
4488 16584.7201314043 16584.7201314043 0.634520752808001 2.10811868144987 15.25
4489 16586.4750420005 16586.4750420005 0.634520752808001 2.10811868144987 15.25
4490 16588.2300221769 16588.2300221769 0.634520752808001 2.10811868144987 15.25
4491 16589.9850719252 16589.9850719252 0.634520752808001 2.10811868144987 15.25
4492 16591.7401912232 16591.7401912232 0.634520752808001 2.10811868144987 15.25
4493 16593.4953800488 16593.4953800488 0.634520752808001 2.10811868144987 15.25
4494 16595.2506383801 16595.2506383801 0.634520752808001 2.10811868144987 15.25
4495 16597.005966195 16597.005966195 0.634520752808001 2.10811868144987 15.25
4496 16598.7613634713 16598.7613634713 0.634520752808001 2.10811868144987 15.25
4497 16600.5168301872 16600.5168301872 0.634520752808001 2.10811868144987 15.25
4498 16602.2723663205 16602.2723663205 0.634520752808001 2.10811868144987 15.25
4499 16604.0279718492 16604.0279718492 0.634520752808001 2.10811868144987 15.25
4500 16605.7836467514 16605.7836467514 0.634520752808001 2.10811868144987 15.25
4501 16607.539391005 16607.539391005 0.634520752808001 2.10811868144987 15.25
4502 16609.2952045903 16609.2952045903 0.634520752808001 2.10811868144987 15.25
4503 16611.0510874671 16611.0510874671 0.634520752808001 2.10811868144987 15.25
4504 16612.8070396271 16612.8070396271 0.634520752808001 2.10811868144987 15.25
4505 16614.5630610506 16614.5630610506 0.634520752808001 2.10811868144987 15.25
4506 16616.3191517156 16616.3191517156 0.634520752808001 2.10811868144987 15.25
4507 16618.0753116002 16618.0753116002 0.634520752808001 2.10811868144987 15.25
4508 16619.8315406825 16619.8315406825 0.634520752808001 2.10811868144987 15.25
4509 16621.5878389405 16621.5878389405 0.634520752808001 2.10811868144987 15.25
4510 16623.3442063523 16623.3442063523 0.634520752808001 2.10811868144987 15.25
4511 16625.100642896 16625.100642896 0.634520752808001 2.10811868144987 15.25
4512 16626.8571485496 16626.8571485496 0.634520752808001 2.10811868144987 15.25
4513 16628.6137232913 16628.6137232913 0.634520752808001 2.10811868144987 15.25
4514 16630.3703670991 16630.3703670991 0.634520752808001 2.10811868144987 15.25
4515 16632.1270799513 16632.1270799513 0.634520752808001 2.10811868144987 15.25
4516 16633.883861819 16633.883861819 0.634520752808001 2.10811868144987 15.25
4517 16635.6407126755 16635.6407126755 0.634520752808001 2.10811868144987 15.25
4518 16637.3976325094 16637.3976325094 0.634520752808001 2.10811868144987 15.25
4519 16639.1546213001 16639.1546213001 0.634520752808001 2.10811868144987 15.25
4520 16640.9116790258 16640.9116790258 0.634520752808001 2.10811868144987 15.25
4521 16642.6688056647 16642.6688056647 0.634520752808001 2.10811868144987 15.25
4522 16644.4260011949 16644.4260011949 0.634520752808001 2.10811868144987 15.25
4523 16646.1832655947 16646.1832655947 0.634520752808001 2.10811868144987 15.25
4524 16647.9405988421 16647.9405988421 0.634520752808001 2.10811868144987 15.25
4525 16649.6980009178 16649.6980009178 0.634520752808001 2.10811868144987 15.25
4526 16651.4554717976 16651.4554717976 0.634520752808001 2.10811868144987 15.25
4527 16653.2130114598 16653.2130114598 0.634520752808001 2.10811868144987 15.25
4528 16654.9706198825 16654.9706198825 0.634520752808001 2.10811868144987 15.25
4529 16656.7282970441 16656.7282970441 0.634520752808001 2.10811868144987 15.25
4530 16658.4860429044 16658.4860429044 0.634520752808001 2.10811868144987 15.25
4531 16660.24385746 16660.24385746 0.634520752808001 2.10811868144987 15.25
4532 16662.0017406892 16662.0017406892 0.634520752808001 2.10811868144987 15.25
4533 16663.7596925701 16663.7596925701 0.634520752808001 2.10811868144987 15.25
4534 16665.5177130812 16665.5177130812 0.634520752808001 2.10811868144987 15.25
4535 16667.2758022007 16667.2758022007 0.634520752808001 2.10811868144987 15.25
4536 16669.0339599068 16669.0339599068 0.634520752808001 2.10811868144987 15.25
4537 16670.7921861779 16670.7921861779 0.634520752808001 2.10811868144987 15.25
4538 16672.5504809923 16672.5504809923 0.634520752808001 2.10811868144987 15.25
4539 16674.3088443283 16674.3088443283 0.634520752808001 2.10811868144987 15.25
4540 16676.0672761642 16676.0672761642 0.634520752808001 2.10811868144987 15.25
4541 16677.8257764783 16677.8257764783 0.634520752808001 2.10811868144987 15.25
4542 16679.5843452491 16679.5843452491 0.634520752808001 2.10811868144987 15.25
4543 16681.3429824456 16681.3429824456 0.634520752808001 2.10811868144987 15.25
4544 16683.1016880464 16683.1016880464 0.634520752808001 2.10811868144987 15.25
4545 16684.8604620387 16684.8604620387 0.634520752808001 2.10811868144987 15.25
4546 16686.6193044012 16686.6193044012 0.634520752808001 2.10811868144987 15.25
4547 16688.378215112 16688.378215112 0.634520752808001 2.10811868144987 15.25
4548 16690.137194152 16690.137194152 0.634520752808001 2.10811868144987 15.25
4549 16691.8962414972 16691.8962414972 0.634520752808001 2.10811868144987 15.25
4550 16693.655357126 16693.655357126 0.634520752808001 2.10811868144987 15.25
4551 16695.4145410168 16695.4145410168 0.634520752808001 2.10811868144987 15.25
4552 16697.1737931481 16697.1737931481 0.634520752808001 2.10811868144987 15.25
4553 16698.9331134983 16698.9331134983 0.634520752808001 2.10811868144987 15.25
4554 16700.6925020458 16700.6925020458 0.634520752808001 2.10811868144987 15.25
4555 16702.4519587691 16702.4519587691 0.634520752808001 2.10811868144987 15.25
4556 16704.2114836444 16704.2114836444 0.634520752808001 2.10811868144987 15.25
4557 16705.9710766364 16705.9710766364 0.634520752808001 2.10811868144987 15.25
4558 16707.7307377396 16707.7307377396 0.634520752808001 2.10811868144987 15.25
4559 16709.4904669324 16709.4904669324 0.634520752808001 2.10811868144987 15.25
4560 16711.2502641934 16711.2502641934 0.634520752808001 2.10811868144987 15.25
4561 16713.0101295009 16713.0101295009 0.634520752808001 2.10811868144987 15.25
4562 16714.7700628323 16714.7700628323 0.634520752808001 2.10811868144987 15.25
4563 16716.5300641673 16716.5300641673 0.634520752808001 2.10811868144987 15.25
4564 16718.2901334845 16718.2901334845 0.634520752808001 2.10811868144987 15.25
4565 16720.0502707624 16720.0502707624 0.634520752808001 2.10811868144987 15.25
4566 16721.8104759796 16721.8104759796 0.634520752808001 2.10811868144987 15.25
4567 16723.5707491147 16723.5707491147 0.634520752808001 2.10811868144987 15.25
4568 16725.3310901461 16725.3310901461 0.634520752808001 2.10811868144987 15.25
4569 16727.0914990547 16727.0914990547 0.634520752808001 2.10811868144987 15.25
4570 16728.8519758032 16728.8519758032 0.634520752808001 2.10811868144987 15.25
4571 16730.6125203792 16730.6125203792 0.634520752808001 2.10811868144987 15.25
4572 16732.3731327659 16732.3731327659 0.634520752808001 2.10811868144987 15.25
4573 16734.1338129418 16734.1338129418 0.634520752808001 2.10811868144987 15.25
4574 16735.8945608857 16735.8945608857 0.634520752808001 2.10811868144987 15.25
4575 16737.655376576 16737.655376576 0.634520752808001 2.10811868144987 15.25
4576 16739.4162599915 16739.4162599915 0.634520752808001 2.10811868144987 15.25
4577 16741.1772111107 16741.1772111107 0.634520752808001 2.10811868144987 15.25
4578 16742.9382299123 16742.9382299123 0.634520752808001 2.10811868144987 15.25
4579 16744.6993163749 16744.6993163749 0.634520752808001 2.10811868144987 15.25
4580 16746.4604704772 16746.4604704772 0.634520752808001 2.10811868144987 15.25
4581 16748.2216921979 16748.2216921979 0.634520752808001 2.10811868144987 15.25
4582 16749.9829815155 16749.9829815155 0.634520752808001 2.10811868144987 15.25
4583 16751.7443384044 16751.7443384044 0.634520752808001 2.10811868144987 15.25
4584 16753.5057628338 16753.5057628338 0.634520752808001 2.10811868144987 15.25
4585 16755.2672547964 16755.2672547964 0.634520752808001 2.10811868144987 15.25
4586 16757.0288142708 16757.0288142708 0.634520752808001 2.10811868144987 15.25
4587 16758.7904412356 16758.7904412356 0.634520752808001 2.10811868144987 15.25
4588 16760.5521356697 16760.5521356697 0.634520752808001 2.10811868144987 15.25
4589 16762.3138975517 16762.3138975517 0.634520752808001 2.10811868144987 15.25
4590 16764.0757268603 16764.0757268603 0.634520752808001 2.10811868144987 15.25
4591 16765.8376235767 16765.8376235767 0.634520752808001 2.10811868144987 15.25
4592 16767.5995876773 16767.5995876773 0.634520752808001 2.10811868144987 15.25
4593 16769.3616191407 16769.3616191407 0.634520752808001 2.10811868144987 15.25
4594 16771.1237179459 16771.1237179459 0.634520752808001 2.10811868144987 15.25
4595 16772.8858840715 16772.8858840715 0.634520752808001 2.10811868144987 15.25
4596 16774.6481174964 16774.6481174964 0.634520752808001 2.10811868144987 15.25
4597 16776.4104181834 16776.4104181834 0.634520752808001 2.10811868144987 15.25
4598 16778.1727861249 16778.1727861249 0.634520752808001 2.10811868144987 15.25
4599 16779.9352213021 16779.9352213021 0.634520752808001 2.10811868144987 15.25
4600 16781.6977236938 16781.6977236938 0.634520752808001 2.10811868144987 15.25
4601 16783.4602932787 16783.4602932787 0.634520752808001 2.10811868144987 15.25
4602 16785.2229300358 16785.2229300358 0.634520752808001 2.10811868144987 15.25
4603 16786.9856339439 16786.9856339439 0.634520752808001 2.10811868144987 15.25
4604 16788.7484049818 16788.7484049818 0.634520752808001 2.10811868144987 15.25
4605 16790.5112431284 16790.5112431284 0.634520752808001 2.10811868144987 15.25
4606 16792.2741483612 16792.2741483612 0.634520752808001 2.10811868144987 15.25
4607 16794.0371206604 16794.0371206604 0.634520752808001 2.10811868144987 15.25
4608 16795.800160005 16795.800160005 0.634520752808001 2.10811868144987 15.25
4609 16797.5632663737 16797.5632663737 0.634520752808001 2.10811868144987 15.25
4610 16799.3264397387 16799.3264397387 0.634520752808001 2.10811868144987 15.25
4611 16801.0896800743 16801.0896800743 0.634520752808001 2.10811868144987 15.25
4612 16802.8529873731 16802.8529873731 0.634520752808001 2.10811868144987 15.25
4613 16804.6163616117 16804.6163616117 0.634520752808001 2.10811868144987 15.25
4614 16806.379802769 16806.379802769 0.634520752808001 2.10811868144987 15.25
4615 16808.1433108241 16808.1433108241 0.634520752808001 2.10811868144987 15.25
4616 16809.9068857558 16809.9068857558 0.634520752808001 2.10811868144987 15.25
4617 16811.6705275431 16811.6705275431 0.634520752808001 2.10811868144987 15.25
4618 16813.4342361649 16813.4342361649 0.634520752808001 2.10811868144987 15.25
4619 16815.1980116003 16815.1980116003 0.634520752808001 2.10811868144987 15.25
4620 16816.9618538282 16816.9618538282 0.634520752808001 2.10811868144987 15.25
4621 16818.7257628276 16818.7257628276 0.634520752808001 2.10811868144987 15.25
4622 16820.4897385775 16820.4897385775 0.634520752808001 2.10811868144987 15.25
4623 16822.2537810569 16822.2537810569 0.634520752808001 2.10811868144987 15.25
4624 16824.0178902265 16824.0178902265 0.634520752808001 2.10811868144987 15.25
4625 16825.7820660836 16825.7820660836 0.634520752808001 2.10811868144987 15.25
4626 16827.5463086072 16827.5463086072 0.634520752808001 2.10811868144987 15.25
4627 16829.3106177765 16829.3106177765 0.634520752808001 2.10811868144987 15.25
4628 16831.0749935703 16831.0749935703 0.634520752808001 2.10811868144987 15.25
4629 16832.8394359678 16832.8394359678 0.634520752808001 2.10811868144987 15.25
4630 16834.6039449481 16834.6039449481 0.634520752808001 2.10811868144987 15.25
4631 16836.3685204901 16836.3685204901 0.634520752808001 2.10811868144987 15.25
4632 16838.1331625753 16838.1331625753 0.634520752808001 2.10811868144987 15.25
4633 16839.8978711804 16839.8978711804 0.634520752808001 2.10811868144987 15.25
4634 16841.6626462845 16841.6626462845 0.634520752808001 2.10811868144987 15.25
4635 16843.4274878668 16843.4274878668 0.634520752808001 2.10811868144987 15.25
4636 16845.1923959064 16845.1923959064 0.634520752808001 2.10811868144987 15.25
4637 16846.9573703708 16846.9573703708 0.634520752808001 2.10811868144987 15.25
4638 16848.7224112439 16848.7224112439 0.634520752808001 2.10811868144987 15.25
4639 16850.4875185116 16850.4875185116 0.634520752808001 2.10811868144987 15.25
4640 16852.252692153 16852.252692153 0.634520752808001 2.10811868144987 15.25
4641 16854.0179321474 16854.0179321474 0.634520752808001 2.10811868144987 15.25
4642 16855.7832384737 16855.7832384737 0.634520752808001 2.10811868144987 15.25
4643 16857.5486111113 16857.5486111113 0.634520752808001 2.10811868144987 15.25
4644 16859.3140500392 16859.3140500392 0.634520752808001 2.10811868144987 15.25
4645 16861.0795552367 16861.0795552367 0.634520752808001 2.10811868144987 15.25
4646 16862.8451266829 16862.8451266829 0.634520752808001 2.10811868144987 15.25
4647 16864.610764357 16864.610764357 0.634520752808001 2.10811868144987 15.25
4648 16866.3764682383 16866.3764682383 0.634520752808001 2.10811868144987 15.25
4649 16868.1422383059 16868.1422383059 0.634520752808001 2.10811868144987 15.25
4650 16869.9080745358 16869.9080745358 0.634520752808001 2.10811868144987 15.25
4651 16871.6739768944 16871.6739768944 0.634520752808001 2.10811868144987 15.25
4652 16873.439945377 16873.439945377 0.634520752808001 2.10811868144987 15.25
4653 16875.2059799651 16875.2059799651 0.634520752808001 2.10811868144987 15.25
4654 16876.9720806357 16876.9720806357 0.634520752808001 2.10811868144987 15.25
4655 16878.7382473681 16878.7382473681 0.634520752808001 2.10811868144987 15.25
4656 16880.5044801416 16880.5044801416 0.634520752808001 2.10811868144987 15.25
4657 16882.2707789353 16882.2707789353 0.634520752808001 2.10811868144987 15.25
4658 16884.0371437286 16884.0371437286 0.634520752808001 2.10811868144987 15.25
4659 16885.8035745008 16885.8035745008 0.634520752808001 2.10811868144987 15.25
4660 16887.5700712312 16887.5700712312 0.634520752808001 2.10811868144987 15.25
4661 16889.336633899 16889.336633899 0.634520752808001 2.10811868144987 15.25
4662 16891.1032624836 16891.1032624836 0.634520752808001 2.10811868144987 15.25
4663 16892.8699569643 16892.8699569643 0.634520752808001 2.10811868144987 15.25
4664 16894.6367173067 16894.6367173067 0.634520752808001 2.10811868144987 15.25
4665 16896.4035434993 16896.4035434993 0.634520752808001 2.10811868144987 15.25
4666 16898.1704355261 16898.1704355261 0.634520752808001 2.10811868144987 15.25
4667 16899.9373933663 16899.9373933663 0.634520752808001 2.10811868144987 15.25
4668 16901.7044169993 16901.7044169993 0.634520752808001 2.10811868144987 15.25
4669 16903.4715064045 16903.4715064045 0.634520752808001 2.10811868144987 15.25
4670 16905.2386615612 16905.2386615612 0.634520752808001 2.10811868144987 15.25
4671 16907.0058824489 16907.0058824489 0.634520752808001 2.10811868144987 15.25
4672 16908.7731690492 16908.7731690492 0.634520752808001 2.10811868144987 15.25
4673 16910.5405213392 16910.5405213392 0.634520752808001 2.10811868144987 15.25
4674 16912.3079392984 16912.3079392984 0.634520752808001 2.10811868144987 15.25
4675 16914.0754229061 16914.0754229061 0.634520752808001 2.10811868144987 15.25
4676 16915.8429721418 16915.8429721418 0.634520752808001 2.10811868144987 15.25
4677 16917.610586978 16917.610586978 0.634520752808001 2.10811868144987 15.25
4678 16919.3782673897 16919.3782673897 0.634520752808001 2.10811868144987 15.25
4679 16921.1460133676 16921.1460133676 0.634520752808001 2.10811868144987 15.25
4680 16922.9138248913 16922.9138248913 0.634520752808001 2.10811868144987 15.25
4681 16924.6817019401 16924.6817019401 0.634520752808001 2.10811868144987 15.25
4682 16926.4496444937 16926.4496444937 0.634520752808001 2.10811868144987 15.25
4683 16928.2176525314 16928.2176525314 0.634520752808001 2.10811868144987 15.25
4684 16929.9857260326 16929.9857260326 0.634520752808001 2.10811868144987 15.25
4685 16931.7538649771 16931.7538649771 0.634520752808001 2.10811868144987 15.25
4686 16933.5220693441 16933.5220693441 0.634520752808001 2.10811868144987 15.25
4687 16935.2903391133 16935.2903391133 0.634520752808001 2.10811868144987 15.25
4688 16937.0586742641 16937.0586742641 0.634520752808001 2.10811868144987 15.25
4689 16938.8270747761 16938.8270747761 0.634520752808001 2.10811868144987 15.25
4690 16940.5955406287 16940.5955406287 0.634520752808001 2.10811868144987 15.25
4691 16942.3640717857 16942.3640717857 0.634520752808001 2.10811868144987 15.25
4692 16944.1326682424 16944.1326682424 0.634520752808001 2.10811868144987 15.25
4693 16945.9013299784 16945.9013299784 0.634520752808001 2.10811868144987 15.25
4694 16947.6700569727 16947.6700569727 0.634520752808001 2.10811868144987 15.25
4695 16949.4388492052 16949.4388492052 0.634520752808001 2.10811868144987 15.25
4696 16951.2077066558 16951.2077066558 0.634520752808001 2.10811868144987 15.25
4697 16952.976629304 16952.976629304 0.634520752808001 2.10811868144987 15.25
4698 16954.7456171294 16954.7456171294 0.634520752808001 2.10811868144987 15.25
4699 16956.5146701117 16956.5146701117 0.634520752808001 2.10811868144987 15.25
4700 16958.2837882305 16958.2837882305 0.634520752808001 2.10811868144987 15.25
4701 16960.0529714653 16960.0529714653 0.634520752808001 2.10811868144987 15.25
4702 16961.8222197957 16961.8222197957 0.634520752808001 2.10811868144987 15.25
4703 16963.5915332015 16963.5915332015 0.634520752808001 2.10811868144987 15.25
4704 16965.3609116532 16965.3609116532 0.634520752808001 2.10811868144987 15.25
4705 16967.1303551303 16967.1303551303 0.634520752808001 2.10811868144987 15.25
4706 16968.8998636216 16968.8998636216 0.634520752808001 2.10811868144987 15.25
4707 16970.6694371069 16970.6694371069 0.634520752808001 2.10811868144987 15.25
4708 16972.4390755658 16972.4390755658 0.634520752808001 2.10811868144987 15.25
4709 16974.2087789779 16974.2087789779 0.634520752808001 2.10811868144987 15.25
4710 16975.978547323 16975.978547323 0.634520752808001 2.10811868144987 15.25
4711 16977.7483805831 16977.7483805831 0.634520752808001 2.10811868144987 15.25
4712 16979.5182787355 16979.5182787355 0.634520752808001 2.10811868144987 15.25
4713 16981.28824176 16981.28824176 0.634520752808001 2.10811868144987 15.25
4714 16983.0582696362 16983.0582696362 0.634520752808001 2.10811868144987 15.25
4715 16984.828362344 16984.828362344 0.634520752808001 2.10811868144987 15.25
4716 16986.598519863 16986.598519863 0.634520752808001 2.10811868144987 15.25
4717 16988.3687421707 16988.3687421707 0.634520752808001 2.10811868144987 15.25
4718 16990.1390292331 16990.1390292331 0.634520752808001 2.10811868144987 15.25
4719 16991.9093810461 16991.9093810461 0.634520752808001 2.10811868144987 15.25
4720 16993.6797975892 16993.6797975892 0.634520752808001 2.10811868144987 15.25
4721 16995.4502788424 16995.4502788424 0.634520752808001 2.10811868144987 15.25
4722 16997.2208247854 16997.2208247854 0.634520752808001 2.10811868144987 15.25
4723 16998.991435398 16998.991435398 0.634520752808001 2.10811868144987 15.25
4724 17000.76211066 17000.76211066 0.634520752808001 2.10811868144987 15.25
4725 17002.5328505511 17002.5328505511 0.634520752808001 2.10811868144987 15.25
4726 17004.3036550512 17004.3036550512 0.634520752808001 2.10811868144987 15.25
4727 17006.0745241402 17006.0745241402 0.634520752808001 2.10811868144987 15.25
4728 17007.8454577978 17007.8454577978 0.634520752808001 2.10811868144987 15.25
4729 17009.6164560061 17009.6164560061 0.634520752808001 2.10811868144987 15.25
4730 17011.3875187427 17011.3875187427 0.634520752808001 2.10811868144987 15.25
4731 17013.1586459738 17013.1586459738 0.634520752808001 2.10811868144987 15.25
4732 17014.9298376883 17014.9298376883 0.634520752808001 2.10811868144987 15.25
4733 17016.7010938707 17016.7010938707 0.634520752808001 2.10811868144987 15.25
4734 17018.4724145008 17018.4724145008 0.634520752808001 2.10811868144987 15.25
4735 17020.2437995586 17020.2437995586 0.634520752808001 2.10811868144987 15.25
4736 17022.0152490239 17022.0152490239 0.634520752808001 2.10811868144987 15.25
4737 17023.7867628765 17023.7867628765 0.634520752808001 2.10811868144987 15.25
4738 17025.558341096 17025.558341096 0.634520752808001 2.10811868144987 15.25
4739 17027.3299836625 17027.3299836625 0.634520752808001 2.10811868144987 15.25
4740 17029.1016905561 17029.1016905561 0.634520752808001 2.10811868144987 15.25
4741 17030.8734617568 17030.8734617568 0.634520752808001 2.10811868144987 15.25
4742 17032.6452972445 17032.6452972445 0.634520752808001 2.10811868144987 15.25
4743 17034.4171969991 17034.4171969991 0.634520752808001 2.10811868144987 15.25
4744 17036.189160996 17036.189160996 0.634520752808001 2.10811868144987 15.25
4745 17037.9611892061 17037.9611892061 0.634520752808001 2.10811868144987 15.25
4746 17039.7332816229 17039.7332816229 0.634520752808001 2.10811868144987 15.25
4747 17041.5054382265 17041.5054382265 0.634520752808001 2.10811868144987 15.25
4748 17043.2776589992 17043.2776589992 0.634520752808001 2.10811868144987 15.25
4749 17045.0499439186 17045.0499439186 0.634520752808001 2.10811868144987 15.25
4750 17046.8222929647 17046.8222929647 0.634520752808001 2.10811868144987 15.25
4751 17048.5947061175 17048.5947061175 0.634520752808001 2.10811868144987 15.25
4752 17050.367183357 17050.367183357 0.634520752808001 2.10811868144987 15.25
4753 17052.1397246633 17052.1397246633 0.634520752808001 2.10811868144987 15.25
4754 17053.9123300164 17053.9123300164 0.634520752808001 2.10811868144987 15.25
4755 17055.6849993963 17055.6849993963 0.634520752808001 2.10811868144987 15.25
4756 17057.457732783 17057.457732783 0.634520752808001 2.10811868144987 15.25
4757 17059.2305301566 17059.2305301566 0.634520752808001 2.10811868144987 15.25
4758 17061.0033914812 17061.0033914812 0.634520752808001 2.10811868144987 15.25
4759 17062.7763167504 17062.7763167504 0.634520752808001 2.10811868144987 15.25
4760 17064.5493059467 17064.5493059467 0.634520752808001 2.10811868144987 15.25
4761 17066.3223590502 17066.3223590502 0.634520752808001 2.10811868144987 15.25
4762 17068.0954760409 17068.0954760409 0.634520752808001 2.10811868144987 15.25
4763 17069.868656899 17069.868656899 0.634520752808001 2.10811868144987 15.25
4764 17071.6419016044 17071.6419016044 0.634520752808001 2.10811868144987 15.25
4765 17073.4152101374 17073.4152101374 0.634520752808001 2.10811868144987 15.25
4766 17075.1885824803 17075.1885824803 0.634520752808001 2.10811868144987 15.25
4767 17076.9620186109 17076.9620186109 0.634520752808001 2.10811868144987 15.25
4768 17078.7355185095 17078.7355185095 0.634520752808001 2.10811868144987 15.25
4769 17080.509082156 17080.509082156 0.634520752808001 2.10811868144987 15.25
4770 17082.2827095308 17082.2827095308 0.634520752808001 2.10811868144987 15.25
4771 17084.0564006047 17084.0564006047 0.634520752808001 2.10811868144987 15.25
4772 17085.830155358 17085.830155358 0.634520752808001 2.10811868144987 15.25
4773 17087.6039737799 17087.6039737799 0.634520752808001 2.10811868144987 15.25
4774 17089.3778558507 17089.3778558507 0.634520752808001 2.10811868144987 15.25
4775 17091.1518015504 17091.1518015504 0.634520752808001 2.10811868144987 15.25
4776 17092.9258108594 17092.9258108594 0.634520752808001 2.10811868144987 15.25
4777 17094.6998837577 17094.6998837577 0.634520752808001 2.10811868144987 15.25
4778 17096.4740202256 17096.4740202256 0.634520752808001 2.10811868144987 15.25
4779 17098.2482202433 17098.2482202433 0.634520752808001 2.10811868144987 15.25
4780 17100.0224837911 17100.0224837911 0.634520752808001 2.10811868144987 15.25
4781 17101.7968108491 17101.7968108491 0.634520752808001 2.10811868144987 15.25
4782 17103.5712013973 17103.5712013973 0.634520752808001 2.10811868144987 15.25
4783 17105.3456554161 17105.3456554161 0.634520752808001 2.10811868144987 15.25
4784 17107.1201728858 17107.1201728858 0.634520752808001 2.10811868144987 15.25
4785 17108.8947537707 17108.8947537707 0.634520752808001 2.10811868144987 15.25
4786 17110.6693980672 17110.6693980672 0.634520752808001 2.10811868144987 15.25
4787 17112.4441057554 17112.4441057554 0.634520752808001 2.10811868144987 15.25
4788 17114.2188768157 17114.2188768157 0.634520752808001 2.10811868144987 15.25
4789 17115.9937112284 17115.9937112284 0.634520752808001 2.10811868144987 15.25
4790 17117.7686089737 17117.7686089737 0.634520752808001 2.10811868144987 15.25
4791 17119.5435700319 17119.5435700319 0.634520752808001 2.10811868144987 15.25
4792 17121.3185943834 17121.3185943834 0.634520752808001 2.10811868144987 15.25
4793 17123.0936820084 17123.0936820084 0.634520752808001 2.10811868144987 15.25
4794 17124.8688328873 17124.8688328873 0.634520752808001 2.10811868144987 15.25
4795 17126.6440470005 17126.6440470005 0.634520752808001 2.10811868144987 15.25
4796 17128.4193243282 17128.4193243282 0.634520752808001 2.10811868144987 15.25
4797 17130.1946648508 17130.1946648508 0.634520752808001 2.10811868144987 15.25
4798 17131.9700685373 17131.9700685373 0.634520752808001 2.10811868144987 15.25
4799 17133.7455353725 17133.7455353725 0.634520752808001 2.10811868144987 15.25
4800 17135.5210653438 17135.5210653438 0.634520752808001 2.10811868144987 15.25
4801 17137.2966584314 17137.2966584314 0.634520752808001 2.10811868144987 15.25
4802 17139.072314618 17139.072314618 0.634520752808001 2.10811868144987 15.25
4803 17140.8480338818 17140.8480338818 0.634520752808001 2.10811868144987 15.25
4804 17142.6238162031 17142.6238162031 0.634520752808001 2.10811868144987 15.25
4805 17144.3996615624 17144.3996615624 0.634520752808001 2.10811868144987 15.25
4806 17146.17556994 17146.17556994 0.634520752808001 2.10811868144987 15.25
4807 17147.9515413164 17147.9515413164 0.634520752808001 2.10811868144987 15.25
4808 17149.727575672 17149.727575672 0.634520752808001 2.10811868144987 15.25
4809 17151.5036729872 17151.5036729872 0.634520752808001 2.10811868144987 15.25
4810 17153.2798332426 17153.2798332426 0.634520752808001 2.10811868144987 15.25
4811 17155.0560564139 17155.0560564139 0.634520752808001 2.10811868144987 15.25
4812 17156.8323424725 17156.8323424725 0.634520752808001 2.10811868144987 15.25
4813 17158.6086914126 17158.6086914126 0.634520752808001 2.10811868144987 15.25
4814 17160.3851032146 17160.3851032146 0.634520752808001 2.10811868144987 15.25
4815 17162.161577859 17162.161577859 0.634520752808001 2.10811868144987 15.25
4816 17163.9381153263 17163.9381153263 0.634520752808001 2.10811868144987 15.25
4817 17165.714715597 17165.714715597 0.634520752808001 2.10811868144987 15.25
4818 17167.4913786516 17167.4913786516 0.634520752808001 2.10811868144987 15.25
4819 17169.2681044729 17169.2681044729 0.634520752808001 2.10811868144987 15.25
4820 17171.0448930391 17171.0448930391 0.634520752808001 2.10811868144987 15.25
4821 17172.8217443307 17172.8217443307 0.634520752808001 2.10811868144987 15.25
4822 17174.5986583284 17174.5986583284 0.634520752808001 2.10811868144987 15.25
4823 17176.3756350125 17176.3756350125 0.634520752808001 2.10811868144987 15.25
4824 17178.1526743638 17178.1526743638 0.634520752808001 2.10811868144987 15.25
4825 17179.9297763466 17179.9297763466 0.634520752808001 2.10811868144987 15.25
4826 17181.7069409552 17181.7069409552 0.634520752808001 2.10811868144987 15.25
4827 17183.4841681724 17183.4841681724 0.634520752808001 2.10811868144987 15.25
4828 17185.2614579789 17185.2614579789 0.634520752808001 2.10811868144987 15.25
4829 17187.0388103553 17187.0388103553 0.634520752808001 2.10811868144987 15.25
4830 17188.8162252823 17188.8162252823 0.634520752808001 2.10811868144987 15.25
4831 17190.5937027403 17190.5937027403 0.634520752808001 2.10811868144987 15.25
4832 17192.3712427101 17192.3712427101 0.634520752808001 2.10811868144987 15.25
4833 17194.1488451721 17194.1488451721 0.634520752808001 2.10811868144987 15.25
4834 17195.9265101071 17195.9265101071 0.634520752808001 2.10811868144987 15.25
4835 17197.7042374957 17197.7042374957 0.634520752808001 2.10811868144987 15.25
4836 17199.4820273208 17199.4820273208 0.634520752808001 2.10811868144987 15.25
4837 17201.2598795607 17201.2598795607 0.634520752808001 2.10811868144987 15.25
4838 17203.0377941869 17203.0377941869 0.634520752808001 2.10811868144987 15.25
4839 17204.8157711802 17204.8157711802 0.634520752808001 2.10811868144987 15.25
4840 17206.5938105303 17206.5938105303 0.634520752808001 2.10811868144987 15.25
4841 17208.3719122179 17208.3719122179 0.634520752808001 2.10811868144987 15.25
4842 17210.1500762236 17210.1500762236 0.634520752808001 2.10811868144987 15.25
4843 17211.9283025282 17211.9283025282 0.634520752808001 2.10811868144987 15.25
4844 17213.7065911124 17213.7065911124 0.634520752808001 2.10811868144987 15.25
4845 17215.4849419567 17215.4849419567 0.634520752808001 2.10811868144987 15.25
4846 17217.2633550421 17217.2633550421 0.634520752808001 2.10811868144987 15.25
4847 17219.0418303491 17219.0418303491 0.634520752808001 2.10811868144987 15.25
4848 17220.8203678585 17220.8203678585 0.634520752808001 2.10811868144987 15.25
4849 17222.5989675509 17222.5989675509 0.634520752808001 2.10811868144987 15.25
4850 17224.3776294073 17224.3776294073 0.634520752808001 2.10811868144987 15.25
4851 17226.1563534083 17226.1563534083 0.634520752808001 2.10811868144987 15.25
4852 17227.9351395163 17227.9351395163 0.634520752808001 2.10811868144987 15.25
4853 17229.7139877304 17229.7139877304 0.634520752808001 2.10811868144987 15.25
4854 17231.4928980337 17231.4928980337 0.634520752808001 2.10811868144987 15.25
4855 17233.2718704047 17233.2718704047 0.634520752808001 2.10811868144987 15.25
4856 17235.050904824 17235.050904824 0.634520752808001 2.10811868144987 15.25
4857 17236.8300012726 17236.8300012726 0.634520752808001 2.10811868144987 15.25
4858 17238.6091597312 17238.6091597312 0.634520752808001 2.10811868144987 15.25
4859 17240.3883801806 17240.3883801806 0.634520752808001 2.10811868144987 15.25
4860 17242.1676626017 17242.1676626017 0.634520752808001 2.10811868144987 15.25
4861 17243.9470069751 17243.9470069751 0.634520752808001 2.10811868144987 15.25
4862 17245.7264132819 17245.7264132819 0.634520752808001 2.10811868144987 15.25
4863 17247.5058815027 17247.5058815027 0.634520752808001 2.10811868144987 15.25
4864 17249.2854116185 17249.2854116185 0.634520752808001 2.10811868144987 15.25
4865 17251.0650035986 17251.0650035986 0.634520752808001 2.10811868144987 15.25
4866 17252.8446574285 17252.8446574285 0.634520752808001 2.10811868144987 15.25
4867 17254.6243730959 17254.6243730959 0.634520752808001 2.10811868144987 15.25
4868 17256.4041505816 17256.4041505816 0.634520752808001 2.10811868144987 15.25
4869 17258.1839898666 17258.1839898666 0.634520752808001 2.10811868144987 15.25
4870 17259.963890934 17259.963890934 0.634520752808001 2.10811868144987 15.25
4871 17261.7438537622 17261.7438537622 0.634520752808001 2.10811868144987 15.25
4872 17263.5238783324 17263.5238783324 0.634520752808001 2.10811868144987 15.25
4873 17265.3039646253 17265.3039646253 0.634520752808001 2.10811868144987 15.25
4874 17267.084112622 17267.084112622 0.634520752808001 2.10811868144987 15.25
4875 17268.8643223034 17268.8643223034 0.634520752808001 2.10811868144987 15.25
4876 17270.6445936503 17270.6445936503 0.634520752808001 2.10811868144987 15.25
4877 17272.4249266437 17272.4249266437 0.634520752808001 2.10811868144987 15.25
4878 17274.20532126 17274.20532126 0.634520752808001 2.10811868144987 15.25
4879 17275.9857774709 17275.9857774709 0.634520752808001 2.10811868144987 15.25
4880 17277.7662952712 17277.7662952712 0.634520752808001 2.10811868144987 15.25
4881 17279.5468746418 17279.5468746418 0.634520752808001 2.10811868144987 15.25
4882 17281.3275155637 17281.3275155637 0.634520752808001 2.10811868144987 15.25
4883 17283.1082180178 17283.1082180178 0.634520752808001 2.10811868144987 15.25
4884 17284.8889819851 17284.8889819851 0.634520752808001 2.10811868144987 15.25
4885 17286.6698074467 17286.6698074467 0.634520752808001 2.10811868144987 15.25
4886 17288.4506943834 17288.4506943834 0.634520752808001 2.10811868144987 15.25
4887 17290.2316427787 17290.2316427787 0.634520752808001 2.10811868144987 15.25
4888 17292.0126526112 17292.0126526112 0.634520752808001 2.10811868144987 15.25
4889 17293.7937238619 17293.7937238619 0.634520752808001 2.10811868144987 15.25
4890 17295.574856512 17295.574856512 0.634520752808001 2.10811868144987 15.25
4891 17297.3560505423 17297.3560505423 0.634520752808001 2.10811868144987 15.25
4892 17299.137305918 17299.137305918 0.634520752808001 2.10811868144987 15.25
4893 17300.9186226338 17300.9186226338 0.634520752808001 2.10811868144987 15.25
4894 17302.700000673 17302.700000673 0.634520752808001 2.10811868144987 15.25
4895 17304.4814400168 17304.4814400168 0.634520752808001 2.10811868144987 15.25
4896 17306.2629406461 17306.2629406461 0.634520752808001 2.10811868144987 15.25
4897 17308.0445025421 17308.0445025421 0.634520752808001 2.10811868144987 15.25
4898 17309.8261256858 17309.8261256858 0.634520752808001 2.10811868144987 15.25
4899 17311.6078100584 17311.6078100584 0.634520752808001 2.10811868144987 15.25
4900 17313.3895556408 17313.3895556408 0.634520752808001 2.10811868144987 15.25
4901 17315.1713624143 17315.1713624143 0.634520752808001 2.10811868144987 15.25
4902 17316.95323036 17316.95323036 0.634520752808001 2.10811868144987 15.25
4903 17318.7351594612 17318.7351594612 0.634520752808001 2.10811868144987 15.25
4904 17320.5171496967 17320.5171496967 0.634520752808001 2.10811868144987 15.25
4905 17322.2992010387 17322.2992010387 0.634520752808001 2.10811868144987 15.25
4906 17324.0813134682 17324.0813134682 0.634520752808001 2.10811868144987 15.25
4907 17325.8634869755 17325.8634869755 0.634520752808001 2.10811868144987 15.25
4908 17327.6457215417 17327.6457215417 0.634520752808001 2.10811868144987 15.25
4909 17329.4280171481 17329.4280171481 0.634520752808001 2.10811868144987 15.25
4910 17331.2103737757 17331.2103737757 0.634520752808001 2.10811868144987 15.25
4911 17332.9927914058 17332.9927914058 0.634520752808001 2.10811868144987 15.25
4912 17334.7752700196 17334.7752700196 0.634520752808001 2.10811868144987 15.25
4913 17336.5578095982 17336.5578095982 0.634520752808001 2.10811868144987 15.25
4914 17338.3404101228 17338.3404101228 0.634520752808001 2.10811868144987 15.25
4915 17340.1230715747 17340.1230715747 0.634520752808001 2.10811868144987 15.25
4916 17341.9057939351 17341.9057939351 0.634520752808001 2.10811868144987 15.25
4917 17343.6885771851 17343.6885771851 0.634520752808001 2.10811868144987 15.25
4918 17345.4714213061 17345.4714213061 0.634520752808001 2.10811868144987 15.25
4919 17347.2543262609 17347.2543262609 0.634520752808001 2.10811868144987 15.25
4920 17349.0372920513 17349.0372920513 0.634520752808001 2.10811868144987 15.25
4921 17350.8203186564 17350.8203186564 0.634520752808001 2.10811868144987 15.25
4922 17352.6034060573 17352.6034060573 0.634520752808001 2.10811868144987 15.25
4923 17354.3865542354 17354.3865542354 0.634520752808001 2.10811868144987 15.25
4924 17356.1697631719 17356.1697631719 0.634520752808001 2.10811868144987 15.25
4925 17357.953032848 17357.953032848 0.634520752808001 2.10811868144987 15.25
4926 17359.7363632451 17359.7363632451 0.634520752808001 2.10811868144987 15.25
4927 17361.5197543444 17361.5197543444 0.634520752808001 2.10811868144987 15.25
4928 17363.3032061273 17363.3032061273 0.634520752808001 2.10811868144987 15.25
4929 17365.086718575 17365.086718575 0.634520752808001 2.10811868144987 15.25
4930 17366.8702916689 17366.8702916689 0.634520752808001 2.10811868144987 15.25
4931 17368.6539253903 17368.6539253903 0.634520752808001 2.10811868144987 15.25
4932 17370.437619709 17370.437619709 0.634520752808001 2.10811868144987 15.25
4933 17372.221374611 17372.221374611 0.634520752808001 2.10811868144987 15.25
4934 17374.0051900844 17374.0051900844 0.634520752808001 2.10811868144987 15.25
4935 17375.7890661107 17375.7890661107 0.634520752808001 2.10811868144987 15.25
4936 17377.5730026734 17377.5730026734 0.634520752808001 2.10811868144987 15.25
4937 17379.3569997516 17379.3569997516 0.634520752808001 2.10811868144987 15.25
4938 17381.1410573267 17381.1410573267 0.634520752808001 2.10811868144987 15.25
4939 17382.92517538 17382.92517538 0.634520752808001 2.10811868144987 15.25
4940 17384.709353893 17384.709353893 0.634520752808001 2.10811868144987 15.25
4941 17386.493592847 17386.493592847 0.634520752808001 2.10811868144987 15.25
4942 17388.2778922235 17388.2778922235 0.634520752808001 2.10811868144987 15.25
4943 17390.0622520037 17390.0622520037 0.634520752808001 2.10811868144987 15.25
4944 17391.8466721692 17391.8466721692 0.634520752808001 2.10811868144987 15.25
4945 17393.6311526968 17393.6311526968 0.634520752808001 2.10811868144987 15.25
4946 17395.4156935587 17395.4156935587 0.634520752808001 2.10811868144987 15.25
4947 17397.2002947501 17397.2002947501 0.634520752808001 2.10811868144987 15.25
4948 17398.9849562524 17398.9849562524 0.634520752808001 2.10811868144987 15.25
4949 17400.7696780471 17400.7696780471 0.634520752808001 2.10811868144987 15.25
4950 17402.5544601157 17402.5544601157 0.634520752808001 2.10811868144987 15.25
4951 17404.3393024418 17404.3393024418 0.634520752808001 2.10811868144987 15.25
4952 17406.1242050046 17406.1242050046 0.634520752808001 2.10811868144987 15.25
4953 17407.9091677857 17407.9091677857 0.634520752808001 2.10811868144987 15.25
4954 17409.6941907664 17409.6941907664 0.634520752808001 2.10811868144987 15.25
4955 17411.4792739284 17411.4792739284 0.634520752808001 2.10811868144987 15.25
4956 17413.264417253 17413.264417253 0.634520752808001 2.10811868144987 15.25
4957 17415.0496207217 17415.0496207217 0.634520752808001 2.10811868144987 15.25
4958 17416.8348843162 17416.8348843162 0.634520752808001 2.10811868144987 15.25
4959 17418.6202080021 17418.6202080021 0.634520752808001 2.10811868144987 15.25
4960 17420.4055917744 17420.4055917744 0.634520752808001 2.10811868144987 15.25
4961 17422.1910356169 17422.1910356169 0.634520752808001 2.10811868144987 15.25
4962 17423.9765395113 17423.9765395113 0.634520752808001 2.10811868144987 15.25
4963 17425.7621034389 17425.7621034389 0.634520752808001 2.10811868144987 15.25
4964 17427.5477273814 17427.5477273814 0.634520752808001 2.10811868144987 15.25
4965 17429.3334113203 17429.3334113203 0.634520752808001 2.10811868144987 15.25
4966 17431.1191552373 17431.1191552373 0.634520752808001 2.10811868144987 15.25
4967 17432.904959116 17432.904959116 0.634520752808001 2.10811868144987 15.25
4968 17434.6908229359 17434.6908229359 0.634520752808001 2.10811868144987 15.25
4969 17436.4767466784 17436.4767466784 0.634520752808001 2.10811868144987 15.25
4970 17438.2627303253 17438.2627303253 0.634520752808001 2.10811868144987 15.25
4971 17440.0487738581 17440.0487738581 0.634520752808001 2.10811868144987 15.25
4972 17441.8348772492 17441.8348772492 0.634520752808001 2.10811868144987 15.25
4973 17443.6210404803 17443.6210404803 0.634520752808001 2.10811868144987 15.25
4974 17445.4072635421 17445.4072635421 0.634520752808001 2.10811868144987 15.25
4975 17447.1935464163 17447.1935464163 0.634520752808001 2.10811868144987 15.25
4976 17448.9798890844 17448.9798890844 0.634520752808001 2.10811868144987 15.25
4977 17450.7662915282 17450.7662915282 0.634520752808001 2.10811868144987 15.25
4978 17452.5527537292 17452.5527537292 0.634520752808001 2.10811868144987 15.25
4979 17454.3392756691 17454.3392756691 0.634520752808001 2.10811868144987 15.25
4980 17456.1258573296 17456.1258573296 0.634520752808001 2.10811868144987 15.25
4981 17457.9124986923 17457.9124986923 0.634520752808001 2.10811868144987 15.25
4982 17459.6991997413 17459.6991997413 0.634520752808001 2.10811868144987 15.25
4983 17461.4859604558 17461.4859604558 0.634520752808001 2.10811868144987 15.25
4984 17463.2727808175 17463.2727808175 0.634520752808001 2.10811868144987 15.25
4985 17465.059660806 17465.059660806 0.634520752808001 2.10811868144987 15.25
4986 17466.8466003891 17466.8466003891 0.634520752808001 2.10811868144987 15.25
4987 17468.6335995646 17468.6335995646 0.634520752808001 2.10811868144987 15.25
4988 17470.4206583142 17470.4206583142 0.634520752808001 2.10811868144987 15.25
4989 17472.2077766196 17472.2077766196 0.634520752808001 2.10811868144987 15.25
4990 17473.9949544625 17473.9949544625 0.634520752808001 2.10811868144987 15.25
4991 17475.7821918247 17475.7821918247 0.634520752808001 2.10811868144987 15.25
4992 17477.5694886878 17477.5694886878 0.634520752808001 2.10811868144987 15.25
4993 17479.3568450338 17479.3568450338 0.634520752808001 2.10811868144987 15.25
4994 17481.1442608442 17481.1442608442 0.634520752808001 2.10811868144987 15.25
4995 17482.9317361009 17482.9317361009 0.634520752808001 2.10811868144987 15.25
4996 17484.7192707857 17484.7192707857 0.634520752808001 2.10811868144987 15.25
4997 17486.5068648825 17486.5068648825 0.634520752808001 2.10811868144987 15.25
4998 17488.294518371 17488.294518371 0.634520752808001 2.10811868144987 15.25
4999 17490.0822312191 17490.0822312191 0.634520752808001 2.10811868144987 15.25
5000 17491.8700034178 17491.8700034178 0.634520752808001 2.10811868144987 15.25
5001 17493.6578349536 17493.6578349536 0.634520752808001 2.10811868144987 15.25
5002 17495.4457258081 17495.4457258081 0.634520752808001 2.10811868144987 15.25
5003 17497.2336759636 17497.2336759636 0.634520752808001 2.10811868144987 15.25
5004 17499.0216854015 17499.0216854015 0.634520752808001 2.10811868144987 15.25
5005 17500.8097541038 17500.8097541038 0.634520752808001 2.10811868144987 15.25
5006 17502.5978820521 17502.5978820521 0.634520752808001 2.10811868144987 15.25
5007 17504.3860692284 17504.3860692284 0.634520752808001 2.10811868144987 15.25
5008 17506.1743156145 17506.1743156145 0.634520752808001 2.10811868144987 15.25
5009 17507.9626211922 17507.9626211922 0.634520752808001 2.10811868144987 15.25
5010 17509.7509859435 17509.7509859435 0.634520752808001 2.10811868144987 15.25
5011 17511.5394098501 17511.5394098501 0.634520752808001 2.10811868144987 15.25
5012 17513.3278928894 17513.3278928894 0.634520752808001 2.10811868144987 15.25
5013 17515.1164350365 17515.1164350365 0.634520752808001 2.10811868144987 15.25
5014 17516.9050362846 17516.9050362846 0.634520752808001 2.10811868144987 15.25
5015 17518.6936966157 17518.6936966157 0.634520752808001 2.10811868144987 15.25
5016 17520.4824160116 17520.4824160116 0.634520752808001 2.10811868144987 15.25
5017 17522.2711944543 17522.2711944543 0.634520752808001 2.10811868144987 15.25
5018 17524.0600319256 17524.0600319256 0.634520752808001 2.10811868144987 15.25
5019 17525.8489284076 17525.8489284076 0.634520752808001 2.10811868144987 15.25
5020 17527.6378838821 17527.6378838821 0.634520752808001 2.10811868144987 15.25
5021 17529.426898331 17529.426898331 0.634520752808001 2.10811868144987 15.25
5022 17531.2159717364 17531.2159717364 0.634520752808001 2.10811868144987 15.25
5023 17533.0051040801 17533.0051040801 0.634520752808001 2.10811868144987 15.25
5024 17534.7942953442 17534.7942953442 0.634520752808001 2.10811868144987 15.25
5025 17536.5835455105 17536.5835455105 0.634520752808001 2.10811868144987 15.25
5026 17538.3728545451 17538.3728545451 0.634520752808001 2.10811868144987 15.25
5027 17540.1622224437 17540.1622224437 0.634520752808001 2.10811868144987 15.25
5028 17541.9516491928 17541.9516491928 0.634520752808001 2.10811868144987 15.25
5029 17543.7411347722 17543.7411347722 0.634520752808001 2.10811868144987 15.25
5030 17545.5306791638 17545.5306791638 0.634520752808001 2.10811868144987 15.25
5031 17547.3202823495 17547.3202823495 0.634520752808001 2.10811868144987 15.25
5032 17549.1099443116 17549.1099443116 0.634520752808001 2.10811868144987 15.25
5033 17550.8996650319 17550.8996650319 0.634520752808001 2.10811868144987 15.25
5034 17552.6894444925 17552.6894444925 0.634520752808001 2.10811868144987 15.25
5035 17554.4792826754 17554.4792826754 0.634520752808001 2.10811868144987 15.25
5036 17556.2691795626 17556.2691795626 0.634520752808001 2.10811868144987 15.25
5037 17558.0591351363 17558.0591351363 0.634520752808001 2.10811868144987 15.25
5038 17559.8491493784 17559.8491493784 0.634520752808001 2.10811868144987 15.25
5039 17561.639222262 17561.639222262 0.634520752808001 2.10811868144987 15.25
5040 17563.429353769 17563.429353769 0.634520752808001 2.10811868144987 15.25
5041 17565.2195438906 17565.2195438906 0.634520752808001 2.10811868144987 15.25
5042 17567.0097926113 17567.0097926113 0.634520752808001 2.10811868144987 15.25
5043 17568.8000999108 17568.8000999108 0.634520752808001 2.10811868144987 15.25
5044 17570.5904657712 17570.5904657712 0.634520752808001 2.10811868144987 15.25
5045 17572.3808901747 17572.3808901747 0.634520752808001 2.10811868144987 15.25
5046 17574.1713731033 17574.1713731033 0.634520752808001 2.10811868144987 15.25
5047 17575.9619145396 17575.9619145396 0.634520752808001 2.10811868144987 15.25
5048 17577.7525144654 17577.7525144654 0.634520752808001 2.10811868144987 15.25
5049 17579.5431728627 17579.5431728627 0.634520752808001 2.10811868144987 15.25
