1 400 400 0.492718374601204 1.97216636129716 0
2 400 400 0.492718374601204 1.97216636129716 0
3 400 400 0.492718374601204 1.97216636129716 0
4 400 400 0.492718374601204 1.97216636129716 0
5 400 400 0.492718374601204 1.97216636129716 0
6 400 400 0.492718374601204 1.97216636129716 0
7 400 400 0.492718374601204 1.97216636129716 0
8 400 400 0.492718374601204 1.97216636129716 0
9 400 400 0.492718374601204 1.97216636129716 0
10 400 400 0.492718374601204 1.97216636129716 0
11 400 400 0.492718374601204 1.97216636129716 0
12 400 400 0.492718374601204 1.97216636129716 0
13 400 400 0.492718374601204 1.97216636129716 0
14 400 400 0.492718374601204 1.97216636129716 0
15 400 400 0.492718374601204 1.97216636129716 0
16 400 400 0.492718374601204 1.97216636129716 0
17 400 400 0.492718374601204 1.97216636129716 0
18 400 400 0.492718374601204 1.97216636129716 0
19 400 400 0.492718374601204 1.97216636129716 0
20 400 400 0.492718374601204 1.97216636129716 0
21 399.900259190382 399.900259190382 0.492718374601204 1.97216636129716 0
22 399.599928530425 399.599928530425 0.492718374601204 1.97216636129716 0
23 399.10011625047 399.10011625047 0.492718374601204 1.97216636129716 0
24 398.399714118731 398.399714118731 0.492718374601204 1.97216636129716 0
25 397.499830366644 397.499830366644 0.492718374601204 1.97216636129716 0
26 396.400464993094 396.400464993094 0.492718374601204 1.97216636129716 0
27 395.100509765813 395.100509765813 0.492718374601204 1.97216636129716 0
28 393.599964683365 393.599964683365 0.492718374601204 1.97216636129716 0
29 391.899937976912 391.899937976912 0.492718374601204 1.97216636129716 0
30 390.000429644 390.000429644 0.492718374601204 1.97216636129716 0
31 388.000072263182 388.000072263182 0.492718374601204 1.97216636129716 0
32 385.999714877787 385.999714877787 0.492718374601204 1.97216636129716 0
33 384.00046571812 384.00046571812 0.492718374601204 1.97216636129716 0
34 382.000108321459 382.000108321459 0.492718374601204 1.97216636129716 0
35 379.999750920221 379.999750920221 0.492718374601204 1.97216636129716 0
36 378.00050174472 378.00050174472 0.492718374601204 1.97216636129716 0
37 376.000144332216 376.000144332216 0.492718374601204 1.97216636129716 0
38 373.999786914783 373.999786914783 0.492718374601204 1.97216636129716 0
39 372.0005377238 372.0005377238 0.492718374601204 1.97216636129716 0
40 370.000180295453 370.000180295453 0.492718374601204 1.97216636129716 0
41 367.999822862177 367.999822862177 0.492718374601204 1.97216636129716 0
42 365.999465423972 365.999465423972 0.492718374601204 1.97216636129716 0
43 364.00021621117 364.00021621117 0.492718374601204 1.97216636129716 0
44 361.999858762051 361.999858762051 0.492718374601204 1.97216636129716 0
45 359.999501307651 359.999501307651 0.492718374601204 1.97216636129716 0
46 358.000252079367 358.000252079367 0.492718374601204 1.97216636129716 0
47 355.999894614405 355.999894614405 0.492718374601204 1.97216636129716 0
48 353.999537143809 353.999537143809 0.492718374601204 1.97216636129716 0
49 352.000287900044 352.000287900044 0.492718374601204 1.97216636129716 0
50 349.999930419239 349.999930419239 0.492718374601204 1.97216636129716 0
51 347.9995729328 347.9995729328 0.492718374601204 1.97216636129716 0
52 346.000323672849 346.000323672849 0.492718374601204 1.97216636129716 0
53 343.999966176201 343.999966176201 0.492718374601204 1.97216636129716 0
54 341.999608674271 341.999608674271 0.492718374601204 1.97216636129716 0
55 340.000359398485 340.000359398485 0.492718374601204 1.97216636129716 0
56 338.000001885994 338.000001885994 0.492718374601204 1.97216636129716 0
57 335.999644368222 335.999644368222 0.492718374601204 1.97216636129716 0
58 334.000395076602 334.000395076602 0.492718374601204 1.97216636129716 0
59 332.000037548268 332.000037548268 0.492718374601204 1.97216636129716 0
60 329.999680014652 329.999680014652 0.492718374601204 1.97216636129716 0
61 328.000430706845 328.000430706845 0.492718374601204 1.97216636129716 0
62 326.000073162668 326.000073162668 0.492718374601204 1.97216636129716 0
63 323.999715613562 323.999715613562 0.492718374601204 1.97216636129716 0
64 322.000466289921 322.000466289921 0.492718374601204 1.97216636129716 0
65 320.000108729901 320.000108729901 0.492718374601204 1.97216636129716 0
66 317.999751164951 317.999751164951 0.492718374601204 1.97216636129716 0
67 316.000501825476 316.000501825476 0.492718374601204 1.97216636129716 0
68 314.000144249613 314.000144249613 0.492718374601204 1.97216636129716 0
69 311.99978666882 311.99978666882 0.492718374601204 1.97216636129716 0
70 310.00053731351 310.00053731351 0.492718374601204 1.97216636129716 0
71 308.000179721804 308.000179721804 0.492718374601204 1.97216636129716 0
72 305.999822125168 305.999822125168 0.492718374601204 1.97216636129716 0
73 303.999464522546 303.999464522546 0.492718374601204 1.97216636129716 0
74 302.000215146475 302.000215146475 0.492718374601204 1.97216636129716 0
75 299.999857533291 299.999857533291 0.492718374601204 1.97216636129716 0
76 297.99949991553 297.99949991553 0.492718374601204 1.97216636129716 0
77 296.000250523625 296.000250523625 0.492718374601204 1.97216636129716 0
78 293.999892894598 293.999892894598 0.492718374601204 1.97216636129716 0
79 291.999535260994 291.999535260994 0.492718374601204 1.97216636129716 0
80 290.000285853255 290.000285853255 0.492718374601204 1.97216636129716 0
81 287.999928208384 287.999928208384 0.492718374601204 1.97216636129716 0
82 285.999570558937 285.999570558937 0.492718374601204 1.97216636129716 0
83 284.000321135363 284.000321135363 0.492718374601204 1.97216636129716 0
84 281.99996347465 281.99996347465 0.492718374601204 1.97216636129716 0
85 279.999605809007 279.999605809007 0.492718374601204 1.97216636129716 0
86 278.000356369599 278.000356369599 0.492718374601204 1.97216636129716 0
87 275.999998693395 275.999998693395 0.492718374601204 1.97216636129716 0
88 273.999641011908 273.999641011908 0.492718374601204 1.97216636129716 0
89 272.000391556313 272.000391556313 0.492718374601204 1.97216636129716 0
90 270.000033864618 270.000033864618 0.492718374601204 1.97216636129716 0
91 267.999676167289 267.999676167289 0.492718374601204 1.97216636129716 0
92 266.000426695859 266.000426695859 0.492718374601204 1.97216636129716 0
93 264.000068988321 264.000068988321 0.492718374601204 1.97216636129716 0
94 261.999711275148 261.999711275148 0.492718374601204 1.97216636129716 0
95 260.000461787884 260.000461787884 0.492718374601204 1.97216636129716 0
96 258.000104064503 258.000104064503 0.492718374601204 1.97216636129716 0
97 256.001977702828 256.001977702828 0.492718374601204 1.97216636129716 0
98 254.020683983526 254.020683983526 0.492718374601204 1.97216636129716 0
99 252.068952062753 252.068952062753 0.492718374601204 1.97216636129716 0
100 250.164292296635 250.164292296635 0.492718374601204 1.97216636129716 0
101 248.322339981361 248.322339981361 0.492718374601204 1.97216636129716 0
102 246.55899946874 246.55899946874 0.492718374601204 1.97216636129716 0
103 244.888236846693 244.888236846693 0.492718374601204 1.97216636129716 0
104 243.325256661658 243.325256661658 0.492718374601204 1.97216636129716 0
105 241.884301390969 241.884301390969 0.492718374601204 1.97216636129716 0
106 240.579553596935 240.579553596935 0.492718374601204 1.97216636129716 0
107 239.421823023417 239.421823023417 0.492718374601204 1.97216636129716 0
108 238.42288986468 238.42288986468 0.492718374601204 1.97216636129716 0
109 237.591895442373 237.591895442373 0.492718374601204 1.97216636129716 0
110 236.937712009824 236.937712009824 0.492718374601204 1.97216636129716 0
111 236.466602250949 236.466602250949 0.492718374601204 1.97216636129716 0
112 236.182962690697 236.182962690697 0.492718374601204 1.97216636129716 0
113 236.088626601602 236.088626601602 0.492718374601204 1.97216636129716 0
114 236.187000267359 236.187000267359 0.492718374601204 1.97216636129716 0
115 236.388433618498 236.388433618498 0.492718374601204 1.97216636129716 0
116 236.607709052327 236.607709052327 0.492718374601204 1.97216636129716 0
117 236.843677077375 236.843677077375 0.492718374601204 1.97216636129716 0
118 237.096159831228 237.096159831228 0.492718374601204 1.97216636129716 0
119 237.365352097775 237.365352097775 0.492718374601204 1.97216636129716 0
120 237.650933389953 237.650933389953 0.492718374601204 1.97216636129716 0
121 237.953124569315 237.953124569315 0.492718374601204 1.97216636129716 0
122 238.271726810971 238.271726810971 0.492718374601204 1.97216636129716 0
123 238.606506027868 238.606506027868 0.492718374601204 1.97216636129716 0
124 238.957722213414 238.957722213414 0.492718374601204 1.97216636129716 0
125 239.325143363823 239.325143363823 0.492718374601204 1.97216636129716 0
126 239.708502819976 239.708502819976 0.492718374601204 1.97216636129716 0
127 240.108099709454 240.108099709454 0.492718374601204 1.97216636129716 0
128 240.523461961191 240.523461961191 0.492718374601204 1.97216636129716 0
129 240.954914781024 240.954914781024 0.492718374601204 1.97216636129716 0
130 241.402172969554 241.402172969554 0.492718374601204 1.97216636129716 0
131 241.864917834076 241.864917834076 0.492718374601204 1.97216636129716 0
132 242.343513669105 242.343513669105 0.492718374601204 1.97216636129716 0
133 242.837644755044 242.837644755044 0.492718374601204 1.97216636129716 0
134 243.346962650505 243.346962650505 0.492718374601204 1.97216636129716 0
135 243.871870672995 243.871870672995 0.492718374601204 1.97216636129716 0
136 244.411754946667 244.411754946667 0.492718374601204 1.97216636129716 0
137 244.967044745658 244.967044745658 0.492718374601204 1.97216636129716 0
138 245.537376016352 245.537376016352 0.492718374601204 1.97216636129716 0
139 246.122353369802 246.122353369802 0.492718374601204 1.97216636129716 0
140 246.72244490355 246.72244490355 0.492718374601204 1.97216636129716 0
141 247.337259150302 247.337259150302 0.492718374601204 1.97216636129716 0
142 247.966374188528 247.966374188528 0.492718374601204 1.97216636129716 0
143 248.610296758431 248.610296758431 0.492718374601204 1.97216636129716 0
144 249.26828267521 249.26828267521 0.492718374601204 1.97216636129716 0
145 249.940864316896 249.940864316896 0.492718374601204 1.97216636129716 0
146 250.627607252675 250.627607252675 0.492718374601204 1.97216636129716 0
147 251.328048111366 251.328048111366 0.492718374601204 1.97216636129716 0
148 252.042757504584 252.042757504584 0.492718374601204 1.97216636129716 0
149 252.771276863934 252.771276863934 0.492718374601204 1.97216636129716 0
150 253.513119610054 253.513119610054 0.492718374601204 1.97216636129716 0
151 254.268894268719 254.268894268719 0.492718374601204 1.97216636129716 0
152 255.037738637611 255.037738637611 0.492718374601204 1.97216636129716 0
153 255.820286312804 255.820286312804 0.492718374601204 1.97216636129716 0
154 256.61604120316 256.61604120316 0.492718374601204 1.97216636129716 0
155 257.424480763352 257.424480763352 0.492718374601204 1.97216636129716 0
156 258.246275851578 258.246275851578 0.492718374601204 1.97216636129716 0
157 259.080909448178 259.080909448178 0.492718374601204 1.97216636129716 0
158 259.9278390068 259.9278390068 0.492718374601204 1.97216636129716 0
159 260.78777218473 260.78777218473 0.492718374601204 1.97216636129716 0
160 261.659741077142 261.659741077142 0.492718374601204 1.97216636129716 0
161 262.544477588452 262.544477588452 0.492718374601204 1.97216636129716 0
162 263.441432349226 263.441432349226 0.492718374601204 1.97216636129716 0
163 264.350031992477 264.350031992477 0.492718374601204 1.97216636129716 0
164 265.271044333459 265.271044333459 0.492718374601204 1.97216636129716 0
165 266.20390204294 266.20390204294 0.492718374601204 1.97216636129716 0
166 267.148014696248 267.148014696248 0.492718374601204 1.97216636129716 0
167 268.104185417873 268.104185417873 0.492718374601204 1.97216636129716 0
168 269.071352360359 269.071352360359 0.492718374601204 1.97216636129716 0
169 270.05034183544 270.05034183544 0.492718374601204 1.97216636129716 0
170 271.040558852867 271.040558852867 0.492718374601204 1.97216636129716 0
171 272.041386782344 272.041386782344 0.492718374601204 1.97216636129716 0
172 273.053686153384 273.053686153384 0.492718374601204 1.97216636129716 0
173 274.076846660173 274.076846660173 0.492718374601204 1.97216636129716 0
174 275.110237197929 275.110237197929 0.492718374601204 1.97216636129716 0
175 276.154751807754 276.154751807754 0.492718374601204 1.97216636129716 0
176 277.209245538086 277.209245538086 0.492718374601204 1.97216636129716 0
177 278.274634359028 278.274634359028 0.492718374601204 1.97216636129716 0
178 279.350284405784 279.350284405784 0.492718374601204 1.97216636129716 0
179 280.435542362465 280.435542362465 0.492718374601204 1.97216636129716 0
180 281.531356462774 281.531356462774 0.492718374601204 1.97216636129716 0
181 282.637079798658 282.637079798658 0.492718374601204 1.97216636129716 0
182 283.752046788038 283.752046788038 0.492718374601204 1.97216636129716 0
183 284.87723714445 284.87723714445 0.492718374601204 1.97216636129716 0
184 286.011432553763 286.011432553763 0.492718374601204 1.97216636129716 0
185 287.155633271257 287.155633271257 0.492718374601204 1.97216636129716 0
186 288.309172317317 288.309172317317 0.492718374601204 1.97216636129716 0
187 289.471365263357 289.471365263357 0.492718374601204 1.97216636129716 0
188 290.643242499795 290.643242499795 0.492718374601204 1.97216636129716 0
189 291.823544296662 291.823544296662 0.492718374601204 1.97216636129716 0
190 293.013320670818 293.013320670818 0.492718374601204 1.97216636129716 0
191 294.211886451413 294.211886451413 0.492718374601204 1.97216636129716 0
192 295.418540177607 295.418540177607 0.492718374601204 1.97216636129716 0
193 296.634360622026 296.634360622026 0.492718374601204 1.97216636129716 0
194 297.858652511219 297.858652511219 0.492718374601204 1.97216636129716 0
195 299.090704944008 299.090704944008 0.492718374601204 1.97216636129716 0
196 300.331624608262 300.331624608262 0.492718374601204 1.97216636129716 0
197 301.580091812195 301.580091812195 0.492718374601204 1.97216636129716 0
198 302.837231387932 302.837231387932 0.492718374601204 1.97216636129716 0
199 304.102332457446 304.102332457446 0.492718374601204 1.97216636129716 0
200 305.374669546129 305.374669546129 0.492718374601204 1.97216636129716 0
201 306.65539400537 306.65539400537 0.492718374601204 1.97216636129716 0
202 307.9437862644 307.9437862644 0.492718374601204 1.97216636129716 0
203 309.23911274357 309.23911274357 0.492718374601204 1.97216636129716 0
204 310.542550479825 310.542550479825 0.492718374601204 1.97216636129716 0
205 311.852726682167 311.852726682167 0.492718374601204 1.97216636129716 0
206 313.170835054141 313.170835054141 0.492718374601204 1.97216636129716 0
207 314.496142538327 314.496142538327 0.492718374601204 1.97216636129716 0
208 315.827902992762 315.827902992762 0.492718374601204 1.97216636129716 0
209 317.167334437446 317.167334437446 0.492718374601204 1.97216636129716 0
210 318.513696271504 318.513696271504 0.492718374601204 1.97216636129716 0
211 319.866235333755 319.866235333755 0.492718374601204 1.97216636129716 0
212 321.226193150989 321.226193150989 0.492718374601204 1.97216636129716 0
213 322.592149765591 322.592149765591 0.492718374601204 1.97216636129716 0
214 323.965361931464 323.965361931464 0.492718374601204 1.97216636129716 0
215 325.345077305667 325.345077305667 0.492718374601204 1.97216636129716 0
216 326.730531796295 326.730531796295 0.492718374601204 1.97216636129716 0
217 328.123004350945 328.123004350945 0.492718374601204 1.97216636129716 0
218 329.521736027801 329.521736027801 0.492718374601204 1.97216636129716 0
219 330.925956600262 330.925956600262 0.492718374601204 1.97216636129716 0
220 332.336966443344 332.336966443344 0.492718374601204 1.97216636129716 0
221 333.753303550256 333.753303550256 0.492718374601204 1.97216636129716 0
222 335.1762821627 335.1762821627 0.492718374601204 1.97216636129716 0
223 336.605133015237 336.605133015237 0.492718374601204 1.97216636129716 0
224 338.039076284787 338.039076284787 0.492718374601204 1.97216636129716 0
225 339.479446394001 339.479446394001 0.492718374601204 1.97216636129716 0
226 340.925468259269 340.925468259269 0.492718374601204 1.97216636129716 0
227 342.376356642517 342.376356642517 0.492718374601204 1.97216636129716 0
228 343.833465433065 343.833465433065 0.492718374601204 1.97216636129716 0
229 345.295295017492 345.295295017492 0.492718374601204 1.97216636129716 0
230 346.763211870964 346.763211870964 0.492718374601204 1.97216636129716 0
231 348.236431762059 348.236431762059 0.492718374601204 1.97216636129716 0
232 349.714160955211 349.714160955211 0.492718374601204 1.97216636129716 0
233 351.197784239196 351.197784239196 0.492718374601204 1.97216636129716 0
234 352.686512202022 352.686512202022 0.492718374601204 1.97216636129716 0
235 354.179546292835 354.179546292835 0.492718374601204 1.97216636129716 0
236 355.678288946922 355.678288946922 0.492718374601204 1.97216636129716 0
237 357.181206786356 357.181206786356 0.492718374601204 1.97216636129716 0
238 358.689713651447 358.689713651447 0.492718374601204 1.97216636129716 0
239 360.203011967933 360.203011967933 0.492718374601204 1.97216636129716 0
240 361.720295588551 361.720295588551 0.492718374601204 1.97216636129716 0
241 363.242994940568 363.242994940568 0.492718374601204 1.97216636129716 0
242 364.770307810551 364.770307810551 0.492718374601204 1.97216636129716 0
243 366.301423729345 366.301423729345 0.492718374601204 1.97216636129716 0
244 367.837789107746 367.837789107746 0.492718374601204 1.97216636129716 0
245 369.377840146279 369.377840146279 0.492718374601204 1.97216636129716 0
246 370.923033580503 370.923033580503 0.492718374601204 1.97216636129716 0
247 372.472559854821 372.472559854821 0.492718374601204 1.97216636129716 0
248 374.025601659817 374.025601659817 0.492718374601204 1.97216636129716 0
249 375.583630743607 375.583630743607 0.492718374601204 1.97216636129716 0
250 377.145833361854 377.145833361854 0.492718374601204 1.97216636129716 0
251 378.711388303979 378.711388303979 0.492718374601204 1.97216636129716 0
252 380.281781776828 380.281781776828 0.492718374601204 1.97216636129716 0
253 381.855422496242 381.855422496242 0.492718374601204 1.97216636129716 0
254 383.433806010996 383.433806010996 0.492718374601204 1.97216636129716 0
255 385.016111933602 385.016111933602 0.492718374601204 1.97216636129716 0
256 386.601512857396 386.601512857396 0.492718374601204 1.97216636129716 0
257 388.191517915241 388.191517915241 0.492718374601204 1.97216636129716 0
258 389.785302919914 389.785302919914 0.492718374601204 1.97216636129716 0
259 391.38203692078 391.38203692078 0.492718374601204 1.97216636129716 0
260 392.983242134023 392.983242134023 0.492718374601204 1.97216636129716 0
261 394.587302353713 394.587302353713 0.492718374601204 1.97216636129716 0
262 396.195748252332 396.195748252332 0.492718374601204 1.97216636129716 0
263 397.807749598928 397.807749598928 0.492718374601204 1.97216636129716 0
264 399.422469798456 399.422469798456 0.492718374601204 1.97216636129716 0
265 401.041451808848 401.041451808848 0.492718374601204 1.97216636129716 0
266 402.663861940577 402.663861940577 0.492718374601204 1.97216636129716 0
267 404.288860356782 404.288860356782 0.492718374601204 1.97216636129716 0
268 405.918001858796 405.918001858796 0.492718374601204 1.97216636129716 0
269 407.549647598192 407.549647598192 0.492718374601204 1.97216636129716 0
270 409.185360030351 409.185360030351 0.492718374601204 1.97216636129716 0
271 410.824299944264 410.824299944264 0.492718374601204 1.97216636129716 0
272 412.465622331069 412.465622331069 0.492718374601204 1.97216636129716 0
273 414.110900782583 414.110900782583 0.492718374601204 1.97216636129716 0
274 415.759292912454 415.759292912454 0.492718374601204 1.97216636129716 0
275 417.40995074495 417.40995074495 0.492718374601204 1.97216636129716 0
276 419.064458594926 419.064458594926 0.492718374601204 1.97216636129716 0
277 420.72115697312 420.72115697312 0.492718374601204 1.97216636129716 0
278 422.38163712976 422.38163712976 0.492718374601204 1.97216636129716 0
279 424.045051611706 424.045051611706 0.492718374601204 1.97216636129716 0
280 425.710547696968 425.710547696968 0.492718374601204 1.97216636129716 0
281 427.379726723915 427.379726723915 0.492718374601204 1.97216636129716 0
282 429.051738327632 429.051738327632 0.492718374601204 1.97216636129716 0
283 430.725727050023 430.725727050023 0.492718374601204 1.97216636129716 0
284 432.403303957364 432.403303957364 0.492718374601204 1.97216636129716 0
285 434.08279070192 434.08279070192 0.492718374601204 1.97216636129716 0
286 435.765804639997 435.765804639997 0.492718374601204 1.97216636129716 0
287 437.451490747954 437.451490747954 0.492718374601204 1.97216636129716 0
288 439.138989188595 439.138989188595 0.492718374601204 1.97216636129716 0
289 440.829926470387 440.829926470387 0.492718374601204 1.97216636129716 0
290 442.523444883264 442.523444883264 0.492718374601204 1.97216636129716 0
291 444.218682065573 444.218682065573 0.492718374601204 1.97216636129716 0
292 445.917273355553 445.917273355553 0.492718374601204 1.97216636129716 0
293 447.617523149108 447.617523149108 0.492718374601204 1.97216636129716 0
294 449.321072499638 449.321072499638 0.492718374601204 1.97216636129716 0
295 451.027059399229 451.027059399229 0.492718374601204 1.97216636129716 0
296 452.734617430942 452.734617430942 0.492718374601204 1.97216636129716 0
297 454.445395969445 454.445395969445 0.492718374601204 1.97216636129716 0
298 456.157689355701 456.157689355701 0.492718374601204 1.97216636129716 0
299 457.873152343668 457.873152343668 0.492718374601204 1.97216636129716 0
300 459.590918829991 459.590918829991 0.492718374601204 1.97216636129716 0
301 461.310118539862 461.310118539862 0.492718374601204 1.97216636129716 0
302 463.032414073194 463.032414073194 0.492718374601204 1.97216636129716 0
303 464.756936958162 464.756936958162 0.492718374601204 1.97216636129716 0
304 466.482814692812 466.482814692812 0.492718374601204 1.97216636129716 0
305 468.211717446636 468.211717446636 0.492718374601204 1.97216636129716 0
306 469.941924536249 469.941924536249 0.492718374601204 1.97216636129716 0
307 471.717048223807 471.717048223807 0.492718374601204 1.97216636129716 0
308 473.56595796093 473.56595796093 0.492718374601204 1.97216636129716 0
309 475.475142829203 475.475142829203 0.492718374601204 1.97216636129716 0
310 477.429789912897 477.429789912897 0.492718374601204 1.97216636129716 0
311 479.413358325203 479.413358325203 0.492718374601204 1.97216636129716 0
312 481.412295393159 481.412295393159 0.492718374601204 1.97216636129716 0
313 483.409581093732 483.409581093732 0.492718374601204 1.97216636129716 0
314 485.391004054004 485.391004054004 0.492718374601204 1.97216636129716 0
315 487.341071933102 487.341071933102 0.492718374601204 1.97216636129716 0
316 489.246774707034 489.246774707034 0.492718374601204 1.97216636129716 0
317 491.092744541985 491.092744541985 0.492718374601204 1.97216636129716 0
318 492.866244338302 492.866244338302 0.492718374601204 1.97216636129716 0
319 494.554683309785 494.554683309785 0.492718374601204 1.97216636129716 0
320 496.145827374438 496.145827374438 0.492718374601204 1.97216636129716 0
321 497.629727251565 497.629727251565 0.492718374601204 1.97216636129716 0
322 498.995032433428 498.995032433428 0.492718374601204 1.97216636129716 0
323 500.231493546725 500.231493546725 0.492718374601204 1.97216636129716 0
324 501.33330502034 501.33330502034 0.492718374601204 1.97216636129716 0
325 502.366494953679 502.366494953679 0.492718374601204 1.97216636129716 0
326 503.404098217698 503.404098217698 0.492718374601204 1.97216636129716 0
327 504.448070748676 504.448070748676 0.492718374601204 1.97216636129716 0
328 505.497803082128 505.497803082128 0.492718374601204 1.97216636129716 0
329 506.552673091277 506.552673091277 0.492718374601204 1.97216636129716 0
330 507.613814566768 507.613814566768 0.492718374601204 1.97216636129716 0
331 508.680608752733 508.680608752733 0.492718374601204 1.97216636129716 0
332 509.75242447727 509.75242447727 0.492718374601204 1.97216636129716 0
333 510.830414645029 510.830414645029 0.492718374601204 1.97216636129716 0
334 511.913951413022 511.913951413022 0.492718374601204 1.97216636129716 0
335 513.002394764659 513.002394764659 0.492718374601204 1.97216636129716 0
336 514.096916390976 514.096916390976 0.492718374601204 1.97216636129716 0
337 515.196879561092 515.196879561092 0.492718374601204 1.97216636129716 0
338 516.302249495909 516.302249495909 0.492718374601204 1.97216636129716 0
339 517.412374693354 517.412374693354 0.492718374601204 1.97216636129716 0
340 518.528451383442 518.528451383442 0.492718374601204 1.97216636129716 0
341 519.64983129073 519.64983129073 0.492718374601204 1.97216636129716 0
342 520.775854523049 520.775854523049 0.492718374601204 1.97216636129716 0
343 521.907735335906 521.907735335906 0.492718374601204 1.97216636129716 0
344 523.044817019137 523.044817019137 0.492718374601204 1.97216636129716 0
345 524.186431478523 524.186431478523 0.492718374601204 1.97216636129716 0
346 525.333810672613 525.333810672613 0.492718374601204 1.97216636129716 0
347 526.486289644421 526.486289644421 0.492718374601204 1.97216636129716 0
348 527.643192280574 527.643192280574 0.492718374601204 1.97216636129716 0
349 528.805767923784 528.805767923784 0.492718374601204 1.97216636129716 0
350 529.973343553074 529.973343553074 0.492718374601204 1.97216636129716 0
351 531.145235217506 531.145235217506 0.492718374601204 1.97216636129716 0
352 532.322709324621 532.322709324621 0.492718374601204 1.97216636129716 0
353 533.505084970254 533.505084970254 0.492718374601204 1.97216636129716 0
354 534.69167054174 534.69167054174 0.492718374601204 1.97216636129716 0
355 535.883749197366 535.883749197366 0.492718374601204 1.97216636129716 0
356 537.080632325091 537.080632325091 0.492718374601204 1.97216636129716 0
357 538.281620823071 538.281620823071 0.492718374601204 1.97216636129716 0
358 539.488014288865 539.488014288865 0.492718374601204 1.97216636129716 0
359 540.699116574013 540.699116574013 0.492718374601204 1.97216636129716 0
360 541.914221256588 541.914221256588 0.492718374601204 1.97216636129716 0
361 543.134644064734 543.134644064734 0.492718374601204 1.97216636129716 0
362 544.359681481832 544.359681481832 0.492718374601204 1.97216636129716 0
363 545.588619930504 545.588619930504 0.492718374601204 1.97216636129716 0
364 546.822790964151 546.822790964151 0.492718374601204 1.97216636129716 0
365 548.061483863135 548.061483863135 0.492718374601204 1.97216636129716 0
366 549.303978055008 549.303978055008 0.492718374601204 1.97216636129716 0
367 550.551620616411 550.551620616411 0.492718374601204 1.97216636129716 0
368 551.803693786102 551.803693786102 0.492718374601204 1.97216636129716 0
369 553.060167473318 553.060167473318 0.492718374601204 1.97216636129716 0
370 554.320312020238 554.320312020238 0.492718374601204 1.97216636129716 0
371 555.5854947411 555.5854947411 0.492718374601204 1.97216636129716 0
372 556.854988728244 556.854988728244 0.492718374601204 1.97216636129716 0
373 558.128057689887 558.128057689887 0.492718374601204 1.97216636129716 0
374 559.406083774783 559.406083774783 0.492718374601204 1.97216636129716 0
375 560.688333393806 560.688333393806 0.492718374601204 1.97216636129716 0
376 561.974063769015 561.974063769015 0.492718374601204 1.97216636129716 0
377 563.264671595295 563.264671595295 0.492718374601204 1.97216636129716 0
378 564.55941674998 564.55941674998 0.492718374601204 1.97216636129716 0
379 565.857550114539 565.857550114539 0.492718374601204 1.97216636129716 0
380 567.160482644764 567.160482644764 0.492718374601204 1.97216636129716 0
381 568.467467830203 568.467467830203 0.492718374601204 1.97216636129716 0
382 569.777750352431 569.777750352431 0.492718374601204 1.97216636129716 0
383 571.092755147742 571.092755147742 0.492718374601204 1.97216636129716 0
384 572.411729459744 572.411729459744 0.492718374601204 1.97216636129716 0
385 573.733911907338 573.733911907338 0.492718374601204 1.97216636129716 0
386 575.06074113161 575.06074113161 0.492718374601204 1.97216636129716 0
387 576.39145826797 576.39145826797 0.492718374601204 1.97216636129716 0
388 577.725296008338 577.725296008338 0.492718374601204 1.97216636129716 0
389 579.063706424366 579.063706424366 0.492718374601204 1.97216636129716 0
390 580.405924679769 580.405924679769 0.492718374601204 1.97216636129716 0
391 581.751177669767 581.751177669767 0.492718374601204 1.97216636129716 0
392 583.100930630188 583.100930630188 0.492718374601204 1.97216636129716 0
393 584.454412883236 584.454412883236 0.492718374601204 1.97216636129716 0
394 585.810845655864 585.810845655864 0.492718374601204 1.97216636129716 0
395 587.171707084672 587.171707084672 0.492718374601204 1.97216636129716 0
396 588.536220778719 588.536220778719 0.492718374601204 1.97216636129716 0
397 589.903602421484 589.903602421484 0.492718374601204 1.97216636129716 0
398 591.275342791587 591.275342791587 0.492718374601204 1.97216636129716 0
399 592.650659909681 592.650659909681 0.492718374601204 1.97216636129716 0
400 594.029528932694 594.029528932694 0.492718374601204 1.97216636129716 0
401 595.411158341238 595.411158341238 0.492718374601204 1.97216636129716 0
402 596.79705537566 596.79705537566 0.492718374601204 1.97216636129716 0
403 598.186430794964 598.186430794964 0.492718374601204 1.97216636129716 0
404 599.578487815513 599.578487815513 0.492718374601204 1.97216636129716 0
405 600.974745732384 600.974745732384 0.492718374601204 1.97216636129716 0
406 602.374409997 602.374409997 0.492718374601204 1.97216636129716 0
407 603.776678676434 603.776678676434 0.492718374601204 1.97216636129716 0
408 605.183082875838 605.183082875838 0.492718374601204 1.97216636129716 0
409 606.592822854289 606.592822854289 0.492718374601204 1.97216636129716 0
410 608.005091641653 608.005091641653 0.492718374601204 1.97216636129716 0
411 609.421431913707 609.421431913707 0.492718374601204 1.97216636129716 0
412 610.841038849562 610.841038849562 0.492718374601204 1.97216636129716 0
413 612.263100550416 612.263100550416 0.492718374601204 1.97216636129716 0
414 613.689171027678 613.689171027678 0.492718374601204 1.97216636129716 0
415 615.118440490083 615.118440490083 0.492718374601204 1.97216636129716 0
416 616.550092216469 616.550092216469 0.492718374601204 1.97216636129716 0
417 617.985691323065 617.985691323065 0.492718374601204 1.97216636129716 0
418 619.424423155115 619.424423155115 0.492718374601204 1.97216636129716 0
419 620.865466272726 620.865466272726 0.492718374601204 1.97216636129716 0
420 622.310396670559 622.310396670559 0.492718374601204 1.97216636129716 0
421 623.758394935107 623.758394935107 0.492718374601204 1.97216636129716 0
422 625.208635007254 625.208635007254 0.492718374601204 1.97216636129716 0
423 626.662703539626 626.662703539626 0.492718374601204 1.97216636129716 0
424 628.119776460588 628.119776460588 0.492718374601204 1.97216636129716 0
425 629.57902319209 629.57902319209 0.492718374601204 1.97216636129716 0
426 631.042040824785 631.042040824785 0.492718374601204 1.97216636129716 0
427 632.508000729319 632.508000729319 0.492718374601204 1.97216636129716 0
428 633.976067904231 633.976067904231 0.492718374601204 1.97216636129716 0
429 635.447849665658 635.447849665658 0.492718374601204 1.97216636129716 0
430 636.922512922421 636.922512922421 0.492718374601204 1.97216636129716 0
431 638.400037705485 638.400037705485 0.492718374601204 1.97216636129716 0
432 639.879583261891 639.879583261891 0.492718374601204 1.97216636129716 0
433 641.362770217935 641.362770217935 0.492718374601204 1.97216636129716 0
434 642.84875967853 642.84875967853 0.492718374601204 1.97216636129716 0
435 644.336706682449 644.336706682449 0.492718374601204 1.97216636129716 0
436 645.828241599518 645.828241599518 0.492718374601204 1.97216636129716 0
437 647.322521289971 647.322521289971 0.492718374601204 1.97216636129716 0
438 648.818696672323 648.818696672323 0.492718374601204 1.97216636129716 0
439 650.318407661513 650.318407661513 0.492718374601204 1.97216636129716 0
440 651.820806961499 651.820806961499 0.492718374601204 1.97216636129716 0
441 653.325041456087 653.325041456087 0.492718374601204 1.97216636129716 0
442 654.83276041105 654.83276041105 0.492718374601204 1.97216636129716 0
443 656.343112460267 656.343112460267 0.492718374601204 1.97216636129716 0
444 657.855240537577 657.855240537577 0.492718374601204 1.97216636129716 0
445 659.370803068059 659.370803068059 0.492718374601204 1.97216636129716 0
446 660.888944699569 660.888944699569 0.492718374601204 1.97216636129716 0
447 662.408804498647 662.408804498647 0.492718374601204 1.97216636129716 0
448 663.932049862434 663.932049862434 0.492718374601204 1.97216636129716 0
449 665.45782153527 665.45782153527 0.492718374601204 1.97216636129716 0
450 666.985254796241 666.985254796241 0.492718374601204 1.97216636129716 0
451 668.516025831269 668.516025831269 0.492718374601204 1.97216636129716 0
452 670.049271562465 670.049271562465 0.492718374601204 1.97216636129716 0
453 671.584123558534 671.584123558534 0.492718374601204 1.97216636129716 0
454 673.122266615332 673.122266615332 0.492718374601204 1.97216636129716 0
455 674.662833911258 674.662833911258 0.492718374601204 1.97216636129716 0
456 676.20495338059 676.20495338059 0.492718374601204 1.97216636129716 0
457 677.750318253858 677.750318253858 0.492718374601204 1.97216636129716 0
458 679.298058042613 679.298058042613 0.492718374601204 1.97216636129716 0
459 680.847297119982 680.847297119982 0.492718374601204 1.97216636129716 0
460 682.399736980498 682.399736980498 0.492718374601204 1.97216636129716 0
461 683.954503543057 683.954503543057 0.492718374601204 1.97216636129716 0
462 685.511580976459 685.511580976459 0.492718374601204 1.97216636129716 0
463 687.070089019451 687.070089019451 0.492718374601204 1.97216636129716 0
464 688.631739922665 688.631739922665 0.492718374601204 1.97216636129716 0
465 690.19565492914 690.19565492914 0.492718374601204 1.97216636129716 0
466 691.760950382373 691.760950382373 0.492718374601204 1.97216636129716 0
467 693.329346411227 693.329346411227 0.492718374601204 1.97216636129716 0
468 694.899960833742 694.899960833742 0.492718374601204 1.97216636129716 0
469 696.471906666395 696.471906666395 0.492718374601204 1.97216636129716 0
470 698.046911756957 698.046911756957 0.492718374601204 1.97216636129716 0
471 699.624090567041 699.624090567041 0.492718374601204 1.97216636129716 0
472 701.202552853794 701.202552853794 0.492718374601204 1.97216636129716 0
473 702.78403402668 702.78403402668 0.492718374601204 1.97216636129716 0
474 704.367645258359 704.367645258359 0.492718374601204 1.97216636129716 0
475 705.952493111893 705.952493111893 0.492718374601204 1.97216636129716 0
476 707.540320406334 707.540320406334 0.492718374601204 1.97216636129716 0
477 709.130235090962 709.130235090962 0.492718374601204 1.97216636129716 0
478 710.721340597606 710.721340597606 0.492718374601204 1.97216636129716 0
479 712.315387006172 712.315387006172 0.492718374601204 1.97216636129716 0
480 713.911479106564 713.911479106564 0.492718374601204 1.97216636129716 0
481 715.50871726154 715.50871726154 0.492718374601204 1.97216636129716 0
482 717.108858665596 717.108858665596 0.492718374601204 1.97216636129716 0
483 718.71100501173 718.71100501173 0.492718374601204 1.97216636129716 0
484 720.314253654314 720.314253654314 0.492718374601204 1.97216636129716 0
485 721.920368760256 721.920368760256 0.492718374601204 1.97216636129716 0
486 723.528448986632 723.528448986632 0.492718374601204 1.97216636129716 0
487 725.137588737819 725.137588737819 0.492718374601204 1.97216636129716 0
488 726.749559014145 726.749559014145 0.492718374601204 1.97216636129716 0
489 728.363455496292 728.363455496292 0.492718374601204 1.97216636129716 0
490 729.979265409241 729.979265409241 0.492718374601204 1.97216636129716 0
491 731.596079311455 731.596079311455 0.492718374601204 1.97216636129716 0
492 733.215677105034 733.215677105034 0.492718374601204 1.97216636129716 0
493 734.837150591278 734.837150591278 0.492718374601204 1.97216636129716 0
494 736.459587512547 736.459587512547 0.492718374601204 1.97216636129716 0
495 738.084774290805 738.084774290805 0.492718374601204 1.97216636129716 0
496 739.711799884442 739.711799884442 0.492718374601204 1.97216636129716 0
497 741.339749272435 741.339749272435 0.492718374601204 1.97216636129716 0
498 742.970415268038 742.970415268038 0.492718374601204 1.97216636129716 0
499 744.602884041702 744.602884041702 0.492718374601204 1.97216636129716 0
500 746.236237862166 746.236237862166 0.492718374601204 1.97216636129716 0
501 747.872275807734 747.872275807734 0.492718374601204 1.97216636129716 0
502 749.510081314599 749.510081314599 0.492718374601204 1.97216636129716 0
503 751.148733993451 751.148733993451 0.492718374601204 1.97216636129716 0
504 752.790039063373 752.790039063373 0.492718374601204 1.97216636129716 0
505 754.433077279885 754.433077279885 0.492718374601204 1.97216636129716 0
506 756.076925644868 756.076925644868 0.492718374601204 1.97216636129716 0
507 757.723395399295 757.723395399295 0.492718374601204 1.97216636129716 0
508 759.371564667772 759.371564667772 0.492718374601204 1.97216636129716 0
509 761.020507894323 761.020507894323 0.492718374601204 1.97216636129716 0
510 762.672042222169 762.672042222169 0.492718374601204 1.97216636129716 0
511 764.325243196172 764.325243196172 0.492718374601204 1.97216636129716 0
512 765.979182750282 765.979182750282 0.492718374601204 1.97216636129716 0
513 767.635683815582 767.635683815582 0.492718374601204 1.97216636129716 0
514 769.293819405473 769.293819405473 0.492718374601204 1.97216636129716 0
515 770.95265899048 770.95265899048 0.492718374601204 1.97216636129716 0
516 772.614031177776 772.614031177776 0.492718374601204 1.97216636129716 0
517 774.226667006718 774.226667006718 0.492718374601204 1.97216636129716 0
518 775.731057328969 775.731057328969 0.492718374601204 1.97216636129716 0
519 777.118798630022 777.118798630022 0.492718374601204 1.97216636129716 0
520 778.378327151974 778.378327151974 0.492718374601204 1.97216636129716 0
521 779.501508561328 779.501508561328 0.492718374601204 1.97216636129716 0
522 780.479070053048 780.479070053048 0.492718374601204 1.97216636129716 0
523 781.306207885015 781.306207885015 0.492718374601204 1.97216636129716 0
524 781.975486882193 781.975486882193 0.492718374601204 1.97216636129716 0
525 782.483494152472 782.483494152472 0.492718374601204 1.97216636129716 0
526 782.825084231134 782.825084231134 0.492718374601204 1.97216636129716 0
527 782.999368409506 782.999368409506 0.492718374601204 1.97216636129716 0
528 783.003856419694 783.003856419694 0.492718374601204 1.97216636129716 0
529 782.839883715868 782.839883715868 0.492718374601204 1.97216636129716 0
530 782.507583091409 782.507583091409 0.492718374601204 1.97216636129716 0
531 782.009345142004 782.009345142004 0.492718374601204 1.97216636129716 0
532 781.349310896597 781.349310896597 0.492718374601204 1.97216636129716 0
533 780.531159173118 780.531159173118 0.492718374601204 1.97216636129716 0
534 779.56067076772 779.56067076772 0.492718374601204 1.97216636129716 0
535 778.519260727454 778.519260727454 0.492718374601204 1.97216636129716 0
536 777.481163757374 777.481163757374 0.492718374601204 1.97216636129716 0
537 776.446320920689 776.446320920689 0.492718374601204 1.97216636129716 0
538 775.415257832056 775.415257832056 0.492718374601204 1.97216636129716 0
539 774.38849271162 774.38849271162 0.492718374601204 1.97216636129716 0
540 773.365032562214 773.365032562214 0.492718374601204 1.97216636129716 0
541 772.345896889661 772.345896889661 0.492718374601204 1.97216636129716 0
542 771.330100232329 771.330100232329 0.492718374601204 1.97216636129716 0
543 770.318654625254 770.318654625254 0.492718374601204 1.97216636129716 0
544 769.310582200106 769.310582200106 0.492718374601204 1.97216636129716 0
545 768.306887454007 768.306887454007 0.492718374601204 1.97216636129716 0
546 767.306600172955 767.306600172955 0.492718374601204 1.97216636129716 0
547 766.3107172545 766.3107172545 0.492718374601204 1.97216636129716 0
548 765.318276194993 765.318276194993 0.492718374601204 1.97216636129716 0
549 764.329782167281 764.329782167281 0.492718374601204 1.97216636129716 0
550 763.345732620844 763.345732620844 0.492718374601204 1.97216636129716 0
551 762.365176722751 762.365176722751 0.492718374601204 1.97216636129716 0
552 761.389092098822 761.389092098822 0.492718374601204 1.97216636129716 0
553 760.416535771307 760.416535771307 0.492718374601204 1.97216636129716 0
554 759.448477546648 759.448477546648 0.492718374601204 1.97216636129716 0
555 758.483982358565 758.483982358565 0.492718374601204 1.97216636129716 0
556 757.524012129656 757.524012129656 0.492718374601204 1.97216636129716 0
557 756.56763976329 756.56763976329 0.492718374601204 1.97216636129716 0
558 755.615352977033 755.615352977033 0.492718374601204 1.97216636129716 0
559 754.667631480662 754.667631480662 0.492718374601204 1.97216636129716 0
560 753.723560239788 753.723560239788 0.492718374601204 1.97216636129716 0
561 752.784081192866 752.784081192866 0.492718374601204 1.97216636129716 0
562 751.848287416811 751.848287416811 0.492718374601204 1.97216636129716 0
563 750.917112745134 750.917112745134 0.492718374601204 1.97216636129716 0
564 749.989658425451 749.989658425451 0.492718374601204 1.97216636129716 0
565 749.066850123999 749.066850123999 0.492718374601204 1.97216636129716 0
566 748.147797312652 748.147797312652 0.492718374601204 1.97216636129716 0
567 747.233417426178 747.233417426178 0.492718374601204 1.97216636129716 0
568 746.322828223487 746.322828223487 0.492718374601204 1.97216636129716 0
569 745.416495168524 745.416495168524 0.492718374601204 1.97216636129716 0
570 744.514875374977 744.514875374977 0.492718374601204 1.97216636129716 0
571 743.617099140348 743.617099140348 0.492718374601204 1.97216636129716 0
572 742.724063031465 742.724063031465 0.492718374601204 1.97216636129716 0
573 741.834905773222 741.834905773222 0.492718374601204 1.97216636129716 0
574 740.95051547425 740.95051547425 0.492718374601204 1.97216636129716 0
575 740.070039346462 740.070039346462 0.492718374601204 1.97216636129716 0
576 739.194356973443 739.194356973443 0.492718374601204 1.97216636129716 0
577 738.32262411252 738.32262411252 0.492718374601204 1.97216636129716 0
578 737.455287257023 737.455287257023 0.492718374601204 1.97216636129716 0
579 736.592784270088 736.592784270088 0.492718374601204 1.97216636129716 0
580 735.734283830792 735.734283830792 0.492718374601204 1.97216636129716 0
581 734.880643931624 734.880643931624 0.492718374601204 1.97216636129716 0
582 734.031041938755 734.031041938755 0.492718374601204 1.97216636129716 0
583 733.186327093049 733.186327093049 0.492718374601204 1.97216636129716 0
584 732.345685505711 732.345685505711 0.492718374601204 1.97216636129716 0
585 731.509957602788 731.509957602788 0.492718374601204 1.97216636129716 0
586 730.678338293565 730.678338293565 0.492718374601204 1.97216636129716 0
587 729.851659127101 729.851659127101 0.492718374601204 1.97216636129716 0
588 729.029123869419 729.029123869419 0.492718374601204 1.97216636129716 0
589 728.211154886936 728.211154886936 0.492718374601204 1.97216636129716 0
590 727.398165567979 727.398165567979 0.492718374601204 1.97216636129716 0
591 726.589373072516 726.589373072516 0.492718374601204 1.97216636129716 0
592 725.785586463712 725.785586463712 0.492718374601204 1.97216636129716 0
593 724.986031896874 724.986031896874 0.492718374601204 1.97216636129716 0
594 724.191509331662 724.191509331662 0.492718374601204 1.97216636129716 0
595 723.401253976601 723.401253976601 0.492718374601204 1.97216636129716 0
596 722.616056618823 722.616056618823 0.492718374601204 1.97216636129716 0
597 721.835161576227 721.835161576227 0.492718374601204 1.97216636129716 0
598 721.058970698617 721.058970698617 0.492718374601204 1.97216636129716 0
599 720.287876578224 720.287876578224 0.492718374601204 1.97216636129716 0
600 719.521137299215 719.521137299215 0.492718374601204 1.97216636129716 0
601 718.759520442137 718.759520442137 0.492718374601204 1.97216636129716 0
602 718.002293339426 718.002293339426 0.492718374601204 1.97216636129716 0
603 717.250214173396 717.250214173396 0.492718374601204 1.97216636129716 0
604 716.502559579899 716.502559579899 0.492718374601204 1.97216636129716 0
605 715.760078282 715.760078282 0.492718374601204 1.97216636129716 0
606 715.022056270053 715.022056270053 0.492718374601204 1.97216636129716 0
607 714.289232745596 714.289232745596 0.492718374601204 1.97216636129716 0
608 713.560903108488 713.560903108488 0.492718374601204 1.97216636129716 0
609 712.83744318539 712.83744318539 0.492718374601204 1.97216636129716 0
610 712.119219205313 712.119219205313 0.492718374601204 1.97216636129716 0
611 711.405540786664 711.405540786664 0.492718374601204 1.97216636129716 0
612 710.69712304401 710.69712304401 0.492718374601204 1.97216636129716 0
613 709.993285137588 709.993285137588 0.492718374601204 1.97216636129716 0
614 709.29473244067 709.29473244067 0.492718374601204 1.97216636129716 0
615 708.60079370859 708.60079370859 0.492718374601204 1.97216636129716 0
616 707.91216450727 707.91216450727 0.492718374601204 1.97216636129716 0
617 707.228183242183 707.228183242183 0.492718374601204 1.97216636129716 0
618 706.54920367943 706.54920367943 0.492718374601204 1.97216636129716 0
619 705.875569717824 705.875569717824 0.492718374601204 1.97216636129716 0
620 705.206634334633 705.206634334633 0.492718374601204 1.97216636129716 0
621 704.543068307354 704.543068307354 0.492718374601204 1.97216636129716 0
622 703.884234391236 703.884234391236 0.492718374601204 1.97216636129716 0
623 703.230793339442 703.230793339442 0.492718374601204 1.97216636129716 0
624 702.582117736527 702.582117736527 0.492718374601204 1.97216636129716 0
625 701.938858252879 701.938858252879 0.492718374601204 1.97216636129716 0
626 701.300397352335 701.300397352335 0.492718374601204 1.97216636129716 0
627 700.667375559993 700.667375559993 0.492718374601204 1.97216636129716 0
628 700.039185269702 700.039185269702 0.492718374601204 1.97216636129716 0
629 699.416152362298 699.416152362298 0.492718374601204 1.97216636129716 0
630 698.798592531773 698.798592531773 0.492718374601204 1.97216636129716 0
631 698.185913159883 698.185913159883 0.492718374601204 1.97216636129716 0
632 697.578729148525 697.578729148525 0.492718374601204 1.97216636129716 0
633 696.97645793045 696.97645793045 0.492718374601204 1.97216636129716 0
634 696.379704055377 696.379704055377 0.492718374601204 1.97216636129716 0
635 695.787895056279 695.787895056279 0.492718374601204 1.97216636129716 0
636 695.201625073098 695.201625073098 0.492718374601204 1.97216636129716 0
637 694.620331785053 694.620331785053 0.492718374601204 1.97216636129716 0
638 694.044317523965 694.044317523965 0.492718374601204 1.97216636129716 0
639 693.47387418434 693.47387418434 0.492718374601204 1.97216636129716 0
640 692.908454756225 692.908454756225 0.492718374601204 1.97216636129716 0
641 692.34862709984 692.34862709984 0.492718374601204 1.97216636129716 0
642 691.793854469145 691.793854469145 0.492718374601204 1.97216636129716 0
643 691.244694114946 691.244694114946 0.492718374601204 1.97216636129716 0
644 690.700619599128 690.700619599128 0.492718374601204 1.97216636129716 0
645 690.162177507096 690.162177507096 0.492718374601204 1.97216636129716 0
646 689.628851754808 689.628851754808 0.492718374601204 1.97216636129716 0
647 689.101178205962 689.101178205962 0.492718374601204 1.97216636129716 0
648 688.578651175348 688.578651175348 0.492718374601204 1.97216636129716 0
649 688.0615433494 688.0615433494 0.492718374601204 1.97216636129716 0
650 687.550116689736 687.550116689736 0.492718374601204 1.97216636129716 0
651 687.043881190068 687.043881190068 0.492718374601204 1.97216636129716 0
652 686.543345675121 686.543345675121 0.492718374601204 1.97216636129716 0
653 686.048030643427 686.048030643427 0.492718374601204 1.97216636129716 0
654 685.558434012235 685.558434012235 0.492718374601204 1.97216636129716 0
655 685.074086827507 685.074086827507 0.492718374601204 1.97216636129716 0
656 684.595476047331 684.595476047331 0.492718374601204 1.97216636129716 0
657 684.122143304247 684.122143304247 0.492718374601204 1.97216636129716 0
658 683.65433636265 683.65433636265 0.492718374601204 1.97216636129716 0
659 683.192292038553 683.192292038553 0.492718374601204 1.97216636129716 0
660 682.735567923222 682.735567923222 0.492718374601204 1.97216636129716 0
661 682.284623354815 682.284623354815 0.492718374601204 1.97216636129716 0
662 681.839026611778 681.839026611778 0.492718374601204 1.97216636129716 0
663 681.399225899591 681.399225899591 0.492718374601204 1.97216636129716 0
664 680.964800220227 680.964800220227 0.492718374601204 1.97216636129716 0
665 680.536186598623 680.536186598623 0.492718374601204 1.97216636129716 0
666 680.11297480025 680.11297480025 0.492718374601204 1.97216636129716 0
667 679.695590620124 679.695590620124 0.492718374601204 1.97216636129716 0
668 679.283634624144 679.283634624144 0.492718374601204 1.97216636129716 0
669 678.877323351071 678.877323351071 0.492718374601204 1.97216636129716 0
670 678.476862147095 678.476862147095 0.492718374601204 1.97216636129716 0
671 678.081867844439 678.081867844439 0.492718374601204 1.97216636129716 0
672 677.692737967572 677.692737967572 0.492718374601204 1.97216636129716 0
673 677.309100236407 677.309100236407 0.492718374601204 1.97216636129716 0
674 676.931340789625 676.931340789625 0.492718374601204 1.97216636129716 0
675 676.559098269032 676.559098269032 0.492718374601204 1.97216636129716 0
676 676.192747385713 676.192747385713 0.492718374601204 1.97216636129716 0
677 675.831937734593 675.831937734593 0.492718374601204 1.97216636129716 0
678 675.476859737241 675.476859737241 0.492718374601204 1.97216636129716 0
679 675.127692439308 675.127692439308 0.492718374601204 1.97216636129716 0
680 674.784101928245 674.784101928245 0.492718374601204 1.97216636129716 0
681 674.446434165598 674.446434165598 0.492718374601204 1.97216636129716 0
682 674.114366271535 674.114366271535 0.492718374601204 1.97216636129716 0
683 673.788232639504 673.788232639504 0.492718374601204 1.97216636129716 0
684 673.467721450857 673.467721450857 0.492718374601204 1.97216636129716 0
685 673.153155494302 673.153155494302 0.492718374601204 1.97216636129716 0
686 672.844234041963 672.844234041963 0.492718374601204 1.97216636129716 0
687 672.541268239479 672.541268239479 0.492718374601204 1.97216636129716 0
688 672.243968477809 672.243968477809 0.492718374601204 1.97216636129716 0
689 671.952492634259 671.952492634259 0.492718374601204 1.97216636129716 0
690 671.666987018527 671.666987018527 0.492718374601204 1.97216636129716 0
691 671.387178750812 671.387178750812 0.492718374601204 1.97216636129716 0
692 671.113349718258 671.113349718258 0.492718374601204 1.97216636129716 0
693 670.845238225075 670.845238225075 0.492718374601204 1.97216636129716 0
694 670.583114396755 670.583114396755 0.492718374601204 1.97216636129716 0
695 670.326727746662 670.326727746662 0.492718374601204 1.97216636129716 0
696 670.076336608364 670.076336608364 0.492718374601204 1.97216636129716 0
697 669.831701726841 669.831701726841 0.492718374601204 1.97216636129716 0
698 669.592953910353 669.592953910353 0.492718374601204 1.97216636129716 0
699 669.360212269028 669.360212269028 0.492718374601204 1.97216636129716 0
700 669.133254438645 669.133254438645 0.492718374601204 1.97216636129716 0
701 668.912309143612 668.912309143612 0.492718374601204 1.97216636129716 0
702 668.697165306503 668.697165306503 0.492718374601204 1.97216636129716 0
703 668.48803976081 668.48803976081 0.492718374601204 1.97216636129716 0
704 668.284732734975 668.284732734975 0.492718374601204 1.97216636129716 0
705 668.08744914623 668.08744914623 0.492718374601204 1.97216636129716 0
706 667.896000548188 667.896000548188 0.492718374601204 1.97216636129716 0
707 667.710579917992 667.710579917992 0.492718374601204 1.97216636129716 0
708 667.531010151797 667.531010151797 0.492718374601204 1.97216636129716 0
709 667.357388531069 667.357388531069 0.492718374601204 1.97216636129716 0
710 667.189800510069 667.189800510069 0.492718374601204 1.97216636129716 0
711 667.028086031934 667.028086031934 0.492718374601204 1.97216636129716 0
712 666.87240812553 666.87240812553 0.492718374601204 1.97216636129716 0
713 666.722618116668 666.722618116668 0.492718374601204 1.97216636129716 0
714 666.578867020144 666.578867020144 0.492718374601204 1.97216636129716 0
715 666.44101755922 666.44101755922 0.492718374601204 1.97216636129716 0
716 666.309208716803 666.309208716803 0.492718374601204 1.97216636129716 0
717 666.183314626487 666.183314626487 0.492718374601204 1.97216636129716 0
718 666.063404853607 666.063404853607 0.492718374601204 1.97216636129716 0
719 665.949537061347 665.949537061347 0.492718374601204 1.97216636129716 0
720 665.841602522007 665.841602522007 0.492718374601204 1.97216636129716 0
721 665.739710068332 665.739710068332 0.492718374601204 1.97216636129716 0
722 665.643762411329 665.643762411329 0.492718374601204 1.97216636129716 0
723 665.553856300084 665.553856300084 0.492718374601204 1.97216636129716 0
724 665.46990589316 665.46990589316 0.492718374601204 1.97216636129716 0
725 665.391995844641 665.391995844641 0.492718374601204 1.97216636129716 0
726 665.320051768992 665.320051768992 0.492718374601204 1.97216636129716 0
727 665.16670109599 665.16670109599 0.492718374601204 1.97216636129716 0
728 664.845824207675 664.845824207675 0.492718374601204 1.97216636129716 0
729 664.361002339129 664.361002339129 0.492718374601204 1.97216636129716 0
730 663.713330527459 663.713330527459 0.492718374601204 1.97216636129716 0
731 662.909373580302 662.909373580302 0.492718374601204 1.97216636129716 0
732 661.953278547005 661.953278547005 0.492718374601204 1.97216636129716 0
733 660.851344984805 660.851344984805 0.492718374601204 1.97216636129716 0
734 659.613014095494 659.613014095494 0.492718374601204 1.97216636129716 0
735 658.245482981658 658.245482981658 0.492718374601204 1.97216636129716 0
736 656.75917394905 656.75917394905 0.492718374601204 1.97216636129716 0
737 655.163397877463 655.163397877463 0.492718374601204 1.97216636129716 0
738 653.470755869512 653.470755869512 0.492718374601204 1.97216636129716 0
739 651.692793639201 651.692793639201 0.492718374601204 1.97216636129716 0
740 649.84329874167 649.84329874167 0.492718374601204 1.97216636129716 0
741 647.935028718178 647.935028718178 0.492718374601204 1.97216636129716 0
742 645.98194739143 645.98194739143 0.492718374601204 1.97216636129716 0
743 643.999233312317 643.999233312317 0.492718374601204 1.97216636129716 0
744 641.999978746403 641.999978746403 0.492718374601204 1.97216636129716 0
745 639.999622031675 639.999622031675 0.492718374601204 1.97216636129716 0
746 638.000373541951 638.000373541951 0.492718374601204 1.97216636129716 0
747 636.000016816311 636.000016816311 0.492718374601204 1.97216636129716 0
748 633.999660085741 633.999660085741 0.492718374601204 1.97216636129716 0
749 632.000411580184 632.000411580184 0.492718374601204 1.97216636129716 0
750 630.000054838701 630.000054838701 0.492718374601204 1.97216636129716 0
751 627.999698091937 627.999698091937 0.492718374601204 1.97216636129716 0
752 626.000449570899 626.000449570899 0.492718374601204 1.97216636129716 0
753 624.000092813574 624.000092813574 0.492718374601204 1.97216636129716 0
754 621.999736050968 621.999736050968 0.492718374601204 1.97216636129716 0
755 620.000487514096 620.000487514096 0.492718374601204 1.97216636129716 0
756 618.00013074093 618.00013074093 0.492718374601204 1.97216636129716 0
757 615.999773962129 615.999773962129 0.492718374601204 1.97216636129716 0
758 614.000525409777 614.000525409777 0.492718374601204 1.97216636129716 0
759 612.000168620415 612.000168620415 0.492718374601204 1.97216636129716 0
760 609.999811826125 609.999811826125 0.492718374601204 1.97216636129716 0
761 607.999455026905 607.999455026905 0.492718374601204 1.97216636129716 0
762 606.000206452736 606.000206452736 0.492718374601204 1.97216636129716 0
763 603.999849642603 603.999849642603 0.492718374601204 1.97216636129716 0
764 601.999492827542 601.999492827542 0.492718374601204 1.97216636129716 0
765 600.000244237539 600.000244237539 0.492718374601204 1.97216636129716 0
766 597.999887411564 597.999887411564 0.492718374601204 1.97216636129716 0
767 595.999530579955 595.999530579955 0.492718374601204 1.97216636129716 0
768 594.000281974824 594.000281974824 0.492718374601204 1.97216636129716 0
769 591.999925133007 591.999925133007 0.492718374601204 1.97216636129716 0
770 589.999568285556 589.999568285556 0.492718374601204 1.97216636129716 0
771 588.000319664239 588.000319664239 0.492718374601204 1.97216636129716 0
772 585.999962806933 585.999962806933 0.492718374601204 1.97216636129716 0
773 583.999605943639 583.999605943639 0.492718374601204 1.97216636129716 0
774 582.000357306489 582.000357306489 0.492718374601204 1.97216636129716 0
775 580.00000043334 580.00000043334 0.492718374601204 1.97216636129716 0
776 577.999643554205 577.999643554205 0.492718374601204 1.97216636129716 0
777 576.000394901221 576.000394901221 0.492718374601204 1.97216636129716 0
778 574.00003801223 574.00003801223 0.492718374601204 1.97216636129716 0
779 571.999681117252 571.999681117252 0.492718374601204 1.97216636129716 0
780 570.000432448435 570.000432448435 0.492718374601204 1.97216636129716 0
781 568.000075542897 568.000075542897 0.492718374601204 1.97216636129716 0
782 565.999718632782 565.999718632782 0.492718374601204 1.97216636129716 0
783 564.000469948131 564.000469948131 0.492718374601204 1.97216636129716 0
784 562.00011302675 562.00011302675 0.492718374601204 1.97216636129716 0
785 559.999756100793 559.999756100793 0.492718374601204 1.97216636129716 0
786 558.000507400309 558.000507400309 0.492718374601204 1.97216636129716 0
787 556.000150463086 556.000150463086 0.492718374601204 1.97216636129716 0
788 553.999793521287 553.999793521287 0.492718374601204 1.97216636129716 0
789 552.000544804616 552.000544804616 0.492718374601204 1.97216636129716 0
790 550.000187851904 550.000187851904 0.492718374601204 1.97216636129716 0
791 547.999830894262 547.999830894262 0.492718374601204 1.97216636129716 0
792 545.999473930633 545.999473930633 0.492718374601204 1.97216636129716 0
793 544.000225193203 544.000225193203 0.492718374601204 1.97216636129716 0
794 541.999868219367 541.999868219367 0.492718374601204 1.97216636129716 0
795 539.999511240248 539.999511240248 0.492718374601204 1.97216636129716 0
796 538.000262486984 538.000262486984 0.492718374601204 1.97216636129716 0
797 535.999905497306 535.999905497306 0.492718374601204 1.97216636129716 0
798 533.999548502345 533.999548502345 0.492718374601204 1.97216636129716 0
799 532.000299733247 532.000299733247 0.492718374601204 1.97216636129716 0
800 529.999942727374 529.999942727374 0.492718374601204 1.97216636129716 0
801 527.999585716923 527.999585716923 0.492718374601204 1.97216636129716 0
802 526.000336931992 526.000336931992 0.492718374601204 1.97216636129716 0
803 523.999979910276 523.999979910276 0.492718374601204 1.97216636129716 0
804 521.99962288363 521.99962288363 0.492718374601204 1.97216636129716 0
805 520.000374083218 520.000374083218 0.492718374601204 1.97216636129716 0
806 518.00001704566 518.00001704566 0.492718374601204 1.97216636129716 0
807 515.999660003172 515.999660003172 0.492718374601204 1.97216636129716 0
808 514.000411186221 514.000411186221 0.492718374601204 1.97216636129716 0
809 512.000054133525 512.000054133525 0.492718374601204 1.97216636129716 0
810 509.999697075195 509.999697075195 0.492718374601204 1.97216636129716 0
811 508.00044824241 508.00044824241 0.492718374601204 1.97216636129716 0
812 506.000091173872 506.000091173872 0.492718374601204 1.97216636129716 0
813 503.999734099699 503.999734099699 0.492718374601204 1.97216636129716 0
814 502.000485251081 502.000485251081 0.492718374601204 1.97216636129716 0
815 500.0001281667 500.0001281667 0.492718374601204 1.97216636129716 0
816 497.999771076685 497.999771076685 0.492718374601204 1.97216636129716 0
817 496.000522212233 496.000522212233 0.492718374601204 1.97216636129716 0
818 494.000165111657 494.000165111657 0.492718374601204 1.97216636129716 0
819 491.999808006152 491.999808006152 0.492718374601204 1.97216636129716 0
820 489.99945089466 489.99945089466 0.492718374601204 1.97216636129716 0
821 488.000202009448 488.000202009448 0.492718374601204 1.97216636129716 0
822 485.999844887748 485.999844887748 0.492718374601204 1.97216636129716 0
823 483.999487760765 483.999487760765 0.492718374601204 1.97216636129716 0
824 482.00023885972 482.00023885972 0.492718374601204 1.97216636129716 0
825 479.999881722177 479.999881722177 0.492718374601204 1.97216636129716 0
826 477.999524579352 477.999524579352 0.492718374601204 1.97216636129716 0
827 476.000275662473 476.000275662473 0.492718374601204 1.97216636129716 0
828 473.999918509088 473.999918509088 0.492718374601204 1.97216636129716 0
829 471.99956135042 471.99956135042 0.492718374601204 1.97216636129716 0
830 470.000312417355 470.000312417355 0.492718374601204 1.97216636129716 0
831 467.999955248127 467.999955248127 0.492718374601204 1.97216636129716 0
832 465.99959807397 465.99959807397 0.492718374601204 1.97216636129716 0
833 464.00034912507 464.00034912507 0.492718374601204 1.97216636129716 0
834 461.99999194 461.99999194 0.492718374601204 1.97216636129716 0
835 459.99963475 459.99963475 0.492718374601204 1.97216636129716 0
836 458.000385785266 458.000385785266 0.492718374601204 1.97216636129716 0
837 456.000028584353 456.000028584353 0.492718374601204 1.97216636129716 0
838 453.999671378511 453.999671378511 0.492718374601204 1.97216636129716 0
839 452.000422397944 452.000422397944 0.492718374601204 1.97216636129716 0
840 450.000065181188 450.000065181188 0.492718374601204 1.97216636129716 0
841 447.999707958798 447.999707958798 0.492718374601204 1.97216636129716 0
842 446.000458963102 446.000458963102 0.492718374601204 1.97216636129716 0
843 444.000101730503 444.000101730503 0.492718374601204 1.97216636129716 0
844 441.99974449227 441.99974449227 0.492718374601204 1.97216636129716 0
845 440.000495480388 440.000495480388 0.492718374601204 1.97216636129716 0
846 438.000138232299 438.000138232299 0.492718374601204 1.97216636129716 0
847 435.999780978224 435.999780978224 0.492718374601204 1.97216636129716 0
848 434.000531950508 434.000531950508 0.492718374601204 1.97216636129716 0
849 432.000174686576 432.000174686576 0.492718374601204 1.97216636129716 0
850 429.999817416658 429.999817416658 0.492718374601204 1.97216636129716 0
851 427.999460141811 427.999460141811 0.492718374601204 1.97216636129716 0
852 426.000211092981 426.000211092981 0.492718374601204 1.97216636129716 0
853 423.999853807573 423.999853807573 0.492718374601204 1.97216636129716 0
854 421.999496516883 421.999496516883 0.492718374601204 1.97216636129716 0
855 420.000247451867 420.000247451867 0.492718374601204 1.97216636129716 0
856 417.999890150969 417.999890150969 0.492718374601204 1.97216636129716 0
857 415.999532844436 415.999532844436 0.492718374601204 1.97216636129716 0
858 414.000283763586 414.000283763586 0.492718374601204 1.97216636129716 0
859 411.999926446844 411.999926446844 0.492718374601204 1.97216636129716 0
860 409.999569124469 409.999569124469 0.492718374601204 1.97216636129716 0
861 408.000320027785 408.000320027785 0.492718374601204 1.97216636129716 0
862 405.999962695201 405.999962695201 0.492718374601204 1.97216636129716 0
863 403.99960535663 403.99960535663 0.492718374601204 1.97216636129716 0
864 402.000356244465 402.000356244465 0.492718374601204 1.97216636129716 0
865 399.999998895685 399.999998895685 0.492718374601204 1.97216636129716 0
866 397.999641541624 397.999641541624 0.492718374601204 1.97216636129716 0
867 396.000392413625 396.000392413625 0.492718374601204 1.97216636129716 0
868 394.000035049002 394.000035049002 0.492718374601204 1.97216636129716 0
869 391.999677679098 391.999677679098 0.492718374601204 1.97216636129716 0
870 390.000428535265 390.000428535265 0.492718374601204 1.97216636129716 0
871 388.000071154447 388.000071154447 0.492718374601204 1.97216636129716 0
872 385.999713769053 385.999713769053 0.492718374601204 1.97216636129716 0
873 384.000464609386 384.000464609386 0.492718374601204 1.97216636129716 0
874 382.000107212725 382.000107212725 0.492718374601204 1.97216636129716 0
875 379.999749811488 379.999749811488 0.492718374601204 1.97216636129716 0
876 378.000500635986 378.000500635986 0.492718374601204 1.97216636129716 0
877 376.000143223483 376.000143223483 0.492718374601204 1.97216636129716 0
878 373.99978580605 373.99978580605 0.492718374601204 1.97216636129716 0
879 372.000536615067 372.000536615067 0.492718374601204 1.97216636129716 0
880 370.000179186721 370.000179186721 0.492718374601204 1.97216636129716 0
881 367.999821753445 367.999821753445 0.492718374601204 1.97216636129716 0
882 365.99946431524 365.99946431524 0.492718374601204 1.97216636129716 0
883 364.000215102439 364.000215102439 0.492718374601204 1.97216636129716 0
884 361.99985765332 361.99985765332 0.492718374601204 1.97216636129716 0
885 359.99950019892 359.99950019892 0.492718374601204 1.97216636129716 0
886 358.000250970637 358.000250970637 0.492718374601204 1.97216636129716 0
887 355.999893505675 355.999893505675 0.492718374601204 1.97216636129716 0
888 353.999536035079 353.999536035079 0.492718374601204 1.97216636129716 0
889 352.000286791315 352.000286791315 0.492718374601204 1.97216636129716 0
890 349.99992931051 349.99992931051 0.492718374601204 1.97216636129716 0
891 347.999571824071 347.999571824071 0.492718374601204 1.97216636129716 0
892 346.00032256412 346.00032256412 0.492718374601204 1.97216636129716 0
893 343.999965067473 343.999965067473 0.492718374601204 1.97216636129716 0
894 341.999607565543 341.999607565543 0.492718374601204 1.97216636129716 0
895 340.000358289758 340.000358289758 0.492718374601204 1.97216636129716 0
896 338.000000777267 338.000000777267 0.492718374601204 1.97216636129716 0
897 335.999643259495 335.999643259495 0.492718374601204 1.97216636129716 0
898 334.000393967875 334.000393967875 0.492718374601204 1.97216636129716 0
899 332.000036439542 332.000036439542 0.492718374601204 1.97216636129716 0
900 329.999678905926 329.999678905926 0.492718374601204 1.97216636129716 0
901 328.00042959812 328.00042959812 0.492718374601204 1.97216636129716 0
902 326.000072053943 326.000072053943 0.492718374601204 1.97216636129716 0
903 323.999714504837 323.999714504837 0.492718374601204 1.97216636129716 0
904 322.000465181197 322.000465181197 0.492718374601204 1.97216636129716 0
905 320.000107621177 320.000107621177 0.492718374601204 1.97216636129716 0
906 317.999750056228 317.999750056228 0.492718374601204 1.97216636129716 0
907 316.000500716753 316.000500716753 0.492718374601204 1.97216636129716 0
908 314.00014314089 314.00014314089 0.492718374601204 1.97216636129716 0
909 311.999785560098 311.999785560098 0.492718374601204 1.97216636129716 0
910 310.000536204789 310.000536204789 0.492718374601204 1.97216636129716 0
911 308.000178613083 308.000178613083 0.492718374601204 1.97216636129716 0
912 305.999821016448 305.999821016448 0.492718374601204 1.97216636129716 0
913 303.999463413825 303.999463413825 0.492718374601204 1.97216636129716 0
914 302.000214037755 302.000214037755 0.492718374601204 1.97216636129716 0
915 299.999856424572 299.999856424572 0.492718374601204 1.97216636129716 0
916 297.999498806811 297.999498806811 0.492718374601204 1.97216636129716 0
917 296.000249414907 296.000249414907 0.492718374601204 1.97216636129716 0
918 293.99989178588 293.99989178588 0.492718374601204 1.97216636129716 0
919 291.999534152277 291.999534152277 0.492718374601204 1.97216636129716 0
920 290.000284744538 290.000284744538 0.492718374601204 1.97216636129716 0
921 287.999927099668 287.999927099668 0.492718374601204 1.97216636129716 0
922 285.999569450221 285.999569450221 0.492718374601204 1.97216636129716 0
923 284.000320026648 284.000320026648 0.492718374601204 1.97216636129716 0
924 281.999962365935 281.999962365935 0.492718374601204 1.97216636129716 0
925 279.999604700293 279.999604700293 0.492718374601204 1.97216636129716 0
926 278.000355260885 278.000355260885 0.492718374601204 1.97216636129716 0
927 275.999997584681 275.999997584681 0.492718374601204 1.97216636129716 0
928 273.999639903196 273.999639903196 0.492718374601204 1.97216636129716 0
929 272.000390447601 272.000390447601 0.492718374601204 1.97216636129716 0
930 270.000032755907 270.000032755907 0.492718374601204 1.97216636129716 0
931 267.999675058578 267.999675058578 0.492718374601204 1.97216636129716 0
932 266.000425587149 266.000425587149 0.492718374601204 1.97216636129716 0
933 264.000067879611 264.000067879611 0.492718374601204 1.97216636129716 0
934 261.999710166439 261.999710166439 0.492718374601204 1.97216636129716 0
935 260.000460679175 260.000460679175 0.492718374601204 1.97216636129716 0
936 258.000102955795 258.000102955795 0.492718374601204 1.97216636129716 0
937 256.001976663651 256.001976663651 0.492718374601204 1.97216636129716 0
938 254.020683154322 254.020683154322 0.492718374601204 1.97216636129716 0
939 252.068948544399 252.068948544399 0.492718374601204 1.97216636129716 0
940 250.164292313594 250.164292313594 0.492718374601204 1.97216636129716 0
941 248.322340634913 248.322340634913 0.492718374601204 1.97216636129716 0
942 246.559000897415 246.559000897415 0.492718374601204 1.97216636129716 0
943 244.888239187028 244.888239187028 0.492718374601204 1.97216636129716 0
944 243.325260043456 243.325260043456 0.492718374601204 1.97216636129716 0
945 241.884278695982 241.884278695982 0.492718374601204 1.97216636129716 0
946 240.57955942375 240.57955942375 0.492718374601204 1.97216636129716 0
947 239.421830233906 239.421830233906 0.492718374601204 1.97216636129716 0
948 238.422851369435 238.422851369435 0.492718374601204 1.97216636129716 0
949 237.591905685868 237.591905685868 0.492718374601204 1.97216636129716 0
950 236.937723873776 236.937723873776 0.492718374601204 1.97216636129716 0
951 236.466545262363 236.466545262363 0.492718374601204 1.97216636129716 0
952 236.18297792786 236.18297792786 0.492718374601204 1.97216636129716 0
953 236.088643557295 236.088643557295 0.492718374601204 1.97216636129716 0
954 236.187018940324 236.187018940324 0.492718374601204 1.97216636129716 0
955 236.388453999812 236.388453999812 0.492718374601204 1.97216636129716 0
956 236.607731137553 236.607731137553 0.492718374601204 1.97216636129716 0
957 236.843580991198 236.843580991198 0.492718374601204 1.97216636129716 0
958 237.096185308189 237.096185308189 0.492718374601204 1.97216636129716 0
959 237.365379263176 237.365379263176 0.492718374601204 1.97216636129716 0
960 237.650962236975 237.650962236975 0.492718374601204 1.97216636129716 0
961 237.953155092437 237.953155092437 0.492718374601204 1.97216636129716 0
962 238.27159865867 238.27159865867 0.492718374601204 1.97216636129716 0
963 238.60653988324 238.60653988324 0.492718374601204 1.97216636129716 0
964 238.957757724752 238.957757724752 0.492718374601204 1.97216636129716 0
965 239.324996275962 239.324996275962 0.492718374601204 1.97216636129716 0
966 239.708541620026 239.708541620026 0.492718374601204 1.97216636129716 0
967 240.108140142486 240.108140142486 0.492718374601204 1.97216636129716 0
968 240.523504017927 240.523504017927 0.492718374601204 1.97216636129716 0
969 240.954958454306 240.954958454306 0.492718374601204 1.97216636129716 0
970 241.401994928525 241.401994928525 0.492718374601204 1.97216636129716 0
971 241.864964712368 241.864964712368 0.492718374601204 1.97216636129716 0
972 242.343562136705 242.343562136705 0.492718374601204 1.97216636129716 0
973 242.837448549182 242.837448549182 0.492718374601204 1.97216636129716 0
974 243.34701426765 243.34701426765 0.492718374601204 1.97216636129716 0
975 243.871923850063 243.871923850063 0.492718374601204 1.97216636129716 0
976 244.411809673449 244.411809673449 0.492718374601204 1.97216636129716 0
977 244.96710101227 244.96710101227 0.492718374601204 1.97216636129716 0
978 245.537150291391 245.537150291391 0.492718374601204 1.97216636129716 0
979 246.122412683259 246.122412683259 0.492718374601204 1.97216636129716 0
980 246.722505725156 246.722505725156 0.492718374601204 1.97216636129716 0
981 247.33701619997 247.33701619997 0.492718374601204 1.97216636129716 0
982 247.966437991333 247.966437991333 0.492718374601204 1.97216636129716 0
983 248.610362035878 248.610362035878 0.492718374601204 1.97216636129716 0
984 249.268349414716 249.268349414716 0.492718374601204 1.97216636129716 0
985 249.940932507157 249.940932507157 0.492718374601204 1.97216636129716 0
986 250.627336458691 250.627336458691 0.492718374601204 1.97216636129716 0
987 251.328119168426 251.328119168426 0.492718374601204 1.97216636129716 0
988 252.042829976872 252.042829976872 0.492718374601204 1.97216636129716 0
989 252.770989904531 252.770989904531 0.492718374601204 1.97216636129716 0
990 253.513194877252 253.513194877252 0.492718374601204 1.97216636129716 0
991 254.268970915687 254.268970915687 0.492718374601204 1.97216636129716 0
992 255.037816649955 255.037816649955 0.492718374601204 1.97216636129716 0
993 255.820365680286 255.820365680286 0.492718374601204 1.97216636129716 0
994 256.615728235051 256.615728235051 0.492718374601204 1.97216636129716 0
995 257.424562801681 257.424562801681 0.492718374601204 1.97216636129716 0
996 258.24635920716 258.24635920716 0.492718374601204 1.97216636129716 0
997 259.080581444386 259.080581444386 0.492718374601204 1.97216636129716 0
998 259.927924958566 259.927924958566 0.492718374601204 1.97216636129716 0
999 260.78785941601 260.78785941601 0.492718374601204 1.97216636129716 0
1000 261.659829575237 261.659829575237 0.492718374601204 1.97216636129716 0
1001 262.544567340807 262.544567340807 0.492718374601204 1.97216636129716 0
1002 263.441080251261 263.441080251261 0.492718374601204 1.97216636129716 0
1003 264.350124214246 264.350124214246 0.492718374601204 1.97216636129716 0
1004 265.271137772135 265.271137772135 0.492718374601204 1.97216636129716 0
1005 266.203536068621 266.203536068621 0.492718374601204 1.97216636129716 0
1006 267.148110528553 267.148110528553 0.492718374601204 1.97216636129716 0
1007 268.104282429284 268.104282429284 0.492718374601204 1.97216636129716 0
1008 269.07145053715 269.07145053715 0.492718374601204 1.97216636129716 0
1009 270.05044116504 270.05044116504 0.492718374601204 1.97216636129716 0
1010 271.0401707131 271.0401707131 0.492718374601204 1.97216636129716 0
1011 272.041488381413 272.041488381413 0.492718374601204 1.97216636129716 0
1012 273.053788867891 273.053788867891 0.492718374601204 1.97216636129716 0
1013 274.076445793131 274.076445793131 0.492718374601204 1.97216636129716 0
1014 275.110342107662 275.110342107662 0.492718374601204 1.97216636129716 0
1015 276.154857796654 276.154857796654 0.492718374601204 1.97216636129716 0
1016 277.209352592782 277.209352592782 0.492718374601204 1.97216636129716 0
1017 278.274742469247 278.274742469247 0.492718374601204 1.97216636129716 0
1018 279.349863264785 279.349863264785 0.492718374601204 1.97216636129716 0
1019 280.435652545125 280.435652545125 0.492718374601204 1.97216636129716 0
1020 281.531467665029 281.531467665029 0.492718374601204 1.97216636129716 0
1021 282.636647042978 282.636647042978 0.492718374601204 1.97216636129716 0
1022 283.752159991508 283.752159991508 0.492718374601204 1.97216636129716 0
1023 284.877351331568 284.877351331568 0.492718374601204 1.97216636129716 0
1024 286.011547713174 286.011547713174 0.492718374601204 1.97216636129716 0
1025 287.155749391231 287.155749391231 0.492718374601204 1.97216636129716 0
1026 288.308721097953 288.308721097953 0.492718374601204 1.97216636129716 0
1027 289.471483269841 289.471483269841 0.492718374601204 1.97216636129716 0
1028 290.64336143287 290.64336143287 0.492718374601204 1.97216636129716 0
1029 291.823664144001 291.823664144001 0.492718374601204 1.97216636129716 0
1030 293.013441422563 293.013441422563 0.492718374601204 1.97216636129716 0
1031 294.212008098115 294.212008098115 0.492718374601204 1.97216636129716 0
1032 295.418662705738 295.418662705738 0.492718374601204 1.97216636129716 0
1033 296.634484021257 296.634484021257 0.492718374601204 1.97216636129716 0
1034 297.858173979977 297.858173979977 0.492718374601204 1.97216636129716 0
1035 299.090830055457 299.090830055457 0.492718374601204 1.97216636129716 0
1036 300.33175055915 300.33175055915 0.492718374601204 1.97216636129716 0
1037 301.580218593324 301.580218593324 0.492718374601204 1.97216636129716 0
1038 302.837358988693 302.837358988693 0.492718374601204 1.97216636129716 0
1039 304.102460866908 304.102460866908 0.492718374601204 1.97216636129716 0
1040 305.374798754656 305.374798754656 0.492718374601204 1.97216636129716 0
1041 306.655524004228 306.655524004228 0.492718374601204 1.97216636129716 0
1042 307.943282993727 307.943282993727 0.492718374601204 1.97216636129716 0
1043 309.239244290945 309.239244290945 0.492718374601204 1.97216636129716 0
1044 310.542682788396 310.542682788396 0.492718374601204 1.97216636129716 0
1045 311.852859741251 311.852859741251 0.492718374601204 1.97216636129716 0
1046 313.170968853881 313.170968853881 0.492718374601204 1.97216636129716 0
1047 314.496277070248 314.496277070248 0.492718374601204 1.97216636129716 0
1048 315.828038248158 315.828038248158 0.492718374601204 1.97216636129716 0
1049 317.167470405921 317.167470405921 0.492718374601204 1.97216636129716 0
1050 318.513170629999 318.513170629999 0.492718374601204 1.97216636129716 0
1051 319.866372703733 319.866372703733 0.492718374601204 1.97216636129716 0
1052 321.226331208269 321.226331208269 0.492718374601204 1.97216636129716 0
1053 322.592288500323 322.592288500323 0.492718374601204 1.97216636129716 0
1054 323.965501337132 323.965501337132 0.492718374601204 1.97216636129716 0
1055 325.345217372961 325.345217372961 0.492718374601204 1.97216636129716 0
1056 326.730672515675 326.730672515675 0.492718374601204 1.97216636129716 0
1057 328.123145715346 328.123145715346 0.492718374601204 1.97216636129716 0
1058 329.521190182515 329.521190182515 0.492718374601204 1.97216636129716 0
1059 330.926099230933 330.926099230933 0.492718374601204 1.97216636129716 0
1060 332.337109694018 332.337109694018 0.492718374601204 1.97216636129716 0
1061 333.753447414554 333.753447414554 0.492718374601204 1.97216636129716 0
1062 335.176426632293 335.176426632293 0.492718374601204 1.97216636129716 0
1063 336.604575549453 336.604575549453 0.492718374601204 1.97216636129716 0
1064 338.03922194094 338.03922194094 0.492718374601204 1.97216636129716 0
1065 339.479592633698 339.479592633698 0.492718374601204 1.97216636129716 0
1066 340.924904168508 340.924904168508 0.492718374601204 1.97216636129716 0
1067 342.376504024346 342.376504024346 0.492718374601204 1.97216636129716 0
1068 343.833613376667 343.833613376667 0.492718374601204 1.97216636129716 0
1069 345.295443514616 345.295443514616 0.492718374601204 1.97216636129716 0
1070 346.763360913984 346.763360913984 0.492718374601204 1.97216636129716 0
1071 348.235857181319 348.235857181319 0.492718374601204 1.97216636129716 0
1072 349.714311071946 349.714311071946 0.492718374601204 1.97216636129716 0
1073 351.197934881431 351.197934881431 0.492718374601204 1.97216636129716 0
1074 352.685931638222 352.685931638222 0.492718374601204 1.97216636129716 0
1075 354.179697968838 354.179697968838 0.492718374601204 1.97216636129716 0
1076 355.678441129769 355.678441129769 0.492718374601204 1.97216636129716 0
1077 357.181359468508 357.181359468508 0.492718374601204 1.97216636129716 0
1078 358.689866828765 358.689866828765 0.492718374601204 1.97216636129716 0
1079 360.202421927477 360.202421927477 0.492718374601204 1.97216636129716 0
1080 361.720449734665 361.720449734665 0.492718374601204 1.97216636129716 0
1081 363.243149562607 363.243149562607 0.492718374601204 1.97216636129716 0
1082 364.769712364345 364.769712364345 0.492718374601204 1.97216636129716 0
1083 366.301579286238 366.301579286238 0.492718374601204 1.97216636129716 0
1084 367.837945122046 367.837945122046 0.492718374601204 1.97216636129716 0
1085 369.377996613989 369.377996613989 0.492718374601204 1.97216636129716 0
1086 370.923190495271 370.923190495271 0.492718374601204 1.97216636129716 0
1087 372.471955839555 372.471955839555 0.492718374601204 1.97216636129716 0
1088 374.025759451944 374.025759451944 0.492718374601204 1.97216636129716 0
1089 375.583788966401 375.583788966401 0.492718374601204 1.97216636129716 0
1090 377.145224457166 377.145224457166 0.492718374601204 1.97216636129716 0
1091 378.711547371058 378.711547371058 0.492718374601204 1.97216636129716 0
1092 380.281941259834 380.281941259834 0.492718374601204 1.97216636129716 0
1093 381.8555823889 381.8555823889 0.492718374601204 1.97216636129716 0
1094 383.433966307495 383.433966307495 0.492718374601204 1.97216636129716 0
1095 385.015495274906 385.015495274906 0.492718374601204 1.97216636129716 0
1096 386.601673949545 386.601673949545 0.492718374601204 1.97216636129716 0
1097 388.191679396563 388.191679396563 0.492718374601204 1.97216636129716 0
1098 389.784681834673 389.784681834673 0.492718374601204 1.97216636129716 0
1099 391.38219916905 391.38219916905 0.492718374601204 1.97216636129716 0
1100 392.983404757401 392.983404757401 0.492718374601204 1.97216636129716 0
1101 394.587465348457 394.587465348457 0.492718374601204 1.97216636129716 0
1102 396.195911615137 396.195911615137 0.492718374601204 1.97216636129716 0
1103 397.8071214876 397.8071214876 0.492718374601204 1.97216636129716 0
1104 399.42263388096 399.42263388096 0.492718374601204 1.97216636129716 0
1105 401.041616246311 401.041616246311 0.492718374601204 1.97216636129716 0
1106 402.663229813556 402.663229813556 0.492718374601204 1.97216636129716 0
1107 404.289025488271 404.289025488271 0.492718374601204 1.97216636129716 0
1108 405.918167331663 405.918167331663 0.492718374601204 1.97216636129716 0
1109 407.549813409219 407.549813409219 0.492718374601204 1.97216636129716 0
1110 409.185526174669 409.185526174669 0.492718374601204 1.97216636129716 0
1111 410.823661440661 410.823661440661 0.492718374601204 1.97216636129716 0
1112 412.465789129978 412.465789129978 0.492718374601204 1.97216636129716 0
1113 414.111067903063 414.111067903063 0.492718374601204 1.97216636129716 0
1114 415.758650764143 415.758650764143 0.492718374601204 1.97216636129716 0
1115 417.410118497075 417.410118497075 0.492718374601204 1.97216636129716 0
1116 419.064626657383 419.064626657383 0.492718374601204 1.97216636129716 0
1117 420.721325342117 420.721325342117 0.492718374601204 1.97216636129716 0
1118 422.381805800819 422.381805800819 0.492718374601204 1.97216636129716 0
1119 424.044403670284 424.044403670284 0.492718374601204 1.97216636129716 0
1120 425.710716964536 425.710716964536 0.492718374601204 1.97216636129716 0
1121 427.379896283058 427.379896283058 0.492718374601204 1.97216636129716 0
1122 429.05108707028 429.05108707028 0.492718374601204 1.97216636129716 0
1123 430.725897185157 430.725897185157 0.492718374601204 1.97216636129716 0
1124 432.403474374016 432.403474374016 0.492718374601204 1.97216636129716 0
1125 434.082961398788 434.082961398788 0.492718374601204 1.97216636129716 0
1126 435.765975612958 435.765975612958 0.492718374601204 1.97216636129716 0
1127 437.450834216295 437.450834216295 0.492718374601204 1.97216636129716 0
1128 439.139160703085 439.139160703085 0.492718374601204 1.97216636129716 0
1129 440.830098252644 440.830098252644 0.492718374601204 1.97216636129716 0
1130 442.522785330643 442.522785330643 0.492718374601204 1.97216636129716 0
1131 444.218854370984 444.218854370984 0.492718374601204 1.97216636129716 0
1132 445.917445918675 445.917445918675 0.492718374601204 1.97216636129716 0
1133 447.61769596796 447.61769596796 0.492718374601204 1.97216636129716 0
1134 449.321245570406 449.321245570406 0.492718374601204 1.97216636129716 0
1135 451.026395035291 451.026395035291 0.492718374601204 1.97216636129716 0
1136 452.734790996943 452.734790996943 0.492718374601204 1.97216636129716 0
1137 454.44556977896 454.44556977896 0.492718374601204 1.97216636129716 0
1138 456.157863404816 456.157863404816 0.492718374601204 1.97216636129716 0
1139 457.873326631955 457.873326631955 0.492718374601204 1.97216636129716 0
1140 459.591093353726 459.591093353726 0.492718374601204 1.97216636129716 0
1141 461.310293295241 461.310293295241 0.492718374601204 1.97216636129716 0
1142 463.032589058825 463.032589058825 0.492718374601204 1.97216636129716 0
1143 464.756265446829 464.756265446829 0.492718374601204 1.97216636129716 0
1144 466.48299013231 466.48299013231 0.492718374601204 1.97216636129716 0
1145 468.211893107771 468.211893107771 0.492718374601204 1.97216636129716 0
1146 469.942100418629 469.942100418629 0.492718374601204 1.97216636129716 0
1147 471.716373432737 471.716373432737 0.492718374601204 1.97216636129716 0
1148 473.566134209071 473.566134209071 0.492718374601204 1.97216636129716 0
1149 475.475319204189 475.475319204189 0.492718374601204 1.97216636129716 0
1150 477.429966379403 477.429966379403 0.492718374601204 1.97216636129716 0
1151 479.413534844932 479.413534844932 0.492718374601204 1.97216636129716 0
1152 481.411618896247 481.411618896247 0.492718374601204 1.97216636129716 0
1153 483.40975760742 483.40975760742 0.492718374601204 1.97216636129716 0
1154 485.390327852812 485.390327852812 0.492718374601204 1.97216636129716 0
1155 487.341248298144 487.341248298144 0.492718374601204 1.97216636129716 0
1156 489.246950943578 489.246950943578 0.492718374601204 1.97216636129716 0
1157 491.092069776897 491.092069776897 0.492718374601204 1.97216636129716 0
1158 492.866420221287 492.866420221287 0.492718374601204 1.97216636129716 0
1159 494.554858969938 494.554858969938 0.492718374601204 1.97216636129716 0
1160 496.146002780462 496.146002780462 0.492718374601204 1.97216636129716 0
1161 497.629902377057 497.629902377057 0.492718374601204 1.97216636129716 0
1162 498.994362407359 498.994362407359 0.492718374601204 1.97216636129716 0
1163 500.231668036924 500.231668036924 0.492718374601204 1.97216636129716 0
1164 501.333479157463 501.333479157463 0.492718374601204 1.97216636129716 0
1165 502.365828868269 502.365828868269 0.492718374601204 1.97216636129716 0
1166 503.403433500805 503.403433500805 0.492718374601204 1.97216636129716 0
1167 504.447407403042 504.447407403042 0.492718374601204 1.97216636129716 0
1168 505.497141109632 505.497141109632 0.492718374601204 1.97216636129716 0
1169 506.55201249293 506.55201249293 0.492718374601204 1.97216636129716 0
1170 507.613155345002 507.613155345002 0.492718374601204 1.97216636129716 0
1171 508.679950909115 508.679950909115 0.492718374601204 1.97216636129716 0
1172 509.7517680125 509.7517680125 0.492718374601204 1.97216636129716 0
1173 510.829759561236 510.829759561236 0.492718374601204 1.97216636129716 0
1174 511.913297711474 511.913297711474 0.492718374601204 1.97216636129716 0
1175 513.001742445759 513.001742445759 0.492718374601204 1.97216636129716 0
1176 514.096265456561 514.096265456561 0.492718374601204 1.97216636129716 0
1177 515.196230012141 515.196230012141 0.492718374601204 1.97216636129716 0
1178 516.301601333307 516.301601333307 0.492718374601204 1.97216636129716 0
1179 517.411727917123 517.411727917123 0.492718374601204 1.97216636129716 0
1180 518.527805995051 518.527805995051 0.492718374601204 1.97216636129716 0
1181 519.649187290791 519.649187290791 0.492718374601204 1.97216636129716 0
1182 520.775211911314 520.775211911314 0.492718374601204 1.97216636129716 0
1183 521.90709411358 521.90709411358 0.492718374601204 1.97216636129716 0
1184 523.044177186567 523.044177186567 0.492718374601204 1.97216636129716 0
1185 524.185793035203 524.185793035203 0.492718374601204 1.97216636129716 0
1186 525.333173619495 525.333173619495 0.492718374601204 1.97216636129716 0
1187 526.485653981601 526.485653981601 0.492718374601204 1.97216636129716 0
1188 527.642558007299 527.642558007299 0.492718374601204 1.97216636129716 0
1189 528.805135040762 528.805135040762 0.492718374601204 1.97216636129716 0
1190 529.972712060163 529.972712060163 0.492718374601204 1.97216636129716 0
1191 531.144605113716 531.144605113716 0.492718374601204 1.97216636129716 0
1192 532.322080610428 532.322080610428 0.492718374601204 1.97216636129716 0
1193 533.504457645288 533.504457645288 0.492718374601204 1.97216636129716 0
1194 534.691044604786 534.691044604786 0.492718374601204 1.97216636129716 0
1195 535.883124648678 535.883124648678 0.492718374601204 1.97216636129716 0
1196 537.08000916408 537.08000916408 0.492718374601204 1.97216636129716 0
1197 538.28099904831 538.28099904831 0.492718374601204 1.97216636129716 0
1198 539.487393900397 539.487393900397 0.492718374601204 1.97216636129716 0
1199 540.698497571041 540.698497571041 0.492718374601204 1.97216636129716 0
1200 541.913603637484 541.913603637484 0.492718374601204 1.97216636129716 0
1201 543.134027829337 543.134027829337 0.492718374601204 1.97216636129716 0
1202 544.359066629151 544.359066629151 0.492718374601204 1.97216636129716 0
1203 545.588006458716 545.588006458716 0.492718374601204 1.97216636129716 0
1204 546.822178872906 546.822178872906 0.492718374601204 1.97216636129716 0
1205 548.060873151254 548.060873151254 0.492718374601204 1.97216636129716 0
1206 549.303368720487 549.303368720487 0.492718374601204 1.97216636129716 0
1207 550.551012658718 550.551012658718 0.492718374601204 1.97216636129716 0
1208 551.803087203881 551.803087203881 0.492718374601204 1.97216636129716 0
1209 553.059562265156 553.059562265156 0.492718374601204 1.97216636129716 0
1210 554.319708183907 554.319708183907 0.492718374601204 1.97216636129716 0
1211 555.584892275839 555.584892275839 0.492718374601204 1.97216636129716 0
1212 556.854387632475 556.854387632475 0.492718374601204 1.97216636129716 0
1213 558.127457961225 558.127457961225 0.492718374601204 1.97216636129716 0
1214 559.405485412305 559.405485412305 0.492718374601204 1.97216636129716 0
1215 560.687736395781 560.687736395781 0.492718374601204 1.97216636129716 0
1216 561.973468132907 561.973468132907 0.492718374601204 1.97216636129716 0
1217 563.264077320032 563.264077320032 0.492718374601204 1.97216636129716 0
1218 564.558823833684 564.558823833684 0.492718374601204 1.97216636129716 0
1219 565.856958554536 565.856958554536 0.492718374601204 1.97216636129716 0
1220 567.159892439837 567.159892439837 0.492718374601204 1.97216636129716 0
1221 568.466878978338 568.466878978338 0.492718374601204 1.97216636129716 0
1222 569.777162850823 569.777162850823 0.492718374601204 1.97216636129716 0
1223 571.092168995039 571.092168995039 0.492718374601204 1.97216636129716 0
1224 572.411144653806 572.411144653806 0.492718374601204 1.97216636129716 0
1225 573.733328445235 573.733328445235 0.492718374601204 1.97216636129716 0
1226 575.060159011865 575.060159011865 0.492718374601204 1.97216636129716 0
1227 576.39087748832 576.39087748832 0.492718374601204 1.97216636129716 0
1228 577.724716565742 577.724716565742 0.492718374601204 1.97216636129716 0
1229 579.063128317227 579.063128317227 0.492718374601204 1.97216636129716 0
1230 580.405347905713 580.405347905713 0.492718374601204 1.97216636129716 0
1231 581.750602225645 581.750602225645 0.492718374601204 1.97216636129716 0
1232 583.100356514293 583.100356514293 0.492718374601204 1.97216636129716 0
1233 584.453840093087 584.453840093087 0.492718374601204 1.97216636129716 0
1234 585.810274188216 585.810274188216 0.492718374601204 1.97216636129716 0
1235 587.171136937713 587.171136937713 0.492718374601204 1.97216636129716 0
1236 588.535651949871 588.535651949871 0.492718374601204 1.97216636129716 0
1237 589.903034907411 589.903034907411 0.492718374601204 1.97216636129716 0
1238 591.274776590378 591.274776590378 0.492718374601204 1.97216636129716 0
1239 592.65009501867 592.65009501867 0.492718374601204 1.97216636129716 0
1240 594.028965349183 594.028965349183 0.492718374601204 1.97216636129716 0
1241 595.410596061779 595.410596061779 0.492718374601204 1.97216636129716 0
1242 596.796494398225 596.796494398225 0.492718374601204 1.97216636129716 0
1243 598.185871116775 598.185871116775 0.492718374601204 1.97216636129716 0
1244 599.577929433047 599.577929433047 0.492718374601204 1.97216636129716 0
1245 600.974188643531 600.974188643531 0.492718374601204 1.97216636129716 0
1246 602.373854198906 602.373854198906 0.492718374601204 1.97216636129716 0
1247 603.776124165508 603.776124165508 0.492718374601204 1.97216636129716 0
1248 605.182529649894 605.182529649894 0.492718374601204 1.97216636129716 0
1249 606.592270910404 606.592270910404 0.492718374601204 1.97216636129716 0
1250 608.004540976173 608.004540976173 0.492718374601204 1.97216636129716 0
1251 609.420882524376 609.420882524376 0.492718374601204 1.97216636129716 0
1252 610.840490733393 610.840490733393 0.492718374601204 1.97216636129716 0
1253 612.262553703699 612.262553703699 0.492718374601204 1.97216636129716 0
1254 613.688625448092 613.688625448092 0.492718374601204 1.97216636129716 0
1255 615.117896174585 615.117896174585 0.492718374601204 1.97216636129716 0
1256 616.549549161297 616.549549161297 0.492718374601204 1.97216636129716 0
1257 617.985149525838 617.985149525838 0.492718374601204 1.97216636129716 0
1258 619.423882612736 619.423882612736 0.492718374601204 1.97216636129716 0
1259 620.864926981389 620.864926981389 0.492718374601204 1.97216636129716 0
1260 622.309858627829 622.309858627829 0.492718374601204 1.97216636129716 0
1261 623.75785813784 623.75785813784 0.492718374601204 1.97216636129716 0
1262 625.208099451602 625.208099451602 0.492718374601204 1.97216636129716 0
1263 626.662169223105 626.662169223105 0.492718374601204 1.97216636129716 0
1264 628.119243380012 628.119243380012 0.492718374601204 1.97216636129716 0
1265 629.578491343574 629.578491343574 0.492718374601204 1.97216636129716 0
1266 631.041510205802 631.041510205802 0.492718374601204 1.97216636129716 0
1267 632.507471336642 632.507471336642 0.492718374601204 1.97216636129716 0
1268 633.975539733947 633.975539733947 0.492718374601204 1.97216636129716 0
1269 635.447322715197 635.447322715197 0.492718374601204 1.97216636129716 0
1270 636.921987188525 636.921987188525 0.492718374601204 1.97216636129716 0
1271 638.399513184884 638.399513184884 0.492718374601204 1.97216636129716 0
1272 639.879059950636 639.879059950636 0.492718374601204 1.97216636129716 0
1273 641.362248113409 641.362248113409 0.492718374601204 1.97216636129716 0
1274 642.848238777436 642.848238777436 0.492718374601204 1.97216636129716 0
1275 644.336186980816 644.336186980816 0.492718374601204 1.97216636129716 0
1276 645.827723094698 645.827723094698 0.492718374601204 1.97216636129716 0
1277 647.322003978643 647.322003978643 0.492718374601204 1.97216636129716 0
1278 648.818180550498 648.818180550498 0.492718374601204 1.97216636129716 0
1279 650.317892726517 650.317892726517 0.492718374601204 1.97216636129716 0
1280 651.820293209988 651.820293209988 0.492718374601204 1.97216636129716 0
1281 653.324528884061 653.324528884061 0.492718374601204 1.97216636129716 0
1282 654.832249015809 654.832249015809 0.492718374601204 1.97216636129716 0
1283 656.342602238451 656.342602238451 0.492718374601204 1.97216636129716 0
1284 657.854731485174 657.854731485174 0.492718374601204 1.97216636129716 0
1285 659.370295182349 659.370295182349 0.492718374601204 1.97216636129716 0
1286 660.888437977179 660.888437977179 0.492718374601204 1.97216636129716 0
1287 662.408298935557 662.408298935557 0.492718374601204 1.97216636129716 0
1288 663.931545455907 663.931545455907 0.492718374601204 1.97216636129716 0
1289 665.457318281922 665.457318281922 0.492718374601204 1.97216636129716 0
1290 666.984752692048 666.984752692048 0.492718374601204 1.97216636129716 0
1291 668.51552487348 668.51552487348 0.492718374601204 1.97216636129716 0
1292 670.048771747688 670.048771747688 0.492718374601204 1.97216636129716 0
1293 671.583624882743 671.583624882743 0.492718374601204 1.97216636129716 0
1294 673.121769075765 673.121769075765 0.492718374601204 1.97216636129716 0
1295 674.662337504517 674.662337504517 0.492718374601204 1.97216636129716 0
1296 676.204458102653 676.204458102653 0.492718374601204 1.97216636129716 0
1297 677.74982410195 677.74982410195 0.492718374601204 1.97216636129716 0
1298 679.297565013337 679.297565013337 0.492718374601204 1.97216636129716 0
1299 680.846805209318 680.846805209318 0.492718374601204 1.97216636129716 0
1300 682.399246185668 682.399246185668 0.492718374601204 1.97216636129716 0
1301 683.95401386066 683.95401386066 0.492718374601204 1.97216636129716 0
1302 685.511092403097 685.511092403097 0.492718374601204 1.97216636129716 0
1303 687.069601551113 687.069601551113 0.492718374601204 1.97216636129716 0
1304 688.631253556568 688.631253556568 0.492718374601204 1.97216636129716 0
1305 690.195169661887 690.195169661887 0.492718374601204 1.97216636129716 0
1306 691.760466209964 691.760466209964 0.492718374601204 1.97216636129716 0
1307 693.328863330878 693.328863330878 0.492718374601204 1.97216636129716 0
1308 694.899478842061 694.899478842061 0.492718374601204 1.97216636129716 0
1309 696.471425759393 696.471425759393 0.492718374601204 1.97216636129716 0
1310 698.046431931849 698.046431931849 0.492718374601204 1.97216636129716 0
1311 699.623611820446 699.623611820446 0.492718374601204 1.97216636129716 0
1312 701.202075181734 701.202075181734 0.492718374601204 1.97216636129716 0
1313 702.783557426375 702.783557426375 0.492718374601204 1.97216636129716 0
1314 704.367169726434 704.367169726434 0.492718374601204 1.97216636129716 0
1315 705.952018644386 705.952018644386 0.492718374601204 1.97216636129716 0
1316 707.53984700047 707.53984700047 0.492718374601204 1.97216636129716 0
1317 709.129762743377 709.129762743377 0.492718374601204 1.97216636129716 0
1318 710.720869304356 710.720869304356 0.492718374601204 1.97216636129716 0
1319 712.314916764487 712.314916764487 0.492718374601204 1.97216636129716 0
1320 713.911009913093 713.911009913093 0.492718374601204 1.97216636129716 0
1321 715.508249112357 715.508249112357 0.492718374601204 1.97216636129716 0
1322 717.108391557938 717.108391557938 0.492718374601204 1.97216636129716 0
1323 718.710538942261 718.710538942261 0.492718374601204 1.97216636129716 0
1324 720.313788619128 720.313788619128 0.492718374601204 1.97216636129716 0
1325 721.9199047566 721.9199047566 0.492718374601204 1.97216636129716 0
1326 723.527986011184 723.527986011184 0.492718374601204 1.97216636129716 0
1327 725.137126786695 725.137126786695 0.492718374601204 1.97216636129716 0
1328 726.749098084603 726.749098084603 0.492718374601204 1.97216636129716 0
1329 728.362995585026 728.362995585026 0.492718374601204 1.97216636129716 0
1330 729.978806512952 729.978806512952 0.492718374601204 1.97216636129716 0
1331 731.595621426288 731.595621426288 0.492718374601204 1.97216636129716 0
1332 733.215220228265 733.215220228265 0.492718374601204 1.97216636129716 0
1333 734.836694719624 734.836694719624 0.492718374601204 1.97216636129716 0
1334 736.459132642178 736.459132642178 0.492718374601204 1.97216636129716 0
1335 738.08432041901 738.08432041901 0.492718374601204 1.97216636129716 0
1336 739.711347007959 739.711347007959 0.492718374601204 1.97216636129716 0
1337 741.339297387458 741.339297387458 0.492718374601204 1.97216636129716 0
1338 742.96996437187 742.96996437187 0.492718374601204 1.97216636129716 0
1339 744.602434131102 744.602434131102 0.492718374601204 1.97216636129716 0
1340 746.235788933356 746.235788933356 0.492718374601204 1.97216636129716 0
1341 747.87182785803 747.87182785803 0.492718374601204 1.97216636129716 0
1342 749.509634340783 749.509634340783 0.492718374601204 1.97216636129716 0
1343 751.14828799177 751.14828799177 0.492718374601204 1.97216636129716 0
1344 752.789594031162 752.789594031162 0.492718374601204 1.97216636129716 0
1345 754.432633213946 754.432633213946 0.492718374601204 1.97216636129716 0
1346 756.076482541477 756.076482541477 0.492718374601204 1.97216636129716 0
1347 757.722953255805 757.722953255805 0.492718374601204 1.97216636129716 0
1348 759.371123481006 759.371123481006 0.492718374601204 1.97216636129716 0
1349 761.020067660588 761.020067660588 0.492718374601204 1.97216636129716 0
1350 762.671602938834 762.671602938834 0.492718374601204 1.97216636129716 0
1351 764.324804860085 764.324804860085 0.492718374601204 1.97216636129716 0
1352 765.978745357779 765.978745357779 0.492718374601204 1.97216636129716 0
1353 767.635247364051 767.635247364051 0.492718374601204 1.97216636129716 0
1354 769.293383891786 769.293383891786 0.492718374601204 1.97216636129716 0
1355 770.952224411002 770.952224411002 0.492718374601204 1.97216636129716 0
1356 772.613597529916 772.613597529916 0.492718374601204 1.97216636129716 0
1357 774.22677920812 774.22677920812 0.492718374601204 1.97216636129716 0
1358 775.731169240659 775.731169240659 0.492718374601204 1.97216636129716 0
1359 777.118910225563 777.118910225563 0.492718374601204 1.97216636129716 0
1360 778.378438406686 778.378438406686 0.492718374601204 1.97216636129716 0
1361 779.501619453883 779.501619453883 0.492718374601204 1.97216636129716 0
1362 780.479180562328 780.479180562328 0.492718374601204 1.97216636129716 0
1363 781.305783169546 781.305783169546 0.492718374601204 1.97216636129716 0
1364 781.975596578115 781.975596578115 0.492718374601204 1.97216636129716 0
1365 782.483603423998 782.483603423998 0.492718374601204 1.97216636129716 0
1366 782.825193069256 782.825193069256 0.492718374601204 1.97216636129716 0
1367 782.999476808828 782.999476808828 0.492718374601204 1.97216636129716 0
1368 783.003964377713 783.003964377713 0.492718374601204 1.97216636129716 0
1369 782.839991233452 782.839991233452 0.492718374601204 1.97216636129716 0
1370 782.507690172459 782.507690172459 0.492718374601204 1.97216636129716 0
1371 782.008933571329 782.008933571329 0.492718374601204 1.97216636129716 0
1372 781.349417128023 781.349417128023 0.492718374601204 1.97216636129716 0
1373 780.531264997831 780.531264997831 0.492718374601204 1.97216636129716 0
1374 779.560776201609 779.560776201609 0.492718374601204 1.97216636129716 0
1375 778.519365778073 778.519365778073 0.492718374601204 1.97216636129716 0
1376 777.480759726127 777.480759726127 0.492718374601204 1.97216636129716 0
1377 776.44642520257 776.44642520257 0.492718374601204 1.97216636129716 0
1378 775.415361726206 775.415361726206 0.492718374601204 1.97216636129716 0
1379 774.388596217976 774.388596217976 0.492718374601204 1.97216636129716 0
1380 773.365135678403 773.365135678403 0.492718374601204 1.97216636129716 0
1381 772.345999613697 772.345999613697 0.492718374601204 1.97216636129716 0
1382 771.330202564379 771.330202564379 0.492718374601204 1.97216636129716 0
1383 770.318756562063 770.318756562063 0.492718374601204 1.97216636129716 0
1384 769.310683740565 769.310683740565 0.492718374601204 1.97216636129716 0
1385 768.306496820221 768.306496820221 0.492718374601204 1.97216636129716 0
1386 767.306700916253 767.306700916253 0.492718374601204 1.97216636129716 0
1387 766.31032966353 766.31032966353 0.492718374601204 1.97216636129716 0
1388 765.318376134291 765.318376134291 0.492718374601204 1.97216636129716 0
1389 764.329881703687 764.329881703687 0.492718374601204 1.97216636129716 0
1390 763.345831751145 763.345831751145 0.492718374601204 1.97216636129716 0
1391 762.365275445191 762.365275445191 0.492718374601204 1.97216636129716 0
1392 761.38919041265 761.38919041265 0.492718374601204 1.97216636129716 0
1393 760.416633675363 760.416633675363 0.492718374601204 1.97216636129716 0
1394 759.448100791511 759.448100791511 0.492718374601204 1.97216636129716 0
1395 758.484079436759 758.484079436759 0.492718374601204 1.97216636129716 0
1396 757.523638523632 757.523638523632 0.492718374601204 1.97216636129716 0
1397 756.567736011141 756.567736011141 0.492718374601204 1.97216636129716 0
1398 755.615448805465 755.615448805465 0.492718374601204 1.97216636129716 0
1399 754.667726890089 754.667726890089 0.492718374601204 1.97216636129716 0
1400 753.723655227837 753.723655227837 0.492718374601204 1.97216636129716 0
1401 752.784175758168 752.784175758168 0.492718374601204 1.97216636129716 0
1402 751.848381556999 751.848381556999 0.492718374601204 1.97216636129716 0
1403 750.917206460007 750.917206460007 0.492718374601204 1.97216636129716 0
1404 749.989751712638 749.989751712638 0.492718374601204 1.97216636129716 0
1405 749.066490989284 749.066490989284 0.492718374601204 1.97216636129716 0
1406 748.147889739941 748.147889739941 0.492718374601204 1.97216636129716 0
1407 747.233061574835 747.233061574835 0.492718374601204 1.97216636129716 0
1408 746.322919783995 746.322919783995 0.492718374601204 1.97216636129716 0
1409 745.41658629345 745.41658629345 0.492718374601204 1.97216636129716 0
1410 744.514966063518 744.514966063518 0.492718374601204 1.97216636129716 0
1411 743.617189390144 743.617189390144 0.492718374601204 1.97216636129716 0
1412 742.724152841152 742.724152841152 0.492718374601204 1.97216636129716 0
1413 741.834995141003 741.834995141003 0.492718374601204 1.97216636129716 0
1414 740.950171301447 740.950171301447 0.492718374601204 1.97216636129716 0
1415 740.070127825359 740.070127825359 0.492718374601204 1.97216636129716 0
1416 739.194016191645 739.194016191645 0.492718374601204 1.97216636129716 0
1417 738.322711697313 738.322711697313 0.492718374601204 1.97216636129716 0
1418 737.455374391471 737.455374391471 0.492718374601204 1.97216636129716 0
1419 736.592870953377 736.592870953377 0.492718374601204 1.97216636129716 0
1420 735.73437006166 735.73437006166 0.492718374601204 1.97216636129716 0
1421 734.880729708178 734.880729708178 0.492718374601204 1.97216636129716 0
1422 734.031127258668 734.031127258668 0.492718374601204 1.97216636129716 0
1423 733.186411956029 733.186411956029 0.492718374601204 1.97216636129716 0
1424 732.345769909431 732.345769909431 0.492718374601204 1.97216636129716 0
1425 731.509632378628 731.509632378628 0.492718374601204 1.97216636129716 0
1426 730.678421774277 730.678421774277 0.492718374601204 1.97216636129716 0
1427 729.851337427599 729.851337427599 0.492718374601204 1.97216636129716 0
1428 729.029206420336 729.029206420336 0.492718374601204 1.97216636129716 0
1429 728.211236970749 728.211236970749 0.492718374601204 1.97216636129716 0
1430 727.398247183862 727.398247183862 0.492718374601204 1.97216636129716 0
1431 726.589454218166 726.589454218166 0.492718374601204 1.97216636129716 0
1432 725.7856671373 725.7856671373 0.492718374601204 1.97216636129716 0
1433 724.986112097611 724.986112097611 0.492718374601204 1.97216636129716 0
1434 724.191200153891 724.191200153891 0.492718374601204 1.97216636129716 0
1435 723.401333225712 723.401333225712 0.492718374601204 1.97216636129716 0
1436 722.615751071729 722.615751071729 0.492718374601204 1.97216636129716 0
1437 721.835239868492 721.835239868492 0.492718374601204 1.97216636129716 0
1438 721.059048510258 721.059048510258 0.492718374601204 1.97216636129716 0
1439 720.287953906488 720.287953906488 0.492718374601204 1.97216636129716 0
1440 719.521214143768 719.521214143768 0.492718374601204 1.97216636129716 0
1441 718.759596801201 718.759596801201 0.492718374601204 1.97216636129716 0
1442 718.002369210758 718.002369210758 0.492718374601204 1.97216636129716 0
1443 717.250289556646 717.250289556646 0.492718374601204 1.97216636129716 0
1444 716.502634472828 716.502634472828 0.492718374601204 1.97216636129716 0
1445 715.759789367433 715.759789367433 0.492718374601204 1.97216636129716 0
1446 715.022130178016 715.022130178016 0.492718374601204 1.97216636129716 0
1447 714.288947592 714.288947592 0.492718374601204 1.97216636129716 0
1448 713.560976025419 713.560976025419 0.492718374601204 1.97216636129716 0
1449 712.837515603967 712.837515603967 0.492718374601204 1.97216636129716 0
1450 712.119291125179 712.119291125179 0.492718374601204 1.97216636129716 0
1451 711.405612205622 711.405612205622 0.492718374601204 1.97216636129716 0
1452 710.697193960369 710.697193960369 0.492718374601204 1.97216636129716 0
1453 709.993355550931 709.993355550931 0.492718374601204 1.97216636129716 0
1454 709.294460631057 709.294460631057 0.492718374601204 1.97216636129716 0
1455 708.600863109064 708.600863109064 0.492718374601204 1.97216636129716 0
1456 707.911896561474 707.911896561474 0.492718374601204 1.97216636129716 0
1457 707.228251625182 707.228251625182 0.492718374601204 1.97216636129716 0
1458 706.549271551148 706.549271551148 0.492718374601204 1.97216636129716 0
1459 705.875637076631 705.875637076631 0.492718374601204 1.97216636129716 0
1460 705.206701179659 705.206701179659 0.492718374601204 1.97216636129716 0
1461 704.543134637395 704.543134637395 0.492718374601204 1.97216636129716 0
1462 703.884300203358 703.884300203358 0.492718374601204 1.97216636129716 0
1463 703.230858633285 703.230858633285 0.492718374601204 1.97216636129716 0
1464 702.582182510807 702.582182510807 0.492718374601204 1.97216636129716 0
1465 701.938607972173 701.938607972173 0.492718374601204 1.97216636129716 0
1466 701.300461082258 701.300461082258 0.492718374601204 1.97216636129716 0
1467 700.667129264816 700.667129264816 0.492718374601204 1.97216636129716 0
1468 700.039247950402 700.039247950402 0.492718374601204 1.97216636129716 0
1469 699.416214515565 699.416214515565 0.492718374601204 1.97216636129716 0
1470 698.798654157246 698.798654157246 0.492718374601204 1.97216636129716 0
1471 698.185974255526 698.185974255526 0.492718374601204 1.97216636129716 0
1472 697.578789712839 697.578789712839 0.492718374601204 1.97216636129716 0
1473 696.976517962182 696.976517962182 0.492718374601204 1.97216636129716 0
1474 696.379471880346 696.379471880346 0.492718374601204 1.97216636129716 0
1475 695.78795401938 695.78795401938 0.492718374601204 1.97216636129716 0
1476 695.201396979642 695.201396979642 0.492718374601204 1.97216636129716 0
1477 694.620389673742 694.620389673742 0.492718374601204 1.97216636129716 0
1478 694.044374873305 694.044374873305 0.492718374601204 1.97216636129716 0
1479 693.473930992913 693.473930992913 0.492718374601204 1.97216636129716 0
1480 692.908511022804 692.908511022804 0.492718374601204 1.97216636129716 0
1481 692.348682823724 692.348682823724 0.492718374601204 1.97216636129716 0
1482 691.793909648069 691.793909648069 0.492718374601204 1.97216636129716 0
1483 691.244748748229 691.244748748229 0.492718374601204 1.97216636129716 0
1484 690.700673685551 690.700673685551 0.492718374601204 1.97216636129716 0
1485 690.161968033641 690.161968033641 0.492718374601204 1.97216636129716 0
1486 689.628904742941 689.628904742941 0.492718374601204 1.97216636129716 0
1487 689.100972924608 689.100972924608 0.492718374601204 1.97216636129716 0
1488 688.57870306081 688.57870306081 0.492718374601204 1.97216636129716 0
1489 688.061594681035 688.061594681035 0.492718374601204 1.97216636129716 0
1490 687.550167467225 687.550167467225 0.492718374601204 1.97216636129716 0
1491 687.043931411594 687.043931411594 0.492718374601204 1.97216636129716 0
1492 686.543395339743 686.543395339743 0.492718374601204 1.97216636129716 0
1493 686.04807974936 686.04807974936 0.492718374601204 1.97216636129716 0
1494 685.558243553148 685.558243553148 0.492718374601204 1.97216636129716 0
1495 685.074134813686 685.074134813686 0.492718374601204 1.97216636129716 0
1496 684.595289864391 684.595289864391 0.492718374601204 1.97216636129716 0
1497 684.122190165667 684.122190165667 0.492718374601204 1.97216636129716 0
1498 683.654382659817 683.654382659817 0.492718374601204 1.97216636129716 0
1499 683.192337770314 683.192337770314 0.492718374601204 1.97216636129716 0
1500 682.735613088458 682.735613088458 0.492718374601204 1.97216636129716 0
1501 682.284667952963 682.284667952963 0.492718374601204 1.97216636129716 0
1502 681.839070641441 681.839070641441 0.492718374601204 1.97216636129716 0
1503 681.399269359124 681.399269359124 0.492718374601204 1.97216636129716 0
1504 680.964843109084 680.964843109084 0.492718374601204 1.97216636129716 0
1505 680.536019877789 680.536019877789 0.492718374601204 1.97216636129716 0
1506 680.113016544007 680.113016544007 0.492718374601204 1.97216636129716 0
1507 679.695428270201 679.695428270201 0.492718374601204 1.97216636129716 0
1508 679.283675219111 679.283675219111 0.492718374601204 1.97216636129716 0
1509 678.877363369567 678.877363369567 0.492718374601204 1.97216636129716 0
1510 678.476901588888 678.476901588888 0.492718374601204 1.97216636129716 0
1511 678.081906707988 678.081906707988 0.492718374601204 1.97216636129716 0
1512 677.692776252167 677.692776252167 0.492718374601204 1.97216636129716 0
1513 677.309137940543 677.309137940543 0.492718374601204 1.97216636129716 0
1514 676.931193862568 676.931193862568 0.492718374601204 1.97216636129716 0
1515 676.559134810352 676.559134810352 0.492718374601204 1.97216636129716 0
1516 676.192604898524 676.192604898524 0.492718374601204 1.97216636129716 0
1517 675.831973109306 675.831973109306 0.492718374601204 1.97216636129716 0
1518 675.476894526788 675.476894526788 0.492718374601204 1.97216636129716 0
1519 675.127726643293 675.127726643293 0.492718374601204 1.97216636129716 0
1520 674.784135545276 674.784135545276 0.492718374601204 1.97216636129716 0
1521 674.446467195509 674.446467195509 0.492718374601204 1.97216636129716 0
1522 674.114398712958 674.114398712958 0.492718374601204 1.97216636129716 0
1523 673.78810580474 673.78810580474 0.492718374601204 1.97216636129716 0
1524 673.467752713048 673.467752713048 0.492718374601204 1.97216636129716 0
1525 673.153033161864 673.153033161864 0.492718374601204 1.97216636129716 0
1526 672.844264121429 672.844264121429 0.492718374601204 1.97216636129716 0
1527 672.541150421341 672.541150421341 0.492718374601204 1.97216636129716 0
1528 672.243997371741 672.243997371741 0.492718374601204 1.97216636129716 0
1529 671.95252093402 671.95252093402 0.492718374601204 1.97216636129716 0
1530 671.667014723477 671.667014723477 0.492718374601204 1.97216636129716 0
1531 671.38720586027 671.38720586027 0.492718374601204 1.97216636129716 0
1532 671.113376231613 671.113376231613 0.492718374601204 1.97216636129716 0
1533 670.845264141156 670.845264141156 0.492718374601204 1.97216636129716 0
1534 670.583012472869 670.583012472869 0.492718374601204 1.97216636129716 0
1535 670.326752466902 670.326752466902 0.492718374601204 1.97216636129716 0
1536 670.076239250197 670.076239250197 0.492718374601204 1.97216636129716 0
1537 669.831725248248 669.831725248248 0.492718374601204 1.97216636129716 0
1538 669.592976831456 669.592976831456 0.492718374601204 1.97216636129716 0
1539 669.360234589345 669.360234589345 0.492718374601204 1.97216636129716 0
1540 669.133276157133 669.133276157133 0.492718374601204 1.97216636129716 0
1541 668.912330260251 668.912330260251 0.492718374601204 1.97216636129716 0
1542 668.697185820279 668.697185820279 0.492718374601204 1.97216636129716 0
1543 668.487958460317 668.487958460317 0.492718374601204 1.97216636129716 0
1544 668.284752041518 668.284752041518 0.492718374601204 1.97216636129716 0
1545 668.087372453492 668.087372453492 0.492718374601204 1.97216636129716 0
1546 667.896018645497 667.896018645497 0.492718374601204 1.97216636129716 0
1547 667.710507841228 667.710507841228 0.492718374601204 1.97216636129716 0
1548 667.531027037973 667.531027037973 0.492718374601204 1.97216636129716 0
1549 667.357404810757 667.357404810757 0.492718374601204 1.97216636129716 0
1550 667.189816183008 667.189816183008 0.492718374601204 1.97216636129716 0
1551 667.028101097692 667.028101097692 0.492718374601204 1.97216636129716 0
1552 666.87242258368 666.87242258368 0.492718374601204 1.97216636129716 0
1553 666.722631966511 666.722631966511 0.492718374601204 1.97216636129716 0
1554 666.578811156681 666.578811156681 0.492718374601204 1.97216636129716 0
1555 666.441030191865 666.441030191865 0.492718374601204 1.97216636129716 0
1556 666.309157499872 666.309157499872 0.492718374601204 1.97216636129716 0
1557 666.183326040325 666.183326040325 0.492718374601204 1.97216636129716 0
1558 666.063415657508 666.063415657508 0.492718374601204 1.97216636129716 0
1559 665.949547255223 665.949547255223 0.492718374601204 1.97216636129716 0
1560 665.841612105199 665.841612105199 0.492718374601204 1.97216636129716 0
1561 665.73971904099 665.73971904099 0.492718374601204 1.97216636129716 0
1562 665.643770772827 665.643770772827 0.492718374601204 1.97216636129716 0
1563 665.553821385829 665.553821385829 0.492718374601204 1.97216636129716 0
1564 665.469913031863 665.469913031863 0.492718374601204 1.97216636129716 0
1565 665.391965597334 665.391965597334 0.492718374601204 1.97216636129716 0
1566 665.320057684193 665.320057684193 0.492718374601204 1.97216636129716 0
1567 665.166706400667 665.166706400667 0.492718374601204 1.97216636129716 0
1568 664.845828907574 664.845828907574 0.492718374601204 1.97216636129716 0
1569 664.3609813324 664.3609813324 0.492718374601204 1.97216636129716 0
1570 663.713334052308 663.713334052308 0.492718374601204 1.97216636129716 0
1571 662.90935693495 662.90935693495 0.492718374601204 1.97216636129716 0
1572 661.953280968967 661.953280968967 0.492718374601204 1.97216636129716 0
1573 660.8513468926 660.8513468926 0.492718374601204 1.97216636129716 0
1574 659.613015518521 659.613015518521 0.492718374601204 1.97216636129716 0
1575 658.24548395347 658.24548395347 0.492718374601204 1.97216636129716 0
1576 656.759174506153 656.759174506153 0.492718374601204 1.97216636129716 0
1577 655.163391840992 655.163391840992 0.492718374601204 1.97216636129716 0
1578 653.470755719888 653.470755719888 0.492718374601204 1.97216636129716 0
1579 651.692793203344 651.692793203344 0.492718374601204 1.97216636129716 0
1580 649.843298067626 649.843298067626 0.492718374601204 1.97216636129716 0
1581 647.935027855853 647.935027855853 0.492718374601204 1.97216636129716 0
1582 645.981946393288 645.981946393288 0.492718374601204 1.97216636129716 0
1583 643.99923223158 643.99923223158 0.492718374601204 1.97216636129716 0
1584 641.999977637712 641.999977637712 0.492718374601204 1.97216636129716 0
1585 639.999620922984 639.999620922984 0.492718374601204 1.97216636129716 0
1586 638.00037243326 638.00037243326 0.492718374601204 1.97216636129716 0
1587 636.00001570762 636.00001570762 0.492718374601204 1.97216636129716 0
1588 633.999658977051 633.999658977051 0.492718374601204 1.97216636129716 0
1589 632.000410471494 632.000410471494 0.492718374601204 1.97216636129716 0
1590 630.000053730012 630.000053730012 0.492718374601204 1.97216636129716 0
1591 627.999696983248 627.999696983248 0.492718374601204 1.97216636129716 0
1592 626.00044846221 626.00044846221 0.492718374601204 1.97216636129716 0
1593 624.000091704885 624.000091704885 0.492718374601204 1.97216636129716 0
1594 621.99973494228 621.99973494228 0.492718374601204 1.97216636129716 0
1595 620.000486405408 620.000486405408 0.492718374601204 1.97216636129716 0
1596 618.000129632242 618.000129632242 0.492718374601204 1.97216636129716 0
1597 615.999772853442 615.999772853442 0.492718374601204 1.97216636129716 0
1598 614.00052430109 614.00052430109 0.492718374601204 1.97216636129716 0
1599 612.000167511729 612.000167511729 0.492718374601204 1.97216636129716 0
1600 609.999810717439 609.999810717439 0.492718374601204 1.97216636129716 0
1601 607.999453918219 607.999453918219 0.492718374601204 1.97216636129716 0
1602 606.00020534405 606.00020534405 0.492718374601204 1.97216636129716 0
1603 603.999848533918 603.999848533918 0.492718374601204 1.97216636129716 0
1604 601.999491718857 601.999491718857 0.492718374601204 1.97216636129716 0
1605 600.000243128854 600.000243128854 0.492718374601204 1.97216636129716 0
1606 597.99988630288 597.99988630288 0.492718374601204 1.97216636129716 0
1607 595.999529471271 595.999529471271 0.492718374601204 1.97216636129716 0
1608 594.00028086614 594.00028086614 0.492718374601204 1.97216636129716 0
1609 591.999924024324 591.999924024324 0.492718374601204 1.97216636129716 0
1610 589.999567176873 589.999567176873 0.492718374601204 1.97216636129716 0
1611 588.000318555557 588.000318555557 0.492718374601204 1.97216636129716 0
1612 585.99996169825 585.99996169825 0.492718374601204 1.97216636129716 0
1613 583.999604834957 583.999604834957 0.492718374601204 1.97216636129716 0
1614 582.000356197807 582.000356197807 0.492718374601204 1.97216636129716 0
1615 579.999999324659 579.999999324659 0.492718374601204 1.97216636129716 0
1616 577.999642445524 577.999642445524 0.492718374601204 1.97216636129716 0
1617 576.00039379254 576.00039379254 0.492718374601204 1.97216636129716 0
1618 574.00003690355 574.00003690355 0.492718374601204 1.97216636129716 0
1619 571.999680008573 571.999680008573 0.492718374601204 1.97216636129716 0
1620 570.000431339756 570.000431339756 0.492718374601204 1.97216636129716 0
1621 568.000074434218 568.000074434218 0.492718374601204 1.97216636129716 0
1622 565.999717524103 565.999717524103 0.492718374601204 1.97216636129716 0
1623 564.000468839453 564.000468839453 0.492718374601204 1.97216636129716 0
1624 562.000111918073 562.000111918073 0.492718374601204 1.97216636129716 0
1625 559.999754992116 559.999754992116 0.492718374601204 1.97216636129716 0
1626 558.000506291632 558.000506291632 0.492718374601204 1.97216636129716 0
1627 556.00014935441 556.00014935441 0.492718374601204 1.97216636129716 0
1628 553.999792412611 553.999792412611 0.492718374601204 1.97216636129716 0
1629 552.000543695941 552.000543695941 0.492718374601204 1.97216636129716 0
1630 550.000186743228 550.000186743228 0.492718374601204 1.97216636129716 0
1631 547.999829785587 547.999829785587 0.492718374601204 1.97216636129716 0
1632 545.999472821959 545.999472821959 0.492718374601204 1.97216636129716 0
1633 544.000224084529 544.000224084529 0.492718374601204 1.97216636129716 0
1634 541.999867110693 541.999867110693 0.492718374601204 1.97216636129716 0
1635 539.999510131575 539.999510131575 0.492718374601204 1.97216636129716 0
1636 538.000261378312 538.000261378312 0.492718374601204 1.97216636129716 0
1637 535.999904388633 535.999904388633 0.492718374601204 1.97216636129716 0
1638 533.999547393673 533.999547393673 0.492718374601204 1.97216636129716 0
1639 532.000298624576 532.000298624576 0.492718374601204 1.97216636129716 0
1640 529.999941618703 529.999941618703 0.492718374601204 1.97216636129716 0
1641 527.999584608253 527.999584608253 0.492718374601204 1.97216636129716 0
1642 526.000335823322 526.000335823322 0.492718374601204 1.97216636129716 0
1643 523.999978801606 523.999978801606 0.492718374601204 1.97216636129716 0
1644 521.999621774961 521.999621774961 0.492718374601204 1.97216636129716 0
1645 520.00037297455 520.00037297455 0.492718374601204 1.97216636129716 0
1646 518.000015936992 518.000015936992 0.492718374601204 1.97216636129716 0
1647 515.999658894504 515.999658894504 0.492718374601204 1.97216636129716 0
1648 514.000410077554 514.000410077554 0.492718374601204 1.97216636129716 0
1649 512.000053024858 512.000053024858 0.492718374601204 1.97216636129716 0
1650 509.999695966528 509.999695966528 0.492718374601204 1.97216636129716 0
1651 508.000447133745 508.000447133745 0.492718374601204 1.97216636129716 0
1652 506.000090065206 506.000090065206 0.492718374601204 1.97216636129716 0
1653 503.999732991034 503.999732991034 0.492718374601204 1.97216636129716 0
1654 502.000484142417 502.000484142417 0.492718374601204 1.97216636129716 0
1655 500.000127058036 500.000127058036 0.492718374601204 1.97216636129716 0
1656 497.999769968021 497.999769968021 0.492718374601204 1.97216636129716 0
1657 496.00052110357 496.00052110357 0.492718374601204 1.97216636129716 0
1658 494.000164002995 494.000164002995 0.492718374601204 1.97216636129716 0
1659 491.99980689749 491.99980689749 0.492718374601204 1.97216636129716 0
1660 489.999449785998 489.999449785998 0.492718374601204 1.97216636129716 0
1661 488.000200900787 488.000200900787 0.492718374601204 1.97216636129716 0
1662 485.999843779087 485.999843779087 0.492718374601204 1.97216636129716 0
1663 483.999486652106 483.999486652106 0.492718374601204 1.97216636129716 0
1664 482.000237751061 482.000237751061 0.492718374601204 1.97216636129716 0
1665 479.999880613518 479.999880613518 0.492718374601204 1.97216636129716 0
1666 477.999523470694 477.999523470694 0.492718374601204 1.97216636129716 0
1667 476.000274553815 476.000274553815 0.492718374601204 1.97216636129716 0
1668 473.999917400431 473.999917400431 0.492718374601204 1.97216636129716 0
1669 471.999560241764 471.999560241764 0.492718374601204 1.97216636129716 0
1670 470.000311308699 470.000311308699 0.492718374601204 1.97216636129716 0
1671 467.999954139472 467.999954139472 0.492718374601204 1.97216636129716 0
1672 465.999596965315 465.999596965315 0.492718374601204 1.97216636129716 0
1673 464.000348016416 464.000348016416 0.492718374601204 1.97216636129716 0
1674 461.999990831346 461.999990831346 0.492718374601204 1.97216636129716 0
1675 459.999633641347 459.999633641347 0.492718374601204 1.97216636129716 0
1676 458.000384676614 458.000384676614 0.492718374601204 1.97216636129716 0
1677 456.000027475701 456.000027475701 0.492718374601204 1.97216636129716 0
1678 453.99967026986 453.99967026986 0.492718374601204 1.97216636129716 0
1679 452.000421289293 452.000421289293 0.492718374601204 1.97216636129716 0
1680 450.000064072538 450.000064072538 0.492718374601204 1.97216636129716 0
1681 447.999706850148 447.999706850148 0.492718374601204 1.97216636129716 0
1682 446.000457854453 446.000457854453 0.492718374601204 1.97216636129716 0
1683 444.000100621855 444.000100621855 0.492718374601204 1.97216636129716 0
1684 441.999743383623 441.999743383623 0.492718374601204 1.97216636129716 0
1685 440.000494371741 440.000494371741 0.492718374601204 1.97216636129716 0
1686 438.000137123653 438.000137123653 0.492718374601204 1.97216636129716 0
1687 435.999779869578 435.999779869578 0.492718374601204 1.97216636129716 0
1688 434.000530841863 434.000530841863 0.492718374601204 1.97216636129716 0
1689 432.000173577932 432.000173577932 0.492718374601204 1.97216636129716 0
1690 429.999816308015 429.999816308015 0.492718374601204 1.97216636129716 0
1691 427.999459033168 427.999459033168 0.492718374601204 1.97216636129716 0
1692 426.000209984339 426.000209984339 0.492718374601204 1.97216636129716 0
1693 423.999852698932 423.999852698932 0.492718374601204 1.97216636129716 0
1694 421.999495408242 421.999495408242 0.492718374601204 1.97216636129716 0
1695 420.000246343227 420.000246343227 0.492718374601204 1.97216636129716 0
1696 417.999889042329 417.999889042329 0.492718374601204 1.97216636129716 0
1697 415.999531735797 415.999531735797 0.492718374601204 1.97216636129716 0
1698 414.000282654948 414.000282654948 0.492718374601204 1.97216636129716 0
1699 411.999925338207 411.999925338207 0.492718374601204 1.97216636129716 0
1700 409.999568015832 409.999568015832 0.492718374601204 1.97216636129716 0
1701 408.000318919149 408.000318919149 0.492718374601204 1.97216636129716 0
1702 405.999961586566 405.999961586566 0.492718374601204 1.97216636129716 0
1703 403.999604247996 403.999604247996 0.492718374601204 1.97216636129716 0
1704 402.000355135831 402.000355135831 0.492718374601204 1.97216636129716 0
1705 399.999997787053 399.999997787053 0.492718374601204 1.97216636129716 0
1706 397.999640432992 397.999640432992 0.492718374601204 1.97216636129716 0
1707 396.000391304994 396.000391304994 0.492718374601204 1.97216636129716 0
1708 394.000033940372 394.000033940372 0.492718374601204 1.97216636129716 0
1709 391.999676570469 391.999676570469 0.492718374601204 1.97216636129716 0
1710 390.000427426636 390.000427426636 0.492718374601204 1.97216636129716 0
1711 388.000070045819 388.000070045819 0.492718374601204 1.97216636129716 0
1712 385.999712660426 385.999712660426 0.492718374601204 1.97216636129716 0
1713 384.000463500759 384.000463500759 0.492718374601204 1.97216636129716 0
1714 382.0001061041 382.0001061041 0.492718374601204 1.97216636129716 0
1715 379.999748702863 379.999748702863 0.492718374601204 1.97216636129716 0
1716 378.000499527363 378.000499527363 0.492718374601204 1.97216636129716 0
1717 376.00014211486 376.00014211486 0.492718374601204 1.97216636129716 0
1718 373.999784697428 373.999784697428 0.492718374601204 1.97216636129716 0
1719 372.000535506446 372.000535506446 0.492718374601204 1.97216636129716 0
1720 370.000178078101 370.000178078101 0.492718374601204 1.97216636129716 0
1721 367.999820644826 367.999820644826 0.492718374601204 1.97216636129716 0
1722 365.999463206622 365.999463206622 0.492718374601204 1.97216636129716 0
1723 364.000213993822 364.000213993822 0.492718374601204 1.97216636129716 0
1724 361.999856544704 361.999856544704 0.492718374601204 1.97216636129716 0
1725 359.999499090304 359.999499090304 0.492718374601204 1.97216636129716 0
1726 358.000249862022 358.000249862022 0.492718374601204 1.97216636129716 0
1727 355.999892397062 355.999892397062 0.492718374601204 1.97216636129716 0
1728 353.999534926467 353.999534926467 0.492718374601204 1.97216636129716 0
1729 352.000285682703 352.000285682703 0.492718374601204 1.97216636129716 0
1730 349.9999282019 349.9999282019 0.492718374601204 1.97216636129716 0
1731 347.999570715462 347.999570715462 0.492718374601204 1.97216636129716 0
1732 346.000321455512 346.000321455512 0.492718374601204 1.97216636129716 0
1733 343.999963958865 343.999963958865 0.492718374601204 1.97216636129716 0
1734 341.999606456937 341.999606456937 0.492718374601204 1.97216636129716 0
1735 340.000357181153 340.000357181153 0.492718374601204 1.97216636129716 0
1736 337.999999668663 337.999999668663 0.492718374601204 1.97216636129716 0
1737 335.999642150892 335.999642150892 0.492718374601204 1.97216636129716 0
1738 334.000392859273 334.000392859273 0.492718374601204 1.97216636129716 0
1739 332.000035330941 332.000035330941 0.492718374601204 1.97216636129716 0
1740 329.999677797327 329.999677797327 0.492718374601204 1.97216636129716 0
1741 328.000428489521 328.000428489521 0.492718374601204 1.97216636129716 0
1742 326.000070945346 326.000070945346 0.492718374601204 1.97216636129716 0
1743 323.999713396241 323.999713396241 0.492718374601204 1.97216636129716 0
1744 322.000464072602 322.000464072602 0.492718374601204 1.97216636129716 0
1745 320.000106512583 320.000106512583 0.492718374601204 1.97216636129716 0
1746 317.999748947635 317.999748947635 0.492718374601204 1.97216636129716 0
1747 316.000499608162 316.000499608162 0.492718374601204 1.97216636129716 0
1748 314.0001420323 314.0001420323 0.492718374601204 1.97216636129716 0
1749 311.999784451509 311.999784451509 0.492718374601204 1.97216636129716 0
1750 310.000535096201 310.000535096201 0.492718374601204 1.97216636129716 0
1751 308.000177504497 308.000177504497 0.492718374601204 1.97216636129716 0
1752 305.999819907863 305.999819907863 0.492718374601204 1.97216636129716 0
1753 303.999462305242 303.999462305242 0.492718374601204 1.97216636129716 0
1754 302.000212929173 302.000212929173 0.492718374601204 1.97216636129716 0
1755 299.999855315991 299.999855315991 0.492718374601204 1.97216636129716 0
1756 297.999497698232 297.999497698232 0.492718374601204 1.97216636129716 0
1757 296.000248306329 296.000248306329 0.492718374601204 1.97216636129716 0
1758 293.999890677304 293.999890677304 0.492718374601204 1.97216636129716 0
1759 291.999533043702 291.999533043702 0.492718374601204 1.97216636129716 0
1760 290.000283635964 290.000283635964 0.492718374601204 1.97216636129716 0
1761 287.999925991096 287.999925991096 0.492718374601204 1.97216636129716 0
1762 285.999568341651 285.999568341651 0.492718374601204 1.97216636129716 0
1763 284.000318918079 284.000318918079 0.492718374601204 1.97216636129716 0
1764 281.999961257367 281.999961257367 0.492718374601204 1.97216636129716 0
1765 279.999603591727 279.999603591727 0.492718374601204 1.97216636129716 0
1766 278.00035415232 278.00035415232 0.492718374601204 1.97216636129716 0
1767 275.999996476118 275.999996476118 0.492718374601204 1.97216636129716 0
1768 273.999638794635 273.999638794635 0.492718374601204 1.97216636129716 0
1769 272.000389339042 272.000389339042 0.492718374601204 1.97216636129716 0
1770 270.000031647349 270.000031647349 0.492718374601204 1.97216636129716 0
1771 267.999673950022 267.999673950022 0.492718374601204 1.97216636129716 0
1772 266.000424478594 266.000424478594 0.492718374601204 1.97216636129716 0
1773 264.000066771059 264.000066771059 0.492718374601204 1.97216636129716 0
1774 261.999709057888 261.999709057888 0.492718374601204 1.97216636129716 0
1775 260.000459570627 260.000459570627 0.492718374601204 1.97216636129716 0
1776 258.000101847248 258.000101847248 0.492718374601204 1.97216636129716 0
1777 256.001975290031 256.001975290031 0.492718374601204 1.97216636129716 0
1778 254.020680979252 254.020680979252 0.492718374601204 1.97216636129716 0
1779 252.068948066737 252.068948066737 0.492718374601204 1.97216636129716 0
1780 250.1642923309 250.1642923309 0.492718374601204 1.97216636129716 0
1781 248.322332800452 248.322332800452 0.492718374601204 1.97216636129716 0
1782 246.559002326666 246.559002326666 0.492718374601204 1.97216636129716 0
1783 244.888241528085 244.888241528085 0.492718374601204 1.97216636129716 0
1784 243.325263426146 243.325263426146 0.492718374601204 1.97216636129716 0
1785 241.884283243487 241.884283243487 0.492718374601204 1.97216636129716 0
1786 240.579531846161 240.579531846161 0.492718374601204 1.97216636129716 0
1787 239.421837445903 239.421837445903 0.492718374601204 1.97216636129716 0
1788 238.422860057938 238.422860057938 0.492718374601204 1.97216636129716 0
1789 237.591861255254 237.591861255254 0.492718374601204 1.97216636129716 0
1790 236.937735739825 236.937735739825 0.492718374601204 1.97216636129716 0
1791 236.466558798469 236.466558798469 0.492718374601204 1.97216636129716 0
1792 236.182993167724 236.182993167724 0.492718374601204 1.97216636129716 0
1793 236.088660515844 236.088660515844 0.492718374601204 1.97216636129716 0
1794 236.18703761664 236.18703761664 0.492718374601204 1.97216636129716 0
1795 236.388474384752 236.388474384752 0.492718374601204 1.97216636129716 0
1796 236.607753226395 236.607753226395 0.492718374601204 1.97216636129716 0
1797 236.84360477856 236.84360477856 0.492718374601204 1.97216636129716 0
1798 237.096210789593 237.096210789593 0.492718374601204 1.97216636129716 0
1799 237.365270285872 237.365270285872 0.492718374601204 1.97216636129716 0
1800 237.650991088612 237.650991088612 0.492718374601204 1.97216636129716 0
1801 237.95318562081 237.95318562081 0.492718374601204 1.97216636129716 0
1802 238.271630856306 238.271630856306 0.492718374601204 1.97216636129716 0
1803 238.606573743967 238.606573743967 0.492718374601204 1.97216636129716 0
1804 238.957793241916 238.957793241916 0.492718374601204 1.97216636129716 0
1805 239.325033441162 239.325033441162 0.492718374601204 1.97216636129716 0
1806 239.708580426164 239.708580426164 0.492718374601204 1.97216636129716 0
1807 240.107980583987 240.107980583987 0.492718374601204 1.97216636129716 0
1808 240.52354608176 240.52354608176 0.492718374601204 1.97216636129716 0
1809 240.955002134395 240.955002134395 0.492718374601204 1.97216636129716 0
1810 241.402040215888 241.402040215888 0.492718374601204 1.97216636129716 0
1811 241.865011598528 241.865011598528 0.492718374601204 1.97216636129716 0
1812 242.343610612427 242.343610612427 0.492718374601204 1.97216636129716 0
1813 242.837498603911 242.837498603911 0.492718374601204 1.97216636129716 0
1814 243.347065893098 243.347065893098 0.492718374601204 1.97216636129716 0
1815 243.871715727399 243.871715727399 0.492718374601204 1.97216636129716 0
1816 244.411864408669 244.411864408669 0.492718374601204 1.97216636129716 0
1817 244.967157287546 244.967157287546 0.492718374601204 1.97216636129716 0
1818 245.537208095829 245.537208095829 0.492718374601204 1.97216636129716 0
1819 246.122472006571 246.122472006571 0.492718374601204 1.97216636129716 0
1820 246.7225665561 246.7225665561 0.492718374601204 1.97216636129716 0
1821 247.337078527932 247.337078527932 0.492718374601204 1.97216636129716 0
1822 247.96650180471 247.96650180471 0.492718374601204 1.97216636129716 0
1823 248.61010782606 248.61010782606 0.492718374601204 1.97216636129716 0
1824 249.268416164847 249.268416164847 0.492718374601204 1.97216636129716 0
1825 249.941000708689 249.941000708689 0.492718374601204 1.97216636129716 0
1826 250.627406099196 250.627406099196 0.492718374601204 1.97216636129716 0
1827 251.328190236331 251.328190236331 0.492718374601204 1.97216636129716 0
1828 252.042902461114 252.042902461114 0.492718374601204 1.97216636129716 0
1829 252.771063791938 252.771063791938 0.492718374601204 1.97216636129716 0
1830 253.513270155915 253.513270155915 0.492718374601204 1.97216636129716 0
1831 254.268673423168 254.268673423168 0.492718374601204 1.97216636129716 0
1832 255.037894675622 255.037894675622 0.492718374601204 1.97216636129716 0
1833 255.820445059837 255.820445059837 0.492718374601204 1.97216636129716 0
1834 256.615808956881 256.615808956881 0.492718374601204 1.97216636129716 0
1835 257.42464485349 257.42464485349 0.492718374601204 1.97216636129716 0
1836 258.246036180963 258.246036180963 0.492718374601204 1.97216636129716 0
1837 259.080666117401 259.080666117401 0.492718374601204 1.97216636129716 0
1838 259.928010924435 259.928010924435 0.492718374601204 1.97216636129716 0
1839 260.787521643774 260.787521643774 0.492718374601204 1.97216636129716 0
1840 261.659918086743 261.659918086743 0.492718374601204 1.97216636129716 0
1841 262.544657107314 262.544657107314 0.492718374601204 1.97216636129716 0
1842 263.441171258967 263.441171258967 0.492718374601204 1.97216636129716 0
1843 264.350216451687 264.350216451687 0.492718374601204 1.97216636129716 0
1844 265.270776388873 265.270776388873 0.492718374601204 1.97216636129716 0
1845 266.203630725318 266.203630725318 0.492718374601204 1.97216636129716 0
1846 267.148206376533 267.148206376533 0.492718374601204 1.97216636129716 0
1847 268.103907459658 268.103907459658 0.492718374601204 1.97216636129716 0
1848 269.071548729381 269.071548729381 0.492718374601204 1.97216636129716 0
1849 270.050540510872 270.050540510872 0.492718374601204 1.97216636129716 0
1850 271.040271199479 271.040271199479 0.492718374601204 1.97216636129716 0
1851 272.041589996447 272.041589996447 0.492718374601204 1.97216636129716 0
1852 273.05339221291 273.05339221291 0.492718374601204 1.97216636129716 0
1853 274.076549627753 274.076549627753 0.492718374601204 1.97216636129716 0
1854 275.110447033217 275.110447033217 0.492718374601204 1.97216636129716 0
1855 276.154448696896 276.154448696896 0.492718374601204 1.97216636129716 0
1856 277.209459664938 277.209459664938 0.492718374601204 1.97216636129716 0
1857 278.274850595757 278.274850595757 0.492718374601204 1.97216636129716 0
1858 279.349972434419 279.349972434419 0.492718374601204 1.97216636129716 0
1859 280.435762745742 280.435762745742 0.492718374601204 1.97216636129716 0
1860 281.531038752281 281.531038752281 0.492718374601204 1.97216636129716 0
1861 282.636759269406 282.636759269406 0.492718374601204 1.97216636129716 0
1862 283.752273213416 283.752273213416 0.492718374601204 1.97216636129716 0
1863 284.876911076816 284.876911076816 0.492718374601204 1.97216636129716 0
1864 286.01166288991 286.01166288991 0.492718374601204 1.97216636129716 0
1865 287.155865529389 287.155865529389 0.492718374601204 1.97216636129716 0
1866 288.30883818494 288.30883818494 0.492718374601204 1.97216636129716 0
1867 289.471601294068 289.471601294068 0.492718374601204 1.97216636129716 0
1868 290.642903153174 290.642903153174 0.492718374601204 1.97216636129716 0
1869 291.823784010834 291.823784010834 0.492718374601204 1.97216636129716 0
1870 293.013562193943 293.013562193943 0.492718374601204 1.97216636129716 0
1871 294.211539514412 294.211539514412 0.492718374601204 1.97216636129716 0
1872 295.418785253786 295.418785253786 0.492718374601204 1.97216636129716 0
1873 296.634607440545 296.634607440545 0.492718374601204 1.97216636129716 0
1874 297.85829825942 297.85829825942 0.492718374601204 1.97216636129716 0
1875 299.090955186461 299.090955186461 0.492718374601204 1.97216636129716 0
1876 300.331265629223 300.331265629223 0.492718374601204 1.97216636129716 0
1877 301.580345393483 301.580345393483 0.492718374601204 1.97216636129716 0
1878 302.837486608603 302.837486608603 0.492718374601204 1.97216636129716 0
1879 304.101966604507 304.101966604507 0.492718374601204 1.97216636129716 0
1880 305.374927984162 305.374927984162 0.492718374601204 1.97216636129716 0
1881 306.655654022587 306.655654022587 0.492718374601204 1.97216636129716 0
1882 307.943413792337 307.943413792337 0.492718374601204 1.97216636129716 0
1883 309.239375860482 309.239375860482 0.492718374601204 1.97216636129716 0
1884 310.542173730314 310.542173730314 0.492718374601204 1.97216636129716 0
1885 311.852992821103 311.852992821103 0.492718374601204 1.97216636129716 0
1886 313.171102675328 313.171102675328 0.492718374601204 1.97216636129716 0
1887 314.495759575047 314.495759575047 0.492718374601204 1.97216636129716 0
1888 315.828173523823 315.828173523823 0.492718374601204 1.97216636129716 0
1889 317.167606396446 317.167606396446 0.492718374601204 1.97216636129716 0
1890 318.51330732607 318.51330732607 0.492718374601204 1.97216636129716 0
1891 319.866510094291 319.866510094291 0.492718374601204 1.97216636129716 0
1892 321.225800343765 321.225800343765 0.492718374601204 1.97216636129716 0
1893 322.592427257544 322.592427257544 0.492718374601204 1.97216636129716 0
1894 323.965640763678 323.965640763678 0.492718374601204 1.97216636129716 0
1895 325.344678884096 325.344678884096 0.492718374601204 1.97216636129716 0
1896 326.730813257859 326.730813257859 0.492718374601204 1.97216636129716 0
1897 328.123287102654 328.123287102654 0.492718374601204 1.97216636129716 0
1898 329.52133220561 329.52133220561 0.492718374601204 1.97216636129716 0
1899 330.926241883832 330.926241883832 0.492718374601204 1.97216636129716 0
1900 332.33655913302 332.33655913302 0.492718374601204 1.97216636129716 0
1901 333.753591301267 333.753591301267 0.492718374601204 1.97216636129716 0
1902 335.176571124395 335.176571124395 0.492718374601204 1.97216636129716 0
1903 336.604720639002 336.604720639002 0.492718374601204 1.97216636129716 0
1904 338.039367620679 338.039367620679 0.492718374601204 1.97216636129716 0
1905 339.479738895272 339.479738895272 0.492718374601204 1.97216636129716 0
1906 340.925051006079 340.925051006079 0.492718374601204 1.97216636129716 0
1907 342.376651430036 342.376651430036 0.492718374601204 1.97216636129716 0
1908 343.833045032669 343.833045032669 0.492718374601204 1.97216636129716 0
1909 345.295592034861 345.295592034861 0.492718374601204 1.97216636129716 0
1910 346.763509981128 346.763509981128 0.492718374601204 1.97216636129716 0
1911 348.236006787286 348.236006787286 0.492718374601204 1.97216636129716 0
1912 349.714461212975 349.714461212975 0.492718374601204 1.97216636129716 0
1913 351.198085548041 351.198085548041 0.492718374601204 1.97216636129716 0
1914 352.686082824468 352.686082824468 0.492718374601204 1.97216636129716 0
1915 354.179849667514 354.179849667514 0.492718374601204 1.97216636129716 0
1916 355.677856727308 355.677856727308 0.492718374601204 1.97216636129716 0
1917 357.181512175361 357.181512175361 0.492718374601204 1.97216636129716 0
1918 358.690020028974 358.690020028974 0.492718374601204 1.97216636129716 0
1919 360.202575616506 360.202575616506 0.492718374601204 1.97216636129716 0
1920 361.720603905712 361.720603905712 0.492718374601204 1.97216636129716 0
1921 363.243304209652 363.243304209652 0.492718374601204 1.97216636129716 0
1922 364.76986748027 364.76986748027 0.492718374601204 1.97216636129716 0
1923 366.301734868286 366.301734868286 0.492718374601204 1.97216636129716 0
1924 367.837346207195 367.837346207195 0.492718374601204 1.97216636129716 0
1925 369.378153105072 369.378153105072 0.492718374601204 1.97216636129716 0
1926 370.923347434442 370.923347434442 0.492718374601204 1.97216636129716 0
1927 372.472113220096 372.472113220096 0.492718374601204 1.97216636129716 0
1928 374.025917267636 374.025917267636 0.492718374601204 1.97216636129716 0
1929 375.583947212825 375.583947212825 0.492718374601204 1.97216636129716 0
1930 377.145383129775 377.145383129775 0.492718374601204 1.97216636129716 0
1931 378.711706463848 378.711706463848 0.492718374601204 1.97216636129716 0
1932 380.281329220448 380.281329220448 0.492718374601204 1.97216636129716 0
1933 381.855742306415 381.855742306415 0.492718374601204 1.97216636129716 0
1934 383.4341266299 383.4341266299 0.492718374601204 1.97216636129716 0
1935 385.015655996059 385.015655996059 0.492718374601204 1.97216636129716 0
1936 386.601835066734 386.601835066734 0.492718374601204 1.97216636129716 0
1937 388.191840903978 388.191840903978 0.492718374601204 1.97216636129716 0
1938 389.784843726377 389.784843726377 0.492718374601204 1.97216636129716 0
1939 391.382361441539 391.382361441539 0.492718374601204 1.97216636129716 0
1940 392.982780834253 392.982780834253 0.492718374601204 1.97216636129716 0
1941 394.587628370536 394.587628370536 0.492718374601204 1.97216636129716 0
1942 396.196075002322 396.196075002322 0.492718374601204 1.97216636129716 0
1943 397.807285238296 397.807285238296 0.492718374601204 1.97216636129716 0
1944 399.422797989969 399.422797989969 0.492718374601204 1.97216636129716 0
1945 401.040985466897 401.040985466897 0.492718374601204 1.97216636129716 0
1946 402.663394625137 402.663394625137 0.492718374601204 1.97216636129716 0
1947 404.289190646431 404.289190646431 0.492718374601204 1.97216636129716 0
1948 405.917532634901 405.917532634901 0.492718374601204 1.97216636129716 0
1949 407.549979244984 407.549979244984 0.492718374601204 1.97216636129716 0
1950 409.185692344795 409.185692344795 0.492718374601204 1.97216636129716 0
1951 410.823827940005 410.823827940005 0.492718374601204 1.97216636129716 0
1952 412.465955954795 412.465955954795 0.492718374601204 1.97216636129716 0
1953 414.110426980474 414.110426980474 0.492718374601204 1.97216636129716 0
1954 415.758818228246 415.758818228246 0.492718374601204 1.97216636129716 0
1955 417.41028627422 417.41028627422 0.492718374601204 1.97216636129716 0
1956 419.063982176178 419.063982176178 0.492718374601204 1.97216636129716 0
1957 420.721493737262 420.721493737262 0.492718374601204 1.97216636129716 0
1958 422.381974499108 422.381974499108 0.492718374601204 1.97216636129716 0
1959 424.044572666989 424.044572666989 0.492718374601204 1.97216636129716 0
1960 425.710886258389 425.710886258389 0.492718374601204 1.97216636129716 0
1961 427.379246144425 427.379246144425 0.492718374601204 1.97216636129716 0
1962 429.051256944873 429.051256944873 0.492718374601204 1.97216636129716 0
1963 430.726067347754 430.726067347754 0.492718374601204 1.97216636129716 0
1964 432.402820995382 432.402820995382 0.492718374601204 1.97216636129716 0
1965 434.083132121108 434.083132121108 0.492718374601204 1.97216636129716 0
1966 435.76614661141 435.76614661141 0.492718374601204 1.97216636129716 0
1967 437.451005488629 437.451005488629 0.492718374601204 1.97216636129716 0
1968 439.139332245256 439.139332245256 0.492718374601204 1.97216636129716 0
1969 440.829439720004 440.829439720004 0.492718374601204 1.97216636129716 0
1970 442.522957403148 442.522957403148 0.492718374601204 1.97216636129716 0
1971 444.219026704201 444.219026704201 0.492718374601204 1.97216636129716 0
1972 445.916784436071 445.916784436071 0.492718374601204 1.97216636129716 0
1973 447.617868812574 447.617868812574 0.492718374601204 1.97216636129716 0
1974 449.321418668037 449.321418668037 0.492718374601204 1.97216636129716 0
1975 451.026568381915 451.026568381915 0.492718374601204 1.97216636129716 0
1976 452.734964588813 452.734964588813 0.492718374601204 1.97216636129716 0
1977 454.44490359583 454.44490359583 0.492718374601204 1.97216636129716 0
1978 456.158037482013 456.158037482013 0.492718374601204 1.97216636129716 0
1979 457.873500946216 457.873500946216 0.492718374601204 1.97216636129716 0
1980 459.59042447324 459.59042447324 0.492718374601204 1.97216636129716 0
1981 461.310468079888 461.310468079888 0.492718374601204 1.97216636129716 0
1982 463.032764072685 463.032764072685 0.492718374601204 1.97216636129716 0
1983 464.756440687241 464.756440687241 0.492718374601204 1.97216636129716 0
1984 466.483165599029 466.483165599029 0.492718374601204 1.97216636129716 0
1985 468.211219934212 468.211219934212 0.492718374601204 1.97216636129716 0
1986 469.942276327217 469.942276327217 0.492718374601204 1.97216636129716 0
1987 471.716549543482 471.716549543482 0.492718374601204 1.97216636129716 0
1988 473.566310483454 473.566310483454 0.492718374601204 1.97216636129716 0
1989 475.475495607605 475.475495607605 0.492718374601204 1.97216636129716 0
1990 477.430142873268 477.430142873268 0.492718374601204 1.97216636129716 0
1991 479.413711392028 479.413711392028 0.492718374601204 1.97216636129716 0
1992 481.411795460368 481.411795460368 0.492718374601204 1.97216636129716 0
1993 483.409934149482 483.409934149482 0.492718374601204 1.97216636129716 0
1994 485.390504337692 485.390504337692 0.492718374601204 1.97216636129716 0
1995 487.34142468927 487.34142468927 0.492718374601204 1.97216636129716 0
1996 489.246275599739 489.246275599739 0.492718374601204 1.97216636129716 0
1997 491.092245879939 491.092245879939 0.492718374601204 1.97216636129716 0
1998 492.86574621135 492.86574621135 0.492718374601204 1.97216636129716 0
1999 494.555034657272 494.555034657272 0.492718374601204 1.97216636129716 0
2000 496.146178214707 496.146178214707 0.492718374601204 1.97216636129716 0
2001 497.62923122333 497.62923122333 0.492718374601204 1.97216636129716 0
2002 498.994537255741 498.994537255741 0.492718374601204 1.97216636129716 0
2003 500.231842554125 500.231842554125 0.492718374601204 1.97216636129716 0
2004 501.333653322604 501.333653322604 0.492718374601204 1.97216636129716 0
2005 502.366002671091 502.366002671091 0.492718374601204 1.97216636129716 0
2006 503.403606940984 503.403606940984 0.492718374601204 1.97216636129716 0
2007 504.447580479883 504.447580479883 0.492718374601204 1.97216636129716 0
2008 505.497313822668 505.497313822668 0.492718374601204 1.97216636129716 0
2009 506.552184841923 506.552184841923 0.492718374601204 1.97216636129716 0
2010 507.613327329338 507.613327329338 0.492718374601204 1.97216636129716 0
2011 508.680122528408 508.680122528408 0.492718374601204 1.97216636129716 0
2012 509.751939266593 509.751939266593 0.492718374601204 1.97216636129716 0
2013 510.829930449594 510.829930449594 0.492718374601204 1.97216636129716 0
2014 511.91346823379 511.91346823379 0.492718374601204 1.97216636129716 0
2015 513.001912601953 513.001912601953 0.492718374601204 1.97216636129716 0
2016 514.096435246175 514.096435246175 0.492718374601204 1.97216636129716 0
2017 515.196399434943 515.196399434943 0.492718374601204 1.97216636129716 0
2018 516.301770389088 516.301770389088 0.492718374601204 1.97216636129716 0
2019 517.411896605905 517.411896605905 0.492718374601204 1.97216636129716 0
2020 518.52797431647 518.52797431647 0.492718374601204 1.97216636129716 0
2021 519.649355244711 519.649355244711 0.492718374601204 1.97216636129716 0
2022 520.775379497826 520.775379497826 0.492718374601204 1.97216636129716 0
2023 521.90726133239 521.90726133239 0.492718374601204 1.97216636129716 0
2024 523.044344037608 523.044344037608 0.492718374601204 1.97216636129716 0
2025 524.185959518634 524.185959518634 0.492718374601204 1.97216636129716 0
2026 525.333339735086 525.333339735086 0.492718374601204 1.97216636129716 0
2027 526.485819729352 526.485819729352 0.492718374601204 1.97216636129716 0
2028 527.642723387432 527.642723387432 0.492718374601204 1.97216636129716 0
2029 528.805300053113 528.805300053113 0.492718374601204 1.97216636129716 0
2030 529.972876704792 529.972876704792 0.492718374601204 1.97216636129716 0
2031 531.144769390907 531.144769390907 0.492718374601204 1.97216636129716 0
2032 532.322244520078 532.322244520078 0.492718374601204 1.97216636129716 0
2033 533.504621187516 533.504621187516 0.492718374601204 1.97216636129716 0
2034 534.691207779936 534.691207779936 0.492718374601204 1.97216636129716 0
2035 535.883287456703 535.883287456703 0.492718374601204 1.97216636129716 0
2036 537.080171605158 537.080171605158 0.492718374601204 1.97216636129716 0
2037 538.281161122839 538.281161122839 0.492718374601204 1.97216636129716 0
2038 539.487555608385 539.487555608385 0.492718374601204 1.97216636129716 0
2039 540.698658912719 540.698658912719 0.492718374601204 1.97216636129716 0
2040 541.913764613303 541.913764613303 0.492718374601204 1.97216636129716 0
2041 543.134188439359 543.134188439359 0.492718374601204 1.97216636129716 0
2042 544.359226873658 544.359226873658 0.492718374601204 1.97216636129716 0
2043 545.588166338209 545.588166338209 0.492718374601204 1.97216636129716 0
2044 546.822338387496 546.822338387496 0.492718374601204 1.97216636129716 0
2045 548.061032301272 548.061032301272 0.492718374601204 1.97216636129716 0
2046 549.303527506481 549.303527506481 0.492718374601204 1.97216636129716 0
2047 550.551171080847 550.551171080847 0.492718374601204 1.97216636129716 0
2048 551.803245262521 551.803245262521 0.492718374601204 1.97216636129716 0
2049 553.059719960698 553.059719960698 0.492718374601204 1.97216636129716 0
2050 554.319865516958 554.319865516958 0.492718374601204 1.97216636129716 0
2051 555.585049246617 555.585049246617 0.492718374601204 1.97216636129716 0
2052 556.854544241414 556.854544241414 0.492718374601204 1.97216636129716 0
2053 558.127614208972 558.127614208972 0.492718374601204 1.97216636129716 0
2054 559.405641299122 559.405641299122 0.492718374601204 1.97216636129716 0
2055 560.68789192214 560.68789192214 0.492718374601204 1.97216636129716 0
2056 561.973623299496 561.973623299496 0.492718374601204 1.97216636129716 0
2057 563.264232127149 563.264232127149 0.492718374601204 1.97216636129716 0
2058 564.558978281841 564.558978281841 0.492718374601204 1.97216636129716 0
2059 565.857112644455 565.857112644455 0.492718374601204 1.97216636129716 0
2060 567.160046171856 567.160046171856 0.492718374601204 1.97216636129716 0
2061 568.467032353004 568.467032353004 0.492718374601204 1.97216636129716 0
2062 569.777315868891 569.777315868891 0.492718374601204 1.97216636129716 0
2063 571.092321656882 571.092321656882 0.492718374601204 1.97216636129716 0
2064 572.411296960003 572.411296960003 0.492718374601204 1.97216636129716 0
2065 573.733480396575 573.733480396575 0.492718374601204 1.97216636129716 0
2066 575.060310608752 575.060310608752 0.492718374601204 1.97216636129716 0
2067 576.391028731367 576.391028731367 0.492718374601204 1.97216636129716 0
2068 577.724867455765 577.724867455765 0.492718374601204 1.97216636129716 0
2069 579.063278854662 579.063278854662 0.492718374601204 1.97216636129716 0
2070 580.4054980912 580.4054980912 0.492718374601204 1.97216636129716 0
2071 581.750752060029 581.750752060029 0.492718374601204 1.97216636129716 0
2072 583.100505998039 583.100505998039 0.492718374601204 1.97216636129716 0
2073 584.453989226862 584.453989226862 0.492718374601204 1.97216636129716 0
2074 585.81042297289 585.81042297289 0.492718374601204 1.97216636129716 0
2075 587.171285373777 587.171285373777 0.492718374601204 1.97216636129716 0
2076 588.535800038019 588.535800038019 0.492718374601204 1.97216636129716 0
2077 589.903182648536 589.903182648536 0.492718374601204 1.97216636129716 0
2078 591.274923984997 591.274923984997 0.492718374601204 1.97216636129716 0
2079 592.650242067498 592.650242067498 0.492718374601204 1.97216636129716 0
2080 594.029112052945 594.029112052945 0.492718374601204 1.97216636129716 0
2081 595.410742421397 595.410742421397 0.492718374601204 1.97216636129716 0
2082 596.796640414247 596.796640414247 0.492718374601204 1.97216636129716 0
2083 598.186016789944 598.186016789944 0.492718374601204 1.97216636129716 0
2084 599.578074764306 599.578074764306 0.492718374601204 1.97216636129716 0
2085 600.974333633447 600.974333633447 0.492718374601204 1.97216636129716 0
2086 602.373998848244 602.373998848244 0.492718374601204 1.97216636129716 0
2087 603.776268475227 603.776268475227 0.492718374601204 1.97216636129716 0
2088 605.182673620581 605.182673620581 0.492718374601204 1.97216636129716 0
2089 606.592414542842 606.592414542842 0.492718374601204 1.97216636129716 0
2090 608.004684271336 608.004684271336 0.492718374601204 1.97216636129716 0
2091 609.421025482871 609.421025482871 0.492718374601204 1.97216636129716 0
2092 610.840633356017 610.840633356017 0.492718374601204 1.97216636129716 0
2093 612.262695991443 612.262695991443 0.492718374601204 1.97216636129716 0
2094 613.688767401578 613.688767401578 0.492718374601204 1.97216636129716 0
2095 615.118037794626 615.118037794626 0.492718374601204 1.97216636129716 0
2096 616.549690448895 616.549690448895 0.492718374601204 1.97216636129716 0
2097 617.985290481631 617.985290481631 0.492718374601204 1.97216636129716 0
2098 619.424023237551 619.424023237551 0.492718374601204 1.97216636129716 0
2099 620.86506727624 620.86506727624 0.492718374601204 1.97216636129716 0
2100 622.309998593367 622.309998593367 0.492718374601204 1.97216636129716 0
2101 623.757997774905 623.757997774905 0.492718374601204 1.97216636129716 0
2102 625.208238761218 625.208238761218 0.492718374601204 1.97216636129716 0
2103 626.662308205936 626.662308205936 0.492718374601204 1.97216636129716 0
2104 628.119382036907 628.119382036907 0.492718374601204 1.97216636129716 0
2105 629.578629675567 629.578629675567 0.492718374601204 1.97216636129716 0
2106 631.041648213568 631.041648213568 0.492718374601204 1.97216636129716 0
2107 632.507609021042 632.507609021042 0.492718374601204 1.97216636129716 0
2108 633.975677096021 633.975677096021 0.492718374601204 1.97216636129716 0
2109 635.447459755631 635.447459755631 0.492718374601204 1.97216636129716 0
2110 636.922123908187 636.922123908187 0.492718374601204 1.97216636129716 0
2111 638.399649584645 638.399649584645 0.492718374601204 1.97216636129716 0
2112 639.879196031546 639.879196031546 0.492718374601204 1.97216636129716 0
2113 641.362383876164 641.362383876164 0.492718374601204 1.97216636129716 0
2114 642.848374222916 642.848374222916 0.492718374601204 1.97216636129716 0
2115 644.336322110075 644.336322110075 0.492718374601204 1.97216636129716 0
2116 645.827857908443 645.827857908443 0.492718374601204 1.97216636129716 0
2117 647.322138477756 647.322138477756 0.492718374601204 1.97216636129716 0
2118 648.81831473604 648.81831473604 0.492718374601204 1.97216636129716 0
2119 650.3180265992 650.3180265992 0.492718374601204 1.97216636129716 0
2120 651.820426770701 651.820426770701 0.492718374601204 1.97216636129716 0
2121 653.324662133867 653.324662133867 0.492718374601204 1.97216636129716 0
2122 654.832381955426 654.832381955426 0.492718374601204 1.97216636129716 0
2123 656.342734868773 656.342734868773 0.492718374601204 1.97216636129716 0
2124 657.854863807265 657.854863807265 0.492718374601204 1.97216636129716 0
2125 659.370427196934 659.370427196934 0.492718374601204 1.97216636129716 0
2126 660.888569685154 660.888569685154 0.492718374601204 1.97216636129716 0
2127 662.408430337989 662.408430337989 0.492718374601204 1.97216636129716 0
2128 663.931676553524 663.931676553524 0.492718374601204 1.97216636129716 0
2129 665.457449075623 665.457449075623 0.492718374601204 1.97216636129716 0
2130 666.9848831829 666.9848831829 0.492718374601204 1.97216636129716 0
2131 668.515655062216 668.515655062216 0.492718374601204 1.97216636129716 0
2132 670.048901635207 670.048901635207 0.492718374601204 1.97216636129716 0
2133 671.583754470113 671.583754470113 0.492718374601204 1.97216636129716 0
2134 673.121898363721 673.121898363721 0.492718374601204 1.97216636129716 0
2135 674.662466493962 674.662466493962 0.492718374601204 1.97216636129716 0
2136 676.204586794652 676.204586794652 0.492718374601204 1.97216636129716 0
2137 677.749952497241 677.749952497241 0.492718374601204 1.97216636129716 0
2138 679.297693112821 679.297693112821 0.492718374601204 1.97216636129716 0
2139 680.846933014061 680.846933014061 0.492718374601204 1.97216636129716 0
2140 682.399373696408 682.399373696408 0.492718374601204 1.97216636129716 0
2141 683.954141078299 683.954141078299 0.492718374601204 1.97216636129716 0
2142 685.511219328537 685.511219328537 0.492718374601204 1.97216636129716 0
2143 687.069728185417 687.069728185417 0.492718374601204 1.97216636129716 0
2144 688.631379900474 688.631379900474 0.492718374601204 1.97216636129716 0
2145 690.195295716297 690.195295716297 0.492718374601204 1.97216636129716 0
2146 691.760591975937 691.760591975937 0.492718374601204 1.97216636129716 0
2147 693.328988809153 693.328988809153 0.492718374601204 1.97216636129716 0
2148 694.899604033538 694.899604033538 0.492718374601204 1.97216636129716 0
2149 696.471550665128 696.471550665128 0.492718374601204 1.97216636129716 0
2150 698.046556552582 698.046556552582 0.492718374601204 1.97216636129716 0
2151 699.623736157072 699.623736157072 0.492718374601204 1.97216636129716 0
2152 701.202199235307 701.202199235307 0.492718374601204 1.97216636129716 0
2153 702.783681197633 702.783681197633 0.492718374601204 1.97216636129716 0
2154 704.36729321627 704.36729321627 0.492718374601204 1.97216636129716 0
2155 705.952141853851 705.952141853851 0.492718374601204 1.97216636129716 0
2156 707.539969930299 707.539969930299 0.492718374601204 1.97216636129716 0
2157 709.129885394462 709.129885394462 0.492718374601204 1.97216636129716 0
2158 710.72099167774 710.72099167774 0.492718374601204 1.97216636129716 0
2159 712.315038860905 712.315038860905 0.492718374601204 1.97216636129716 0
2160 713.911131733433 713.911131733433 0.492718374601204 1.97216636129716 0
2161 715.508370657657 715.508370657657 0.492718374601204 1.97216636129716 0
2162 717.108512828932 717.108512828932 0.492718374601204 1.97216636129716 0
2163 718.710659939832 718.710659939832 0.492718374601204 1.97216636129716 0
2164 720.313909344309 720.313909344309 0.492718374601204 1.97216636129716 0
2165 721.920025210121 721.920025210121 0.492718374601204 1.97216636129716 0
2166 723.528106193925 723.528106193925 0.492718374601204 1.97216636129716 0
2167 725.137246699684 725.137246699684 0.492718374601204 1.97216636129716 0
2168 726.749217728565 726.749217728565 0.492718374601204 1.97216636129716 0
2169 728.363114960838 728.363114960838 0.492718374601204 1.97216636129716 0
2170 729.978925621486 729.978925621486 0.492718374601204 1.97216636129716 0
2171 731.595740268565 731.595740268565 0.492718374601204 1.97216636129716 0
2172 733.215338805006 733.215338805006 0.492718374601204 1.97216636129716 0
2173 734.836813031698 734.836813031698 0.492718374601204 1.97216636129716 0
2174 736.459250690598 736.459250690598 0.492718374601204 1.97216636129716 0
2175 738.084438204493 738.084438204493 0.492718374601204 1.97216636129716 0
2176 739.71146453137 739.71146453137 0.492718374601204 1.97216636129716 0
2177 741.339414649803 741.339414649803 0.492718374601204 1.97216636129716 0
2178 742.970081373863 742.970081373863 0.492718374601204 1.97216636129716 0
2179 744.6025508736 744.6025508736 0.492718374601204 1.97216636129716 0
2180 746.235905417358 746.235905417358 0.492718374601204 1.97216636129716 0
2181 747.871944084248 747.871944084248 0.492718374601204 1.97216636129716 0
2182 749.509750310067 749.509750310067 0.492718374601204 1.97216636129716 0
2183 751.148403705112 751.148403705112 0.492718374601204 1.97216636129716 0
2184 752.789709489268 752.789709489268 0.492718374601204 1.97216636129716 0
2185 754.432748417662 754.432748417662 0.492718374601204 1.97216636129716 0
2186 756.076597491787 756.076597491787 0.492718374601204 1.97216636129716 0
2187 757.72306795341 757.72306795341 0.492718374601204 1.97216636129716 0
2188 759.371237926746 759.371237926746 0.492718374601204 1.97216636129716 0
2189 761.02018185544 761.02018185544 0.492718374601204 1.97216636129716 0
2190 762.671716883493 762.671716883493 0.492718374601204 1.97216636129716 0
2191 764.324918555385 764.324918555385 0.492718374601204 1.97216636129716 0
2192 765.978858804688 765.978858804688 0.492718374601204 1.97216636129716 0
2193 767.63536056326 767.63536056326 0.492718374601204 1.97216636129716 0
2194 769.293496844123 769.293496844123 0.492718374601204 1.97216636129716 0
2195 770.952337117426 770.952337117426 0.492718374601204 1.97216636129716 0
2196 772.613709991114 772.613709991114 0.492718374601204 1.97216636129716 0
2197 774.226346548791 774.226346548791 0.492718374601204 1.97216636129716 0
2198 775.730737679349 775.730737679349 0.492718374601204 1.97216636129716 0
2199 777.119021821848 777.119021821848 0.492718374601204 1.97216636129716 0
2200 778.378549662139 778.378549662139 0.492718374601204 1.97216636129716 0
2201 779.501191766986 779.501191766986 0.492718374601204 1.97216636129716 0
2202 780.479291072425 780.479291072425 0.492718374601204 1.97216636129716 0
2203 781.30589327998 781.30589327998 0.492718374601204 1.97216636129716 0
2204 781.975706274778 781.975706274778 0.492718374601204 1.97216636129716 0
2205 782.483712694911 782.483712694911 0.492718374601204 1.97216636129716 0
2206 782.825301906767 782.825301906767 0.492718374601204 1.97216636129716 0
2207 782.999058595933 782.999058595933 0.492718374601204 1.97216636129716 0
2208 783.004072335174 783.004072335174 0.492718374601204 1.97216636129716 0
2209 782.84009875048 782.84009875048 0.492718374601204 1.97216636129716 0
2210 782.507276968318 782.507276968318 0.492718374601204 1.97216636129716 0
2211 782.009040222682 782.009040222682 0.492718374601204 1.97216636129716 0
2212 781.34952335891 781.34952335891 0.492718374601204 1.97216636129716 0
2213 780.531370822007 780.531370822007 0.492718374601204 1.97216636129716 0
2214 779.560881634963 779.560881634963 0.492718374601204 1.97216636129716 0
2215 778.519470829457 778.519470829457 0.492718374601204 1.97216636129716 0
2216 777.48086439349 777.48086439349 0.492718374601204 1.97216636129716 0
2217 776.446529483923 776.446529483923 0.492718374601204 1.97216636129716 0
2218 775.415465621114 775.415465621114 0.492718374601204 1.97216636129716 0
2219 774.388699724447 774.388699724447 0.492718374601204 1.97216636129716 0
2220 773.365238794069 773.365238794069 0.492718374601204 1.97216636129716 0
2221 772.345602967226 772.345602967226 0.492718374601204 1.97216636129716 0
2222 771.330304895912 771.330304895912 0.492718374601204 1.97216636129716 0
2223 770.31836290911 770.31836290911 0.492718374601204 1.97216636129716 0
2224 769.310785280511 769.310785280511 0.492718374601204 1.97216636129716 0
2225 768.306597962893 768.306597962893 0.492718374601204 1.97216636129716 0
2226 767.306801659665 767.306801659665 0.492718374601204 1.97216636129716 0
2227 766.310430005311 766.310430005311 0.492718374601204 1.97216636129716 0
2228 765.318476074323 765.318476074323 0.492718374601204 1.97216636129716 0
2229 764.329981239591 764.329981239591 0.492718374601204 1.97216636129716 0
2230 763.34544876717 763.34544876717 0.492718374601204 1.97216636129716 0
2231 762.365374168356 762.365374168356 0.492718374601204 1.97216636129716 0
2232 761.388810531696 761.388810531696 0.492718374601204 1.97216636129716 0
2233 760.416731578928 760.416731578928 0.492718374601204 1.97216636129716 0
2234 759.44819828313 759.44819828313 0.492718374601204 1.97216636129716 0
2235 758.484176515668 758.484176515668 0.492718374601204 1.97216636129716 0
2236 757.523735188052 757.523735188052 0.492718374601204 1.97216636129716 0
2237 756.567832257914 756.567832257914 0.492718374601204 1.97216636129716 0
2238 755.615544634603 755.615544634603 0.492718374601204 1.97216636129716 0
2239 754.667822299628 754.667822299628 0.492718374601204 1.97216636129716 0
2240 753.72375021541 753.72375021541 0.492718374601204 1.97216636129716 0
2241 752.783810131908 752.783810131908 0.492718374601204 1.97216636129716 0
2242 751.848475697883 751.848475697883 0.492718374601204 1.97216636129716 0
2243 750.916844067112 750.916844067112 0.492718374601204 1.97216636129716 0
2244 749.989844999936 749.989844999936 0.492718374601204 1.97216636129716 0
2245 749.066583847317 749.066583847317 0.492718374601204 1.97216636129716 0
2246 748.147982167342 748.147982167342 0.492718374601204 1.97216636129716 0
2247 747.233153569243 747.233153569243 0.492718374601204 1.97216636129716 0
2248 746.323011345181 746.323011345181 0.492718374601204 1.97216636129716 0
2249 745.416677419052 745.416677419052 0.492718374601204 1.97216636129716 0
2250 744.514615180003 744.514615180003 0.492718374601204 1.97216636129716 0
2251 743.617279639492 743.617279639492 0.492718374601204 1.97216636129716 0
2252 742.723805300856 742.723805300856 0.492718374601204 1.97216636129716 0
2253 741.835084508894 741.835084508894 0.492718374601204 1.97216636129716 0
2254 740.9502602253 740.9502602253 0.492718374601204 1.97216636129716 0
2255 740.070216304915 740.070216304915 0.492718374601204 1.97216636129716 0
2256 739.194104224554 739.194104224554 0.492718374601204 1.97216636129716 0
2257 738.322799281673 738.322799281673 0.492718374601204 1.97216636129716 0
2258 737.45546152657 737.45546152657 0.492718374601204 1.97216636129716 0
2259 736.592957637852 736.592957637852 0.492718374601204 1.97216636129716 0
2260 735.734456292102 735.734456292102 0.492718374601204 1.97216636129716 0
2261 734.880397509347 734.880397509347 0.492718374601204 1.97216636129716 0
2262 734.031212579219 734.031212579219 0.492718374601204 1.97216636129716 0
2263 733.186083233222 733.186083233222 0.492718374601204 1.97216636129716 0
2264 732.345854312737 732.345854312737 0.492718374601204 1.97216636129716 0
2265 731.509716321625 731.509716321625 0.492718374601204 1.97216636129716 0
2266 730.678505255098 730.678505255098 0.492718374601204 1.97216636129716 0
2267 729.851420443932 729.851420443932 0.492718374601204 1.97216636129716 0
2268 729.029288971872 729.029288971872 0.492718374601204 1.97216636129716 0
2269 728.21131905518 728.21131905518 0.492718374601204 1.97216636129716 0
2270 727.397930815078 727.397930815078 0.492718374601204 1.97216636129716 0
2271 726.58953536342 726.58953536342 0.492718374601204 1.97216636129716 0
2272 725.785354351529 725.785354351529 0.492718374601204 1.97216636129716 0
2273 724.986192298456 724.986192298456 0.492718374601204 1.97216636129716 0
2274 724.191279879333 724.191279879333 0.492718374601204 1.97216636129716 0
2275 723.401412475421 723.401412475421 0.492718374601204 1.97216636129716 0
2276 722.615829843426 722.615829843426 0.492718374601204 1.97216636129716 0
2277 721.835318160377 721.835318160377 0.492718374601204 1.97216636129716 0
2278 721.059126321039 721.059126321039 0.492718374601204 1.97216636129716 0
2279 720.288031235339 720.288031235339 0.492718374601204 1.97216636129716 0
2280 719.521290988428 719.521290988428 0.492718374601204 1.97216636129716 0
2281 718.759300435938 718.759300435938 0.492718374601204 1.97216636129716 0
2282 718.002445082666 718.002445082666 0.492718374601204 1.97216636129716 0
2283 717.249996905662 717.249996905662 0.492718374601204 1.97216636129716 0
2284 716.502709365398 716.502709365398 0.492718374601204 1.97216636129716 0
2285 715.759863769086 715.759863769086 0.492718374601204 1.97216636129716 0
2286 715.022204086083 715.022204086083 0.492718374601204 1.97216636129716 0
2287 714.289021004729 714.289021004729 0.492718374601204 1.97216636129716 0
2288 713.561048942001 713.561048942001 0.492718374601204 1.97216636129716 0
2289 712.837588023099 712.837588023099 0.492718374601204 1.97216636129716 0
2290 712.119011656544 712.119011656544 0.492718374601204 1.97216636129716 0
2291 711.405683624239 711.405683624239 0.492718374601204 1.97216636129716 0
2292 710.696918309518 710.696918309518 0.492718374601204 1.97216636129716 0
2293 709.993425963939 709.993425963939 0.492718374601204 1.97216636129716 0
2294 709.294530538247 709.294530538247 0.492718374601204 1.97216636129716 0
2295 708.600932510073 708.600932510073 0.492718374601204 1.97216636129716 0
2296 707.911965454141 707.911965454141 0.492718374601204 1.97216636129716 0
2297 707.228320008285 707.228320008285 0.492718374601204 1.97216636129716 0
2298 706.549339422546 706.549339422546 0.492718374601204 1.97216636129716 0
2299 705.87570443596 705.87570443596 0.492718374601204 1.97216636129716 0
2300 705.206768025204 705.206768025204 0.492718374601204 1.97216636129716 0
2301 704.542876449476 704.542876449476 0.492718374601204 1.97216636129716 0
2302 703.884366015991 703.884366015991 0.492718374601204 1.97216636129716 0
2303 703.230604388312 703.230604388312 0.492718374601204 1.97216636129716 0
2304 702.582247284785 702.582247284785 0.492718374601204 1.97216636129716 0
2305 701.938672224756 701.938672224756 0.492718374601204 1.97216636129716 0
2306 701.300524812679 701.300524812679 0.492718374601204 1.97216636129716 0
2307 700.667192471001 700.667192471001 0.492718374601204 1.97216636129716 0
2308 700.039310631202 700.039310631202 0.492718374601204 1.97216636129716 0
2309 699.416276669319 699.416276669319 0.492718374601204 1.97216636129716 0
2310 698.798413882149 698.798413882149 0.492718374601204 1.97216636129716 0
2311 698.186035350887 698.186035350887 0.492718374601204 1.97216636129716 0
2312 697.578553477329 697.578553477329 0.492718374601204 1.97216636129716 0
2313 696.976577994387 696.976577994387 0.492718374601204 1.97216636129716 0
2314 696.379531378226 696.379531378226 0.492718374601204 1.97216636129716 0
2315 695.788012982213 695.788012982213 0.492718374601204 1.97216636129716 0
2316 695.201455406176 695.201455406176 0.492718374601204 1.97216636129716 0
2317 694.620447562528 694.620447562528 0.492718374601204 1.97216636129716 0
2318 694.044432222385 694.044432222385 0.492718374601204 1.97216636129716 0
2319 693.473987801939 693.473987801939 0.492718374601204 1.97216636129716 0
2320 692.90856728983 692.90856728983 0.492718374601204 1.97216636129716 0
2321 692.348465024026 692.348465024026 0.492718374601204 1.97216636129716 0
2322 691.793964827434 691.793964827434 0.492718374601204 1.97216636129716 0
2323 691.24453510202 691.24453510202 0.492718374601204 1.97216636129716 0
2324 690.700727771733 690.700727771733 0.492718374601204 1.97216636129716 0
2325 690.162021571346 690.162021571346 0.492718374601204 1.97216636129716 0
2326 689.628957731501 689.628957731501 0.492718374601204 1.97216636129716 0
2327 689.101025362156 689.101025362156 0.492718374601204 1.97216636129716 0
2328 688.578754946042 688.578754946042 0.492718374601204 1.97216636129716 0
2329 688.061646013086 688.061646013086 0.492718374601204 1.97216636129716 0
2330 687.549968510363 687.549968510363 0.492718374601204 1.97216636129716 0
2331 687.043981632901 687.043981632901 0.492718374601204 1.97216636129716 0
2332 686.543200622257 686.543200622257 0.492718374601204 1.97216636129716 0
2333 686.048128855695 686.048128855695 0.492718374601204 1.97216636129716 0
2334 685.55829210021 685.55829210021 0.492718374601204 1.97216636129716 0
2335 685.074182799657 685.074182799657 0.492718374601204 1.97216636129716 0
2336 684.595337288727 684.595337288727 0.492718374601204 1.97216636129716 0
2337 684.122237027179 684.122237027179 0.492718374601204 1.97216636129716 0
2338 683.654428956786 683.654428956786 0.492718374601204 1.97216636129716 0
2339 683.192158036455 683.192158036455 0.492718374601204 1.97216636129716 0
2340 682.735658254068 682.735658254068 0.492718374601204 1.97216636129716 0
2341 682.284492539165 682.284492539165 0.492718374601204 1.97216636129716 0
2342 681.839114670642 681.839114670642 0.492718374601204 1.97216636129716 0
2343 681.399098283337 681.399098283337 0.492718374601204 1.97216636129716 0
2344 680.96488599803 680.96488599803 0.492718374601204 1.97216636129716 0
2345 680.536062194443 680.536062194443 0.492718374601204 1.97216636129716 0
2346 680.113058288115 680.113058288115 0.492718374601204 1.97216636129716 0
2347 679.695469440163 679.695469440163 0.492718374601204 1.97216636129716 0
2348 679.283715813911 679.283715813911 0.492718374601204 1.97216636129716 0
2349 678.877403388655 678.877403388655 0.492718374601204 1.97216636129716 0
2350 678.476745825437 678.476745825437 0.492718374601204 1.97216636129716 0
2351 678.08194557138 678.08194557138 0.492718374601204 1.97216636129716 0
2352 677.692624899121 677.692624899121 0.492718374601204 1.97216636129716 0
2353 677.309175645004 677.309175645004 0.492718374601204 1.97216636129716 0
2354 676.931230985837 676.931230985837 0.492718374601204 1.97216636129716 0
2355 676.559171351528 676.559171351528 0.492718374601204 1.97216636129716 0
2356 676.192640856838 676.192640856838 0.492718374601204 1.97216636129716 0
2357 675.832008483882 675.832008483882 0.492718374601204 1.97216636129716 0
2358 675.476929316201 675.476929316201 0.492718374601204 1.97216636129716 0
2359 675.127590844023 675.127590844023 0.492718374601204 1.97216636129716 0
2360 674.784169162605 674.784169162605 0.492718374601204 1.97216636129716 0
2361 674.446335872003 674.446335872003 0.492718374601204 1.97216636129716 0
2362 674.114431154259 674.114431154259 0.492718374601204 1.97216636129716 0
2363 673.788137656905 673.788137656905 0.492718374601204 1.97216636129716 0
2364 673.46778397552 673.46778397552 0.492718374601204 1.97216636129716 0
2365 673.153063832937 673.153063832937 0.492718374601204 1.97216636129716 0
2366 672.844294201169 672.844294201169 0.492718374601204 1.97216636129716 0
2367 672.541179908465 672.541179908465 0.492718374601204 1.97216636129716 0
2368 672.244026265571 672.244026265571 0.492718374601204 1.97216636129716 0
2369 671.952549233683 671.952549233683 0.492718374601204 1.97216636129716 0
2370 671.666903700062 671.666903700062 0.492718374601204 1.97216636129716 0
2371 671.38723296981 671.38723296981 0.492718374601204 1.97216636129716 0
2372 671.113269752245 671.113269752245 0.492718374601204 1.97216636129716 0
2373 670.845290057482 670.845290057482 0.492718374601204 1.97216636129716 0
2374 670.583037791387 670.583037791387 0.492718374601204 1.97216636129716 0
2375 670.326777187063 670.326777187063 0.492718374601204 1.97216636129716 0
2376 670.076263371201 670.076263371201 0.492718374601204 1.97216636129716 0
2377 669.831748769885 669.831748769885 0.492718374601204 1.97216636129716 0
2378 669.59299975249 669.59299975249 0.492718374601204 1.97216636129716 0
2379 669.360144098884 669.360144098884 0.492718374601204 1.97216636129716 0
2380 669.133297875839 669.133297875839 0.492718374601204 1.97216636129716 0
2381 668.912244360223 668.912244360223 0.492718374601204 1.97216636129716 0
2382 668.697206333999 668.697206333999 0.492718374601204 1.97216636129716 0
2383 668.487978370613 668.487978370613 0.492718374601204 1.97216636129716 0
2384 668.284771348262 668.284771348262 0.492718374601204 1.97216636129716 0
2385 668.087391155604 668.087391155604 0.492718374601204 1.97216636129716 0
2386 667.896036742999 667.896036742999 0.492718374601204 1.97216636129716 0
2387 667.710525333199 667.710525333199 0.492718374601204 1.97216636129716 0
2388 667.531043924224 667.531043924224 0.492718374601204 1.97216636129716 0
2389 667.357421090413 667.357421090413 0.492718374601204 1.97216636129716 0
2390 667.189751044781 667.189751044781 0.492718374601204 1.97216636129716 0
2391 667.028116163424 667.028116163424 0.492718374601204 1.97216636129716 0
2392 666.872362079369 666.872362079369 0.492718374601204 1.97216636129716 0
2393 666.722645816519 666.722645816519 0.492718374601204 1.97216636129716 0
2394 666.578824398081 666.578824398081 0.492718374601204 1.97216636129716 0
2395 666.441042824497 666.441042824497 0.492718374601204 1.97216636129716 0
2396 666.309169523165 666.309169523165 0.492718374601204 1.97216636129716 0
2397 666.183337454312 666.183337454312 0.492718374601204 1.97216636129716 0
2398 666.063426461554 666.063426461554 0.492718374601204 1.97216636129716 0
2399 665.949503018197 665.949503018197 0.492718374601204 1.97216636129716 0
2400 665.841621688525 665.841621688525 0.492718374601204 1.97216636129716 0
2401 665.739679463205 665.739679463205 0.492718374601204 1.97216636129716 0
2402 665.643779134335 665.643779134335 0.492718374601204 1.97216636129716 0
2403 665.553829135934 665.553829135934 0.492718374601204 1.97216636129716 0
2404 665.469920170686 665.469920170686 0.492718374601204 1.97216636129716 0
2405 665.39197212426 665.39197212426 0.492718374601204 1.97216636129716 0
2406 665.320063599376 665.320063599376 0.492718374601204 1.97216636129716 0
2407 665.166711705411 665.166711705411 0.492718374601204 1.97216636129716 0
2408 664.845833607505 664.845833607505 0.492718374601204 1.97216636129716 0
2409 664.360985437635 664.360985437635 0.492718374601204 1.97216636129716 0
2410 663.71331526084 663.71331526084 0.492718374601204 1.97216636129716 0
2411 662.909359897238 662.909359897238 0.492718374601204 1.97216636129716 0
2412 661.953283391018 661.953283391018 0.492718374601204 1.97216636129716 0
2413 660.851348800441 660.851348800441 0.492718374601204 1.97216636129716 0
2414 659.613016941629 659.613016941629 0.492718374601204 1.97216636129716 0
2415 658.245484925373 658.245484925373 0.492718374601204 1.97216636129716 0
2416 656.759175063311 656.759175063311 0.492718374601204 1.97216636129716 0
2417 655.163392023287 655.163392023287 0.492718374601204 1.97216636129716 0
2418 653.470755570329 653.470755570329 0.492718374601204 1.97216636129716 0
2419 651.69279276756 651.69279276756 0.492718374601204 1.97216636129716 0
2420 649.843295299984 649.843295299984 0.492718374601204 1.97216636129716 0
2421 647.935026993592 647.935026993592 0.492718374601204 1.97216636129716 0
2422 645.981944862563 645.981944862563 0.492718374601204 1.97216636129716 0
2423 643.999231150909 643.999231150909 0.492718374601204 1.97216636129716 0
2424 641.999976529085 641.999976529085 0.492718374601204 1.97216636129716 0
2425 639.999619814173 639.999619814173 0.492718374601204 1.97216636129716 0
2426 638.000371324449 638.000371324449 0.492718374601204 1.97216636129716 0
2427 636.000014598809 636.000014598809 0.492718374601204 1.97216636129716 0
2428 633.99965786824 633.99965786824 0.492718374601204 1.97216636129716 0
2429 632.000409362682 632.000409362682 0.492718374601204 1.97216636129716 0
2430 630.0000526212 630.0000526212 0.492718374601204 1.97216636129716 0
2431 627.999695874436 627.999695874436 0.492718374601204 1.97216636129716 0
2432 626.000447353398 626.000447353398 0.492718374601204 1.97216636129716 0
2433 624.000090596074 624.000090596074 0.492718374601204 1.97216636129716 0
2434 621.999733833468 621.999733833468 0.492718374601204 1.97216636129716 0
2435 620.000485296596 620.000485296596 0.492718374601204 1.97216636129716 0
2436 618.00012852343 618.00012852343 0.492718374601204 1.97216636129716 0
2437 615.99977174463 615.99977174463 0.492718374601204 1.97216636129716 0
2438 614.000523192277 614.000523192277 0.492718374601204 1.97216636129716 0
2439 612.000166402916 612.000166402916 0.492718374601204 1.97216636129716 0
2440 609.999809608626 609.999809608626 0.492718374601204 1.97216636129716 0
2441 607.999452809407 607.999452809407 0.492718374601204 1.97216636129716 0
2442 606.000204235238 606.000204235238 0.492718374601204 1.97216636129716 0
2443 603.999847425105 603.999847425105 0.492718374601204 1.97216636129716 0
2444 601.999490610044 601.999490610044 0.492718374601204 1.97216636129716 0
2445 600.000242020041 600.000242020041 0.492718374601204 1.97216636129716 0
2446 597.999885194067 597.999885194067 0.492718374601204 1.97216636129716 0
2447 595.999528362458 595.999528362458 0.492718374601204 1.97216636129716 0
2448 594.000279757328 594.000279757328 0.492718374601204 1.97216636129716 0
2449 591.999922915511 591.999922915511 0.492718374601204 1.97216636129716 0
2450 589.99956606806 589.99956606806 0.492718374601204 1.97216636129716 0
2451 588.000317446743 588.000317446743 0.492718374601204 1.97216636129716 0
2452 585.999960589437 585.999960589437 0.492718374601204 1.97216636129716 0
2453 583.999603726144 583.999603726144 0.492718374601204 1.97216636129716 0
2454 582.000355088994 582.000355088994 0.492718374601204 1.97216636129716 0
2455 579.999998215845 579.999998215845 0.492718374601204 1.97216636129716 0
2456 577.99964133671 577.99964133671 0.492718374601204 1.97216636129716 0
2457 576.000392683727 576.000392683727 0.492718374601204 1.97216636129716 0
2458 574.000035794736 574.000035794736 0.492718374601204 1.97216636129716 0
2459 571.999678899759 571.999678899759 0.492718374601204 1.97216636129716 0
2460 570.000430230942 570.000430230942 0.492718374601204 1.97216636129716 0
2461 568.000073325404 568.000073325404 0.492718374601204 1.97216636129716 0
2462 565.999716415289 565.999716415289 0.492718374601204 1.97216636129716 0
2463 564.000467730639 564.000467730639 0.492718374601204 1.97216636129716 0
2464 562.000110809258 562.000110809258 0.492718374601204 1.97216636129716 0
2465 559.999753883302 559.999753883302 0.492718374601204 1.97216636129716 0
2466 558.000505182818 558.000505182818 0.492718374601204 1.97216636129716 0
2467 556.000148245595 556.000148245595 0.492718374601204 1.97216636129716 0
2468 553.999791303796 553.999791303796 0.492718374601204 1.97216636129716 0
2469 552.000542587126 552.000542587126 0.492718374601204 1.97216636129716 0
2470 550.000185634414 550.000185634414 0.492718374601204 1.97216636129716 0
2471 547.999828676772 547.999828676772 0.492718374601204 1.97216636129716 0
2472 545.999471713144 545.999471713144 0.492718374601204 1.97216636129716 0
2473 544.000222975714 544.000222975714 0.492718374601204 1.97216636129716 0
2474 541.999866001878 541.999866001878 0.492718374601204 1.97216636129716 0
2475 539.99950902276 539.99950902276 0.492718374601204 1.97216636129716 0
2476 538.000260269496 538.000260269496 0.492718374601204 1.97216636129716 0
2477 535.999903279818 535.999903279818 0.492718374601204 1.97216636129716 0
2478 533.999546284857 533.999546284857 0.492718374601204 1.97216636129716 0
2479 532.00029751576 532.00029751576 0.492718374601204 1.97216636129716 0
2480 529.999940509887 529.999940509887 0.492718374601204 1.97216636129716 0
2481 527.999583499437 527.999583499437 0.492718374601204 1.97216636129716 0
2482 526.000334714506 526.000334714506 0.492718374601204 1.97216636129716 0
2483 523.99997769279 523.99997769279 0.492718374601204 1.97216636129716 0
2484 521.999620666145 521.999620666145 0.492718374601204 1.97216636129716 0
2485 520.000371865733 520.000371865733 0.492718374601204 1.97216636129716 0
2486 518.000014828175 518.000014828175 0.492718374601204 1.97216636129716 0
2487 515.999657785688 515.999657785688 0.492718374601204 1.97216636129716 0
2488 514.000408968737 514.000408968737 0.492718374601204 1.97216636129716 0
2489 512.000051916041 512.000051916041 0.492718374601204 1.97216636129716 0
2490 509.999694857711 509.999694857711 0.492718374601204 1.97216636129716 0
2491 508.000446024927 508.000446024927 0.492718374601204 1.97216636129716 0
2492 506.000088956389 506.000088956389 0.492718374601204 1.97216636129716 0
2493 503.999731882217 503.999731882217 0.492718374601204 1.97216636129716 0
2494 502.000483033599 502.000483033599 0.492718374601204 1.97216636129716 0
2495 500.000125949219 500.000125949219 0.492718374601204 1.97216636129716 0
2496 497.999768859204 497.999768859204 0.492718374601204 1.97216636129716 0
2497 496.000519994752 496.000519994752 0.492718374601204 1.97216636129716 0
2498 494.000162894177 494.000162894177 0.492718374601204 1.97216636129716 0
2499 491.999805788672 491.999805788672 0.492718374601204 1.97216636129716 0
2500 489.99944867718 489.99944867718 0.492718374601204 1.97216636129716 0
2501 488.000199791969 488.000199791969 0.492718374601204 1.97216636129716 0
2502 485.999842670269 485.999842670269 0.492718374601204 1.97216636129716 0
2503 483.999485543287 483.999485543287 0.492718374601204 1.97216636129716 0
2504 482.000236642242 482.000236642242 0.492718374601204 1.97216636129716 0
2505 479.9998795047 479.9998795047 0.492718374601204 1.97216636129716 0
2506 477.999522361875 477.999522361875 0.492718374601204 1.97216636129716 0
2507 476.000273444996 476.000273444996 0.492718374601204 1.97216636129716 0
2508 473.999916291612 473.999916291612 0.492718374601204 1.97216636129716 0
2509 471.999559132945 471.999559132945 0.492718374601204 1.97216636129716 0
2510 470.000310199879 470.000310199879 0.492718374601204 1.97216636129716 0
2511 467.999953030652 467.999953030652 0.492718374601204 1.97216636129716 0
2512 465.999595856495 465.999595856495 0.492718374601204 1.97216636129716 0
2513 464.000346907596 464.000346907596 0.492718374601204 1.97216636129716 0
2514 461.999989722526 461.999989722526 0.492718374601204 1.97216636129716 0
2515 459.999632532527 459.999632532527 0.492718374601204 1.97216636129716 0
2516 458.000383567794 458.000383567794 0.492718374601204 1.97216636129716 0
2517 456.000026366881 456.000026366881 0.492718374601204 1.97216636129716 0
2518 453.999669161039 453.999669161039 0.492718374601204 1.97216636129716 0
2519 452.000420180472 452.000420180472 0.492718374601204 1.97216636129716 0
2520 450.000062963717 450.000062963717 0.492718374601204 1.97216636129716 0
2521 447.999705741327 447.999705741327 0.492718374601204 1.97216636129716 0
2522 446.000456745632 446.000456745632 0.492718374601204 1.97216636129716 0
2523 444.000099513034 444.000099513034 0.492718374601204 1.97216636129716 0
2524 441.999742274802 441.999742274802 0.492718374601204 1.97216636129716 0
2525 440.00049326292 440.00049326292 0.492718374601204 1.97216636129716 0
2526 438.000136014832 438.000136014832 0.492718374601204 1.97216636129716 0
2527 435.999778760757 435.999778760757 0.492718374601204 1.97216636129716 0
2528 434.000529733041 434.000529733041 0.492718374601204 1.97216636129716 0
2529 432.00017246911 432.00017246911 0.492718374601204 1.97216636129716 0
2530 429.999815199192 429.999815199192 0.492718374601204 1.97216636129716 0
2531 427.999457924345 427.999457924345 0.492718374601204 1.97216636129716 0
2532 426.000208875517 426.000208875517 0.492718374601204 1.97216636129716 0
2533 423.999851590109 423.999851590109 0.492718374601204 1.97216636129716 0
2534 421.999494299419 421.999494299419 0.492718374601204 1.97216636129716 0
2535 420.000245234404 420.000245234404 0.492718374601204 1.97216636129716 0
2536 417.999887933506 417.999887933506 0.492718374601204 1.97216636129716 0
2537 415.999530626973 415.999530626973 0.492718374601204 1.97216636129716 0
2538 414.000281546124 414.000281546124 0.492718374601204 1.97216636129716 0
2539 411.999924229383 411.999924229383 0.492718374601204 1.97216636129716 0
2540 409.999566907008 409.999566907008 0.492718374601204 1.97216636129716 0
2541 408.000317810325 408.000317810325 0.492718374601204 1.97216636129716 0
2542 405.999960477742 405.999960477742 0.492718374601204 1.97216636129716 0
2543 403.999603139171 403.999603139171 0.492718374601204 1.97216636129716 0
2544 402.000354027007 402.000354027007 0.492718374601204 1.97216636129716 0
2545 399.999996678228 399.999996678228 0.492718374601204 1.97216636129716 0
2546 397.999639324167 397.999639324167 0.492718374601204 1.97216636129716 0
2547 396.000390196168 396.000390196168 0.492718374601204 1.97216636129716 0
2548 394.000032831547 394.000032831547 0.492718374601204 1.97216636129716 0
2549 391.999675461643 391.999675461643 0.492718374601204 1.97216636129716 0
2550 390.000426317811 390.000426317811 0.492718374601204 1.97216636129716 0
2551 388.000068936994 388.000068936994 0.492718374601204 1.97216636129716 0
2552 385.9997115516 385.9997115516 0.492718374601204 1.97216636129716 0
2553 384.000462391933 384.000462391933 0.492718374601204 1.97216636129716 0
2554 382.000104995273 382.000104995273 0.492718374601204 1.97216636129716 0
2555 379.999747594036 379.999747594036 0.492718374601204 1.97216636129716 0
2556 378.000498418536 378.000498418536 0.492718374601204 1.97216636129716 0
2557 376.000141006033 376.000141006033 0.492718374601204 1.97216636129716 0
2558 373.999783588601 373.999783588601 0.492718374601204 1.97216636129716 0
2559 372.000534397619 372.000534397619 0.492718374601204 1.97216636129716 0
2560 370.000176969273 370.000176969273 0.492718374601204 1.97216636129716 0
2561 367.999819535998 367.999819535998 0.492718374601204 1.97216636129716 0
2562 365.999462097794 365.999462097794 0.492718374601204 1.97216636129716 0
2563 364.000212884993 364.000212884993 0.492718374601204 1.97216636129716 0
2564 361.999855435875 361.999855435875 0.492718374601204 1.97216636129716 0
2565 359.999497981475 359.999497981475 0.492718374601204 1.97216636129716 0
2566 358.000248753193 358.000248753193 0.492718374601204 1.97216636129716 0
2567 355.999891288233 355.999891288233 0.492718374601204 1.97216636129716 0
2568 353.999533817637 353.999533817637 0.492718374601204 1.97216636129716 0
2569 352.000284573874 352.000284573874 0.492718374601204 1.97216636129716 0
2570 349.99992709307 349.99992709307 0.492718374601204 1.97216636129716 0
2571 347.999569606632 347.999569606632 0.492718374601204 1.97216636129716 0
2572 346.000320346681 346.000320346681 0.492718374601204 1.97216636129716 0
2573 343.999962850035 343.999962850035 0.492718374601204 1.97216636129716 0
2574 341.999605348106 341.999605348106 0.492718374601204 1.97216636129716 0
2575 340.000356072321 340.000356072321 0.492718374601204 1.97216636129716 0
2576 337.999998559832 337.999998559832 0.492718374601204 1.97216636129716 0
2577 335.99964104206 335.99964104206 0.492718374601204 1.97216636129716 0
2578 334.000391750441 334.000391750441 0.492718374601204 1.97216636129716 0
2579 332.000034222109 332.000034222109 0.492718374601204 1.97216636129716 0
2580 329.999676688494 329.999676688494 0.492718374601204 1.97216636129716 0
2581 328.000427380689 328.000427380689 0.492718374601204 1.97216636129716 0
2582 326.000069836513 326.000069836513 0.492718374601204 1.97216636129716 0
2583 323.999712287408 323.999712287408 0.492718374601204 1.97216636129716 0
2584 322.000462963768 322.000462963768 0.492718374601204 1.97216636129716 0
2585 320.000105403749 320.000105403749 0.492718374601204 1.97216636129716 0
2586 317.999747838801 317.999747838801 0.492718374601204 1.97216636129716 0
2587 316.000498499327 316.000498499327 0.492718374601204 1.97216636129716 0
2588 314.000140923465 314.000140923465 0.492718374601204 1.97216636129716 0
2589 311.999783342674 311.999783342674 0.492718374601204 1.97216636129716 0
2590 310.000533987366 310.000533987366 0.492718374601204 1.97216636129716 0
2591 308.000176395661 308.000176395661 0.492718374601204 1.97216636129716 0
2592 305.999818799027 305.999818799027 0.492718374601204 1.97216636129716 0
2593 303.999461196406 303.999461196406 0.492718374601204 1.97216636129716 0
2594 302.000211820336 302.000211820336 0.492718374601204 1.97216636129716 0
2595 299.999854207154 299.999854207154 0.492718374601204 1.97216636129716 0
2596 297.999496589395 297.999496589395 0.492718374601204 1.97216636129716 0
2597 296.000247197491 296.000247197491 0.492718374601204 1.97216636129716 0
2598 293.999889568466 293.999889568466 0.492718374601204 1.97216636129716 0
2599 291.999531934863 291.999531934863 0.492718374601204 1.97216636129716 0
2600 290.000282527125 290.000282527125 0.492718374601204 1.97216636129716 0
2601 287.999924882257 287.999924882257 0.492718374601204 1.97216636129716 0
2602 285.999567232811 285.999567232811 0.492718374601204 1.97216636129716 0
2603 284.000317809239 284.000317809239 0.492718374601204 1.97216636129716 0
2604 281.999960148528 281.999960148528 0.492718374601204 1.97216636129716 0
2605 279.999602482886 279.999602482886 0.492718374601204 1.97216636129716 0
2606 278.00035304348 278.00035304348 0.492718374601204 1.97216636129716 0
2607 275.999995367277 275.999995367277 0.492718374601204 1.97216636129716 0
2608 273.999637685793 273.999637685793 0.492718374601204 1.97216636129716 0
2609 272.0003882302 272.0003882302 0.492718374601204 1.97216636129716 0
2610 270.000030538507 270.000030538507 0.492718374601204 1.97216636129716 0
2611 267.999672841179 267.999672841179 0.492718374601204 1.97216636129716 0
2612 266.000423369751 266.000423369751 0.492718374601204 1.97216636129716 0
2613 264.000065662215 264.000065662215 0.492718374601204 1.97216636129716 0
2614 261.999707949044 261.999707949044 0.492718374601204 1.97216636129716 0
2615 260.000458461782 260.000458461782 0.492718374601204 1.97216636129716 0
2616 258.000100738403 258.000100738403 0.492718374601204 1.97216636129716 0
2617 256.001974250397 256.001974250397 0.492718374601204 1.97216636129716 0
2618 254.020680149591 254.020680149591 0.492718374601204 1.97216636129716 0
2619 252.068947589143 252.068947589143 0.492718374601204 1.97216636129716 0
2620 250.164292348192 250.164292348192 0.492718374601204 1.97216636129716 0
2621 248.322333453535 248.322333453535 0.492718374601204 1.97216636129716 0
2622 246.559003755697 246.559003755697 0.492718374601204 1.97216636129716 0
2623 244.888227254582 244.888227254582 0.492718374601204 1.97216636129716 0
2624 243.325266808342 243.325266808342 0.492718374601204 1.97216636129716 0
2625 241.884287790259 241.884287790259 0.492718374601204 1.97216636129716 0
2626 240.579537672498 240.579537672498 0.492718374601204 1.97216636129716 0
2627 239.421844656798 239.421844656798 0.492718374601204 1.97216636129716 0
2628 238.422868745174 238.422868745174 0.492718374601204 1.97216636129716 0
2629 237.591871498273 237.591871498273 0.492718374601204 1.97216636129716 0
2630 236.937747604144 236.937747604144 0.492718374601204 1.97216636129716 0
2631 236.466572332602 236.466572332602 0.492718374601204 1.97216636129716 0
2632 236.182929682289 236.182929682289 0.492718374601204 1.97216636129716 0
2633 236.088677471913 236.088677471913 0.492718374601204 1.97216636129716 0
2634 236.187056289983 236.187056289983 0.492718374601204 1.97216636129716 0
2635 236.388494766578 236.388494766578 0.492718374601204 1.97216636129716 0
2636 236.607663618849 236.607663618849 0.492718374601204 1.97216636129716 0
2637 236.843628562133 236.843628562133 0.492718374601204 1.97216636129716 0
2638 237.096236267101 237.096236267101 0.492718374601204 1.97216636129716 0
2639 237.365297450832 237.365297450832 0.492718374601204 1.97216636129716 0
2640 237.651019936021 237.651019936021 0.492718374601204 1.97216636129716 0
2641 237.953063834093 237.953063834093 0.492718374601204 1.97216636129716 0
2642 238.271663049018 238.271663049018 0.492718374601204 1.97216636129716 0
2643 238.606607599943 238.606607599943 0.492718374601204 1.97216636129716 0
2644 238.957652437376 238.957652437376 0.492718374601204 1.97216636129716 0
2645 239.325070600676 239.325070600676 0.492718374601204 1.97216636129716 0
2646 239.708619226607 239.708619226607 0.492718374601204 1.97216636129716 0
2647 240.10802101636 240.10802101636 0.492718374601204 1.97216636129716 0
2648 240.523588138891 240.523588138891 0.492718374601204 1.97216636129716 0
2649 240.954830218673 240.954830218673 0.492718374601204 1.97216636129716 0
2650 241.402085496319 241.402085496319 0.492718374601204 1.97216636129716 0
2651 241.865058477217 241.865058477217 0.492718374601204 1.97216636129716 0
2652 242.343420425314 242.343420425314 0.492718374601204 1.97216636129716 0
2653 242.83754865129 242.83754865129 0.492718374601204 1.97216636129716 0
2654 243.34711751064 243.34711751064 0.492718374601204 1.97216636129716 0
2655 243.871768904102 243.871768904102 0.492718374601204 1.97216636129716 0
2656 244.41191913585 244.41191913585 0.492718374601204 1.97216636129716 0
2657 244.966937387515 244.966937387515 0.492718374601204 1.97216636129716 0
2658 245.537265891054 245.537265891054 0.492718374601204 1.97216636129716 0
2659 246.122531320798 246.122531320798 0.492718374601204 1.97216636129716 0
2660 246.722329305308 246.722329305308 0.492718374601204 1.97216636129716 0
2661 247.337140845569 247.337140845569 0.492718374601204 1.97216636129716 0
2662 247.966565608311 247.966565608311 0.492718374601204 1.97216636129716 0
2663 248.610173103185 248.610173103185 0.492718374601204 1.97216636129716 0
2664 249.268482904336 249.268482904336 0.492718374601204 1.97216636129716 0
2665 249.94073539491 249.94073539491 0.492718374601204 1.97216636129716 0
2666 250.627475729031 250.627475729031 0.492718374601204 1.97216636129716 0
2667 251.328261293788 251.328261293788 0.492718374601204 1.97216636129716 0
2668 252.042620844199 252.042620844199 0.492718374601204 1.97216636129716 0
2669 252.771137668024 252.771137668024 0.492718374601204 1.97216636129716 0
2670 253.513345423509 253.513345423509 0.492718374601204 1.97216636129716 0
2671 254.268750068906 254.268750068906 0.492718374601204 1.97216636129716 0
2672 255.037972688846 255.037972688846 0.492718374601204 1.97216636129716 0
2673 255.820137198546 255.820137198546 0.492718374601204 1.97216636129716 0
2674 256.615889665839 256.615889665839 0.492718374601204 1.97216636129716 0
2675 257.424726892213 257.424726892213 0.492718374601204 1.97216636129716 0
2676 258.246119536812 258.246119536812 0.492718374601204 1.97216636129716 0
2677 259.080750777963 259.080750777963 0.492718374601204 1.97216636129716 0
2678 259.928096876593 259.928096876593 0.492718374601204 1.97216636129716 0
2679 260.787608875361 260.787608875361 0.492718374601204 1.97216636129716 0
2680 261.660006585228 261.660006585228 0.492718374601204 1.97216636129716 0
2681 262.544309731614 262.544309731614 0.492718374601204 1.97216636129716 0
2682 263.441262252157 263.441262252157 0.492718374601204 1.97216636129716 0
2683 264.350308674416 264.350308674416 0.492718374601204 1.97216636129716 0
2684 265.270869827343 265.270869827343 0.492718374601204 1.97216636129716 0
2685 266.203725366915 266.203725366915 0.492718374601204 1.97216636129716 0
2686 267.148302209817 267.148302209817 0.492718374601204 1.97216636129716 0
2687 268.104004470879 268.104004470879 0.492718374601204 1.97216636129716 0
2688 269.071646905949 269.071646905949 0.492718374601204 1.97216636129716 0
2689 270.050156707817 270.050156707817 0.492718374601204 1.97216636129716 0
2690 271.04037167045 271.04037167045 0.492718374601204 1.97216636129716 0
2691 272.04169159527 272.04169159527 0.492718374601204 1.97216636129716 0
2692 273.053494927254 273.053494927254 0.492718374601204 1.97216636129716 0
2693 274.076653446452 274.076653446452 0.492718374601204 1.97216636129716 0
2694 275.110551943979 275.110551943979 0.492718374601204 1.97216636129716 0
2695 276.154554684992 276.154554684992 0.492718374601204 1.97216636129716 0
2696 277.209566720673 277.209566720673 0.492718374601204 1.97216636129716 0
2697 278.27443341723 278.27443341723 0.492718374601204 1.97216636129716 0
2698 279.350081586635 279.350081586635 0.492718374601204 1.97216636129716 0
2699 280.435872928777 280.435872928777 0.492718374601204 1.97216636129716 0
2700 281.531149954412 281.531149954412 0.492718374601204 1.97216636129716 0
2701 282.63687147862 282.63687147862 0.492718374601204 1.97216636129716 0
2702 283.752386417258 283.752386417258 0.492718374601204 1.97216636129716 0
2703 284.87702526453 284.87702526453 0.492718374601204 1.97216636129716 0
2704 286.011778049692 286.011778049692 0.492718374601204 1.97216636129716 0
2705 287.155417915686 287.155417915686 0.492718374601204 1.97216636129716 0
2706 288.308955253243 288.308955253243 0.492718374601204 1.97216636129716 0
2707 289.47171930092 289.47171930092 0.492718374601204 1.97216636129716 0
2708 290.64302208543 290.64302208543 0.492718374601204 1.97216636129716 0
2709 291.823903858539 291.823903858539 0.492718374601204 1.97216636129716 0
2710 293.013096985613 293.013096985613 0.492718374601204 1.97216636129716 0
2711 294.211661160291 294.211661160291 0.492718374601204 1.97216636129716 0
2712 295.418907781523 295.418907781523 0.492718374601204 1.97216636129716 0
2713 296.634132177988 296.634132177988 0.492718374601204 1.97216636129716 0
2714 297.858422520565 297.858422520565 0.492718374601204 1.97216636129716 0
2715 299.091080297498 299.091080297498 0.492718374601204 1.97216636129716 0
2716 300.331391580059 300.331391580059 0.492718374601204 1.97216636129716 0
2717 301.580472174971 301.580472174971 0.492718374601204 1.97216636129716 0
2718 302.836995397983 302.836995397983 0.492718374601204 1.97216636129716 0
2719 304.102095013931 304.102095013931 0.492718374601204 1.97216636129716 0
2720 305.375057193842 305.375057193842 0.492718374601204 1.97216636129716 0
2721 306.655153710608 306.655153710608 0.492718374601204 1.97216636129716 0
2722 307.943544570074 307.943544570074 0.492718374601204 1.97216636129716 0
2723 309.239507409022 309.239507409022 0.492718374601204 1.97216636129716 0
2724 310.542306038868 310.542306038868 0.492718374601204 1.97216636129716 0
2725 311.853125879717 311.853125879717 0.492718374601204 1.97216636129716 0
2726 313.170587936231 313.170587936231 0.492718374601204 1.97216636129716 0
2727 314.495894107791 314.495894107791 0.492718374601204 1.97216636129716 0
2728 315.828308779568 315.828308779568 0.492718374601204 1.97216636129716 0
2729 317.167083428697 317.167083428697 0.492718374601204 1.97216636129716 0
2730 318.513444000326 318.513444000326 0.492718374601204 1.97216636129716 0
2731 319.866647464617 319.866647464617 0.492718374601204 1.97216636129716 0
2732 321.225938400206 321.225938400206 0.492718374601204 1.97216636129716 0
2733 322.592565992621 322.592565992621 0.492718374601204 1.97216636129716 0
2734 323.965104763775 323.965104763775 0.492718374601204 1.97216636129716 0
2735 325.344818951411 325.344818951411 0.492718374601204 1.97216636129716 0
2736 326.730953977582 326.730953977582 0.492718374601204 1.97216636129716 0
2737 328.122743671863 328.122743671863 0.492718374601204 1.97216636129716 0
2738 329.52147420779 329.52147420779 0.492718374601204 1.97216636129716 0
2739 330.926384513966 330.926384513966 0.492718374601204 1.97216636129716 0
2740 332.336702384615 332.336702384615 0.492718374601204 1.97216636129716 0
2741 333.753735165905 333.753735165905 0.492718374601204 1.97216636129716 0
2742 335.176015923747 335.176015923747 0.492718374601204 1.97216636129716 0
2743 336.604865705396 336.604865705396 0.492718374601204 1.97216636129716 0
2744 338.039513278067 338.039513278067 0.492718374601204 1.97216636129716 0
2745 339.479176986344 339.479176986344 0.492718374601204 1.97216636129716 0
2746 340.925197820217 340.925197820217 0.492718374601204 1.97216636129716 0
2747 342.376798813109 342.376798813109 0.492718374601204 1.97216636129716 0
2748 343.833192976333 343.833192976333 0.492718374601204 1.97216636129716 0
2749 345.295740531404 345.295740531404 0.492718374601204 1.97216636129716 0
2750 346.762937445829 346.762937445829 0.492718374601204 1.97216636129716 0
2751 348.236156371222 348.236156371222 0.492718374601204 1.97216636129716 0
2752 349.714611329118 349.714611329118 0.492718374601204 1.97216636129716 0
2753 351.197506952216 351.197506952216 0.492718374601204 1.97216636129716 0
2754 352.686233987519 352.686233987519 0.492718374601204 1.97216636129716 0
2755 354.180001343848 354.180001343848 0.492718374601204 1.97216636129716 0
2756 355.678008909302 355.678008909302 0.492718374601204 1.97216636129716 0
2757 357.181664857844 357.181664857844 0.492718374601204 1.97216636129716 0
2758 358.689431835619 358.689431835619 0.492718374601204 1.97216636129716 0
2759 360.202729281009 360.202729281009 0.492718374601204 1.97216636129716 0
2760 361.720758052155 361.720758052155 0.492718374601204 1.97216636129716 0
2761 363.242710542846 363.242710542846 0.492718374601204 1.97216636129716 0
2762 364.770022573351 364.770022573351 0.492718374601204 1.97216636129716 0
2763 366.301890424549 366.301890424549 0.492718374601204 1.97216636129716 0
2764 367.837502222558 367.837502222558 0.492718374601204 1.97216636129716 0
2765 369.378309573109 369.378309573109 0.492718374601204 1.97216636129716 0
2766 370.922745090306 370.922745090306 0.492718374601204 1.97216636129716 0
2767 372.472270575522 372.472270575522 0.492718374601204 1.97216636129716 0
2768 374.026075060087 374.026075060087 0.492718374601204 1.97216636129716 0
2769 375.58333991782 375.58333991782 0.492718374601204 1.97216636129716 0
2770 377.145541777064 377.145541777064 0.492718374601204 1.97216636129716 0
2771 378.711865532229 378.711865532229 0.492718374601204 1.97216636129716 0
2772 380.281488703575 380.281488703575 0.492718374601204 1.97216636129716 0
2773 381.855902198411 381.855902198411 0.492718374601204 1.97216636129716 0
2774 383.433511485015 383.433511485015 0.492718374601204 1.97216636129716 0
2775 385.015816693543 385.015816693543 0.492718374601204 1.97216636129716 0
2776 386.601996158213 386.601996158213 0.492718374601204 1.97216636129716 0
2777 388.191221275624 388.191221275624 0.492718374601204 1.97216636129716 0
2778 389.785005594238 389.785005594238 0.492718374601204 1.97216636129716 0
2779 391.382523690129 391.382523690129 0.492718374601204 1.97216636129716 0
2780 392.982943457766 392.982943457766 0.492718374601204 1.97216636129716 0
2781 394.587791366602 394.587791366602 0.492718374601204 1.97216636129716 0
2782 396.195448262298 396.195448262298 0.492718374601204 1.97216636129716 0
2783 397.807448962861 397.807448962861 0.492718374601204 1.97216636129716 0
2784 399.42296207279 399.42296207279 0.492718374601204 1.97216636129716 0
2785 401.041149904505 401.041149904505 0.492718374601204 1.97216636129716 0
2786 402.663559412447 402.663559412447 0.492718374601204 1.97216636129716 0
2787 404.289355778237 404.289355778237 0.492718374601204 1.97216636129716 0
2788 405.917698108937 405.917698108937 0.492718374601204 1.97216636129716 0
2789 407.550145056327 407.550145056327 0.492718374601204 1.97216636129716 0
2790 409.18505508705 409.18505508705 0.492718374601204 1.97216636129716 0
2791 410.823994413807 410.823994413807 0.492718374601204 1.97216636129716 0
2792 412.466122754019 412.466122754019 0.492718374601204 1.97216636129716 0
2793 414.110594102141 414.110594102141 0.492718374601204 1.97216636129716 0
2794 415.758985665627 415.758985665627 0.492718374601204 1.97216636129716 0
2795 417.410454026659 417.410454026659 0.492718374601204 1.97216636129716 0
2796 419.064150238798 419.064150238798 0.492718374601204 1.97216636129716 0
2797 420.721662105537 420.721662105537 0.492718374601204 1.97216636129716 0
2798 422.381327688442 422.381327688442 0.492718374601204 1.97216636129716 0
2799 424.044741638808 424.044741638808 0.492718374601204 1.97216636129716 0
2800 425.71105552523 425.71105552523 0.492718374601204 1.97216636129716 0
2801 427.379415704781 427.379415704781 0.492718374601204 1.97216636129716 0
2802 429.05142679445 429.05142679445 0.492718374601204 1.97216636129716 0
2803 430.726237482155 430.726237482155 0.492718374601204 1.97216636129716 0
2804 432.402991412208 432.402991412208 0.492718374601204 1.97216636129716 0
2805 434.083302818288 434.083302818288 0.492718374601204 1.97216636129716 0
2806 435.765491110461 435.765491110461 0.492718374601204 1.97216636129716 0
2807 437.451176733636 437.451176733636 0.492718374601204 1.97216636129716 0
2808 439.139503761112 439.139503761112 0.492718374601204 1.97216636129716 0
2809 440.829611502442 440.829611502442 0.492718374601204 1.97216636129716 0
2810 442.5231294482 442.5231294482 0.492718374601204 1.97216636129716 0
2811 444.219199009922 444.219199009922 0.492718374601204 1.97216636129716 0
2812 445.916957000439 445.916957000439 0.492718374601204 1.97216636129716 0
2813 447.618041631736 447.618041631736 0.492718374601204 1.97216636129716 0
2814 449.320755245413 449.320755245413 0.492718374601204 1.97216636129716 0
2815 451.026741701948 451.026741701948 0.492718374601204 1.97216636129716 0
2816 452.735138155123 452.735138155123 0.492718374601204 1.97216636129716 0
2817 454.445077404466 454.445077404466 0.492718374601204 1.97216636129716 0
2818 456.158211532507 456.158211532507 0.492718374601204 1.97216636129716 0
2819 457.873675234811 457.873675234811 0.492718374601204 1.97216636129716 0
2820 459.590598997168 459.590598997168 0.492718374601204 1.97216636129716 0
2821 461.310642835576 461.310642835576 0.492718374601204 1.97216636129716 0
2822 463.032093420553 463.032093420553 0.492718374601204 1.97216636129716 0
2823 464.756615901851 464.756615901851 0.492718374601204 1.97216636129716 0
2824 466.483341037756 466.483341037756 0.492718374601204 1.97216636129716 0
2825 468.211395596626 468.211395596626 0.492718374601204 1.97216636129716 0
2826 469.942452209904 469.942452209904 0.492718374601204 1.97216636129716 0
2827 471.716725626132 471.716725626132 0.492718374601204 1.97216636129716 0
2828 473.566486731882 473.566486731882 0.492718374601204 1.97216636129716 0
2829 475.474819713255 475.474819713255 0.492718374601204 1.97216636129716 0
2830 477.429466636745 477.429466636745 0.492718374601204 1.97216636129716 0
2831 479.413887911057 479.413887911057 0.492718374601204 1.97216636129716 0
2832 481.411971995335 481.411971995335 0.492718374601204 1.97216636129716 0
2833 483.409257733235 483.409257733235 0.492718374601204 1.97216636129716 0
2834 485.390680794602 485.390680794602 0.492718374601204 1.97216636129716 0
2835 487.340748838016 487.340748838016 0.492718374601204 1.97216636129716 0
2836 489.246451837669 489.246451837669 0.492718374601204 1.97216636129716 0
2837 491.092421957229 491.092421957229 0.492718374601204 1.97216636129716 0
2838 492.865922095597 492.865922095597 0.492718374601204 1.97216636129716 0
2839 494.555210316627 494.555210316627 0.492718374601204 1.97216636129716 0
2840 496.14635362317 496.14635362317 0.492718374601204 1.97216636129716 0
2841 497.629406349 497.629406349 0.492718374601204 1.97216636129716 0
2842 498.994712075063 498.994712075063 0.492718374601204 1.97216636129716 0
2843 500.232017044466 500.232017044466 0.492718374601204 1.97216636129716 0
2844 501.332985872627 501.332985872627 0.492718374601204 1.97216636129716 0
2845 502.366176447303 502.366176447303 0.492718374601204 1.97216636129716 0
2846 503.403780354609 503.403780354609 0.492718374601204 1.97216636129716 0
2847 504.447753530225 504.447753530225 0.492718374601204 1.97216636129716 0
2848 505.49748650926 505.49748650926 0.492718374601204 1.97216636129716 0
2849 506.552357164528 506.552357164528 0.492718374601204 1.97216636129716 0
2850 507.61349928734 507.61349928734 0.492718374601204 1.97216636129716 0
2851 508.680294121423 508.680294121423 0.492718374601204 1.97216636129716 0
2852 509.752110494464 509.752110494464 0.492718374601204 1.97216636129716 0
2853 510.830101311786 510.830101311786 0.492718374601204 1.97216636129716 0
2854 511.913638729994 511.913638729994 0.492718374601204 1.97216636129716 0
2855 513.002082732092 513.002082732092 0.492718374601204 1.97216636129716 0
2856 514.096605009789 514.096605009789 0.492718374601204 1.97216636129716 0
2857 515.1965688318 515.1965688318 0.492718374601204 1.97216636129716 0
2858 516.301939418981 516.301939418981 0.492718374601204 1.97216636129716 0
2859 517.412065268854 517.412065268854 0.492718374601204 1.97216636129716 0
2860 518.528142612112 518.528142612112 0.492718374601204 1.97216636129716 0
2861 519.649523172911 519.649523172911 0.492718374601204 1.97216636129716 0
2862 520.775547058673 520.775547058673 0.492718374601204 1.97216636129716 0
2863 521.907428525592 521.907428525592 0.492718374601204 1.97216636129716 0
2864 523.044510863096 523.044510863096 0.492718374601204 1.97216636129716 0
2865 524.186125976567 524.186125976567 0.492718374601204 1.97216636129716 0
2866 525.333505825237 525.333505825237 0.492718374601204 1.97216636129716 0
2867 526.485985451718 526.485985451718 0.492718374601204 1.97216636129716 0
2868 527.642888742235 527.642888742235 0.492718374601204 1.97216636129716 0
2869 528.80546504019 528.80546504019 0.492718374601204 1.97216636129716 0
2870 529.973041324203 529.973041324203 0.492718374601204 1.97216636129716 0
2871 531.144933642937 531.144933642937 0.492718374601204 1.97216636129716 0
2872 532.322408404623 532.322408404623 0.492718374601204 1.97216636129716 0
2873 533.504784704695 533.504784704695 0.492718374601204 1.97216636129716 0
2874 534.691370930092 534.691370930092 0.492718374601204 1.97216636129716 0
2875 535.88345023979 535.88345023979 0.492718374601204 1.97216636129716 0
2876 537.080334021353 537.080334021353 0.492718374601204 1.97216636129716 0
2877 538.28132317254 538.28132317254 0.492718374601204 1.97216636129716 0
2878 539.487717291602 539.487717291602 0.492718374601204 1.97216636129716 0
2879 540.698820229682 540.698820229682 0.492718374601204 1.97216636129716 0
2880 541.913925564462 541.913925564462 0.492718374601204 1.97216636129716 0
2881 543.134349024778 543.134349024778 0.492718374601204 1.97216636129716 0
2882 544.359387093617 544.359387093617 0.492718374601204 1.97216636129716 0
2883 545.588326193209 545.588326193209 0.492718374601204 1.97216636129716 0
2884 546.822497877649 546.822497877649 0.492718374601204 1.97216636129716 0
2885 548.061191426908 548.061191426908 0.492718374601204 1.97216636129716 0
2886 549.303686268148 549.303686268148 0.492718374601204 1.97216636129716 0
2887 550.551329478704 550.551329478704 0.492718374601204 1.97216636129716 0
2888 551.803403296945 551.803403296945 0.492718374601204 1.97216636129716 0
2889 553.05987763208 553.05987763208 0.492718374601204 1.97216636129716 0
2890 554.320022825903 554.320022825903 0.492718374601204 1.97216636129716 0
2891 555.585206193345 555.585206193345 0.492718374601204 1.97216636129716 0
2892 556.854700826358 556.854700826358 0.492718374601204 1.97216636129716 0
2893 558.12777043278 558.12777043278 0.492718374601204 1.97216636129716 0
2894 559.405797162053 559.405797162053 0.492718374601204 1.97216636129716 0
2895 560.688047424669 560.688047424669 0.492718374601204 1.97216636129716 0
2896 561.973778442308 561.973778442308 0.492718374601204 1.97216636129716 0
2897 563.264386910544 563.264386910544 0.492718374601204 1.97216636129716 0
2898 564.559132706331 564.559132706331 0.492718374601204 1.97216636129716 0
2899 565.857266710763 565.857266710763 0.492718374601204 1.97216636129716 0
2900 567.160199880317 567.160199880317 0.492718374601204 1.97216636129716 0
2901 568.467185704166 568.467185704166 0.492718374601204 1.97216636129716 0
2902 569.77746886351 569.77746886351 0.492718374601204 1.97216636129716 0
2903 571.092474295329 571.092474295329 0.492718374601204 1.97216636129716 0
2904 572.41144924286 572.41144924286 0.492718374601204 1.97216636129716 0
2905 573.733632324628 573.733632324628 0.492718374601204 1.97216636129716 0
2906 575.060462182407 575.060462182407 0.492718374601204 1.97216636129716 0
2907 576.391179951234 576.391179951234 0.492718374601204 1.97216636129716 0
2908 577.725018322662 577.725018322662 0.492718374601204 1.97216636129716 0
2909 579.063429369024 579.063429369024 0.492718374601204 1.97216636129716 0
2910 580.405648253668 580.405648253668 0.492718374601204 1.97216636129716 0
2911 581.750901871448 581.750901871448 0.492718374601204 1.97216636129716 0
2912 583.100655458872 583.100655458872 0.492718374601204 1.97216636129716 0
2913 584.454138337778 584.454138337778 0.492718374601204 1.97216636129716 0
2914 585.810571734759 585.810571734759 0.492718374601204 1.97216636129716 0
2915 587.171433787089 587.171433787089 0.492718374601204 1.97216636129716 0
2916 588.535948103468 588.535948103468 0.492718374601204 1.97216636129716 0
2917 589.903330367015 589.903330367015 0.492718374601204 1.97216636129716 0
2918 591.275071357021 591.275071357021 0.492718374601204 1.97216636129716 0
2919 592.650389093786 592.650389093786 0.492718374601204 1.97216636129716 0
2920 594.029258734219 594.029258734219 0.492718374601204 1.97216636129716 0
2921 595.410888758579 595.410888758579 0.492718374601204 1.97216636129716 0
2922 596.796786407884 596.796786407884 0.492718374601204 1.97216636129716 0
2923 598.186162440781 598.186162440781 0.492718374601204 1.97216636129716 0
2924 599.578220073284 599.578220073284 0.492718374601204 1.97216636129716 0
2925 600.974478601135 600.974478601135 0.492718374601204 1.97216636129716 0
2926 602.374143475406 602.374143475406 0.492718374601204 1.97216636129716 0
2927 603.77641276282 603.77641276282 0.492718374601204 1.97216636129716 0
2928 605.182817569195 605.182817569195 0.492718374601204 1.97216636129716 0
2929 606.592558153258 606.592558153258 0.492718374601204 1.97216636129716 0
2930 608.004827544529 608.004827544529 0.492718374601204 1.97216636129716 0
2931 609.421168419447 609.421168419447 0.492718374601204 1.97216636129716 0
2932 610.840775956774 610.840775956774 0.492718374601204 1.97216636129716 0
2933 612.26283825737 612.26283825737 0.492718374601204 1.97216636129716 0
2934 613.688909333297 613.688909333297 0.492718374601204 1.97216636129716 0
2935 615.118179392951 615.118179392951 0.492718374601204 1.97216636129716 0
2936 616.549831714828 616.549831714828 0.492718374601204 1.97216636129716 0
2937 617.98543141581 617.98543141581 0.492718374601204 1.97216636129716 0
2938 619.424163840802 619.424163840802 0.492718374601204 1.97216636129716 0
2939 620.865207549577 620.865207549577 0.492718374601204 1.97216636129716 0
2940 622.310138537442 622.310138537442 0.492718374601204 1.97216636129716 0
2941 623.758137390556 623.758137390556 0.492718374601204 1.97216636129716 0
2942 625.208378049469 625.208378049469 0.492718374601204 1.97216636129716 0
2943 626.662447167452 626.662447167452 0.492718374601204 1.97216636129716 0
2944 628.119520672537 628.119520672537 0.492718374601204 1.97216636129716 0
2945 629.578767986345 629.578767986345 0.492718374601204 1.97216636129716 0
2946 631.041786200169 631.041786200169 0.492718374601204 1.97216636129716 0
2947 632.507746684324 632.507746684324 0.492718374601204 1.97216636129716 0
2948 633.975814437026 633.975814437026 0.492718374601204 1.97216636129716 0
2949 635.447596775046 635.447596775046 0.492718374601204 1.97216636129716 0
2950 636.922260606879 636.922260606879 0.492718374601204 1.97216636129716 0
2951 638.399785963484 638.399785963484 0.492718374601204 1.97216636129716 0
2952 639.879332091582 639.879332091582 0.492718374601204 1.97216636129716 0
2953 641.362519618096 641.362519618096 0.492718374601204 1.97216636129716 0
2954 642.84850964762 642.84850964762 0.492718374601204 1.97216636129716 0
2955 644.336457218606 644.336457218606 0.492718374601204 1.97216636129716 0
2956 645.827992701507 645.827992701507 0.492718374601204 1.97216636129716 0
2957 647.322272956238 647.322272956238 0.492718374601204 1.97216636129716 0
2958 648.818448900998 648.818448900998 0.492718374601204 1.97216636129716 0
2959 650.318160451347 650.318160451347 0.492718374601204 1.97216636129716 0
2960 651.820560310925 651.820560310925 0.492718374601204 1.97216636129716 0
2961 653.324795363231 653.324795363231 0.492718374601204 1.97216636129716 0
2962 654.832514874649 654.832514874649 0.492718374601204 1.97216636129716 0
2963 656.342867478747 656.342867478747 0.492718374601204 1.97216636129716 0
2964 657.854996109056 657.854996109056 0.492718374601204 1.97216636129716 0
2965 659.370559191265 659.370559191265 0.492718374601204 1.97216636129716 0
2966 660.888701372922 660.888701372922 0.492718374601204 1.97216636129716 0
2967 662.40856172026 662.40856172026 0.492718374601204 1.97216636129716 0
2968 663.931807631026 663.931807631026 0.492718374601204 1.97216636129716 0
2969 665.457579849255 665.457579849255 0.492718374601204 1.97216636129716 0
2970 666.98501365373 666.98501365373 0.492718374601204 1.97216636129716 0
2971 668.515785230975 668.515785230975 0.492718374601204 1.97216636129716 0
2972 670.049031502796 670.049031502796 0.492718374601204 1.97216636129716 0
2973 671.583884037599 671.583884037599 0.492718374601204 1.97216636129716 0
2974 673.122027631839 673.122027631839 0.492718374601204 1.97216636129716 0
2975 674.662595463613 674.662595463613 0.492718374601204 1.97216636129716 0
2976 676.204715466902 676.204715466902 0.492718374601204 1.97216636129716 0
2977 677.750080872828 677.750080872828 0.492718374601204 1.97216636129716 0
2978 679.297821192647 679.297821192647 0.492718374601204 1.97216636129716 0
2979 680.847060799191 680.847060799191 0.492718374601204 1.97216636129716 0
2980 682.39950118758 682.39950118758 0.492718374601204 1.97216636129716 0
2981 683.954268276414 683.954268276414 0.492718374601204 1.97216636129716 0
2982 685.511346234497 685.511346234497 0.492718374601204 1.97216636129716 0
2983 687.069854800285 687.069854800285 0.492718374601204 1.97216636129716 0
2984 688.631506224989 688.631506224989 0.492718374601204 1.97216636129716 0
2985 690.195421751359 690.195421751359 0.492718374601204 1.97216636129716 0
2986 691.760717722606 691.760717722606 0.492718374601204 1.97216636129716 0
2987 693.329114268169 693.329114268169 0.492718374601204 1.97216636129716 0
2988 694.899729205799 694.899729205799 0.492718374601204 1.97216636129716 0
2989 696.471675551691 696.471675551691 0.492718374601204 1.97216636129716 0
2990 698.046681154185 698.046681154185 0.492718374601204 1.97216636129716 0
2991 699.623860474612 699.623860474612 0.492718374601204 1.97216636129716 0
2992 701.202323269837 701.202323269837 0.492718374601204 1.97216636129716 0
2993 702.78380494989 702.78380494989 0.492718374601204 1.97216636129716 0
2994 704.36741668715 704.36741668715 0.492718374601204 1.97216636129716 0
2995 705.952265044401 705.952265044401 0.492718374601204 1.97216636129716 0
2996 707.540092841256 707.540092841256 0.492718374601204 1.97216636129716 0
2997 709.130008026717 709.130008026717 0.492718374601204 1.97216636129716 0
2998 710.721114032336 710.721114032336 0.492718374601204 1.97216636129716 0
2999 712.315160938578 712.315160938578 0.492718374601204 1.97216636129716 0
3000 713.911253535069 713.911253535069 0.492718374601204 1.97216636129716 0
3001 715.508492184296 715.508492184296 0.492718374601204 1.97216636129716 0
3002 717.108634081306 717.108634081306 0.492718374601204 1.97216636129716 0
3003 718.710780918825 718.710780918825 0.492718374601204 1.97216636129716 0
3004 720.314030050954 720.314030050954 0.492718374601204 1.97216636129716 0
3005 721.920145645147 721.920145645147 0.492718374601204 1.97216636129716 0
3006 723.528226358212 723.528226358212 0.492718374601204 1.97216636129716 0
3007 725.137366594259 725.137366594259 0.492718374601204 1.97216636129716 0
3008 726.749337354156 726.749337354156 0.492718374601204 1.97216636129716 0
3009 728.363234318319 728.363234318319 0.492718374601204 1.97216636129716 0
3010 729.979044711731 729.979044711731 0.492718374601204 1.97216636129716 0
3011 731.595859092592 731.595859092592 0.492718374601204 1.97216636129716 0
3012 733.215457363537 733.215457363537 0.492718374601204 1.97216636129716 0
3013 734.836931325603 734.836931325603 0.492718374601204 1.97216636129716 0
3014 736.459368720888 736.459368720888 0.492718374601204 1.97216636129716 0
3015 738.084555971888 738.084555971888 0.492718374601204 1.97216636129716 0
3016 739.711582036732 739.711582036732 0.492718374601204 1.97216636129716 0
3017 741.339531894138 741.339531894138 0.492718374601204 1.97216636129716 0
3018 742.970198357885 742.970198357885 0.492718374601204 1.97216636129716 0
3019 744.602667598168 744.602667598168 0.492718374601204 1.97216636129716 0
3020 746.23602188347 746.23602188347 0.492718374601204 1.97216636129716 0
3021 747.872060292613 747.872060292613 0.492718374601204 1.97216636129716 0
3022 749.509866261538 749.509866261538 0.492718374601204 1.97216636129716 0
3023 751.14851940068 751.14851940068 0.492718374601204 1.97216636129716 0
3024 752.78982492964 752.78982492964 0.492718374601204 1.97216636129716 0
3025 754.432863603682 754.432863603682 0.492718374601204 1.97216636129716 0
3026 756.07671242444 756.07671242444 0.492718374601204 1.97216636129716 0
3027 757.723182633396 757.723182633396 0.492718374601204 1.97216636129716 0
3028 759.371352354906 759.371352354906 0.492718374601204 1.97216636129716 0
3029 761.020296032748 761.020296032748 0.492718374601204 1.97216636129716 0
3030 762.671830810647 762.671830810647 0.492718374601204 1.97216636129716 0
3031 764.325032233218 764.325032233218 0.492718374601204 1.97216636129716 0
3032 765.978972234168 765.978972234168 0.492718374601204 1.97216636129716 0
3033 767.635473745078 767.635473745078 0.492718374601204 1.97216636129716 0
3034 769.293609779105 769.293609779105 0.492718374601204 1.97216636129716 0
3035 770.952449806534 770.952449806534 0.492718374601204 1.97216636129716 0
3036 772.613822435032 772.613822435032 0.492718374601204 1.97216636129716 0
3037 774.226458732647 774.226458732647 0.492718374601204 1.97216636129716 0
3038 775.73084957423 775.73084957423 0.492718374601204 1.97216636129716 0
3039 777.118591444146 777.118591444146 0.492718374601204 1.97216636129716 0
3040 778.378660900404 778.378660900404 0.492718374601204 1.97216636129716 0
3041 779.501302642283 779.501302642283 0.492718374601204 1.97216636129716 0
3042 780.479401564686 780.479401564686 0.492718374601204 1.97216636129716 0
3043 781.306003373322 781.306003373322 0.492718374601204 1.97216636129716 0
3044 781.975815954412 781.975815954412 0.492718374601204 1.97216636129716 0
3045 782.483291150779 782.483291150779 0.492718374601204 1.97216636129716 0
3046 782.824882009534 782.824882009534 0.492718374601204 1.97216636129716 0
3047 782.99916697775 782.99916697775 0.492718374601204 1.97216636129716 0
3048 783.004180276608 783.004180276608 0.492718374601204 1.97216636129716 0
3049 782.840206251546 782.840206251546 0.492718374601204 1.97216636129716 0
3050 782.507384032732 782.507384032732 0.492718374601204 1.97216636129716 0
3051 782.009146856855 782.009146856855 0.492718374601204 1.97216636129716 0
3052 781.349629573997 781.349629573997 0.492718374601204 1.97216636129716 0
3053 780.530962376455 780.530962376455 0.492718374601204 1.97216636129716 0
3054 779.560987052638 779.560987052638 0.492718374601204 1.97216636129716 0
3055 778.519575863921 778.519575863921 0.492718374601204 1.97216636129716 0
3056 777.480969043994 777.480969043994 0.492718374601204 1.97216636129716 0
3057 776.44612690229 776.44612690229 0.492718374601204 1.97216636129716 0
3058 775.415569499929 775.415569499929 0.492718374601204 1.97216636129716 0
3059 774.388300089936 774.388300089936 0.492718374601204 1.97216636129716 0
3060 773.3653418944 773.3653418944 0.492718374601204 1.97216636129716 0
3061 772.345705675907 772.345705675907 0.492718374601204 1.97216636129716 0
3062 771.330407210958 771.330407210958 0.492718374601204 1.97216636129716 0
3063 770.318464830048 770.318464830048 0.492718374601204 1.97216636129716 0
3064 769.310886805355 769.310886805355 0.492718374601204 1.97216636129716 0
3065 768.30669908927 768.30669908927 0.492718374601204 1.97216636129716 0
3066 767.306412528493 767.306412528493 0.492718374601204 1.97216636129716 0
3067 766.310530332166 766.310530332166 0.492718374601204 1.97216636129716 0
3068 765.318089997979 765.318089997979 0.492718374601204 1.97216636129716 0
3069 764.330080759457 764.330080759457 0.492718374601204 1.97216636129716 0
3070 763.345547882025 763.345547882025 0.492718374601204 1.97216636129716 0
3071 762.365472876223 762.365472876223 0.492718374601204 1.97216636129716 0
3072 761.388908830203 761.388908830203 0.492718374601204 1.97216636129716 0
3073 760.416829467927 760.416829467927 0.492718374601204 1.97216636129716 0
3074 759.448295760244 759.448295760244 0.492718374601204 1.97216636129716 0
3075 758.484273579532 758.484273579532 0.492718374601204 1.97216636129716 0
3076 757.523831836295 757.523831836295 0.492718374601204 1.97216636129716 0
3077 756.567460220929 756.567460220929 0.492718374601204 1.97216636129716 0
3078 755.615640448888 755.615640448888 0.492718374601204 1.97216636129716 0
3079 754.667453448535 754.667453448535 0.492718374601204 1.97216636129716 0
3080 753.723845188848 753.723845188848 0.492718374601204 1.97216636129716 0
3081 752.783904682456 752.783904682456 0.492718374601204 1.97216636129716 0
3082 751.84856982359 751.84856982359 0.492718374601204 1.97216636129716 0
3083 750.91693776794 750.91693776794 0.492718374601204 1.97216636129716 0
3084 749.989938272773 749.989938272773 0.492718374601204 1.97216636129716 0
3085 749.066676690955 749.066676690955 0.492718374601204 1.97216636129716 0
3086 748.147624657057 748.147624657057 0.492718374601204 1.97216636129716 0
3087 747.233245549957 747.233245549957 0.492718374601204 1.97216636129716 0
3088 746.322657129905 746.322657129905 0.492718374601204 1.97216636129716 0
3089 745.416768529961 745.416768529961 0.492718374601204 1.97216636129716 0
3090 744.514705854378 744.514705854378 0.492718374601204 1.97216636129716 0
3091 743.617369875964 743.617369875964 0.492718374601204 1.97216636129716 0
3092 742.723895095954 742.723895095954 0.492718374601204 1.97216636129716 0
3093 741.835173862373 741.835173862373 0.492718374601204 1.97216636129716 0
3094 740.950349135914 740.950349135914 0.492718374601204 1.97216636129716 0
3095 740.070304770748 740.070304770748 0.492718374601204 1.97216636129716 0
3096 739.194192243264 739.194192243264 0.492718374601204 1.97216636129716 0
3097 738.322460190401 738.322460190401 0.492718374601204 1.97216636129716 0
3098 737.455548648153 737.455548648153 0.492718374601204 1.97216636129716 0
3099 736.592621973429 736.592621973429 0.492718374601204 1.97216636129716 0
3100 735.734542509703 735.734542509703 0.492718374601204 1.97216636129716 0
3101 734.880483272481 734.880483272481 0.492718374601204 1.97216636129716 0
3102 734.031297886005 734.031297886005 0.492718374601204 1.97216636129716 0
3103 733.186168082394 733.186168082394 0.492718374601204 1.97216636129716 0
3104 732.345938703471 732.345938703471 0.492718374601204 1.97216636129716 0
3105 731.509800251598 731.509800251598 0.492718374601204 1.97216636129716 0
3106 730.678181777401 730.678181777401 0.492718374601204 1.97216636129716 0
3107 729.851503447899 729.851503447899 0.492718374601204 1.97216636129716 0
3108 729.028969030455 729.028969030455 0.492718374601204 1.97216636129716 0
3109 728.211401126363 728.211401126363 0.492718374601204 1.97216636129716 0
3110 727.398012417665 727.398012417665 0.492718374601204 1.97216636129716 0
3111 726.589616496584 726.589616496584 0.492718374601204 1.97216636129716 0
3112 725.785435012972 725.785435012972 0.492718374601204 1.97216636129716 0
3113 724.986272486355 724.986272486355 0.492718374601204 1.97216636129716 0
3114 724.191359592895 724.191359592895 0.492718374601204 1.97216636129716 0
3115 723.401491712829 723.401491712829 0.492718374601204 1.97216636129716 0
3116 722.615908602405 722.615908602405 0.492718374601204 1.97216636129716 0
3117 721.835014426182 721.835014426182 0.492718374601204 1.97216636129716 0
3118 721.059204120222 721.059204120222 0.492718374601204 1.97216636129716 0
3119 720.287731167042 720.287731167042 0.492718374601204 1.97216636129716 0
3120 719.521367820679 719.521367820679 0.492718374601204 1.97216636129716 0
3121 718.759376783012 718.759376783012 0.492718374601204 1.97216636129716 0
3122 718.002520942792 718.002520942792 0.492718374601204 1.97216636129716 0
3123 717.250072276601 717.250072276601 0.492718374601204 1.97216636129716 0
3124 716.502784246801 716.502784246801 0.492718374601204 1.97216636129716 0
3125 715.75993815872 715.75993815872 0.492718374601204 1.97216636129716 0
3126 715.02191703747 715.02191703747 0.492718374601204 1.97216636129716 0
3127 714.289094406511 714.289094406511 0.492718374601204 1.97216636129716 0
3128 713.560765666565 713.560765666565 0.492718374601204 1.97216636129716 0
3129 712.83766043053 712.83766043053 0.492718374601204 1.97216636129716 0
3130 712.119083564646 712.119083564646 0.492718374601204 1.97216636129716 0
3131 711.405755032203 711.405755032203 0.492718374601204 1.97216636129716 0
3132 710.696989215596 710.696989215596 0.492718374601204 1.97216636129716 0
3133 709.993496365567 709.993496365567 0.492718374601204 1.97216636129716 0
3134 709.294600435008 709.294600435008 0.492718374601204 1.97216636129716 0
3135 708.601001900296 708.601001900296 0.492718374601204 1.97216636129716 0
3136 707.91203433567 707.91203433567 0.492718374601204 1.97216636129716 0
3137 707.22805399232 707.22805399232 0.492718374601204 1.97216636129716 0
3138 706.549407283815 706.549407283815 0.492718374601204 1.97216636129716 0
3139 705.875442317353 705.875442317353 0.492718374601204 1.97216636129716 0
3140 705.206834859522 705.206834859522 0.492718374601204 1.97216636129716 0
3141 704.542942768639 704.542942768639 0.492718374601204 1.97216636129716 0
3142 703.88443181839 703.88443181839 0.492718374601204 1.97216636129716 0
3143 703.230669671847 703.230669671847 0.492718374601204 1.97216636129716 0
3144 702.582312049091 702.582312049091 0.492718374601204 1.97216636129716 0
3145 701.938736467745 701.938736467745 0.492718374601204 1.97216636129716 0
3146 701.300276511587 701.300276511587 0.492718374601204 1.97216636129716 0
3147 700.667255667353 700.667255667353 0.492718374601204 1.97216636129716 0
3148 700.03906632743 700.03906632743 0.492718374601204 1.97216636129716 0
3149 699.416338813402 699.416338813402 0.492718374601204 1.97216636129716 0
3150 698.798475497487 698.798475497487 0.492718374601204 1.97216636129716 0
3151 698.186096437121 698.186096437121 0.492718374601204 1.97216636129716 0
3152 697.578614032432 697.578614032432 0.492718374601204 1.97216636129716 0
3153 696.976638016873 696.976638016873 0.492718374601204 1.97216636129716 0
3154 696.379590867214 696.379590867214 0.492718374601204 1.97216636129716 0
3155 695.787782836633 695.787782836633 0.492718374601204 1.97216636129716 0
3156 695.201513823247 695.201513823247 0.492718374601204 1.97216636129716 0
3157 694.620221508676 694.620221508676 0.492718374601204 1.97216636129716 0
3158 694.04448956289 694.04448956289 0.492718374601204 1.97216636129716 0
3159 693.47376586107 693.47376586107 0.492718374601204 1.97216636129716 0
3160 692.908623547739 692.908623547739 0.492718374601204 1.97216636129716 0
3161 692.348520739058 692.348520739058 0.492718374601204 1.97216636129716 0
3162 691.7940199982 691.7940199982 0.492718374601204 1.97216636129716 0
3163 691.244589726616 691.244589726616 0.492718374601204 1.97216636129716 0
3164 690.700781849822 690.700781849822 0.492718374601204 1.97216636129716 0
3165 690.162075101039 690.162075101039 0.492718374601204 1.97216636129716 0
3166 689.628750343481 689.628750343481 0.492718374601204 1.97216636129716 0
3167 689.101077791201 689.101077791201 0.492718374601204 1.97216636129716 0
3168 688.578551759627 688.578551759627 0.492718374601204 1.97216636129716 0
3169 688.06169733713 688.06169733713 0.492718374601204 1.97216636129716 0
3170 687.550019279436 687.550019279436 0.492718374601204 1.97216636129716 0
3171 687.044031846685 687.044031846685 0.492718374601204 1.97216636129716 0
3172 686.543250278949 686.543250278949 0.492718374601204 1.97216636129716 0
3173 686.048177954058 686.048177954058 0.492718374601204 1.97216636129716 0
3174 685.558340639086 685.558340639086 0.492718374601204 1.97216636129716 0
3175 685.073994469108 685.073994469108 0.492718374601204 1.97216636129716 0
3176 684.595384705657 684.595384705657 0.492718374601204 1.97216636129716 0
3177 684.122052982243 684.122052982243 0.492718374601204 1.97216636129716 0
3178 683.654475246812 683.654475246812 0.492718374601204 1.97216636129716 0
3179 683.192203761172 683.192203761172 0.492718374601204 1.97216636129716 0
3180 682.735703412338 682.735703412338 0.492718374601204 1.97216636129716 0
3181 682.284537130434 682.284537130434 0.492718374601204 1.97216636129716 0
3182 681.839158693236 681.839158693236 0.492718374601204 1.97216636129716 0
3183 681.399141735885 681.399141735885 0.492718374601204 1.97216636129716 0
3184 680.96492888 680.96492888 0.492718374601204 1.97216636129716 0
3185 680.536104504743 680.536104504743 0.492718374601204 1.97216636129716 0
3186 680.112893744237 680.112893744237 0.492718374601204 1.97216636129716 0
3187 679.695510603423 679.695510603423 0.492718374601204 1.97216636129716 0
3188 679.283555648942 679.283555648942 0.492718374601204 1.97216636129716 0
3189 678.877443401225 678.877443401225 0.492718374601204 1.97216636129716 0
3190 678.47678526061 678.47678526061 0.492718374601204 1.97216636129716 0
3191 678.081984428928 678.081984428928 0.492718374601204 1.97216636129716 0
3192 677.69266317752 677.69266317752 0.492718374601204 1.97216636129716 0
3193 677.309213343555 677.309213343555 0.492718374601204 1.97216636129716 0
3194 676.931268103053 676.931268103053 0.492718374601204 1.97216636129716 0
3195 676.559026636908 676.559026636908 0.492718374601204 1.97216636129716 0
3196 676.192676809738 676.192676809738 0.492718374601204 1.97216636129716 0
3197 675.831868216788 675.831868216788 0.492718374601204 1.97216636129716 0
3198 675.476964100372 675.476964100372 0.492718374601204 1.97216636129716 0
3199 675.127625042435 675.127625042435 0.492718374601204 1.97216636129716 0
3200 674.78420277444 674.78420277444 0.492718374601204 1.97216636129716 0
3201 674.44636889631 674.44636889631 0.492718374601204 1.97216636129716 0
3202 674.114463590666 674.114463590666 0.492718374601204 1.97216636129716 0
3203 673.788169504062 673.788169504062 0.492718374601204 1.97216636129716 0
3204 673.467815232678 673.467815232678 0.492718374601204 1.97216636129716 0
3205 673.153094499378 673.153094499378 0.492718374601204 1.97216636129716 0
3206 672.84417411975 672.84417411975 0.492718374601204 1.97216636129716 0
3207 672.541209390756 672.541209390756 0.492718374601204 1.97216636129716 0
3208 672.243910704946 672.243910704946 0.492718374601204 1.97216636129716 0
3209 671.952577529064 671.952577529064 0.492718374601204 1.97216636129716 0
3210 671.66693140043 671.66693140043 0.492718374601204 1.97216636129716 0
3211 671.38726007507 671.38726007507 0.492718374601204 1.97216636129716 0
3212 671.1132962612 671.1132962612 0.492718374601204 1.97216636129716 0
3213 670.845315969713 670.845315969713 0.492718374601204 1.97216636129716 0
3214 670.58306310574 670.58306310574 0.492718374601204 1.97216636129716 0
3215 670.326677540878 670.326677540878 0.492718374601204 1.97216636129716 0
3216 670.07628748854 670.07628748854 0.492718374601204 1.97216636129716 0
3217 669.831653694441 669.831653694441 0.492718374601204 1.97216636129716 0
3218 669.593022670036 669.593022670036 0.492718374601204 1.97216636129716 0
3219 669.360166415443 669.360166415443 0.492718374601204 1.97216636129716 0
3220 669.133319591095 669.133319591095 0.492718374601204 1.97216636129716 0
3221 668.912265473151 668.912265473151 0.492718374601204 1.97216636129716 0
3222 668.697226844588 668.697226844588 0.492718374601204 1.97216636129716 0
3223 668.487998277866 668.487998277866 0.492718374601204 1.97216636129716 0
3224 668.284790651802 668.284790651802 0.492718374601204 1.97216636129716 0
3225 668.087409854852 668.087409854852 0.492718374601204 1.97216636129716 0
3226 667.895962354539 667.895962354539 0.492718374601204 1.97216636129716 0
3227 667.710542822257 667.710542822257 0.492718374601204 1.97216636129716 0
3228 667.530974155673 667.530974155673 0.492718374601204 1.97216636129716 0
3229 667.357437367562 667.357437367562 0.492718374601204 1.97216636129716 0
3230 667.18976671508 667.18976671508 0.492718374601204 1.97216636129716 0
3231 667.028131226631 667.028131226631 0.492718374601204 1.97216636129716 0
3232 666.872376534961 666.872376534961 0.492718374601204 1.97216636129716 0
3233 666.722659664288 666.722659664288 0.492718374601204 1.97216636129716 0
3234 666.578837637249 666.578837637249 0.492718374601204 1.97216636129716 0
3235 666.440989281626 666.440989281626 0.492718374601204 1.97216636129716 0
3236 666.30918154458 666.30918154458 0.492718374601204 1.97216636129716 0
3237 666.18328856085 666.18328856085 0.492718374601204 1.97216636129716 0
3238 666.063437263683 666.063437263683 0.492718374601204 1.97216636129716 0
3239 665.949513210168 665.949513210168 0.492718374601204 1.97216636129716 0
3240 665.84163127027 665.84163127027 0.492718374601204 1.97216636129716 0
3241 665.739688434082 665.739688434082 0.492718374601204 1.97216636129716 0
3242 665.643787494507 665.643787494507 0.492718374601204 1.97216636129716 0
3243 665.553836884793 665.553836884793 0.492718374601204 1.97216636129716 0
3244 665.469927308251 665.469927308251 0.492718374601204 1.97216636129716 0
3245 665.391978650167 665.391978650167 0.492718374601204 1.97216636129716 0
3246 665.320035685822 665.320035685822 0.492718374601204 1.97216636129716 0
3247 665.166686121292 665.166686121292 0.492718374601204 1.97216636129716 0
3248 664.84583830664 664.84583830664 0.492718374601204 1.97216636129716 0
3249 664.360989542129 664.360989542129 0.492718374601204 1.97216636129716 0
3250 663.713318784831 663.713318784831 0.492718374601204 1.97216636129716 0
3251 662.909362858938 662.909362858938 0.492718374601204 1.97216636129716 0
3252 661.953285812566 661.953285812566 0.492718374601204 1.97216636129716 0
3253 660.851336179074 660.851336179074 0.492718374601204 1.97216636129716 0
3254 659.613018364394 659.613018364394 0.492718374601204 1.97216636129716 0
3255 658.245475875962 658.245475875962 0.492718374601204 1.97216636129716 0
3256 656.759175620284 656.759175620284 0.492718374601204 1.97216636129716 0
3257 655.163392205454 655.163392205454 0.492718374601204 1.97216636129716 0
3258 653.470755420679 653.470755420679 0.492718374601204 1.97216636129716 0
3259 651.692792331731 651.692792331731 0.492718374601204 1.97216636129716 0
3260 649.843294625696 649.843294625696 0.492718374601204 1.97216636129716 0
3261 647.935026131356 647.935026131356 0.492718374601204 1.97216636129716 0
3262 645.981943864222 645.981943864222 0.492718374601204 1.97216636129716 0
3263 643.999229935155 643.999229935155 0.492718374601204 1.97216636129716 0
3264 641.999975420523 641.999975420523 0.492718374601204 1.97216636129716 0
3265 639.999618705299 639.999618705299 0.492718374601204 1.97216636129716 0
3266 638.000370215575 638.000370215575 0.492718374601204 1.97216636129716 0
3267 636.000013489935 636.000013489935 0.492718374601204 1.97216636129716 0
3268 633.999656759365 633.999656759365 0.492718374601204 1.97216636129716 0
3269 632.000408253807 632.000408253807 0.492718374601204 1.97216636129716 0
3270 630.000051512325 630.000051512325 0.492718374601204 1.97216636129716 0
3271 627.99969476556 627.99969476556 0.492718374601204 1.97216636129716 0
3272 626.000446244522 626.000446244522 0.492718374601204 1.97216636129716 0
3273 624.000089487198 624.000089487198 0.492718374601204 1.97216636129716 0
3274 621.999732724591 621.999732724591 0.492718374601204 1.97216636129716 0
3275 620.00048418772 620.00048418772 0.492718374601204 1.97216636129716 0
3276 618.000127414553 618.000127414553 0.492718374601204 1.97216636129716 0
3277 615.999770635752 615.999770635752 0.492718374601204 1.97216636129716 0
3278 614.0005220834 614.0005220834 0.492718374601204 1.97216636129716 0
3279 612.000165294039 612.000165294039 0.492718374601204 1.97216636129716 0
3280 609.999808499748 609.999808499748 0.492718374601204 1.97216636129716 0
3281 607.999451700528 607.999451700528 0.492718374601204 1.97216636129716 0
3282 606.000203126359 606.000203126359 0.492718374601204 1.97216636129716 0
3283 603.999846316226 603.999846316226 0.492718374601204 1.97216636129716 0
3284 601.999489501165 601.999489501165 0.492718374601204 1.97216636129716 0
3285 600.000240911162 600.000240911162 0.492718374601204 1.97216636129716 0
3286 597.999884085187 597.999884085187 0.492718374601204 1.97216636129716 0
3287 595.999527253578 595.999527253578 0.492718374601204 1.97216636129716 0
3288 594.000278648447 594.000278648447 0.492718374601204 1.97216636129716 0
3289 591.99992180663 591.99992180663 0.492718374601204 1.97216636129716 0
3290 589.999564959179 589.999564959179 0.492718374601204 1.97216636129716 0
3291 588.000316337862 588.000316337862 0.492718374601204 1.97216636129716 0
3292 585.999959480555 585.999959480555 0.492718374601204 1.97216636129716 0
3293 583.999602617262 583.999602617262 0.492718374601204 1.97216636129716 0
3294 582.000353980112 582.000353980112 0.492718374601204 1.97216636129716 0
3295 579.999997106963 579.999997106963 0.492718374601204 1.97216636129716 0
3296 577.999640227827 577.999640227827 0.492718374601204 1.97216636129716 0
3297 576.000391574843 576.000391574843 0.492718374601204 1.97216636129716 0
3298 574.000034685852 574.000034685852 0.492718374601204 1.97216636129716 0
3299 571.999677790875 571.999677790875 0.492718374601204 1.97216636129716 0
3300 570.000429122057 570.000429122057 0.492718374601204 1.97216636129716 0
3301 568.000072216519 568.000072216519 0.492718374601204 1.97216636129716 0
3302 565.999715306404 565.999715306404 0.492718374601204 1.97216636129716 0
3303 564.000466621753 564.000466621753 0.492718374601204 1.97216636129716 0
3304 562.000109700373 562.000109700373 0.492718374601204 1.97216636129716 0
3305 559.999752774415 559.999752774415 0.492718374601204 1.97216636129716 0
3306 558.000504073931 558.000504073931 0.492718374601204 1.97216636129716 0
3307 556.000147136708 556.000147136708 0.492718374601204 1.97216636129716 0
3308 553.999790194909 553.999790194909 0.492718374601204 1.97216636129716 0
3309 552.000541478238 552.000541478238 0.492718374601204 1.97216636129716 0
3310 550.000184525526 550.000184525526 0.492718374601204 1.97216636129716 0
3311 547.999827567884 547.999827567884 0.492718374601204 1.97216636129716 0
3312 545.999470604255 545.999470604255 0.492718374601204 1.97216636129716 0
3313 544.000221866825 544.000221866825 0.492718374601204 1.97216636129716 0
3314 541.999864892989 541.999864892989 0.492718374601204 1.97216636129716 0
3315 539.99950791387 539.99950791387 0.492718374601204 1.97216636129716 0
3316 538.000259160606 538.000259160606 0.492718374601204 1.97216636129716 0
3317 535.999902170927 535.999902170927 0.492718374601204 1.97216636129716 0
3318 533.999545175966 533.999545175966 0.492718374601204 1.97216636129716 0
3319 532.000296406869 532.000296406869 0.492718374601204 1.97216636129716 0
3320 529.999939400995 529.999939400995 0.492718374601204 1.97216636129716 0
3321 527.999582390545 527.999582390545 0.492718374601204 1.97216636129716 0
3322 526.000333605614 526.000333605614 0.492718374601204 1.97216636129716 0
3323 523.999976583897 523.999976583897 0.492718374601204 1.97216636129716 0
3324 521.999619557252 521.999619557252 0.492718374601204 1.97216636129716 0
3325 520.00037075684 520.00037075684 0.492718374601204 1.97216636129716 0
3326 518.000013719281 518.000013719281 0.492718374601204 1.97216636129716 0
3327 515.999656676793 515.999656676793 0.492718374601204 1.97216636129716 0
3328 514.000407859842 514.000407859842 0.492718374601204 1.97216636129716 0
3329 512.000050807146 512.000050807146 0.492718374601204 1.97216636129716 0
3330 509.999693748816 509.999693748816 0.492718374601204 1.97216636129716 0
3331 508.000444916031 508.000444916031 0.492718374601204 1.97216636129716 0
3332 506.000087847493 506.000087847493 0.492718374601204 1.97216636129716 0
3333 503.99973077332 503.99973077332 0.492718374601204 1.97216636129716 0
3334 502.000481924702 502.000481924702 0.492718374601204 1.97216636129716 0
3335 500.000124840321 500.000124840321 0.492718374601204 1.97216636129716 0
3336 497.999767750305 497.999767750305 0.492718374601204 1.97216636129716 0
3337 496.000518885854 496.000518885854 0.492718374601204 1.97216636129716 0
3338 494.000161785278 494.000161785278 0.492718374601204 1.97216636129716 0
3339 491.999804679772 491.999804679772 0.492718374601204 1.97216636129716 0
3340 489.99944756828 489.99944756828 0.492718374601204 1.97216636129716 0
3341 488.000198683068 488.000198683068 0.492718374601204 1.97216636129716 0
3342 485.999841561368 485.999841561368 0.492718374601204 1.97216636129716 0
3343 483.999484434386 483.999484434386 0.492718374601204 1.97216636129716 0
3344 482.00023553334 482.00023553334 0.492718374601204 1.97216636129716 0
3345 479.999878395797 479.999878395797 0.492718374601204 1.97216636129716 0
3346 477.999521252973 477.999521252973 0.492718374601204 1.97216636129716 0
3347 476.000272336093 476.000272336093 0.492718374601204 1.97216636129716 0
3348 473.999915182708 473.999915182708 0.492718374601204 1.97216636129716 0
3349 471.99955802404 471.99955802404 0.492718374601204 1.97216636129716 0
3350 470.000309090975 470.000309090975 0.492718374601204 1.97216636129716 0
3351 467.999951921747 467.999951921747 0.492718374601204 1.97216636129716 0
3352 465.999594747589 465.999594747589 0.492718374601204 1.97216636129716 0
3353 464.00034579869 464.00034579869 0.492718374601204 1.97216636129716 0
3354 461.999988613619 461.999988613619 0.492718374601204 1.97216636129716 0
3355 459.999631423619 459.999631423619 0.492718374601204 1.97216636129716 0
3356 458.000382458886 458.000382458886 0.492718374601204 1.97216636129716 0
3357 456.000025257973 456.000025257973 0.492718374601204 1.97216636129716 0
3358 453.99966805213 453.99966805213 0.492718374601204 1.97216636129716 0
3359 452.000419071563 452.000419071563 0.492718374601204 1.97216636129716 0
3360 450.000061854807 450.000061854807 0.492718374601204 1.97216636129716 0
3361 447.999704632417 447.999704632417 0.492718374601204 1.97216636129716 0
3362 446.000455636721 446.000455636721 0.492718374601204 1.97216636129716 0
3363 444.000098404122 444.000098404122 0.492718374601204 1.97216636129716 0
3364 441.999741165889 441.999741165889 0.492718374601204 1.97216636129716 0
3365 440.000492154007 440.000492154007 0.492718374601204 1.97216636129716 0
3366 438.000134905918 438.000134905918 0.492718374601204 1.97216636129716 0
3367 435.999777651843 435.999777651843 0.492718374601204 1.97216636129716 0
3368 434.000528624126 434.000528624126 0.492718374601204 1.97216636129716 0
3369 432.000171360195 432.000171360195 0.492718374601204 1.97216636129716 0
3370 429.999814090277 429.999814090277 0.492718374601204 1.97216636129716 0
3371 427.999456815429 427.999456815429 0.492718374601204 1.97216636129716 0
3372 426.0002077666 426.0002077666 0.492718374601204 1.97216636129716 0
3373 423.999850481191 423.999850481191 0.492718374601204 1.97216636129716 0
3374 421.999493190501 421.999493190501 0.492718374601204 1.97216636129716 0
3375 420.000244125485 420.000244125485 0.492718374601204 1.97216636129716 0
3376 417.999886824587 417.999886824587 0.492718374601204 1.97216636129716 0
3377 415.999529518054 415.999529518054 0.492718374601204 1.97216636129716 0
3378 414.000280437204 414.000280437204 0.492718374601204 1.97216636129716 0
3379 411.999923120462 411.999923120462 0.492718374601204 1.97216636129716 0
3380 409.999565798086 409.999565798086 0.492718374601204 1.97216636129716 0
3381 408.000316701403 408.000316701403 0.492718374601204 1.97216636129716 0
3382 405.999959368818 405.999959368818 0.492718374601204 1.97216636129716 0
3383 403.999602030247 403.999602030247 0.492718374601204 1.97216636129716 0
3384 402.000352918082 402.000352918082 0.492718374601204 1.97216636129716 0
3385 399.999995569303 399.999995569303 0.492718374601204 1.97216636129716 0
3386 397.999638215241 397.999638215241 0.492718374601204 1.97216636129716 0
3387 396.000389087242 396.000389087242 0.492718374601204 1.97216636129716 0
3388 394.000031722619 394.000031722619 0.492718374601204 1.97216636129716 0
3389 391.999674352715 391.999674352715 0.492718374601204 1.97216636129716 0
3390 390.000425208882 390.000425208882 0.492718374601204 1.97216636129716 0
