1 14.9999870783276 114.999990860568 -1198.07381518782
2 15.0000372884581 114.999980358579 -1200.83819319853
3 14.9999886736793 114.999985188239 -1201.29139521706
4 14.9999919268724 114.999994715772 -1199.03742205113
5 15.0000468681045 114.999995284229 -1196.50873519461
6 15.0000021421161 114.999974525594 -1197.54997252386
7 14.999991279944 114.999984328391 -1201.5108040152
8 15.0000021502082 115.000040060724 -1199.81499516684
9 15.0000010948197 115.000016316066 -1198.73075777982
10 14.9999981777467 115.000022002155 -1196.41712228174
11 15.0000002780562 115.000035073644 -1202.27090038006
12 14.9999649637511 115.000009289706 -1199.14467733209
13 15.0000155932162 115.000026354726 -1201.27545241753
14 14.999953081656 114.99998372714 -1203.29572444783
15 15.00000791519 115.000012009982 -1196.2565142706
16 15.0000141190532 115.000009369556 -1197.41170252651
17 14.9999901066048 114.999993883869 -1198.79111990786
18 14.9999879244431 114.999972471621 -1200.07726835247
19 14.999979636889 115.000002830149 -1201.52098360597
20 14.9999917231384 115.000008067825 -1200.03947744104
21 15.0000352541354 115.000026220894 -1200.42028124375
22 14.9999751908739 114.999970543673 -1202.93213096017
23 15.0000474791454 115.000015093942 -1198.37268127832
24 15.0000376343336 114.999989760679 -1199.80704813167
25 15.0000624447881 115.00001954922 -1201.67508693963
26 15.000071987261 115.000019817928 -1203.11451729384
27 15.00008550501 114.99998075039 -1200.81987049715
28 15.000068014696 115.000022820805 -1200.60415334953
29 15.0000779064279 114.999996154405 -1198.06917050045
30 15.0000954550702 115.000015726732 -1200.99742539827
31 15.000114416042 115.000005608052 -1199.14008678158
32 15.0001415987884 114.99996928862 -1199.26790499612
33 15.0001394752305 115.000006309901 -1203.09783178856
34 15.0001829658239 115.000002764434 -1199.78411119697
35 15.0001453933651 114.999987828759 -1201.6987526932
36 15.0001801441045 115.000002275995 -1202.00283455781
37 15.0002019545637 115.000018067532 -1198.11784167407
38 15.000203071806 114.999997590214 -1199.89097988076
39 15.0002079961241 115.00000839408 -1197.56666242312
40 15.0002592806729 115.00003270215 -1198.00447585696
41 15.0002506148183 114.999995018703 -1198.75199697686
42 15.0002652268312 114.999998698795 -1199.26449654232
43 15.000286907501 115.000006395496 -1197.68761666472
44 15.0002903126172 115.000003621464 -1202.13278023932
45 15.0002649782294 114.999984017099 -1199.19478975507
46 15.0003321873275 115.000006904624 -1202.68963082164
47 15.0003344671653 115.000004176143 -1200.46933327783
48 15.0003409650285 115.000004644332 -1200.89895418962
49 15.0003624733672 115.000010458183 -1197.93715417571
50 15.0003336003759 115.000006195665 -1202.06696343231
51 15.0003975363064 114.999975570407 -1200.93923257519
52 15.0003613176088 114.99994619038 -1200.9385471345
53 15.0004379569923 114.999989757959 -1200.09054032009
54 15.0004168680368 114.999989636036 -1201.66477867344
55 15.000442701625 114.999984952008 -1196.38079599519
56 15.0004419019358 114.999988161831 -1198.38858909298
57 15.000464673764 114.99999833757 -1203.67597593889
58 15.0004867782517 115.000033123908 -1200.60471938272
59 15.0004988960119 115.000001362904 -1199.61394824098
60 15.0004966484305 115.000026256475 -1198.80101744449
61 15.0005393997493 115.000003960724 -1197.32463187002
62 15.0005704480424 115.000007494621 -1203.29672458765
63 15.0005683003986 115.000002502093 -1198.66577157682
64 15.0005461754311 115.000015639778 -1199.03174338119
65 15.0005872911247 115.000004759035 -1201.16262909113
66 15.0006244336357 115.000019951778 -1199.8278385243
67 15.0005872496922 114.999995522496 -1198.16802551972
68 15.0006000032579 114.999968350716 -1200.87534509887
69 15.0006057846302 115.000007490719 -1199.86065404957
70 15.0006136751082 115.000024047745 -1203.86872528045
71 15.000654343544 115.000008039523 -1201.31706723658
72 15.0007067598868 114.999995962123 -1201.11454659707
73 15.0006800348485 114.999997623533 -1201.47978594572
74 15.0006973658836 114.999998544804 -1199.08090027807
75 15.0006927395264 115.000023959624 -1198.40542248861
76 15.0007243306843 114.999995087925 -1200.86377471265
77 15.0007628018679 115.000012011732 -1199.70624511962
78 15.000718740026 115.000008748507 -1200.55989672557
79 15.0007583835444 114.9999995812 -1199.5083339924
80 15.0007579753057 114.9999862998 -1200.45961373623
81 15.000793979636 115.000003622376 -1197.36984036031
82 15.0007757104562 115.000011697472 -1197.54282443871
83 15.0008236218221 115.000030970429 -1203.22809668119
84 15.0008574669632 114.999978692306 -1200.89449116952
85 15.0008319027725 114.999995177365 -1200.85334246378
86 15.0008604040323 114.999970472633 -1199.58944958453
87 15.0008794482053 115.000043571425 -1200.78288877184
88 15.0009253232449 115.000031472209 -1201.60536915342
89 15.0009330221629 115.000003823132 -1201.60382100546
90 15.0009305062226 115.000000591912 -1200.45319098501
91 15.000924151361 114.999995567066 -1197.37544723485
92 15.000954554427 115.000006269705 -1201.03754184766
93 15.0009489777547 114.99999147688 -1197.78267973493
94 15.0009712633753 114.999985466395 -1199.66856676875
95 15.0010211315299 114.999987419686 -1197.00334404503
96 15.0009930425003 115.000006602214 -1200.33780525357
97 15.0010095418369 115.000015711235 -1200.01720048498
98 15.0010154543134 115.000027790576 -1199.50378157533
99 15.0010368688911 114.999973788758 -1200.85687548519
100 15.0010604321202 115.000014283895 -1201.06022228334
101 15.0010490210595 114.99999980961 -1198.10851283775
102 15.0010981565886 114.999992349719 -1198.64890638519
103 15.0010927599034 114.999982957772 -1204.88091370686
104 15.0011026971567 114.999995206046 -1200.59450734389
105 15.0011199873947 114.999998895634 -1201.4262632567
106 15.001120528201 114.999989854131 -1195.28240981493
107 15.0011576188345 114.999987905224 -1199.14065136292
108 15.0011415047966 114.999975995053 -1200.48240073659
109 15.0011752503781 115.000037224176 -1199.00608556487
110 15.0011815769888 114.999986052904 -1200.76660543688
111 15.0012164184323 115.000000542001 -1197.79982718433
112 15.001183969947 114.999993474021 -1195.9507011189
113 15.0012022791414 114.999968940452 -1201.89090085774
114 15.001224410626 115.000012037524 -1203.38194792781
115 15.0012503328393 115.000015924978 -1199.95217317642
116 15.001275949038 114.999994261951 -1197.92264748016
117 15.0012682627893 114.999995017299 -1198.48879242678
118 15.0012670022186 115.000007386671 -1201.52110973432
119 15.0012952544162 114.999991048586 -1196.70838078303
120 15.0013328905872 114.999989410258 -1196.83051847268
121 15.0013244633511 115.000017040323 -1201.05768285076
122 15.0013143126431 114.999978751492 -1204.03753146676
123 15.0013432463147 115.000004577891 -1198.04427545036
124 15.0013673663562 115.000021579508 -1200.55098052569
125 15.0013598147904 114.999996369476 -1199.86127638172
126 15.0013910281745 114.999997149097 -1203.34402453966
127 15.0014076633913 114.999995596716 -1199.80520854639
128 15.0014567542832 115.000005119667 -1198.01146525181
129 15.0014317129079 115.000005034138 -1199.2369111745
130 15.0014626681775 114.999992361895 -1200.16202250269
131 15.0014439702972 115.000002169711 -1201.53610278279
132 15.0014977917074 115.000008498173 -1202.6688821347
133 15.0014811599432 115.000012609515 -1198.00677598327
134 15.0015216007653 114.999999708278 -1197.19304047736
135 15.0015469295105 114.999981873177 -1202.54901019409
136 15.0015295810452 115.000000998135 -1201.53492260575
137 15.0015579117788 115.000005524807 -1197.3793792975
138 15.0015540175609 114.999997181706 -1201.29941429724
139 15.0015938807788 115.000015874962 -1198.47704995062
140 15.0016022329059 115.000006226368 -1200.62841351719
141 15.0016102465211 114.999985381787 -1201.02580063454
142 15.0016478107604 115.00001191144 -1195.72402848208
143 15.001647952996 114.999993519961 -1199.22183966435
144 15.0016131583381 114.999992156863 -1198.25402122757
145 15.0016735040416 115.000011164073 -1199.90631355422
146 15.0016919182373 114.999997104378 -1200.57405107827
147 15.0016895779222 114.999996844331 -1200.75028117396
148 15.0017019604605 114.999983434095 -1199.4044856734
149 15.001714445103 114.999977986088 -1199.09488708258
150 15.0017449687961 115.000024059761 -1199.54325331704
151 15.0017605793526 115.000014393413 -1200.04692097634
152 15.0017768327702 114.999977352073 -1201.41130209814
153 15.0017829002655 114.99999021123 -1198.25764059083
154 15.0017735223301 115.000000025957 -1203.03788133131
155 15.0017870578061 114.999968232646 -1194.74472438849
156 15.0017920313997 115.000005822396 -1198.87801712989
157 15.0018232467996 114.99997720744 -1200.71324455977
158 15.0018333771253 115.000004917928 -1201.65181634712
159 15.0018204878898 114.999999462542 -1198.7979558792
160 15.0018424013925 114.999994607872 -1195.82610953419
161 15.0018904614335 115.000030973745 -1201.87884814717
162 15.0018876783439 114.999992149235 -1200.87222802054
163 15.0019193885151 115.000013247867 -1201.73983265688
164 15.0018962605553 114.999997583249 -1197.29125005242
165 15.0019193700857 115.000005165224 -1197.31941116636
166 15.0019291084546 114.999984046607 -1200.63400161736
167 15.0019564839341 115.000009231039 -1200.45050280469
168 15.0020200519726 115.000011940072 -1199.19683723008
169 15.0019665772402 115.000000328213 -1198.30025629468
170 15.0020338594961 114.999999838657 -1197.55585680253
171 15.001990483487 115.000020436992 -1200.22307000353
172 15.0020247301276 114.999980369481 -1201.48214012853
173 15.0020067688778 114.999994583273 -1196.61945267263
174 15.0020324692087 115.000020395001 -1203.23255044812
175 15.0020520336386 114.999972037433 -1201.15920416226
176 15.0020844135116 114.999991907497 -1205.34899057146
177 15.0021014750388 114.999999910915 -1199.94343566307
178 15.0021178921489 115.000031597896 -1196.96065130378
179 15.0021133026011 115.000037454789 -1198.50439253069
180 15.0021487718602 115.000035828921 -1203.8299447198
181 15.0021474619981 114.999998491986 -1195.21224946392
182 15.0021427429011 115.000014089283 -1197.93971963708
183 15.0021506104523 114.99999190004 -1200.39578325002
184 15.0021807609203 115.00000169729 -1205.86779326331
185 15.0021963671167 115.000005696427 -1199.85882813943
186 15.0021681339986 114.999987945233 -1199.48059674055
187 15.0022296091437 115.00002381359 -1199.54524832338
188 15.0022527582554 115.000015671565 -1203.32147371097
189 15.0022565829307 114.999990282185 -1201.91954848426
190 15.0022646545378 115.000002156686 -1202.38013423663
191 15.0022867684505 114.999977828461 -1202.16727412659
192 15.0022900351255 115.000022140616 -1199.93735551169
193 15.0023462966868 115.000016579019 -1201.89294476501
194 15.002297394835 114.999984280806 -1199.38702856877
195 15.0023210439704 114.999990423484 -1198.97061615338
196 15.0023259018165 114.999995120602 -1200.49471229758
197 15.0023579637932 114.999980721224 -1198.19324798374
198 15.0023807131936 115.000005911349 -1198.38188014599
199 15.0023673574272 114.999986369412 -1199.43993513103
200 15.0024111318609 114.999991516109 -1200.25007850914
201 15.002416292176 114.999995124068 -1201.03599280856
202 15.0023994852287 115.00000013307 -1199.32760497243
203 15.0024570441528 115.00001529125 -1197.52859209542
204 15.0024835819169 114.999987079893 -1200.63440621074
205 15.0024938088548 115.000002688592 -1204.25688896533
206 15.0025022393453 114.999997781126 -1200.68784919906
207 15.0024968247067 115.000021831725 -1199.04676969413
208 15.0024862552812 115.000012796825 -1197.35662098515
209 15.002529283958 114.999996174334 -1198.91794192237
210 15.0025441054347 114.999984740666 -1199.74171011217
211 15.0025466136576 114.999991175864 -1204.15875491487
212 15.0025560748419 114.999993763835 -1199.29779948321
213 15.0025918352707 115.00001569931 -1201.34153813402
214 15.0025918511807 114.999963219316 -1200.47486212551
215 15.0026346082647 115.000018658619 -1201.34618436527
216 15.0026459878071 115.000010303686 -1202.35602406397
217 15.0026372884645 115.000013659266 -1198.14139806664
218 15.0026412813083 115.000014356681 -1198.47780384527
219 15.0026724785747 115.000018104299 -1200.64845725174
220 15.0026677619018 115.000011633116 -1200.952263401
221 15.0026837755031 115.000017901952 -1197.4369333446
222 15.002699699493 114.999989761271 -1201.02934764872
223 15.0026791503705 114.9999911833 -1200.4822791541
224 15.002749809851 115.000008799135 -1199.40296775723
225 15.0027320164397 115.000025773345 -1205.03629389499
226 15.002754932255 115.00000256962 -1202.64030663491
227 15.0028089939377 114.999998600588 -1199.47896004548
228 15.0028067884503 115.000000443873 -1200.78023824104
229 15.0028341732235 114.999994549806 -1199.69538339112
230 15.002833055 114.999987338979 -1199.20761853899
231 15.0028048557544 114.999975366426 -1198.30539207919
232 15.0028557331307 114.999967807284 -1198.98764428881
233 15.0028477537726 114.999979437955 -1199.67776029613
234 15.0028687407894 115.000024167484 -1199.33545173236
235 15.0028993224269 115.000008762895 -1201.08307014071
236 15.00286732747 114.999991113443 -1198.89670749686
237 15.0029276880686 114.999978194712 -1199.40015850457
238 15.0029221634369 114.999994436759 -1200.20349910787
239 15.0029411377415 115.000026273603 -1198.18251692082
240 15.0029614632321 114.99998924676 -1199.05061802284
241 15.002945952011 115.000008685283 -1201.20941011518
242 15.0029793667745 115.000011575771 -1196.30858739122
243 15.002996045317 115.000009128139 -1199.2555201606
244 15.0029870878724 114.99999111613 -1199.51168253118
245 15.0030255737258 115.000032847668 -1199.50249197681
246 15.0030195365897 115.000006788373 -1200.89735986735
247 15.0030485599862 114.999986583863 -1202.89097007208
248 15.0030538769749 115.000011226382 -1201.5764408643
249 15.0030732499243 115.000010180893 -1200.19055395046
250 15.0030783457035 115.000010338026 -1198.12744596404
251 15.0031020892122 114.999960862336 -1200.24329094516
252 15.0031120773565 115.000017650308 -1201.30841453463
253 15.0031221428635 114.999995629957 -1201.90755503791
254 15.0031662606716 114.999998406248 -1199.46820789673
255 15.0031429542338 114.999977035328 -1200.29223807341
256 15.0031792374703 114.999995271328 -1205.20687386735
257 15.0031713973911 114.999994208214 -1200.43437935805
258 15.0031833952141 115.000004087732 -1200.35989822076
259 15.0032440455287 115.000001021413 -1199.87313398591
260 15.0032244128166 115.000026689416 -1203.45608869649
261 15.0031955528312 115.000008008619 -1203.01409921982
262 15.0032450258356 115.00000730776 -1204.78111692263
263 15.0032557499091 115.0000051189 -1200.28905212593
264 15.0033237211076 115.00001330989 -1198.22930764216
265 15.0033124331202 115.00002240637 -1197.34614348517
266 15.0033237015105 115.000006480017 -1196.96943400859
267 15.0032890549973 114.999982008488 -1200.02727557782
268 15.0033464118663 115.000026953096 -1201.63360976313
269 15.0033485420496 115.000012309556 -1199.73359744307
270 15.0033330514767 115.000011571279 -1203.49647665446
271 15.003368184371 115.000024498011 -1201.10881706704
272 15.0033777994994 114.999987902189 -1201.2035763022
273 15.0034158184053 114.999977777545 -1201.26567128632
274 15.0034269157205 115.000013105117 -1198.94971620157
275 15.0034135536422 115.000016649741 -1199.78907781186
276 15.0034312858072 115.000010796591 -1201.30769169388
277 15.0034968022516 115.000030999015 -1198.91257337552
278 15.0034436926129 114.999993994277 -1202.5859067317
279 15.0034955542517 114.999990523245 -1201.35821817266
280 15.003504130607 114.999973053909 -1196.59011576407
281 15.0034927195615 114.999954469615 -1201.01680082027
282 15.0035264998867 114.999967580419 -1201.88832589753
283 15.003563693524 114.999986976644 -1200.21783658765
284 15.0035267889143 115.000026933091 -1201.07289669612
285 15.0035422074387 115.000016779002 -1203.60782212958
286 15.0035504561438 114.999992077337 -1198.56576856872
287 15.0036177083572 114.999971996779 -1202.02579024629
288 15.0035924018484 114.999989540021 -1203.0777352868
289 15.0036236316623 114.999971287738 -1198.31169952851
290 15.0036296180939 114.999991073078 -1199.16315284249
291 15.0036379497015 115.000001550422 -1201.34164381277
292 15.0036603945488 114.999992563267 -1198.5757974532
293 15.0036688577592 115.000001898719 -1200.87495889895
294 15.003682045016 114.999986557077 -1203.65509066736
295 15.0036996790795 115.000003648075 -1200.52328112931
296 15.0037188579062 114.999988367708 -1197.71022040468
297 15.0036941045958 114.999991773967 -1201.01749211816
298 15.0037343365058 115.000019883923 -1201.30567736992
299 15.0037228005202 114.999960611505 -1202.87954109548
300 15.0037792526204 115.000013020738 -1203.75449822911
301 15.0037774381152 114.999997857502 -1202.3136879692
302 15.0037702372356 115.000002206996 -1196.60723838057
303 15.0037949100886 115.000003539571 -1203.98836161482
304 15.0038241248343 114.999996998554 -1196.1342666171
305 15.0038353430496 114.999990885136 -1198.63895472758
306 15.0038505034531 114.999971468317 -1196.23000873731
307 15.003878792909 115.000006814122 -1201.99925555795
308 15.003845750356 114.999987635226 -1202.41678671009
309 15.0038900162541 115.000015869493 -1196.44701926771
310 15.0039328573827 115.00001116505 -1201.32764488135
311 15.0039141232012 115.000018776678 -1201.14728987191
312 15.0039381092255 114.999985538606 -1201.94368109732
313 15.0039787259559 114.99995906685 -1197.51593522273
314 15.0039272824687 114.999983543766 -1199.26455310655
315 15.0039831814519 115.000013551179 -1200.36347133139
316 15.0040191258584 115.000010522803 -1200.25973682698
317 15.0039732165936 114.999987249665 -1196.64894337265
318 15.0040238595098 115.000013797926 -1200.21974075669
319 15.004004226009 115.000011989853 -1199.25085061349
320 15.0040295371782 115.000042896676 -1200.75661963709
321 15.0040790217753 114.999957331582 -1198.49120741954
322 15.0040377124192 115.000031566525 -1197.72252029732
323 15.0040559456287 115.000007558528 -1200.28764981725
324 15.0040831837684 114.99998892243 -1201.69966275635
325 15.0041007432271 114.999996565921 -1200.27365061156
326 15.0040862535072 115.000027087894 -1198.41106436927
327 15.0041201987909 115.000014947475 -1202.19281458502
328 15.0041155955477 115.000005737216 -1204.41538967667
329 15.0041377307011 114.999990010915 -1202.38711215433
330 15.0041494952266 114.999978556889 -1198.19845991782
331 15.0041670089163 115.000000491903 -1198.34152296903
332 15.0041961674153 115.000009463686 -1200.03752094415
333 15.0042003396197 114.99999802085 -1201.10055422082
334 15.004231471109 114.999988849063 -1200.31093847928
335 15.0042318047643 114.999998055824 -1197.46085625334
336 15.0042763273672 114.999969393749 -1199.58996461716
337 15.0042908511244 114.999998451514 -1199.60692802701
338 15.0043251559338 115.00003990371 -1200.86350532062
339 15.0042742314796 115.000040857836 -1199.8050816061
340 15.0042961687048 115.000018171467 -1197.82772651846
341 15.004314848476 114.999996679663 -1198.6908786587
342 15.0043511133349 114.999980919152 -1202.06914818404
343 15.0043312847953 114.999998060281 -1202.19219625603
344 15.0043400131056 115.000025431604 -1200.01338165622
345 15.0043913618498 115.000019146941 -1199.25897936502
346 15.0043749263858 115.000044314309 -1201.30041864285
347 15.004383418189 115.000014510234 -1198.98075491893
348 15.0044287451699 114.999999902957 -1198.63964693482
349 15.004439275458 114.999996241202 -1199.8837999351
350 15.0044011108409 115.00000976401 -1199.77684639213
351 15.0044459216355 114.9999980577 -1198.6269509758
352 15.0044738510569 115.000009657797 -1198.77684691415
353 15.0044897013581 114.999984211407 -1200.32931197835
354 15.0044902987586 115.00001257678 -1199.37488218902
355 15.0044923445061 114.999996285253 -1197.91348583365
356 15.004550873473 115.000035397018 -1200.90238317555
357 15.004529299856 115.000015186591 -1197.30006732686
358 15.0045292822726 115.00001408768 -1196.98644540722
359 15.0045718918315 115.000001860077 -1200.50442960728
360 15.0045734678534 114.999970928001 -1199.77485476908
361 15.0045855475661 115.000014880119 -1201.20468021507
362 15.0046528922781 115.000006380273 -1200.43382916091
363 15.0046376107711 115.000018708079 -1200.47377605335
364 15.0046677056971 114.999996789821 -1199.412272652
365 15.0046531362159 115.000010157849 -1199.23695007502
366 15.0046569535307 114.999996454217 -1195.5030174987
367 15.0046641433573 115.000008862995 -1198.64223003209
368 15.0046772082469 114.999985248846 -1199.86595658418
369 15.0046868088589 115.000012786122 -1199.74170001275
370 15.0047189271265 115.000013792442 -1201.69463870102
371 15.0047222099731 115.000012037441 -1198.17588928882
372 15.0047765413943 114.999971151488 -1200.09750632058
373 15.0047683717724 114.999976685279 -1197.72133758841
374 15.0047874150403 114.999998668336 -1197.69074939465
375 15.0048035923226 115.000015156849 -1196.91951922596
376 15.0047558752088 115.000014738091 -1199.51966736878
377 15.0048106720274 115.000006575939 -1200.91046734529
378 15.0048261263168 114.999971330707 -1200.26110769117
379 15.0048400256758 114.999995082466 -1200.35955067018
380 15.0048453718344 114.999989479318 -1200.30780244183
381 15.0048706432245 115.000026848578 -1200.27124610025
382 15.0048703087311 115.000018095689 -1198.41045692884
383 15.0048993441284 115.000016284151 -1199.76655365927
384 15.0048937726929 115.00002474494 -1200.63744560249
385 15.004935596244 114.999982216086 -1198.05378623395
386 15.0049375794803 115.000000456778 -1203.95191619124
387 15.0049356419261 114.999993998467 -1197.87376777511
388 15.0049778682698 114.999988769717 -1201.88771980841
389 15.0049820504341 115.000006537771 -1202.73541050849
390 15.0050168894945 115.00006655527 -1196.07609413252
391 15.004987865726 114.999996911712 -1200.54005462991
392 15.0050044401114 114.999999619343 -1197.56350089806
393 15.0050149928357 115.000003944715 -1199.23629483562
394 15.005015697439 115.000008961411 -1200.0143348668
395 15.0050723903927 115.000001825983 -1202.24097314144
396 15.005055711522 115.000001815935 -1197.12936449379
397 15.005086399546 115.000019787544 -1197.80989671769
398 15.0050993961338 114.999992776228 -1201.72432896815
399 15.005107045224 114.99999364404 -1202.49147538968
400 15.0050928290658 115.00001377285 -1200.59445803494
401 15.0051453705833 114.999997873917 -1196.54311850748
402 15.0051786967406 115.000036627111 -1199.19671570102
403 15.0051638421134 115.000009504382 -1198.12357316213
404 15.0051633708762 114.999990653575 -1202.15582189302
405 15.0051828413169 115.000006128649 -1200.08319294576
406 15.0052010091399 114.999992598231 -1196.44276683834
407 15.0052131344079 114.999978633309 -1200.72044512041
408 15.0052134280666 115.000010115207 -1202.21913703204
409 15.005236731291 114.99997888665 -1197.7421265033
410 15.0052400519029 115.000001448788 -1198.20036043306
411 15.0052690173015 114.999989891694 -1201.0130265868
412 15.0052674944502 114.999989755454 -1195.42876934405
413 15.005297953206 115.000000611739 -1202.16314752462
414 15.0052877755818 115.000024835695 -1200.85105211294
415 15.0053438110441 115.000022828009 -1199.17309932768
416 15.0053390752207 115.000001685242 -1200.73626441698
417 15.0053207156302 114.999988888446 -1198.70902753497
418 15.005375534832 114.99996801093 -1201.7666170324
419 15.0053995209213 114.999977958253 -1199.63994813066
420 15.0053988473151 115.000049632359 -1200.23789806116
421 15.0054227322902 114.999984834876 -1199.25219678299
422 15.0054109047108 114.99998789637 -1197.31825714684
423 15.0054520473189 115.000038713878 -1199.77711899161
424 15.005438260221 115.000020361025 -1200.16320926534
425 15.0054645918896 114.999969195537 -1201.00979186276
426 15.0054719746957 114.999971558586 -1200.83172826069
427 15.0054788600127 115.000009585706 -1201.36547032318
428 15.0054999658699 115.000000100225 -1198.13199294646
429 15.0054794301102 115.000012489265 -1197.06848364757
430 15.0055060097931 115.000034107809 -1199.61570180382
431 15.0055393908586 115.000005363384 -1198.32345984901
432 15.0055414645789 115.000028385869 -1200.78485567523
433 15.0055994095276 114.999989804976 -1200.44983582611
434 15.0055698006316 114.999985982324 -1201.75562497454
435 15.0055948808778 115.000004096075 -1200.87668806997
436 15.0056200325753 114.999990216196 -1198.69627603662
437 15.0056098585289 115.000038144488 -1201.515255525
438 15.0056454506499 114.999981053066 -1201.4566270706
439 15.0056549990618 115.000007547482 -1200.28775441148
440 15.0056421441614 114.999993839463 -1200.21422114414
441 15.0056622144302 115.000006653613 -1198.55635868977
442 15.005684382316 114.999997949544 -1198.90798431936
443 15.0057072821219 115.000019737346 -1198.99948913229
444 15.0057144068055 115.000015709865 -1199.35327705592
445 15.0057368422545 114.999983201453 -1201.27427833875
446 15.0057373416396 114.999997830021 -1202.04938215036
447 15.0057244869963 114.999990846629 -1200.58365117699
448 15.0057819434641 114.999981790643 -1202.23127967692
449 15.0057893096493 114.999998704945 -1196.7748697555
450 15.0057874873061 114.999977684402 -1199.24278799534
451 15.0058367284866 115.000026758027 -1198.12533860527
452 15.0058302523327 114.999981823678 -1197.82082550387
453 15.0058336615044 114.999974440649 -1201.05463859825
454 15.0058467128422 114.999972903996 -1203.27788103341
455 15.0058627698051 115.000017967063 -1204.09765895467
456 15.0058531621406 114.999974523818 -1200.89784994007
457 15.005895770883 114.999960655398 -1200.4109514606
458 15.0058962944094 115.000002891373 -1197.31403209955
459 15.005928379534 114.999967101426 -1198.13717137533
460 15.0059339317252 115.000005525299 -1200.14350063653
461 15.0059349986878 115.000021680375 -1197.53819676826
462 15.0059913270707 115.000026029869 -1203.83228639473
463 15.0060120516286 114.999988654851 -1200.50642274511
464 15.0059830105428 114.999970353482 -1201.26344392602
465 15.0060235277565 114.999992379621 -1196.99126113985
466 15.0060329316883 115.000000604769 -1198.21873452968
467 15.0060140907987 114.999972986127 -1201.38969957412
468 15.006030749107 115.000024493473 -1201.22952938873
469 15.0060533876351 114.999993886669 -1200.74269790819
470 15.0060580490687 114.999988335227 -1197.31020477127
471 15.0060853387099 115.000016166187 -1198.50083897183
472 15.0061002057377 115.00000525262 -1200.47221207006
473 15.0061004937096 114.99999061204 -1202.72078610375
474 15.006099719242 114.999998417923 -1201.79281797142
475 15.0061106292657 114.999981915924 -1201.53588933636
476 15.0061329343761 114.999993462401 -1199.21029782967
477 15.0061508793502 114.999997168014 -1199.4143307238
478 15.0061708033088 115.000009603122 -1200.09975748129
479 15.0061977961291 114.999984041177 -1197.03415076164
480 15.0062065318088 114.999973103262 -1203.48924098967
481 15.0062035227513 114.999989052951 -1199.36307559625
482 15.0061998563682 115.000033128074 -1201.3607328438
483 15.0062564540644 115.000013707913 -1201.22993548793
484 15.0062566667147 114.999981495543 -1202.31976971983
485 15.0062681724185 114.999987640412 -1201.2263507109
486 15.0062736920686 114.999990724314 -1199.86201977251
487 15.0063330652372 114.999990831101 -1198.49837612557
488 15.0063176438069 114.999989376855 -1200.39949229807
489 15.0063631287239 115.000020160432 -1197.08625060119
490 15.0063272713469 115.000024373595 -1198.78139435258
491 15.0063201442931 115.000009519427 -1199.83293317183
492 15.0063826407819 115.00000493257 -1200.06687253019
493 15.0063946913077 115.000002336822 -1196.21850213574
494 15.0063777279455 114.9999791981 -1200.69700100666
495 15.0064099877493 115.000023774491 -1199.65868121872
496 15.0064765122401 115.000017529549 -1199.57823807592
497 15.0064248721645 115.000013947614 -1201.25923157577
498 15.0064478875675 115.000003146067 -1197.47121582829
499 15.0064690558099 114.999986316759 -1198.62983897664
500 15.0064582666257 115.000011909364 -1199.68459050688
501 15.0064783793709 114.99998109482 -1201.38029678998
502 15.0065010100811 115.000033769251 -1200.38772735593
503 15.0065463491933 114.999984868896 -1200.4042628715
504 15.0065475323632 114.999986179302 -1201.82529988233
505 15.0065520452146 115.000023794735 -1200.80052835071
506 15.0065812127812 114.999978174595 -1201.27091776406
507 15.0065850025313 114.999979312587 -1200.51965486114
508 15.0065817371213 115.000014544023 -1197.55154256694
509 15.0065925477872 115.000025647749 -1200.57152217603
510 15.0066018924659 114.999986386992 -1196.29088143695
511 15.0065926308265 114.999998157016 -1199.7914756995
512 15.0066396254171 114.999960849745 -1200.68530643223
513 15.0066532710442 115.000000253512 -1198.44271727393
514 15.0066605259249 114.999977532147 -1197.27470273408
515 15.0066780011613 115.000009057514 -1202.19191326836
516 15.0066945979342 114.999982121277 -1201.01913371737
517 15.0066678194987 115.000005987571 -1202.21394649542
518 15.006689664739 115.000034125397 -1199.69064476916
519 15.0067189552651 115.000025649763 -1198.32141001707
520 15.0067601173706 114.999965217468 -1202.03442552215
521 15.0067823109562 115.000018959651 -1200.84132579412
522 15.0067508244029 114.999979580291 -1202.25600422039
523 15.0067715830498 114.999990860027 -1201.22835518465
524 15.006830407493 114.999995468572 -1200.00861836711
525 15.0068364262076 115.000001078136 -1198.55626176693
526 15.0068075757317 114.999998014998 -1197.37242775199
527 15.0068388915548 114.999965904144 -1198.97980429697
528 15.0068459390349 114.99998299166 -1201.99388174348
529 15.0068470388846 114.99998916452 -1201.11134898054
530 15.0068484901988 115.000007646553 -1197.68399846361
531 15.006917220716 114.999980768709 -1200.22240089331
532 15.0069180883762 114.999994144084 -1198.1244555986
533 15.0069333736172 115.000004058557 -1198.69848309324
534 15.0069306201511 114.999991429913 -1203.82879173729
535 15.0069581299442 114.999990163879 -1198.34650068446
536 15.0069827115858 114.99997644985 -1201.96342468829
537 15.0069764466095 114.999971845968 -1198.83284970161
538 15.0069679635601 114.999997738193 -1201.98509684661
539 15.0069811631243 115.000012751412 -1200.33574811841
540 15.0070119203531 115.000021638412 -1200.4633455781
541 15.0070267689914 115.000027649999 -1198.3723002611
542 15.0070771237896 115.000001098013 -1200.59924535541
543 15.0070269126398 115.000010228419 -1200.49068218316
544 15.0070490433329 115.000005295224 -1199.59323689207
545 15.0070841812365 115.000004923169 -1203.27863846379
546 15.0071088368034 115.000014501236 -1202.19059826823
547 15.0071172500353 115.000004576516 -1200.44306500106
548 15.0071503461786 114.999992260617 -1201.37859141125
549 15.007129022109 115.000007462374 -1200.72824228682
550 15.0071527761545 114.999999420345 -1196.56518815163
551 15.0071547311169 114.999991430862 -1200.1060266944
552 15.0071796212194 114.999979771496 -1201.86670641456
553 15.007208822053 114.999981078235 -1202.61967435227
554 15.0072590976326 115.000009870228 -1199.40366664189
555 15.0071867105996 115.000009827796 -1196.53881074683
556 15.0072466577439 115.000015996186 -1200.26911178671
557 15.0072376358882 115.000037188978 -1200.82179497602
558 15.0072582349189 115.000002623412 -1200.94634076062
559 15.0072961661799 114.999993675125 -1198.94564215739
560 15.0073123700302 115.000028898973 -1200.67641680054
561 15.0072861325397 114.999980779175 -1200.05743702175
562 15.0073187182264 115.000008827016 -1201.83497359562
563 15.0073525213184 115.000003825366 -1198.60224205711
564 15.0073396972637 114.999978723821 -1202.33861505356
565 15.0073725669175 114.999994735047 -1201.70267217164
566 15.0073578301837 115.00002789084 -1199.09901974169
567 15.0073877878195 114.999976350779 -1200.1867671496
568 15.0073716068852 114.999996174011 -1199.17222147487
569 15.0074125556505 114.999991786797 -1198.01422572718
570 15.0074465972531 115.000018679076 -1195.70083648925
571 15.0074293624379 115.000006641248 -1202.360177709
572 15.0074682066296 114.999989022453 -1196.34681115091
573 15.0074015166551 115.000013428516 -1200.36811178521
574 15.0074691603635 114.999987250769 -1197.36910335612
575 15.0074605023661 115.000004729125 -1199.54099029875
576 15.0075393349816 114.999971096022 -1202.2747977538
577 15.0074950981201 114.999987504045 -1198.92169710138
578 15.0075460656981 115.000019249258 -1198.60551058248
579 15.0075364817269 115.000015954762 -1200.6126883383
580 15.0075574343252 114.999980503186 -1196.81926203967
581 15.0075830572696 115.000036197008 -1200.50830068315
582 15.0075821059758 114.99998693549 -1198.6621285267
583 15.0075994591552 114.999995749873 -1202.19624683015
584 15.0076018906354 115.000006007547 -1201.87415311989
585 15.0076299274612 114.999995499008 -1197.67121537285
586 15.0076363301691 115.000004573185 -1198.84811294377
587 15.0076537958457 114.999994662853 -1199.78088646811
588 15.0076626098673 115.000002792127 -1200.46690644627
589 15.0076989887003 115.000023180931 -1201.68885554272
590 15.007678617496 115.000013756286 -1201.5890354246
591 15.007710436718 114.999975124892 -1196.2483150014
592 15.0077201086566 115.000021632056 -1199.73976920149
593 15.0077172265656 115.000007897733 -1203.26098067448
594 15.0077778648511 115.000007948564 -1202.21621783401
595 15.0077799776695 115.000012862953 -1199.57323055865
596 15.0077777131386 115.000003721715 -1202.78870644879
597 15.0077790516606 115.000031371798 -1199.47986888579
598 15.0077960705749 114.999972542483 -1202.19390470128
599 15.0078029079983 115.000013800083 -1199.88075540409
600 15.0078146677278 115.000010795222 -1200.96857585652
601 15.0078165430986 115.000053940671 -1200.03410791254
602 15.0078801284119 114.999994868075 -1203.14627421567
603 15.0078627237999 114.999983164459 -1198.63550232865
604 15.0079012651362 114.999996187561 -1198.68898921643
605 15.0079384721616 115.000001844887 -1199.51436481565
606 15.0079092321288 114.999973905985 -1199.40302990061
607 15.0079534248086 114.999986424999 -1198.01032491475
608 15.0079517138783 114.999997214133 -1203.46258819206
609 15.0079698490312 114.999965376476 -1200.11720772823
610 15.0079856374426 114.999975943556 -1202.35408473898
611 15.0079957028267 114.999961795243 -1201.45224429477
612 15.0080126938885 114.999990419815 -1197.3133831887
613 15.0080092458027 115.00000603573 -1200.06708334762
614 15.0080258901495 115.000023002508 -1201.13027219776
615 15.0080301711508 114.999994176376 -1201.15236093906
616 15.0080283792646 114.999991457572 -1196.36336155612
617 15.0080634382825 114.999988935766 -1199.53434140684
618 15.0080736922611 114.999973148813 -1200.20012276075
619 15.0080821759354 115.000002035614 -1194.63571558387
620 15.0081071413919 115.000003779706 -1201.60516167581
621 15.0080980590013 115.000038693134 -1196.64731289718
622 15.0081125890687 114.999991612351 -1200.16095654573
623 15.0081349208112 114.99999043382 -1199.5003231186
624 15.0081468218586 114.999995929156 -1200.44119169622
625 15.0081683513657 114.999994507208 -1199.72955249844
626 15.0081476866327 115.000003537636 -1198.82062185145
627 15.0082098497222 114.999997971704 -1199.8257755258
628 15.0082429256999 115.000021489927 -1199.25067366599
629 15.0082397467948 114.999982162319 -1199.65434779813
630 15.0082430943898 115.000032450219 -1202.75085157
631 15.0082402618748 114.999999891911 -1199.67474848865
632 15.008246989455 114.999964973504 -1199.69047406794
633 15.0082842412258 114.999989246379 -1198.34011731694
634 15.0082873205119 115.000019947327 -1204.13318958764
635 15.008314567699 115.000013933272 -1200.47579034487
636 15.0082941581232 115.000011981475 -1200.21207376211
637 15.008336157126 114.999957598505 -1198.07088293057
638 15.0083678965487 114.999987132638 -1203.33127545825
639 15.0083851687876 115.000001728507 -1200.86626834948
640 15.0083559331923 115.000003879964 -1200.81982835903
641 15.0083741687857 114.999979325941 -1200.38828993966
642 15.0084105780436 114.999988898175 -1200.46875534556
643 15.0084216589619 114.999994872329 -1199.91353441689
644 15.0084355390701 114.999993018745 -1198.52623170252
645 15.0084283951699 115.000015300724 -1200.13229357389
646 15.008411887293 115.000002080525 -1201.63009555783
647 15.008460078236 114.999959217421 -1195.94319953727
648 15.0084525944453 115.000023151273 -1202.81734291303
649 15.0085217418303 115.000048837056 -1197.51096288687
650 15.008484649593 114.999999936887 -1203.2600681756
651 15.0085395197527 114.999992745642 -1198.89577231476
652 15.0085149424745 115.000011236184 -1199.91953091406
653 15.0085568494281 115.000018013666 -1199.59781219527
654 15.0085719107398 114.999996720722 -1200.90316912625
655 15.0085765372917 115.000035993041 -1201.50401138294
656 15.0085791616337 115.000017553435 -1200.07420248987
657 15.0086081950885 115.000004768197 -1198.31677418318
658 15.0086333385619 114.999982401581 -1198.40952959903
659 15.0086139136455 115.000034124993 -1201.86229039275
660 15.0086470977683 115.000019020805 -1199.26590753094
661 15.0086537279284 114.999987164155 -1200.52287476711
662 15.0086851226525 114.999985350551 -1203.44253053568
663 15.0086943539421 115.000016575202 -1197.25926811851
664 15.0086963289846 114.999990965331 -1200.37190626883
665 15.0087150857265 115.000020567118 -1201.2487504524
666 15.0087388886776 115.000017575647 -1202.1805885042
667 15.0087394261973 114.999996757657 -1200.56561347749
668 15.0087377691263 115.000015765548 -1199.99331639708
669 15.0087690685539 115.000001461844 -1198.96929429699
670 15.0087977549479 115.00000416703 -1201.52794535211
671 15.0087765525522 114.999979044165 -1197.78866365986
672 15.0088121064638 115.000015692437 -1202.12015889754
673 15.0088125826387 115.000013381653 -1201.73427602476
674 15.00884875227 115.00000654384 -1202.74262600042
675 15.0088290571536 114.999982801927 -1201.22135690091
676 15.0088338338487 114.999983930384 -1201.65138096653
677 15.0088408949603 115.000013545415 -1202.81675675773
678 15.0088934157427 114.999975248871 -1202.733898585
679 15.0089072764517 114.999990574532 -1200.30197040165
680 15.0089003527046 114.999986350592 -1196.94755261368
681 15.0089132416492 114.999979392627 -1201.19750837121
682 15.0089486832414 114.999987651272 -1198.90273285163
683 15.0089492666982 114.999992971077 -1200.22695611672
684 15.0089692367222 114.99996653692 -1201.85420523773
685 15.0089756046973 114.99998663816 -1201.66958434798
686 15.0089799440396 114.999965700742 -1199.65215821597
687 15.0090170363068 114.999986774975 -1199.50319122994
688 15.009017914948 115.000004189296 -1198.93576858644
689 15.009023751569 114.999999948248 -1199.88725083065
690 15.0090331081845 115.000015027546 -1202.64519829305
691 15.0090506084095 115.000008981772 -1197.7622541835
692 15.0090549842764 115.000005906341 -1201.03062828762
693 15.0090708643298 115.000007299601 -1200.56002736516
694 15.0090866187662 115.000008232519 -1203.90704413011
695 15.0091199871686 115.000047258807 -1199.48744393269
696 15.009141830561 114.999986361972 -1198.55323187773
697 15.0091566077519 114.99999522606 -1202.84117650413
698 15.0091806770596 115.000015194173 -1200.77360684014
699 15.0091622990798 114.999992558779 -1197.4313234874
700 15.0091599107184 114.999982266141 -1199.92966220015
701 15.0092129530799 115.000000750962 -1199.10721149964
702 15.0092040807942 115.000004691521 -1198.4134201377
703 15.0091965927383 115.000026853255 -1201.92008706551
704 15.0092708889956 114.999976944024 -1201.16355444797
705 15.0092628131606 114.999969620986 -1202.44108197505
706 15.0093085434933 114.99999051248 -1200.99742961966
707 15.0092560501633 114.999986833898 -1200.66507856027
708 15.0092943049974 114.999997013465 -1199.80918890703
709 15.0092921922363 115.000017439954 -1200.26362725107
710 15.0092735487964 114.999975751601 -1199.58343949451
711 15.0093385743476 114.999997083738 -1200.67496316915
712 15.0093602505767 115.000012190415 -1199.97934045133
713 15.0093444018517 115.000017265859 -1202.55631084261
714 15.0093850630401 114.999960073244 -1199.52439956583
715 15.0094066022829 115.000010248937 -1199.66047636963
716 15.009376526861 114.999997205885 -1198.72589509381
717 15.0094194816854 115.000016687792 -1201.14060761828
718 15.0094253194853 114.999994716209 -1197.19622639719
719 15.0094410071213 114.999999495597 -1203.15707908386
720 15.0094464780607 115.000004489128 -1198.2830544803
721 15.009471664892 114.999983479027 -1202.18964943423
722 15.0094816126382 115.000004559046 -1200.4779368616
723 15.0095006687554 114.999997298438 -1196.77037314962
724 15.0094878556218 115.000007172397 -1200.16486864541
725 15.009543561314 115.000010342235 -1196.67003408915
726 15.0095305866416 115.000010471948 -1201.53427719938
727 15.0095860308395 115.000019474817 -1201.31437218535
728 15.0095699624031 115.000000765092 -1200.63951722805
729 15.0095600205346 114.999989664698 -1200.17145664259
730 15.0095721432802 114.999998228982 -1199.82613868108
731 15.0096087234219 114.999993852601 -1203.58638715641
732 15.0096517968139 115.00000097779 -1201.37289476549
733 15.0096407669637 114.999981219712 -1203.58776809046
734 15.0096266200656 115.000003010196 -1199.73595300478
735 15.0096857357933 115.000002551548 -1200.25812307374
736 15.0096667346345 115.000000872246 -1200.73720156126
737 15.0096913401803 115.000005160046 -1202.28347414756
738 15.0097167121278 114.999969563364 -1199.96736829877
739 15.0097047585061 115.000018742954 -1199.15274390879
740 15.0097141790928 114.999984273948 -1200.74898399168
741 15.0097659039134 115.000000575708 -1199.38601227377
742 15.0097649255028 115.000033829424 -1197.60355487706
743 15.0097297777038 115.000005815522 -1199.47290769945
744 15.0097749477419 115.000012692231 -1200.77546693863
745 15.0098280887225 115.00002166715 -1200.11776188676
746 15.0098261130772 115.000012762077 -1203.26699564819
747 15.0098254249541 114.999996744671 -1198.48094862955
748 15.0098050849936 115.000011571055 -1200.19819178904
749 15.0098549156074 114.999984043809 -1196.71682604076
750 15.0098597262256 114.999990735853 -1197.8974296083
751 15.009880351984 114.999982038369 -1199.64479201733
752 15.0098787469637 115.000019792842 -1196.7930261766
753 15.0099323395716 114.999981665841 -1203.49071923251
754 15.0099002957002 115.000006380459 -1201.10012549211
755 15.0099373363182 115.000014735389 -1202.40163797105
756 15.0099147319938 114.999983935755 -1195.31148954934
757 15.0099682319305 115.000025463205 -1200.86735741673
758 15.0099765944517 114.999997806731 -1201.02968742685
759 15.0099618565286 115.000032362941 -1200.28807406171
760 15.0099939942455 114.999988702137 -1198.275058804
761 15.0100099180435 114.999986695346 -1201.43073957027
762 15.0100522700597 115.000013009348 -1202.53918302896
763 15.0100082476248 114.99999053442 -1202.31116366295
764 15.0100406386378 114.999974478964 -1199.19726369058
765 15.0100757396854 115.000012001216 -1196.47345740414
766 15.0100978223486 114.999983126065 -1199.9976393537
767 15.0100601262853 114.999974951918 -1198.89881938427
768 15.0100934812512 114.999979609678 -1200.15505642048
769 15.0101153648402 114.999998848821 -1202.35878762907
770 15.0101735613552 114.999982861603 -1200.9065084584
771 15.0101758951452 115.00002402598 -1198.44959257408
772 15.0101654866266 114.999976477425 -1200.78029225017
773 15.0101942469334 115.000006217996 -1202.59105964703
774 15.0101602491901 114.999970717104 -1198.82632199954
775 15.0101952038182 115.000000797041 -1200.20252915517
776 15.010205222975 114.999968628914 -1200.52609706983
777 15.0102302844666 115.000005891606 -1199.44027575834
778 15.0102445338305 114.99997974089 -1201.22670758898
779 15.0102794757945 115.000016057497 -1201.87113581766
780 15.0102923745643 115.000022315094 -1199.97733612171
781 15.010298418446 115.000000894936 -1199.72489912008
782 15.0103146175276 114.999987343166 -1200.4787685701
783 15.0103220289497 115.000009968118 -1198.72180964574
784 15.0102996504236 114.999988922003 -1201.15013793206
785 15.0102927229505 114.999993134167 -1202.24662194111
786 15.0103317816401 114.999969516709 -1199.49417803871
787 15.0103583966662 115.000006696263 -1202.42431501884
788 15.0103971642823 115.000006139348 -1198.73642771115
789 15.0104208276095 115.000015110293 -1199.52849990795
790 15.0103902618375 115.000021502633 -1205.36691807994
791 15.0104030432673 114.999986276875 -1199.78308148747
792 15.0104537180079 115.000015729733 -1201.39256088752
793 15.0104392818475 115.000012578403 -1198.03017540532
794 15.0104634575526 114.999987698877 -1197.98692316526
795 15.010476899863 115.000002248622 -1201.25779954222
796 15.0104837063152 115.00002605201 -1199.81642602199
797 15.0104753227534 114.999990218059 -1199.83756681511
798 15.0104813795259 115.000026245692 -1202.95283609033
799 15.0105164110059 114.999983992433 -1197.28134420693
800 15.0105431598304 115.000003336514 -1202.12956599463
801 15.0105852804717 115.000014000291 -1200.04021702641
802 15.0105919951956 114.999996012968 -1200.85794565075
803 15.0105842842229 114.999991860892 -1203.33789657903
804 15.0105786651426 115.000012129759 -1198.8172095021
805 15.010602718986 115.000033330671 -1201.15571407268
806 15.0106265770494 115.000017928556 -1201.64350660888
807 15.0106506612223 115.000028574502 -1196.22740274975
808 15.0106708210245 115.000001278156 -1195.30554349712
809 15.0106910547177 115.000037463278 -1200.59779193839
810 15.0106648514136 114.999981393973 -1196.21239465524
811 15.0106865961472 114.999980688656 -1198.99382522283
812 15.010693844213 114.999998288948 -1199.68192317737
813 15.0106871020563 114.999988590691 -1200.24221247909
814 15.0107509407533 115.00001943568 -1199.06012502178
815 15.0107275835694 114.999984994048 -1205.38019346955
816 15.010744177945 114.999990383448 -1197.58160193454
817 15.0107882938103 115.000005124132 -1201.23122646366
818 15.010781482549 114.999965026754 -1203.16000569574
819 15.0108098492289 114.999972034611 -1199.91727765693
820 15.0108072888175 114.999993543775 -1200.63341907887
821 15.0108247224465 114.999994160822 -1200.15112126916
822 15.0108398152023 115.000010317434 -1198.64797283357
823 15.0108793626835 114.999988188485 -1200.33867480149
824 15.0109014969361 114.999997345212 -1199.4144611234
825 15.0108729748221 114.999957122875 -1202.87447603509
826 15.0108819313347 114.999986286714 -1201.97750772942
827 15.0108979633171 115.000013528467 -1198.12013275983
828 15.010943342828 114.999995861656 -1195.51301656117
829 15.010942197534 114.999964629139 -1200.51317896984
830 15.0109707668313 115.000004776173 -1196.3032379574
831 15.0110016066465 115.000037792609 -1197.35021448669
832 15.0109852042765 114.999990013677 -1201.78053158223
833 15.0110299093033 114.99997527078 -1200.78055611284
834 15.0109816308094 114.999970816884 -1200.27474720638
835 15.0110254122073 115.000013442437 -1199.1398806986
836 15.011040523945 114.999998884812 -1195.78353290911
837 15.0110369624681 115.000022778515 -1201.62686533425
838 15.0110619436301 115.000003524227 -1201.10140414702
839 15.0110772219249 114.999997848267 -1197.09967318587
840 15.0110836644215 114.999999739923 -1204.86215398
841 15.0110778666622 114.999980926972 -1197.82514687777
842 15.0111091185914 114.999989771217 -1200.69872850904
843 15.0111478635518 114.999961403365 -1197.618428226
844 15.0111285820375 114.999985594055 -1198.12493802184
845 15.0111687091359 115.000000466233 -1203.53417997603
846 15.0111715572135 114.99996621589 -1198.22200922348
847 15.0111448578145 115.000014463981 -1200.16071975978
848 15.0112245016968 114.999966985381 -1199.66017989856
849 15.0111983753152 114.999991889543 -1200.90937640988
850 15.0112330496694 114.999967810141 -1199.43592955559
851 15.0112268023814 114.999983859264 -1196.50075914001
852 15.0112406648959 114.999986082992 -1199.57445655481
853 15.0112353929042 114.999990023543 -1203.06795186075
854 15.0112962543852 114.999990614135 -1197.08804788367
855 15.011277951154 114.999996325458 -1198.73008005554
856 15.0112711309392 114.999998210422 -1201.08084972604
857 15.0113020226838 115.000004434163 -1201.49708168223
858 15.0113264990521 114.99997461265 -1198.0333961158
859 15.0113297475561 114.999995253056 -1198.23306467831
860 15.0113252180553 114.99999545329 -1196.9839871952
861 15.0114271430261 115.000027420721 -1198.99516947751
862 15.0113737988807 115.000002507032 -1200.03017046345
863 15.0113988669785 115.000006555028 -1200.31255896399
864 15.0113976530969 114.99998728373 -1202.99728104403
865 15.0114383328368 115.00000495056 -1202.5449510907
866 15.0114688094547 114.999997391768 -1202.16365363911
867 15.0114593245675 114.999989632947 -1200.31804015826
868 15.0114359903331 115.000015198039 -1198.65014930919
869 15.0114962650933 114.999962452793 -1199.16846335124
870 15.0115275678667 114.999989471216 -1203.07293588594
871 15.011514503229 115.000016556166 -1199.87148007342
872 15.0115285089071 114.999999290241 -1200.57803870935
873 15.0115484533583 114.999986148683 -1198.79904283677
874 15.011513676573 114.999984871627 -1197.68515258481
875 15.0115391545492 115.000009617419 -1200.638191785
876 15.0116047616335 114.99999044769 -1196.58977808537
877 15.0115838671201 114.999979695015 -1199.35408144021
878 15.0115905670727 114.999993472588 -1196.12673919561
879 15.0116037632711 114.999953817194 -1202.69073387245
880 15.0116291567698 115.000015244441 -1201.30550619254
881 15.0116240929563 115.000016002109 -1202.90939335262
882 15.0116449121831 115.000000094515 -1197.70993889811
883 15.0116858805156 115.000023292339 -1201.2151769664
884 15.0116735916568 114.99998061064 -1202.97154340277
885 15.0116962437365 115.000022336618 -1200.09595317206
886 15.0117350273325 115.00000403022 -1199.38280935372
887 15.0116948447098 114.999974865975 -1198.54553514171
888 15.0117512133896 114.999980363409 -1200.20544064424
889 15.0117305944021 114.999996604182 -1200.76447100355
890 15.0117276135564 114.999999904166 -1201.00494761516
891 15.0117684627107 115.000008002144 -1201.69847972145
892 15.0118211141201 115.000002816424 -1198.13177831835
893 15.0117764538915 114.999982618525 -1198.40015771158
894 15.0118276104566 114.999999846307 -1201.19612668947
895 15.0118401201558 115.000001642729 -1195.82466165983
896 15.0118155372983 114.999986363474 -1197.9741480829
897 15.0118225890037 114.999993381542 -1198.9803896088
898 15.0118632673369 115.000043510119 -1201.25563461252
899 15.0118648860576 115.000025383253 -1199.52901849022
900 15.0118820943487 114.999978561774 -1204.97713326138
901 15.011946843334 115.00002598529 -1200.22877295946
902 15.0119486954064 115.000004579017 -1201.38509267484
903 15.0119285407339 115.000011453586 -1195.78769998885
904 15.0119558334872 115.000006489817 -1198.68860127989
905 15.0119453959657 115.000017821697 -1199.07069613905
906 15.0119552017456 114.999954857388 -1201.22545851903
907 15.011990616367 115.000006394725 -1201.72137632374
908 15.0119746551112 114.99996279458 -1200.57081880503
909 15.0120386188351 115.000014103176 -1195.48889841723
910 15.0120185799424 115.000019500237 -1202.46971685602
911 15.0120594485004 115.000024686065 -1202.48494755965
912 15.0120377283053 115.000023301877 -1199.15414978343
913 15.012116311754 115.000003292039 -1200.00549588682
914 15.01209827916 114.999984848272 -1200.76649389045
915 15.0120893225177 115.000003815633 -1200.40808818175
916 15.0121216255228 115.000018195739 -1199.56013199789
917 15.0121673251201 115.000002073209 -1202.61305146998
918 15.0121509889868 115.000018774264 -1202.72271646785
919 15.0121621511637 115.000004853266 -1199.9186442682
920 15.0121608704924 115.000010492102 -1201.39945301345
921 15.0121893473176 115.000029282109 -1201.67400096737
922 15.0122296835752 114.999974992107 -1196.98789766235
923 15.0121899248651 115.000027990116 -1202.75691682289
924 15.0122215169047 114.999986418921 -1201.53364594398
925 15.0122265458922 115.000011718123 -1201.32820827901
926 15.012223444581 114.999997318896 -1200.81451755366
927 15.01223285258 114.999999204471 -1199.49935764684
928 15.0123112397785 114.999991423427 -1200.6779307931
929 15.0123068253201 115.000012850883 -1196.01164188113
930 15.0122892450048 115.000006246257 -1196.78787093965
931 15.0122963163763 114.999995176111 -1200.07587398597
932 15.0123521273639 114.999997644026 -1199.16051854329
933 15.012353547015 114.999993434437 -1200.55798426408
934 15.0123338535211 115.00002395506 -1201.01519703736
935 15.0123575628431 114.999966872998 -1196.20604273879
936 15.0123895391631 114.999977137405 -1200.57572285493
937 15.0123632832392 115.000016994977 -1197.94937730853
938 15.0124040355602 115.000008833105 -1198.03174928937
939 15.0124245889066 114.999972701631 -1198.75469473213
940 15.0124400395611 114.999987182931 -1197.79010432241
941 15.0124331150527 114.999986057013 -1200.71656237449
942 15.0124539768382 114.999994105278 -1201.41522157248
943 15.0124514842307 114.999981527208 -1202.7376992241
944 15.0124503426348 114.999976865406 -1200.72818695522
945 15.0125129045992 114.999994714044 -1203.443743021
946 15.0125229691244 115.000018361887 -1200.45363183388
947 15.0125467002716 115.000040832941 -1199.28500184715
948 15.0125475673421 115.000019695459 -1197.28017154508
949 15.012560175892 115.000012199962 -1203.06198683579
950 15.0125841857708 115.00000587882 -1201.99636405586
951 15.0125656273496 115.000000488085 -1199.70058781222
952 15.0126197191309 115.000031208745 -1199.80029996557
953 15.0125840053941 115.000019385441 -1198.48503662378
954 15.0126303191773 115.000026746081 -1196.4467420808
955 15.0126349953146 114.999991602504 -1199.31571438114
956 15.0126442297032 115.000012398342 -1198.61100389454
957 15.0126718418359 115.000003081412 -1200.15602496222
958 15.0126832997862 114.999986919962 -1202.21161585779
959 15.0127212958039 115.000014864195 -1201.74565426281
960 15.0126843111598 114.999975663302 -1195.67097729182
961 15.0127400477582 114.999991702338 -1198.60192763146
962 15.0127767958713 115.000017796354 -1201.06614883745
963 15.0127636740814 115.00001682688 -1198.32596978228
964 15.0127543270109 114.999995175213 -1200.49388636527
965 15.0127766641042 114.999996124763 -1200.75618940328
966 15.0127884630599 115.000015574987 -1201.47353109919
967 15.0128098955127 115.000025399941 -1201.07918325949
968 15.012819146635 114.999993663226 -1201.34760004485
969 15.0128155731615 115.000001338391 -1198.65599035592
970 15.0128397490911 114.999997137809 -1198.00471178867
971 15.0128341430856 114.999989745648 -1201.36537835976
972 15.0128528005796 115.000020442122 -1204.05537196079
973 15.0128826418997 114.99996407829 -1200.48107182932
974 15.0129073337852 115.000011542713 -1198.74347960531
975 15.0129080796019 114.999993416176 -1198.84228552347
976 15.0129142548601 114.999988985407 -1200.50003897668
977 15.0129446669991 115.000010236308 -1195.16748358693
978 15.0129586368475 114.99998386129 -1200.30292831444
979 15.0129666166675 114.999985709497 -1198.67047215805
980 15.0129952045012 114.999992834725 -1196.81309050885
981 15.0129777639016 115.000000231571 -1201.91604622607
982 15.0130223491501 115.000029358915 -1200.06601138441
983 15.0130468765469 115.000002748547 -1200.34290329499
984 15.0130494080017 114.999992032544 -1202.34541118891
985 15.0130242231588 114.999987326247 -1199.55200634558
986 15.0130621139071 114.999979358749 -1198.06822262424
987 15.0130643499478 114.999990540377 -1201.22212961939
988 15.0130922086444 115.000025284584 -1200.73182440459
989 15.0131222842585 114.999982918392 -1200.68761448014
990 15.0131169613941 114.999995245217 -1202.10766260121
991 15.0131120657797 114.999970132681 -1197.60528132489
992 15.0131504174219 115.000014367849 -1201.53318331053
993 15.0131649866066 114.999985798305 -1199.82710822862
994 15.0131725684406 114.999996570445 -1200.44358404493
995 15.0131968574125 114.999993582002 -1202.72823758822
996 15.0131732546303 115.000014129422 -1203.31977658486
997 15.0132234245502 114.99999714097 -1199.61822340884
998 15.0132276641054 114.999949472242 -1200.18017202086
999 15.0132373319636 114.999981035754 -1200.40809818923
1000 15.0132503406173 114.999974662998 -1198.67635722148
1001 15.0132855219051 115.00001356507 -1201.07996243618
1002 15.0132563801524 114.99999047957 -1201.89082409685
1003 15.0132885314468 115.000010892727 -1198.04239738097
1004 15.0132862946653 114.999981244366 -1199.79138281521
1005 15.0133165956695 114.999983299377 -1201.78036441509
1006 15.0133530852611 114.999953157104 -1195.94856121469
1007 15.0133499871959 114.999993658355 -1197.74466995793
1008 15.0133641443742 115.000003525026 -1196.33512842867
1009 15.0133580172132 115.000029583557 -1200.25288201167
1010 15.0134173209171 114.999999026647 -1203.36335517784
1011 15.0134221698387 114.999982379468 -1200.24476504167
1012 15.0134635508582 115.000012313335 -1196.55201060274
1013 15.0134345345636 114.999981463508 -1199.06308823373
1014 15.0134534935565 114.999989276456 -1199.19645286749
1015 15.0134684075733 114.999999243703 -1199.60506370087
1016 15.0134747726011 115.000000855113 -1200.09740434976
1017 15.0134621827621 114.999984431427 -1201.49773572256
1018 15.0134650321781 114.99999063889 -1199.30340325707
1019 15.013520127341 115.000017617409 -1198.27885588356
1020 15.0135257880529 115.000014704816 -1197.10451211037
1021 15.0135712451196 114.999987115586 -1196.31182514457
1022 15.0135789251834 114.999994676184 -1198.74756471315
1023 15.0136085488999 114.99999582331 -1196.5063048156
1024 15.0135767205474 114.999993604815 -1200.87388207126
1025 15.0136228586219 115.000003522894 -1200.88008019995
1026 15.0136271816912 114.999983938192 -1206.10454261254
1027 15.0136085889678 115.000017650697 -1199.06323661686
1028 15.0136523903671 115.000026299576 -1200.00991397422
1029 15.013652096842 114.999988276053 -1203.27431278851
1030 15.0136509542566 114.99997901236 -1197.60031000617
1031 15.0136732134934 114.999985219354 -1196.93524344027
1032 15.0136680537796 114.999987261207 -1199.81505413875
1033 15.0137183767201 114.999996390981 -1199.04291085116
1034 15.0137494417456 114.999993361723 -1197.33680620201
1035 15.0137457165585 115.000023866517 -1196.22440074494
1036 15.0137576707869 114.999970783526 -1200.31989694655
1037 15.0137378148184 115.00000913857 -1201.02136987847
1038 15.0137800915511 115.000014426939 -1199.54633019386
1039 15.0137729152541 115.000002087514 -1199.14405313526
1040 15.0138001635715 115.000006089465 -1203.62996905182
1041 15.0138127783238 115.000002894764 -1198.10108948164
1042 15.0138336976185 114.999974932007 -1199.51645333033
1043 15.0138486446762 115.000043515427 -1196.95779877789
1044 15.0138262869781 115.000014853517 -1198.06108981364
1045 15.0138624626028 114.999982859162 -1202.41357142954
1046 15.0138706123501 115.000013340344 -1198.05159306481
1047 15.0138864635146 114.999983541285 -1197.95957662994
1048 15.0138738460502 114.999950013555 -1199.89223026203
1049 15.0139222721754 115.00002719467 -1197.14797721917
1050 15.0139097805245 115.000011235349 -1201.58639661087
1051 15.0139235372086 115.000004208863 -1200.73486015998
1052 15.0139887068402 115.000005721098 -1198.47045736798
1053 15.013982475127 114.999994402801 -1196.14894794181
1054 15.0139809947193 115.000029355036 -1201.04495854458
1055 15.0140119337328 114.999988916965 -1201.79608735783
1056 15.0140045837265 115.000007104384 -1197.49365633085
1057 15.0140359376398 114.9999932488 -1201.70309007679
1058 15.0140448191445 115.000004685873 -1201.82528161015
1059 15.014043352195 114.999996684722 -1203.12554557453
1060 15.014059417095 114.999964423037 -1198.06599079986
1061 15.0140712375967 115.000009294829 -1200.23000245561
1062 15.0141042104736 114.999959889998 -1198.62870977088
1063 15.0141347735544 115.000009949937 -1197.94357617536
1064 15.0141279260653 114.999997922363 -1199.62717857529
1065 15.0141520031028 115.00001393084 -1202.86754249673
1066 15.0141584828611 114.999987161617 -1198.13206157129
1067 15.0141288843846 115.00002644071 -1198.47004097117
1068 15.0141692313274 115.000028293906 -1197.26331241361
1069 15.0141950142099 114.999989395171 -1202.00278588882
1070 15.0142220975365 114.999980103651 -1196.09098854863
1071 15.0141842528255 114.999997542566 -1202.20104815803
1072 15.0142324453304 114.999986446973 -1199.11895057796
1073 15.01424295592 115.000004361142 -1201.28719976771
1074 15.0142636617449 114.999973943563 -1198.15348632723
1075 15.0142761299685 115.00002612146 -1197.39487102616
1076 15.0142709820109 115.000006131993 -1199.96990934968
1077 15.0143071532815 115.000021069306 -1201.44216491696
1078 15.014296541095 115.000043761137 -1202.72918279821
1079 15.0143291508727 114.999969130461 -1197.10643733747
1080 15.0143283199013 115.000000904031 -1198.97915321159
1081 15.0143229155485 114.999990355416 -1200.63740753848
1082 15.0143535562495 115.000014266942 -1201.2896615693
1083 15.014372235333 114.999996102921 -1198.07404423513
1084 15.0143861293241 114.999990906075 -1198.5868916904
1085 15.0144136253127 115.000016250196 -1202.86047301733
1086 15.0144362594556 114.999995207959 -1201.92231408747
1087 15.0144393485878 114.999999462093 -1200.86468552746
1088 15.0144500210925 115.000021318485 -1200.69802332679
1089 15.0144491327312 115.000000839241 -1201.45517043695
1090 15.0144636131019 114.999983166576 -1200.0383122938
1091 15.0144655918111 114.999991677311 -1196.96645236399
1092 15.0144924742008 114.999989925835 -1202.4761945092
1093 15.0145259793524 115.000017361041 -1203.30366094564
1094 15.0145208218692 115.000017064651 -1199.13967515438
1095 15.0145694422754 115.000009965618 -1199.75125203653
1096 15.0145520172625 115.000004505416 -1200.68770621824
1097 15.0145854148221 114.999985587995 -1198.29477471333
1098 15.0146134710598 115.000003753311 -1201.42089225689
1099 15.0145803227366 115.000000890747 -1201.65091886477
1100 15.0146413568463 114.999990299778 -1199.5517992989
1101 15.0146250638936 114.999979706608 -1198.76775075795
1102 15.0146147954723 114.999995430155 -1201.96958744349
1103 15.0146465845391 115.000006625041 -1201.29613930475
1104 15.0146606750298 115.000016027505 -1200.74932648355
1105 15.0146918361649 115.000024642498 -1199.29933819608
1106 15.0146934731859 114.999994733699 -1199.53008841086
1107 15.0147050820864 114.999971294605 -1198.2009363411
1108 15.0147235544507 114.999981417186 -1198.11678136413
1109 15.0147527654868 115.000007534753 -1201.03258776124
1110 15.0147593576715 115.000001735571 -1200.79900112288
1111 15.0147694894934 114.999983097862 -1198.86173678699
1112 15.0148101171175 114.999977113329 -1197.18661885782
1113 15.0147945301196 114.999998043911 -1201.80824797627
1114 15.0147780435615 114.999997350881 -1199.87172337844
1115 15.0148150461592 114.999984765409 -1199.24142915307
1116 15.0148345318408 114.999960892063 -1198.57567553447
1117 15.0148561366612 114.999987649169 -1200.35814713111
1118 15.0148645489874 115.000018517193 -1199.32544609405
1119 15.0148800582884 115.00000881765 -1192.84488277299
1120 15.0148951411706 114.999981931161 -1200.43248718976
1121 15.0149175077077 114.999997990362 -1200.47094628245
1122 15.0149063333415 114.999994613364 -1197.63723870613
1123 15.0149191740361 114.999994051728 -1196.66725468755
1124 15.014970508658 114.999986688092 -1201.03894410008
1125 15.0149597838556 115.000014194349 -1200.9571185383
1126 15.0149534810045 115.000016085524 -1196.89016095542
1127 15.0149547162449 115.000019588821 -1198.3753153575
1128 15.0150131480571 115.000016732621 -1200.99519694828
1129 15.014982534713 114.999966728359 -1200.05027100302
1130 15.0150071920846 115.00000575383 -1199.07260443079
1131 15.0150767310699 114.999998719479 -1198.54067377752
1132 15.0150333215183 115.000024830543 -1198.61576556299
1133 15.0150262682542 115.000015924292 -1200.29975307067
1134 15.0150589174309 114.999981944011 -1201.23066342135
1135 15.0151077449879 115.000015139346 -1197.79514489792
1136 15.015118188852 114.999977833138 -1202.24287041534
1137 15.0150871975152 115.000002955618 -1198.56555128103
1138 15.0151069087261 114.999995918474 -1199.05230567505
1139 15.0151709774963 114.999987000674 -1197.98142052724
1140 15.0151425967227 115.000025376254 -1198.26694566593
1141 15.0151714811425 115.000015439366 -1199.6962971667
1142 15.0151684760372 114.999987183666 -1198.04345846788
1143 15.0151855012019 115.000004728778 -1198.29964395913
1144 15.0152163021403 115.000022850534 -1197.06033008757
1145 15.0152246182988 115.000006786154 -1200.2098487628
1146 15.0152261602624 114.999995648957 -1197.78087030737
1147 15.0152529577285 115.000007555968 -1201.71593739035
1148 15.0152557997587 114.999997185936 -1197.62526177302
1149 15.0152641782757 115.000001433461 -1198.87366433624
1150 15.0152766386679 115.000001613107 -1197.771065454
1151 15.0152730044844 114.99999782554 -1201.87571432098
1152 15.0153268441892 114.999991211024 -1200.97099746015
1153 15.0153408652932 114.999990695543 -1200.76231275925
1154 15.0153376170432 115.000017613936 -1200.34926214221
1155 15.0153535380885 115.000013669043 -1195.30976458591
1156 15.0153441933508 115.000028963181 -1201.14271513729
1157 15.0153908563967 114.999992695438 -1200.87920407499
1158 15.015399773407 115.000016984284 -1201.22977037407
1159 15.0154264977233 114.999965576408 -1196.77069077335
1160 15.0154345026719 115.000017193544 -1196.98293326317
1161 15.0154611452222 115.000030456318 -1201.30978434389
1162 15.0154930001794 114.999993291729 -1202.21923469185
1163 15.0154489433887 115.000009276635 -1201.12192211271
1164 15.0154648119543 114.999982583527 -1201.14296632475
1165 15.0154899911287 114.999986664651 -1201.95723235404
1166 15.0154874343287 114.999990788179 -1199.85836948639
1167 15.0155035642652 114.999984744347 -1197.66959043866
1168 15.0155211001593 115.000021832091 -1200.81034995397
1169 15.0155600465474 114.999996638821 -1206.85287361638
1170 15.0155476427777 115.000002458078 -1199.72064175573
1171 15.0155746077073 115.000024775473 -1200.16221222219
1172 15.0155888250381 115.000015301668 -1198.01279809013
1173 15.0155593905737 115.000019241096 -1196.23939939292
1174 15.0156202706601 115.000006573549 -1201.88817694365
1175 15.0156083967568 115.000022711831 -1201.49629027587
1176 15.0156423920259 115.000008320615 -1197.2389855433
1177 15.0156352829012 114.999981119863 -1202.5518085538
1178 15.0156490390134 114.999980525952 -1200.89625485686
1179 15.0156579352611 115.000026303172 -1199.99146513399
1180 15.0157160042349 114.999998972699 -1199.54210973823
1181 15.015703696708 115.000041226612 -1197.12468661146
1182 15.0157292831562 115.00000096359 -1199.79461004767
1183 15.0157516086723 114.999990803306 -1197.87967791987
1184 15.0157523110544 114.999951395222 -1200.30540197276
1185 15.0157876802686 115.000004965672 -1204.04996394029
1186 15.0157786704347 114.999979034735 -1200.53172991382
1187 15.0157822311589 115.000011564551 -1198.32992540202
1188 15.0158002904943 115.000015802004 -1199.37921288975
1189 15.0158402684674 114.999999119513 -1200.72156623836
1190 15.015842033206 115.00003825026 -1201.21435604082
1191 15.0158465724803 114.999998561228 -1201.47110725438
1192 15.0158630008309 115.000032688236 -1200.14777578574
1193 15.0158722478392 114.999977731627 -1200.77325219138
1194 15.0158876220852 114.999966642729 -1200.31583495659
1195 15.0159055545992 115.000029099977 -1200.34449135595
1196 15.015948066829 115.000011349621 -1199.91400687128
1197 15.0159327899822 114.999984630421 -1200.05400057873
1198 15.0159358851841 115.000004909665 -1199.50688858793
1199 15.0159774303035 115.000002246009 -1203.13389642398
1200 15.0159706111853 114.999998549154 -1202.31073629829
1201 15.0159904425306 114.999991952702 -1202.36006511885
1202 15.015971935052 115.000007202549 -1199.71816555336
1203 15.0159851939888 114.999988646764 -1201.56789044229
1204 15.0160412440229 115.000019373377 -1203.36078654108
1205 15.0160475757444 114.999965308991 -1197.75600816557
1206 15.0160733030334 114.999990334491 -1199.92405724087
1207 15.0160222736542 114.999988930863 -1201.59695981486
1208 15.0160787074103 114.99999569937 -1197.26436074359
1209 15.0160762860369 115.000016178776 -1201.03690426971
1210 15.0161257377181 115.000012115375 -1199.90394048048
1211 15.0161131734023 114.999979857508 -1199.81624071507
1212 15.0161547901702 115.000012682405 -1200.48782068421
1213 15.016118449735 115.000005009161 -1202.23946250586
1214 15.0161706415411 115.000016193849 -1200.17423660219
1215 15.0161414327873 115.000003472161 -1196.19180342722
1216 15.0161241129826 115.000001778649 -1202.91276195563
1217 15.0161654288643 114.999989223718 -1199.8485211835
1218 15.0162325390168 114.999982109548 -1200.44728806794
1219 15.0162030073791 114.999974805989 -1199.76994447209
1220 15.0162534108644 114.999994284422 -1202.29291771916
1221 15.0162407463859 114.999993759587 -1201.90444222893
1222 15.0162660044126 115.000018261068 -1200.38202745926
1223 15.0162204214208 115.000012090569 -1197.7286793608
1224 15.0162982466791 115.000001041306 -1202.69620788052
1225 15.0163381729455 114.999994626393 -1199.94217086004
1226 15.016334034692 115.000027258859 -1198.78266475483
1227 15.0163290384848 114.999974232812 -1196.83956175642
1228 15.0163203779147 115.000004812446 -1198.37838476157
1229 15.0163549376028 114.999985782999 -1197.90162709642
1230 15.0163725408022 114.999966334938 -1202.24313545666
1231 15.0163737387245 114.99997464246 -1203.07980278143
1232 15.0163669013323 115.000000236977 -1201.14581401004
1233 15.0164106305641 114.999939378783 -1203.80063455558
1234 15.0164031955315 114.999947239786 -1201.72908321265
1235 15.0164478760693 114.999943888127 -1198.28306858612
1236 15.016425547906 114.999935349121 -1206.486145522
1237 15.016411653211 114.999927133754 -1200.02559443048
1238 15.0164390002559 114.999917663465 -1198.0731891934
1239 15.0164405417275 114.999867559287 -1200.36875233114
1240 15.0164436983401 114.99986193987 -1200.30021579449
1241 15.0164315426544 114.999834683934 -1197.06058339367
1242 15.0164576916477 114.99982613749 -1198.53020722256
1243 15.0164530254755 114.999815844117 -1198.64026578686
1244 15.0164275954874 114.999776244272 -1200.87505777948
1245 15.0164332303176 114.999851297484 -1194.51448748751
1246 15.0164327449496 114.999800746135 -1198.83951763609
1247 15.016443114071 114.999787817668 -1204.88072449334
1248 15.0164521211666 114.999771966045 -1200.30427264875
1249 15.0164295527992 114.999749114322 -1202.48523249548
1250 15.0164384354109 114.999718815949 -1199.11113706353
1251 15.0164324923536 114.999699556458 -1201.50330217497
1252 15.0164254704952 114.999716706657 -1201.36303559344
1253 15.0163975861509 114.999672624352 -1199.03957398874
1254 15.0164498457535 114.999670184639 -1201.7037270874
1255 15.016405724988 114.999676979161 -1203.29634411571
1256 15.016447971337 114.999596234025 -1201.26135066907
1257 15.0164315986713 114.999631088307 -1199.66578951407
1258 15.0164757263601 114.999576028018 -1200.85351446381
1259 15.016415553002 114.999625043518 -1201.8855703075
1260 15.0164258103628 114.999611258223 -1201.34729282397
1261 15.0164545463028 114.999582280976 -1201.12430126408
1262 15.0164181595605 114.999580340745 -1200.0562719189
1263 15.0164428724235 114.999523830684 -1202.13716885485
1264 15.0164599806682 114.999538473303 -1200.0586777364
1265 15.01643365793 114.999520614498 -1199.15708453092
1266 15.0164147161374 114.999491572312 -1202.09102103849
1267 15.0164150040568 114.999486933963 -1200.46144588882
1268 15.0164786487618 114.999472607268 -1200.84590086308
1269 15.0164644904927 114.999460437706 -1200.43048717739
1270 15.0164559928669 114.999445461329 -1202.33543219983
1271 15.0164444110455 114.999438575331 -1197.63152494455
1272 15.0164014545343 114.999438257248 -1200.96845460685
1273 15.0164412840353 114.999411703687 -1199.9729129895
1274 15.0163975145838 114.999404617598 -1198.14303894297
1275 15.0164117968525 114.999380588234 -1198.32620017462
1276 15.0164596884843 114.999372978709 -1197.02685892737
1277 15.0164409099898 114.999328936388 -1200.03131240779
1278 15.0164225433496 114.999304768526 -1201.30988104122
1279 15.0164239442445 114.99931761341 -1199.37722480689
1280 15.0164596153892 114.999318162597 -1198.90832649401
1281 15.0164498298798 114.999278503634 -1197.58986783383
1282 15.016409884721 114.999290214123 -1196.32509162243
1283 15.0164357934165 114.999246865837 -1202.11439956188
1284 15.016397073036 114.999260589788 -1198.47011958375
1285 15.0164006208405 114.999194564239 -1197.517250481
1286 15.0163798808815 114.999228279984 -1197.45842094473
1287 15.0164407270208 114.999218466949 -1202.03015787306
1288 15.0164299451121 114.999213882972 -1197.97373992606
1289 15.0164339687497 114.999201000473 -1197.20298986268
1290 15.0164734299772 114.999165941587 -1200.18397349777
1291 15.0164051592195 114.999181052264 -1200.49646812549
1292 15.0164004840545 114.999153465006 -1200.22268693779
1293 15.0164268407952 114.999135291685 -1196.05539042946
1294 15.0164359056334 114.999113558738 -1201.44088412455
1295 15.0164459144587 114.999098096732 -1198.61600271829
1296 15.0164338941486 114.999072730798 -1201.09618891381
1297 15.0164490034947 114.999053678308 -1198.77388745987
1298 15.0164513671829 114.999091328326 -1202.17929806891
1299 15.0164314515973 114.999033843135 -1201.6441919433
1300 15.0164248870764 114.999046974131 -1199.89474429206
1301 15.016427123435 114.999007400084 -1202.5303236501
1302 15.016432299053 114.998975587447 -1199.3163451966
1303 15.0164427375497 114.998976476966 -1196.21380273051
1304 15.0164176061811 114.999008447602 -1199.64170327513
1305 15.0164468279443 114.998984699351 -1202.17673440274
1306 15.0164409657053 114.998917119816 -1200.9628423734
1307 15.0164221478275 114.998923972306 -1198.35003770796
1308 15.0164316864456 114.998909522302 -1203.77137556892
1309 15.0164231024777 114.998907286569 -1204.55349248067
1310 15.0164344487883 114.998918205138 -1196.6713249316
1311 15.0164081434192 114.998868115369 -1200.65036222828
1312 15.0164758892867 114.998854846309 -1201.09328137226
1313 15.0164401965405 114.998841273428 -1201.62645149125
1314 15.0164249088221 114.99881956476 -1201.08038865011
1315 15.0164453106904 114.99884308847 -1198.19759214624
1316 15.0164435410435 114.998795637704 -1201.19550337742
1317 15.0164479752406 114.998817403919 -1197.58753719122
1318 15.0164373473486 114.998760386488 -1202.66557231506
1319 15.0164548011713 114.998778068115 -1200.60327695488
1320 15.0164522278658 114.998750580914 -1196.41859132229
1321 15.0164435033425 114.99874192166 -1201.78921834028
1322 15.0164358626167 114.998722175594 -1200.09704180537
1323 15.0164511743952 114.998705217021 -1204.18565603786
1324 15.016409517425 114.998667656658 -1199.88785445786
1325 15.0164442618255 114.998658563621 -1198.10890467656
1326 15.0164367787685 114.998693744297 -1200.52525954533
1327 15.0164314979951 114.998630222271 -1195.67283630814
1328 15.0164217063296 114.998647433013 -1201.51920298336
1329 15.0164496788729 114.998637674901 -1198.56059606735
1330 15.0164463471324 114.998614160927 -1199.38594372041
1331 15.0164113510679 114.998616616527 -1197.445989531
1332 15.0164352467591 114.998583761998 -1198.6641344348
1333 15.0164516760313 114.99858071423 -1199.48980770752
1334 15.0164367039891 114.998543884177 -1201.4091808321
1335 15.0164216904699 114.998564805775 -1203.40529667862
1336 15.0163824353438 114.99850765833 -1202.27925774754
1337 15.0164368723882 114.998492183923 -1197.69230295927
1338 15.01642708048 114.998490046031 -1199.72195871523
1339 15.0164553591128 114.998485408414 -1197.4669228596
1340 15.0164149189489 114.998454195471 -1200.57953401537
1341 15.0164094309876 114.998454687792 -1202.25611674701
1342 15.0164385341131 114.998412609573 -1202.681316803
1343 15.0164546554255 114.998423376709 -1199.21745938027
1344 15.0164400362703 114.998442904627 -1199.78277302353
1345 15.0164270604173 114.99840002684 -1201.72529176129
1346 15.0164387585666 114.998385695986 -1200.17758255763
1347 15.0164021862575 114.998349426498 -1202.62668731922
1348 15.0164511134914 114.998329344509 -1200.63661149632
1349 15.0164535783275 114.998351137204 -1202.46898040074
1350 15.016441536101 114.99833975196 -1198.68484444397
1351 15.0164399328707 114.998321226976 -1195.07617851064
1352 15.016444430561 114.998308131561 -1199.60916561108
1353 15.0164213390565 114.99831354415 -1198.20967065076
1354 15.0164112413048 114.998281218214 -1201.35522295915
1355 15.0164271069286 114.998266684877 -1200.04059606941
1356 15.0164631372752 114.998237538767 -1198.14526617455
1357 15.0164271289959 114.998220108461 -1200.40366216534
1358 15.016411581339 114.998227454293 -1199.43496614186
1359 15.0164497594647 114.998223901084 -1200.54712821596
1360 15.0164056230816 114.998210694284 -1197.30736080624
1361 15.0164557336188 114.998169747607 -1198.08322765615
1362 15.0164184300092 114.998182785689 -1202.13294626458
1363 15.0164350180985 114.998166520354 -1200.58594870776
1364 15.0164683119916 114.998117400418 -1199.01810375423
1365 15.0164465535134 114.998114903706 -1201.97722990505
1366 15.0164077034756 114.99809969378 -1197.04206799101
1367 15.0164400402176 114.998096327568 -1203.02526757566
1368 15.0164304801135 114.998049694229 -1201.81808049319
1369 15.0164017385389 114.99807911253 -1197.86955398374
1370 15.0164248503664 114.998054467117 -1202.44649993607
1371 15.0164294089083 114.998059933264 -1197.36449599047
1372 15.0164237137207 114.998015216377 -1196.40257300176
1373 15.0164212356874 114.997982606604 -1198.03538978518
1374 15.0163933838971 114.998004557176 -1199.22500992406
1375 15.0164442889223 114.997976864505 -1202.02437891549
1376 15.0164322704118 114.997953697427 -1201.39063754031
1377 15.0164603618963 114.997968225215 -1197.15061975624
1378 15.0164422402944 114.997924780164 -1200.02136650641
1379 15.0164570916937 114.997935902643 -1201.43921105034
1380 15.0164327343783 114.997915154915 -1201.26325722678
1381 15.016418362395 114.997915104805 -1201.82300625793
1382 15.0164598306303 114.997874753616 -1200.67101956287
1383 15.0164536691905 114.997861197069 -1204.61685766829
1384 15.016440298877 114.99783650018 -1200.77007945629
1385 15.0164649683325 114.997854602051 -1200.91018083401
1386 15.016437883327 114.997805055561 -1200.96632991633
1387 15.0164111275193 114.997833668386 -1205.57392961023
1388 15.0164132148399 114.997825166236 -1200.2711726827
1389 15.016407151039 114.997798946155 -1202.0947133775
1390 15.016427361535 114.997804782461 -1196.45000349386
1391 15.016446395803 114.997782686297 -1201.1064245727
1392 15.0164239994192 114.997737038156 -1197.9404721277
1393 15.016452883269 114.997720899876 -1200.65552012423
1394 15.0164392929133 114.997727096464 -1200.89091515774
1395 15.0164252975494 114.997696010922 -1196.11044989596
1396 15.0164246613515 114.99765453235 -1200.65966313573
1397 15.0164641869761 114.99768248085 -1203.55793862799
1398 15.0164192946433 114.997642629103 -1199.77453284739
1399 15.0164663213558 114.997614310027 -1202.73022522226
1400 15.0163951195215 114.997627428222 -1199.37643628083
1401 15.0164695915428 114.997608193719 -1199.14373124615
1402 15.0164256068815 114.997589951121 -1198.75839935877
1403 15.0164384154006 114.997572823583 -1200.08570664425
1404 15.0163940232903 114.997567838958 -1200.67296489961
1405 15.0164314919206 114.997597315063 -1202.81880650937
1406 15.0163962307809 114.997563044427 -1199.68767270699
1407 15.0164553649515 114.997561990886 -1197.94484593266
1408 15.0164394752229 114.997508220719 -1203.05248294663
1409 15.0164402072996 114.997493572737 -1201.01016616564
1410 15.0164397302455 114.997465301634 -1201.44441615488
1411 15.0164548376626 114.997476821286 -1196.8492507226
1412 15.0164449811806 114.997458496529 -1202.95203482579
1413 15.0164353405307 114.997423022379 -1200.17672993514
1414 15.016444681848 114.997440387454 -1201.45496164646
1415 15.0164416531495 114.997410709984 -1205.60066118817
1416 15.016449483647 114.997435273713 -1202.78814966247
1417 15.0164506776805 114.997419781607 -1199.0167408793
1418 15.0164456080642 114.997366948516 -1198.22255478746
1419 15.0164156452651 114.997362078153 -1204.18584546653
1420 15.0163938625779 114.997356465294 -1200.91641168913
1421 15.0164519819254 114.997353402513 -1200.46210929222
1422 15.0164414261869 114.997320470335 -1200.69240596044
1423 15.0164468252263 114.997321050719 -1199.71447080576
1424 15.0164172786545 114.997327248898 -1198.25294599334
1425 15.0164387022695 114.997295288358 -1200.20216174963
1426 15.0164234062007 114.997267872631 -1200.76588772886
1427 15.0164278635453 114.997261369077 -1201.56431424176
1428 15.0164381013508 114.997228313181 -1201.93593418764
1429 15.0164528951449 114.997218730926 -1198.28373076743
1430 15.016408556876 114.997229476181 -1199.01312004154
1431 15.0164315656893 114.997229726785 -1200.4423860753
1432 15.0164126990249 114.997160195422 -1201.21368448198
1433 15.0164106560466 114.997185832896 -1201.76391750954
1434 15.0164428574906 114.997137478874 -1199.2654225352
1435 15.0164362292144 114.997163340188 -1200.27175973765
1436 15.0164586852172 114.997137163436 -1199.82906448847
1437 15.0164404220469 114.997154580733 -1200.51391311454
1438 15.0164418826333 114.997113167118 -1198.18664993986
1439 15.0164491589568 114.997106712882 -1198.45911398087
1440 15.0164177102727 114.997109143481 -1201.87835577493
1441 15.0164264217195 114.997057537417 -1200.44845891954
1442 15.0164220600832 114.997053802265 -1199.21318249291
1443 15.0164071870813 114.997036873793 -1201.48913206846
1444 15.0164481540667 114.997047078252 -1201.23829805955
1445 15.0164341206914 114.997002390487 -1198.23074402196
1446 15.0164534494574 114.997010813276 -1202.87042668833
1447 15.016464182252 114.99697936904 -1197.8524530353
1448 15.0164227678829 114.996979040582 -1199.31033848776
1449 15.0164189730657 114.996965010469 -1201.59382557183
1450 15.0164368745599 114.99691973148 -1201.75266260527
1451 15.0164286315145 114.996901035998 -1196.56181713738
1452 15.0164736279916 114.996910373106 -1204.40140626942
1453 15.0164392226122 114.996893311509 -1198.93909315439
1454 15.01643838798 114.996878456931 -1199.40125106043
1455 15.0164505135063 114.996843352496 -1197.42624626696
1456 15.0164372891567 114.996841932381 -1202.04564214784
1457 15.0164651988202 114.996855878662 -1198.85442762485
1458 15.0164248275487 114.996834389302 -1200.52399573555
1459 15.0164551624484 114.99681777458 -1202.96311362237
1460 15.0164194982898 114.996786761333 -1202.57420331747
1461 15.0164386905216 114.996806703889 -1202.19506373646
1462 15.0164285591247 114.996752827604 -1197.54357376233
1463 15.0164230766969 114.996729881813 -1199.13393538977
1464 15.0164171394956 114.996710244942 -1199.5344503546
1465 15.016421221262 114.996725686785 -1203.00649314222
1466 15.0164402636718 114.996736271114 -1203.35190249306
1467 15.0164570162502 114.996692782148 -1199.76704441889
1468 15.0164194305055 114.996672495246 -1199.71279055543
1469 15.0164605928105 114.996657761674 -1203.08022805618
1470 15.0164322519059 114.996606890082 -1197.97937497716
1471 15.0164376684702 114.996649135973 -1199.51755882005
1472 15.0164226951328 114.996638281031 -1201.00771013661
1473 15.0164418450925 114.996609771055 -1200.10383396822
1474 15.0164460939553 114.996603074985 -1199.16585242723
1475 15.0164569673354 114.996581529585 -1196.39172329182
1476 15.0164536816773 114.996589016529 -1201.09034440905
1477 15.0164260287537 114.996571783075 -1200.0502297983
1478 15.0164412673521 114.996526847641 -1203.66804698961
1479 15.0164312808902 114.996531751547 -1198.52162371912
1480 15.0164500223906 114.996515812285 -1198.60241166828
1481 15.0164286465643 114.996512299365 -1202.46056291214
1482 15.0164267323794 114.996501967889 -1199.57214087584
1483 15.0164444469453 114.996472008275 -1197.99820993219
1484 15.0164592486842 114.996448783367 -1198.72906709951
1485 15.0164517093175 114.996457488863 -1201.82273882802
1486 15.0164356198381 114.996436513018 -1200.6046425877
1487 15.0164613117368 114.996414117038 -1206.65418172911
1488 15.0164339559748 114.996394914916 -1197.64000681626
1489 15.0164435558692 114.996361347148 -1195.79326604997
1490 15.0164288749589 114.996393916366 -1199.78084742096
1491 15.0164278232782 114.996366515401 -1201.11006913997
1492 15.0164228049161 114.996350078082 -1200.47754862557
1493 15.0164353919841 114.996325472131 -1197.75477990464
1494 15.0164699142241 114.996341214909 -1198.81313519588
1495 15.0163927866596 114.996272227803 -1198.32260621354
1496 15.016420969789 114.996317137363 -1198.99584495827
1497 15.016408689057 114.99626415984 -1201.7150316894
1498 15.0164413513536 114.996254832358 -1197.85831458292
1499 15.0164646789643 114.996291369396 -1198.0763338234
1500 15.0164250032007 114.996220035338 -1203.10598795764
1501 15.0164450086184 114.996225527516 -1198.38991745455
1502 15.0164355156912 114.996209478239 -1199.79070320549
1503 15.0164104835532 114.996215049541 -1199.30257892964
1504 15.0164133522615 114.996218372955 -1203.74284004831
1505 15.0164302825799 114.996189579332 -1200.45710107503
1506 15.0164487131635 114.99614827176 -1197.92205640023
1507 15.0164214113117 114.996133799846 -1199.24379263232
1508 15.0164482615465 114.996134479537 -1201.778688686
1509 15.0164481913578 114.996128587948 -1198.87905880422
1510 15.0164095550303 114.996128643394 -1200.68903437083
1511 15.0164659093987 114.996067267608 -1199.11239296728
1512 15.0164298581437 114.996070031942 -1200.76520507019
1513 15.0164158507709 114.99605934686 -1201.13281662365
1514 15.0163996736553 114.996065875627 -1200.98203684372
1515 15.0164303299785 114.99599596776 -1201.12649268106
1516 15.016436594283 114.996040256802 -1202.92559891927
1517 15.0164241399396 114.996010628082 -1199.1986362125
1518 15.0164280698797 114.995968153704 -1197.68918888832
1519 15.016414880842 114.995961560329 -1195.01666255588
1520 15.0164290966526 114.99595042833 -1199.6238005254
1521 15.0164123504133 114.995982247412 -1201.18144926459
1522 15.0164260134326 114.995918307353 -1201.88732495569
1523 15.0164256710043 114.995911369316 -1200.21161629288
1524 15.0164394386183 114.995901439136 -1201.89657919462
1525 15.0164314237653 114.99591155374 -1201.84358560529
1526 15.0164408555197 114.995870201482 -1201.65550783266
1527 15.0164536371223 114.995893589976 -1201.76855138441
1528 15.0164270669851 114.995844004182 -1200.08198712577
1529 15.0164438393507 114.995845840678 -1199.04431732026
1530 15.0164243133882 114.995826186728 -1198.16492173968
1531 15.0164459992674 114.995812905663 -1199.43541330063
1532 15.0164553313374 114.995762520952 -1202.51402068915
1533 15.0164093902164 114.9957613835 -1199.48785032906
1534 15.0164562582064 114.995748114244 -1197.12295761883
1535 15.0164498712949 114.995734478098 -1199.69880598319
1536 15.016433289663 114.995751573397 -1197.30341006212
1537 15.0164258089527 114.995716312932 -1198.08014212221
1538 15.0164268980883 114.995720917895 -1201.95715930067
1539 15.0164495858727 114.995687262409 -1198.81268097905
1540 15.0164358241865 114.995697991656 -1203.69765522838
1541 15.016452619929 114.995719486927 -1202.2808198506
1542 15.0164079514418 114.995639899686 -1200.48476435513
1543 15.0164378029821 114.995624554072 -1194.98302262281
1544 15.0164541598131 114.995598979713 -1195.38507395593
1545 15.0164333208873 114.995579890809 -1198.74843184093
1546 15.0164074236541 114.995591975016 -1200.3701441406
1547 15.0164125809896 114.995601651912 -1199.60455969939
1548 15.0164200637631 114.995609421799 -1203.31710898535
1549 15.0164021746216 114.99558021096 -1201.94622803811
1550 15.0164308708138 114.99555951937 -1196.94870680171
1551 15.0164417823568 114.995493619244 -1198.28488845601
1552 15.0164431062903 114.995527900765 -1198.32027911958
1553 15.0164039737509 114.995539379829 -1202.84474971535
1554 15.0164046795592 114.995505957465 -1200.12812363487
1555 15.0164385281223 114.995459056931 -1199.62793481583
1556 15.0164224884274 114.995484210521 -1201.61659964
1557 15.0164449902166 114.995417235016 -1202.33072917038
1558 15.0164393531054 114.995441788976 -1202.78105260489
1559 15.0164214453489 114.995400218403 -1198.82654861588
1560 15.0164150516863 114.995389694632 -1196.95868642395
1561 15.0164259347932 114.995370183972 -1200.84472320103
1562 15.0164362291072 114.995395409726 -1201.93207044765
1563 15.0164562990548 114.995358473853 -1200.33971542211
1564 15.016435290117 114.995380511164 -1199.13105624237
1565 15.0164277968378 114.995346922273 -1199.47781631129
1566 15.0164535875189 114.995302227295 -1202.66305968349
1567 15.0163962293694 114.995330003003 -1197.49020022214
1568 15.0164141974338 114.995294480618 -1201.99819609038
1569 15.0164359438766 114.995285805017 -1200.9521473933
1570 15.0164460716504 114.995269666783 -1198.85934767139
1571 15.0164329014004 114.995240385702 -1200.26493119579
1572 15.0164159133807 114.995239209736 -1203.09603996242
1573 15.0164496514892 114.995223937237 -1199.73187234082
1574 15.0164204271933 114.99522276088 -1200.51506784589
1575 15.0164281929591 114.995215190505 -1196.67666435117
1576 15.0164150803016 114.995172751184 -1199.11267208734
1577 15.0164422141303 114.995177019043 -1201.66850995596
1578 15.0164220353234 114.995150692734 -1195.24558947036
1579 15.0164515978393 114.995121224931 -1198.55797144718
1580 15.0164197325925 114.995140432507 -1195.70820414102
1581 15.0164053922366 114.995113315127 -1197.70552675017
1582 15.0164259612766 114.995115455149 -1203.05312124913
1583 15.0164502478329 114.995082058002 -1197.65152515401
1584 15.0164338538188 114.995070612893 -1198.78381021682
1585 15.0163905848262 114.995059731645 -1199.1761319573
1586 15.0164493679515 114.995043423537 -1199.20967103889
1587 15.0164040415025 114.995015675913 -1199.54413541922
1588 15.0164168088022 114.994975903364 -1199.75631961172
1589 15.0164354354928 114.994995974321 -1203.5367072944
1590 15.0164136292105 114.994981417552 -1199.81791633829
1591 15.0164495073076 114.994956937829 -1198.43184561224
1592 15.0164817251812 114.994945712921 -1199.61072383208
1593 15.0164332013425 114.994947657084 -1202.73319921828
1594 15.0164456538501 114.994918626235 -1198.01501097842
1595 15.0164531954682 114.9949459039 -1199.23118926267
1596 15.0164363630111 114.994896249995 -1199.45205676812
1597 15.0164192919255 114.994898346606 -1198.551116342
1598 15.0164708302398 114.994886303648 -1201.06141219315
1599 15.0164332717558 114.994868057599 -1200.13235475773
1600 15.0164159539622 114.99483270124 -1203.10796578358
1601 15.0164325309499 114.994847083443 -1199.31134046708
1602 15.0163972208351 114.994833083188 -1201.86410611271
1603 15.016394545752 114.994827189518 -1201.04028016704
1604 15.016420649352 114.994793170206 -1201.26974528349
1605 15.0164500802597 114.994761427473 -1198.73117129692
1606 15.0164340284468 114.994752028004 -1198.69669445272
1607 15.01638336106 114.99474794347 -1201.63876615714
1608 15.0164356106958 114.994737676832 -1199.25145902889
1609 15.0164469245225 114.99472266336 -1198.68806204788
1610 15.0164388028228 114.994720739095 -1199.58976046924
1611 15.0164394945899 114.99467446069 -1199.756126013
1612 15.0164294967365 114.994663142404 -1198.61386281555
1613 15.0164184664154 114.994661019297 -1200.21727200559
1614 15.0164293847109 114.994644308979 -1201.16609392645
1615 15.0164219204016 114.994626154087 -1198.36653447828
1616 15.0164584026151 114.994633815259 -1197.99752029014
1617 15.0164298225604 114.994621646926 -1199.84920276833
1618 15.016409176951 114.994612582458 -1202.03368286558
1619 15.0164400866761 114.9945982842 -1198.21345274935
1620 15.0164498170835 114.994544141567 -1201.68754555787
1621 15.0164384931917 114.994589412694 -1199.45914756224
1622 15.0164509079658 114.994571910043 -1200.79042189182
1623 15.0164225950199 114.994523027551 -1198.00389467497
1624 15.0164366712454 114.994504357584 -1199.94375685549
1625 15.0164153326999 114.994473020221 -1203.82200790027
1626 15.0164276482513 114.994460219314 -1203.10126384917
1627 15.0164344362853 114.994463082087 -1203.03184203156
1628 15.0164061672896 114.994436439908 -1198.52171013333
1629 15.0164430778714 114.994454482042 -1201.28399670604
1630 15.0164311043593 114.994424515016 -1197.6566313668
1631 15.0164378733058 114.994402036983 -1197.46945119638
1632 15.0164389075626 114.994383611039 -1198.31622413696
1633 15.0164399268876 114.994395996703 -1202.10704664763
1634 15.0164385615404 114.994375130404 -1199.14964386121
1635 15.0164227996163 114.994336346639 -1198.92801078147
1636 15.0164084429243 114.994355580495 -1202.22216518048
1637 15.0164495701815 114.99434800086 -1202.15315975729
1638 15.0164271785282 114.994317097248 -1199.60742277925
1639 15.0164207049137 114.994317811422 -1201.36056807457
1640 15.0164354280075 114.99427267643 -1201.83000040417
1641 15.0164195279009 114.99426991767 -1202.55908209065
1642 15.0164194030793 114.994288553713 -1198.97014221939
1643 15.0163994257951 114.99425568195 -1203.65938258616
1644 15.0164282367753 114.99425829729 -1196.02050340158
1645 15.0164410424907 114.994220747552 -1196.32215729941
1646 15.0164732088509 114.994221061012 -1200.03334438439
1647 15.016429307476 114.994236974859 -1203.04148730673
1648 15.0164171906178 114.994176942314 -1198.64056631543
1649 15.0164181505222 114.994169181015 -1193.93349786258
1650 15.0164492030931 114.994162247691 -1200.62208266802
1651 15.016406748277 114.994120499428 -1196.47579636693
1652 15.0164550776601 114.994099307258 -1198.25050156104
1653 15.0164654739002 114.994103244677 -1200.03053710241
1654 15.0164253972032 114.994132786524 -1200.11076569378
1655 15.0164370442988 114.994080740408 -1203.35553002588
1656 15.0164371542927 114.994090200508 -1196.20118991767
1657 15.0164383641895 114.994048547552 -1200.19936697152
1658 15.0164113681145 114.99406503025 -1200.22772649166
1659 15.0164341236177 114.99402916278 -1198.0112293598
1660 15.0164474803996 114.993989686087 -1199.82270373289
1661 15.0164395571945 114.993998082375 -1200.37321174706
1662 15.0164309072048 114.993997888144 -1203.2637935481
1663 15.0164329520747 114.993948344979 -1201.39101044449
1664 15.0164459696687 114.993966845222 -1198.84489023579
1665 15.0164335174607 114.993935509444 -1203.30553250336
1666 15.0164308023785 114.993923001349 -1200.86001520939
1667 15.016419388269 114.993891290672 -1198.26050507796
1668 15.0164289127221 114.993875491831 -1202.31916644296
1669 15.016441289171 114.99384140911 -1198.84681182097
1670 15.0163978869828 114.993883684285 -1201.61301267137
1671 15.0164653121426 114.993818251577 -1202.4612706409
1672 15.0164349089652 114.993862818401 -1198.34734954127
1673 15.0164427537332 114.993825228091 -1197.77816678787
1674 15.0164642228528 114.993809934112 -1195.68194202438
1675 15.0164430323357 114.993796336664 -1200.86455139471
1676 15.0164173537332 114.993788624838 -1201.18866304435
1677 15.0164363249325 114.993780048389 -1201.57953558205
1678 15.0164319827021 114.993752347966 -1200.83450818185
1679 15.0164442188992 114.993742481071 -1200.26473334194
1680 15.0164434859763 114.993702376926 -1200.85545849957
1681 15.0164274738009 114.993678561091 -1195.61065420926
1682 15.0164475298684 114.99369124519 -1203.27822063194
1683 15.0164614239633 114.993685990143 -1193.96965582678
1684 15.0164295383849 114.993691491323 -1200.64548603573
1685 15.0164510244467 114.993644985855 -1203.03889211804
1686 15.0164259251528 114.993631011242 -1196.96348512246
1687 15.0163939705358 114.99363148002 -1202.74547750146
1688 15.0164542003984 114.993610824429 -1199.55713988385
1689 15.0164290153311 114.993630036942 -1201.58562339541
1690 15.016426322812 114.993598329211 -1200.50392930857
1691 15.0164077405871 114.993548472755 -1200.05309922316
1692 15.0164399625584 114.993571432223 -1201.07955724432
1693 15.0163982085425 114.993567140267 -1202.0480088725
1694 15.0164222145551 114.993529369619 -1202.96653320518
1695 15.0164365369947 114.993544267756 -1201.79484582127
1696 15.0164324735912 114.993501179442 -1201.65892070073
1697 15.0164165927403 114.993483232881 -1201.25862424399
1698 15.0164085489247 114.993455991257 -1198.05481170787
1699 15.0164334122551 114.99342401252 -1198.62507343303
1700 15.0164111887612 114.993442642785 -1200.98054515286
1701 15.0164406767069 114.993449748165 -1200.13013325148
1702 15.0164044773465 114.993410601249 -1196.24773554593
1703 15.0164185076782 114.993383426236 -1200.78052386976
1704 15.0164372009458 114.993409750463 -1201.32286995194
1705 15.016425520273 114.993357990254 -1202.30779080578
1706 15.01644864452 114.993376028472 -1204.14784228414
1707 15.01640448751 114.993341199071 -1202.09671814514
1708 15.0164600349501 114.993350191788 -1196.84250725133
1709 15.0164369673354 114.993322337653 -1198.67187383996
1710 15.0164662610669 114.99331685925 -1197.63824676795
1711 15.0164458903754 114.993323471955 -1201.59952779703
1712 15.0164286609476 114.993288530498 -1198.08070377009
1713 15.0164587832963 114.993247133684 -1202.32432905711
1714 15.0164506581197 114.99324748696 -1198.60349875241
1715 15.0164632043471 114.993249580623 -1200.19591558023
1716 15.0164330818677 114.993232066781 -1205.00336401283
1717 15.0164605846359 114.993202251905 -1199.2932554844
1718 15.0164105613927 114.993193548406 -1200.33390858657
1719 15.0164301426546 114.99315618165 -1198.35136202991
1720 15.0164283399508 114.993172691644 -1201.84401381296
1721 15.016462758238 114.993160752928 -1200.83665610066
1722 15.0164018137279 114.993170025808 -1196.46794744568
1723 15.0164540728401 114.993110139751 -1199.67659505937
1724 15.0164377667574 114.993101992788 -1201.72451426809
1725 15.0164316157952 114.993098253168 -1201.15322225042
1726 15.0164305775627 114.993062281826 -1198.34467460489
1727 15.0164044180792 114.993060281346 -1202.66015097793
1728 15.0164351137215 114.993055099059 -1202.34022807608
1729 15.0164550219921 114.993018386057 -1199.2269516529
1730 15.0164444924341 114.993044969714 -1202.86675761811
1731 15.0164323442533 114.993016923804 -1198.17817843367
1732 15.0164344033638 114.992998043397 -1200.69298487207
1733 15.0164419542756 114.99301459254 -1197.7489391766
1734 15.0164187045454 114.992972050459 -1200.13548759124
1735 15.0164339940006 114.992982780916 -1202.6504374725
1736 15.0164592259777 114.992939447577 -1202.49704763468
1737 15.0164187436584 114.992911414509 -1203.6152946932
1738 15.0164613147552 114.99290463329 -1198.40706278205
1739 15.0164448846867 114.992894873746 -1204.02093109457
1740 15.016419967682 114.992893929374 -1195.28184078979
1741 15.0164283374294 114.992885187719 -1200.35267569343
1742 15.0164101557998 114.992869768823 -1197.15545856885
1743 15.0164157400693 114.992856446926 -1200.59709901767
1744 15.0164564403968 114.992839853481 -1201.43488822247
1745 15.016452200223 114.992815439071 -1196.61423136252
1746 15.0164745050776 114.992797789684 -1198.67844878957
1747 15.016451435281 114.992805966634 -1201.1056488573
1748 15.0164374527604 114.992786473711 -1199.44662952835
1749 15.0164234166713 114.992771002893 -1203.08934423054
1750 15.0164199205377 114.992715316649 -1199.00827087648
1751 15.0164283639561 114.992720083334 -1197.22394420493
1752 15.0164460720377 114.992733065412 -1197.71001184833
1753 15.016448044682 114.99271937554 -1199.9835409705
1754 15.0164280345198 114.992697449448 -1197.53189118177
1755 15.0164347792693 114.992675326683 -1199.74168947505
1756 15.0164350784961 114.992683165772 -1198.64453535836
1757 15.0164306942192 114.992679682086 -1198.49338374162
1758 15.0164342235756 114.9926553002 -1203.44855837369
1759 15.0164429907618 114.992627928412 -1194.54919272796
1760 15.0164334743105 114.992573360573 -1199.77082299961
1761 15.0164290804114 114.992563946122 -1199.25082920848
1762 15.0164417728625 114.992562898872 -1199.44039115477
1763 15.016413279525 114.992554349526 -1200.17506203565
1764 15.0164353255834 114.992569754816 -1199.72804415802
1765 15.016461241391 114.992522296832 -1199.86357828195
1766 15.0164250232046 114.992523431803 -1200.50216321224
1767 15.0164205048172 114.992496909733 -1201.12254363871
1768 15.0164243997642 114.992481392135 -1196.66032846875
1769 15.016438070421 114.992477140306 -1200.02760450312
1770 15.0164416449538 114.992441102529 -1197.85447832983
1771 15.0164576947293 114.992477290903 -1199.41387863101
1772 15.0164322336904 114.992450335893 -1199.87241525865
1773 15.0164308005966 114.99239759386 -1204.19093735855
1774 15.0164184975844 114.992403757704 -1200.63163321339
1775 15.0164587769547 114.992409562434 -1202.78138687836
1776 15.0164429388406 114.992376810434 -1202.22148493413
1777 15.0164495783843 114.992368827763 -1198.38925701332
1778 15.0164210881444 114.992355986814 -1200.99829953
1779 15.0164095997712 114.992338682951 -1201.15432793417
1780 15.0163871377673 114.992334180521 -1199.65324108588
1781 15.0164469593293 114.992313638196 -1199.94260904911
1782 15.0164484834442 114.992303117377 -1200.13242272395
1783 15.0164328348624 114.992299507676 -1202.77365336701
1784 15.0164367111332 114.992258729877 -1202.49902948666
1785 15.0164378213478 114.992284886628 -1202.95230301805
1786 15.0164635252093 114.992267615176 -1203.56628276708
1787 15.0164562267702 114.992238910847 -1198.50946411727
1788 15.0164774067553 114.992195887549 -1197.90041001594
1789 15.0164453412448 114.992192740562 -1198.85220757218
1790 15.016438867301 114.99218632011 -1198.33928307287
1791 15.0164381652454 114.992188340124 -1199.75510321722
1792 15.0164459708388 114.992144187834 -1198.83415020658
1793 15.0164204219509 114.992167132762 -1196.10152432509
1794 15.0164126886296 114.992140386043 -1200.79083071009
1795 15.0164264399366 114.992114566274 -1198.7672064655
1796 15.0164305323564 114.992084818702 -1204.13385581913
1797 15.016447993714 114.9920560257 -1200.55656297399
1798 15.016417191834 114.992067354274 -1198.0859266423
1799 15.0164164047577 114.992037259579 -1198.61451893457
1800 15.0164476338886 114.992089969282 -1199.73242424341
1801 15.0164241594919 114.992068850222 -1202.96636339299
1802 15.0164443535763 114.992051114668 -1198.1559025196
1803 15.0164346132516 114.992027470432 -1199.04363899864
1804 15.0164489635929 114.992003032591 -1197.31900611963
1805 15.0164648839409 114.991960274786 -1202.62989820168
1806 15.0164380974703 114.991973209098 -1200.32753756565
1807 15.0164238118611 114.991940852058 -1197.95323739658
1808 15.0164605885108 114.991923285791 -1198.46453496245
1809 15.0164618304977 114.99192104222 -1197.35672180004
1810 15.0164114248139 114.991950650152 -1196.50281621616
1811 15.0164350241031 114.991911502504 -1199.46732018558
1812 15.0164661753641 114.991896406454 -1200.69055035298
1813 15.0164264546935 114.991845453719 -1200.19994665647
1814 15.0164123275071 114.991828219963 -1199.24142797904
1815 15.0164353519241 114.991846553536 -1200.53516304932
1816 15.0164226181346 114.991844259964 -1198.24560628349
1817 15.016441051814 114.991800150692 -1198.55449800524
1818 15.0164432202717 114.991817041721 -1202.33452473311
1819 15.0164237418236 114.991785635711 -1200.77254852553
1820 15.0164026890861 114.991828383455 -1200.9459012253
1821 15.0164640566454 114.991777602661 -1201.9347492116
1822 15.0164391409967 114.991737213199 -1201.82498643681
1823 15.0164467582908 114.991725636748 -1197.39071659445
1824 15.016430890061 114.991742900112 -1199.56171819617
1825 15.0164497224907 114.991694082297 -1201.04115312226
1826 15.0164534131704 114.991701630125 -1198.41667089519
1827 15.0164223997876 114.991680369871 -1200.69973922068
1828 15.0164480730585 114.991651260983 -1201.58726599952
1829 15.0164608083502 114.991638570295 -1201.02323500267
1830 15.0164224569272 114.991658079886 -1202.83302535416
1831 15.0164342610975 114.991641142976 -1196.67840352058
1832 15.0164620834214 114.991594445411 -1196.78340660287
1833 15.016410303798 114.991561898231 -1201.89923067029
1834 15.0164192869409 114.991604859013 -1203.39070909618
1835 15.0164118893121 114.99156147961 -1197.53568985319
1836 15.0164504133921 114.991559651755 -1203.41201490296
1837 15.0164252190727 114.991510187006 -1201.00508977129
1838 15.0164437392145 114.99150262192 -1202.02236104442
1839 15.0164626160472 114.991527219408 -1200.27825058839
1840 15.0164518130274 114.991517313932 -1199.1169327145
1841 15.016442687727 114.991500460465 -1197.98976395206
1842 15.0164085216115 114.991443374884 -1197.23436877245
1843 15.0164399317672 114.991464184033 -1201.48952295169
1844 15.0164674908067 114.991432652268 -1198.54816823396
1845 15.0164426330547 114.991430688446 -1201.58432020954
1846 15.0164070909124 114.991419570838 -1200.03559334399
1847 15.0164659982452 114.991425580876 -1199.87625142207
1848 15.0164715704251 114.991401350699 -1200.85133311169
1849 15.0164131810869 114.991376531501 -1201.31776984736
1850 15.0164310441115 114.991374225503 -1200.50875743693
1851 15.0164613241285 114.991373365593 -1204.64252723493
1852 15.0164375014572 114.991354442798 -1200.13002808555
1853 15.0164335360712 114.991345663513 -1199.77996472524
1854 15.0164342250479 114.991289400334 -1198.42095338969
1855 15.016442079319 114.991311464723 -1193.92712772956
1856 15.016433226097 114.991281994204 -1206.14460735785
1857 15.0164225565029 114.991247879877 -1198.89598767902
1858 15.0164370439175 114.99122830013 -1202.76226214407
1859 15.0163888457467 114.991188995808 -1199.33511202474
1860 15.0164286113169 114.991215448996 -1198.69182942113
1861 15.0163705227721 114.991222940262 -1201.48141409392
1862 15.0164239927407 114.991186507112 -1202.69283498668
1863 15.0164072361263 114.991172269921 -1200.87059080167
1864 15.016448872239 114.99118460886 -1197.62173746889
1865 15.0164274952901 114.991167979767 -1195.1849826095
1866 15.0164531781351 114.991133576986 -1202.05539510989
1867 15.016417855015 114.991097068641 -1202.49112574472
1868 15.0164242501097 114.991087987612 -1201.25466383174
1869 15.0164522986356 114.99107926227 -1202.51089347231
1870 15.0164630816888 114.991085250726 -1200.43264585654
1871 15.0164201126392 114.991028021038 -1198.56325402617
1872 15.0164512348051 114.991048413966 -1198.28812191541
1873 15.016445339282 114.991024457234 -1201.38623583765
1874 15.0164297341507 114.991004418016 -1198.65277310176
1875 15.0164611470143 114.990981699262 -1200.35562661056
1876 15.016437969817 114.991009083673 -1196.66204915918
1877 15.0164165148345 114.99099149188 -1200.96107951455
1878 15.0164272102922 114.990964310205 -1198.52707883854
1879 15.0164418840456 114.990953850559 -1197.76009127667
1880 15.0164245451164 114.990920072904 -1200.22382197228
1881 15.0164089593666 114.990898306701 -1200.74214262661
1882 15.0164263594361 114.990900243089 -1200.94808000609
1883 15.0164199863459 114.990894134135 -1199.92640767935
1884 15.0163865556439 114.990889138587 -1200.03659273427
1885 15.016463460935 114.990867626894 -1198.82917663462
1886 15.0164548917583 114.990852382434 -1202.77961274453
1887 15.0164323800273 114.990837130213 -1202.01417373412
1888 15.0164357450569 114.990827949613 -1195.75930749585
1889 15.0164448167031 114.990816285118 -1200.59574037094
1890 15.0164060330866 114.990813489584 -1201.65070899866
1891 15.0164164442275 114.990808420039 -1201.54860647516
1892 15.0164636888705 114.990764432502 -1202.69553324287
1893 15.0164245185916 114.990762447324 -1198.71123798931
1894 15.0164363923252 114.99078194422 -1201.13448306186
1895 15.0164276105522 114.99070778082 -1196.4643346102
1896 15.016455463672 114.990702333981 -1199.97736274833
1897 15.0163970494965 114.990738402612 -1201.06802904593
1898 15.0164404198371 114.99068910631 -1202.62459374981
1899 15.0164664844398 114.99064950553 -1198.86418109508
1900 15.0164353955481 114.990655508109 -1198.0596180203
1901 15.0164721916675 114.990636210948 -1203.94960692019
1902 15.016437378804 114.990644927968 -1199.3210195895
1903 15.0164073911417 114.990607598486 -1198.0674100504
1904 15.0164265670091 114.99060771248 -1201.73174586163
1905 15.0164144704564 114.990610193413 -1201.72166594595
1906 15.0164228287956 114.990600555944 -1200.83406588201
1907 15.016425419314 114.990553881841 -1196.77434574757
1908 15.0164282822928 114.990553210772 -1201.03541530626
1909 15.0164441221134 114.990548948785 -1200.81213592041
1910 15.0164342220687 114.99053880687 -1194.82415711387
1911 15.0164458456856 114.990495210708 -1200.15280240034
1912 15.0164532952936 114.990501470962 -1196.3782534074
1913 15.0164179718597 114.990461198597 -1200.75750766391
1914 15.0164424582864 114.990475343718 -1198.31870554454
1915 15.0164325770831 114.990466136537 -1198.23765407525
1916 15.0164271639773 114.990450352914 -1200.15698578119
1917 15.0164394908646 114.990437041827 -1201.65082106726
1918 15.0164253222718 114.99038080478 -1199.80657845621
1919 15.0164328272907 114.990388085437 -1197.79384832848
1920 15.0164403680421 114.990384064249 -1200.96819308476
1921 15.0164530714272 114.990378779085 -1203.9452685804
1922 15.0164298403985 114.990348212953 -1196.98127485572
1923 15.0164229302815 114.990305221835 -1198.7241200466
1924 15.0164076179821 114.99033200257 -1198.50531606577
1925 15.0164470944647 114.990301993218 -1198.11410826377
1926 15.0164390892114 114.990285710263 -1201.19074976731
1927 15.0164527563639 114.990273153749 -1204.64987474345
1928 15.0164381130208 114.990275408831 -1198.92838701803
1929 15.0164333009648 114.990224479131 -1200.71896577601
1930 15.0164459275525 114.990235631002 -1202.02155678173
1931 15.0164472531974 114.990245652221 -1199.60264939651
1932 15.016447641203 114.990218228789 -1200.04068468279
1933 15.0164035059414 114.990205048999 -1200.3027839288
1934 15.0164134966387 114.990198572765 -1198.78885528499
1935 15.0164227590457 114.990169019797 -1197.78581836454
1936 15.0164448667592 114.990142169915 -1199.85575196628
1937 15.0164639023433 114.990122479488 -1199.28810250422
1938 15.0164417126246 114.990165656703 -1199.99084218902
1939 15.0164328393747 114.990107254893 -1201.310812567
1940 15.0164473524614 114.990100592836 -1199.56863138414
1941 15.0164323756395 114.990046166835 -1198.66817721215
1942 15.0164186645967 114.990109631032 -1202.05733636547
1943 15.0164317161747 114.990061278928 -1201.25463439278
1944 15.0164243955967 114.990037113719 -1200.9233878737
1945 15.0163992183865 114.990030240761 -1198.23172242543
1946 15.016441506503 114.990006667756 -1200.1839822508
1947 15.0164314655276 114.989987546979 -1201.60542961314
1948 15.0164354895391 114.989998228588 -1198.59269227821
1949 15.0164441812881 114.989995674654 -1195.85948420718
1950 15.016439686621 114.98992107058 -1205.84457769367
1951 15.0164122764137 114.989938356595 -1202.54468501179
1952 15.0164035098398 114.989944684029 -1199.38951604048
1953 15.0164205213418 114.989907571919 -1199.54986969017
1954 15.0164642693152 114.989877435797 -1202.32480166777
1955 15.0164430982466 114.989871493409 -1199.71814195947
1956 15.0164412513558 114.989898957544 -1201.00017377674
1957 15.0164513667429 114.989866265391 -1201.54175911557
1958 15.0164010820968 114.989847487581 -1201.15635693461
1959 15.0164108942337 114.989826635859 -1199.13353625228
1960 15.0164270184869 114.98980786739 -1198.45626690949
1961 15.0164416934442 114.989812669953 -1198.92780382037
1962 15.0164432379605 114.989830080262 -1198.01046053222
1963 15.0164204663356 114.989798312949 -1203.03826971932
1964 15.0164210101945 114.989790846311 -1200.68768932688
1965 15.0164366668269 114.989768330142 -1196.38121454791
1966 15.0164487260326 114.989736025996 -1198.62111406472
1967 15.016464472831 114.989715893695 -1200.36900187687
1968 15.0164167902701 114.989723208641 -1199.98416582877
1969 15.0164416057117 114.989701128714 -1199.17798147882
1970 15.0164356874655 114.989716852943 -1199.79732485217
1971 15.0164151677331 114.989655094022 -1201.97828239639
1972 15.0164385252849 114.989638172295 -1200.85227971703
1973 15.016407515399 114.989648033044 -1202.03361242802
1974 15.0164560480543 114.98961929085 -1200.78379061254
1975 15.0164258129461 114.989598920033 -1198.21923593634
1976 15.0164356901506 114.989576855036 -1199.67976492549
1977 15.0164662873895 114.989565057787 -1198.84158366876
1978 15.0164424968147 114.989559294692 -1202.690303777
1979 15.0164296092912 114.989534226721 -1195.41602428807
1980 15.0164285489846 114.989513679278 -1195.17668560289
1981 15.0164331097861 114.989516311692 -1200.00092456633
1982 15.0163992861562 114.989526572141 -1200.08261105753
1983 15.016441851217 114.989504524562 -1201.03410537511
1984 15.0164746212102 114.989463352161 -1200.52527853855
1985 15.0163987487252 114.989463412736 -1202.22107446321
1986 15.0164405425987 114.989431504856 -1205.01414159255
1987 15.0164093113865 114.989442918098 -1199.89128820586
1988 15.0164202159884 114.98941638082 -1197.45345859892
1989 15.0164383823574 114.98940191242 -1200.49553554838
1990 15.0164206125633 114.989377763101 -1200.55572306656
1991 15.0164056331033 114.989389980946 -1198.18933882383
1992 15.0164376227308 114.98939858098 -1200.62587903831
1993 15.0164391248416 114.989363782548 -1199.26054001255
1994 15.0164190251463 114.989369599497 -1198.84751299862
1995 15.0164188211046 114.989352050745 -1196.72247462319
1996 15.0164211653262 114.989321570673 -1195.41213961385
1997 15.016408448445 114.989311293135 -1201.58383403899
1998 15.0164104400573 114.989277653338 -1198.77984142962
1999 15.0164496085631 114.989262756095 -1199.54117057475
2000 15.0164159674092 114.989261041767 -1196.78447697941
2001 15.0164559770006 114.989218341038 -1206.28715756159
2002 15.016419580182 114.989250189229 -1201.09180114403
2003 15.0164517172587 114.989220873066 -1199.44963451724
2004 15.0164323401576 114.989203939076 -1199.90775451662
2005 15.0164155222041 114.989163455476 -1201.42337725581
2006 15.0164359584912 114.989210149267 -1198.21297899744
2007 15.0164100910476 114.989148932796 -1203.41574697701
2008 15.0164469971204 114.989165860314 -1196.48475442766
2009 15.0164925999924 114.989116376588 -1195.40040412426
2010 15.016470830616 114.989118691393 -1195.535267372
2011 15.0164477192266 114.989116348319 -1196.11392031015
2012 15.0164406661392 114.989106076413 -1202.86208450347
2013 15.0164338537919 114.989087827387 -1201.72950098679
2014 15.0164506118804 114.989085640351 -1197.68805021785
2015 15.0164259098215 114.989062021423 -1201.23615198365
2016 15.0164532270669 114.989053956203 -1199.15860332927
2017 15.0164275532411 114.989043566609 -1201.7336468429
2018 15.0164714136573 114.98902744661 -1197.87863892298
2019 15.0164257552269 114.989027114255 -1199.77917856793
2020 15.0164513414262 114.988994024833 -1202.78908349758
2021 15.0164197149655 114.988989290007 -1199.13247735154
2022 15.0164625448206 114.988954041454 -1203.37912369033
2023 15.01642712942 114.988945054994 -1199.4173372447
2024 15.0164483682983 114.988956281133 -1197.66570678882
2025 15.0164009436257 114.988920933184 -1199.29798611871
2026 15.0164461373605 114.98892577615 -1196.22413467682
2027 15.0164365990316 114.988872899948 -1200.9701938649
2028 15.0164273019228 114.988859186593 -1201.32110905689
2029 15.0164354506104 114.988854082625 -1203.5925646856
2030 15.0164684527552 114.98885187618 -1201.8097624659
2031 15.016462811973 114.988834328603 -1203.44068790134
2032 15.0164137924325 114.988821654874 -1203.88182807619
2033 15.0164194759999 114.988795574554 -1199.31686742692
2034 15.01643061894 114.988799753293 -1199.13436861233
2035 15.0164261066601 114.988802389693 -1196.14863089033
2036 15.0164487672779 114.988749509624 -1200.6344558397
2037 15.0164552860785 114.988753679786 -1198.34766881069
2038 15.0164300479072 114.988739415547 -1200.63462981043
2039 15.0164137249559 114.988739395572 -1197.19298485108
2040 15.0164577534891 114.988674324084 -1196.78912594151
2041 15.016461001554 114.988707129543 -1200.77989880639
2042 15.016448028876 114.988696538097 -1201.61857016347
2043 15.0164649309434 114.988661491202 -1200.73780196437
2044 15.0164244593381 114.988620883318 -1199.96970775509
2045 15.0164407029814 114.988668764865 -1200.67039802155
2046 15.0164627524893 114.988631582959 -1200.15880986242
2047 15.0164423223318 114.988601202584 -1198.10710281702
2048 15.0164561655704 114.988572796965 -1196.69751655436
2049 15.0164191077649 114.988571095388 -1200.26671973865
2050 15.0164345745352 114.988589605952 -1203.37344754232
2051 15.0164477489266 114.988546391487 -1201.97926993202
2052 15.0164273552784 114.988516283078 -1199.91597729134
2053 15.0164344221462 114.9885221868 -1198.48697088608
2054 15.0164178924816 114.988534178944 -1200.65295172677
2055 15.0164455523481 114.988502303481 -1194.13648776854
2056 15.0164188220083 114.988474092344 -1202.64046251345
2057 15.016440216914 114.988474416866 -1199.54903834786
2058 15.0164467524043 114.988484585985 -1197.08453385635
2059 15.0164373468203 114.988454605089 -1203.87109461096
2060 15.0164153845607 114.988439500101 -1202.77160051319
2061 15.0164170480596 114.988416043311 -1195.80738481753
2062 15.016418624834 114.988391549201 -1203.66922232268
2063 15.0164435657199 114.988397350336 -1200.02636073482
2064 15.0164203734002 114.988379131285 -1195.92823363426
2065 15.0164195616317 114.988346552502 -1201.33772307909
2066 15.0164273357709 114.988369481473 -1198.01054745609
2067 15.0164453721334 114.988330044957 -1197.74684261889
2068 15.0164780985461 114.988306517932 -1198.47170179938
2069 15.0164634568271 114.988299578414 -1203.76506546258
2070 15.0164198456871 114.988300382559 -1201.41453223451
2071 15.0164199622113 114.988293031583 -1199.93013144079
2072 15.0164330051346 114.988248576063 -1200.08053528596
2073 15.0164357974502 114.988224635121 -1199.72733504408
2074 15.0164602978276 114.988222545415 -1200.25733508969
2075 15.0164372865649 114.988208175051 -1198.47000054384
2076 15.0164257508488 114.988233542353 -1198.22872692934
2077 15.0164430830153 114.988214300401 -1200.88100272168
2078 15.0164393062594 114.988198558896 -1195.39473198896
2079 15.0164228688168 114.988166360422 -1198.286547227
2080 15.016421318859 114.988128246736 -1196.15796158221
2081 15.0164587889993 114.988159386599 -1198.54176702011
2082 15.0164364206274 114.988169210793 -1198.46833066732
2083 15.0164277194989 114.988086150171 -1203.08604486714
2084 15.0164433586492 114.988096989642 -1196.75204112418
2085 15.0164041212323 114.98808985276 -1202.60662721836
2086 15.0164359104622 114.98803690963 -1201.63057125388
2087 15.0164257965008 114.988038088539 -1199.5322310956
2088 15.016431604174 114.98802286459 -1202.99961151338
2089 15.016400814561 114.988007438904 -1203.33980678896
2090 15.016443538667 114.988010259306 -1200.65926755256
2091 15.0164473949363 114.988001003437 -1198.94296680272
2092 15.0164316904149 114.987945265671 -1197.79172694355
2093 15.0164276835141 114.987960206901 -1198.50867950122
2094 15.0164534087155 114.987941420574 -1198.7387604019
2095 15.016414784343 114.987946827051 -1198.72942040508
2096 15.016449748519 114.987968346561 -1199.65331762547
2097 15.0164116390505 114.987926550286 -1200.41972594973
2098 15.016428185891 114.98793024208 -1202.39919314203
2099 15.016442715635 114.987877936386 -1204.43430870759
2100 15.0164004435929 114.987867566054 -1198.04305709149
2101 15.0164114291209 114.987845019343 -1196.99590284424
2102 15.0164184588635 114.987809274419 -1201.11039634109
2103 15.0164243272999 114.987821628374 -1201.40919059259
2104 15.0164474100511 114.987837325416 -1200.94142815743
2105 15.0164521345454 114.987815530757 -1200.03416228767
2106 15.0164078716227 114.987789997069 -1201.78809497429
2107 15.0164475921072 114.987770142857 -1201.54986561154
2108 15.0164165841861 114.987746634682 -1200.65544189168
2109 15.0164203157506 114.987759346849 -1197.78816812031
2110 15.0164430300058 114.987715772692 -1201.35280378106
2111 15.0164273698035 114.987703506763 -1198.60674141182
2112 15.01641695023 114.987702777028 -1202.05189938079
2113 15.0164222224193 114.987665896372 -1199.43607495422
2114 15.0164463557962 114.987647704393 -1200.82594851348
2115 15.0164688975889 114.987668814616 -1200.07095871563
2116 15.0164394256197 114.987647341561 -1196.82668182462
2117 15.0164465823264 114.987624562741 -1201.90376866738
2118 15.0164301491407 114.987642556314 -1200.75793323095
2119 15.0164403370248 114.987592182349 -1202.86678158077
2120 15.0164564203545 114.987598947312 -1201.49885543338
2121 15.0164572325782 114.987599180865 -1200.17287437024
2122 15.0164260924423 114.9875510201 -1199.1203690498
2123 15.0164406263373 114.987526850164 -1198.13368659754
2124 15.0164512971093 114.987539706035 -1197.86439141231
2125 15.0164532426839 114.987512873494 -1200.39101048322
2126 15.0164425596249 114.987506128522 -1199.00569929178
2127 15.0164437153116 114.987510300698 -1197.28571337851
2128 15.0164095563658 114.987442329981 -1202.82343229967
2129 15.0164269824028 114.987458036205 -1202.26119934509
2130 15.0164456308503 114.987453066 -1200.13768625874
2131 15.0164367960289 114.987427653127 -1200.10944658416
2132 15.0164278232145 114.987416030663 -1199.79820863649
2133 15.0164359519087 114.98738274831 -1197.49185942
2134 15.0164072979707 114.987394268184 -1199.48876191314
2135 15.016430490383 114.987357352733 -1197.92774183094
2136 15.0164381776361 114.987356297601 -1199.22352932233
2137 15.0164181253466 114.987311960632 -1195.76276784496
2138 15.0164454299899 114.987357182132 -1200.03577146721
2139 15.0164277085382 114.987317087443 -1200.60479057689
2140 15.0164407433865 114.987298940801 -1203.38197982388
2141 15.0164309738947 114.987271861854 -1203.14583394336
2142 15.0164577929393 114.987301664856 -1198.85686204449
2143 15.0164003533892 114.987294279832 -1201.75245797562
2144 15.0164191303262 114.987239211227 -1197.73565458368
2145 15.0164111297564 114.987251997439 -1201.23569248435
2146 15.0164172613231 114.987235632337 -1200.26093106574
2147 15.0163963485417 114.987232394718 -1199.07077484251
2148 15.0163820636785 114.987193168115 -1200.2157839611
2149 15.0163533802339 114.987200876423 -1200.84077610565
2150 15.0163565847212 114.987196249844 -1199.15201904563
2151 15.0163468165313 114.987181525823 -1203.08191440126
2152 15.0163572787675 114.98715552676 -1201.6928124866
2153 15.0162984013971 114.987177379418 -1205.12103697429
2154 15.0163128191482 114.987138584515 -1197.77980345563
2155 15.0162952428311 114.987184281262 -1200.82158681473
2156 15.0162710718027 114.987189679364 -1202.98654731552
2157 15.0162686818204 114.987199379275 -1203.2107668997
2158 15.0162763338774 114.987175553024 -1197.24201784851
2159 15.0162870003967 114.987148669697 -1202.20082777498
2160 15.0162411182959 114.987175154541 -1197.35570273796
2161 15.0161933046345 114.987176053734 -1197.05904996452
2162 15.016212940102 114.987222053672 -1199.79261554488
2163 15.0161999626907 114.987158883842 -1201.30976830898
2164 15.0161829394938 114.987140375164 -1203.69921577106
2165 15.0161898979644 114.987177285079 -1202.08874567315
2166 15.0161670123096 114.987150750329 -1197.48103580875
2167 15.0161167153257 114.987152544207 -1199.31396285875
2168 15.0161117291807 114.987195717484 -1201.76499842571
2169 15.0161042293757 114.987163040576 -1199.34762114348
2170 15.0160901483883 114.987182565159 -1196.39178529626
2171 15.0160882337184 114.987194207172 -1197.87109788577
2172 15.0160678696217 114.98719540111 -1196.15849540355
2173 15.0160771010601 114.98717800008 -1200.01782881492
2174 15.0160774590962 114.98721102115 -1198.76795892635
2175 15.016021706697 114.987179579853 -1199.70022673018
2176 15.0160471143247 114.987179069658 -1197.95181780615
2177 15.0160068040486 114.987180002005 -1204.83539449759
2178 15.0160214168401 114.98717252006 -1199.69931057641
2179 15.0159908365174 114.987172113873 -1198.07321789165
2180 15.0159513326821 114.987172941783 -1202.55316671826
2181 15.0159498368616 114.98720311573 -1199.93927040077
2182 15.0159622022556 114.98715333674 -1202.1118412353
2183 15.0159127460773 114.987192740842 -1201.31047885112
2184 15.0159263298042 114.987130641107 -1200.97377830642
2185 15.0158968825049 114.987196779717 -1203.33956051643
2186 15.0158667580444 114.987162447896 -1199.13216511862
2187 15.0158789404241 114.987178388115 -1196.65326930658
2188 15.0158759990269 114.987168108135 -1199.19714854916
2189 15.0158451531365 114.987189806982 -1198.95612344033
2190 15.0158162293629 114.987174443298 -1200.90971975369
2191 15.0158163251863 114.987173381588 -1196.67671742268
2192 15.0158029085911 114.987184928097 -1203.03692995445
2193 15.0157919646634 114.987196088241 -1198.24732924219
2194 15.0157940728365 114.987157697227 -1199.87330210758
2195 15.0157840618524 114.987167293154 -1198.90675233406
2196 15.0157877247193 114.987183945625 -1202.06521823811
2197 15.0157097458881 114.987195810544 -1203.30038859709
2198 15.0157305674078 114.987177490202 -1199.32965220286
2199 15.0156882616315 114.987196546017 -1200.72577375681
2200 15.0157082114448 114.987196163961 -1203.54823259918
2201 15.0156671574548 114.987199668835 -1197.87372353533
2202 15.0156664236157 114.987175020598 -1202.97142319082
2203 15.0156644873862 114.987198092084 -1196.03986970951
2204 15.0156237339163 114.987185176718 -1201.45827306629
2205 15.0156343504121 114.987170881834 -1197.81102306626
2206 15.0156043830022 114.987191110056 -1201.22270967414
2207 15.0155708949587 114.987194047001 -1200.76473281408
2208 15.0155801762597 114.98713569424 -1201.34395578791
2209 15.0155904726706 114.987172375588 -1196.03494751167
2210 15.0155591712082 114.987185122506 -1198.98962372775
2211 15.0155537655827 114.98718609402 -1195.90738422987
2212 15.0155691971443 114.98718898449 -1198.5262269679
2213 15.0155229441108 114.987139688598 -1200.58061565815
2214 15.0154918556603 114.987206088834 -1198.6628835915
2215 15.0154713395293 114.987184765588 -1201.89239394392
2216 15.0154891977916 114.987142396217 -1201.10157175163
2217 15.0154672638293 114.98716184277 -1198.96238314464
2218 15.0154600782927 114.987138654794 -1200.68253154033
2219 15.0154536393744 114.987163677526 -1200.72373368762
2220 15.0154592328984 114.987189222249 -1199.77516966838
2221 15.0154236077979 114.987154905729 -1200.95084672848
2222 15.0154100887554 114.987195394738 -1201.68852847544
2223 15.0153904293801 114.987165181 -1199.13668362828
2224 15.0153617984898 114.987144336479 -1204.24211753404
2225 15.0153687799231 114.987178722824 -1197.6187090102
2226 15.0153608094749 114.987147915417 -1196.96940855034
2227 15.0153161396217 114.987180631231 -1197.81509400381
2228 15.0153339077408 114.987127801111 -1204.77632470985
2229 15.0153130059967 114.987179975572 -1200.08710769579
2230 15.0152785713225 114.987233040428 -1199.4627661663
2231 15.0152702104568 114.987176320682 -1201.53727112943
2232 15.015253952876 114.987136447329 -1199.54539135711
2233 15.015244774239 114.987155817671 -1199.92598293823
2234 15.0152354139462 114.987182459502 -1201.62780349894
2235 15.0152419744899 114.98718255882 -1198.83275030883
2236 15.0152416134135 114.98717675782 -1201.00294022275
2237 15.015198126925 114.987156122534 -1197.58005793846
2238 15.0151767673516 114.987202529143 -1203.15259522516
2239 15.0151628053734 114.987206825226 -1199.42966472902
2240 15.0151353444954 114.987174724055 -1200.13113200814
2241 15.015127951881 114.987201481153 -1198.77691348203
2242 15.0151401245108 114.98720225902 -1197.06022542546
2243 15.0151207249338 114.987178023856 -1197.77615821507
2244 15.0150794718814 114.987191006497 -1200.59606645437
2245 15.015105319602 114.987187166601 -1198.43637343723
2246 15.0150846707532 114.987188492374 -1198.38068684807
2247 15.015064710572 114.987171096131 -1203.28300528896
2248 15.0150401393801 114.9872061507 -1201.67468056024
2249 15.0150360011427 114.9871706181 -1198.28560887985
2250 15.0150025498079 114.987164617835 -1200.40188750471
2251 15.0149780540947 114.98719210679 -1200.44456961849
2252 15.0149681859851 114.987199036131 -1201.23435183652
2253 15.0149581217649 114.987195755383 -1202.27821920534
2254 15.0149407137792 114.987168164569 -1204.89853117932
2255 15.0149404701723 114.987177673459 -1202.5757129346
2256 15.0149348719903 114.987180555266 -1198.92752893929
2257 15.0149219298593 114.98714273977 -1201.88858673011
2258 15.0149096863914 114.987158645378 -1201.17353069159
2259 15.0149048167706 114.987202432028 -1202.67000327252
2260 15.0149059991735 114.987157152063 -1197.70634602377
2261 15.0148460397878 114.987192384832 -1198.37366814195
2262 15.0148688143882 114.987180556035 -1200.5439881086
2263 15.0148467020409 114.98718493009 -1199.9258568783
2264 15.0148212069493 114.987181330309 -1202.77126157038
2265 15.0148070774019 114.987134575634 -1201.07704263849
2266 15.0147742150356 114.987130336508 -1196.57661907275
2267 15.0147608984842 114.987159979724 -1200.24600188644
2268 15.0147508925266 114.987148801266 -1200.99950971859
2269 15.0147531573387 114.98715973925 -1199.58871543208
2270 15.0147724284973 114.987165675506 -1203.27606511178
2271 15.0147414876493 114.987200220244 -1199.90322535236
2272 15.0147473128276 114.98717329397 -1201.24446595842
2273 15.014681940784 114.987202209887 -1197.9918825541
2274 15.0147007710279 114.987199880916 -1201.51268859076
2275 15.0146791275135 114.987189438082 -1202.66616607493
2276 15.0146729873302 114.987188212203 -1204.41427443528
2277 15.0146647846209 114.987157847275 -1199.54616814895
2278 15.0146052188696 114.987182838411 -1200.12375922939
2279 15.014618419591 114.987174284574 -1202.22907543882
2280 15.0146243767024 114.987186714397 -1201.89241623766
2281 15.0145938977792 114.987134084099 -1198.90686321774
2282 15.0145787851354 114.987184970487 -1196.92734249891
2283 15.0145920671024 114.987195967216 -1201.30139843795
2284 15.0145533532628 114.987165431709 -1203.29047200233
2285 15.0145700755322 114.987157889341 -1199.9525062937
2286 15.0145337222285 114.987169231279 -1200.72351908939
2287 15.0144801185769 114.987196302855 -1199.60789573787
2288 15.0144917036146 114.987180040036 -1199.14347642485
2289 15.0145025493862 114.987152633584 -1201.67748535586
2290 15.0144705788619 114.987129807129 -1197.92162568923
2291 15.0144556089631 114.987147792423 -1199.75966459325
2292 15.0144161130494 114.987163970919 -1201.54538998465
2293 15.0144274369209 114.987168871479 -1199.45360223337
2294 15.0144376959372 114.987197120222 -1201.39327213907
2295 15.0144065969089 114.987185044684 -1198.83243736273
2296 15.0143821867792 114.987193852571 -1197.81802568427
2297 15.0144145588985 114.987141890299 -1197.38327506636
2298 15.0143893580948 114.987165977175 -1198.18032884331
2299 15.0143479355255 114.987186193202 -1202.5383436454
2300 15.0143547106423 114.987158827216 -1200.36598986156
2301 15.0143059361755 114.987175955335 -1200.32728871565
2302 15.0143164941049 114.987162204189 -1197.5835406572
2303 15.014284471819 114.987200239097 -1203.98451306774
2304 15.0142957280259 114.987170534206 -1198.03809981003
2305 15.0142490576486 114.987181212532 -1199.07937328582
2306 15.0142198974795 114.987177300962 -1201.48380825774
2307 15.0142309256788 114.987194714667 -1202.45262781983
2308 15.0142142229036 114.987179820305 -1199.27830750667
2309 15.0142248751153 114.987201322381 -1194.58362935561
2310 15.0141655787229 114.987153903915 -1199.97651974554
2311 15.0142125701962 114.987205603657 -1198.85436300257
2312 15.0142138932841 114.987171575944 -1199.85053655134
2313 15.0141746762354 114.987173784078 -1200.16504773572
2314 15.0141608911007 114.987183279737 -1201.72650616896
2315 15.0141434147146 114.987206442985 -1200.53262785101
2316 15.0141622737301 114.987164980633 -1196.98455494802
2317 15.0141031612083 114.987200909885 -1200.90598368643
2318 15.0141336927718 114.987180786738 -1203.17328807561
2319 15.0140773456789 114.98720604284 -1200.73889064745
2320 15.0140737779824 114.987195693498 -1201.36861256
2321 15.014024154531 114.987166172317 -1201.09623080084
2322 15.0140361559959 114.987196098466 -1201.54588438517
2323 15.014038362726 114.987183629701 -1200.32596349145
2324 15.0140053655668 114.987188469233 -1202.54147380537
2325 15.0140039561449 114.987181318751 -1199.19488054912
2326 15.0139740850378 114.987150386103 -1200.38373752412
2327 15.0139614065895 114.987189036071 -1197.25614244342
2328 15.013983548536 114.98720520649 -1198.42503272276
2329 15.0139435572629 114.987171452141 -1201.71432917605
2330 15.0139638275903 114.98719307066 -1200.69374632455
2331 15.0139002957692 114.987145580551 -1202.90055699282
2332 15.0138920612814 114.987140894758 -1198.07611474256
2333 15.013889804512 114.987166420459 -1199.94278147003
2334 15.013863481423 114.987163244184 -1203.49386031666
2335 15.0138590079404 114.987185171018 -1197.3415353487
2336 15.0138491434134 114.987169948092 -1198.9771263232
2337 15.0138316164638 114.98715458056 -1199.49261652855
2338 15.0138294932142 114.987215571418 -1198.45583062142
2339 15.0138093200465 114.987171627623 -1198.60805627764
2340 15.01380765976 114.987204299946 -1201.13824483242
2341 15.0138144281586 114.987164101409 -1202.90286153317
2342 15.0137643860336 114.987204487758 -1200.16920292278
2343 15.0137481291169 114.987210573674 -1202.70906749595
2344 15.0137645845922 114.987175317889 -1200.8744657896
2345 15.0137319438958 114.987182425723 -1198.12818467797
2346 15.0137024029365 114.98720220086 -1200.35006313435
2347 15.0136880963145 114.987168996934 -1201.76790042917
2348 15.0137026062254 114.987171593436 -1198.0368866966
2349 15.0136710056088 114.987176149382 -1203.46157256534
2350 15.0136760006089 114.987184004624 -1198.62890665388
2351 15.0136532663539 114.987175546854 -1204.06595682806
2352 15.0136180277475 114.9871844186 -1205.11231769176
2353 15.0136194397487 114.987193805123 -1201.99302934113
2354 15.0135942269947 114.987191758959 -1200.50150794011
2355 15.0135809511839 114.987167893872 -1196.22408426753
2356 15.0135766470823 114.987201037165 -1200.01452451133
2357 15.0135821786444 114.987172678887 -1203.26135368956
2358 15.0135371355928 114.987152057232 -1202.08138894148
2359 15.0135344770533 114.987198173106 -1197.56888350642
2360 15.0135345352854 114.987167132432 -1202.82693621513
2361 15.0134997476585 114.987150568201 -1198.75990684121
2362 15.0135149339547 114.98717803366 -1199.47147305566
2363 15.0134594004154 114.98716782689 -1199.61542793738
2364 15.0134970139294 114.987201514411 -1197.95271453298
2365 15.0134447510812 114.987150795326 -1200.01581519507
2366 15.0134424692137 114.98719497922 -1199.39433729206
2367 15.0134809612515 114.987156087935 -1198.77293327209
2368 15.0134201941202 114.987197293832 -1202.76649325455
2369 15.013416554371 114.987183834493 -1198.62973807718
2370 15.0134030762311 114.987192083624 -1201.99296493079
2371 15.0133853465902 114.987173132814 -1202.69494861688
2372 15.0133737253522 114.987123833281 -1204.10546811168
2373 15.0133284894697 114.98715401546 -1196.62729702312
2374 15.0133528941855 114.987157857181 -1200.89200960299
2375 15.0133386369372 114.987195222006 -1203.93426880843
2376 15.013328858686 114.987191680349 -1198.76446626947
2377 15.0133020224166 114.98718911252 -1198.78741092405
2378 15.0132943264552 114.987182917159 -1199.99862892733
2379 15.0132382278987 114.987164762876 -1199.02470610309
2380 15.0132319500453 114.987160246317 -1201.39417523165
2381 15.0132124624534 114.987167728444 -1200.99027469733
2382 15.0132444629831 114.987193000417 -1199.9239463947
2383 15.0132110122822 114.987168617794 -1199.1563468962
2384 15.0132030559228 114.987179438743 -1198.66212386671
2385 15.0132003594731 114.987169635068 -1197.60361661199
2386 15.013161220909 114.98720130591 -1199.16881840144
2387 15.0131755275135 114.987151008598 -1202.6638317002
2388 15.0131583532704 114.987206175315 -1196.99680459766
2389 15.013143552285 114.987192158313 -1201.28907292344
2390 15.0131216469809 114.987144900999 -1201.31296349412
2391 15.0130821670291 114.987183677841 -1199.47841479585
2392 15.0130792921498 114.987201371126 -1202.96546283619
2393 15.0130813833316 114.987152175248 -1197.36625343395
2394 15.0130871706907 114.987163508001 -1202.65098790474
2395 15.0130511904277 114.987192824388 -1198.0481477557
2396 15.0130064576872 114.987173414568 -1200.88977956137
2397 15.0130220730273 114.987154953559 -1201.03654929245
2398 15.0129952111708 114.987170786452 -1202.09086170912
2399 15.0129848656206 114.9871495891 -1199.29666692365
2400 15.0129976026253 114.98721149045 -1203.0651839381
2401 15.0129701338091 114.98715663348 -1199.12556703118
2402 15.0129572961831 114.987173997659 -1200.13509152313
2403 15.0129497440754 114.98717814623 -1201.20874536822
2404 15.0129158427695 114.98717351155 -1203.82661583902
2405 15.0129295593051 114.987163946144 -1199.42376170238
2406 15.0128883388489 114.987167399813 -1199.77000530603
2407 15.0129232111394 114.987165214426 -1201.36063902521
2408 15.0128484909728 114.987169300129 -1201.33625350194
2409 15.0129003772583 114.987173895733 -1200.42059411659
2410 15.0128393470291 114.987172511379 -1205.76624282212
2411 15.0128298788757 114.987195910908 -1199.595967999
2412 15.0128215299775 114.987160304367 -1197.6489218188
2413 15.0128000774434 114.987168756074 -1200.57616326155
2414 15.01280263432 114.987142225261 -1199.90026470785
2415 15.0127766205973 114.987181812089 -1198.76976771147
2416 15.012758675391 114.987166204874 -1200.38810803997
2417 15.0127589512843 114.987184899738 -1198.41545103736
2418 15.0127146940918 114.987182712417 -1197.24325072354
2419 15.0127523111253 114.987192850588 -1201.97955033169
2420 15.0126862404862 114.987186191581 -1195.90855215303
2421 15.0127258313445 114.987190728808 -1199.51596883183
2422 15.0127068175363 114.987162117358 -1203.02675549327
2423 15.0126703442225 114.987203423418 -1200.18763785064
2424 15.0126644290465 114.987201937298 -1199.2005439596
2425 15.0126372146251 114.987197455899 -1199.23174224317
2426 15.0126277497152 114.987173711453 -1196.06326305933
2427 15.0126025066176 114.987175763386 -1201.25288994492
2428 15.0126335676956 114.987171662883 -1197.85698286142
2429 15.0125871258801 114.987162339084 -1198.0413063101
2430 15.0125814061498 114.98716152429 -1202.67365288479
2431 15.0125708796439 114.987144339969 -1200.19679356216
2432 15.0125266724872 114.987187130135 -1201.35159030545
2433 15.0125512630432 114.987190560541 -1198.85813696367
2434 15.0125326726646 114.987162380599 -1199.57682856463
2435 15.0124972713305 114.9871449622 -1201.39288892082
2436 15.0125255273316 114.987189839857 -1198.38491458889
2437 15.0124891492021 114.987186835508 -1200.1385022199
2438 15.0124480321151 114.987196728297 -1201.90316994881
2439 15.0124784674593 114.987227329725 -1201.9108289028
2440 15.0124353872405 114.987193925677 -1199.5885680422
2441 15.0124158651553 114.987179460516 -1204.90441656315
2442 15.0124257200307 114.987176360852 -1199.52438012771
2443 15.0124109668036 114.987166932527 -1207.40018589516
2444 15.0123618725241 114.987164456264 -1199.54974546491
2445 15.0123800770455 114.987176591092 -1196.06105248788
2446 15.0123430413247 114.987194483091 -1201.60036638369
2447 15.0123598757179 114.987178802462 -1200.01193435072
2448 15.012336518396 114.987202994375 -1199.11259876368
2449 15.0123165398699 114.987174636715 -1196.28229109618
2450 15.0122885283229 114.987180703574 -1198.41740915883
2451 15.0122985799849 114.987171151155 -1200.41032849138
2452 15.012286281217 114.987157157512 -1202.60097587743
2453 15.0122717010648 114.987208053369 -1202.04005915582
2454 15.0122486533182 114.987169487415 -1198.34717358705
2455 15.0122455971952 114.987168926757 -1199.27768069017
2456 15.0122375488145 114.98717274651 -1201.43617431903
2457 15.0122331674078 114.987203029126 -1202.62792533013
2458 15.0122165690199 114.987197213652 -1199.03173632244
2459 15.0122078892217 114.987194258065 -1197.97705159654
2460 15.0121663553191 114.987196261825 -1202.38348446562
2461 15.0121826261904 114.987164487644 -1200.82197974907
2462 15.0121775308856 114.987188336575 -1201.11536531435
2463 15.012109572114 114.987175387352 -1201.88272276127
2464 15.0121202163837 114.98718682762 -1200.19192529206
2465 15.0120954480343 114.987172807462 -1200.4771531771
2466 15.0120533737488 114.987184545851 -1198.95409621942
2467 15.012063031097 114.987187548185 -1199.18988344508
2468 15.0120795947586 114.987175426555 -1200.39701970828
2469 15.0120770653422 114.987175774254 -1200.3417702362
2470 15.0120241152157 114.987176791152 -1198.2009499128
2471 15.0120269638344 114.987166230215 -1201.15571958923
2472 15.0120453521975 114.987194763634 -1198.60010099702
2473 15.0119821299052 114.987156119241 -1201.55967654618
2474 15.0119585566259 114.987180825575 -1200.78834426967
2475 15.0119787441246 114.987172235031 -1198.43760990079
2476 15.0119589584198 114.987170488634 -1200.07729382498
2477 15.011958994842 114.987187236687 -1199.09803577776
2478 15.0119065992148 114.987189767167 -1203.13033021283
2479 15.0119008111328 114.987219262935 -1200.78109819194
2480 15.0119086339073 114.987177982302 -1200.70110479325
2481 15.0118610866063 114.987194667519 -1203.01692609723
2482 15.0118918403563 114.987151290519 -1200.39702874661
2483 15.0118509905752 114.987178481908 -1200.55488878051
2484 15.0118373557002 114.987166619014 -1199.52969975015
2485 15.0118177861551 114.987196161859 -1198.69131261056
2486 15.0118460035655 114.987196173208 -1195.69911769036
2487 15.0118106740585 114.987189075165 -1200.91039405186
2488 15.011789656815 114.987164570258 -1198.77707899687
2489 15.0117948633408 114.987177891101 -1199.93834708995
2490 15.0117504628612 114.987165464325 -1201.9664073416
2491 15.0117373456936 114.987152358812 -1201.44566783211
2492 15.0117325323815 114.987195265026 -1202.23141422276
2493 15.0117089256339 114.987177713961 -1202.72052841624
2494 15.0117115472728 114.987171539801 -1200.4247579951
2495 15.0116886926041 114.987203877793 -1199.58702050053
2496 15.0116884902491 114.98718848217 -1198.71745330228
2497 15.0116603826738 114.987192888211 -1196.73085709542
2498 15.0116682859725 114.987166434011 -1200.63027734245
2499 15.0116311301761 114.987180750178 -1196.64713822634
2500 15.0116014243771 114.987178992284 -1199.65482061972
2501 15.0116004274726 114.987209696052 -1197.79040874694
2502 15.0115932088668 114.987179789224 -1202.70518839197
2503 15.0115663004139 114.987170598417 -1203.84584783027
2504 15.0115758946726 114.987148255387 -1198.56054828186
2505 15.0115571800555 114.987188998798 -1200.59969608899
2506 15.0115790418378 114.98716756209 -1203.28891715432
2507 15.0115009022878 114.987186595202 -1202.35158164899
2508 15.0114915472426 114.987189033534 -1198.4463204781
2509 15.0114930774324 114.987183885927 -1199.49909842025
2510 15.0115314303315 114.987174629036 -1201.00699724346
2511 15.0114618593725 114.987186483511 -1198.46708200944
2512 15.0114248746404 114.98718512112 -1198.74187558384
2513 15.0114284643487 114.987174496529 -1200.76663132369
2514 15.0114359851317 114.987194154754 -1199.04773840225
2515 15.0114282516723 114.987182441523 -1201.46948350699
2516 15.0113973197312 114.9871831478 -1201.73927254376
2517 15.0113822553854 114.987182033198 -1198.21993946813
2518 15.0113897047523 114.987174273816 -1200.49842770151
2519 15.0114157114606 114.987210244659 -1200.75726252319
2520 15.0113447812157 114.987154911441 -1203.72350220895
2521 15.0113484554218 114.987148091741 -1201.1695056529
2522 15.0113235074014 114.987177214212 -1203.82508418159
2523 15.0113331175306 114.987174363139 -1197.84588766967
2524 15.0112886947361 114.987172634381 -1200.34202743831
2525 15.0112920392032 114.987167373771 -1198.83406907263
2526 15.0112801484757 114.9871796488 -1200.32656605261
2527 15.0112645994569 114.98714425209 -1202.4516131627
2528 15.0112282501996 114.987206691096 -1201.59015632854
2529 15.0112326560566 114.987179293194 -1204.74874332736
2530 15.0112341244583 114.987195465984 -1200.0372612647
2531 15.0111870855692 114.987145165161 -1203.23109485641
2532 15.011210280416 114.987190888435 -1196.88858093244
2533 15.0111976578515 114.987174941932 -1202.8865642346
2534 15.0111536595924 114.987169010791 -1203.56563924921
2535 15.0111327634895 114.987165606118 -1196.74305499629
2536 15.0111475762802 114.987174018934 -1198.17551876169
2537 15.0111225853118 114.987194925338 -1200.34980359537
2538 15.0110950325375 114.987187645401 -1198.86189722199
2539 15.0111150166041 114.987187685626 -1198.83913307552
2540 15.0110650445152 114.987222415182 -1199.20619005365
2541 15.0110798153788 114.987191622209 -1204.15588213344
2542 15.0110372208509 114.987196960474 -1199.94790307238
2543 15.0110191803553 114.987150316714 -1199.07604373971
2544 15.0110304998702 114.987190257032 -1199.46316061436
2545 15.0110182815429 114.987164447653 -1197.82628533416
2546 15.0110353152399 114.987183808002 -1201.05312663716
2547 15.0109926817492 114.98717939023 -1197.74535328891
2548 15.0109460551402 114.987205456944 -1200.16856165927
2549 15.0109544605075 114.987175315274 -1200.74666778392
2550 15.0109679022132 114.987191361093 -1199.45056133302
2551 15.0109220215639 114.98716054516 -1196.02550957066
2552 15.0109188950482 114.987191250202 -1197.77953029367
2553 15.0109226610404 114.987178683265 -1200.05443924167
2554 15.0108757521467 114.987190464937 -1199.93034473386
2555 15.0108791315013 114.987176299173 -1198.15477535867
2556 15.0108495809387 114.987166979511 -1200.41190999673
2557 15.0108511393167 114.987181076629 -1200.79162538427
2558 15.0108602582578 114.987191893133 -1200.13933327613
2559 15.0108213833847 114.987158965145 -1198.42156064787
2560 15.0108316106682 114.987168694908 -1199.21416573831
2561 15.0108108465938 114.98718174137 -1201.06148283806
2562 15.0107607452671 114.987143277638 -1200.2214442469
2563 15.0107626784141 114.987173967925 -1199.88464589034
2564 15.0107808777662 114.98717317843 -1198.40399230856
2565 15.010761142711 114.987165569089 -1199.39813656443
2566 15.0107325304259 114.987200017415 -1198.52921409407
2567 15.0107178507988 114.987152247576 -1198.97595705179
2568 15.0107113968233 114.987177733005 -1204.70147687202
2569 15.0106897115058 114.987181402133 -1202.66066850958
2570 15.0106695750008 114.987175091612 -1199.05342408943
2571 15.0106328091525 114.987182305312 -1203.47198942685
2572 15.0106519310659 114.987170689133 -1196.78321478032
2573 15.010655274299 114.987198335939 -1200.12539727692
2574 15.0106462570283 114.987195322683 -1199.22796167592
2575 15.0106101759002 114.987202832342 -1199.82502671656
2576 15.0105674853942 114.987173716466 -1201.30167870089
2577 15.0105871935879 114.987174396875 -1196.5364163601
2578 15.0105548145876 114.987187937526 -1201.23440167525
2579 15.0105681091597 114.987170344488 -1202.39693830912
2580 15.0105724296705 114.987171022423 -1201.01197572113
2581 15.0105320089368 114.987183802177 -1201.88074971857
2582 15.0105066205214 114.987171504507 -1198.3415458965
2583 15.0105124958369 114.98719876534 -1199.67647208049
2584 15.0104744526111 114.987209056021 -1199.74325504757
2585 15.0104652257246 114.987176850617 -1195.17346822721
2586 15.0104611500084 114.987193951353 -1201.79482325786
2587 15.0104601747283 114.987175371987 -1199.98514116638
2588 15.0104334261551 114.987200380987 -1199.12122727994
2589 15.0104122344112 114.987175182355 -1199.43524801153
2590 15.0104069308046 114.987156543114 -1199.44137232103
2591 15.01038795505 114.987194437801 -1200.55223659053
2592 15.0103818211986 114.987162551744 -1202.7600666158
2593 15.0103751423986 114.98717604046 -1202.26937286515
2594 15.0103448622665 114.987175176981 -1198.93273919089
2595 15.0103531840222 114.987178205296 -1197.28100287083
2596 15.0103234656081 114.987166707959 -1202.6697877639
2597 15.0103298410501 114.987194892594 -1202.33025208981
2598 15.0102829184895 114.987194769799 -1200.18135741017
2599 15.0103097475175 114.987164044213 -1199.62399231805
2600 15.010263792944 114.987218040438 -1198.00620398708
2601 15.0102549159277 114.987182750724 -1200.19094425827
2602 15.0102459881877 114.987160426451 -1195.26069717245
2603 15.0102093067528 114.987165576656 -1199.03302365528
2604 15.0101892368188 114.987156500833 -1198.01509056898
2605 15.0101998924757 114.987169229667 -1202.1649669883
2606 15.0101989613174 114.987194737635 -1198.28805501222
2607 15.0101691463548 114.987139047283 -1198.57572065956
2608 15.0101752110704 114.987170083475 -1203.24023750476
2609 15.0101878778898 114.987157370389 -1197.4957885109
2610 15.0101291743567 114.987175590844 -1201.18338009396
2611 15.0101580275082 114.987217898953 -1198.84228958823
2612 15.010121095784 114.987169838119 -1200.9124434282
2613 15.0100860596723 114.987191279622 -1199.39065621096
2614 15.0100640392682 114.98717754646 -1199.39179288079
2615 15.0100581782128 114.987175492152 -1196.59815983599
2616 15.0100702518888 114.987195764456 -1202.87736569179
2617 15.0100647883602 114.98718269924 -1202.04863604235
2618 15.0100357141448 114.987188498701 -1200.96728329446
2619 15.010004193309 114.987188814701 -1199.19332942298
2620 15.0100087851899 114.987192064658 -1200.29205200393
2621 15.0099821745622 114.987189367576 -1199.13622731091
2622 15.0100023672045 114.987171366018 -1202.55429789653
2623 15.0099620400379 114.987156389614 -1199.66114090531
2624 15.0099542719663 114.987180040394 -1198.69788164492
2625 15.0099025744088 114.987173633594 -1199.63522576467
2626 15.0099237539648 114.987155359204 -1197.51834824226
2627 15.0099208535945 114.987140978782 -1201.01133147226
2628 15.0098976501318 114.987179853721 -1200.30853840037
2629 15.009879559612 114.987186949326 -1197.30791158095
2630 15.0098961467209 114.987162604456 -1197.83948538831
2631 15.0098478715118 114.987202392165 -1199.74341767123
2632 15.0098584783779 114.987210280015 -1200.79458869135
2633 15.0098184340655 114.987173085488 -1200.30602963525
2634 15.0097680732329 114.987164727613 -1198.3459133351
2635 15.0097906524087 114.987176724731 -1198.91078067162
2636 15.0097774182475 114.987184895827 -1199.39090990829
2637 15.0097895718682 114.987211632811 -1198.35314518603
2638 15.0097470984505 114.987121482118 -1200.96642878499
2639 15.0097443011126 114.987151949266 -1195.96591630572
2640 15.0097067696683 114.987229822685 -1198.43177465885
2641 15.0096898739892 114.987186468063 -1200.00344676485
2642 15.0097064123919 114.987170449741 -1199.02172803528
2643 15.0097017296351 114.987162614581 -1195.81968361472
2644 15.0097112166982 114.987165620488 -1201.65309428161
2645 15.0096762006216 114.987185211412 -1201.26625263944
2646 15.0096502906219 114.987207204831 -1198.79236385467
2647 15.0096028454526 114.987183909929 -1198.88113324917
2648 15.0096493413075 114.987205275608 -1201.07740820474
2649 15.009604270014 114.987193188681 -1199.64962776123
2650 15.0095786347678 114.987193608464 -1198.15834194227
2651 15.0095714867621 114.987182026892 -1200.4722903172
2652 15.0095834223937 114.987162687251 -1201.64015154944
2653 15.0095755850269 114.987159506792 -1198.83845708706
2654 15.0095251595428 114.9872102903 -1202.97305807093
2655 15.0095341332749 114.987160441653 -1198.52453816398
2656 15.0095110356617 114.987197577441 -1199.9850242054
2657 15.0094990215824 114.987166581145 -1202.69859206407
2658 15.0094748556591 114.987190946354 -1200.69481290274
2659 15.0094523246312 114.98717816564 -1199.94961746551
2660 15.0094524843197 114.987169250146 -1198.95478164268
2661 15.0094317540412 114.987167855206 -1198.38166610271
2662 15.0094331555071 114.987151333046 -1202.40688694746
2663 15.0094219467605 114.987173599732 -1202.19808510633
2664 15.0093854446943 114.987192180013 -1199.6216844979
2665 15.0093912933329 114.987185680984 -1199.86090749566
2666 15.0093746128039 114.987189314073 -1202.07510759228
2667 15.0093699737764 114.987178070994 -1201.7372121456
2668 15.0093441807788 114.987138144255 -1200.67621293779
2669 15.0093496299593 114.987193292355 -1198.74402905842
2670 15.0093071076971 114.987165121247 -1198.0386785114
2671 15.0092934225138 114.987163859604 -1201.83282456679
2672 15.0092993754596 114.98718968171 -1200.9095277263
2673 15.009252833853 114.987169025153 -1200.21718439563
2674 15.0092527867029 114.98716531601 -1197.046291557
2675 15.0092758128502 114.987171091811 -1199.90909223319
2676 15.0092109495768 114.987156748993 -1201.00252568094
2677 15.0092402104008 114.987188150176 -1201.64362142439
2678 15.009241821204 114.98717606517 -1196.34117477891
2679 15.0091880938144 114.987168189177 -1197.85589782992
2680 15.0091506278827 114.987150011617 -1197.66390166527
2681 15.0091565669896 114.987138862367 -1203.43542385895
2682 15.0091323303868 114.987163794049 -1196.42226871787
2683 15.0091625320223 114.987163347181 -1201.39134958997
2684 15.0091308056386 114.987197442899 -1198.53864436822
2685 15.0091371194513 114.987184179882 -1197.83905793576
2686 15.009125080789 114.987205804374 -1201.36469717562
2687 15.0091082537591 114.987164321054 -1200.64405231686
2688 15.0090815996973 114.987152022568 -1198.41160333895
2689 15.0090353261316 114.987142225056 -1200.12914359701
2690 15.009039871202 114.987178164278 -1197.62425714321
2691 15.009074229703 114.98719284867 -1203.18776766972
2692 15.0089926560287 114.9871460308 -1201.15052408171
2693 15.0090128791403 114.987181849295 -1201.98605913931
2694 15.0089848662083 114.987195500231 -1201.15857198246
2695 15.0089660453808 114.98719425754 -1199.42383739441
2696 15.0089802184785 114.987186123273 -1198.30080492541
2697 15.0089494344003 114.987156091496 -1197.65960943251
2698 15.0089558027887 114.987160562612 -1202.34879577345
2699 15.0089282302351 114.987186487462 -1197.74359931412
2700 15.0089176205731 114.987177001383 -1196.50570589393
2701 15.0088808119699 114.987171911401 -1199.89155374881
2702 15.0088864413128 114.987174988031 -1200.39769392121
2703 15.0088761224911 114.987190547478 -1199.3232053674
2704 15.00888969674 114.987199344382 -1203.95764464414
2705 15.0088456345188 114.987197703474 -1200.02941070916
2706 15.008844305566 114.98718855491 -1198.88419533907
2707 15.0088287202051 114.987192112377 -1200.28076317035
2708 15.0087964761403 114.987199696721 -1198.5139264019
2709 15.0087947947946 114.987183412267 -1196.49783880277
2710 15.0087981497227 114.987191753195 -1200.66632582413
2711 15.0087715010929 114.987158510153 -1201.24695622107
2712 15.0087427538336 114.987180834511 -1199.24620755295
2713 15.0087506463983 114.987189785675 -1197.9131246846
2714 15.0087359292039 114.987172731882 -1201.284515811
2715 15.0087067967442 114.987183726976 -1198.82528126798
2716 15.008718069119 114.987168007644 -1200.30167984111
2717 15.0086814033655 114.987177138432 -1202.61570130019
2718 15.0086751677201 114.987210431757 -1199.26123326793
2719 15.0086358785865 114.987189304183 -1198.82951531522
2720 15.0086047516921 114.987164275496 -1203.62032238621
2721 15.0086294857895 114.98723144776 -1199.73225606194
2722 15.0086588444342 114.987165114506 -1200.10957391555
2723 15.0086389814447 114.987189392581 -1199.80320620979
2724 15.0085910064603 114.987194484563 -1200.08970567421
2725 15.0085653605535 114.987172266695 -1199.54414483709
2726 15.0086129820537 114.987200093788 -1199.82074587428
2727 15.0085476764004 114.987190254196 -1200.55102146313
2728 15.0085378715076 114.987198338125 -1200.96593015652
2729 15.0085270293646 114.98719171006 -1196.94729195519
2730 15.0084737393968 114.987170796395 -1200.79659156051
2731 15.0084835912822 114.987182489015 -1199.94435074454
2732 15.0084382350033 114.987138984528 -1199.48679219524
2733 15.0084730728633 114.987167437684 -1201.54510648937
2734 15.0084385166274 114.987168455296 -1201.48460823547
2735 15.0084473300596 114.987208395006 -1202.39567536646
2736 15.0084367441793 114.98717814494 -1196.24507734728
2737 15.008418914067 114.987186600494 -1199.84670752266
2738 15.008401826458 114.987161210204 -1200.34836617474
2739 15.0083883251926 114.987167218258 -1197.71330608233
2740 15.0083558297729 114.987194469243 -1202.17750109295
2741 15.0083709385081 114.987174397749 -1201.44354545683
2742 15.0083620899689 114.987161705767 -1202.82312181578
2743 15.008386724314 114.987175812778 -1196.45801075645
2744 15.0083360340491 114.987183233523 -1201.79834009255
2745 15.0082900415874 114.987143301785 -1201.73715095489
2746 15.0082783321277 114.987163203025 -1203.48729991136
2747 15.0082708544711 114.987184249107 -1197.07980576823
2748 15.0082872676531 114.987167481552 -1198.80114880256
2749 15.0082345014615 114.987190619524 -1199.00037101504
2750 15.008257641414 114.987192437085 -1202.24781371442
2751 15.0082030335559 114.987207480727 -1199.79021465722
2752 15.0082202643852 114.987187284296 -1197.74056238729
2753 15.008200421405 114.98716929055 -1196.98328516963
2754 15.0081619600157 114.987142236061 -1198.02432352764
2755 15.0081826953518 114.987160962927 -1197.15650523418
2756 15.0081795487557 114.987157590543 -1200.52675597547
2757 15.0081333604024 114.987189179903 -1201.5360346407
2758 15.0081410827379 114.987177533723 -1201.73310914017
2759 15.0081190769125 114.987172814481 -1201.52629678723
2760 15.0081210666417 114.98721096997 -1199.51492420885
2761 15.0081043779624 114.987181367808 -1200.0000483796
2762 15.0080826685341 114.987151003955 -1202.01009036514
2763 15.0080746013223 114.987163013291 -1196.43866678206
2764 15.0080790562179 114.987181746755 -1199.43165563347
2765 15.0080169230739 114.987172604932 -1200.91567209095
2766 15.0080042001095 114.987222255404 -1197.83770858243
2767 15.0079832893 114.987163980506 -1198.48908912102
2768 15.0080134613335 114.987163398227 -1200.76831608531
2769 15.00798128891 114.987144920844 -1196.9475554065
2770 15.0079439082934 114.987167711417 -1199.79092317895
2771 15.007949846661 114.987172315261 -1202.44695400828
2772 15.0079520132171 114.987170976958 -1202.19085997962
2773 15.0079214596629 114.987156615396 -1199.40767268965
2774 15.007910405471 114.987168532669 -1199.44807570127
2775 15.0078858598687 114.987187169512 -1195.61294128081
2776 15.0078997924573 114.987183274612 -1199.94556011169
2777 15.0078690216752 114.987202252887 -1199.35505512705
2778 15.0078388838857 114.987181852889 -1201.27347051479
2779 15.0077924576268 114.987180169864 -1199.16340381612
2780 15.0078596633764 114.987185179405 -1198.84599360889
2781 15.0078138159225 114.987178655635 -1201.64728937337
2782 15.0077989937725 114.987187924042 -1198.90210030909
2783 15.0077727043565 114.987156012973 -1197.50222927489
2784 15.0077687676905 114.987178462816 -1197.94304168925
2785 15.0077648211865 114.987167180476 -1197.95607979587
2786 15.0077299093403 114.987167721354 -1199.17513006638
2787 15.0077514755127 114.987177921042 -1199.38047329823
2788 15.0077189988925 114.987163116368 -1203.71865320628
2789 15.0076823541492 114.987178479038 -1196.67878317877
2790 15.0077004518695 114.98720112706 -1201.53377256871
2791 15.0076902448241 114.987156078723 -1199.93878776676
2792 15.0076789796593 114.987200305903 -1200.17795422077
2793 15.0076560890664 114.987173360117 -1200.76604714854
2794 15.0076203683642 114.9872160248 -1200.2590941654
2795 15.0076349643944 114.987161754932 -1199.18000586138
2796 15.0076203156226 114.987174038794 -1199.55619482162
2797 15.0076085951203 114.987179831782 -1201.01990254903
2798 15.0075757651459 114.987159666632 -1198.43764854614
2799 15.007580848204 114.987210166063 -1199.7597812826
2800 15.0075813561466 114.987134821822 -1200.06175445132
2801 15.0075606468299 114.987180510218 -1203.36169171915
2802 15.0075653922012 114.987210273028 -1198.33501650986
2803 15.0075266219397 114.987160996768 -1202.33430715236
2804 15.0075132157735 114.987159519977 -1195.47133447269
2805 15.0075067054979 114.987206115287 -1201.34853807502
2806 15.0074580111267 114.987190481417 -1201.72393076309
2807 15.0074420583692 114.987151618215 -1200.06995970743
2808 15.0074139417774 114.987177665131 -1195.20164724918
2809 15.0074379730118 114.987192793498 -1204.1116162658
2810 15.0074516769658 114.987169898912 -1202.14632479459
2811 15.0073773647129 114.987174729271 -1200.25333409803
2812 15.0073996772961 114.987181418842 -1199.21647307034
2813 15.0074002735629 114.987199341225 -1199.05403480896
2814 15.0073601079007 114.987187380222 -1201.80992886506
2815 15.0073462594283 114.987184531039 -1201.12190845464
2816 15.0073652630009 114.987163866877 -1198.17316522844
2817 15.0073405399071 114.98719695876 -1198.82547144731
2818 15.0073180157726 114.987212276919 -1200.03237230663
2819 15.0072971790434 114.987209540654 -1201.24958942785
2820 15.0072345561986 114.987177567005 -1199.20961813276
2821 15.0072760686454 114.987218125208 -1198.62510549759
2822 15.0072855945831 114.987188229417 -1200.03759038476
2823 15.0072375427971 114.987193506807 -1200.83850259466
2824 15.007256662087 114.987178831986 -1198.00842367861
2825 15.0072173994928 114.98716026695 -1197.83466767011
2826 15.0072073621854 114.987168122016 -1199.52101359472
2827 15.0071955409166 114.987205165681 -1202.25158541763
2828 15.0071990740389 114.987179283334 -1203.61803678537
2829 15.0071735108049 114.987172565276 -1193.40851535703
2830 15.0071441776728 114.987188920316 -1202.17154130864
2831 15.0071535982491 114.987163715375 -1201.36815457348
2832 15.0071296890204 114.987169741493 -1200.01712805776
2833 15.0071209597921 114.987174277304 -1200.17906944998
2834 15.0071238930699 114.987165903428 -1200.39683925827
2835 15.0070700484741 114.987167142388 -1199.96133421057
2836 15.0070667651592 114.987175343492 -1199.76435414375
2837 15.0070567099549 114.987194741526 -1201.56301137592
2838 15.0070404330695 114.987161875537 -1201.15927752241
2839 15.0070419362985 114.987161984654 -1198.57312836069
2840 15.0070168566492 114.987192404989 -1197.04165181557
2841 15.0069732317866 114.987149694222 -1197.20302710971
2842 15.0069932227059 114.987201967918 -1200.28701880875
2843 15.006970595465 114.987178317074 -1199.33637791566
2844 15.0069588325341 114.987162666731 -1199.05974696018
2845 15.0069757350769 114.987166934272 -1200.84787582348
2846 15.0069630083178 114.98718240984 -1201.45776331052
2847 15.0069111513583 114.98720004978 -1201.31751596973
2848 15.0069192556116 114.987187072917 -1201.37780974722
2849 15.006921120652 114.987155527195 -1198.10999952409
2850 15.0068804745172 114.987166404042 -1200.24332168753
2851 15.0068529665478 114.987210794898 -1199.71637797114
2852 15.0068667199774 114.987165021932 -1204.09309474753
2853 15.0068282442323 114.987172826931 -1202.08655687116
2854 15.0068198137463 114.987174879384 -1198.97629084245
2855 15.0068315502184 114.98717797935 -1199.4745781139
2856 15.0068108623942 114.987199485491 -1199.77220587623
2857 15.0067838462292 114.987145528906 -1203.01368519888
2858 15.006787330426 114.987149198468 -1204.08352726214
2859 15.006765476641 114.987158810477 -1202.33656618492
2860 15.0067962787249 114.987190311391 -1200.566272499
2861 15.0067195914513 114.987174323031 -1200.36562550627
2862 15.0067436641437 114.987194703166 -1202.12639718933
2863 15.0066841049165 114.987163230936 -1200.61562086162
2864 15.0066864715291 114.987156497218 -1200.52878585506
2865 15.0066782199586 114.987175057753 -1199.70937258557
2866 15.0066732625079 114.987159711355 -1199.93043459123
2867 15.0066940754691 114.987161902074 -1198.36484803705
2868 15.0066362200806 114.987168006109 -1196.39555810205
2869 15.0066294291323 114.987179089015 -1198.62719645524
2870 15.0066549468417 114.987159982009 -1199.17083730208
2871 15.0065874525837 114.987191850276 -1198.79291898284
2872 15.0065697713961 114.987156713652 -1203.53114910832
2873 15.0065940610085 114.987175626456 -1199.341633879
2874 15.0065761356379 114.987175334067 -1202.11290429257
2875 15.0065614425742 114.987166439207 -1202.34929576209
2876 15.0065219154156 114.987140774389 -1199.10429575878
2877 15.006548773162 114.987183917169 -1198.14977890787
2878 15.0064733707392 114.987190718038 -1198.46247044052
2879 15.0064963510186 114.987192995774 -1198.60775449649
2880 15.0064618347876 114.987171257125 -1197.46439261985
2881 15.0064628137507 114.987165214674 -1206.46032048496
2882 15.0064316862682 114.98716457802 -1197.4783202498
2883 15.006416773021 114.987182167638 -1200.82461272901
2884 15.0064034652533 114.987184899735 -1199.8429852434
2885 15.00644471858 114.987167599851 -1200.97426762625
2886 15.0063844885863 114.987193102026 -1201.07916190517
2887 15.006386937563 114.987173176859 -1197.48647821094
2888 15.0063509750749 114.987159363126 -1199.89346581512
2889 15.0063427360948 114.987144665854 -1197.65080770157
2890 15.0063472646449 114.987149347258 -1200.0799373336
2891 15.006344148202 114.98716726037 -1199.08544882181
2892 15.0062916907665 114.98716737915 -1201.71681858926
2893 15.0063246765593 114.987174643672 -1200.56399179979
2894 15.0062906508245 114.987206161642 -1199.07461952307
2895 15.0062815825272 114.987181820226 -1198.77050062932
2896 15.0062738577986 114.987149910081 -1200.29829816185
2897 15.0062611397389 114.987185573584 -1203.35053427961
2898 15.006225744324 114.987185741247 -1201.40845590036
2899 15.0062211034625 114.987183058611 -1199.95965186527
2900 15.0062256747368 114.987164727784 -1202.47919888458
2901 15.0062038095589 114.987171959254 -1202.48097996567
2902 15.0061846860125 114.987194464814 -1202.39182427697
2903 15.0061722487275 114.987197441109 -1197.18454547704
2904 15.006175824227 114.987167662023 -1200.35155462703
2905 15.0061508257569 114.987198817331 -1197.43291103531
2906 15.0060954677253 114.987184587574 -1201.41758554143
2907 15.0061123632406 114.987186008743 -1198.98216928468
2908 15.0060868574705 114.987152952877 -1198.73513232726
2909 15.0060955490058 114.987155114833 -1201.93946694885
2910 15.0060646449228 114.987169103522 -1199.89841807871
2911 15.0060600587877 114.987190380924 -1199.36888100483
2912 15.0060538494825 114.987175737075 -1197.00725748282
2913 15.0060294207691 114.98718197829 -1200.01439033059
2914 15.0060007991752 114.987171484078 -1202.69957126831
2915 15.0059899029188 114.987150137357 -1197.08337351932
2916 15.0060130629283 114.98718815141 -1203.04920189931
2917 15.0059696024446 114.987202184926 -1197.6400474489
2918 15.0059396564492 114.987190579786 -1201.39034220994
2919 15.0059739135093 114.98716855611 -1202.2771499438
2920 15.0059307686769 114.987187373173 -1198.06587426559
2921 15.0059206330902 114.987164526542 -1204.33182178651
2922 15.0058767902123 114.987154825508 -1199.53541631357
2923 15.0058850696992 114.987167667605 -1199.61312061111
2924 15.005846641703 114.987161104641 -1204.1435239427
2925 15.0058562013152 114.987212508372 -1199.97303283629
2926 15.0058436303996 114.987182697459 -1202.92248841071
2927 15.0058505718966 114.98713501656 -1199.77034073436
2928 15.005826729678 114.987189478058 -1197.59636936541
2929 15.0058200562507 114.987183574633 -1198.45315884141
2930 15.005812969914 114.987149752403 -1201.04775394952
2931 15.0057801060137 114.987162006978 -1197.98416990569
2932 15.0057471424755 114.987177676511 -1199.30650662323
2933 15.005739430146 114.987161303489 -1201.01125139054
2934 15.0057531294804 114.987189177749 -1202.10050452339
2935 15.0057109249764 114.987138880978 -1199.59650547202
2936 15.0057389865255 114.987167791211 -1202.23072500156
2937 15.0056899879146 114.987168613627 -1200.69547850735
2938 15.0056886356998 114.987164768653 -1198.89253274603
2939 15.0056849564683 114.987185064912 -1203.27114794057
2940 15.0056446844067 114.98720046996 -1201.21273713597
2941 15.0056343853939 114.987170363469 -1198.67229473525
2942 15.0056556742219 114.987173974678 -1200.0922394226
2943 15.0056474422289 114.987165847858 -1200.23605114389
2944 15.0055995219382 114.987194979648 -1198.8920615822
2945 15.0056158062499 114.98717064277 -1201.3802262757
2946 15.0055656877773 114.987163704341 -1200.66348410807
2947 15.0055695755699 114.987162696857 -1195.62527952909
2948 15.0055347449451 114.987165720099 -1196.45558270127
2949 15.0055630184828 114.987168230364 -1199.66766194351
2950 15.0055545614018 114.98721002308 -1199.53851994116
2951 15.0055008679507 114.987206363673 -1197.72538177231
2952 15.0055374065162 114.987172613646 -1198.66382675144
2953 15.0055061358677 114.987184854403 -1198.89617795117
2954 15.0054631970119 114.98718301515 -1198.34895183988
2955 15.0054373427265 114.987203971293 -1200.97590278075
2956 15.0054476623648 114.987168531303 -1203.26050543167
2957 15.0054199052962 114.987168602178 -1199.73391732651
2958 15.0054075930196 114.987193186694 -1202.18298100721
2959 15.0054044164348 114.987177441709 -1198.86992852853
2960 15.0053937871106 114.987179310757 -1199.91476728867
2961 15.005380088008 114.987182492257 -1203.44836207979
2962 15.0053469060458 114.987192388055 -1200.9310135666
2963 15.0053314515057 114.987199690945 -1198.92597858669
2964 15.005325805632 114.987174325487 -1200.40779846323
2965 15.005293507654 114.987145669349 -1197.76620202525
2966 15.0053127490651 114.987159231701 -1203.75933114656
2967 15.0053093041786 114.987162696306 -1200.13729655274
2968 15.0052917010853 114.987177196202 -1204.85568680155
2969 15.0052932766707 114.987137581674 -1197.77930410498
2970 15.0052673221991 114.987165933403 -1199.00800185819
2971 15.0052663280636 114.987194565853 -1198.52930448913
2972 15.0052277150663 114.987182333807 -1200.22687303338
2973 15.0052354377298 114.987193461087 -1201.16193906883
2974 15.0051625056498 114.987222519613 -1199.76938530316
2975 15.0052202504047 114.98718806139 -1198.72703703451
2976 15.0051950025155 114.987185167806 -1198.33408919466
2977 15.0051549754085 114.98715136343 -1197.08320215275
2978 15.0051449796334 114.987168842528 -1196.82386266738
2979 15.0051247046953 114.987155641242 -1199.20577526833
2980 15.0051193785064 114.987207263857 -1199.92854703668
2981 15.005078152115 114.987179194311 -1199.63525177452
2982 15.0051070884104 114.987184703827 -1196.99102833589
2983 15.00509348704 114.98719800142 -1199.95917526113
2984 15.005058257173 114.987192606136 -1198.14383224104
2985 15.0050649913438 114.987155401051 -1199.34218541648
2986 15.0050016276226 114.987188328323 -1200.5820069915
2987 15.0050112855627 114.987178702468 -1202.62777404733
2988 15.0050077635798 114.987144131493 -1200.13923613034
2989 15.0049901525741 114.987200871636 -1201.68986184085
2990 15.0050112825905 114.987195910045 -1199.33251542504
2991 15.0049544091751 114.987186484627 -1197.99101425228
2992 15.0049785808162 114.987183601482 -1201.44046832275
2993 15.0049292667838 114.987139536442 -1200.82975703784
2994 15.0049309672859 114.987150837004 -1198.08737205386
2995 15.0048990833473 114.987169509449 -1198.711842194
2996 15.0048632593129 114.98717445106 -1198.29986898413
2997 15.0048912901014 114.987193432114 -1200.0533701994
2998 15.0048913388106 114.987166307747 -1201.93553388376
2999 15.0048899675001 114.9872023104 -1204.61247881493
3000 15.0048106501361 114.987191168974 -1200.63983065721
3001 15.0048099535304 114.987197397727 -1198.52557196163
3002 15.0048174298598 114.987197235079 -1198.33021192386
3003 15.0047935359101 114.987152625952 -1197.44464252897
3004 15.0047800049122 114.98716911385 -1203.21077778959
3005 15.0047696800124 114.987231537719 -1199.83157098716
3006 15.0047523552379 114.987191498942 -1196.58967304654
3007 15.0047804487099 114.987210415289 -1199.69627632287
3008 15.0047616249007 114.987184333776 -1199.25463516667
3009 15.0047085846955 114.987214121662 -1199.7950977589
3010 15.0047237240502 114.98714788413 -1199.15209456941
3011 15.0046955252555 114.987180654417 -1200.61718306442
3012 15.0046753987005 114.987194021742 -1203.54177211148
3013 15.0046445809598 114.987163711773 -1199.2530340649
3014 15.0046489443342 114.987180250372 -1199.61246128639
3015 15.0046607262463 114.987215526122 -1195.22770677944
3016 15.0046128684644 114.987158580311 -1197.44554938424
3017 15.0046605864951 114.987182806311 -1195.8982128512
3018 15.0046230309505 114.987173198782 -1200.13653784473
3019 15.0046049368208 114.987182837079 -1198.71101500502
3020 15.004586389996 114.987180041489 -1198.72181163392
3021 15.0045930803822 114.987199124668 -1199.81811926315
3022 15.0045462539515 114.987185018071 -1202.27132683721
3023 15.0045564316382 114.987139460507 -1202.97349735858
3024 15.0045143212051 114.987174576988 -1199.8605207994
3025 15.0045390943522 114.987206447955 -1198.9616156519
3026 15.0044958939986 114.987187239105 -1199.28105694722
3027 15.0045061872409 114.987174597253 -1202.26595866075
3028 15.0044756580417 114.987169967407 -1201.29010083779
3029 15.0044746541273 114.987206143866 -1200.50231482596
3030 15.0044281078463 114.98718279957 -1195.84157919879
3031 15.004452064773 114.987177499402 -1200.03791432605
3032 15.0044428682514 114.987184543013 -1200.03554053198
3033 15.0043995101053 114.987196221726 -1200.68175001722
3034 15.0043769690297 114.98718363604 -1200.36007980508
3035 15.0043769362973 114.987174373307 -1199.06075414936
3036 15.0043771091046 114.987197459083 -1199.86120086414
3037 15.0043320987024 114.987181568125 -1201.71387105348
3038 15.0043549472265 114.987150500233 -1199.74224237492
3039 15.0043468328563 114.987170794741 -1198.67308100882
3040 15.0043083296863 114.98720599817 -1197.8468153515
3041 15.0042981150923 114.987177080171 -1197.06006418387
3042 15.0042134414437 114.987180927655 -1197.79767434175
3043 15.0042447818057 114.987183106457 -1199.18022731993
3044 15.0042685840559 114.987181349058 -1201.3420466056
3045 15.0042329099239 114.987186402412 -1197.12549672719
3046 15.0042084234135 114.987144304263 -1200.53151819104
3047 15.0042357905765 114.98718281443 -1200.53964792923
3048 15.0042133765663 114.987173959784 -1201.60323813258
3049 15.0041945393446 114.987173484684 -1202.9778079532
3050 15.0041664602075 114.98716112337 -1202.82815193257
3051 15.0041483820799 114.987192671943 -1199.46874172374
3052 15.0041633448258 114.987191210332 -1200.3545740791
3053 15.0041321761625 114.987193387292 -1202.40907011319
3054 15.0041174772408 114.987174195415 -1197.97731282743
3055 15.0040848768019 114.987167630688 -1197.88262645235
3056 15.0040785117753 114.98716746915 -1199.88065932999
3057 15.0040693942248 114.98715258842 -1199.13810651647
3058 15.0040348796416 114.987182977732 -1197.67925832683
3059 15.0040087676104 114.9871481213 -1202.14368901058
3060 15.0040935806708 114.987136646479 -1197.19892408595
3061 15.0040304853713 114.987188674578 -1206.09367039513
3062 15.0040112411182 114.987181267039 -1199.46127668574
3063 15.0040030945703 114.987191285104 -1198.63458740577
3064 15.003984508111 114.987181074921 -1197.05341229681
3065 15.0039910623372 114.987197816072 -1200.4284731154
3066 15.0039414705581 114.987225518464 -1201.26301409564
3067 15.0039161143515 114.987182484064 -1198.89799426481
3068 15.0039213009083 114.987167548749 -1203.44029994392
3069 15.0039103691094 114.987181977974 -1198.10167370086
3070 15.0039241048522 114.987174506301 -1199.33244527693
3071 15.003877308611 114.987190439645 -1200.04742165242
3072 15.0038604594237 114.987140022203 -1199.13180779484
3073 15.0038310309324 114.987163935747 -1196.88999761947
3074 15.0038404816909 114.987177380085 -1197.54642429557
3075 15.0038231223739 114.987122803113 -1204.25150099301
3076 15.0038337204065 114.987188847328 -1197.14575793358
3077 15.0038177643315 114.987193245101 -1201.63667464633
3078 15.0038154465934 114.987199513452 -1202.08293562274
3079 15.0037671366887 114.987222533974 -1196.34672877306
3080 15.0037537494326 114.987184193182 -1202.49348575712
3081 15.0037349641069 114.987192813117 -1199.20454979722
3082 15.0037417749703 114.987181492755 -1198.1016709956
3083 15.0037189507657 114.987190190971 -1201.85582013612
3084 15.0037161008739 114.98716904549 -1197.00766839119
3085 15.0036965037042 114.987156533894 -1204.46225393043
3086 15.003717792805 114.987183884262 -1200.57190252473
3087 15.0036562081005 114.987193131329 -1200.68200021506
3088 15.0036414497626 114.987171805418 -1201.99308940673
3089 15.0036086972482 114.987172273858 -1201.20377842948
3090 15.0036441054104 114.987178682287 -1202.0301623218
3091 15.0036261077107 114.987183238571 -1196.96880731033
3092 15.0036042779386 114.987185243777 -1196.48686473425
3093 15.0035853221953 114.987196715613 -1200.66783915584
3094 15.0035697289412 114.987166227112 -1199.32839387939
3095 15.0035943831093 114.987163659349 -1196.83296602322
3096 15.0035354852818 114.987158541108 -1203.21285251057
3097 15.0035557545314 114.987182449869 -1198.21843297268
3098 15.0035252439026 114.987191422292 -1202.36798235431
3099 15.0035079809938 114.987163757212 -1200.62658340172
3100 15.0035301279699 114.987168617558 -1198.99880784093
3101 15.0034762190671 114.987172455301 -1199.82538138781
3102 15.0034479805271 114.987169180282 -1195.96449443801
3103 15.003447615531 114.987184239347 -1199.30185782354
3104 15.0034574071778 114.987163498567 -1201.83831164397
3105 15.003446218689 114.987215407968 -1199.11580599648
3106 15.0034053954314 114.987194531108 -1198.40758303727
3107 15.0034206014297 114.987192517514 -1200.88528279318
3108 15.0033850668127 114.987154955457 -1201.18901680866
3109 15.0033828078945 114.987237669193 -1196.81069488874
3110 15.0033650265717 114.987205786193 -1201.17620864744
3111 15.0033384943522 114.987192006205 -1201.66394896402
3112 15.0033348455457 114.987221120867 -1198.32048328729
3113 15.0033438019002 114.987223313708 -1197.24922341162
3114 15.0033177756419 114.987169574884 -1200.09556379765
3115 15.0032835564702 114.987196681746 -1200.9905167355
3116 15.0032670136799 114.987153169983 -1198.36555770788
3117 15.0032693332542 114.987151461192 -1200.58352196679
3118 15.0032642173205 114.987200140058 -1199.14386078044
3119 15.0032464117683 114.987204352285 -1198.17755162689
3120 15.0032223054616 114.987164029789 -1202.54819015667
3121 15.0032274270882 114.987180350042 -1197.54790192403
3122 15.003159097117 114.987176615041 -1198.20255762165
3123 15.0031506693536 114.987192224391 -1203.12347376558
3124 15.0031836355096 114.987197784957 -1198.94326831808
3125 15.0031464288249 114.987202591527 -1201.97804415903
3126 15.0031224973491 114.987172982045 -1200.32174849452
3127 15.0031179623975 114.987177061089 -1201.4084354652
3128 15.003100920234 114.987188281348 -1196.35530391798
3129 15.003098910372 114.987182303141 -1201.52736609749
3130 15.0030895289401 114.987151277911 -1198.10250510261
3131 15.0030580086428 114.98718086794 -1200.61421915366
3132 15.0030588426675 114.987166073521 -1197.95247980341
3133 15.0030079883633 114.987188180124 -1200.83398473256
3134 15.0030316546647 114.987203265189 -1197.46709333074
3135 15.0030319968722 114.987208354168 -1205.43338131808
3136 15.0030211536517 114.987170841644 -1198.71153986991
3137 15.0029862695803 114.987175565403 -1202.96176276668
3138 15.0029635733092 114.987182561334 -1201.88215605747
3139 15.0029756843648 114.987169468505 -1200.20288355964
3140 15.0029509411381 114.987162662838 -1202.06308584489
3141 15.002951546648 114.987165089778 -1200.36191019384
3142 15.0029298148513 114.987212951233 -1200.01092427218
3143 15.0028992352017 114.987185075106 -1200.30283727774
3144 15.0028984664992 114.987185137879 -1202.08671322503
3145 15.0028467908614 114.987142995126 -1199.45205304357
3146 15.0028503253616 114.987216551203 -1197.54153825874
3147 15.0028078017146 114.987165264749 -1199.99083404082
3148 15.0028176471596 114.987158583124 -1198.97050129081
3149 15.0028434594638 114.987167418879 -1201.2234956727
3150 15.0028293392732 114.987200004828 -1197.70826774504
3151 15.0028271507944 114.987206323187 -1199.20702780084
3152 15.0027962380552 114.987159015694 -1199.45417767789
3153 15.0027708592071 114.987148691971 -1199.52554325537
3154 15.002776611334 114.987185320671 -1198.71582630512
3155 15.0027160956392 114.987212402411 -1199.91414602359
3156 15.0027358974783 114.987169880114 -1200.37209570258
3157 15.0027434542657 114.987157794306 -1199.61053729051
3158 15.0027014358588 114.987174692658 -1198.10007502688
3159 15.0026952424836 114.987211216788 -1202.8319757808
3160 15.0027162056553 114.987143423085 -1197.88443710938
3161 15.0026596447835 114.987195440267 -1198.70928381008
3162 15.002649016821 114.987186994858 -1199.88407099424
3163 15.0026563949105 114.987177088866 -1198.74962286327
3164 15.0026244757931 114.987177658694 -1201.47015785306
3165 15.0026343804838 114.987152179357 -1200.02174593979
3166 15.0025684133475 114.987168658804 -1196.15438291647
3167 15.0025662825553 114.987176698899 -1198.40886158132
3168 15.0025858816128 114.987190483738 -1199.93302825403
3169 15.0025604863651 114.987167350872 -1199.03080051323
3170 15.0025702361521 114.987165101634 -1200.47367234912
3171 15.002515577374 114.987147722291 -1193.91264504914
3172 15.0025230939078 114.987166989043 -1201.37551992252
3173 15.0025151218517 114.9871951721 -1202.38524226922
3174 15.0024751644888 114.98717092861 -1200.68967165045
3175 15.002479947137 114.987184410757 -1200.61098213183
3176 15.0024463120394 114.987169500758 -1195.89799377712
3177 15.0024409036015 114.987178048093 -1202.44809712391
3178 15.0024064905857 114.987168727078 -1200.45376226824
3179 15.0024139728999 114.987181404683 -1201.87467977046
3180 15.0024277068085 114.98720282914 -1201.82363878646
3181 15.0023673807476 114.987174790682 -1200.26886625983
3182 15.0024156437188 114.987170868639 -1200.67606619421
3183 15.0023606062735 114.987150819946 -1199.06315408865
3184 15.0023768163369 114.987163784925 -1198.40876621344
3185 15.0023329293298 114.987192900207 -1203.30440485191
3186 15.0023516265547 114.987192142543 -1202.17705727097
3187 15.0023213109117 114.987158142991 -1199.16370673851
3188 15.0022899612403 114.987157143336 -1200.68541568351
3189 15.0022785406382 114.98718107844 -1199.03625710346
3190 15.0022899392856 114.987177762648 -1198.54545667506
3191 15.0022205212768 114.987169695072 -1200.63171511912
3192 15.0022445257314 114.987161991449 -1200.21810115898
3193 15.0022411036375 114.987185156067 -1203.05673374586
3194 15.0021733720599 114.98718714151 -1198.09998733932
3195 15.0021950363308 114.987194076731 -1201.47253037998
3196 15.0021789281752 114.987161850254 -1197.49051805899
3197 15.0021785110129 114.987159043539 -1196.78295320754
3198 15.0021326505945 114.987154378872 -1199.701008066
3199 15.002150636979 114.987171466635 -1197.34959305572
3200 15.0021450412368 114.987152381307 -1201.26466947349
3201 15.0020987422218 114.987167023835 -1200.17756925827
3202 15.0021101653767 114.987184396243 -1196.95442337807
3203 15.0021152978515 114.987226153674 -1197.01695133323
3204 15.0020895410914 114.987174845941 -1198.28072581516
3205 15.0020381636532 114.987221159882 -1199.09078199995
3206 15.0020667044261 114.987177747551 -1199.20629205359
3207 15.0020540389246 114.987181617139 -1202.12709407385
3208 15.00203417843 114.987161942951 -1199.45600289103
3209 15.0020082255794 114.987211090146 -1199.98716544665
3210 15.002001646743 114.987158002987 -1199.77721592601
3211 15.0019894220859 114.987177656318 -1203.09351635133
3212 15.0019601749415 114.987211343112 -1201.79058708948
3213 15.0019623431361 114.987174474428 -1197.87822387618
3214 15.0019308354316 114.987187798374 -1200.45989814892
3215 15.0019397140274 114.987155947738 -1200.44695954392
3216 15.0019237163404 114.987215977096 -1203.64869035306
3217 15.0018706342692 114.987169849223 -1198.96398243729
3218 15.0018982707592 114.987148977062 -1200.29228133347
3219 15.0018544314231 114.987193221468 -1199.85874726615
3220 15.0018553488968 114.987160614386 -1198.19664064096
3221 15.001823443264 114.98717970365 -1195.54408394499
3222 15.0018710431374 114.987177135154 -1198.76343169715
3223 15.001815047217 114.987172367602 -1198.75390617087
3224 15.0018066676021 114.987131970756 -1196.55453447889
3225 15.0018122433353 114.987195233054 -1199.6424344158
3226 15.0017864868185 114.987193519739 -1200.46016616077
3227 15.0017395042829 114.9871880249 -1195.98067197624
3228 15.0017640718249 114.987156114864 -1202.43568678732
3229 15.001755744285 114.987169208155 -1200.14465430085
3230 15.001728792891 114.987178002989 -1202.53008059918
3231 15.0016962159695 114.98717468363 -1196.20677671626
3232 15.0017059725882 114.987167972541 -1199.31204448293
3233 15.0017134726965 114.987198049735 -1202.85966563554
3234 15.0016866095657 114.987194530992 -1202.25614078902
3235 15.0016775343142 114.987191158482 -1201.0563380352
3236 15.0016522473311 114.987148135426 -1196.59350161758
3237 15.0016202323246 114.987194041007 -1199.43860771367
3238 15.0016126190914 114.987208493341 -1200.48620476448
3239 15.0015855211853 114.98714557116 -1199.8034275561
3240 15.001601426247 114.987181819267 -1198.44634374673
3241 15.0015468356395 114.987180330006 -1201.9230190474
3242 15.0015555686872 114.987211620382 -1202.66201084878
3243 15.0015799776327 114.987158465946 -1195.69947037192
3244 15.0015599305762 114.987179506724 -1201.79511096941
3245 15.0015236760947 114.987187335011 -1200.19977934882
3246 15.001528090886 114.987174621429 -1201.4939378218
3247 15.0014516152986 114.987182081498 -1199.59028853769
3248 15.001457269345 114.987205727602 -1195.79097389589
3249 15.0014660417944 114.98717283386 -1199.32800483124
3250 15.001465194523 114.987188223368 -1199.98324015164
3251 15.0014101706962 114.987161148189 -1200.13853000755
3252 15.0014408940001 114.987189596017 -1199.34753445047
3253 15.0014495354882 114.987163844135 -1200.60223579852
3254 15.0014079529131 114.987155932259 -1199.22158531453
3255 15.0013826295324 114.987174244143 -1202.93612989391
3256 15.0014008135804 114.98717373401 -1201.36476897117
3257 15.0013733648325 114.987152592111 -1200.57966361551
3258 15.0013439772762 114.987178750238 -1197.90899790835
3259 15.0013492007221 114.987173283937 -1197.43453162901
3260 15.0013106311679 114.987176468001 -1204.02570097793
3261 15.0013160322709 114.987195597974 -1199.78941129913
3262 15.0013217466402 114.987182229109 -1198.53592843263
3263 15.0013032747257 114.987184119781 -1203.01580295665
3264 15.001262522967 114.987183488418 -1201.72585156642
3265 15.0012895093374 114.987161822548 -1202.20056462147
3266 15.001290737815 114.98719101253 -1199.11289437652
3267 15.0012385156975 114.987184220207 -1199.31281309539
3268 15.0012144839446 114.987150560877 -1200.80967810068
3269 15.0012136607647 114.987170350568 -1198.79731837822
3270 15.0011886413622 114.987173767924 -1200.00892355789
3271 15.0011562014278 114.987198259802 -1200.50476127779
3272 15.0011531985933 114.987195941626 -1198.80831548875
3273 15.0011405069252 114.987152766455 -1196.88822667432
3274 15.0011316207451 114.987180756044 -1198.70784233372
3275 15.0011022569514 114.987210239972 -1198.54780407642
3276 15.0011163126083 114.987180003756 -1198.79017038567
3277 15.0010669597402 114.987187389931 -1199.675734851
3278 15.0010844447603 114.987145786063 -1200.30456818842
3279 15.0010751851491 114.987186856288 -1202.43073163255
3280 15.0010619717192 114.987167918467 -1201.13248645169
3281 15.0010405743795 114.987186194701 -1198.85654385831
3282 15.0010357074042 114.987199227258 -1198.01090189296
3283 15.0009800746901 114.987158322248 -1201.05368453287
3284 15.0009754719171 114.987182816443 -1200.93449879013
3285 15.0009562252716 114.987131028801 -1200.37742583868
3286 15.00097581215 114.987157796665 -1195.4571913914
3287 15.0009791790126 114.98716810963 -1200.42332106217
3288 15.0009482927646 114.987161953914 -1202.04212901534
3289 15.0009230884373 114.987194699522 -1201.83519841794
3290 15.000918006408 114.98718856143 -1200.71961198562
3291 15.0009347711284 114.987217000119 -1202.01378669091
3292 15.0009023564121 114.987171106503 -1199.94003862614
3293 15.0008880210363 114.987167035156 -1201.94348700299
3294 15.0008856987038 114.987186302488 -1202.30136114038
3295 15.000851483648 114.987194142618 -1200.85106013729
3296 15.0008316546231 114.987173569749 -1199.98964044181
3297 15.0007980687157 114.987167187088 -1200.83297890567
3298 15.0008253388608 114.987177650796 -1203.17977092252
3299 15.0008244030241 114.987205837964 -1203.42738190673
3300 15.0007776693287 114.987224734257 -1199.23422195985
3301 15.0007937429817 114.987180923925 -1201.6840275571
3302 15.0007528287843 114.98717568064 -1198.36904547396
3303 15.0007510570529 114.987158165901 -1201.26476059329
3304 15.0007564857176 114.987186223762 -1200.64600408039
3305 15.0006861572749 114.987195996777 -1203.43219392029
3306 15.0007010089088 114.987175097145 -1200.18056556272
3307 15.000687867176 114.987144173383 -1202.43631543363
3308 15.0006911440509 114.987176478527 -1199.0162879936
3309 15.0006337738958 114.987166330961 -1200.06481012357
3310 15.0006571243825 114.987149623765 -1201.46584836594
3311 15.0006274390151 114.987174915374 -1200.7537115818
3312 15.0006312286447 114.987158404304 -1200.93419414345
3313 15.0006027446441 114.987169660866 -1199.88351679921
3314 15.0005736185593 114.987162930672 -1200.25374913795
3315 15.0005793417521 114.987168222458 -1201.26390006348
3316 15.0005449043957 114.9871902571 -1201.71561837553
3317 15.0005594138221 114.987176116658 -1202.50301502442
3318 15.0005461088643 114.987191480581 -1199.57197525177
3319 15.0005269869999 114.987217119434 -1197.15894886405
3320 15.000484193489 114.987172118422 -1199.38997639556
3321 15.0004927758581 114.987162263111 -1198.1003091146
3322 15.0004746514568 114.987173041869 -1202.49799902769
3323 15.0004685412264 114.98720197342 -1201.58508764824
3324 15.0004839865947 114.987204429023 -1200.560058131
3325 15.0004415144375 114.987186571846 -1197.85445772544
3326 15.0004285869103 114.987176492441 -1197.77596633048
3327 15.0004099048449 114.987177586964 -1200.82702374235
3328 15.0003994883754 114.987195998717 -1197.94069524742
3329 15.0003720580095 114.98716883869 -1201.79028615368
3330 15.0004095363724 114.987186861361 -1200.8267460618
3331 15.0003515296424 114.987177903365 -1201.41152037902
3332 15.0003680888861 114.987138685379 -1196.91051324091
3333 15.0003205007204 114.987165361328 -1203.03650871214
3334 15.0003241947397 114.987198651316 -1200.99262919313
3335 15.0003358547246 114.987207543629 -1200.25194891174
3336 15.0002737405684 114.987204372393 -1199.00025077625
3337 15.0003052910632 114.987193070519 -1200.42936875914
3338 15.0002429159822 114.987162254914 -1202.77501408837
3339 15.0002544116359 114.987183399588 -1200.57760296158
3340 15.0002244204425 114.987157581947 -1198.67258116733
3341 15.0002127959065 114.987157740904 -1201.46372234243
3342 15.0002015435849 114.987155137273 -1202.62612754283
3343 15.0001922881016 114.987184983942 -1198.30154890547
3344 15.0001770261638 114.987168897172 -1195.36943224332
3345 15.0001724974606 114.987159099786 -1199.78500956379
3346 15.0001659111056 114.987187388459 -1201.06801186539
3347 15.0001263336156 114.987212178923 -1197.47675025611
3348 15.0000978693442 114.987203113366 -1199.93823013304
3349 15.000089423912 114.987144389397 -1202.40526955903
3350 15.0000963445414 114.987197586142 -1203.61090015715
3351 15.0000860840535 114.987170582927 -1203.18377682003
3352 15.0000801114134 114.987171707919 -1200.40652443447
3353 15.0000339435644 114.987162526019 -1201.17943750127
3354 15.000069834361 114.987192257723 -1204.84619990797
3355 15.000035237806 114.987187692725 -1199.39724422245
3356 15.00003406897 114.987199375546 -1198.87138552262
3357 15.0000089790384 114.987185863616 -1202.73167350943
3358 15.0000164323103 114.987222275555 -1199.89442319346
3359 14.9999814046555 114.987185160919 -1205.16714794707
3360 14.9999535620313 114.987189357466 -1197.56516338178
3361 14.9999551603394 114.987207161172 -1199.714025642
3362 14.9999299995946 114.987197127716 -1199.28199590648
3363 14.99991764287 114.987234309009 -1200.30292745116
3364 14.9999365612103 114.987201289526 -1199.93752816102
3365 14.9999088554146 114.987236425512 -1199.39720349162
3366 14.9999055029807 114.987248830091 -1201.19916678045
3367 14.9998984846499 114.987260876248 -1199.62334801022
3368 14.999911221607 114.987307159939 -1201.07709282994
3369 14.9999190660516 114.987313102191 -1199.12078111051
3370 14.9999035028807 114.987348171084 -1199.89626972087
3371 14.9999228008005 114.987309226717 -1202.75926394561
3372 14.9999132496581 114.987351739347 -1197.40957814791
3373 14.9999171420974 114.987365436162 -1201.56013714589
3374 14.9999104207912 114.987386045703 -1201.21901097001
3375 14.9999287920834 114.987387444169 -1200.98127593618
3376 14.9999150408316 114.987422506414 -1201.67315502447
3377 14.9999279407022 114.987425312416 -1196.83620528837
3378 14.9999066003693 114.987469173333 -1200.03260842013
3379 14.9999188199785 114.987415123875 -1197.46947727866
3380 14.9999246250307 114.98743336201 -1200.41463367165
3381 14.9999101173107 114.987454884636 -1201.72986341064
3382 14.9998947738102 114.987507010082 -1199.88445879944
3383 14.9999071418028 114.987490637178 -1197.30611623823
3384 14.999894618305 114.987517567846 -1199.64109759518
3385 14.9998994037837 114.987520870391 -1198.35500815089
3386 14.9999041327636 114.987535634059 -1200.27076035976
3387 14.9998862099134 114.987522763409 -1197.09163332476
3388 14.9999182926718 114.987572490643 -1197.75411726785
3389 14.9999102411057 114.987602053485 -1200.24226281403
3390 14.9998923886777 114.987593125977 -1201.26538401515
3391 14.9998985881026 114.987585855906 -1199.7814206459
3392 14.9999378489248 114.987631882341 -1196.02097628206
3393 14.9999017953549 114.987643223615 -1199.57993771857
3394 14.9998814321573 114.987642617333 -1198.87408220702
3395 14.9998905080621 114.987649865134 -1204.84316795509
3396 14.9999078960221 114.987679673079 -1198.56162670045
3397 14.9999167730308 114.987694246813 -1197.73976124952
3398 14.9999024913131 114.987715532483 -1199.68613958822
3399 14.99986639486 114.987745452817 -1199.66909662332
3400 14.9999195210432 114.987709238019 -1201.09141994299
3401 14.9999070272588 114.987708481286 -1199.23512368031
3402 14.9999033017828 114.98774082259 -1201.67854442115
3403 14.9998768862705 114.987763251878 -1198.93263625401
3404 14.9998985456579 114.987778131763 -1198.18857525054
3405 14.9999067565203 114.987762311882 -1197.17605170208
3406 14.9998733117828 114.987845197389 -1198.71069805621
3407 14.9998943720573 114.987821338703 -1197.30771954356
3408 14.9999154034116 114.987863683504 -1198.46851265129
3409 14.9999250458208 114.987856992084 -1198.86170597985
3410 14.9999350468217 114.987875550811 -1202.94123031046
3411 14.9998770912391 114.987878051632 -1201.08326326119
3412 14.9998851971908 114.987934004343 -1199.0458695487
3413 14.9999124324874 114.987917115548 -1201.76980829253
3414 14.9998856909787 114.987913841668 -1198.19588754272
3415 14.9999087383469 114.987934437955 -1198.86312298052
3416 14.9998975269668 114.987978437432 -1201.12286765129
3417 14.9998696864746 114.987992939935 -1198.91703516965
3418 14.9999083936039 114.987975631396 -1198.75013284305
3419 14.9999060918974 114.988021641086 -1201.61894072546
3420 14.9998588415806 114.988015800453 -1194.81443165063
3421 14.9999018448085 114.988022379042 -1204.72815129789
3422 14.9998996575783 114.988008487719 -1199.99439276661
3423 14.9998899787589 114.988039920856 -1198.41814432239
3424 14.9999130836818 114.98806440917 -1200.1848845388
3425 14.999860239773 114.988080941416 -1199.76892022759
3426 14.9999084751554 114.988094880323 -1202.00811081807
3427 14.9999105292225 114.988074845291 -1199.23637133133
3428 14.9999028013134 114.988142026997 -1198.667211261
3429 14.9998787387349 114.988159985483 -1199.31972481177
3430 14.999888147389 114.988165571759 -1201.08715745447
3431 14.9999039198941 114.988172686088 -1199.62430731189
3432 14.9998873848348 114.988142221529 -1200.3369379092
3433 14.9999107784516 114.988187625036 -1197.66012172545
3434 14.9999113134565 114.988216533482 -1202.06557254192
3435 14.9998964398025 114.988212910212 -1201.55101204059
3436 14.9998858830687 114.988246781733 -1197.9113930577
3437 14.9998668109594 114.988203706615 -1204.11938678591
3438 14.9998964823291 114.98829069552 -1198.97147880023
3439 14.9999187718198 114.988277876447 -1202.66755085936
3440 14.9999235804511 114.988292201975 -1195.91325432548
3441 14.999940378087 114.988316208161 -1197.21922557109
3442 14.9999430485688 114.98831888458 -1196.72308862889
3443 14.9999475832139 114.988312577872 -1202.107604703
3444 14.999888591184 114.98834347138 -1200.06529385701
3445 14.9999330221407 114.988313388866 -1203.52585359537
3446 14.9998929398935 114.988344753287 -1205.15515872744
3447 14.9999225225433 114.988370338506 -1201.354347361
3448 14.999866060312 114.988419463879 -1199.44545174304
3449 14.9999352481025 114.98842319247 -1201.5367318977
3450 14.9999218740045 114.988472858275 -1202.07414562315
3451 14.9998795817082 114.98843640699 -1201.03318242895
3452 14.9998796945164 114.988442861257 -1197.76041935171
3453 14.9998993460377 114.988491412272 -1201.7782199197
3454 14.9998992443377 114.988472158868 -1196.89222306278
3455 14.9999293952961 114.988501727077 -1198.91003594983
3456 14.9998956764344 114.988536394348 -1199.51933020669
3457 14.9999062021309 114.988530099472 -1199.60716206032
3458 14.999920437379 114.988527270967 -1200.35914243912
3459 14.999910366543 114.988563917583 -1200.46834057179
3460 14.9998929967858 114.988574456911 -1202.88779145404
3461 14.9998766756367 114.988591260489 -1200.54206650625
3462 14.9999104057211 114.988581510191 -1198.47661518318
3463 14.9999571312981 114.98863135976 -1198.63615058105
3464 14.9999010421067 114.988618522898 -1199.68258967607
3465 14.9998922161121 114.988597284427 -1200.12773096421
3466 14.9999166087256 114.988601362582 -1198.67773550914
3467 14.9998969262367 114.988648908878 -1202.24474971163
3468 14.9999071737004 114.988653442166 -1199.52128228072
3469 14.9999099825287 114.988690160732 -1198.89106509568
3470 14.9999039385096 114.988719835533 -1196.49771299666
3471 14.9999002714341 114.988699580521 -1198.80846734177
3472 14.999889771452 114.988735043232 -1198.7704621798
3473 14.9998933265313 114.988722857446 -1202.12004100836
3474 14.9999061609434 114.988775749379 -1202.96318639558
3475 14.9998720887799 114.988776736204 -1199.89207139657
3476 14.9999169623061 114.988784203119 -1200.71884354864
3477 14.9999022917236 114.988812400923 -1198.27362357766
3478 14.9999356871061 114.988810741373 -1203.12331092335
3479 14.9998847953577 114.98883030732 -1201.38484516087
3480 14.9999356568815 114.988825008006 -1199.55641786266
3481 14.9998928515905 114.988851439273 -1198.8177363663
3482 14.9998881614058 114.988858104648 -1198.92436671891
3483 14.9999144144598 114.988903567387 -1200.25417707756
3484 14.9998948191857 114.988888236734 -1199.38551872785
3485 14.9998669086985 114.988900411065 -1201.3960083292
3486 14.9999224728156 114.988906595393 -1199.70439599044
3487 14.9998728951809 114.988931384315 -1201.72622910796
3488 14.9998721790584 114.988981696114 -1200.14065551341
3489 14.999905791953 114.988974162755 -1202.12033943186
3490 14.9998760197508 114.988977031858 -1200.81912846439
3491 14.9999191775217 114.989032340629 -1201.33700827801
3492 14.999910989804 114.989040444013 -1200.90512565135
3493 14.9998911425757 114.989013923233 -1199.59566356519
3494 14.9998651348125 114.98904489826 -1202.34725430172
3495 14.9999018821824 114.989057684343 -1198.09450621352
3496 14.9998925174901 114.989072080707 -1198.53645193944
3497 14.9999245075464 114.989085011015 -1197.29111011831
3498 14.9998826829748 114.989094493694 -1196.62064298158
3499 14.9999133062027 114.98911289274 -1201.28543801616
3500 14.9999434819367 114.98912713449 -1197.61208606695
3501 14.9998695512533 114.989142287567 -1200.13825826048
3502 14.999941539703 114.98914253294 -1201.79076043823
3503 14.9999174785189 114.989168419549 -1198.42906602138
3504 14.999909725144 114.989185339168 -1197.0842720671
3505 14.9999034405331 114.989193041283 -1197.56749358421
3506 14.9998862133927 114.989203790189 -1201.67970197889
3507 14.9998915438789 114.989239969434 -1201.72212930175
3508 14.9998944357952 114.989257556888 -1197.96938164395
3509 14.9998865307837 114.989228284139 -1198.29340146363
3510 14.999896425716 114.989263860082 -1199.51454656353
3511 14.9999339994558 114.989271076088 -1200.9032141724
3512 14.9999075223627 114.989280366903 -1199.47707858337
3513 14.9999153366725 114.98930161698 -1201.40925872538
3514 14.99992028745 114.989311068546 -1200.29096976436
3515 14.9998834131807 114.989338761886 -1203.51949051718
3516 14.9998762306639 114.989374996033 -1200.25315952212
3517 14.9998892717384 114.989361103413 -1200.32754316651
3518 14.9999263354091 114.989401948899 -1200.85318828833
3519 14.9998998650155 114.989370235956 -1198.32482303713
3520 14.9998889886713 114.989416849902 -1203.44742575279
3521 14.9998932543396 114.989426435194 -1200.30671200195
3522 14.9999066922819 114.989423689434 -1199.88310813919
3523 14.999923561303 114.989454071092 -1198.01207300419
3524 14.9999078391372 114.989501865507 -1199.59538592883
3525 14.9998957114568 114.989513267691 -1197.22878723226
3526 14.9998894284528 114.989492485072 -1200.47265614677
3527 14.9999087795285 114.989521835584 -1197.31555792289
3528 14.9999103716146 114.989546319948 -1202.19611434667
3529 14.9999037024738 114.989533032545 -1201.27422507328
3530 14.9999127315363 114.989526800583 -1196.56495251337
3531 14.9999143181396 114.989523341683 -1199.61962579193
3532 14.9998500901088 114.989567413857 -1199.77921905088
3533 14.9999169794776 114.989579055243 -1202.68955496784
3534 14.9999402913345 114.989611521861 -1199.64058996139
3535 14.9999100024581 114.989598268179 -1197.83220912265
3536 14.999911735853 114.989618760494 -1199.57747688212
3537 14.9999083324922 114.989633412479 -1203.29681104948
3538 14.9999088083905 114.98966383326 -1200.81574913049
3539 14.9999051407703 114.989660783903 -1200.43860963274
3540 14.9998953218233 114.989673644667 -1199.69189094059
3541 14.9999102232416 114.989705375255 -1199.41966790189
3542 14.9999244836377 114.989687130878 -1201.28197710372
3543 14.9999126555023 114.989728422094 -1199.84123108709
3544 14.9998896348948 114.989737575408 -1201.82876975209
3545 14.9999108292033 114.989759838973 -1197.13819001324
3546 14.9999218366458 114.98975792307 -1202.47783948695
3547 14.9998893284609 114.989776842888 -1202.95822320841
3548 14.9998931284443 114.98976744564 -1198.86716706365
3549 14.9998710612354 114.989803938171 -1199.68766075134
3550 14.9999282102753 114.989822016428 -1203.68090427599
3551 14.9999297376849 114.989809293987 -1200.88479388283
3552 14.9998652331017 114.989856474793 -1200.30173369498
3553 14.9998932316122 114.989848576029 -1201.29380052372
3554 14.99989996146 114.989891256691 -1195.93888048117
3555 14.9999022465363 114.989860183686 -1199.66305478463
3556 14.9999008632417 114.989909216722 -1203.93817264085
3557 14.9999190551903 114.989881880277 -1195.84717727643
3558 14.9998750897092 114.989938272684 -1197.24111670014
3559 14.999906281498 114.989914586989 -1200.5312566986
3560 14.9998867327364 114.989958360778 -1199.34099992844
3561 14.9999170876243 114.989956337194 -1198.93844293937
3562 14.9999203267284 114.98996817373 -1200.31812124734
3563 14.9999106945253 114.989984971013 -1197.06283378813
3564 14.9998921405262 114.990025692352 -1201.41127615312
3565 14.999904765991 114.99003422921 -1198.40325747002
3566 14.9999251987684 114.990038053523 -1201.54058726453
3567 14.999910733804 114.99005231544 -1201.58224017092
3568 14.9998836715038 114.990067364512 -1203.44201883318
3569 14.9999300409496 114.990087898761 -1197.11513204747
3570 14.9999106536944 114.990102253065 -1199.68086464537
3571 14.9999125668242 114.990117211872 -1201.01743631184
3572 14.9999008800113 114.990133608706 -1200.33341676381
3573 14.9999053906879 114.990148947214 -1201.83748454261
3574 14.9998953763652 114.99017519009 -1202.48892295784
3575 14.9999245547291 114.990168674188 -1200.70154537221
3576 14.9999188963315 114.990228629538 -1200.72732801418
3577 14.9999338513696 114.990164311116 -1201.99622035279
3578 14.9999246648975 114.990162630234 -1201.33497178876
3579 14.9999170905386 114.990205759216 -1200.53682091112
3580 14.9998945635011 114.990234804685 -1199.86286656009
3581 14.9999119790588 114.990261341866 -1200.28094932412
3582 14.9998916307008 114.990263284003 -1202.42624989561
3583 14.9998754247597 114.990267935979 -1198.83579973587
3584 14.9999362517754 114.990285450034 -1200.07533726332
3585 14.9998970093723 114.990322680391 -1202.3706540827
3586 14.9998928843074 114.990335335726 -1201.0940226807
3587 14.9998824373271 114.990353664359 -1197.81398826273
3588 14.9999068430948 114.990328387873 -1196.47833101051
3589 14.9999049362531 114.990365943012 -1200.08572501822
3590 14.9998999743482 114.990392039707 -1199.86684792837
3591 14.9999218078247 114.990393604279 -1194.67724581725
3592 14.9999208849674 114.99040996601 -1200.61080908282
3593 14.9998843882567 114.990393180479 -1199.45240987388
3594 14.9998959212997 114.990429114021 -1200.10325182993
3595 14.9999238640307 114.990443902613 -1195.25782934333
3596 14.9999072113859 114.990480780106 -1203.04245891043
3597 14.9999271147996 114.990461862479 -1194.96818672521
3598 14.9998944911269 114.990486716027 -1198.75405951594
3599 14.9999149728337 114.99051654889 -1201.00641362945
3600 14.9998976173641 114.990501970956 -1201.19597885915
3601 14.9998891332222 114.990553492776 -1200.785340524
3602 14.9999309293026 114.990542906988 -1200.04269503787
3603 14.9999139347949 114.990572746146 -1197.98071163742
3604 14.9998712951113 114.990561186621 -1200.62516532801
3605 14.9998829742151 114.990577545352 -1202.54430717206
3606 14.9999057321827 114.99057299826 -1200.83743756712
3607 14.9999195613862 114.99061498942 -1200.48846706687
3608 14.999916467521 114.990642136888 -1200.4294649836
3609 14.9998691562667 114.990618359193 -1199.47592694685
3610 14.9999113751635 114.990674576669 -1198.67278051767
3611 14.9998992326728 114.990657414608 -1202.88101753562
3612 14.9999188754082 114.990683387068 -1201.04221548278
3613 14.9999036906624 114.990730156372 -1203.49316593908
3614 14.9999160164084 114.99072325327 -1202.52220453822
3615 14.9998962272498 114.990734944157 -1201.38522047626
3616 14.9999156779429 114.990752520243 -1201.64364925304
3617 14.9998743846113 114.990791861912 -1201.26783063259
3618 14.9998718578828 114.990794544726 -1200.83035205352
3619 14.9999082337359 114.990760173815 -1199.26144498356
3620 14.9998836608399 114.990784078709 -1197.55402932586
3621 14.9999274079551 114.990812598048 -1199.15581477303
3622 14.9998949015247 114.990836268026 -1198.84415742072
3623 14.9998983402419 114.990865159847 -1201.48187293201
3624 14.9999143745112 114.990872940597 -1197.27840796481
3625 14.9998866756694 114.990847572138 -1199.65279887263
3626 14.9998735212848 114.990869908559 -1201.20425166154
3627 14.9998924642338 114.990900761095 -1202.50310114983
3628 14.999880285166 114.990903465252 -1202.8012011524
3629 14.999908766613 114.990902300324 -1193.67490854077
3630 14.9999077206803 114.99095732006 -1200.37846074941
3631 14.9998940423258 114.990941110537 -1199.88679411948
3632 14.9999132311273 114.990957223776 -1199.23954790501
3633 14.9999104405435 114.990960890087 -1200.04185584584
3634 14.9998933549246 114.991047875884 -1195.83152972973
3635 14.9999054357521 114.991024648585 -1200.92526549875
3636 14.9998941654084 114.991049125205 -1203.74542850857
3637 14.9999181358094 114.991010352811 -1197.50582862931
3638 14.9999140935492 114.991043484284 -1197.97722252733
3639 14.9999240904864 114.991072933869 -1198.0698332359
3640 14.9999359334182 114.991063728248 -1201.84339936285
3641 14.9999160240008 114.991106338146 -1200.20557817439
3642 14.9999067309441 114.991072555196 -1200.11116106193
3643 14.999891372784 114.991130374554 -1199.80212547549
3644 14.9999095658112 114.991120446598 -1199.75049099216
3645 14.9999348706471 114.99110054136 -1200.06459108647
3646 14.9999100979737 114.991152687331 -1202.52895210192
3647 14.9998663381583 114.991177390111 -1199.17069624861
3648 14.9999226051068 114.991173417146 -1202.42938669889
3649 14.9999123385216 114.991198060943 -1196.76073296764
3650 14.9999159901804 114.991214024873 -1201.3031053221
3651 14.999888551895 114.991238989766 -1199.24389522321
3652 14.9999254834243 114.991267180122 -1198.44560433455
3653 14.9999073241538 114.991276046674 -1203.69481892231
3654 14.9998898746651 114.991289749954 -1199.99816995811
3655 14.9998760148973 114.991296892414 -1199.42604298107
3656 14.9999222433154 114.991315923367 -1200.23274657539
3657 14.9998701182836 114.991341826869 -1202.40160594104
3658 14.9999034473673 114.991321606403 -1201.48724318042
3659 14.9999163092638 114.99133046698 -1196.73682180997
3660 14.9998933366984 114.991341930454 -1198.85867712104
3661 14.9999006140912 114.991364708405 -1199.02794042879
3662 14.999923000253 114.991353487587 -1201.93172651799
3663 14.9999212053139 114.991392658555 -1201.86392380297
3664 14.9999084274117 114.991394868329 -1201.88887044531
3665 14.9998959257221 114.99141960505 -1199.90005227207
3666 14.9998911964549 114.991491373737 -1199.83177020456
3667 14.9999147674624 114.991454750341 -1202.1557140595
3668 14.9999012121753 114.991473053984 -1199.01103114681
3669 14.9999079800934 114.991504259238 -1198.6241423967
3670 14.9999110484655 114.991514366599 -1196.55793706394
3671 14.9998943776394 114.99153122436 -1198.93415942388
3672 14.9999237758882 114.991532964089 -1200.23430200744
3673 14.9998714738245 114.991535982391 -1201.67411773099
3674 14.9999262218918 114.991567956064 -1199.81252649739
3675 14.9999046917626 114.991549929818 -1201.64226013599
3676 14.9999078731655 114.991575885957 -1196.93552529336
3677 14.9999096116893 114.991580541519 -1199.81209249223
3678 14.9998959110889 114.991613742655 -1198.67905586965
3679 14.9999159978934 114.991631865938 -1202.62095246646
3680 14.9999057210482 114.99163291372 -1201.14058479526
3681 14.9999205608453 114.991646887156 -1199.35460516948
3682 14.9998923601297 114.99167953799 -1198.52799037717
3683 14.9998894781257 114.99167816455 -1198.93118043017
3684 14.9999199718977 114.991702575624 -1197.35309032095
3685 14.9999301183977 114.991686825735 -1201.1605314285
3686 14.999919423122 114.99172019692 -1201.02527269299
3687 14.9999020951775 114.991730860335 -1201.05498209021
3688 14.9999065776883 114.991780782503 -1201.02847529903
3689 14.9999001877658 114.991752299452 -1202.08611587437
3690 14.9998982056215 114.991779865747 -1202.39779360948
3691 14.9998828574887 114.991779156325 -1202.07527432724
3692 14.999890269519 114.991804413105 -1198.90853819836
3693 14.9998468751049 114.991844346492 -1199.13687337319
3694 14.9999403266087 114.991871150041 -1199.12340759873
3695 14.9998997744298 114.991860455888 -1201.37603643808
3696 14.9998842564322 114.991852987212 -1197.45521838548
3697 14.9998463966362 114.991878541108 -1198.51420166424
3698 14.9999290129407 114.991913920297 -1203.64463854709
3699 14.9998909552464 114.991926848421 -1197.47449170667
3700 14.999905787997 114.99189035076 -1199.94288372132
3701 14.9999161082206 114.991912936557 -1202.61512936461
3702 14.9999048751858 114.991941064626 -1197.10018997237
3703 14.9999073577423 114.991969969748 -1200.82420248679
3704 14.9999002894238 114.991950636276 -1200.15192483099
3705 14.9998781131225 114.991971995479 -1200.53506430354
3706 14.9999111556222 114.991960374926 -1200.97534573278
3707 14.9998963149217 114.99204575369 -1200.11978335687
3708 14.9999025201884 114.992031409041 -1200.75139536927
3709 14.9999067120085 114.992077034859 -1200.40845061611
3710 14.9998668012676 114.992074978688 -1200.11977274821
3711 14.9999173810736 114.992037198792 -1197.25390681151
3712 14.9999229080365 114.992085934785 -1202.35231171037
3713 14.9999082777299 114.992065857985 -1199.1345551626
3714 14.999894969586 114.992056325029 -1202.80256560248
3715 14.9999137771126 114.992098640657 -1201.9057355433
3716 14.9999106856622 114.992130870528 -1201.04110900584
3717 14.999897681603 114.992130202304 -1196.04610465947
3718 14.9998693206978 114.992146566175 -1198.24720490973
3719 14.9998884451138 114.992176701086 -1200.49916342826
3720 14.9999171441943 114.992185118402 -1201.23051156916
3721 14.9998851480654 114.992174214217 -1201.56266315108
3722 14.9999094325492 114.992221387252 -1195.82608826258
3723 14.9999396914297 114.992251401682 -1200.12808411169
3724 14.9998880448818 114.992242646464 -1201.59578595912
3725 14.9999014383451 114.992262280716 -1195.85707182498
3726 14.9999466911851 114.992286732936 -1202.03558996175
3727 14.9998937621426 114.99229831982 -1197.58305997271
3728 14.9999018605716 114.992320636324 -1198.31329924477
3729 14.999902207905 114.992291895193 -1198.67621119686
3730 14.9998892298223 114.992320409709 -1198.62212089377
3731 14.9998962603162 114.992354185941 -1196.48888860905
3732 14.999920945656 114.992358977042 -1201.59364650913
3733 14.9999233570307 114.992358722535 -1198.12043193184
3734 14.9999337246409 114.992371874906 -1201.16950055071
3735 14.9998796220207 114.992443341676 -1202.38053564598
3736 14.9998761106312 114.992425615132 -1203.83488863213
3737 14.9999111959096 114.992445410415 -1199.52410887227
3738 14.9999050972085 114.99245034865 -1197.41726425915
3739 14.999905642026 114.992474186188 -1198.72039229951
3740 14.9999351271665 114.992502721038 -1200.41526666451
3741 14.9999173510529 114.992486829506 -1201.40556405257
3742 14.9999016852188 114.992516867442 -1196.9646184314
3743 14.9999035883947 114.992534483585 -1200.13413947945
3744 14.9999111393626 114.992514012166 -1201.82433600948
3745 14.9999036195602 114.992521968089 -1199.01901767923
3746 14.9999123278644 114.992555831612 -1202.6011453014
3747 14.9998893118238 114.99252729153 -1198.27922755734
3748 14.9999125539634 114.992568395419 -1196.7202667371
3749 14.9999134584096 114.992630195704 -1202.85164474073
3750 14.9998624172177 114.99261773832 -1199.21178606313
3751 14.9999103082607 114.992611779065 -1200.7716929288
3752 14.9999314566474 114.992620928355 -1199.57152897306
3753 14.9999216528534 114.9926640641 -1197.6206406876
3754 14.9998881203876 114.99267101837 -1199.54513493686
3755 14.9999335546295 114.992687380548 -1205.38870419652
3756 14.9998985396316 114.992687558761 -1198.26418452585
3757 14.9998818384285 114.992687947892 -1202.90326835286
3758 14.9999188622486 114.992729415229 -1199.69088716812
3759 14.9999109734245 114.992764252916 -1200.96847876851
3760 14.9999097816677 114.992742906894 -1196.67845748727
3761 14.9998825445192 114.992773796644 -1198.8350923299
3762 14.9998916302831 114.992802354741 -1198.13077230486
3763 14.9998924481964 114.99282776042 -1198.3942435892
3764 14.9999038851584 114.992798671973 -1202.02667370958
3765 14.9998738764169 114.992821246074 -1202.72751130487
3766 14.9999164229739 114.992828232478 -1198.35106090512
3767 14.9999250654345 114.992852150368 -1201.84501981122
3768 14.9999005758464 114.992863157681 -1200.14264847842
3769 14.9999146106277 114.99286149406 -1199.7869925576
3770 14.9999209931711 114.992838441789 -1197.55876204385
3771 14.9999141991881 114.992919614646 -1200.46604024672
3772 14.999900874638 114.992936012136 -1199.69793112828
3773 14.999871972602 114.992922405946 -1200.09682442192
3774 14.999901377757 114.992927223843 -1202.26011849295
3775 14.9999147018948 114.992951379191 -1198.24309361058
3776 14.9998861621496 114.992980810634 -1200.01301989869
3777 14.9999190179001 114.992976764964 -1201.28284135848
3778 14.9999022634866 114.993008647012 -1202.58862547083
3779 14.9998828840836 114.993058568038 -1201.67836391834
3780 14.9998775302955 114.993035454847 -1200.44285806419
3781 14.9998742253175 114.993050398433 -1199.28053715335
3782 14.9999264289234 114.993076364127 -1199.6666040087
3783 14.9998869494684 114.993059248418 -1200.86507827233
3784 14.999889361349 114.993107794922 -1200.94898678316
3785 14.9999046764852 114.993079401468 -1199.57794063747
3786 14.9998832421425 114.993092320159 -1201.23857530458
3787 14.9998920537431 114.993148239585 -1201.92752414539
3788 14.9999457203045 114.993154498878 -1198.92041768762
3789 14.9999006462544 114.993164282137 -1199.78049150875
3790 14.9999118948476 114.993164749758 -1196.85338895331
3791 14.9999093528222 114.993212893048 -1197.57634497206
3792 14.9999025838864 114.993181388305 -1199.3538753211
3793 14.9999070738523 114.99325492572 -1196.56713157563
3794 14.9998671088078 114.993203021267 -1198.19908330568
3795 14.9998960020724 114.99322226847 -1198.70954786389
3796 14.9999174891712 114.993238423336 -1195.24991727158
3797 14.9999327604643 114.993248351896 -1199.93096574345
3798 14.9998762844527 114.993313480822 -1199.87143766028
3799 14.9999036514916 114.993333850277 -1203.57382351125
3800 14.9999156384957 114.993319265051 -1198.72800550617
3801 14.9998968066021 114.993324832778 -1199.53456005159
3802 14.9998931540724 114.993353325224 -1201.86369622653
3803 14.9999292997444 114.993348114532 -1198.5144805503
3804 14.9999428634211 114.993384297287 -1196.23836043262
3805 14.9999292665551 114.993393139587 -1196.11202418513
3806 14.9999025418106 114.993383183291 -1201.67676399987
3807 14.9999007221921 114.993374651288 -1198.64870836802
3808 14.9999325366542 114.993396914443 -1196.80916376458
3809 14.9999222929153 114.993423950126 -1199.50237032907
3810 14.9999038381201 114.993470683477 -1200.48941047292
3811 14.9998842460278 114.993465370475 -1197.21891562549
3812 14.9999245589912 114.993486048294 -1197.3176519425
3813 14.9998773904533 114.993488384955 -1198.57845773621
3814 14.9999219322971 114.993502272285 -1200.71797485585
3815 14.9999079687991 114.993510019939 -1198.09385855239
3816 14.9998978467949 114.993523548472 -1196.20754472154
3817 14.9998978306439 114.993545631691 -1201.57833783811
3818 14.9998971355735 114.993566631336 -1200.68219880084
3819 14.9999214085012 114.993555227399 -1199.15315272101
3820 14.9998798880668 114.993567218492 -1199.21180503621
3821 14.9999063994654 114.993590044915 -1200.33207977518
3822 14.9999361095636 114.993617564592 -1200.13096635981
3823 14.9998971986348 114.993618317065 -1201.67437645664
3824 14.9998981765876 114.993640523604 -1200.63425073621
3825 14.9998974906535 114.993649314176 -1198.4637613358
3826 14.999918193283 114.993670508118 -1197.30565651895
3827 14.9998909898974 114.993675545901 -1202.96742107416
3828 14.9999092506165 114.993702584746 -1200.69450190952
3829 14.9998959638053 114.993712494194 -1198.3930234488
3830 14.9999355898058 114.993711137406 -1203.23863786838
3831 14.9998996025879 114.993720307347 -1200.04115272621
3832 14.9998853492578 114.993739617946 -1199.60730036832
3833 14.9998750329994 114.993790382576 -1198.22264666023
3834 14.9999294030059 114.993787609366 -1196.22608470681
3835 14.9998958885549 114.993809969007 -1199.95638501052
3836 14.9999237553854 114.993776192908 -1204.2494219296
3837 14.9999013589557 114.993840618634 -1198.84733977213
3838 14.9999355619366 114.993813845566 -1200.90120086349
3839 14.9999126953754 114.993849761569 -1201.63525725122
3840 14.9999108968998 114.99387212714 -1200.18652734341
3841 14.9998938999699 114.993881428422 -1195.55401916792
3842 14.9999073172846 114.993885765565 -1198.8148964143
3843 14.9998981445132 114.993922117121 -1202.02506275471
3844 14.9998973084078 114.993925266166 -1197.4933502417
3845 14.9999036394924 114.993905323828 -1201.09447417824
3846 14.9999152278946 114.993923587046 -1198.89857505459
3847 14.9999045071919 114.993981416653 -1197.73405007638
3848 14.999889284997 114.99398178774 -1203.36571747344
3849 14.9999313804987 114.993985378908 -1198.9881427284
3850 14.9998894390311 114.993992612769 -1204.518181977
3851 14.9998892218852 114.994014182042 -1199.08181086778
3852 14.9998813143864 114.994022464199 -1201.28942320169
3853 14.9998707339781 114.9940674408 -1199.19966211558
3854 14.999887716906 114.99404324817 -1198.56488745506
3855 14.9999225185263 114.994082049381 -1200.61263033057
3856 14.9999083921335 114.994078112002 -1198.11085334865
3857 14.9999135483279 114.994106540776 -1201.85051329213
3858 14.9998952178326 114.994118593418 -1203.08738599305
3859 14.999897149721 114.99415808552 -1198.60524138594
3860 14.9998727506199 114.994186659866 -1196.87792188291
3861 14.9999203510483 114.994174422298 -1196.64590514671
3862 14.9999094787914 114.994150911798 -1201.62249635936
3863 14.9998840855964 114.994181547701 -1199.7594945209
3864 14.9999032940738 114.994207943301 -1200.51159974148
3865 14.9998738399407 114.994189893585 -1198.10195400059
3866 14.9998757381929 114.994272541526 -1203.4421374264
3867 14.9999109026322 114.994220733365 -1198.16384329919
3868 14.9998999564812 114.994231069275 -1202.33963951015
3869 14.9998915824662 114.994261416385 -1200.84585777613
3870 14.9999228595909 114.994274032245 -1199.96828711278
3871 14.9998955250824 114.99433605282 -1198.23559170603
3872 14.9999252105178 114.994300501572 -1199.62350040453
3873 14.9998924731863 114.994292605609 -1197.57605937963
3874 14.9999194863417 114.994367166142 -1199.84830613639
3875 14.9999176413098 114.994361228184 -1195.24923831288
3876 14.9999092132857 114.994357119348 -1198.30746533823
3877 14.9998895895619 114.99436214449 -1199.90130651405
3878 14.9998852834627 114.994388454511 -1203.75022068936
3879 14.9999015449255 114.994410018251 -1199.94012209172
3880 14.9999053163682 114.994460088326 -1199.17919181899
3881 14.9999016012632 114.99446312457 -1198.21956697683
3882 14.999925987963 114.994453887644 -1197.28766061349
3883 14.9999283794357 114.994439798781 -1199.31411569033
3884 14.9999038907632 114.994501025083 -1199.81758990274
3885 14.9999125544343 114.994492220455 -1201.1444843724
3886 14.9998949999683 114.99448825606 -1201.36636316775
3887 14.9999165541738 114.994539606752 -1198.98852135202
3888 14.9999254302063 114.994542205582 -1197.74854441079
3889 14.9999322335737 114.994547352422 -1201.86074551297
3890 14.999949440173 114.994588697677 -1200.62432979918
3891 14.9999164185435 114.994556761645 -1198.89085293691
3892 14.999887463356 114.994573316236 -1199.96639416959
3893 14.9998852070952 114.994600851234 -1197.67025345499
3894 14.9999161790462 114.99462904131 -1198.68793007844
3895 14.9998755570094 114.994638955472 -1200.92414560525
3896 14.9999263423872 114.994642263947 -1199.83722920411
3897 14.9998909405208 114.994632075504 -1202.69421335213
3898 14.9998963957481 114.994661041226 -1197.49110162955
3899 14.9999019143041 114.994673896277 -1199.63955543877
3900 14.9999162996508 114.994700743596 -1200.66467416429
3901 14.9998667742526 114.99469852926 -1199.87141026293
3902 14.9998885363715 114.99473318068 -1200.92373392344
3903 14.9999226309755 114.994776231987 -1201.94158492598
3904 14.999887389692 114.994787444797 -1201.53681781999
3905 14.9998977961881 114.994785453437 -1203.74395917844
3906 14.9999224411281 114.994821923996 -1198.34757033864
3907 14.9998959129372 114.994768424998 -1199.64093496884
3908 14.9999055654345 114.994833391916 -1197.98110297685
3909 14.9999107159247 114.994846312426 -1198.16519396173
3910 14.9998935668526 114.99481980139 -1199.67847059455
3911 14.9999005939321 114.994873008763 -1200.72847338154
3912 14.999895729066 114.994835650589 -1201.699574121
3913 14.9999007608478 114.994907715946 -1200.11975621908
3914 14.9999191068607 114.994889237182 -1200.01842300222
3915 14.9998902903747 114.994921935705 -1201.96120614807
3916 14.9999380331285 114.99494230259 -1202.66558110199
3917 14.999906225784 114.994959680669 -1199.9669501935
3918 14.9998885725996 114.99497280878 -1197.32336380592
3919 14.999864572771 114.994997090324 -1199.85714029278
3920 14.9998729268016 114.994990350927 -1200.78932942216
3921 14.9998919906788 114.995000746549 -1201.88473869078
3922 14.999904677032 114.994985951241 -1198.30879846059
3923 14.9999130085038 114.995023722244 -1196.05938583233
3924 14.9999201293897 114.995052353419 -1196.74757433134
3925 14.9998930825108 114.995045407825 -1198.29583787137
3926 14.9998682871945 114.995084214726 -1200.59248246424
3927 14.9998945970045 114.995063361087 -1201.64378045858
3928 14.9998788970025 114.99513029502 -1198.23072624598
3929 14.9998823134186 114.995101002243 -1199.26513182714
3930 14.9998994946105 114.995113749187 -1198.18955837185
3931 14.9999063873836 114.995137469565 -1202.71342294987
3932 14.9999033266868 114.995146792318 -1201.10777151149
3933 14.999911814731 114.995166916588 -1199.41958473258
3934 14.9999242293895 114.995160142532 -1195.72112851855
3935 14.9998817139492 114.995184523672 -1198.39668809713
3936 14.999882891592 114.995229531875 -1199.48343576154
3937 14.9998873813779 114.995224860651 -1204.16127837365
3938 14.9999076658027 114.995263727309 -1201.46858708776
3939 14.9998990205239 114.99523944221 -1200.89511894254
3940 14.999897071195 114.995247710858 -1200.5821746669
3941 14.999916164846 114.99528314078 -1201.69684810761
3942 14.9999045719454 114.995280684574 -1203.01097585585
3943 14.9998979170859 114.995334995236 -1196.78490579414
3944 14.9999293486245 114.995339748262 -1198.88474076192
3945 14.9998761800588 114.995330903536 -1195.69726352089
3946 14.9999060638514 114.995369903907 -1202.02740830288
3947 14.9998777614778 114.995381930736 -1201.39371775741
3948 14.9998788925604 114.995358760087 -1196.27193863674
3949 14.9999202751935 114.995363834961 -1199.93540367076
3950 14.9998827148355 114.995414145384 -1201.10730667343
3951 14.9998688315575 114.995445714726 -1201.00410419036
3952 14.9999081029892 114.995401615621 -1203.4398741727
3953 14.9999184322824 114.995447788713 -1200.95368604294
3954 14.9998953851387 114.995459370438 -1197.96064394072
3955 14.9998965592891 114.995482041422 -1194.47805998306
3956 14.999917458136 114.995476878758 -1198.86238652086
3957 14.9998939331204 114.995484341421 -1200.13940389642
3958 14.9999044024496 114.995486939175 -1200.72072864463
3959 14.9998947201651 114.99552561165 -1200.98742377997
3960 14.9999156354798 114.99555958421 -1204.64169028179
3961 14.999909870738 114.995553827763 -1199.36148372507
3962 14.999926561035 114.99557235839 -1201.50944311055
3963 14.9999216739127 114.995550990101 -1201.50277038974
3964 14.9999103891619 114.995583961547 -1198.03993847059
3965 14.9998920876689 114.995588269289 -1197.04337114343
3966 14.9998990505128 114.995622927085 -1201.15856818558
3967 14.9998944350722 114.995623413259 -1197.46004838212
3968 14.9999147269278 114.995672597061 -1198.60211659437
3969 14.9998772944097 114.995681398697 -1199.25236157029
3970 14.9998978435428 114.995652632688 -1199.5570280823
3971 14.9999148072239 114.995695053217 -1198.92251775114
3972 14.9998957802051 114.995717394264 -1198.86072772209
3973 14.9999201287984 114.995760944189 -1198.21264131986
3974 14.9999079951969 114.995722545087 -1204.67425153203
3975 14.9999194528017 114.995757993811 -1202.83750011002
3976 14.9999107167496 114.995779055654 -1198.85563669971
3977 14.9998987278709 114.995793853811 -1199.36909304811
3978 14.9999039484062 114.995825414744 -1200.20574877087
3979 14.9998953118337 114.995783965354 -1194.85410878672
3980 14.9999290121526 114.995792089435 -1197.97326672457
3981 14.9999219713354 114.995849797037 -1197.46651630368
3982 14.9999313480491 114.995847293201 -1198.52204219159
3983 14.9999421225342 114.995834454267 -1202.01250176678
3984 14.9999350655517 114.995903521769 -1199.74418865355
3985 14.9999131021099 114.995864903722 -1203.55000746419
3986 14.9999112047575 114.995882421302 -1204.00921132173
3987 14.9998851914198 114.995917679409 -1203.66830072391
3988 14.9999074118774 114.995924583941 -1200.57572090237
3989 14.9999068477058 114.995939490283 -1197.79091005411
3990 14.9999273489082 114.995977053089 -1202.61159128444
3991 14.999906208179 114.995967976191 -1201.69619535384
3992 14.9999066638774 114.995989487881 -1202.14886906948
3993 14.9998825465957 114.995976720106 -1198.6994115962
3994 14.9998775080557 114.996024560691 -1199.99863433759
3995 14.9998834354513 114.996047811891 -1200.82363690796
3996 14.9999037580737 114.996032211915 -1198.42643867843
3997 14.9999072227603 114.996046763118 -1202.67394102404
3998 14.9998920260714 114.996075171539 -1204.26070046643
3999 14.9998891448821 114.996103130396 -1197.95233767093
4000 14.9998998794384 114.996097523599 -1198.97765354001
4001 14.9999186392776 114.996095676239 -1198.72103842738
4002 14.9999207469876 114.996138571749 -1198.33633029378
4003 14.9998837047891 114.996171966674 -1197.74324549012
4004 14.9999031511889 114.996168687652 -1197.77347278363
4005 14.9998979082581 114.996192444936 -1201.95177120339
4006 14.9999073275644 114.99618116862 -1199.88191567211
4007 14.9999063786486 114.996178207282 -1199.75779786591
4008 14.9998966787537 114.996213738403 -1201.75602550951
4009 14.999911012404 114.996208223675 -1197.49631192528
4010 14.9998964387032 114.996265732805 -1203.02204652564
4011 14.999907972803 114.996288606301 -1202.9529966269
4012 14.9998856342524 114.996288746458 -1199.46828983913
4013 14.9999598361755 114.996288022123 -1202.04620253125
4014 14.999914271923 114.996257232851 -1199.39287829712
4015 14.9998960137744 114.996318498438 -1202.76709841549
4016 14.9999203444243 114.996324750904 -1196.06120995902
4017 14.9999253884488 114.996314306157 -1201.40413906191
4018 14.9999110563594 114.996340947497 -1199.90609365147
4019 14.9999205429601 114.996342056372 -1199.46750742208
4020 14.9999125980993 114.996391201642 -1198.56524934373
4021 14.9999129741662 114.996396379388 -1197.95270596419
4022 14.9999082521855 114.996426036478 -1197.66704950706
4023 14.9998806108979 114.996405189626 -1199.56294907761
4024 14.9999041570883 114.996421618456 -1198.7360689609
4025 14.9999270806443 114.996443934098 -1202.40829430272
4026 14.9999097413556 114.996473483807 -1199.0930963741
4027 14.9999198507785 114.99647899356 -1200.12378581686
4028 14.9998887063489 114.996507483227 -1204.59564171849
4029 14.9998849878292 114.996533344591 -1197.81484630336
4030 14.9999245675055 114.996524535293 -1200.25278949533
4031 14.999904429667 114.996521279871 -1199.07724098037
4032 14.9999165425032 114.996531330875 -1201.60637069946
4033 14.9999103978572 114.996574238707 -1201.60398625991
4034 14.9998856124033 114.996591569563 -1204.71023217206
4035 14.9998945705605 114.996592973 -1203.50235519195
4036 14.9998867136952 114.996602037677 -1198.1490053623
4037 14.9998990013818 114.996609977381 -1197.05570572783
4038 14.9999125164524 114.996644730858 -1198.98668670604
4039 14.9999264000265 114.99662868699 -1203.5457680589
4040 14.9998889637194 114.996679962195 -1199.07887858274
4041 14.9999009924917 114.996661982539 -1200.46514479023
4042 14.9999231037499 114.99668166201 -1197.79510139813
4043 14.9998996101522 114.996728037007 -1199.76056319217
4044 14.9998772082258 114.996715819169 -1198.0775926116
4045 14.9998929112816 114.996732908876 -1199.06425039672
4046 14.9999065535347 114.99675835911 -1198.51876428726
4047 14.9998965661177 114.996755325125 -1200.72485627074
4048 14.9999129625413 114.996751746835 -1200.77547525869
4049 14.9999002731865 114.996792309662 -1200.35722044683
4050 14.9998966589304 114.996787137737 -1197.00658510209
4051 14.9998729158308 114.996823036388 -1199.26046231759
4052 14.9998945002945 114.996814372738 -1203.22836622083
4053 14.9999219509153 114.996825717632 -1198.40771992765
4054 14.9999161448209 114.996847641559 -1200.92607358374
4055 14.9999049686102 114.996905088195 -1200.81428794962
4056 14.9998878206955 114.996897625293 -1198.07337129081
4057 14.9999089601068 114.996879905528 -1197.52431273
4058 14.9999053551731 114.996893283525 -1200.93668479821
4059 14.999908284497 114.996932486645 -1201.62379755125
4060 14.9998898607956 114.996933831245 -1200.15636147182
4061 14.9999314815761 114.996962070237 -1196.70304914098
4062 14.9999199940635 114.996967225463 -1197.39161757029
4063 14.9998808745556 114.996970192376 -1197.25005732454
4064 14.9999253322134 114.996999037785 -1198.7726660874
4065 14.9999193827846 114.997001130177 -1198.08485197856
4066 14.9999142619388 114.996982344429 -1199.07611109267
4067 14.9999031335697 114.997032193039 -1198.6307318065
4068 14.9998775139375 114.997051576645 -1200.61706929033
4069 14.9998998217234 114.997056295795 -1204.37224370314
4070 14.9998975509404 114.997064198643 -1201.27784046929
4071 14.9998950441143 114.997074560407 -1197.46513220718
4072 14.9999390914298 114.997097922112 -1203.84217450543
4073 14.9998927339755 114.997087039087 -1199.94923163379
4074 14.9998957659442 114.997137365985 -1199.11762076863
4075 14.9999107873552 114.997167054645 -1203.44839132719
4076 14.9999077553402 114.997156709286 -1204.96505219588
4077 14.9999048215223 114.997181723219 -1200.69498377773
4078 14.9999483802817 114.997176815938 -1201.25684509821
4079 14.9999074143001 114.997204937747 -1197.46967935785
4080 14.9998995399279 114.997185523326 -1203.2848955158
4081 14.9999218796942 114.997226790892 -1200.30716568963
4082 14.9999448334721 114.997255345409 -1200.79837313282
4083 14.9998746432382 114.997286502639 -1199.68281778207
4084 14.999895839095 114.997248883134 -1204.0101295929
4085 14.9999001114859 114.997299005315 -1201.7918135716
4086 14.9998957250426 114.997270463464 -1197.98607112823
4087 14.9999032054891 114.997338879953 -1198.82360262747
4088 14.9998989963516 114.997304856613 -1199.11995066041
4089 14.9999213050614 114.997308272378 -1197.78664744848
4090 14.9999184017988 114.997320268226 -1199.85771407184
4091 14.9998863842262 114.997393401138 -1200.02728763109
4092 14.9999374783478 114.997391084067 -1201.92876852975
4093 14.999905211023 114.997393257969 -1199.3691816596
4094 14.9998957752762 114.997400986862 -1198.26106271643
4095 14.9998906253481 114.997431322905 -1199.03240074013
4096 14.9999238563064 114.997449089951 -1205.11441410122
4097 14.9999148150891 114.997445907369 -1200.05493861464
4098 14.9999053319966 114.997465941656 -1199.95429106059
4099 14.9999001703372 114.997461811517 -1196.09084204588
4100 14.999892850683 114.997480438355 -1198.92456735884
4101 14.9999236261999 114.997532244444 -1202.06674098727
4102 14.9998921291264 114.997500640475 -1199.65418167581
4103 14.9998946388435 114.997540045028 -1200.2316638367
4104 14.9999085844529 114.997560823662 -1201.92646594939
4105 14.9998926189001 114.997552091602 -1197.02827421369
4106 14.9999039366022 114.997588501393 -1202.03377838315
4107 14.9998931759957 114.997568147365 -1201.762254601
4108 14.9998889519992 114.997638406331 -1200.53959569748
4109 14.99990418816 114.99760516859 -1199.57546766932
4110 14.999921892035 114.997612658262 -1202.02259439655
4111 14.9999163218769 114.997639627391 -1203.12303296502
4112 14.9998891327843 114.997632868596 -1199.22383044202
4113 14.9999291520868 114.997680889268 -1198.82510098975
4114 14.9998748028106 114.997686841243 -1201.43778582054
4115 14.9998868958998 114.997724777925 -1199.19983190108
4116 14.9999295490736 114.99768720216 -1200.19519497266
4117 14.9999181535513 114.997716414666 -1201.63901774956
4118 14.999898815316 114.997768740944 -1199.23257933882
4119 14.9999009402375 114.997765772641 -1201.87987973393
4120 14.9998874655378 114.997799583488 -1197.31204965343
4121 14.9999109130438 114.997802590689 -1196.54130294497
4122 14.9998780301045 114.997772636373 -1200.08378060196
4123 14.9999150663542 114.997810401797 -1202.20519996834
4124 14.9998943564408 114.997852592853 -1201.8411934416
4125 14.9999086676904 114.997854392663 -1201.98500909484
4126 14.9998741673254 114.997848388566 -1203.92301301251
4127 14.999890471144 114.997891753852 -1201.92844686458
4128 14.9999159559547 114.997893985755 -1198.46091600896
4129 14.9998795320728 114.997942218608 -1200.74945472553
4130 14.9998978896182 114.997938743047 -1201.83264382338
4131 14.9998633264686 114.997912095094 -1202.27529631259
4132 14.9999296492092 114.997940061572 -1200.50750637188
4133 14.9999206205708 114.997945409027 -1198.31090937529
4134 14.999888801749 114.997976730116 -1199.53211359328
4135 14.9998829992539 114.997994826589 -1199.115098291
4136 14.9999050558822 114.99802117375 -1199.22295658318
4137 14.9998585926878 114.99798869447 -1201.16529078283
4138 14.9998925928565 114.998042332408 -1197.64867889326
4139 14.999927570144 114.997997585697 -1199.38956762492
4140 14.9998869039534 114.998050663555 -1198.97265948974
4141 14.9999014060882 114.998064144079 -1202.5039039586
4142 14.9998920812573 114.998090976026 -1203.38690041564
4143 14.9999341253598 114.998074650104 -1198.38923233619
4144 14.9999008282644 114.998129074638 -1199.76970955698
4145 14.9998779693507 114.998116410651 -1199.94599640648
4146 14.9998691186239 114.998177054498 -1201.04569039906
4147 14.9999139399385 114.998152433052 -1203.01682848204
4148 14.9999090602406 114.998180999877 -1198.90077125725
4149 14.9998950411 114.998186073568 -1197.66284084033
4150 14.9999026269267 114.998218213639 -1201.71107502055
4151 14.999886745807 114.998216274271 -1199.39775397024
4152 14.9999261242915 114.998214987214 -1197.07357230233
4153 14.9998996581731 114.998250683461 -1201.07574784713
4154 14.9999067338402 114.998241440272 -1196.91424778651
4155 14.9998934816743 114.99825202915 -1202.17939438199
4156 14.9999081036997 114.998286017584 -1201.26512291125
4157 14.9998899568163 114.998281759388 -1200.7598758237
4158 14.999936491683 114.998260183405 -1204.74148709564
4159 14.9998818245054 114.998298859562 -1201.04874789139
4160 14.9999058340266 114.998337421773 -1197.27506699311
4161 14.9999257634588 114.998346977767 -1204.23387324809
4162 14.9998982748125 114.998357102746 -1198.51587010069
4163 14.9999084929421 114.99836856032 -1202.22922725383
4164 14.9999316694055 114.998395754414 -1199.08852433248
4165 14.9998957487174 114.998397791407 -1198.62026767444
4166 14.9998771579179 114.998419894339 -1202.94931293336
4167 14.9999217441935 114.9984385642 -1200.00716856629
4168 14.9999042834207 114.998449719192 -1198.37378067493
4169 14.9998998864285 114.998432127278 -1197.77889283002
4170 14.9998897416878 114.998479919662 -1199.78043032825
4171 14.9999179927917 114.998488235138 -1201.71298950529
4172 14.9999089192999 114.998490779193 -1199.45707967666
4173 14.999919822924 114.99849028692 -1199.13401289165
4174 14.9998909298707 114.99851271169 -1200.34933708108
4175 14.9998973708718 114.998517854083 -1199.2724663801
4176 14.9998871690781 114.998554271879 -1199.77774304118
4177 14.9999225505063 114.998581237322 -1199.6109200342
4178 14.999897633109 114.998572240091 -1200.10093404884
4179 14.9998826179224 114.998591414707 -1202.09650911742
4180 14.9999218984798 114.998602909273 -1200.41679651722
4181 14.9999026123798 114.998623708897 -1205.62608121065
4182 14.999903697403 114.998635717785 -1198.94146949416
4183 14.9998871898469 114.998637676605 -1200.92162583832
4184 14.9998770659934 114.998654999271 -1199.38344069026
4185 14.9999145306078 114.998666252145 -1198.78937692979
4186 14.9998809596656 114.998711514771 -1204.11989930451
4187 14.999914002238 114.99867471292 -1196.79874902051
4188 14.9999028491613 114.998714110424 -1199.0466874029
4189 14.9998946954987 114.998725951293 -1203.38071549197
4190 14.9999265769616 114.998739579427 -1201.10324959727
4191 14.999908336353 114.998761986133 -1201.86211514374
4192 14.9999174324358 114.998785657141 -1203.86409523853
4193 14.9998878506465 114.998792961321 -1196.72250172796
4194 14.9999199224698 114.998817460858 -1196.08009099028
4195 14.9999125582385 114.998800666473 -1199.20916520513
4196 14.9998960325979 114.998828454704 -1199.79302425626
4197 14.9999146197074 114.998821182457 -1200.49779848939
4198 14.9999185419958 114.998850744884 -1199.65724686341
4199 14.9999118421899 114.998895858659 -1198.55652121211
4200 14.9999121646714 114.998895695393 -1195.62379311815
4201 14.9999014128259 114.998921680682 -1196.53595936989
4202 14.9998995711335 114.998944986355 -1196.96053947459
4203 14.9998907944645 114.998944293064 -1197.69106521225
4204 14.9999108280571 114.998973210394 -1202.81162651249
4205 14.9999243936136 114.998933908405 -1199.275356949
4206 14.9999007217453 114.998944229977 -1202.59044056462
4207 14.9998814363697 114.999003549743 -1197.79106847655
4208 14.9998938338922 114.99902506294 -1200.38191685248
4209 14.9998790753717 114.999043820278 -1198.86765828248
4210 14.99988630546 114.999054988061 -1201.20212305662
4211 14.9999222171724 114.999049060649 -1200.36274694268
4212 14.9999232742277 114.999067902077 -1199.10584733462
4213 14.9998969411926 114.999072157467 -1200.73125639636
4214 14.9998787737732 114.999122056006 -1201.1458112124
4215 14.9998924427544 114.999079093848 -1197.42755655778
4216 14.9998948335053 114.999136718347 -1201.89190597705
4217 14.999881721903 114.999138181349 -1197.94872495057
4218 14.9999014837879 114.999137357659 -1197.60676929039
4219 14.9999023740009 114.999156070773 -1199.14736127395
4220 14.999895117306 114.999220566237 -1202.98721899554
4221 14.9999189307604 114.999137018652 -1202.60779121194
4222 14.9999147934159 114.999205614645 -1200.66492260748
4223 14.9998885558199 114.999190343482 -1200.3502150236
4224 14.9999125216415 114.999221804587 -1199.81473061635
4225 14.9999041349004 114.999251169384 -1201.49390452615
4226 14.9999195367431 114.99924974667 -1202.17388806552
4227 14.9998957967818 114.999270417001 -1202.69327822804
4228 14.9999050284531 114.999297910734 -1200.85948791359
4229 14.9999188584048 114.999285304203 -1202.83876358282
4230 14.9998783358403 114.999310960466 -1197.09836205759
4231 14.9999208360368 114.999315707953 -1199.96654968233
4232 14.9999160493387 114.999344989857 -1201.57465787311
4233 14.9999057394953 114.999342631985 -1200.67685640194
4234 14.9999060997767 114.999343639294 -1197.9774802104
4235 14.9999143451838 114.999361757697 -1200.31225461847
4236 14.9999154776463 114.999376190108 -1198.17690171964
4237 14.9999126032072 114.999400632408 -1201.42798849325
4238 14.9998983664113 114.999391203339 -1200.70759337841
4239 14.9998944346028 114.999422145651 -1201.29472187686
4240 14.9998890627281 114.999443363511 -1200.21825111634
4241 14.9998898914413 114.999487498647 -1202.11399461243
4242 14.9999140976136 114.999494427942 -1195.51445730093
4243 14.9998800195875 114.999488431037 -1201.25716855209
4244 14.9998949584505 114.999505772649 -1199.25893232668
4245 14.9999154129423 114.999523869897 -1195.40604795126
4246 14.9998994547159 114.99951432421 -1202.68229761823
4247 14.9999043012337 114.999532501247 -1200.86445345831
4248 14.9998845739553 114.999600727073 -1199.9309954054
4249 14.9999188852182 114.999577035754 -1200.10366768112
4250 14.9999361549022 114.999595031247 -1199.54324108446
4251 14.9999082990525 114.999593319333 -1199.96584783557
4252 14.9999135262002 114.999643135277 -1198.43379634132
4253 14.9999023564447 114.999641529382 -1201.13492878158
4254 14.9999149891593 114.99967528841 -1199.94777024068
4255 14.9999013113154 114.999662571395 -1199.33181044338
4256 14.9999012807502 114.999662651561 -1197.26962323354
4257 14.9998873432307 114.999686171774 -1197.10660192154
4258 14.9999077820816 114.999712718092 -1200.50318825624
4259 14.9998936272229 114.999706443432 -1197.66993340039
4260 14.999910695686 114.999721556663 -1201.35749645409
4261 14.9999179944701 114.999744762159 -1198.58787084937
4262 14.9999073931097 114.999755775303 -1203.80428161556
4263 14.9999292964382 114.999778658807 -1199.16482701249
4264 14.9999321065832 114.999788407844 -1199.48034665585
4265 14.9998828022707 114.999811347962 -1202.75554948701
4266 14.9999405012127 114.999761088134 -1200.99814613796
4267 14.9999067630007 114.999821853865 -1203.31924418203
4268 14.9999271127413 114.999869560257 -1201.22608882808
4269 14.9999269322476 114.999866818089 -1202.62248752456
4270 14.9998789808957 114.999845876004 -1197.80663165737
4271 14.9999299136645 114.999886974958 -1199.86157453192
4272 14.9999141156725 114.99990557053 -1199.65781713413
4273 14.9998974513073 114.999883889283 -1200.20564640915
4274 14.9998738900753 114.999911129236 -1200.22524453553
4275 14.9998915321382 114.999926109704 -1200.20591017432
