210266.59 8660.25403784439 8660.25403784439 0.631999638908327 2.1043323990542 1.07390108875211
210267.59 8660.25360965193 8660.25360965193 0.631999638908327 2.1043323990542 1.07390108875211
210268.59 8660.25121691492 8660.25121691492 0.631999638908327 2.1043323990542 1.07390108875211
210269.59 8660.25060237407 8660.25060237407 0.631999638908327 2.1043323990542 1.07390108875211
210270.59 8660.25133783635 8660.25133783635 0.631999638908327 2.1043323990542 1.07390108875211
210271.59 8660.25238056973 8660.25238056973 0.631999638908327 2.1043323990542 1.07390108875211
210272.59 8660.25342330314 8660.25342330314 0.631999638908327 2.1043323990542 1.07390108875211
210273.59 8660.25207329959 8660.25207329959 0.631999638908327 2.1043323990542 1.07390108875211
210274.59 8660.25268784075 8660.25268784075 0.631999638908327 2.1043323990542 1.07390108875211
210275.59 8660.25299511106 8660.25299511106 0.631999638908327 2.1043323990542 1.07390108875211
210276.59 8660.25330238145 8660.25330238145 0.631999638908327 2.1043323990542 1.07390108875211
210277.59 8660.25330238145 8660.25330238145 0.631999638908327 2.1043323990542 1.07390108875211
210278.59 8660.25195237774 8660.25195237774 0.631999638908327 2.1043323990542 1.07390108875211
210279.59 8660.24274419992 8660.24274419992 0.631999638908327 2.1043323990542 1.07390108875211
210280.59 8660.03441330831 8660.03441330831 0.631999638908327 2.1043323990542 1.07390108875211
210281.59 8659.54809542485 8659.54809542485 0.631999638908327 2.1043323990542 1.07390108875211
210282.59 8658.73359276808 8658.73359276808 0.631999638908327 2.1043323990542 1.07390108875211
210283.59 8657.52766971358 8657.52766971358 0.631999638908327 2.1043323990542 1.07390108875211
210284.59 8655.91276985813 8655.91276985813 0.631999638908327 2.1043323990542 1.07390108875211
210285.59 8653.47689582683 8653.47689582683 0.631999638908327 2.1043323990542 1.07390108875211
210286.59 8650.22853415428 8650.22853415428 0.631999638908327 2.1043323990542 1.07390108875211
210287.59 8646.35535107678 8646.35535107678 0.631999638908327 2.1043323990542 1.07390108875211
210288.59 8642.11225565822 8642.11225565822 0.631999638908327 2.1043323990542 1.07390108875211
210289.59 8637.44143160291 8637.44143160291 0.631999638908327 2.1043323990542 1.07390108875211
210290.59 8632.31566495681 8632.31566495681 0.631999638908327 2.1043323990542 1.07390108875211
210291.59 8626.90134516029 8626.90134516029 0.631999638908327 2.1043323990542 1.07390108875211
210292.59 8621.25205245394 8621.25205245394 0.631999638908327 2.1043323990542 1.07390108875211
210293.59 8615.38112425249 8615.38112425249 0.631999638908327 2.1043323990542 1.07390108875211
210294.59 8609.29451264391 8609.29451264391 0.631999638908327 2.1043323990542 1.07390108875211
210295.59 8603.12519315352 8603.12519315352 0.631999638908327 2.1043323990542 1.07390108875211
210296.59 8596.89400460196 8596.89400460196 0.631999638908327 2.1043323990542 1.07390108875211
210297.59 8590.61033148152 8590.61033148152 0.631999638908327 2.1043323990542 1.07390108875211
210298.59 8584.35569203492 8584.35569203492 0.631999638908327 2.1043323990542 1.07390108875211
210299.59 8578.25937008027 8578.25937008027 0.631999638908327 2.1043323990542 1.07390108875211
210300.59 8572.37818105395 8572.37818105395 0.631999638908327 2.1043323990542 1.07390108875211
210301.59 8566.80331710498 8566.80331710498 0.631999638908327 2.1043323990542 1.07390108875211
210302.59 8561.55565470813 8561.55565470813 0.631999638908327 2.1043323990542 1.07390108875211
210303.59 8556.64554472631 8556.64554472631 0.631999638908327 2.1043323990542 1.07390108875211
210304.59 8552.07952259693 8552.07952259693 0.631999638908327 2.1043323990542 1.07390108875211
210305.59 8547.83618554613 8547.83618554613 0.631999638908327 2.1043323990542 1.07390108875211
210306.59 8543.82533490888 8543.82533490888 0.631999638908327 2.1043323990542 1.07390108875211
210307.59 8539.99729330909 8539.99729330909 0.631999638908327 2.1043323990542 1.07390108875211
210308.59 8536.34308858104 8536.34308858104 0.631999638908327 2.1043323990542 1.07390108875211
210309.59 8532.88665017483 8532.88665017483 0.631999638908327 2.1043323990542 1.07390108875211
210310.59 8529.74910153889 8529.74910153889 0.631999638908327 2.1043323990542 1.07390108875211
210311.59 8527.03761149095 8527.03761149095 0.631999638908327 2.1043323990542 1.07390108875211
210312.59 8524.69382680591 8524.69382680591 0.631999638908327 2.1043323990542 1.07390108875211
210313.59 8522.68038525212 8522.68038525212 0.631999638908327 2.1043323990542 1.07390108875211
210314.59 8520.99000007953 8520.99000007953 0.631999638908327 2.1043323990542 1.07390108875211
210315.59 8519.62317428375 8519.62317428375 0.631999638908327 2.1043323990542 1.07390108875211
210316.59 8518.5444110913 8518.5444110913 0.631999638908327 2.1043323990542 1.07390108875211
210317.59 8517.62978262563 8517.62978262563 0.631999638908327 2.1043323990542 1.07390108875211
210318.59 8516.75883495064 8516.75883495064 0.631999638908327 2.1043323990542 1.07390108875211
210319.59 8515.92468959275 8515.92468959275 0.631999638908327 2.1043323990542 1.07390108875211
210320.59 8515.12375106828 8515.12375106828 0.631999638908327 2.1043323990542 1.07390108875211
210321.59 8514.40008723018 8514.40008723018 0.631999638908327 2.1043323990542 1.07390108875211
210322.59 8513.8470530934 8513.8470530934 0.631999638908327 2.1043323990542 1.07390108875211
210323.59 8513.44580877175 8513.44580877175 0.631999638908327 2.1043323990542 1.07390108875211
210324.59 8513.17288987844 8513.17288987844 0.631999638908327 2.1043323990542 1.07390108875211
210325.59 8513.02933666662 8513.02933666662 0.631999638908327 2.1043323990542 1.07390108875211
210326.59 8513.01126343814 8513.01126343814 0.631999638908327 2.1043323990542 1.07390108875211
210327.59 8513.00991853802 8513.00991853802 0.631999638908327 2.1043323990542 1.07390108875211
210328.59 8513.00827551796 8513.00827551796 0.631999638908327 2.1043323990542 1.07390108875211
210329.59 8513.00663249886 8513.00663249886 0.631999638908327 2.1043323990542 1.07390108875211
210330.59 8513.00633437986 8513.00633437986 0.631999638908327 2.1043323990542 1.07390108875211
210331.59 8513.00633437986 8513.00633437986 0.631999638908327 2.1043323990542 1.07390108875211
210332.59 8513.00633437986 8513.00633437986 0.631999638908327 2.1043323990542 1.07390108875211
210333.59 8513.00633437986 8513.00633437986 0.631999638908327 2.1043323990542 1.07390108875211
210334.59 8513.00663249886 8513.00663249886 0.631999638908327 2.1043323990542 1.07390108875211
210335.59 8513.00827551796 8513.00827551796 0.631999638908327 2.1043323990542 1.07390108875211
210336.59 8513.00991853802 8513.00991853802 0.631999638908327 2.1043323990542 1.07390108875211
210337.59 8513.01156155753 8513.01156155753 0.631999638908327 2.1043323990542 1.07390108875211
210338.59 8513.01350269762 8513.01350269762 0.631999638908327 2.1043323990542 1.07390108875211
210339.59 8513.0161924976 8513.0161924976 0.631999638908327 2.1043323990542 1.07390108875211
210340.59 8512.93866588939 8512.93866588939 0.631999638908327 2.1043323990542 1.07390108875211
210341.59 8512.30322940145 8512.30322940145 0.631999638908327 2.1043323990542 1.07390108875211
210342.59 8510.96536731414 8510.96536731414 0.631999638908327 2.1043323990542 1.07390108875211
210343.59 8508.79699072401 8508.79699072401 0.631999638908327 2.1043323990542 1.07390108875211
210344.59 8506.11011041671 8506.11011041671 0.631999638908327 2.1043323990542 1.07390108875211
210345.59 8503.40690795674 8503.40690795674 0.631999638908327 2.1043323990542 1.07390108875211
210346.59 8500.82333362686 8500.82333362686 0.631999638908327 2.1043323990542 1.07390108875211
210347.59 8498.23171946793 8498.23171946793 0.631999638908327 2.1043323990542 1.07390108875211
210348.59 8495.53256596542 8495.53256596542 0.631999638908327 2.1043323990542 1.07390108875211
210349.59 8492.60243280837 8492.60243280837 0.631999638908327 2.1043323990542 1.07390108875211
210350.59 8489.7919102824 8489.7919102824 0.631999638908327 2.1043323990542 1.07390108875211
210351.59 8487.16993969624 8487.16993969624 0.631999638908327 2.1043323990542 1.07390108875211
210352.59 8484.71484974375 8484.71484974375 0.631999638908327 2.1043323990542 1.07390108875211
210353.59 8482.61871305385 8482.61871305385 0.631999638908327 2.1043323990542 1.07390108875211
210354.59 8481.90140317533 8481.90140317533 0.631999638908327 2.1043323990542 1.07390108875211
210355.59 8483.36986911638 8483.36986911638 0.631999638908327 2.1043323990542 1.07390108875211
210356.59 8486.6595261079 8486.6595261079 0.631999638908327 2.1043323990542 1.07390108875211
210357.59 8491.1116233603 8491.1116233603 0.631999638908327 2.1043323990542 1.07390108875211
210358.59 8496.38016462895 8496.38016462895 0.631999638908327 2.1043323990542 1.07390108875211
210359.59 8502.12634627234 8502.12634627234 0.631999638908327 2.1043323990542 1.07390108875211
210360.59 8508.1736777493 8508.1736777493 0.631999638908327 2.1043323990542 1.07390108875211
210361.59 8514.56989897216 8514.56989897216 0.631999638908327 2.1043323990542 1.07390108875211
210362.59 8521.46497138637 8521.46497138637 0.631999638908327 2.1043323990542 1.07390108875211
210363.59 8528.71520197794 8528.71520197794 0.631999638908327 2.1043323990542 1.07390108875211
210364.59 8536.23809217029 8536.23809217029 0.631999638908327 2.1043323990542 1.07390108875211
210365.59 8544.01091606029 8544.01091606029 0.631999638908327 2.1043323990542 1.07390108875211
210366.59 8552.04949050696 8552.04949050696 0.631999638908327 2.1043323990542 1.07390108875211
210367.59 8560.30197662825 8560.30197662825 0.631999638908327 2.1043323990542 1.07390108875211
210368.59 8568.85111316398 8568.85111316398 0.631999638908327 2.1043323990542 1.07390108875211
210369.59 8577.68573829345 8577.68573829345 0.631999638908327 2.1043323990542 1.07390108875211
210370.59 8586.65874264135 8586.65874264135 0.631999638908327 2.1043323990542 1.07390108875211
210371.59 8595.66182368666 8595.66182368666 0.631999638908327 2.1043323990542 1.07390108875211
210372.59 8604.80345536509 8604.80345536509 0.631999638908327 2.1043323990542 1.07390108875211
210373.59 8614.07447914496 8614.07447914496 0.631999638908327 2.1043323990542 1.07390108875211
210374.59 8623.43134817169 8623.43134817169 0.631999638908327 2.1043323990542 1.07390108875211
210375.59 8632.75487435813 8632.75487435813 0.631999638908327 2.1043323990542 1.07390108875211
210376.59 8642.01148761399 8642.01148761399 0.631999638908327 2.1043323990542 1.07390108875211
210377.59 8651.25481337739 8651.25481337739 0.631999638908327 2.1043323990542 1.07390108875211
210378.59 8660.51429004573 8660.51429004573 0.631999638908327 2.1043323990542 1.07390108875211
210379.59 8669.79291410087 8669.79291410087 0.631999638908327 2.1043323990542 1.07390108875211
210380.59 8679.1161834018 8679.1161834018 0.631999638908327 2.1043323990542 1.07390108875211
210381.59 8688.49769940832 8688.49769940832 0.631999638908327 2.1043323990542 1.07390108875211
210382.59 8697.92198694301 8697.92198694301 0.631999638908327 2.1043323990542 1.07390108875211
210383.59 8707.37414781832 8707.37414781832 0.631999638908327 2.1043323990542 1.07390108875211
210384.59 8716.8695076247 8716.8695076247 0.631999638908327 2.1043323990542 1.07390108875211
210385.59 8726.40554098532 8726.40554098532 0.631999638908327 2.1043323990542 1.07390108875211
210386.59 8735.9084345397 8735.9084345397 0.631999638908327 2.1043323990542 1.07390108875211
210387.59 8745.38856572732 8745.38856572732 0.631999638908327 2.1043323990542 1.07390108875211
210388.59 8754.83150376524 8754.83150376524 0.631999638908327 2.1043323990542 1.07390108875211
210389.59 8764.22996924208 8764.22996924208 0.631999638908327 2.1043323990542 1.07390108875211
210390.59 8773.58415300476 8773.58415300476 0.631999638908327 2.1043323990542 1.07390108875211
210391.59 8782.89397451569 8782.89397451569 0.631999638908327 2.1043323990542 1.07390108875211
210392.59 8792.14682600546 8792.14682600546 0.631999638908327 2.1043323990542 1.07390108875211
210393.59 8801.40560145736 8801.40560145736 0.631999638908327 2.1043323990542 1.07390108875211
210394.59 8810.67387753535 8810.67387753535 0.631999638908327 2.1043323990542 1.07390108875211
210395.59 8819.93452759377 8819.93452759377 0.631999638908327 2.1043323990542 1.07390108875211
210396.59 8829.20112406544 8829.20112406544 0.631999638908327 2.1043323990542 1.07390108875211
210397.59 8838.530457866 8838.530457866 0.631999638908327 2.1043323990542 1.07390108875211
210398.59 8847.94336642708 8847.94336642708 0.631999638908327 2.1043323990542 1.07390108875211
210399.59 8857.45262815611 8857.45262815611 0.631999638908327 2.1043323990542 1.07390108875211
210400.59 8867.05399884745 8867.05399884745 0.631999638908327 2.1043323990542 1.07390108875211
210401.59 8876.72329671523 8876.72329671523 0.631999638908327 2.1043323990542 1.07390108875211
210402.59 8886.47253970748 8886.47253970748 0.631999638908327 2.1043323990542 1.07390108875211
210403.59 8896.28327308592 8896.28327308592 0.631999638908327 2.1043323990542 1.07390108875211
210404.59 8906.14134560393 8906.14134560393 0.631999638908327 2.1043323990542 1.07390108875211
210405.59 8916.0959250954 8916.0959250954 0.631999638908327 2.1043323990542 1.07390108875211
210406.59 8926.09856788603 8926.09856788603 0.631999638908327 2.1043323990542 1.07390108875211
210407.59 8936.10246967184 8936.10246967184 0.631999638908327 2.1043323990542 1.07390108875211
210408.59 8946.04620381927 8946.04620381927 0.631999638908327 2.1043323990542 1.07390108875211
210409.59 8955.88565380787 8955.88565380787 0.631999638908327 2.1043323990542 1.07390108875211
210410.59 8965.62144546035 8965.62144546035 0.631999638908327 2.1043323990542 1.07390108875211
210411.59 8975.25910959157 8975.25910959157 0.631999638908327 2.1043323990542 1.07390108875211
210412.59 8984.75242115566 8984.75242115566 0.631999638908327 2.1043323990542 1.07390108875211
210413.59 8994.00274730059 8994.00274730059 0.631999638908327 2.1043323990542 1.07390108875211
210414.59 9003.00454311424 9003.00454311424 0.631999638908327 2.1043323990542 1.07390108875211
210415.59 9011.79530898741 9011.79530898741 0.631999638908327 2.1043323990542 1.07390108875211
210416.59 9020.44443160263 9020.44443160263 0.631999638908327 2.1043323990542 1.07390108875211
210417.59 9028.98880791978 9028.98880791978 0.631999638908327 2.1043323990542 1.07390108875211
210418.59 9037.47243127149 9037.47243127149 0.631999638908327 2.1043323990542 1.07390108875211
210419.59 9045.85649115294 9045.85649115294 0.631999638908327 2.1043323990542 1.07390108875211
210420.59 9053.98857015724 9053.98857015724 0.631999638908327 2.1043323990542 1.07390108875211
210421.59 9061.85946687416 9061.85946687416 0.631999638908327 2.1043323990542 1.07390108875211
210422.59 9069.50565743223 9069.50565743223 0.631999638908327 2.1043323990542 1.07390108875211
210423.59 9076.96091762777 9076.96091762777 0.631999638908327 2.1043323990542 1.07390108875211
210424.59 9084.19755655236 9084.19755655236 0.631999638908327 2.1043323990542 1.07390108875211
210425.59 9091.21247815843 9091.21247815843 0.631999638908327 2.1043323990542 1.07390108875211
210426.59 9098.01318632255 9098.01318632255 0.631999638908327 2.1043323990542 1.07390108875211
210427.59 9104.61436385156 9104.61436385156 0.631999638908327 2.1043323990542 1.07390108875211
210428.59 9111.01755064372 9111.01755064372 0.631999638908327 2.1043323990542 1.07390108875211
210429.59 9117.21473941225 9117.21473941225 0.631999638908327 2.1043323990542 1.07390108875211
210430.59 9123.19444208837 9123.19444208837 0.631999638908327 2.1043323990542 1.07390108875211
210431.59 9128.96333122663 9128.96333122663 0.631999638908327 2.1043323990542 1.07390108875211
210432.59 9134.51104616605 9134.51104616605 0.631999638908327 2.1043323990542 1.07390108875211
210433.59 9139.50207758759 9139.50207758759 0.631999638908327 2.1043323990542 1.07390108875211
210434.59 9143.45416981356 9143.45416981356 0.631999638908327 2.1043323990542 1.07390108875211
210435.59 9146.31313163904 9146.31313163904 0.631999638908327 2.1043323990542 1.07390108875211
210436.59 9148.13326666998 9148.13326666998 0.631999638908327 2.1043323990542 1.07390108875211
210437.59 9149.04627245776 9149.04627245776 0.631999638908327 2.1043323990542 1.07390108875211
210438.59 9149.28954828875 9149.28954828875 0.631999638908327 2.1043323990542 1.07390108875211
210439.59 9149.29466222232 9149.29466222232 0.631999638908327 2.1043323990542 1.07390108875211
210440.59 9149.29910000031 9149.29910000031 0.631999638908327 2.1043323990542 1.07390108875211
210441.59 9149.30559642178 9149.30559642178 0.631999638908327 2.1043323990542 1.07390108875211
210442.59 9149.3117572732 9149.3117572732 0.631999638908327 2.1043323990542 1.07390108875211
210443.59 9149.31894493419 9149.31894493419 0.631999638908327 2.1043323990542 1.07390108875211
210444.59 9149.32613762336 9149.32613762336 0.631999638908327 2.1043323990542 1.07390108875211
210445.59 9149.33504334248 9149.33504334248 0.631999638908327 2.1043323990542 1.07390108875211
210446.59 9149.34258166561 9149.34258166561 0.631999638908327 2.1043323990542 1.07390108875211
210447.59 9149.35149243145 9149.35149243145 0.631999638908327 2.1043323990542 1.07390108875211
210448.59 9149.3593764006 9149.3593764006 0.631999638908327 2.1043323990542 1.07390108875211
210449.59 9149.36828719049 9149.36828719049 0.631999638908327 2.1043323990542 1.07390108875211
210450.59 9149.38334877117 9149.38334877117 0.631999638908327 2.1043323990542 1.07390108875211
210451.59 9149.62052528973 9149.62052528973 0.631999638908327 2.1043323990542 1.07390108875211
210452.59 9150.82921784885 9150.82921784885 0.631999638908327 2.1043323990542 1.07390108875211
210453.59 9153.39468326112 9153.39468326112 0.631999638908327 2.1043323990542 1.07390108875211
210454.59 9157.31585747482 9157.31585747482 0.631999638908327 2.1043323990542 1.07390108875211
210455.59 9162.48626703667 9162.48626703667 0.631999638908327 2.1043323990542 1.07390108875211
210456.59 9168.76152972309 9168.76152972309 0.631999638908327 2.1043323990542 1.07390108875211
210457.59 9175.96103439475 9175.96103439475 0.631999638908327 2.1043323990542 1.07390108875211
210458.59 9183.96981378084 9183.96981378084 0.631999638908327 2.1043323990542 1.07390108875211
210459.59 9192.6768457737 9192.6768457737 0.631999638908327 2.1043323990542 1.07390108875211
210460.59 9201.95353767645 9201.95353767645 0.631999638908327 2.1043323990542 1.07390108875211
210461.59 9211.70479898499 9211.70479898499 0.631999638908327 2.1043323990542 1.07390108875211
210462.59 9221.75483309054 9221.75483309054 0.631999638908327 2.1043323990542 1.07390108875211
210463.59 9232.16642750895 9232.16642750895 0.631999638908327 2.1043323990542 1.07390108875211
210464.59 9242.81502510824 9242.81502510824 0.631999638908327 2.1043323990542 1.07390108875211
210465.59 9253.54604272313 9253.54604272313 0.631999638908327 2.1043323990542 1.07390108875211
210466.59 9264.48932349004 9264.48932349004 0.631999638908327 2.1043323990542 1.07390108875211
210467.59 9275.49835128364 9275.49835128364 0.631999638908327 2.1043323990542 1.07390108875211
210468.59 9286.4101370848 9286.4101370848 0.631999638908327 2.1043323990542 1.07390108875211
210469.59 9297.28869191245 9297.28869191245 0.631999638908327 2.1043323990542 1.07390108875211
210470.59 9308.2711203704 9308.2711203704 0.631999638908327 2.1043323990542 1.07390108875211
210471.59 9319.35430772821 9319.35430772821 0.631999638908327 2.1043323990542 1.07390108875211
210472.59 9330.67101315472 9330.67101315472 0.631999638908327 2.1043323990542 1.07390108875211
210473.59 9342.19649796714 9342.19649796714 0.631999638908327 2.1043323990542 1.07390108875211
210474.59 9353.85103778227 9353.85103778227 0.631999638908327 2.1043323990542 1.07390108875211
210475.59 9365.4307514307 9365.4307514307 0.631999638908327 2.1043323990542 1.07390108875211
210476.59 9377.06614184771 9377.06614184771 0.631999638908327 2.1043323990542 1.07390108875211
210477.59 9388.82175852411 9388.82175852411 0.631999638908327 2.1043323990542 1.07390108875211
210478.59 9400.68813241688 9400.68813241688 0.631999638908327 2.1043323990542 1.07390108875211
210479.59 9412.63927374377 9412.63927374377 0.631999638908327 2.1043323990542 1.07390108875211
210480.59 9424.4506678322 9424.4506678322 0.631999638908327 2.1043323990542 1.07390108875211
210481.59 9435.99157896909 9435.99157896909 0.631999638908327 2.1043323990542 1.07390108875211
210482.59 9447.50499759536 9447.50499759536 0.631999638908327 2.1043323990542 1.07390108875211
210483.59 9459.20428312679 9459.20428312679 0.631999638908327 2.1043323990542 1.07390108875211
210484.59 9470.98396202857 9470.98396202857 0.631999638908327 2.1043323990542 1.07390108875211
210485.59 9482.74664948772 9482.74664948772 0.631999638908327 2.1043323990542 1.07390108875211
210486.59 9494.58701442016 9494.58701442016 0.631999638908327 2.1043323990542 1.07390108875211
210487.59 9506.56324933564 9506.56324933564 0.631999638908327 2.1043323990542 1.07390108875211
210488.59 9518.66804393216 9518.66804393216 0.631999638908327 2.1043323990542 1.07390108875211
210489.59 9530.84977887042 9530.84977887042 0.631999638908327 2.1043323990542 1.07390108875211
210490.59 9542.99993317322 9542.99993317322 0.631999638908327 2.1043323990542 1.07390108875211
210491.59 9555.13537778948 9555.13537778948 0.631999638908327 2.1043323990542 1.07390108875211
210492.59 9567.14897009024 9567.14897009024 0.631999638908327 2.1043323990542 1.07390108875211
210493.59 9578.94894765446 9578.94894765446 0.631999638908327 2.1043323990542 1.07390108875211
210494.59 9590.59821298295 9590.59821298295 0.631999638908327 2.1043323990542 1.07390108875211
210495.59 9602.15629613593 9602.15629613593 0.631999638908327 2.1043323990542 1.07390108875211
210496.59 9613.63241784659 9613.63241784659 0.631999638908327 2.1043323990542 1.07390108875211
210497.59 9625.01574579562 9625.01574579562 0.631999638908327 2.1043323990542 1.07390108875211
210498.59 9636.31242685014 9636.31242685014 0.631999638908327 2.1043323990542 1.07390108875211
210499.59 9647.59332560007 9647.59332560007 0.631999638908327 2.1043323990542 1.07390108875211
210500.59 9658.9434866443 9658.9434866443 0.631999638908327 2.1043323990542 1.07390108875211
210501.59 9670.29293359081 9670.29293359081 0.631999638908327 2.1043323990542 1.07390108875211
210502.59 9681.63167294923 9681.63167294923 0.631999638908327 2.1043323990542 1.07390108875211
210503.59 9692.9170316453 9692.9170316453 0.631999638908327 2.1043323990542 1.07390108875211
210504.59 9704.07471706817 9704.07471706817 0.631999638908327 2.1043323990542 1.07390108875211
210505.59 9715.0359853082 9715.0359853082 0.631999638908327 2.1043323990542 1.07390108875211
210506.59 9725.79307703269 9725.79307703269 0.631999638908327 2.1043323990542 1.07390108875211
210507.59 9736.42853312608 9736.42853312608 0.631999638908327 2.1043323990542 1.07390108875211
210508.59 9747.11172445763 9747.11172445763 0.631999638908327 2.1043323990542 1.07390108875211
210509.59 9757.88772791424 9757.88772791424 0.631999638908327 2.1043323990542 1.07390108875211
210510.59 9768.63527078023 9768.63527078023 0.631999638908327 2.1043323990542 1.07390108875211
210511.59 9779.28103072113 9779.28103072113 0.631999638908327 2.1043323990542 1.07390108875211
210512.59 9789.89363660236 9789.89363660236 0.631999638908327 2.1043323990542 1.07390108875211
210513.59 9800.50913959508 9800.50913959508 0.631999638908327 2.1043323990542 1.07390108875211
210514.59 9811.13119543958 9811.13119543958 0.631999638908327 2.1043323990542 1.07390108875211
210515.59 9821.7708890002 9821.7708890002 0.631999638908327 2.1043323990542 1.07390108875211
210516.59 9832.39347095186 9832.39347095186 0.631999638908327 2.1043323990542 1.07390108875211
210517.59 9842.95834741893 9842.95834741893 0.631999638908327 2.1043323990542 1.07390108875211
210518.59 9853.4113572078 9853.4113572078 0.631999638908327 2.1043323990542 1.07390108875211
210519.59 9863.82667778482 9863.82667778482 0.631999638908327 2.1043323990542 1.07390108875211
210520.59 9874.27278582608 9874.27278582608 0.631999638908327 2.1043323990542 1.07390108875211
210521.59 9884.87892457376 9884.87892457376 0.631999638908327 2.1043323990542 1.07390108875211
210522.59 9895.53400802454 9895.53400802454 0.631999638908327 2.1043323990542 1.07390108875211
210523.59 9906.22479538222 9906.22479538222 0.631999638908327 2.1043323990542 1.07390108875211
210524.59 9917.11008685519 9917.11008685519 0.631999638908327 2.1043323990542 1.07390108875211
210525.59 9928.20183637655 9928.20183637655 0.631999638908327 2.1043323990542 1.07390108875211
210526.59 9939.52353534482 9939.52353534482 0.631999638908327 2.1043323990542 1.07390108875211
210527.59 9951.06224628993 9951.06224628993 0.631999638908327 2.1043323990542 1.07390108875211
210528.59 9962.73537182058 9962.73537182058 0.631999638908327 2.1043323990542 1.07390108875211
210529.59 9974.50716004348 9974.50716004348 0.631999638908327 2.1043323990542 1.07390108875211
210530.59 9986.3201866127 9986.3201866127 0.631999638908327 2.1043323990542 1.07390108875211
210531.59 9998.1721027425 9998.1721027425 0.631999638908327 2.1043323990542 1.07390108875211
210532.59 10010.0612602705 10010.0612602705 0.631999638908327 2.1043323990542 1.07390108875211
210533.59 10021.9651573223 10021.9651573223 0.631999638908327 2.1043323990542 1.07390108875211
210534.59 10033.8518071632 10033.8518071632 0.631999638908327 2.1043323990542 1.07390108875211
210535.59 10045.7290066968 10045.7290066968 0.631999638908327 2.1043323990542 1.07390108875211
210536.59 10057.6088496028 10057.6088496028 0.631999638908327 2.1043323990542 1.07390108875211
210537.59 10069.4890152471 10069.4890152471 0.631999638908327 2.1043323990542 1.07390108875211
210538.59 10081.2192648495 10081.2192648495 0.631999638908327 2.1043323990542 1.07390108875211
210539.59 10092.633604078 10092.633604078 0.631999638908327 2.1043323990542 1.07390108875211
210540.59 10103.8528274637 10103.8528274637 0.631999638908327 2.1043323990542 1.07390108875211
210541.59 10114.9149251272 10114.9149251272 0.631999638908327 2.1043323990542 1.07390108875211
210542.59 10125.8193806132 10125.8193806132 0.631999638908327 2.1043323990542 1.07390108875211
210543.59 10136.6046529337 10136.6046529337 0.631999638908327 2.1043323990542 1.07390108875211
210544.59 10147.3952666898 10147.3952666898 0.631999638908327 2.1043323990542 1.07390108875211
210545.59 10158.207186565 10158.207186565 0.631999638908327 2.1043323990542 1.07390108875211
210546.59 10169.0419967857 10169.0419967857 0.631999638908327 2.1043323990542 1.07390108875211
210547.59 10179.9417736517 10179.9417736517 0.631999638908327 2.1043323990542 1.07390108875211
210548.59 10190.9597850573 10190.9597850573 0.631999638908327 2.1043323990542 1.07390108875211
210549.59 10202.0874082344 10202.0874082344 0.631999638908327 2.1043323990542 1.07390108875211
210550.59 10213.3180931819 10213.3180931819 0.631999638908327 2.1043323990542 1.07390108875211
210551.59 10224.5305476119 10224.5305476119 0.631999638908327 2.1043323990542 1.07390108875211
210552.59 10235.8323855883 10235.8323855883 0.631999638908327 2.1043323990542 1.07390108875211
210553.59 10247.2873818481 10247.2873818481 0.631999638908327 2.1043323990542 1.07390108875211
210554.59 10258.850104892 10258.850104892 0.631999638908327 2.1043323990542 1.07390108875211
210555.59 10270.4466310603 10270.4466310603 0.631999638908327 2.1043323990542 1.07390108875211
210556.59 10282.0388699162 10282.0388699162 0.631999638908327 2.1043323990542 1.07390108875211
210557.59 10293.6452538002 10293.6452538002 0.631999638908327 2.1043323990542 1.07390108875211
210558.59 10305.35590416 10305.35590416 0.631999638908327 2.1043323990542 1.07390108875211
210559.59 10317.1428940494 10317.1428940494 0.631999638908327 2.1043323990542 1.07390108875211
210560.59 10328.8631625454 10328.8631625454 0.631999638908327 2.1043323990542 1.07390108875211
210561.59 10340.4996757268 10340.4996757268 0.631999638908327 2.1043323990542 1.07390108875211
210562.59 10352.0445080194 10352.0445080194 0.631999638908327 2.1043323990542 1.07390108875211
210563.59 10363.500838584 10363.500838584 0.631999638908327 2.1043323990542 1.07390108875211
210564.59 10374.9532137699 10374.9532137699 0.631999638908327 2.1043323990542 1.07390108875211
210565.59 10386.4156496275 10386.4156496275 0.631999638908327 2.1043323990542 1.07390108875211
210566.59 10397.8884898039 10397.8884898039 0.631999638908327 2.1043323990542 1.07390108875211
210567.59 10409.3522041727 10409.3522041727 0.631999638908327 2.1043323990542 1.07390108875211
210568.59 10420.7714617956 10420.7714617956 0.631999638908327 2.1043323990542 1.07390108875211
210569.59 10432.0592662038 10432.0592662038 0.631999638908327 2.1043323990542 1.07390108875211
210570.59 10443.1926601357 10443.1926601357 0.631999638908327 2.1043323990542 1.07390108875211
210571.59 10454.2103662541 10454.2103662541 0.631999638908327 2.1043323990542 1.07390108875211
210572.59 10465.2401938723 10465.2401938723 0.631999638908327 2.1043323990542 1.07390108875211
210573.59 10476.356866824 10476.356866824 0.631999638908327 2.1043323990542 1.07390108875211
210574.59 10487.5565116387 10487.5565116387 0.631999638908327 2.1043323990542 1.07390108875211
210575.59 10498.9129969928 10498.9129969928 0.631999638908327 2.1043323990542 1.07390108875211
210576.59 10510.5271281815 10510.5271281815 0.631999638908327 2.1043323990542 1.07390108875211
210577.59 10522.4007558494 10522.4007558494 0.631999638908327 2.1043323990542 1.07390108875211
210578.59 10534.4658865402 10534.4658865402 0.631999638908327 2.1043323990542 1.07390108875211
210579.59 10546.6427809883 10546.6427809883 0.631999638908327 2.1043323990542 1.07390108875211
210580.59 10558.8423118764 10558.8423118764 0.631999638908327 2.1043323990542 1.07390108875211
210581.59 10570.9937625845 10570.9937625845 0.631999638908327 2.1043323990542 1.07390108875211
210582.59 10582.9563454388 10582.9563454388 0.631999638908327 2.1043323990542 1.07390108875211
210583.59 10594.7726032487 10594.7726032487 0.631999638908327 2.1043323990542 1.07390108875211
210584.59 10606.5349254485 10606.5349254485 0.631999638908327 2.1043323990542 1.07390108875211
210585.59 10618.2052844452 10618.2052844452 0.631999638908327 2.1043323990542 1.07390108875211
210586.59 10629.7475426925 10629.7475426925 0.631999638908327 2.1043323990542 1.07390108875211
210587.59 10641.2392947965 10641.2392947965 0.631999638908327 2.1043323990542 1.07390108875211
210588.59 10652.7182758567 10652.7182758567 0.631999638908327 2.1043323990542 1.07390108875211
210589.59 10664.1469419785 10664.1469419785 0.631999638908327 2.1043323990542 1.07390108875211
210590.59 10675.615346582 10675.615346582 0.631999638908327 2.1043323990542 1.07390108875211
210591.59 10687.078029174 10687.078029174 0.631999638908327 2.1043323990542 1.07390108875211
210592.59 10698.437835903 10698.437835903 0.631999638908327 2.1043323990542 1.07390108875211
210593.59 10709.5258190916 10709.5258190916 0.631999638908327 2.1043323990542 1.07390108875211
210594.59 10720.13788302 10720.13788302 0.631999638908327 2.1043323990542 1.07390108875211
210595.59 10730.1727574281 10730.1727574281 0.631999638908327 2.1043323990542 1.07390108875211
210596.59 10739.6338447002 10739.6338447002 0.631999638908327 2.1043323990542 1.07390108875211
210597.59 10748.5478979899 10748.5478979899 0.631999638908327 2.1043323990542 1.07390108875211
210598.59 10756.9189341282 10756.9189341282 0.631999638908327 2.1043323990542 1.07390108875211
210599.59 10764.7735290214 10764.7735290214 0.631999638908327 2.1043323990542 1.07390108875211
210600.59 10772.0292957829 10772.0292957829 0.631999638908327 2.1043323990542 1.07390108875211
210601.59 10778.3323123222 10778.3323123222 0.631999638908327 2.1043323990542 1.07390108875211
210602.59 10783.4596812516 10783.4596812516 0.631999638908327 2.1043323990542 1.07390108875211
210603.59 10787.4029781981 10787.4029781981 0.631999638908327 2.1043323990542 1.07390108875211
210604.59 10790.4382883033 10790.4382883033 0.631999638908327 2.1043323990542 1.07390108875211
210605.59 10792.7880753129 10792.7880753129 0.631999638908327 2.1043323990542 1.07390108875211
210606.59 10794.5141206473 10794.5141206473 0.631999638908327 2.1043323990542 1.07390108875211
210607.59 10795.6590735901 10795.6590735901 0.631999638908327 2.1043323990542 1.07390108875211
210608.59 10796.2878588864 10796.2878588864 0.631999638908327 2.1043323990542 1.07390108875211
210609.59 10796.577151244 10796.577151244 0.631999638908327 2.1043323990542 1.07390108875211
210610.59 10796.7404848905 10796.7404848905 0.631999638908327 2.1043323990542 1.07390108875211
210611.59 10796.7572261602 10796.7572261602 0.631999638908327 2.1043323990542 1.07390108875211
210612.59 10796.761258999 10796.761258999 0.631999638908327 2.1043323990542 1.07390108875211
210613.59 10796.7659248589 10796.7659248589 0.631999638908327 2.1043323990542 1.07390108875211
210614.59 10796.7692073175 10796.7692073175 0.631999638908327 2.1043323990542 1.07390108875211
210615.59 10796.7734979898 10796.7734979898 0.631999638908327 2.1043323990542 1.07390108875211
210616.59 10796.7764052634 10796.7764052634 0.631999638908327 2.1043323990542 1.07390108875211
210617.59 10796.7793125383 10796.7793125383 0.631999638908327 2.1043323990542 1.07390108875211
210618.59 10796.7822198143 10796.7822198143 0.631999638908327 2.1043323990542 1.07390108875211
210619.59 10796.7837436935 10796.7837436935 0.631999638908327 2.1043323990542 1.07390108875211
210620.59 10796.7856427621 10796.7856427621 0.631999638908327 2.1043323990542 1.07390108875211
210621.59 10796.787166645 10796.787166645 0.631999638908327 2.1043323990542 1.07390108875211
210622.59 10796.7876823181 10796.7876823181 0.631999638908327 2.1043323990542 1.07390108875211
210623.59 10796.7881979929 10796.7881979929 0.631999638908327 2.1043323990542 1.07390108875211
210624.59 10796.7887136687 10796.7887136687 0.631999638908327 2.1043323990542 1.07390108875211
210625.59 10796.7892293468 10796.7892293468 0.631999638908327 2.1043323990542 1.07390108875211
210626.59 10796.7887368141 10796.7887368141 0.631999638908327 2.1043323990542 1.07390108875211
210627.59 10796.7882442837 10796.7882442837 0.631999638908327 2.1043323990542 1.07390108875211
210628.59 10796.7881269389 10796.7881269389 0.631999638908327 2.1043323990542 1.07390108875211
210629.59 10796.7876344098 10796.7876344098 0.631999638908327 2.1043323990542 1.07390108875211
210630.59 10796.7865088548 10796.7865088548 0.631999638908327 2.1043323990542 1.07390108875211
210631.59 10796.7853832995 10796.7853832995 0.631999638908327 2.1043323990542 1.07390108875211
210632.59 10796.7842577456 10796.7842577456 0.631999638908327 2.1043323990542 1.07390108875211
210633.59 10796.7835073757 10796.7835073757 0.631999638908327 2.1043323990542 1.07390108875211
210634.59 10796.7817487938 10796.7817487938 0.631999638908327 2.1043323990542 1.07390108875211
210635.59 10796.7809984243 10796.7809984243 0.631999638908327 2.1043323990542 1.07390108875211
210636.59 10796.7796150268 10796.7796150268 0.631999638908327 2.1043323990542 1.07390108875211
210637.59 10796.7778564452 10796.7778564452 0.631999638908327 2.1043323990542 1.07390108875211
210638.59 10796.7758400185 10796.7758400185 0.631999638908327 2.1043323990542 1.07390108875211
210639.59 10796.7744566201 10796.7744566201 0.631999638908327 2.1043323990542 1.07390108875211
210640.59 10796.7734484074 10796.7734484074 0.631999638908327 2.1043323990542 1.07390108875211
210641.59 10796.7714319807 10796.7714319807 0.631999638908327 2.1043323990542 1.07390108875211
210642.59 10796.9907576624 10796.9907576624 0.631999638908327 2.1043323990542 1.07390108875211
210643.59 10798.1544687917 10798.1544687917 0.631999638908327 2.1043323990542 1.07390108875211
210644.59 10800.2492250649 10800.2492250649 0.631999638908327 2.1043323990542 1.07390108875211
210645.59 10803.3394616045 10803.3394616045 0.631999638908327 2.1043323990542 1.07390108875211
210646.59 10807.3316018075 10807.3316018075 0.631999638908327 2.1043323990542 1.07390108875211
210647.59 10811.7369834973 10811.7369834973 0.631999638908327 2.1043323990542 1.07390108875211
210648.59 10816.4638819467 10816.4638819467 0.631999638908327 2.1043323990542 1.07390108875211
210649.59 10821.3385069116 10821.3385069116 0.631999638908327 2.1043323990542 1.07390108875211
210650.59 10826.190916781 10826.190916781 0.631999638908327 2.1043323990542 1.07390108875211
210651.59 10831.001155752 10831.001155752 0.631999638908327 2.1043323990542 1.07390108875211
210652.59 10835.6780757513 10835.6780757513 0.631999638908327 2.1043323990542 1.07390108875211
210653.59 10840.0126622867 10840.0126622867 0.631999638908327 2.1043323990542 1.07390108875211
210654.59 10843.7549859503 10843.7549859503 0.631999638908327 2.1043323990542 1.07390108875211
210655.59 10846.2569339293 10846.2569339293 0.631999638908327 2.1043323990542 1.07390108875211
210656.59 10847.6358855484 10847.6358855484 0.631999638908327 2.1043323990542 1.07390108875211
210657.59 10848.3398291645 10848.3398291645 0.631999638908327 2.1043323990542 1.07390108875211
210658.59 10848.9902891942 10848.9902891942 0.631999638908327 2.1043323990542 1.07390108875211
210659.59 10850.0501191227 10850.0501191227 0.631999638908327 2.1043323990542 1.07390108875211
210660.59 10851.3482935983 10851.3482935983 0.631999638908327 2.1043323990542 1.07390108875211
210661.59 10852.8420423838 10852.8420423838 0.631999638908327 2.1043323990542 1.07390108875211
210662.59 10855.0128582225 10855.0128582225 0.631999638908327 2.1043323990542 1.07390108875211
210663.59 10858.092446162 10858.092446162 0.631999638908327 2.1043323990542 1.07390108875211
210664.59 10861.8228560559 10861.8228560559 0.631999638908327 2.1043323990542 1.07390108875211
210665.59 10866.0497414975 10866.0497414975 0.631999638908327 2.1043323990542 1.07390108875211
210666.59 10870.7036251 10870.7036251 0.631999638908327 2.1043323990542 1.07390108875211
210667.59 10875.7145595205 10875.7145595205 0.631999638908327 2.1043323990542 1.07390108875211
210668.59 10881.1761595834 10881.1761595834 0.631999638908327 2.1043323990542 1.07390108875211
210669.59 10887.186938166 10887.186938166 0.631999638908327 2.1043323990542 1.07390108875211
210670.59 10893.7735156072 10893.7735156072 0.631999638908327 2.1043323990542 1.07390108875211
210671.59 10900.8173572389 10900.8173572389 0.631999638908327 2.1043323990542 1.07390108875211
210672.59 10908.0084279282 10908.0084279282 0.631999638908327 2.1043323990542 1.07390108875211
210673.59 10915.0378212104 10915.0378212104 0.631999638908327 2.1043323990542 1.07390108875211
210674.59 10921.5874224837 10921.5874224837 0.631999638908327 2.1043323990542 1.07390108875211
210675.59 10927.544967545 10927.544967545 0.631999638908327 2.1043323990542 1.07390108875211
210676.59 10932.5876550376 10932.5876550376 0.631999638908327 2.1043323990542 1.07390108875211
210677.59 10936.7146524158 10936.7146524158 0.631999638908327 2.1043323990542 1.07390108875211
210678.59 10940.420200991 10940.420200991 0.631999638908327 2.1043323990542 1.07390108875211
210679.59 10943.8477555165 10943.8477555165 0.631999638908327 2.1043323990542 1.07390108875211
210680.59 10946.8520825985 10946.8520825985 0.631999638908327 2.1043323990542 1.07390108875211
210681.59 10949.5458224156 10949.5458224156 0.631999638908327 2.1043323990542 1.07390108875211
210682.59 10952.1745791764 10952.1745791764 0.631999638908327 2.1043323990542 1.07390108875211
210683.59 10954.7379132192 10954.7379132192 0.631999638908327 2.1043323990542 1.07390108875211
210684.59 10957.1903022735 10957.1903022735 0.631999638908327 2.1043323990542 1.07390108875211
210685.59 10959.5176349868 10959.5176349868 0.631999638908327 2.1043323990542 1.07390108875211
210686.59 10961.7147522854 10961.7147522854 0.631999638908327 2.1043323990542 1.07390108875211
210687.59 10963.7829003074 10963.7829003074 0.631999638908327 2.1043323990542 1.07390108875211
210688.59 10965.6751189587 10965.6751189587 0.631999638908327 2.1043323990542 1.07390108875211
210689.59 10967.2914587997 10967.2914587997 0.631999638908327 2.1043323990542 1.07390108875211
210690.59 10968.6753431416 10968.6753431416 0.631999638908327 2.1043323990542 1.07390108875211
210691.59 10969.98370637 10969.98370637 0.631999638908327 2.1043323990542 1.07390108875211
210692.59 10971.1882438594 10971.1882438594 0.631999638908327 2.1043323990542 1.07390108875211
210693.59 10971.9202008581 10971.9202008581 0.631999638908327 2.1043323990542 1.07390108875211
210694.59 10972.2377255443 10972.2377255443 0.631999638908327 2.1043323990542 1.07390108875211
210695.59 10972.409009116 10972.409009116 0.631999638908327 2.1043323990542 1.07390108875211
210696.59 10972.4617420397 10972.4617420397 0.631999638908327 2.1043323990542 1.07390108875211
210697.59 10972.4651414802 10972.4651414802 0.631999638908327 2.1043323990542 1.07390108875211
210698.59 10972.4671572963 10972.4671572963 0.631999638908327 2.1043323990542 1.07390108875211
210699.59 10972.4685409192 10972.4685409192 0.631999638908327 2.1043323990542 1.07390108875211
210700.59 10972.4705567353 10972.4705567353 0.631999638908327 2.1043323990542 1.07390108875211
210701.59 10972.4721968377 10972.4721968377 0.631999638908327 2.1043323990542 1.07390108875211
210702.59 10972.4728290309 10972.4728290309 0.631999638908327 2.1043323990542 1.07390108875211
210703.59 10972.4734612252 10972.4734612252 0.631999638908327 2.1043323990542 1.07390108875211
210704.59 10972.4740934196 10972.4740934196 0.631999638908327 2.1043323990542 1.07390108875211
210705.59 10972.4743498996 10972.4743498996 0.631999638908327 2.1043323990542 1.07390108875211
210706.59 10972.4739741848 10972.4739741848 0.631999638908327 2.1043323990542 1.07390108875211
210707.59 10972.4746063807 10972.4746063807 0.631999638908327 2.1043323990542 1.07390108875211
210708.59 10972.474230666 10972.474230666 0.631999638908327 2.1043323990542 1.07390108875211
210709.59 10972.4734792387 10972.4734792387 0.631999638908327 2.1043323990542 1.07390108875211
210710.59 10972.4727278106 10972.4727278106 0.631999638908327 2.1043323990542 1.07390108875211
210711.59 10972.4723520972 10972.4723520972 0.631999638908327 2.1043323990542 1.07390108875211
210712.59 10972.4716006705 10972.4716006705 0.631999638908327 2.1043323990542 1.07390108875211
210713.59 10972.4702170481 10972.4702170481 0.631999638908327 2.1043323990542 1.07390108875211
210714.59 10972.4694656207 10972.4694656207 0.631999638908327 2.1043323990542 1.07390108875211
210715.59 10972.4690899076 10972.4690899076 0.631999638908327 2.1043323990542 1.07390108875211
210716.59 10972.467330572 10972.467330572 0.631999638908327 2.1043323990542 1.07390108875211
210717.59 10972.466954859 10972.466954859 0.631999638908327 2.1043323990542 1.07390108875211
210718.59 10972.4651955239 10972.4651955239 0.631999638908327 2.1043323990542 1.07390108875211
210719.59 10972.4648198111 10972.4648198111 0.631999638908327 2.1043323990542 1.07390108875211
210720.59 10972.463436188 10972.463436188 0.631999638908327 2.1043323990542 1.07390108875211
210721.59 10972.4626847626 10972.4626847626 0.631999638908327 2.1043323990542 1.07390108875211
210722.59 10972.4613011405 10972.4613011405 0.631999638908327 2.1043323990542 1.07390108875211
210723.59 10972.460925427 10972.460925427 0.631999638908327 2.1043323990542 1.07390108875211
210724.59 10972.458909608 10972.458909608 0.631999638908327 2.1043323990542 1.07390108875211
210725.59 10972.4579016992 10972.4579016992 0.631999638908327 2.1043323990542 1.07390108875211
210726.59 10972.4565180771 10972.4565180771 0.631999638908327 2.1043323990542 1.07390108875211
210727.59 10972.4565180771 10972.4565180771 0.631999638908327 2.1043323990542 1.07390108875211
210728.59 10972.4555101677 10972.4555101677 0.631999638908327 2.1043323990542 1.07390108875211
210729.59 10972.4548779716 10972.4548779716 0.631999638908327 2.1043323990542 1.07390108875211
210730.59 10972.4534943495 10972.4534943495 0.631999638908327 2.1043323990542 1.07390108875211
210731.59 10972.4524864401 10972.4524864401 0.631999638908327 2.1043323990542 1.07390108875211
210732.59 10972.4524864401 10972.4524864401 0.631999638908327 2.1043323990542 1.07390108875211
210733.59 10972.4514785308 10972.4514785308 0.631999638908327 2.1043323990542 1.07390108875211
210734.59 10972.4514785308 10972.4514785308 0.631999638908327 2.1043323990542 1.07390108875211
210735.59 10972.4504706214 10972.4504706214 0.631999638908327 2.1043323990542 1.07390108875211
210736.59 10972.4504706214 10972.4504706214 0.631999638908327 2.1043323990542 1.07390108875211
210737.59 10972.4504706214 10972.4504706214 0.631999638908327 2.1043323990542 1.07390108875211
210738.59 10972.4504706214 10972.4504706214 0.631999638908327 2.1043323990542 1.07390108875211
210739.59 10972.4494627121 10972.4494627121 0.631999638908327 2.1043323990542 1.07390108875211
210740.59 10972.449838425 10972.449838425 0.631999638908327 2.1043323990542 1.07390108875211
210741.59 10972.4488305157 10972.4488305157 0.631999638908327 2.1043323990542 1.07390108875211
210742.59 10972.4495819427 10972.4495819427 0.631999638908327 2.1043323990542 1.07390108875211
210743.59 10972.4489497467 10972.4489497467 0.631999638908327 2.1043323990542 1.07390108875211
210744.59 10972.4493254599 10972.4493254599 0.631999638908327 2.1043323990542 1.07390108875211
210745.59 10972.4493254599 10972.4493254599 0.631999638908327 2.1043323990542 1.07390108875211
210746.59 10972.4497011742 10972.4497011742 0.631999638908327 2.1043323990542 1.07390108875211
210747.59 10972.4500768875 10972.4500768875 0.631999638908327 2.1043323990542 1.07390108875211
210748.59 10972.4500768875 10972.4500768875 0.631999638908327 2.1043323990542 1.07390108875211
210749.59 10972.4500768875 10972.4500768875 0.631999638908327 2.1043323990542 1.07390108875211
210750.59 10972.4504526009 10972.4504526009 0.631999638908327 2.1043323990542 1.07390108875211
210751.59 10972.4504526009 10972.4504526009 0.631999638908327 2.1043323990542 1.07390108875211
210752.59 10972.4508283144 10972.4508283144 0.631999638908327 2.1043323990542 1.07390108875211
210753.59 10972.4501961196 10972.4501961196 0.631999638908327 2.1043323990542 1.07390108875211
210754.59 10972.4505718342 10972.4505718342 0.631999638908327 2.1043323990542 1.07390108875211
210755.59 10972.4512040279 10972.4512040279 0.631999638908327 2.1043323990542 1.07390108875211
210756.59 10972.4512040279 10972.4512040279 0.631999638908327 2.1043323990542 1.07390108875211
210757.59 10972.4508283144 10972.4508283144 0.631999638908327 2.1043323990542 1.07390108875211
210758.59 10972.4518362233 10972.4518362233 0.631999638908327 2.1043323990542 1.07390108875211
210759.59 10972.4518362233 10972.4518362233 0.631999638908327 2.1043323990542 1.07390108875211
210760.59 10972.4514605099 10972.4514605099 0.631999638908327 2.1043323990542 1.07390108875211
210761.59 10972.4514605099 10972.4514605099 0.631999638908327 2.1043323990542 1.07390108875211
210762.59 10972.4514605099 10972.4514605099 0.631999638908327 2.1043323990542 1.07390108875211
210763.59 10972.4514605099 10972.4514605099 0.631999638908327 2.1043323990542 1.07390108875211
210764.59 10972.4510847966 10972.4510847966 0.631999638908327 2.1043323990542 1.07390108875211
210765.59 10972.4510847966 10972.4510847966 0.631999638908327 2.1043323990542 1.07390108875211
210766.59 10972.4520927056 10972.4520927056 0.631999638908327 2.1043323990542 1.07390108875211
210767.59 10972.4524684189 10972.4524684189 0.631999638908327 2.1043323990542 1.07390108875211
210768.59 10972.4524684189 10972.4524684189 0.631999638908327 2.1043323990542 1.07390108875211
210769.59 10972.4524684189 10972.4524684189 0.631999638908327 2.1043323990542 1.07390108875211
210770.59 10972.4528441323 10972.4528441323 0.631999638908327 2.1043323990542 1.07390108875211
210771.59 10972.4528441323 10972.4528441323 0.631999638908327 2.1043323990542 1.07390108875211
210772.59 10972.4528441323 10972.4528441323 0.631999638908327 2.1043323990542 1.07390108875211
210773.59 10972.4528441323 10972.4528441323 0.631999638908327 2.1043323990542 1.07390108875211
210774.59 10972.4984024617 10972.4984024617 0.631999638908327 2.1043323990542 1.07390108875211
210775.59 10973.0975788482 10973.0975788482 0.631999638908327 2.1043323990542 1.07390108875211
210776.59 10974.5720488588 10974.5720488588 0.631999638908327 2.1043323990542 1.07390108875211
210777.59 10976.7571726803 10976.7571726803 0.631999638908327 2.1043323990542 1.07390108875211
210778.59 10979.9572354345 10979.9572354345 0.631999638908327 2.1043323990542 1.07390108875211
210779.59 10984.0554645011 10984.0554645011 0.631999638908327 2.1043323990542 1.07390108875211
210780.59 10988.7660094088 10988.7660094088 0.631999638908327 2.1043323990542 1.07390108875211
210781.59 10994.0114035499 10994.0114035499 0.631999638908327 2.1043323990542 1.07390108875211
210782.59 10999.8031084701 10999.8031084701 0.631999638908327 2.1043323990542 1.07390108875211
210783.59 11006.2362013121 11006.2362013121 0.631999638908327 2.1043323990542 1.07390108875211
210784.59 11013.3655498539 11013.3655498539 0.631999638908327 2.1043323990542 1.07390108875211
210785.59 11021.2135308465 11021.2135308465 0.631999638908327 2.1043323990542 1.07390108875211
210786.59 11029.7368719536 11029.7368719536 0.631999638908327 2.1043323990542 1.07390108875211
210787.59 11038.7086706046 11038.7086706046 0.631999638908327 2.1043323990542 1.07390108875211
210788.59 11048.0635725958 11048.0635725958 0.631999638908327 2.1043323990542 1.07390108875211
210789.59 11057.6198916509 11057.6198916509 0.631999638908327 2.1043323990542 1.07390108875211
210790.59 11067.4629196505 11067.4629196505 0.631999638908327 2.1043323990542 1.07390108875211
210791.59 11077.5131229023 11077.5131229023 0.631999638908327 2.1043323990542 1.07390108875211
210792.59 11087.675370832 11087.675370832 0.631999638908327 2.1043323990542 1.07390108875211
210793.59 11098.0895377244 11098.0895377244 0.631999638908327 2.1043323990542 1.07390108875211
210794.59 11108.710393958 11108.710393958 0.631999638908327 2.1043323990542 1.07390108875211
210795.59 11119.4904229356 11119.4904229356 0.631999638908327 2.1043323990542 1.07390108875211
210796.59 11130.476051737 11130.476051737 0.631999638908327 2.1043323990542 1.07390108875211
210797.59 11141.6278890023 11141.6278890023 0.631999638908327 2.1043323990542 1.07390108875211
210798.59 11152.9121314417 11152.9121314417 0.631999638908327 2.1043323990542 1.07390108875211
210799.59 11164.2236873799 11164.2236873799 0.631999638908327 2.1043323990542 1.07390108875211
210800.59 11175.5955235742 11175.5955235742 0.631999638908327 2.1043323990542 1.07390108875211
210801.59 11187.1268182355 11187.1268182355 0.631999638908327 2.1043323990542 1.07390108875211
210802.59 11198.8933138883 11198.8933138883 0.631999638908327 2.1043323990542 1.07390108875211
210803.59 11210.9310889011 11210.9310889011 0.631999638908327 2.1043323990542 1.07390108875211
210804.59 11223.0909705589 11223.0909705589 0.631999638908327 2.1043323990542 1.07390108875211
210805.59 11235.2439724805 11235.2439724805 0.631999638908327 2.1043323990542 1.07390108875211
210806.59 11247.2453874612 11247.2453874612 0.631999638908327 2.1043323990542 1.07390108875211
210807.59 11258.9612519899 11258.9612519899 0.631999638908327 2.1043323990542 1.07390108875211
210808.59 11270.4325516884 11270.4325516884 0.631999638908327 2.1043323990542 1.07390108875211
210809.59 11281.8107421418 11281.8107421418 0.631999638908327 2.1043323990542 1.07390108875211
210810.59 11293.1276272189 11293.1276272189 0.631999638908327 2.1043323990542 1.07390108875211
210811.59 11304.4242611192 11304.4242611192 0.631999638908327 2.1043323990542 1.07390108875211
210812.59 11315.6864533701 11315.6864533701 0.631999638908327 2.1043323990542 1.07390108875211
210813.59 11326.8378272582 11326.8378272582 0.631999638908327 2.1043323990542 1.07390108875211
210814.59 11337.9378819644 11337.9378819644 0.631999638908327 2.1043323990542 1.07390108875211
210815.59 11349.0047412594 11349.0047412594 0.631999638908327 2.1043323990542 1.07390108875211
210816.59 11360.0460753748 11360.0460753748 0.631999638908327 2.1043323990542 1.07390108875211
210817.59 11371.0788917289 11371.0788917289 0.631999638908327 2.1043323990542 1.07390108875211
210818.59 11382.1686178762 11382.1686178762 0.631999638908327 2.1043323990542 1.07390108875211
210819.59 11393.3242511776 11393.3242511776 0.631999638908327 2.1043323990542 1.07390108875211
210820.59 11404.5457633486 11404.5457633486 0.631999638908327 2.1043323990542 1.07390108875211
210821.59 11415.8242191385 11415.8242191385 0.631999638908327 2.1043323990542 1.07390108875211
210822.59 11427.1043581421 11427.1043581421 0.631999638908327 2.1043323990542 1.07390108875211
210823.59 11438.394873347 11438.394873347 0.631999638908327 2.1043323990542 1.07390108875211
210824.59 11449.6893419925 11449.6893419925 0.631999638908327 2.1043323990542 1.07390108875211
210825.59 11461.0105806663 11461.0105806663 0.631999638908327 2.1043323990542 1.07390108875211
210826.59 11472.4176548144 11472.4176548144 0.631999638908327 2.1043323990542 1.07390108875211
210827.59 11483.9336230628 11483.9336230628 0.631999638908327 2.1043323990542 1.07390108875211
210828.59 11495.5761736903 11495.5761736903 0.631999638908327 2.1043323990542 1.07390108875211
210829.59 11507.3629346816 11507.3629346816 0.631999638908327 2.1043323990542 1.07390108875211
210830.59 11519.2969684548 11519.2969684548 0.631999638908327 2.1043323990542 1.07390108875211
210831.59 11531.3022282942 11531.3022282942 0.631999638908327 2.1043323990542 1.07390108875211
210832.59 11543.3105855909 11543.3105855909 0.631999638908327 2.1043323990542 1.07390108875211
210833.59 11555.3140998327 11555.3140998327 0.631999638908327 2.1043323990542 1.07390108875211
210834.59 11567.3708555699 11567.3708555699 0.631999638908327 2.1043323990542 1.07390108875211
210835.59 11579.5196268868 11579.5196268868 0.631999638908327 2.1043323990542 1.07390108875211
210836.59 11591.7784738891 11591.7784738891 0.631999638908327 2.1043323990542 1.07390108875211
210837.59 11604.1500574269 11604.1500574269 0.631999638908327 2.1043323990542 1.07390108875211
210838.59 11616.6098232831 11616.6098232831 0.631999638908327 2.1043323990542 1.07390108875211
210839.59 11629.118230757 11629.118230757 0.631999638908327 2.1043323990542 1.07390108875211
210840.59 11641.6548996018 11641.6548996018 0.631999638908327 2.1043323990542 1.07390108875211
210841.59 11654.155800515 11654.155800515 0.631999638908327 2.1043323990542 1.07390108875211
210842.59 11666.6136387083 11666.6136387083 0.631999638908327 2.1043323990542 1.07390108875211
210843.59 11679.0856603049 11679.0856603049 0.631999638908327 2.1043323990542 1.07390108875211
210844.59 11691.6069712209 11691.6069712209 0.631999638908327 2.1043323990542 1.07390108875211
210845.59 11704.1789698614 11704.1789698614 0.631999638908327 2.1043323990542 1.07390108875211
210846.59 11716.6522730709 11716.6522730709 0.631999638908327 2.1043323990542 1.07390108875211
210847.59 11728.97822066 11728.97822066 0.631999638908327 2.1043323990542 1.07390108875211
210848.59 11741.106095196 11741.106095196 0.631999638908327 2.1043323990542 1.07390108875211
210849.59 11752.9680764578 11752.9680764578 0.631999638908327 2.1043323990542 1.07390108875211
210850.59 11764.670743834 11764.670743834 0.631999638908327 2.1043323990542 1.07390108875211
210851.59 11776.3034533283 11776.3034533283 0.631999638908327 2.1043323990542 1.07390108875211
210852.59 11787.938055195 11787.938055195 0.631999638908327 2.1043323990542 1.07390108875211
210853.59 11799.6077873677 11799.6077873677 0.631999638908327 2.1043323990542 1.07390108875211
210854.59 11811.3150278057 11811.3150278057 0.631999638908327 2.1043323990542 1.07390108875211
210855.59 11823.0940219421 11823.0940219421 0.631999638908327 2.1043323990542 1.07390108875211
210856.59 11835.0494817793 11835.0494817793 0.631999638908327 2.1043323990542 1.07390108875211
210857.59 11847.1226291413 11847.1226291413 0.631999638908327 2.1043323990542 1.07390108875211
210858.59 11859.2170545145 11859.2170545145 0.631999638908327 2.1043323990542 1.07390108875211
210859.59 11871.3307163948 11871.3307163948 0.631999638908327 2.1043323990542 1.07390108875211
210860.59 11883.4555410204 11883.4555410204 0.631999638908327 2.1043323990542 1.07390108875211
210861.59 11895.5968218219 11895.5968218219 0.631999638908327 2.1043323990542 1.07390108875211
210862.59 11907.7476400056 11907.7476400056 0.631999638908327 2.1043323990542 1.07390108875211
210863.59 11919.9006876447 11919.9006876447 0.631999638908327 2.1043323990542 1.07390108875211
210864.59 11932.0646830242 11932.0646830242 0.631999638908327 2.1043323990542 1.07390108875211
210865.59 11944.2400023602 11944.2400023602 0.631999638908327 2.1043323990542 1.07390108875211
210866.59 11956.4359562392 11956.4359562392 0.631999638908327 2.1043323990542 1.07390108875211
210867.59 11968.6557012322 11968.6557012322 0.631999638908327 2.1043323990542 1.07390108875211
210868.59 11980.8961183406 11980.8961183406 0.631999638908327 2.1043323990542 1.07390108875211
210869.59 11993.0288486848 11993.0288486848 0.631999638908327 2.1043323990542 1.07390108875211
210870.59 12004.8866272694 12004.8866272694 0.631999638908327 2.1043323990542 1.07390108875211
210871.59 12016.5128132974 12016.5128132974 0.631999638908327 2.1043323990542 1.07390108875211
210872.59 12028.0011196681 12028.0011196681 0.631999638908327 2.1043323990542 1.07390108875211
210873.59 12039.3687005308 12039.3687005308 0.631999638908327 2.1043323990542 1.07390108875211
210874.59 12050.6158359554 12050.6158359554 0.631999638908327 2.1043323990542 1.07390108875211
210875.59 12061.7504772505 12061.7504772505 0.631999638908327 2.1043323990542 1.07390108875211
210876.59 12072.7879679475 12072.7879679475 0.631999638908327 2.1043323990542 1.07390108875211
210877.59 12083.5818264207 12083.5818264207 0.631999638908327 2.1043323990542 1.07390108875211
210878.59 12093.8820525772 12093.8820525772 0.631999638908327 2.1043323990542 1.07390108875211
210879.59 12103.1782548861 12103.1782548861 0.631999638908327 2.1043323990542 1.07390108875211
210880.59 12111.248951647 12111.248951647 0.631999638908327 2.1043323990542 1.07390108875211
210881.59 12117.9021527793 12117.9021527793 0.631999638908327 2.1043323990542 1.07390108875211
210882.59 12122.8715915265 12122.8715915265 0.631999638908327 2.1043323990542 1.07390108875211
210883.59 12126.1146383078 12126.1146383078 0.631999638908327 2.1043323990542 1.07390108875211
210884.59 12127.8024775883 12127.8024775883 0.631999638908327 2.1043323990542 1.07390108875211
210885.59 12128.6999427443 12128.6999427443 0.631999638908327 2.1043323990542 1.07390108875211
210886.59 12129.0942437571 12129.0942437571 0.631999638908327 2.1043323990542 1.07390108875211
210887.59 12129.1716424527 12129.1716424527 0.631999638908327 2.1043323990542 1.07390108875211
210888.59 12129.1788166282 12129.1788166282 0.631999638908327 2.1043323990542 1.07390108875211
210889.59 12129.1853596146 12129.1853596146 0.631999638908327 2.1043323990542 1.07390108875211
210890.59 12129.1925337885 12129.1925337885 0.631999638908327 2.1043323990542 1.07390108875211
210891.59 12129.198324099 12129.198324099 0.631999638908327 2.1043323990542 1.07390108875211
210892.59 12129.2041144079 12129.2041144079 0.631999638908327 2.1043323990542 1.07390108875211
210893.59 12129.2085208518 12129.2085208518 0.631999638908327 2.1043323990542 1.07390108875211
210894.59 12129.2119197702 12129.2119197702 0.631999638908327 2.1043323990542 1.07390108875211
210895.59 12129.2153186883 12129.2153186883 0.631999638908327 2.1043323990542 1.07390108875211
210896.59 12129.2183412681 12129.2183412681 0.631999638908327 2.1043323990542 1.07390108875211
210897.59 12129.2203563208 12129.2203563208 0.631999638908327 2.1043323990542 1.07390108875211
210898.59 12129.2213638475 12129.2213638475 0.631999638908327 2.1043323990542 1.07390108875211
210899.59 12129.2223713742 12129.2223713742 0.631999638908327 2.1043323990542 1.07390108875211
210900.59 12129.2233789009 12129.2233789009 0.631999638908327 2.1043323990542 1.07390108875211
210901.59 12129.2240100896 12129.2240100896 0.631999638908327 2.1043323990542 1.07390108875211
210902.59 12129.2236337506 12129.2236337506 0.631999638908327 2.1043323990542 1.07390108875211
210903.59 12129.2232574126 12129.2232574126 0.631999638908327 2.1043323990542 1.07390108875211
210904.59 12129.22149721 12129.22149721 0.631999638908327 2.1043323990542 1.07390108875211
210905.59 12129.2201133443 12129.2201133443 0.631999638908327 2.1043323990542 1.07390108875211
210906.59 12129.2187294796 12129.2187294796 0.631999638908327 2.1043323990542 1.07390108875211
210907.59 12129.2173456149 12129.2173456149 0.631999638908327 2.1043323990542 1.07390108875211
210908.59 12129.2145778861 12129.2145778861 0.631999638908327 2.1043323990542 1.07390108875211
210909.59 12129.2131940205 12129.2131940205 0.631999638908327 2.1043323990542 1.07390108875211
210910.59 12129.2114338181 12129.2114338181 0.631999638908327 2.1043323990542 1.07390108875211
210911.59 12129.2090424265 12129.2090424265 0.631999638908327 2.1043323990542 1.07390108875211
210912.59 12129.2066510339 12129.2066510339 0.631999638908327 2.1043323990542 1.07390108875211
210913.59 12129.2042596428 12129.2042596428 0.631999638908327 2.1043323990542 1.07390108875211
210914.59 12129.2018682512 12129.2018682512 0.631999638908327 2.1043323990542 1.07390108875211
210915.59 12129.1994768602 12129.1994768602 0.631999638908327 2.1043323990542 1.07390108875211
210916.59 12129.1980929955 12129.1980929955 0.631999638908327 2.1043323990542 1.07390108875211
210917.59 12129.1967091299 12129.1967091299 0.631999638908327 2.1043323990542 1.07390108875211
210918.59 12129.1943177383 12129.1943177383 0.631999638908327 2.1043323990542 1.07390108875211
210919.59 12129.1929338743 12129.1929338743 0.631999638908327 2.1043323990542 1.07390108875211
210920.59 12129.1911736711 12129.1911736711 0.631999638908327 2.1043323990542 1.07390108875211
210921.59 12129.1897898065 12129.1897898065 0.631999638908327 2.1043323990542 1.07390108875211
210922.59 12129.1873984148 12129.1873984148 0.631999638908327 2.1043323990542 1.07390108875211
210923.59 12129.1860145503 12129.1860145503 0.631999638908327 2.1043323990542 1.07390108875211
210924.59 12129.1850070232 12129.1850070232 0.631999638908327 2.1043323990542 1.07390108875211
210925.59 12129.3776903404 12129.3776903404 0.631999638908327 2.1043323990542 1.07390108875211
210926.59 12130.5866438068 12130.5866438068 0.631999638908327 2.1043323990542 1.07390108875211
210927.59 12132.9345690876 12132.9345690876 0.631999638908327 2.1043323990542 1.07390108875211
210928.59 12136.4120100575 12136.4120100575 0.631999638908327 2.1043323990542 1.07390108875211
210929.59 12140.8170466727 12140.8170466727 0.631999638908327 2.1043323990542 1.07390108875211
210930.59 12146.0530751776 12146.0530751776 0.631999638908327 2.1043323990542 1.07390108875211
210931.59 12151.873221848 12151.873221848 0.631999638908327 2.1043323990542 1.07390108875211
210932.59 12158.1888715946 12158.1888715946 0.631999638908327 2.1043323990542 1.07390108875211
210933.59 12164.6982465447 12164.6982465447 0.631999638908327 2.1043323990542 1.07390108875211
210934.59 12170.9290278212 12170.9290278212 0.631999638908327 2.1043323990542 1.07390108875211
210935.59 12177.0368636496 12177.0368636496 0.631999638908327 2.1043323990542 1.07390108875211
210936.59 12183.3344065094 12183.3344065094 0.631999638908327 2.1043323990542 1.07390108875211
210937.59 12189.7586570028 12189.7586570028 0.631999638908327 2.1043323990542 1.07390108875211
210938.59 12196.2719012212 12196.2719012212 0.631999638908327 2.1043323990542 1.07390108875211
210939.59 12202.5906587831 12202.5906587831 0.631999638908327 2.1043323990542 1.07390108875211
210940.59 12208.6642420916 12208.6642420916 0.631999638908327 2.1043323990542 1.07390108875211
210941.59 12214.6594809792 12214.6594809792 0.631999638908327 2.1043323990542 1.07390108875211
210942.59 12220.5792297585 12220.5792297585 0.631999638908327 2.1043323990542 1.07390108875211
210943.59 12226.2126918797 12226.2126918797 0.631999638908327 2.1043323990542 1.07390108875211
210944.59 12231.3851127022 12231.3851127022 0.631999638908327 2.1043323990542 1.07390108875211
210945.59 12236.1598881851 12236.1598881851 0.631999638908327 2.1043323990542 1.07390108875211
210946.59 12240.9644834835 12240.9644834835 0.631999638908327 2.1043323990542 1.07390108875211
210947.59 12246.4453482898 12246.4453482898 0.631999638908327 2.1043323990542 1.07390108875211
210948.59 12252.5905159935 12252.5905159935 0.631999638908327 2.1043323990542 1.07390108875211
210949.59 12259.2096500279 12259.2096500279 0.631999638908327 2.1043323990542 1.07390108875211
210950.59 12266.117549847 12266.117549847 0.631999638908327 2.1043323990542 1.07390108875211
210951.59 12272.9755437245 12272.9755437245 0.631999638908327 2.1043323990542 1.07390108875211
210952.59 12279.5069623535 12279.5069623535 0.631999638908327 2.1043323990542 1.07390108875211
210953.59 12285.6478654015 12285.6478654015 0.631999638908327 2.1043323990542 1.07390108875211
210954.59 12291.4213347259 12291.4213347259 0.631999638908327 2.1043323990542 1.07390108875211
210955.59 12296.9285681998 12296.9285681998 0.631999638908327 2.1043323990542 1.07390108875211
210956.59 12302.1827357723 12302.1827357723 0.631999638908327 2.1043323990542 1.07390108875211
210957.59 12307.1432762794 12307.1432762794 0.631999638908327 2.1043323990542 1.07390108875211
210958.59 12312.172968931 12312.172968931 0.631999638908327 2.1043323990542 1.07390108875211
210959.59 12317.6669098943 12317.6669098943 0.631999638908327 2.1043323990542 1.07390108875211
210960.59 12323.5900917407 12323.5900917407 0.631999638908327 2.1043323990542 1.07390108875211
210961.59 12329.6217586022 12329.6217586022 0.631999638908327 2.1043323990542 1.07390108875211
210962.59 12335.6743613717 12335.6743613717 0.631999638908327 2.1043323990542 1.07390108875211
210963.59 12341.7322684215 12341.7322684215 0.631999638908327 2.1043323990542 1.07390108875211
210964.59 12348.1847774879 12348.1847774879 0.631999638908327 2.1043323990542 1.07390108875211
210965.59 12355.3386850745 12355.3386850745 0.631999638908327 2.1043323990542 1.07390108875211
210966.59 12362.9281711212 12362.9281711212 0.631999638908327 2.1043323990542 1.07390108875211
210967.59 12370.5087234104 12370.5087234104 0.631999638908327 2.1043323990542 1.07390108875211
210968.59 12377.6027134241 12377.6027134241 0.631999638908327 2.1043323990542 1.07390108875211
210969.59 12384.5043121723 12384.5043121723 0.631999638908327 2.1043323990542 1.07390108875211
210970.59 12391.6517474344 12391.6517474344 0.631999638908327 2.1043323990542 1.07390108875211
210971.59 12399.1323685564 12399.1323685564 0.631999638908327 2.1043323990542 1.07390108875211
210972.59 12406.9937153235 12406.9937153235 0.631999638908327 2.1043323990542 1.07390108875211
210973.59 12415.266916263 12415.266916263 0.631999638908327 2.1043323990542 1.07390108875211
210974.59 12423.9461178802 12423.9461178802 0.631999638908327 2.1043323990542 1.07390108875211
210975.59 12432.9868199032 12432.9868199032 0.631999638908327 2.1043323990542 1.07390108875211
210976.59 12442.0773136438 12442.0773136438 0.631999638908327 2.1043323990542 1.07390108875211
210977.59 12451.0717061502 12451.0717061502 0.631999638908327 2.1043323990542 1.07390108875211
210978.59 12460.1619150556 12460.1619150556 0.631999638908327 2.1043323990542 1.07390108875211
210979.59 12469.4619512359 12469.4619512359 0.631999638908327 2.1043323990542 1.07390108875211
210980.59 12478.9375328531 12478.9375328531 0.631999638908327 2.1043323990542 1.07390108875211
210981.59 12488.6019079461 12488.6019079461 0.631999638908327 2.1043323990542 1.07390108875211
210982.59 12498.3213415227 12498.3213415227 0.631999638908327 2.1043323990542 1.07390108875211
210983.59 12508.0054608062 12508.0054608062 0.631999638908327 2.1043323990542 1.07390108875211
210984.59 12517.8157917219 12517.8157917219 0.631999638908327 2.1043323990542 1.07390108875211
210985.59 12527.8264463183 12527.8264463183 0.631999638908327 2.1043323990542 1.07390108875211
210986.59 12537.9690542301 12537.9690542301 0.631999638908327 2.1043323990542 1.07390108875211
210987.59 12548.1603537228 12548.1603537228 0.631999638908327 2.1043323990542 1.07390108875211
210988.59 12558.386627785 12558.386627785 0.631999638908327 2.1043323990542 1.07390108875211
210989.59 12568.6624788719 12568.6624788719 0.631999638908327 2.1043323990542 1.07390108875211
210990.59 12578.890163514 12578.890163514 0.631999638908327 2.1043323990542 1.07390108875211
210991.59 12589.0242738442 12589.0242738442 0.631999638908327 2.1043323990542 1.07390108875211
210992.59 12599.2147774594 12599.2147774594 0.631999638908327 2.1043323990542 1.07390108875211
210993.59 12609.4660344424 12609.4660344424 0.631999638908327 2.1043323990542 1.07390108875211
210994.59 12619.797784999 12619.797784999 0.631999638908327 2.1043323990542 1.07390108875211
210995.59 12630.2485430342 12630.2485430342 0.631999638908327 2.1043323990542 1.07390108875211
210996.59 12640.8315078487 12640.8315078487 0.631999638908327 2.1043323990542 1.07390108875211
210997.59 12651.5321175118 12651.5321175118 0.631999638908327 2.1043323990542 1.07390108875211
210998.59 12662.3326069784 12662.3326069784 0.631999638908327 2.1043323990542 1.07390108875211
210999.59 12673.1850455727 12673.1850455727 0.631999638908327 2.1043323990542 1.07390108875211
211000.59 12683.9541986845 12683.9541986845 0.631999638908327 2.1043323990542 1.07390108875211
211001.59 12694.6164842121 12694.6164842121 0.631999638908327 2.1043323990542 1.07390108875211
211002.59 12705.2813861747 12705.2813861747 0.631999638908327 2.1043323990542 1.07390108875211
211003.59 12716.0591599132 12716.0591599132 0.631999638908327 2.1043323990542 1.07390108875211
211004.59 12726.866739976 12726.866739976 0.631999638908327 2.1043323990542 1.07390108875211
211005.59 12737.648118989 12737.648118989 0.631999638908327 2.1043323990542 1.07390108875211
211006.59 12748.3987689114 12748.3987689114 0.631999638908327 2.1043323990542 1.07390108875211
211007.59 12759.1569687941 12759.1569687941 0.631999638908327 2.1043323990542 1.07390108875211
211008.59 12769.9541027989 12769.9541027989 0.631999638908327 2.1043323990542 1.07390108875211
211009.59 12780.7508844157 12780.7508844157 0.631999638908327 2.1043323990542 1.07390108875211
211010.59 12791.4887916446 12791.4887916446 0.631999638908327 2.1043323990542 1.07390108875211
211011.59 12802.1649250325 12802.1649250325 0.631999638908327 2.1043323990542 1.07390108875211
211012.59 12812.8081915802 12812.8081915802 0.631999638908327 2.1043323990542 1.07390108875211
211013.59 12823.5378608012 12823.5378608012 0.631999638908327 2.1043323990542 1.07390108875211
211014.59 12834.372221649 12834.372221649 0.631999638908327 2.1043323990542 1.07390108875211
211015.59 12845.2977133174 12845.2977133174 0.631999638908327 2.1043323990542 1.07390108875211
211016.59 12856.2661242735 12856.2661242735 0.631999638908327 2.1043323990542 1.07390108875211
211017.59 12867.2237237134 12867.2237237134 0.631999638908327 2.1043323990542 1.07390108875211
211018.59 12878.1103520458 12878.1103520458 0.631999638908327 2.1043323990542 1.07390108875211
211019.59 12888.9166896933 12888.9166896933 0.631999638908327 2.1043323990542 1.07390108875211
211020.59 12899.6761742402 12899.6761742402 0.631999638908327 2.1043323990542 1.07390108875211
211021.59 12910.4513570245 12910.4513570245 0.631999638908327 2.1043323990542 1.07390108875211
211022.59 12921.1973277328 12921.1973277328 0.631999638908327 2.1043323990542 1.07390108875211
211023.59 12931.8630404109 12931.8630404109 0.631999638908327 2.1043323990542 1.07390108875211
211024.59 12942.5086298994 12942.5086298994 0.631999638908327 2.1043323990542 1.07390108875211
211025.59 12953.2107482563 12953.2107482563 0.631999638908327 2.1043323990542 1.07390108875211
211026.59 12963.9872644511 12963.9872644511 0.631999638908327 2.1043323990542 1.07390108875211
211027.59 12974.8396930556 12974.8396930556 0.631999638908327 2.1043323990542 1.07390108875211
211028.59 12985.6957875128 12985.6957875128 0.631999638908327 2.1043323990542 1.07390108875211
211029.59 12996.5376785147 12996.5376785147 0.631999638908327 2.1043323990542 1.07390108875211
211030.59 13007.3674724355 13007.3674724355 0.631999638908327 2.1043323990542 1.07390108875211
211031.59 13018.2192233047 13018.2192233047 0.631999638908327 2.1043323990542 1.07390108875211
211032.59 13028.9460635215 13028.9460635215 0.631999638908327 2.1043323990542 1.07390108875211
211033.59 13038.9448123904 13038.9448123904 0.631999638908327 2.1043323990542 1.07390108875211
211034.59 13048.1123070614 13048.1123070614 0.631999638908327 2.1043323990542 1.07390108875211
211035.59 13056.3038545006 13056.3038545006 0.631999638908327 2.1043323990542 1.07390108875211
211036.59 13063.1343411581 13063.1343411581 0.631999638908327 2.1043323990542 1.07390108875211
211037.59 13068.443659259 13068.443659259 0.631999638908327 2.1043323990542 1.07390108875211
211038.59 13072.1257376248 13072.1257376248 0.631999638908327 2.1043323990542 1.07390108875211
211039.59 13074.1186707068 13074.1186707068 0.631999638908327 2.1043323990542 1.07390108875211
211040.59 13074.8524908918 13074.8524908918 0.631999638908327 2.1043323990542 1.07390108875211
211041.59 13074.9578233965 13074.9578233965 0.631999638908327 2.1043323990542 1.07390108875211
211042.59 13074.9651204551 13074.9651204551 0.631999638908327 2.1043323990542 1.07390108875211
211043.59 13074.9714102779 13074.9714102779 0.631999638908327 2.1043323990542 1.07390108875211
211044.59 13074.9773232886 13074.9773232886 0.631999638908327 2.1043323990542 1.07390108875211
211045.59 13074.982859485 13074.982859485 0.631999638908327 2.1043323990542 1.07390108875211
211046.59 13074.9883956821 13074.9883956821 0.631999638908327 2.1043323990542 1.07390108875211
211047.59 13074.9935550638 13074.9935550638 0.631999638908327 2.1043323990542 1.07390108875211
211048.59 13074.997707212 13074.997707212 0.631999638908327 2.1043323990542 1.07390108875211
211049.59 13075.001482545 13075.001482545 0.631999638908327 2.1043323990542 1.07390108875211
211050.59 13075.0038738282 13075.0038738282 0.631999638908327 2.1043323990542 1.07390108875211
211051.59 13075.0072723469 13075.0072723469 0.631999638908327 2.1043323990542 1.07390108875211
211052.59 13075.0096636318 13075.0096636318 0.631999638908327 2.1043323990542 1.07390108875211
211053.59 13075.0110476809 13075.0110476809 0.631999638908327 2.1043323990542 1.07390108875211
211054.59 13075.0120549157 13075.0120549157 0.631999638908327 2.1043323990542 1.07390108875211
211055.59 13075.0126853357 13075.0126853357 0.631999638908327 2.1043323990542 1.07390108875211
211056.59 13075.0136925705 13075.0136925705 0.631999638908327 2.1043323990542 1.07390108875211
211057.59 13075.0136925705 13075.0136925705 0.631999638908327 2.1043323990542 1.07390108875211
211058.59 13075.0133157555 13075.0133157555 0.631999638908327 2.1043323990542 1.07390108875211
211059.59 13075.0129389414 13075.0129389414 0.631999638908327 2.1043323990542 1.07390108875211
211060.59 13075.0129389414 13075.0129389414 0.631999638908327 2.1043323990542 1.07390108875211
211061.59 13075.0115548924 13075.0115548924 0.631999638908327 2.1043323990542 1.07390108875211
211062.59 13075.0101708441 13075.0101708441 0.631999638908327 2.1043323990542 1.07390108875211
211063.59 13075.0097940301 13075.0097940301 0.631999638908327 2.1043323990542 1.07390108875211
211064.59 13075.0080331663 13075.0080331663 0.631999638908327 2.1043323990542 1.07390108875211
211065.59 13075.0070259312 13075.0070259312 0.631999638908327 2.1043323990542 1.07390108875211
211066.59 13075.0056418823 13075.0056418823 0.631999638908327 2.1043323990542 1.07390108875211
211067.59 13075.0038810186 13075.0038810186 0.631999638908327 2.1043323990542 1.07390108875211
211068.59 13075.0021201559 13075.0021201559 0.631999638908327 2.1043323990542 1.07390108875211
211069.59 13075.0007361071 13075.0007361071 0.631999638908327 2.1043323990542 1.07390108875211
211070.59 13074.9993520582 13074.9993520582 0.631999638908327 2.1043323990542 1.07390108875211
211071.59 13074.9979680091 13074.9979680091 0.631999638908327 2.1043323990542 1.07390108875211
211072.59 13075.0075331453 13075.0075331453 0.631999638908327 2.1043323990542 1.07390108875211
211073.59 13075.3711099316 13075.3711099316 0.631999638908327 2.1043323990542 1.07390108875211
211074.59 13076.9030614562 13076.9030614562 0.631999638908327 2.1043323990542 1.07390108875211
211075.59 13079.7110027647 13079.7110027647 0.631999638908327 2.1043323990542 1.07390108875211
211076.59 13083.820868275 13083.820868275 0.631999638908327 2.1043323990542 1.07390108875211
211077.59 13089.124296565 13089.124296565 0.631999638908327 2.1043323990542 1.07390108875211
211078.59 13095.4639493154 13095.4639493154 0.631999638908327 2.1043323990542 1.07390108875211
211079.59 13102.6910201322 13102.6910201322 0.631999638908327 2.1043323990542 1.07390108875211
211080.59 13110.5729697622 13110.5729697622 0.631999638908327 2.1043323990542 1.07390108875211
211081.59 13119.0616063861 13119.0616063861 0.631999638908327 2.1043323990542 1.07390108875211
211082.59 13128.0611601653 13128.0611601653 0.631999638908327 2.1043323990542 1.07390108875211
211083.59 13137.5615708269 13137.5615708269 0.631999638908327 2.1043323990542 1.07390108875211
211084.59 13147.5700741257 13147.5700741257 0.631999638908327 2.1043323990542 1.07390108875211
211085.59 13157.8889152468 13157.8889152468 0.631999638908327 2.1043323990542 1.07390108875211
211086.59 13168.4842535646 13168.4842535646 0.631999638908327 2.1043323990542 1.07390108875211
211087.59 13179.3241127345 13179.3241127345 0.631999638908327 2.1043323990542 1.07390108875211
211088.59 13190.3612422227 13190.3612422227 0.631999638908327 2.1043323990542 1.07390108875211
211089.59 13201.6023920124 13201.6023920124 0.631999638908327 2.1043323990542 1.07390108875211
211090.59 13213.0439415862 13213.0439415862 0.631999638908327 2.1043323990542 1.07390108875211
211091.59 13224.6107478065 13224.6107478065 0.631999638908327 2.1043323990542 1.07390108875211
211092.59 13236.1925583799 13236.1925583799 0.631999638908327 2.1043323990542 1.07390108875211
211093.59 13247.7657206361 13247.7657206361 0.631999638908327 2.1043323990542 1.07390108875211
211094.59 13259.3267196437 13259.3267196437 0.631999638908327 2.1043323990542 1.07390108875211
211095.59 13270.8922891739 13270.8922891739 0.631999638908327 2.1043323990542 1.07390108875211
211096.59 13282.4611714747 13282.4611714747 0.631999638908327 2.1043323990542 1.07390108875211
211097.59 13293.9807686508 13293.9807686508 0.631999638908327 2.1043323990542 1.07390108875211
211098.59 13305.3925716862 13305.3925716862 0.631999638908327 2.1043323990542 1.07390108875211
211099.59 13316.6979688428 13316.6979688428 0.631999638908327 2.1043323990542 1.07390108875211
211100.59 13328.0272164069 13328.0272164069 0.631999638908327 2.1043323990542 1.07390108875211
211101.59 13339.5279469565 13339.5279469565 0.631999638908327 2.1043323990542 1.07390108875211
211102.59 13351.2094928359 13351.2094928359 0.631999638908327 2.1043323990542 1.07390108875211
211103.59 13363.0563796738 13363.0563796738 0.631999638908327 2.1043323990542 1.07390108875211
211104.59 13374.9538411908 13374.9538411908 0.631999638908327 2.1043323990542 1.07390108875211
211105.59 13386.9349899816 13386.9349899816 0.631999638908327 2.1043323990542 1.07390108875211
211106.59 13398.9671306009 13398.9671306009 0.631999638908327 2.1043323990542 1.07390108875211
211107.59 13411.0416986705 13411.0416986705 0.631999638908327 2.1043323990542 1.07390108875211
211108.59 13423.1615948767 13423.1615948767 0.631999638908327 2.1043323990542 1.07390108875211
211109.59 13435.3479768721 13435.3479768721 0.631999638908327 2.1043323990542 1.07390108875211
211110.59 13447.6114863717 13447.6114863717 0.631999638908327 2.1043323990542 1.07390108875211
211111.59 13459.9443993647 13459.9443993647 0.631999638908327 2.1043323990542 1.07390108875211
211112.59 13472.3022757784 13472.3022757784 0.631999638908327 2.1043323990542 1.07390108875211
211113.59 13484.6669447784 13484.6669447784 0.631999638908327 2.1043323990542 1.07390108875211
211114.59 13497.0291203919 13497.0291203919 0.631999638908327 2.1043323990542 1.07390108875211
211115.59 13509.2589457961 13509.2589457961 0.631999638908327 2.1043323990542 1.07390108875211
211116.59 13521.350817161 13521.350817161 0.631999638908327 2.1043323990542 1.07390108875211
211117.59 13533.4570844636 13533.4570844636 0.631999638908327 2.1043323990542 1.07390108875211
211118.59 13545.5806479194 13545.5806479194 0.631999638908327 2.1043323990542 1.07390108875211
211119.59 13557.5494653694 13557.5494653694 0.631999638908327 2.1043323990542 1.07390108875211
211120.59 13569.2395741622 13569.2395741622 0.631999638908327 2.1043323990542 1.07390108875211
211121.59 13580.6000425857 13580.6000425857 0.631999638908327 2.1043323990542 1.07390108875211
211122.59 13591.8299456094 13591.8299456094 0.631999638908327 2.1043323990542 1.07390108875211
211123.59 13603.10362685 13603.10362685 0.631999638908327 2.1043323990542 1.07390108875211
211124.59 13614.3321337168 13614.3321337168 0.631999638908327 2.1043323990542 1.07390108875211
211125.59 13625.448147471 13625.448147471 0.631999638908327 2.1043323990542 1.07390108875211
211126.59 13636.5014370018 13636.5014370018 0.631999638908327 2.1043323990542 1.07390108875211
211127.59 13647.5304604369 13647.5304604369 0.631999638908327 2.1043323990542 1.07390108875211
211128.59 13658.534325387 13658.534325387 0.631999638908327 2.1043323990542 1.07390108875211
211129.59 13669.5382180252 13669.5382180252 0.631999638908327 2.1043323990542 1.07390108875211
211130.59 13680.5467520767 13680.5467520767 0.631999638908327 2.1043323990542 1.07390108875211
211131.59 13691.5656984555 13691.5656984555 0.631999638908327 2.1043323990542 1.07390108875211
211132.59 13702.6160556807 13702.6160556807 0.631999638908327 2.1043323990542 1.07390108875211
211133.59 13713.7709576975 13713.7709576975 0.631999638908327 2.1043323990542 1.07390108875211
211134.59 13725.0651525542 13725.0651525542 0.631999638908327 2.1043323990542 1.07390108875211
211135.59 13736.5025547368 13736.5025547368 0.631999638908327 2.1043323990542 1.07390108875211
211136.59 13748.0757162625 13748.0757162625 0.631999638908327 2.1043323990542 1.07390108875211
211137.59 13759.6987849327 13759.6987849327 0.631999638908327 2.1043323990542 1.07390108875211
211138.59 13771.3486476144 13771.3486476144 0.631999638908327 2.1043323990542 1.07390108875211
211139.59 13783.0591229679 13783.0591229679 0.631999638908327 2.1043323990542 1.07390108875211
211140.59 13794.8439396941 13794.8439396941 0.631999638908327 2.1043323990542 1.07390108875211
211141.59 13806.6992370539 13806.6992370539 0.631999638908327 2.1043323990542 1.07390108875211
211142.59 13818.5145219114 13818.5145219114 0.631999638908327 2.1043323990542 1.07390108875211
211143.59 13830.3014453654 13830.3014453654 0.631999638908327 2.1043323990542 1.07390108875211
211144.59 13842.094298994 13842.094298994 0.631999638908327 2.1043323990542 1.07390108875211
211145.59 13853.8004250852 13853.8004250852 0.631999638908327 2.1043323990542 1.07390108875211
211146.59 13865.4060263204 13865.4060263204 0.631999638908327 2.1043323990542 1.07390108875211
211147.59 13876.8985756979 13876.8985756979 0.631999638908327 2.1043323990542 1.07390108875211
211148.59 13888.2786756236 13888.2786756236 0.631999638908327 2.1043323990542 1.07390108875211
211149.59 13899.646181274 13899.646181274 0.631999638908327 2.1043323990542 1.07390108875211
211150.59 13911.0251455371 13911.0251455371 0.631999638908327 2.1043323990542 1.07390108875211
211151.59 13922.3987744736 13922.3987744736 0.631999638908327 2.1043323990542 1.07390108875211
211152.59 13933.6799026924 13933.6799026924 0.631999638908327 2.1043323990542 1.07390108875211
211153.59 13944.8859064403 13944.8859064403 0.631999638908327 2.1043323990542 1.07390108875211
211154.59 13956.0918592904 13956.0918592904 0.631999638908327 2.1043323990542 1.07390108875211
211155.59 13967.3260744611 13967.3260744611 0.631999638908327 2.1043323990542 1.07390108875211
211156.59 13978.5949684853 13978.5949684853 0.631999638908327 2.1043323990542 1.07390108875211
211157.59 13989.9211698009 13989.9211698009 0.631999638908327 2.1043323990542 1.07390108875211
211158.59 14001.3633942753 14001.3633942753 0.631999638908327 2.1043323990542 1.07390108875211
211159.59 14012.9260057209 14012.9260057209 0.631999638908327 2.1043323990542 1.07390108875211
211160.59 14024.6479439609 14024.6479439609 0.631999638908327 2.1043323990542 1.07390108875211
211161.59 14036.5264481176 14036.5264481176 0.631999638908327 2.1043323990542 1.07390108875211
211162.59 14048.4171626566 14048.4171626566 0.631999638908327 2.1043323990542 1.07390108875211
211163.59 14060.2921103426 14060.2921103426 0.631999638908327 2.1043323990542 1.07390108875211
211164.59 14072.1487912057 14072.1487912057 0.631999638908327 2.1043323990542 1.07390108875211
211165.59 14083.9977676875 14083.9977676875 0.631999638908327 2.1043323990542 1.07390108875211
211166.59 14095.8076540189 14095.8076540189 0.631999638908327 2.1043323990542 1.07390108875211
211167.59 14107.5432194763 14107.5432194763 0.631999638908327 2.1043323990542 1.07390108875211
211168.59 14119.2600024712 14119.2600024712 0.631999638908327 2.1043323990542 1.07390108875211
211169.59 14131.0079527203 14131.0079527203 0.631999638908327 2.1043323990542 1.07390108875211
211170.59 14142.7414783303 14142.7414783303 0.631999638908327 2.1043323990542 1.07390108875211
211171.59 14154.3541874979 14154.3541874979 0.631999638908327 2.1043323990542 1.07390108875211
211172.59 14165.7502076705 14165.7502076705 0.631999638908327 2.1043323990542 1.07390108875211
211173.59 14176.9406495293 14176.9406495293 0.631999638908327 2.1043323990542 1.07390108875211
211174.59 14188.0079728107 14188.0079728107 0.631999638908327 2.1043323990542 1.07390108875211
211175.59 14198.9617188009 14198.9617188009 0.631999638908327 2.1043323990542 1.07390108875211
211176.59 14209.800182265 14209.800182265 0.631999638908327 2.1043323990542 1.07390108875211
211177.59 14220.5153334335 14220.5153334335 0.631999638908327 2.1043323990542 1.07390108875211
211178.59 14231.117727046 14231.117727046 0.631999638908327 2.1043323990542 1.07390108875211
211179.59 14241.6140015681 14241.6140015681 0.631999638908327 2.1043323990542 1.07390108875211
211180.59 14252.0164183313 14252.0164183313 0.631999638908327 2.1043323990542 1.07390108875211
211181.59 14262.3328406572 14262.3328406572 0.631999638908327 2.1043323990542 1.07390108875211
211182.59 14272.662489275 14272.662489275 0.631999638908327 2.1043323990542 1.07390108875211
211183.59 14283.1236795804 14283.1236795804 0.631999638908327 2.1043323990542 1.07390108875211
211184.59 14293.6959386632 14293.6959386632 0.631999638908327 2.1043323990542 1.07390108875211
211185.59 14304.3023118824 14304.3023118824 0.631999638908327 2.1043323990542 1.07390108875211
211186.59 14314.874601316 14314.874601316 0.631999638908327 2.1043323990542 1.07390108875211
211187.59 14325.4490905259 14325.4490905259 0.631999638908327 2.1043323990542 1.07390108875211
211188.59 14336.1741003293 14336.1741003293 0.631999638908327 2.1043323990542 1.07390108875211
211189.59 14347.0776167944 14347.0776167944 0.631999638908327 2.1043323990542 1.07390108875211
211190.59 14358.0809256806 14358.0809256806 0.631999638908327 2.1043323990542 1.07390108875211
211191.59 14369.1983820567 14369.1983820567 0.631999638908327 2.1043323990542 1.07390108875211
211192.59 14380.4891290316 14380.4891290316 0.631999638908327 2.1043323990542 1.07390108875211
211193.59 14391.8744838228 14391.8744838228 0.631999638908327 2.1043323990542 1.07390108875211
211194.59 14403.1661368403 14403.1661368403 0.631999638908327 2.1043323990542 1.07390108875211
211195.59 14414.5184396715 14414.5184396715 0.631999638908327 2.1043323990542 1.07390108875211
211196.59 14425.8980358234 14425.8980358234 0.631999638908327 2.1043323990542 1.07390108875211
211197.59 14437.1839093609 14437.1839093609 0.631999638908327 2.1043323990542 1.07390108875211
211198.59 14448.2984857203 14448.2984857203 0.631999638908327 2.1043323990542 1.07390108875211
211199.59 14459.2761254227 14459.2761254227 0.631999638908327 2.1043323990542 1.07390108875211
211200.59 14470.1947028473 14470.1947028473 0.631999638908327 2.1043323990542 1.07390108875211
211201.59 14480.9252503534 14480.9252503534 0.631999638908327 2.1043323990542 1.07390108875211
211202.59 14491.4104423665 14491.4104423665 0.631999638908327 2.1043323990542 1.07390108875211
211203.59 14501.6782772451 14501.6782772451 0.631999638908327 2.1043323990542 1.07390108875211
211204.59 14511.8178246463 14511.8178246463 0.631999638908327 2.1043323990542 1.07390108875211
211205.59 14521.9298065911 14521.9298065911 0.631999638908327 2.1043323990542 1.07390108875211
211206.59 14532.0402237814 14532.0402237814 0.631999638908327 2.1043323990542 1.07390108875211
211207.59 14542.0690800451 14542.0690800451 0.631999638908327 2.1043323990542 1.07390108875211
211208.59 14552.1245166641 14552.1245166641 0.631999638908327 2.1043323990542 1.07390108875211
211209.59 14562.1514534405 14562.1514534405 0.631999638908327 2.1043323990542 1.07390108875211
211210.59 14571.9418517269 14571.9418517269 0.631999638908327 2.1043323990542 1.07390108875211
211211.59 14581.4652724177 14581.4652724177 0.631999638908327 2.1043323990542 1.07390108875211
211212.59 14590.9962402069 14590.9962402069 0.631999638908327 2.1043323990542 1.07390108875211
211213.59 14600.7091975494 14600.7091975494 0.631999638908327 2.1043323990542 1.07390108875211
211214.59 14610.7934112126 14610.7934112126 0.631999638908327 2.1043323990542 1.07390108875211
211215.59 14620.9944281792 14620.9944281792 0.631999638908327 2.1043323990542 1.07390108875211
211216.59 14631.339837074 14631.339837074 0.631999638908327 2.1043323990542 1.07390108875211
211217.59 14641.8424304905 14641.8424304905 0.631999638908327 2.1043323990542 1.07390108875211
211218.59 14652.4367305741 14652.4367305741 0.631999638908327 2.1043323990542 1.07390108875211
211219.59 14662.9303012354 14662.9303012354 0.631999638908327 2.1043323990542 1.07390108875211
211220.59 14673.116523483 14673.116523483 0.631999638908327 2.1043323990542 1.07390108875211
211221.59 14683.0027279714 14683.0027279714 0.631999638908327 2.1043323990542 1.07390108875211
211222.59 14692.6687376204 14692.6687376204 0.631999638908327 2.1043323990542 1.07390108875211
211223.59 14702.1491256387 14702.1491256387 0.631999638908327 2.1043323990542 1.07390108875211
211224.59 14711.2797273838 14711.2797273838 0.631999638908327 2.1043323990542 1.07390108875211
211225.59 14719.8373837076 14719.8373837076 0.631999638908327 2.1043323990542 1.07390108875211
211226.59 14727.5262283631 14727.5262283631 0.631999638908327 2.1043323990542 1.07390108875211
211227.59 14733.7877570766 14733.7877570766 0.631999638908327 2.1043323990542 1.07390108875211
211228.59 14738.4836616799 14738.4836616799 0.631999638908327 2.1043323990542 1.07390108875211
211229.59 14741.665369946 14741.665369946 0.631999638908327 2.1043323990542 1.07390108875211
211230.59 14743.9099483241 14743.9099483241 0.631999638908327 2.1043323990542 1.07390108875211
211231.59 14745.5255442353 14745.5255442353 0.631999638908327 2.1043323990542 1.07390108875211
211232.59 14746.5349949927 14746.5349949927 0.631999638908327 2.1043323990542 1.07390108875211
211233.59 14746.9903684682 14746.9903684682 0.631999638908327 2.1043323990542 1.07390108875211
211234.59 14747.1526989416 14747.1526989416 0.631999638908327 2.1043323990542 1.07390108875211
211235.59 14747.159865953 14747.159865953 0.631999638908327 2.1043323990542 1.07390108875211
211236.59 14747.1642539181 14747.1642539181 0.631999638908327 2.1043323990542 1.07390108875211
211237.59 14747.1688612727 14747.1688612727 0.631999638908327 2.1043323990542 1.07390108875211
211238.59 14747.172859193 14747.172859193 0.631999638908327 2.1043323990542 1.07390108875211
211239.59 14747.1772471586 14747.1772471586 0.631999638908327 2.1043323990542 1.07390108875211
211240.59 14747.1802455995 14747.1802455995 0.631999638908327 2.1043323990542 1.07390108875211
211241.59 14747.1832440399 14747.1832440399 0.631999638908327 2.1043323990542 1.07390108875211
211242.59 14747.185633044 14747.185633044 0.631999638908327 2.1043323990542 1.07390108875211
211243.59 14747.188241442 14747.188241442 0.631999638908327 2.1043323990542 1.07390108875211
211244.59 14747.189630965 14747.189630965 0.631999638908327 2.1043323990542 1.07390108875211
211245.59 14747.1916299253 14747.1916299253 0.631999638908327 2.1043323990542 1.07390108875211
211246.59 14747.1922393627 14747.1922393627 0.631999638908327 2.1043323990542 1.07390108875211
211247.59 14747.1928487992 14747.1928487992 0.631999638908327 2.1043323990542 1.07390108875211
211248.59 14747.1934582367 14747.1934582367 0.631999638908327 2.1043323990542 1.07390108875211
211249.59 14747.1934582367 14747.1934582367 0.631999638908327 2.1043323990542 1.07390108875211
211250.59 14747.1930681938 14747.1930681938 0.631999638908327 2.1043323990542 1.07390108875211
211251.59 14747.1930681938 14747.1930681938 0.631999638908327 2.1043323990542 1.07390108875211
211252.59 14747.1916786702 14747.1916786702 0.631999638908327 2.1043323990542 1.07390108875211
211253.59 14747.1912886274 14747.1912886274 0.631999638908327 2.1043323990542 1.07390108875211
211254.59 14747.1898991028 14747.1898991028 0.631999638908327 2.1043323990542 1.07390108875211
211255.59 14747.18950906 14747.18950906 0.631999638908327 2.1043323990542 1.07390108875211
211256.59 14747.1881195365 14747.1881195365 0.631999638908327 2.1043323990542 1.07390108875211
211257.59 14747.1871200558 14747.1871200558 0.631999638908327 2.1043323990542 1.07390108875211
211258.59 14747.1857305329 14747.1857305329 0.631999638908327 2.1043323990542 1.07390108875211
211259.59 14747.1847310529 14747.1847310529 0.631999638908327 2.1043323990542 1.07390108875211
211260.59 14747.1833415284 14747.1833415284 0.631999638908327 2.1043323990542 1.07390108875211
211261.59 14747.1819520049 14747.1819520049 0.631999638908327 2.1043323990542 1.07390108875211
211262.59 14747.1805624814 14747.1805624814 0.631999638908327 2.1043323990542 1.07390108875211
211263.59 14747.2075728676 14747.2075728676 0.631999638908327 2.1043323990542 1.07390108875211
211264.59 14747.5041752515 14747.5041752515 0.631999638908327 2.1043323990542 1.07390108875211
211265.59 14748.3316251659 14748.3316251659 0.631999638908327 2.1043323990542 1.07390108875211
211266.59 14749.3275259254 14749.3275259254 0.631999638908327 2.1043323990542 1.07390108875211
211267.59 14749.949742234 14749.949742234 0.631999638908327 2.1043323990542 1.07390108875211
211268.59 14750.5495072611 14750.5495072611 0.631999638908327 2.1043323990542 1.07390108875211
211269.59 14751.968950986 14751.968950986 0.631999638908327 2.1043323990542 1.07390108875211
211270.59 14754.1032535378 14754.1032535378 0.631999638908327 2.1043323990542 1.07390108875211
211271.59 14756.9584663446 14756.9584663446 0.631999638908327 2.1043323990542 1.07390108875211
211272.59 14760.5420850312 14760.5420850312 0.631999638908327 2.1043323990542 1.07390108875211
211273.59 14764.6972234749 14764.6972234749 0.631999638908327 2.1043323990542 1.07390108875211
211274.59 14769.3939507574 14769.3939507574 0.631999638908327 2.1043323990542 1.07390108875211
211275.59 14774.500900767 14774.500900767 0.631999638908327 2.1043323990542 1.07390108875211
211276.59 14780.0974611345 14780.0974611345 0.631999638908327 2.1043323990542 1.07390108875211
211277.59 14786.1896543205 14786.1896543205 0.631999638908327 2.1043323990542 1.07390108875211
211278.59 14792.831419829 14792.831419829 0.631999638908327 2.1043323990542 1.07390108875211
211279.59 14800.2557546033 14800.2557546033 0.631999638908327 2.1043323990542 1.07390108875211
211280.59 14808.5146219477 14808.5146219477 0.631999638908327 2.1043323990542 1.07390108875211
211281.59 14817.3844182216 14817.3844182216 0.631999638908327 2.1043323990542 1.07390108875211
211282.59 14826.5918901626 14826.5918901626 0.631999638908327 2.1043323990542 1.07390108875211
211283.59 14835.9008588081 14835.9008588081 0.631999638908327 2.1043323990542 1.07390108875211
211284.59 14845.3043735532 14845.3043735532 0.631999638908327 2.1043323990542 1.07390108875211
211285.59 14855.0603130093 14855.0603130093 0.631999638908327 2.1043323990542 1.07390108875211
211286.59 14865.1279537663 14865.1279537663 0.631999638908327 2.1043323990542 1.07390108875211
211287.59 14875.3567825718 14875.3567825718 0.631999638908327 2.1043323990542 1.07390108875211
211288.59 14885.7045792427 14885.7045792427 0.631999638908327 2.1043323990542 1.07390108875211
211289.59 14896.1277622572 14896.1277622572 0.631999638908327 2.1043323990542 1.07390108875211
211290.59 14906.564614169 14906.564614169 0.631999638908327 2.1043323990542 1.07390108875211
211291.59 14917.028728623 14917.028728623 0.631999638908327 2.1043323990542 1.07390108875211
211292.59 14927.5630037705 14927.5630037705 0.631999638908327 2.1043323990542 1.07390108875211
211293.59 14938.1558915323 14938.1558915323 0.631999638908327 2.1043323990542 1.07390108875211
211294.59 14948.8094222436 14948.8094222436 0.631999638908327 2.1043323990542 1.07390108875211
211295.59 14959.609016702 14959.609016702 0.631999638908327 2.1043323990542 1.07390108875211
211296.59 14970.5882910174 14970.5882910174 0.631999638908327 2.1043323990542 1.07390108875211
211297.59 14981.7856293435 14981.7856293435 0.631999638908327 2.1043323990542 1.07390108875211
211298.59 14993.2540829422 14993.2540829422 0.631999638908327 2.1043323990542 1.07390108875211
211299.59 15004.8902411398 15004.8902411398 0.631999638908327 2.1043323990542 1.07390108875211
211300.59 15016.7097595251 15016.7097595251 0.631999638908327 2.1043323990542 1.07390108875211
211301.59 15028.6472763157 15028.6472763157 0.631999638908327 2.1043323990542 1.07390108875211
211302.59 15040.6792970898 15040.6792970898 0.631999638908327 2.1043323990542 1.07390108875211
211303.59 15052.7829343281 15052.7829343281 0.631999638908327 2.1043323990542 1.07390108875211
211304.59 15064.8852435606 15064.8852435606 0.631999638908327 2.1043323990542 1.07390108875211
211305.59 15076.9803272517 15076.9803272517 0.631999638908327 2.1043323990542 1.07390108875211
211306.59 15089.1282698254 15089.1282698254 0.631999638908327 2.1043323990542 1.07390108875211
211307.59 15101.3414631466 15101.3414631466 0.631999638908327 2.1043323990542 1.07390108875211
211308.59 15113.6182545026 15113.6182545026 0.631999638908327 2.1043323990542 1.07390108875211
211309.59 15125.9603113832 15125.9603113832 0.631999638908327 2.1043323990542 1.07390108875211
211310.59 15138.3717445587 15138.3717445587 0.631999638908327 2.1043323990542 1.07390108875211
211311.59 15150.771022076 15150.771022076 0.631999638908327 2.1043323990542 1.07390108875211
211312.59 15163.1212100564 15163.1212100564 0.631999638908327 2.1043323990542 1.07390108875211
211313.59 15175.4885020892 15175.4885020892 0.631999638908327 2.1043323990542 1.07390108875211
211314.59 15187.9838000968 15187.9838000968 0.631999638908327 2.1043323990542 1.07390108875211
211315.59 15200.6105332899 15200.6105332899 0.631999638908327 2.1043323990542 1.07390108875211
211316.59 15213.2460307531 15213.2460307531 0.631999638908327 2.1043323990542 1.07390108875211
211317.59 15225.7651303481 15225.7651303481 0.631999638908327 2.1043323990542 1.07390108875211
211318.59 15238.1937027309 15238.1937027309 0.631999638908327 2.1043323990542 1.07390108875211
211319.59 15250.6319868955 15250.6319868955 0.631999638908327 2.1043323990542 1.07390108875211
211320.59 15263.1149075897 15263.1149075897 0.631999638908327 2.1043323990542 1.07390108875211
211321.59 15275.5999360423 15275.5999360423 0.631999638908327 2.1043323990542 1.07390108875211
211322.59 15288.0435395728 15288.0435395728 0.631999638908327 2.1043323990542 1.07390108875211
211323.59 15300.4180811113 15300.4180811113 0.631999638908327 2.1043323990542 1.07390108875211
211324.59 15312.6077914127 15312.6077914127 0.631999638908327 2.1043323990542 1.07390108875211
211325.59 15324.5403327387 15324.5403327387 0.631999638908327 2.1043323990542 1.07390108875211
211326.59 15336.3622612926 15336.3622612926 0.631999638908327 2.1043323990542 1.07390108875211
211327.59 15348.1409775814 15348.1409775814 0.631999638908327 2.1043323990542 1.07390108875211
211328.59 15359.6605139779 15359.6605139779 0.631999638908327 2.1043323990542 1.07390108875211
211329.59 15370.8676624275 15370.8676624275 0.631999638908327 2.1043323990542 1.07390108875211
211330.59 15381.8167141863 15381.8167141863 0.631999638908327 2.1043323990542 1.07390108875211
211331.59 15392.626377014 15392.626377014 0.631999638908327 2.1043323990542 1.07390108875211
211332.59 15403.2998159431 15403.2998159431 0.631999638908327 2.1043323990542 1.07390108875211
211333.59 15413.8435032919 15413.8435032919 0.631999638908327 2.1043323990542 1.07390108875211
211334.59 15424.2254950791 15424.2254950791 0.631999638908327 2.1043323990542 1.07390108875211
211335.59 15434.4719483522 15434.4719483522 0.631999638908327 2.1043323990542 1.07390108875211
211336.59 15444.6970898757 15444.6970898757 0.631999638908327 2.1043323990542 1.07390108875211
211337.59 15454.9329178217 15454.9329178217 0.631999638908327 2.1043323990542 1.07390108875211
211338.59 15465.2876498826 15465.2876498826 0.631999638908327 2.1043323990542 1.07390108875211
211339.59 15475.8070450575 15475.8070450575 0.631999638908327 2.1043323990542 1.07390108875211
211340.59 15486.3250780815 15486.3250780815 0.631999638908327 2.1043323990542 1.07390108875211
211341.59 15496.7723052148 15496.7723052148 0.631999638908327 2.1043323990542 1.07390108875211
211342.59 15507.0721691031 15507.0721691031 0.631999638908327 2.1043323990542 1.07390108875211
211343.59 15517.2031646775 15517.2031646775 0.631999638908327 2.1043323990542 1.07390108875211
211344.59 15527.1062506067 15527.1062506067 0.631999638908327 2.1043323990542 1.07390108875211
211345.59 15536.82234931 15536.82234931 0.631999638908327 2.1043323990542 1.07390108875211
211346.59 15546.4332368273 15546.4332368273 0.631999638908327 2.1043323990542 1.07390108875211
211347.59 15555.8498579776 15555.8498579776 0.631999638908327 2.1043323990542 1.07390108875211
211348.59 15565.0723951352 15565.0723951352 0.631999638908327 2.1043323990542 1.07390108875211
211349.59 15574.1994300194 15574.1994300194 0.631999638908327 2.1043323990542 1.07390108875211
211350.59 15583.310262483 15583.310262483 0.631999638908327 2.1043323990542 1.07390108875211
211351.59 15592.4225769587 15592.4225769587 0.631999638908327 2.1043323990542 1.07390108875211
211352.59 15601.5860059578 15601.5860059578 0.631999638908327 2.1043323990542 1.07390108875211
211353.59 15610.7456103198 15610.7456103198 0.631999638908327 2.1043323990542 1.07390108875211
211354.59 15619.7271853586 15619.7271853586 0.631999638908327 2.1043323990542 1.07390108875211
211355.59 15628.400538693 15628.400538693 0.631999638908327 2.1043323990542 1.07390108875211
211356.59 15636.9643463011 15636.9643463011 0.631999638908327 2.1043323990542 1.07390108875211
211357.59 15645.4966345783 15645.4966345783 0.631999638908327 2.1043323990542 1.07390108875211
211358.59 15653.9085103238 15653.9085103238 0.631999638908327 2.1043323990542 1.07390108875211
211359.59 15662.1591045622 15662.1591045622 0.631999638908327 2.1043323990542 1.07390108875211
211360.59 15670.4750188749 15670.4750188749 0.631999638908327 2.1043323990542 1.07390108875211
211361.59 15679.1005179322 15679.1005179322 0.631999638908327 2.1043323990542 1.07390108875211
211362.59 15687.7484801017 15687.7484801017 0.631999638908327 2.1043323990542 1.07390108875211
211363.59 15696.3967173004 15696.3967173004 0.631999638908327 2.1043323990542 1.07390108875211
211364.59 15705.1456386203 15705.1456386203 0.631999638908327 2.1043323990542 1.07390108875211
211365.59 15713.8884362237 15713.8884362237 0.631999638908327 2.1043323990542 1.07390108875211
211366.59 15722.5513166139 15722.5513166139 0.631999638908327 2.1043323990542 1.07390108875211
211367.59 15731.1354674055 15731.1354674055 0.631999638908327 2.1043323990542 1.07390108875211
211368.59 15739.7570246042 15739.7570246042 0.631999638908327 2.1043323990542 1.07390108875211
211369.59 15748.5385131308 15748.5385131308 0.631999638908327 2.1043323990542 1.07390108875211
211370.59 15757.3454970786 15757.3454970786 0.631999638908327 2.1043323990542 1.07390108875211
211371.59 15766.0674067462 15766.0674067462 0.631999638908327 2.1043323990542 1.07390108875211
211372.59 15774.8066754351 15774.8066754351 0.631999638908327 2.1043323990542 1.07390108875211
211373.59 15783.5459764486 15783.5459764486 0.631999638908327 2.1043323990542 1.07390108875211
211374.59 15792.3135609152 15792.3135609152 0.631999638908327 2.1043323990542 1.07390108875211
211375.59 15801.1368689251 15801.1368689251 0.631999638908327 2.1043323990542 1.07390108875211
211376.59 15810.0493363927 15810.0493363927 0.631999638908327 2.1043323990542 1.07390108875211
211377.59 15819.0046097213 15819.0046097213 0.631999638908327 2.1043323990542 1.07390108875211
211378.59 15827.9233183446 15827.9233183446 0.631999638908327 2.1043323990542 1.07390108875211
211379.59 15836.8376905619 15836.8376905619 0.631999638908327 2.1043323990542 1.07390108875211
211380.59 15845.8006360903 15845.8006360903 0.631999638908327 2.1043323990542 1.07390108875211
211381.59 15854.8390150465 15854.8390150465 0.631999638908327 2.1043323990542 1.07390108875211
211382.59 15863.925173458 15863.925173458 0.631999638908327 2.1043323990542 1.07390108875211
211383.59 15873.0581118309 15873.0581118309 0.631999638908327 2.1043323990542 1.07390108875211
211384.59 15882.231257574 15882.231257574 0.631999638908327 2.1043323990542 1.07390108875211
211385.59 15891.3288329901 15891.3288329901 0.631999638908327 2.1043323990542 1.07390108875211
211386.59 15900.3098787635 15900.3098787635 0.631999638908327 2.1043323990542 1.07390108875211
211387.59 15909.3212238144 15909.3212238144 0.631999638908327 2.1043323990542 1.07390108875211
211388.59 15918.3184966523 15918.3184966523 0.631999638908327 2.1043323990542 1.07390108875211
211389.59 15927.1944599055 15927.1944599055 0.631999638908327 2.1043323990542 1.07390108875211
211390.59 15936.0521710283 15936.0521710283 0.631999638908327 2.1043323990542 1.07390108875211
211391.59 15944.9683959962 15944.9683959962 0.631999638908327 2.1043323990542 1.07390108875211
211392.59 15953.9379652608 15953.9379652608 0.631999638908327 2.1043323990542 1.07390108875211
211393.59 15962.968436507 15962.968436507 0.631999638908327 2.1043323990542 1.07390108875211
211394.59 15972.0229674464 15972.0229674464 0.631999638908327 2.1043323990542 1.07390108875211
211395.59 15981.0243877115 15981.0243877115 0.631999638908327 2.1043323990542 1.07390108875211
211396.59 15989.8541564163 15989.8541564163 0.631999638908327 2.1043323990542 1.07390108875211
211397.59 15998.466556393 15998.466556393 0.631999638908327 2.1043323990542 1.07390108875211
211398.59 16006.9013440208 16006.9013440208 0.631999638908327 2.1043323990542 1.07390108875211
211399.59 16015.3642129707 16015.3642129707 0.631999638908327 2.1043323990542 1.07390108875211
211400.59 16023.9795309827 16023.9795309827 0.631999638908327 2.1043323990542 1.07390108875211
211401.59 16032.7331441481 16032.7331441481 0.631999638908327 2.1043323990542 1.07390108875211
211402.59 16041.5245364205 16041.5245364205 0.631999638908327 2.1043323990542 1.07390108875211
211403.59 16050.2879190534 16050.2879190534 0.631999638908327 2.1043323990542 1.07390108875211
211404.59 16059.1241433128 16059.1241433128 0.631999638908327 2.1043323990542 1.07390108875211
211405.59 16068.0801263991 16068.0801263991 0.631999638908327 2.1043323990542 1.07390108875211
211406.59 16077.1648565964 16077.1648565964 0.631999638908327 2.1043323990542 1.07390108875211
211407.59 16086.3903579305 16086.3903579305 0.631999638908327 2.1043323990542 1.07390108875211
211408.59 16095.7088377374 16095.7088377374 0.631999638908327 2.1043323990542 1.07390108875211
211409.59 16105.0611927088 16105.0611927088 0.631999638908327 2.1043323990542 1.07390108875211
211410.59 16114.4531597294 16114.4531597294 0.631999638908327 2.1043323990542 1.07390108875211
211411.59 16123.8929196517 16123.8929196517 0.631999638908327 2.1043323990542 1.07390108875211
211412.59 16133.2776052105 16133.2776052105 0.631999638908327 2.1043323990542 1.07390108875211
211413.59 16142.6018394399 16142.6018394399 0.631999638908327 2.1043323990542 1.07390108875211
211414.59 16151.8514566307 16151.8514566307 0.631999638908327 2.1043323990542 1.07390108875211
211415.59 16161.0523181837 16161.0523181837 0.631999638908327 2.1043323990542 1.07390108875211
211416.59 16170.1911723044 16170.1911723044 0.631999638908327 2.1043323990542 1.07390108875211
211417.59 16179.3020262662 16179.3020262662 0.631999638908327 2.1043323990542 1.07390108875211
211418.59 16188.4365801317 16188.4365801317 0.631999638908327 2.1043323990542 1.07390108875211
211419.59 16197.5449277577 16197.5449277577 0.631999638908327 2.1043323990542 1.07390108875211
211420.59 16206.6419872832 16206.6419872832 0.631999638908327 2.1043323990542 1.07390108875211
211421.59 16215.7324508334 16215.7324508334 0.631999638908327 2.1043323990542 1.07390108875211
211422.59 16224.8209775016 16224.8209775016 0.631999638908327 2.1043323990542 1.07390108875211
211423.59 16233.9314480802 16233.9314480802 0.631999638908327 2.1043323990542 1.07390108875211
211424.59 16242.9796970347 16242.9796970347 0.631999638908327 2.1043323990542 1.07390108875211
211425.59 16251.9195336627 16251.9195336627 0.631999638908327 2.1043323990542 1.07390108875211
211426.59 16260.8106609954 16260.8106609954 0.631999638908327 2.1043323990542 1.07390108875211
211427.59 16269.7444080031 16269.7444080031 0.631999638908327 2.1043323990542 1.07390108875211
211428.59 16278.7128154836 16278.7128154836 0.631999638908327 2.1043323990542 1.07390108875211
211429.59 16287.7821456968 16287.7821456968 0.631999638908327 2.1043323990542 1.07390108875211
211430.59 16296.8942698052 16296.8942698052 0.631999638908327 2.1043323990542 1.07390108875211
211431.59 16305.881910462 16305.881910462 0.631999638908327 2.1043323990542 1.07390108875211
211432.59 16314.7949403754 16314.7949403754 0.631999638908327 2.1043323990542 1.07390108875211
211433.59 16323.6992198344 16323.6992198344 0.631999638908327 2.1043323990542 1.07390108875211
211434.59 16332.5905180796 16332.5905180796 0.631999638908327 2.1043323990542 1.07390108875211
211435.59 16341.4173258013 16341.4173258013 0.631999638908327 2.1043323990542 1.07390108875211
211436.59 16350.1929548071 16350.1929548071 0.631999638908327 2.1043323990542 1.07390108875211
211437.59 16358.954623136 16358.954623136 0.631999638908327 2.1043323990542 1.07390108875211
211438.59 16367.7825000101 16367.7825000101 0.631999638908327 2.1043323990542 1.07390108875211
211439.59 16376.6865432242 16376.6865432242 0.631999638908327 2.1043323990542 1.07390108875211
211440.59 16385.6760318223 16385.6760318223 0.631999638908327 2.1043323990542 1.07390108875211
211441.59 16394.8198952658 16394.8198952658 0.631999638908327 2.1043323990542 1.07390108875211
211442.59 16404.1927121825 16404.1927121825 0.631999638908327 2.1043323990542 1.07390108875211
211443.59 16413.7015521677 16413.7015521677 0.631999638908327 2.1043323990542 1.07390108875211
211444.59 16423.2309862627 16423.2309862627 0.631999638908327 2.1043323990542 1.07390108875211
211445.59 16432.6921159385 16432.6921159385 0.631999638908327 2.1043323990542 1.07390108875211
211446.59 16442.084549304 16442.084549304 0.631999638908327 2.1043323990542 1.07390108875211
211447.59 16451.3348995658 16451.3348995658 0.631999638908327 2.1043323990542 1.07390108875211
211448.59 16460.4008559168 16460.4008559168 0.631999638908327 2.1043323990542 1.07390108875211
211449.59 16469.2475516705 16469.2475516705 0.631999638908327 2.1043323990542 1.07390108875211
211450.59 16477.8751659298 16477.8751659298 0.631999638908327 2.1043323990542 1.07390108875211
211451.59 16486.3697934381 16486.3697934381 0.631999638908327 2.1043323990542 1.07390108875211
211452.59 16494.7180405303 16494.7180405303 0.631999638908327 2.1043323990542 1.07390108875211
211453.59 16502.8842228085 16502.8842228085 0.631999638908327 2.1043323990542 1.07390108875211
211454.59 16510.9117570444 16510.9117570444 0.631999638908327 2.1043323990542 1.07390108875211
211455.59 16518.8432106337 16518.8432106337 0.631999638908327 2.1043323990542 1.07390108875211
211456.59 16526.6986947748 16526.6986947748 0.631999638908327 2.1043323990542 1.07390108875211
211457.59 16534.4722076026 16534.4722076026 0.631999638908327 2.1043323990542 1.07390108875211
211458.59 16542.1534079968 16542.1534079968 0.631999638908327 2.1043323990542 1.07390108875211
211459.59 16549.7144857685 16549.7144857685 0.631999638908327 2.1043323990542 1.07390108875211
211460.59 16557.0040545872 16557.0040545872 0.631999638908327 2.1043323990542 1.07390108875211
211461.59 16563.9371146862 16563.9371146862 0.631999638908327 2.1043323990542 1.07390108875211
211462.59 16570.5429351855 16570.5429351855 0.631999638908327 2.1043323990542 1.07390108875211
211463.59 16576.7907869752 16576.7907869752 0.631999638908327 2.1043323990542 1.07390108875211
211464.59 16582.5359156388 16582.5359156388 0.631999638908327 2.1043323990542 1.07390108875211
211465.59 16587.8488392956 16587.8488392956 0.631999638908327 2.1043323990542 1.07390108875211
211466.59 16592.7362745729 16592.7362745729 0.631999638908327 2.1043323990542 1.07390108875211
211467.59 16597.242064006 16597.242064006 0.631999638908327 2.1043323990542 1.07390108875211
211468.59 16601.225664554 16601.225664554 0.631999638908327 2.1043323990542 1.07390108875211
211469.59 16604.2939554943 16604.2939554943 0.631999638908327 2.1043323990542 1.07390108875211
211470.59 16606.5674604127 16606.5674604127 0.631999638908327 2.1043323990542 1.07390108875211
211471.59 16608.2057722187 16608.2057722187 0.631999638908327 2.1043323990542 1.07390108875211
211472.59 16609.0677477465 16609.0677477465 0.631999638908327 2.1043323990542 1.07390108875211
211473.59 16609.1862043996 16609.1862043996 0.631999638908327 2.1043323990542 1.07390108875211
211474.59 16609.1897943731 16609.1897943731 0.631999638908327 2.1043323990542 1.07390108875211
211475.59 16609.1929832072 16609.1929832072 0.631999638908327 2.1043323990542 1.07390108875211
211476.59 16609.1965731812 16609.1965731812 0.631999638908327 2.1043323990542 1.07390108875211
211477.59 16609.1987693085 16609.1987693085 0.631999638908327 2.1043323990542 1.07390108875211
211478.59 16609.201557002 16609.201557002 0.631999638908327 2.1043323990542 1.07390108875211
211479.59 16609.2047458357 16609.2047458357 0.631999638908327 2.1043323990542 1.07390108875211
211480.59 16609.2075335289 16609.2075335289 0.631999638908327 2.1043323990542 1.07390108875211
211481.59 16609.2089273765 16609.2089273765 0.631999638908327 2.1043323990542 1.07390108875211
211482.59 16609.2103212231 16609.2103212231 0.631999638908327 2.1043323990542 1.07390108875211
211483.59 16609.2117150697 16609.2117150697 0.631999638908327 2.1043323990542 1.07390108875211
211484.59 16609.2131089164 16609.2131089164 0.631999638908327 2.1043323990542 1.07390108875211
211485.59 16609.2145027624 16609.2145027624 0.631999638908327 2.1043323990542 1.07390108875211
211486.59 16609.21589661 16609.21589661 0.631999638908327 2.1043323990542 1.07390108875211
211487.59 16609.216889316 16609.216889316 0.631999638908327 2.1043323990542 1.07390108875211
211488.59 16609.216889316 16609.216889316 0.631999638908327 2.1043323990542 1.07390108875211
211489.59 16609.217882022 16609.217882022 0.631999638908327 2.1043323990542 1.07390108875211
211490.59 16609.2188747281 16609.2188747281 0.631999638908327 2.1043323990542 1.07390108875211
211491.59 16609.2188747281 16609.2188747281 0.631999638908327 2.1043323990542 1.07390108875211
211492.59 16609.2184735865 16609.2184735865 0.631999638908327 2.1043323990542 1.07390108875211
211493.59 16609.2184735865 16609.2184735865 0.631999638908327 2.1043323990542 1.07390108875211
211494.59 16609.2190651521 16609.2190651521 0.631999638908327 2.1043323990542 1.07390108875211
211495.59 16609.2190651521 16609.2190651521 0.631999638908327 2.1043323990542 1.07390108875211
211496.59 16609.2176713055 16609.2176713055 0.631999638908327 2.1043323990542 1.07390108875211
211497.59 16609.2554955912 16609.2554955912 0.631999638908327 2.1043323990542 1.07390108875211
211498.59 16609.6703594542 16609.6703594542 0.631999638908327 2.1043323990542 1.07390108875211
211499.59 16611.2448128135 16611.2448128135 0.631999638908327 2.1043323990542 1.07390108875211
211500.59 16614.3313167329 16614.3313167329 0.631999638908327 2.1043323990542 1.07390108875211
211501.59 16618.7465969639 16618.7465969639 0.631999638908327 2.1043323990542 1.07390108875211
211502.59 16624.0284609361 16624.0284609361 0.631999638908327 2.1043323990542 1.07390108875211
211503.59 16630.009554443 16630.009554443 0.631999638908327 2.1043323990542 1.07390108875211
211504.59 16636.7589708276 16636.7589708276 0.631999638908327 2.1043323990542 1.07390108875211
211505.59 16644.1067771029 16644.1067771029 0.631999638908327 2.1043323990542 1.07390108875211
211506.59 16651.9219179449 16651.9219179449 0.631999638908327 2.1043323990542 1.07390108875211
211507.59 16660.1312373468 16660.1312373468 0.631999638908327 2.1043323990542 1.07390108875211
211508.59 16668.6137275304 16668.6137275304 0.631999638908327 2.1043323990542 1.07390108875211
211509.59 16677.3118702413 16677.3118702413 0.631999638908327 2.1043323990542 1.07390108875211
211510.59 16686.1449943351 16686.1449943351 0.631999638908327 2.1043323990542 1.07390108875211
211511.59 16695.0119632597 16695.0119632597 0.631999638908327 2.1043323990542 1.07390108875211
211512.59 16704.025867484 16704.025867484 0.631999638908327 2.1043323990542 1.07390108875211
211513.59 16713.1028635593 16713.1028635593 0.631999638908327 2.1043323990542 1.07390108875211
211514.59 16722.220635539 16722.220635539 0.631999638908327 2.1043323990542 1.07390108875211
211515.59 16731.5345817888 16731.5345817888 0.631999638908327 2.1043323990542 1.07390108875211
211516.59 16740.9949342627 16740.9949342627 0.631999638908327 2.1043323990542 1.07390108875211
211517.59 16750.5545530421 16750.5545530421 0.631999638908327 2.1043323990542 1.07390108875211
211518.59 16759.9847708201 16759.9847708201 0.631999638908327 2.1043323990542 1.07390108875211
211519.59 16769.0936640093 16769.0936640093 0.631999638908327 2.1043323990542 1.07390108875211
211520.59 16777.9879262763 16777.9879262763 0.631999638908327 2.1043323990542 1.07390108875211
211521.59 16786.7111004352 16786.7111004352 0.631999638908327 2.1043323990542 1.07390108875211
211522.59 16795.4593271319 16795.4593271319 0.631999638908327 2.1043323990542 1.07390108875211
211523.59 16804.3669756302 16804.3669756302 0.631999638908327 2.1043323990542 1.07390108875211
211524.59 16813.3846077616 16813.3846077616 0.631999638908327 2.1043323990542 1.07390108875211
211525.59 16822.3942586486 16822.3942586486 0.631999638908327 2.1043323990542 1.07390108875211
211526.59 16831.3807702488 16831.3807702488 0.631999638908327 2.1043323990542 1.07390108875211
211527.59 16840.3088626575 16840.3088626575 0.631999638908327 2.1043323990542 1.07390108875211
211528.59 16849.2012785723 16849.2012785723 0.631999638908327 2.1043323990542 1.07390108875211
211529.59 16858.0933540953 16858.0933540953 0.631999638908327 2.1043323990542 1.07390108875211
211530.59 16867.0344573333 16867.0344573333 0.631999638908327 2.1043323990542 1.07390108875211
211531.59 16875.8838845623 16875.8838845623 0.631999638908327 2.1043323990542 1.07390108875211
211532.59 16884.6099588384 16884.6099588384 0.631999638908327 2.1043323990542 1.07390108875211
211533.59 16893.2437471611 16893.2437471611 0.631999638908327 2.1043323990542 1.07390108875211
211534.59 16901.7695871309 16901.7695871309 0.631999638908327 2.1043323990542 1.07390108875211
211535.59 16910.2219849891 16910.2219849891 0.631999638908327 2.1043323990542 1.07390108875211
211536.59 16918.6532324082 16918.6532324082 0.631999638908327 2.1043323990542 1.07390108875211
211537.59 16927.1683874796 16927.1683874796 0.631999638908327 2.1043323990542 1.07390108875211
211538.59 16935.8313770273 16935.8313770273 0.631999638908327 2.1043323990542 1.07390108875211
211539.59 16944.5123772748 16944.5123772748 0.631999638908327 2.1043323990542 1.07390108875211
211540.59 16953.2345138141 16953.2345138141 0.631999638908327 2.1043323990542 1.07390108875211
211541.59 16961.9980239626 16961.9980239626 0.631999638908327 2.1043323990542 1.07390108875211
211542.59 16970.7406879402 16970.7406879402 0.631999638908327 2.1043323990542 1.07390108875211
211543.59 16979.3695113963 16979.3695113963 0.631999638908327 2.1043323990542 1.07390108875211
211544.59 16987.9113014247 16987.9113014247 0.631999638908327 2.1043323990542 1.07390108875211
211545.59 16996.3955205182 16996.3955205182 0.631999638908327 2.1043323990542 1.07390108875211
211546.59 17004.755039831 17004.755039831 0.631999638908327 2.1043323990542 1.07390108875211
211547.59 17013.0027465776 17013.0027465776 0.631999638908327 2.1043323990542 1.07390108875211
211548.59 17021.2103229383 17021.2103229383 0.631999638908327 2.1043323990542 1.07390108875211
211549.59 17029.3386753946 17029.3386753946 0.631999638908327 2.1043323990542 1.07390108875211
211550.59 17037.4882584926 17037.4882584926 0.631999638908327 2.1043323990542 1.07390108875211
211551.59 17045.6655792279 17045.6655792279 0.631999638908327 2.1043323990542 1.07390108875211
211552.59 17053.8949686048 17053.8949686048 0.631999638908327 2.1043323990542 1.07390108875211
211553.59 17062.2455960474 17062.2455960474 0.631999638908327 2.1043323990542 1.07390108875211
211554.59 17070.7659043905 17070.7659043905 0.631999638908327 2.1043323990542 1.07390108875211
211555.59 17079.2682109445 17079.2682109445 0.631999638908327 2.1043323990542 1.07390108875211
211556.59 17087.6808712032 17087.6808712032 0.631999638908327 2.1043323990542 1.07390108875211
211557.59 17096.1065181595 17096.1065181595 0.631999638908327 2.1043323990542 1.07390108875211
211558.59 17104.5783065695 17104.5783065695 0.631999638908327 2.1043323990542 1.07390108875211
211559.59 17112.9181747719 17112.9181747719 0.631999638908327 2.1043323990542 1.07390108875211
211560.59 17121.03872514 17121.03872514 0.631999638908327 2.1043323990542 1.07390108875211
211561.59 17128.9333102108 17128.9333102108 0.631999638908327 2.1043323990542 1.07390108875211
211562.59 17136.5785121656 17136.5785121656 0.631999638908327 2.1043323990542 1.07390108875211
211563.59 17143.9471656737 17143.9471656737 0.631999638908327 2.1043323990542 1.07390108875211
211564.59 17151.0775417768 17151.0775417768 0.631999638908327 2.1043323990542 1.07390108875211
211565.59 17157.9915060942 17157.9915060942 0.631999638908327 2.1043323990542 1.07390108875211
211566.59 17164.8489225528 17164.8489225528 0.631999638908327 2.1043323990542 1.07390108875211
211567.59 17171.5793341399 17171.5793341399 0.631999638908327 2.1043323990542 1.07390108875211
211568.59 17178.0843378802 17178.0843378802 0.631999638908327 2.1043323990542 1.07390108875211
211569.59 17184.5005089174 17184.5005089174 0.631999638908327 2.1043323990542 1.07390108875211
211570.59 17191.2662851566 17191.2662851566 0.631999638908327 2.1043323990542 1.07390108875211
211571.59 17198.5251158736 17198.5251158736 0.631999638908327 2.1043323990542 1.07390108875211
211572.59 17206.2487497946 17206.2487497946 0.631999638908327 2.1043323990542 1.07390108875211
211573.59 17214.3587232273 17214.3587232273 0.631999638908327 2.1043323990542 1.07390108875211
211574.59 17222.8219833505 17222.8219833505 0.631999638908327 2.1043323990542 1.07390108875211
211575.59 17231.5031494646 17231.5031494646 0.631999638908327 2.1043323990542 1.07390108875211
211576.59 17240.31117117 17240.31117117 0.631999638908327 2.1043323990542 1.07390108875211
211577.59 17249.272534965 17249.272534965 0.631999638908327 2.1043323990542 1.07390108875211
211578.59 17258.3243806712 17258.3243806712 0.631999638908327 2.1043323990542 1.07390108875211
211579.59 17267.4169393931 17267.4169393931 0.631999638908327 2.1043323990542 1.07390108875211
211580.59 17276.5257114038 17276.5257114038 0.631999638908327 2.1043323990542 1.07390108875211
211581.59 17285.6262336412 17285.6262336412 0.631999638908327 2.1043323990542 1.07390108875211
211582.59 17294.6741504414 17294.6741504414 0.631999638908327 2.1043323990542 1.07390108875211
211583.59 17303.6425240314 17303.6425240314 0.631999638908327 2.1043323990542 1.07390108875211
211584.59 17312.6412568075 17312.6412568075 0.631999638908327 2.1043323990542 1.07390108875211
211585.59 17321.7136433524 17321.7136433524 0.631999638908327 2.1043323990542 1.07390108875211
211586.59 17330.83734658 17330.83734658 0.631999638908327 2.1043323990542 1.07390108875211
211587.59 17340.0538716121 17340.0538716121 0.631999638908327 2.1043323990542 1.07390108875211
211588.59 17349.3044502643 17349.3044502643 0.631999638908327 2.1043323990542 1.07390108875211
211589.59 17358.5837755937 17358.5837755937 0.631999638908327 2.1043323990542 1.07390108875211
211590.59 17367.9081840522 17367.9081840522 0.631999638908327 2.1043323990542 1.07390108875211
211591.59 17377.2484106355 17377.2484106355 0.631999638908327 2.1043323990542 1.07390108875211
211592.59 17386.5261422484 17386.5261422484 0.631999638908327 2.1043323990542 1.07390108875211
211593.59 17395.6666715036 17395.6666715036 0.631999638908327 2.1043323990542 1.07390108875211
211594.59 17404.6188714709 17404.6188714709 0.631999638908327 2.1043323990542 1.07390108875211
211595.59 17413.3581252666 17413.3581252666 0.631999638908327 2.1043323990542 1.07390108875211
211596.59 17421.9778388686 17421.9778388686 0.631999638908327 2.1043323990542 1.07390108875211
211597.59 17430.501011349 17430.501011349 0.631999638908327 2.1043323990542 1.07390108875211
211598.59 17438.7612929347 17438.7612929347 0.631999638908327 2.1043323990542 1.07390108875211
211599.59 17446.660400897 17446.660400897 0.631999638908327 2.1043323990542 1.07390108875211
211600.59 17454.3380178605 17454.3380178605 0.631999638908327 2.1043323990542 1.07390108875211
211601.59 17461.9427333587 17461.9427333587 0.631999638908327 2.1043323990542 1.07390108875211
211602.59 17469.6021442747 17469.6021442747 0.631999638908327 2.1043323990542 1.07390108875211
211603.59 17477.3662499231 17477.3662499231 0.631999638908327 2.1043323990542 1.07390108875211
211604.59 17485.1560009212 17485.1560009212 0.631999638908327 2.1043323990542 1.07390108875211
211605.59 17492.8840285244 17492.8840285244 0.631999638908327 2.1043323990542 1.07390108875211
211606.59 17500.5879080865 17500.5879080865 0.631999638908327 2.1043323990542 1.07390108875211
211607.59 17508.2008512398 17508.2008512398 0.631999638908327 2.1043323990542 1.07390108875211
211608.59 17515.5230789574 17515.5230789574 0.631999638908327 2.1043323990542 1.07390108875211
211609.59 17522.0331769349 17522.0331769349 0.631999638908327 2.1043323990542 1.07390108875211
211610.59 17527.8482125181 17527.8482125181 0.631999638908327 2.1043323990542 1.07390108875211
211611.59 17533.5558033455 17533.5558033455 0.631999638908327 2.1043323990542 1.07390108875211
211612.59 17539.3982433965 17539.3982433965 0.631999638908327 2.1043323990542 1.07390108875211
211613.59 17545.4194891252 17545.4194891252 0.631999638908327 2.1043323990542 1.07390108875211
211614.59 17551.7811002714 17551.7811002714 0.631999638908327 2.1043323990542 1.07390108875211
211615.59 17558.6620906275 17558.6620906275 0.631999638908327 2.1043323990542 1.07390108875211
211616.59 17565.9966724716 17565.9966724716 0.631999638908327 2.1043323990542 1.07390108875211
211617.59 17573.7456306325 17573.7456306325 0.631999638908327 2.1043323990542 1.07390108875211
211618.59 17581.8497170322 17581.8497170322 0.631999638908327 2.1043323990542 1.07390108875211
211619.59 17590.2391018107 17590.2391018107 0.631999638908327 2.1043323990542 1.07390108875211
211620.59 17598.8749198732 17598.8749198732 0.631999638908327 2.1043323990542 1.07390108875211
211621.59 17607.6849251257 17607.6849251257 0.631999638908327 2.1043323990542 1.07390108875211
211622.59 17616.5461767012 17616.5461767012 0.631999638908327 2.1043323990542 1.07390108875211
211623.59 17625.4765226496 17625.4765226496 0.631999638908327 2.1043323990542 1.07390108875211
211624.59 17634.5461137028 17634.5461137028 0.631999638908327 2.1043323990542 1.07390108875211
211625.59 17643.7814260031 17643.7814260031 0.631999638908327 2.1043323990542 1.07390108875211
211626.59 17653.0432418498 17653.0432418498 0.631999638908327 2.1043323990542 1.07390108875211
211627.59 17662.0729062658 17662.0729062658 0.631999638908327 2.1043323990542 1.07390108875211
211628.59 17670.7763297727 17670.7763297727 0.631999638908327 2.1043323990542 1.07390108875211
211629.59 17679.1629456986 17679.1629456986 0.631999638908327 2.1043323990542 1.07390108875211
211630.59 17687.0977129341 17687.0977129341 0.631999638908327 2.1043323990542 1.07390108875211
211631.59 17694.3310511581 17694.3310511581 0.631999638908327 2.1043323990542 1.07390108875211
211632.59 17700.3069544424 17700.3069544424 0.631999638908327 2.1043323990542 1.07390108875211
211633.59 17705.3329045047 17705.3329045047 0.631999638908327 2.1043323990542 1.07390108875211
211634.59 17709.4253831244 17709.4253831244 0.631999638908327 2.1043323990542 1.07390108875211
211635.59 17712.3672739685 17712.3672739685 0.631999638908327 2.1043323990542 1.07390108875211
211636.59 17714.0875066036 17714.0875066036 0.631999638908327 2.1043323990542 1.07390108875211
211637.59 17715.0079690321 17715.0079690321 0.631999638908327 2.1043323990542 1.07390108875211
211638.59 17715.3561238558 17715.3561238558 0.631999638908327 2.1043323990542 1.07390108875211
211639.59 17715.3846100292 17715.3846100292 0.631999638908327 2.1043323990542 1.07390108875211
211640.59 17715.3916190262 17715.3916190262 0.631999638908327 2.1043323990542 1.07390108875211
211641.59 17715.3976494591 17715.3976494591 0.631999638908327 2.1043323990542 1.07390108875211
211642.59 17715.4032566576 17715.4032566576 0.631999638908327 2.1043323990542 1.07390108875211
211643.59 17715.407885291 17715.407885291 0.631999638908327 2.1043323990542 1.07390108875211
211644.59 17715.4120906896 17715.4120906896 0.631999638908327 2.1043323990542 1.07390108875211
211645.59 17715.4167193236 17715.4167193236 0.631999638908327 2.1043323990542 1.07390108875211
211646.59 17715.4209247219 17715.4209247219 0.631999638908327 2.1043323990542 1.07390108875211
211647.59 17715.4237283213 17715.4237283213 0.631999638908327 2.1043323990542 1.07390108875211
211648.59 17715.4259765917 17715.4259765917 0.631999638908327 2.1043323990542 1.07390108875211
211649.59 17715.4287801917 17715.4287801917 0.631999638908327 2.1043323990542 1.07390108875211
211650.59 17715.4301819912 17715.4301819912 0.631999638908327 2.1043323990542 1.07390108875211
211651.59 17715.4315837907 17715.4315837907 0.631999638908327 2.1043323990542 1.07390108875211
211652.59 17715.4324302629 17715.4324302629 0.631999638908327 2.1043323990542 1.07390108875211
211653.59 17715.4334088268 17715.4334088268 0.631999638908327 2.1043323990542 1.07390108875211
211654.59 17715.4338320625 17715.4338320625 0.631999638908327 2.1043323990542 1.07390108875211
211655.59 17715.4338320625 17715.4338320625 0.631999638908327 2.1043323990542 1.07390108875211
211656.59 17715.4338320625 17715.4338320625 0.631999638908327 2.1043323990542 1.07390108875211
211657.59 17715.4328534986 17715.4328534986 0.631999638908327 2.1043323990542 1.07390108875211
211658.59 17715.4328534986 17715.4328534986 0.631999638908327 2.1043323990542 1.07390108875211
211659.59 17715.4314516991 17715.4314516991 0.631999638908327 2.1043323990542 1.07390108875211
211660.59 17715.4304731352 17715.4304731352 0.631999638908327 2.1043323990542 1.07390108875211
211661.59 17715.4300498995 17715.4300498995 0.631999638908327 2.1043323990542 1.07390108875211
211662.59 17715.428648099 17715.428648099 0.631999638908327 2.1043323990542 1.07390108875211
211663.59 17715.4272462994 17715.4272462994 0.631999638908327 2.1043323990542 1.07390108875211
211664.59 17715.4258444999 17715.4258444999 0.631999638908327 2.1043323990542 1.07390108875211
211665.59 17715.4244427004 17715.4244427004 0.631999638908327 2.1043323990542 1.07390108875211
211666.59 17715.4230409005 17715.4230409005 0.631999638908327 2.1043323990542 1.07390108875211
211667.59 17715.421639101 17715.421639101 0.631999638908327 2.1043323990542 1.07390108875211
211668.59 17715.4202373015 17715.4202373015 0.631999638908327 2.1043323990542 1.07390108875211
211669.59 17715.418835502 17715.418835502 0.631999638908327 2.1043323990542 1.07390108875211
211670.59 17715.4174337031 17715.4174337031 0.631999638908327 2.1043323990542 1.07390108875211
211671.59 17715.4160319026 17715.4160319026 0.631999638908327 2.1043323990542 1.07390108875211
211672.59 17715.4156086671 17715.4156086671 0.631999638908327 2.1043323990542 1.07390108875211
211673.59 17715.4146301031 17715.4146301031 0.631999638908327 2.1043323990542 1.07390108875211
211674.59 17715.4132283036 17715.4132283036 0.631999638908327 2.1043323990542 1.07390108875211
211675.59 17715.4128050682 17715.4128050682 0.631999638908327 2.1043323990542 1.07390108875211
211676.59 17715.4114032682 17715.4114032682 0.631999638908327 2.1043323990542 1.07390108875211
211677.59 17715.4109800328 17715.4109800328 0.631999638908327 2.1043323990542 1.07390108875211
211678.59 17715.4100014688 17715.4100014688 0.631999638908327 2.1043323990542 1.07390108875211
211679.59 17715.4095782334 17715.4095782334 0.631999638908327 2.1043323990542 1.07390108875211
211680.59 17715.409154998 17715.409154998 0.631999638908327 2.1043323990542 1.07390108875211
211681.59 17715.409154998 17715.409154998 0.631999638908327 2.1043323990542 1.07390108875211
211682.59 17715.4077531986 17715.4077531986 0.631999638908327 2.1043323990542 1.07390108875211
211683.59 17715.4077531986 17715.4077531986 0.631999638908327 2.1043323990542 1.07390108875211
211684.59 17715.4077531986 17715.4077531986 0.631999638908327 2.1043323990542 1.07390108875211
211685.59 17715.4073299622 17715.4073299622 0.631999638908327 2.1043323990542 1.07390108875211
211686.59 17715.4073299622 17715.4073299622 0.631999638908327 2.1043323990542 1.07390108875211
211687.59 17715.4063513981 17715.4063513981 0.631999638908327 2.1043323990542 1.07390108875211
211688.59 17715.4063513981 17715.4063513981 0.631999638908327 2.1043323990542 1.07390108875211
211689.59 17715.4063513981 17715.4063513981 0.631999638908327 2.1043323990542 1.07390108875211
211690.59 17715.4073299622 17715.4073299622 0.631999638908327 2.1043323990542 1.07390108875211
211691.59 17715.4073299622 17715.4073299622 0.631999638908327 2.1043323990542 1.07390108875211
211692.59 17715.4069067269 17715.4069067269 0.631999638908327 2.1043323990542 1.07390108875211
211693.59 17715.4069067269 17715.4069067269 0.631999638908327 2.1043323990542 1.07390108875211
211694.59 17715.4073299622 17715.4073299622 0.631999638908327 2.1043323990542 1.07390108875211
211695.59 17715.4073299622 17715.4073299622 0.631999638908327 2.1043323990542 1.07390108875211
211696.59 17715.4083085263 17715.4083085263 0.631999638908327 2.1043323990542 1.07390108875211
211697.59 17715.4083085263 17715.4083085263 0.631999638908327 2.1043323990542 1.07390108875211
211698.59 17715.4083085263 17715.4083085263 0.631999638908327 2.1043323990542 1.07390108875211
211699.59 17715.4083085263 17715.4083085263 0.631999638908327 2.1043323990542 1.07390108875211
211700.59 17715.4083085263 17715.4083085263 0.631999638908327 2.1043323990542 1.07390108875211
211701.59 17715.4092870904 17715.4092870904 0.631999638908327 2.1043323990542 1.07390108875211
211702.59 17715.4092870904 17715.4092870904 0.631999638908327 2.1043323990542 1.07390108875211
211703.59 17715.4097103267 17715.4097103267 0.631999638908327 2.1043323990542 1.07390108875211
211704.59 17715.4097103267 17715.4097103267 0.631999638908327 2.1043323990542 1.07390108875211
211705.59 17715.4101335621 17715.4101335621 0.631999638908327 2.1043323990542 1.07390108875211
211706.59 17715.4111121255 17715.4111121255 0.631999638908327 2.1043323990542 1.07390108875211
211707.59 17715.4105567974 17715.4105567974 0.631999638908327 2.1043323990542 1.07390108875211
211708.59 17715.4115353609 17715.4115353609 0.631999638908327 2.1043323990542 1.07390108875211
211709.59 17715.4115353609 17715.4115353609 0.631999638908327 2.1043323990542 1.07390108875211
211710.59 17715.4115353609 17715.4115353609 0.631999638908327 2.1043323990542 1.07390108875211
211711.59 17715.4119585962 17715.4119585962 0.631999638908327 2.1043323990542 1.07390108875211
211712.59 17715.4119585962 17715.4119585962 0.631999638908327 2.1043323990542 1.07390108875211
211713.59 17715.4119585962 17715.4119585962 0.631999638908327 2.1043323990542 1.07390108875211
211714.59 17715.4119585962 17715.4119585962 0.631999638908327 2.1043323990542 1.07390108875211
211715.59 17715.4123818316 17715.4123818316 0.631999638908327 2.1043323990542 1.07390108875211
211716.59 17715.4133603957 17715.4133603957 0.631999638908327 2.1043323990542 1.07390108875211
211717.59 17715.4133603957 17715.4133603957 0.631999638908327 2.1043323990542 1.07390108875211
211718.59 17715.4133603957 17715.4133603957 0.631999638908327 2.1043323990542 1.07390108875211
211719.59 17715.4143389597 17715.4143389597 0.631999638908327 2.1043323990542 1.07390108875211
211720.59 17715.4143389597 17715.4143389597 0.631999638908327 2.1043323990542 1.07390108875211
211721.59 17715.4143389597 17715.4143389597 0.631999638908327 2.1043323990542 1.07390108875211
211722.59 17715.4153175238 17715.4153175238 0.631999638908327 2.1043323990542 1.07390108875211
211723.59 17715.4153175238 17715.4153175238 0.631999638908327 2.1043323990542 1.07390108875211
211724.59 17715.4153175238 17715.4153175238 0.631999638908327 2.1043323990542 1.07390108875211
211725.59 17715.4153175238 17715.4153175238 0.631999638908327 2.1043323990542 1.07390108875211
211726.59 17715.4167193237 17715.4167193237 0.631999638908327 2.1043323990542 1.07390108875211
211727.59 17715.8044985835 17715.8044985835 0.631999638908327 2.1043323990542 1.07390108875211
211728.59 17717.3637567607 17717.3637567607 0.631999638908327 2.1043323990542 1.07390108875211
211729.59 17719.9746853023 17719.9746853023 0.631999638908327 2.1043323990542 1.07390108875211
211730.59 17723.4991825928 17723.4991825928 0.631999638908327 2.1043323990542 1.07390108875211
211731.59 17727.8640390141 17727.8640390141 0.631999638908327 2.1043323990542 1.07390108875211
211732.59 17732.9431636447 17732.9431636447 0.631999638908327 2.1043323990542 1.07390108875211
211733.59 17738.5256824785 17738.5256824785 0.631999638908327 2.1043323990542 1.07390108875211
211734.59 17744.504123294 17744.504123294 0.631999638908327 2.1043323990542 1.07390108875211
211735.59 17750.8799539955 17750.8799539955 0.631999638908327 2.1043323990542 1.07390108875211
211736.59 17757.6195760211 17757.6195760211 0.631999638908327 2.1043323990542 1.07390108875211
211737.59 17764.7552222799 17764.7552222799 0.631999638908327 2.1043323990542 1.07390108875211
211738.59 17772.2628723627 17772.2628723627 0.631999638908327 2.1043323990542 1.07390108875211
211739.59 17779.9804329361 17779.9804329361 0.631999638908327 2.1043323990542 1.07390108875211
211740.59 17787.795435711 17787.795435711 0.631999638908327 2.1043323990542 1.07390108875211
211741.59 17795.6731117463 17795.6731117463 0.631999638908327 2.1043323990542 1.07390108875211
211742.59 17803.4748428011 17803.4748428011 0.631999638908327 2.1043323990542 1.07390108875211
211743.59 17811.2705168227 17811.2705168227 0.631999638908327 2.1043323990542 1.07390108875211
211744.59 17819.0087448621 17819.0087448621 0.631999638908327 2.1043323990542 1.07390108875211
211745.59 17826.662851129 17826.662851129 0.631999638908327 2.1043323990542 1.07390108875211
211746.59 17834.3283413586 17834.3283413586 0.631999638908327 2.1043323990542 1.07390108875211
211747.59 17842.0197916434 17842.0197916434 0.631999638908327 2.1043323990542 1.07390108875211
211748.59 17849.7485284686 17849.7485284686 0.631999638908327 2.1043323990542 1.07390108875211
211749.59 17857.5462749809 17857.5462749809 0.631999638908327 2.1043323990542 1.07390108875211
211750.59 17865.4206538184 17865.4206538184 0.631999638908327 2.1043323990542 1.07390108875211
211751.59 17873.351079625 17873.351079625 0.631999638908327 2.1043323990542 1.07390108875211
211752.59 17881.3041692452 17881.3041692452 0.631999638908327 2.1043323990542 1.07390108875211
211753.59 17889.2068262433 17889.2068262433 0.631999638908327 2.1043323990542 1.07390108875211
211754.59 17897.0393197614 17897.0393197614 0.631999638908327 2.1043323990542 1.07390108875211
211755.59 17904.8029830442 17904.8029830442 0.631999638908327 2.1043323990542 1.07390108875211
211756.59 17912.532408784 17912.532408784 0.631999638908327 2.1043323990542 1.07390108875211
211757.59 17920.2280459818 17920.2280459818 0.631999638908327 2.1043323990542 1.07390108875211
211758.59 17927.8606962866 17927.8606962866 0.631999638908327 2.1043323990542 1.07390108875211
211759.59 17935.4536044447 17935.4536044447 0.631999638908327 2.1043323990542 1.07390108875211
211760.59 17942.9983406224 17942.9983406224 0.631999638908327 2.1043323990542 1.07390108875211
211761.59 17950.4997458085 17950.4997458085 0.631999638908327 2.1043323990542 1.07390108875211
211762.59 17958.0054859641 17958.0054859641 0.631999638908327 2.1043323990542 1.07390108875211
211763.59 17965.5519014378 17965.5519014378 0.631999638908327 2.1043323990542 1.07390108875211
211764.59 17973.1735694947 17973.1735694947 0.631999638908327 2.1043323990542 1.07390108875211
211765.59 17981.0222401608 17981.0222401608 0.631999638908327 2.1043323990542 1.07390108875211
211766.59 17989.1622083297 17989.1622083297 0.631999638908327 2.1043323990542 1.07390108875211
211767.59 17997.490935881 17997.490935881 0.631999638908327 2.1043323990542 1.07390108875211
211768.59 18005.982909711 18005.982909711 0.631999638908327 2.1043323990542 1.07390108875211
211769.59 18014.6047302892 18014.6047302892 0.631999638908327 2.1043323990542 1.07390108875211
211770.59 18023.270973569 18023.270973569 0.631999638908327 2.1043323990542 1.07390108875211
211771.59 18031.9610897103 18031.9610897103 0.631999638908327 2.1043323990542 1.07390108875211
211772.59 18040.6313037887 18040.6313037887 0.631999638908327 2.1043323990542 1.07390108875211
211773.59 18049.2500799831 18049.2500799831 0.631999638908327 2.1043323990542 1.07390108875211
211774.59 18057.851930631 18057.851930631 0.631999638908327 2.1043323990542 1.07390108875211
211775.59 18066.4288482321 18066.4288482321 0.631999638908327 2.1043323990542 1.07390108875211
211776.59 18074.8852977422 18074.8852977422 0.631999638908327 2.1043323990542 1.07390108875211
211777.59 18083.3489752173 18083.3489752173 0.631999638908327 2.1043323990542 1.07390108875211
211778.59 18091.9362372183 18091.9362372183 0.631999638908327 2.1043323990542 1.07390108875211
211779.59 18100.5639671952 18100.5639671952 0.631999638908327 2.1043323990542 1.07390108875211
211780.59 18109.109636869 18109.109636869 0.631999638908327 2.1043323990542 1.07390108875211
211781.59 18117.5597669324 18117.5597669324 0.631999638908327 2.1043323990542 1.07390108875211
211782.59 18125.9357238338 18125.9357238338 0.631999638908327 2.1043323990542 1.07390108875211
211783.59 18134.2066186662 18134.2066186662 0.631999638908327 2.1043323990542 1.07390108875211
211784.59 18142.3733829559 18142.3733829559 0.631999638908327 2.1043323990542 1.07390108875211
211785.59 18150.5276730114 18150.5276730114 0.631999638908327 2.1043323990542 1.07390108875211
211786.59 18158.759786291 18158.759786291 0.631999638908327 2.1043323990542 1.07390108875211
211787.59 18167.1065066864 18167.1065066864 0.631999638908327 2.1043323990542 1.07390108875211
211788.59 18175.5779338229 18175.5779338229 0.631999638908327 2.1043323990542 1.07390108875211
211789.59 18184.1757953922 18184.1757953922 0.631999638908327 2.1043323990542 1.07390108875211
211790.59 18192.891182485 18192.891182485 0.631999638908327 2.1043323990542 1.07390108875211
211791.59 18201.7328194067 18201.7328194067 0.631999638908327 2.1043323990542 1.07390108875211
211792.59 18210.6293294283 18210.6293294283 0.631999638908327 2.1043323990542 1.07390108875211
211793.59 18219.5527739395 18219.5527739395 0.631999638908327 2.1043323990542 1.07390108875211
211794.59 18228.5694833904 18228.5694833904 0.631999638908327 2.1043323990542 1.07390108875211
211795.59 18237.6994281929 18237.6994281929 0.631999638908327 2.1043323990542 1.07390108875211
211796.59 18246.9267664109 18246.9267664109 0.631999638908327 2.1043323990542 1.07390108875211
211797.59 18256.2030270792 18256.2030270792 0.631999638908327 2.1043323990542 1.07390108875211
211798.59 18265.4751765947 18265.4751765947 0.631999638908327 2.1043323990542 1.07390108875211
211799.59 18274.7798705376 18274.7798705376 0.631999638908327 2.1043323990542 1.07390108875211
211800.59 18284.0990302042 18284.0990302042 0.631999638908327 2.1043323990542 1.07390108875211
211801.59 18293.3968975972 18293.3968975972 0.631999638908327 2.1043323990542 1.07390108875211
211802.59 18302.5929140182 18302.5929140182 0.631999638908327 2.1043323990542 1.07390108875211
211803.59 18311.6504905968 18311.6504905968 0.631999638908327 2.1043323990542 1.07390108875211
211804.59 18320.5371032285 18320.5371032285 0.631999638908327 2.1043323990542 1.07390108875211
211805.59 18329.245124441 18329.245124441 0.631999638908327 2.1043323990542 1.07390108875211
211806.59 18337.7764508454 18337.7764508454 0.631999638908327 2.1043323990542 1.07390108875211
211807.59 18346.1459873103 18346.1459873103 0.631999638908327 2.1043323990542 1.07390108875211
211808.59 18354.3547063871 18354.3547063871 0.631999638908327 2.1043323990542 1.07390108875211
211809.59 18362.4006799531 18362.4006799531 0.631999638908327 2.1043323990542 1.07390108875211
211810.59 18370.332004587 18370.332004587 0.631999638908327 2.1043323990542 1.07390108875211
211811.59 18378.2226003919 18378.2226003919 0.631999638908327 2.1043323990542 1.07390108875211
211812.59 18386.1082369337 18386.1082369337 0.631999638908327 2.1043323990542 1.07390108875211
211813.59 18393.9751430453 18393.9751430453 0.631999638908327 2.1043323990542 1.07390108875211
211814.59 18401.8078298452 18401.8078298452 0.631999638908327 2.1043323990542 1.07390108875211
211815.59 18409.5715621189 18409.5715621189 0.631999638908327 2.1043323990542 1.07390108875211
211816.59 18417.2697883428 18417.2697883428 0.631999638908327 2.1043323990542 1.07390108875211
211817.59 18424.9236941872 18424.9236941872 0.631999638908327 2.1043323990542 1.07390108875211
211818.59 18432.5655998665 18432.5655998665 0.631999638908327 2.1043323990542 1.07390108875211
211819.59 18440.1397738301 18440.1397738301 0.631999638908327 2.1043323990542 1.07390108875211
211820.59 18447.6569374551 18447.6569374551 0.631999638908327 2.1043323990542 1.07390108875211
211821.59 18455.1709502309 18455.1709502309 0.631999638908327 2.1043323990542 1.07390108875211
211822.59 18462.7399224193 18462.7399224193 0.631999638908327 2.1043323990542 1.07390108875211
211823.59 18470.4073495457 18470.4073495457 0.631999638908327 2.1043323990542 1.07390108875211
211824.59 18478.1877806934 18478.1877806934 0.631999638908327 2.1043323990542 1.07390108875211
211825.59 18486.0573689633 18486.0573689633 0.631999638908327 2.1043323990542 1.07390108875211
211826.59 18493.9493892067 18493.9493892067 0.631999638908327 2.1043323990542 1.07390108875211
211827.59 18502.039902478 18502.039902478 0.631999638908327 2.1043323990542 1.07390108875211
211828.59 18510.3406030475 18510.3406030475 0.631999638908327 2.1043323990542 1.07390108875211
211829.59 18518.7975537379 18518.7975537379 0.631999638908327 2.1043323990542 1.07390108875211
211830.59 18527.3446005894 18527.3446005894 0.631999638908327 2.1043323990542 1.07390108875211
211831.59 18535.8818596051 18535.8818596051 0.631999638908327 2.1043323990542 1.07390108875211
211832.59 18544.3290917943 18544.3290917943 0.631999638908327 2.1043323990542 1.07390108875211
211833.59 18552.6897451495 18552.6897451495 0.631999638908327 2.1043323990542 1.07390108875211
211834.59 18560.9724505555 18560.9724505555 0.631999638908327 2.1043323990542 1.07390108875211
211835.59 18569.2510736532 18569.2510736532 0.631999638908327 2.1043323990542 1.07390108875211
211836.59 18577.6694277221 18577.6694277221 0.631999638908327 2.1043323990542 1.07390108875211
211837.59 18586.1780272257 18586.1780272257 0.631999638908327 2.1043323990542 1.07390108875211
211838.59 18594.6981748131 18594.6981748131 0.631999638908327 2.1043323990542 1.07390108875211
211839.59 18603.2503711492 18603.2503711492 0.631999638908327 2.1043323990542 1.07390108875211
211840.59 18611.8272503499 18611.8272503499 0.631999638908327 2.1043323990542 1.07390108875211
211841.59 18620.4146056412 18620.4146056412 0.631999638908327 2.1043323990542 1.07390108875211
211842.59 18629.0178308839 18629.0178308839 0.631999638908327 2.1043323990542 1.07390108875211
211843.59 18637.6600659697 18637.6600659697 0.631999638908327 2.1043323990542 1.07390108875211
211844.59 18646.3279615953 18646.3279615953 0.631999638908327 2.1043323990542 1.07390108875211
211845.59 18655.0918646568 18655.0918646568 0.631999638908327 2.1043323990542 1.07390108875211
211846.59 18663.9270034164 18663.9270034164 0.631999638908327 2.1043323990542 1.07390108875211
211847.59 18672.7360950492 18672.7360950492 0.631999638908327 2.1043323990542 1.07390108875211
211848.59 18681.5045841288 18681.5045841288 0.631999638908327 2.1043323990542 1.07390108875211
211849.59 18690.2977011511 18690.2977011511 0.631999638908327 2.1043323990542 1.07390108875211
211850.59 18699.1330220757 18699.1330220757 0.631999638908327 2.1043323990542 1.07390108875211
211851.59 18708.0132538809 18708.0132538809 0.631999638908327 2.1043323990542 1.07390108875211
211852.59 18716.9442512914 18716.9442512914 0.631999638908327 2.1043323990542 1.07390108875211
211853.59 18725.9660708744 18725.9660708744 0.631999638908327 2.1043323990542 1.07390108875211
211854.59 18734.995329912 18734.995329912 0.631999638908327 2.1043323990542 1.07390108875211
211855.59 18743.9465478975 18743.9465478975 0.631999638908327 2.1043323990542 1.07390108875211
211856.59 18752.7962175707 18752.7962175707 0.631999638908327 2.1043323990542 1.07390108875211
211857.59 18761.5691789534 18761.5691789534 0.631999638908327 2.1043323990542 1.07390108875211
211858.59 18770.2899854626 18770.2899854626 0.631999638908327 2.1043323990542 1.07390108875211
211859.59 18778.8731155762 18778.8731155762 0.631999638908327 2.1043323990542 1.07390108875211
211860.59 18787.2428088075 18787.2428088075 0.631999638908327 2.1043323990542 1.07390108875211
211861.59 18795.4701283288 18795.4701283288 0.631999638908327 2.1043323990542 1.07390108875211
211862.59 18803.6149524086 18803.6149524086 0.631999638908327 2.1043323990542 1.07390108875211
211863.59 18811.6460423065 18811.6460423065 0.631999638908327 2.1043323990542 1.07390108875211
211864.59 18819.5052113385 18819.5052113385 0.631999638908327 2.1043323990542 1.07390108875211
211865.59 18827.2643804975 18827.2643804975 0.631999638908327 2.1043323990542 1.07390108875211
211866.59 18834.9336334551 18834.9336334551 0.631999638908327 2.1043323990542 1.07390108875211
211867.59 18842.5296609057 18842.5296609057 0.631999638908327 2.1043323990542 1.07390108875211
211868.59 18850.0333497806 18850.0333497806 0.631999638908327 2.1043323990542 1.07390108875211
211869.59 18857.3231128878 18857.3231128878 0.631999638908327 2.1043323990542 1.07390108875211
211870.59 18864.2352960967 18864.2352960967 0.631999638908327 2.1043323990542 1.07390108875211
211871.59 18870.7051774045 18870.7051774045 0.631999638908327 2.1043323990542 1.07390108875211
211872.59 18876.6946235247 18876.6946235247 0.631999638908327 2.1043323990542 1.07390108875211
211873.59 18882.1324813019 18882.1324813019 0.631999638908327 2.1043323990542 1.07390108875211
211874.59 18886.7801976604 18886.7801976604 0.631999638908327 2.1043323990542 1.07390108875211
211875.59 18890.4733034062 18890.4733034062 0.631999638908327 2.1043323990542 1.07390108875211
211876.59 18893.1564393324 18893.1564393324 0.631999638908327 2.1043323990542 1.07390108875211
211877.59 18894.8665983345 18894.8665983345 0.631999638908327 2.1043323990542 1.07390108875211
211878.59 18895.7495134593 18895.7495134593 0.631999638908327 2.1043323990542 1.07390108875211
211879.59 18896.045175885 18896.045175885 0.631999638908327 2.1043323990542 1.07390108875211
211880.59 18896.154631722 18896.154631722 0.631999638908327 2.1043323990542 1.07390108875211
211881.59 18896.1702395598 18896.1702395598 0.631999638908327 2.1043323990542 1.07390108875211
211882.59 18896.1734174456 18896.1734174456 0.631999638908327 2.1043323990542 1.07390108875211
211883.59 18896.1775607644 18896.1775607644 0.631999638908327 2.1043323990542 1.07390108875211
211884.59 18896.1802961597 18896.1802961597 0.631999638908327 2.1043323990542 1.07390108875211
211885.59 18896.1830315566 18896.1830315566 0.631999638908327 2.1043323990542 1.07390108875211
211886.59 18896.1853244627 18896.1853244627 0.631999638908327 2.1043323990542 1.07390108875211
211887.59 18896.1866519373 18896.1866519373 0.631999638908327 2.1043323990542 1.07390108875211
211888.59 18896.1885023514 18896.1885023514 0.631999638908327 2.1043323990542 1.07390108875211
211889.59 18896.1893873351 18896.1893873351 0.631999638908327 2.1043323990542 1.07390108875211
211890.59 18896.1907952579 18896.1907952579 0.631999638908327 2.1043323990542 1.07390108875211
211891.59 18896.1912377493 18896.1912377493 0.631999638908327 2.1043323990542 1.07390108875211
211892.59 18896.1916802407 18896.1916802407 0.631999638908327 2.1043323990542 1.07390108875211
211893.59 18896.1907148093 18896.1907148093 0.631999638908327 2.1043323990542 1.07390108875211
211894.59 18896.1907148093 18896.1907148093 0.631999638908327 2.1043323990542 1.07390108875211
211895.59 18896.1907148093 18896.1907148093 0.631999638908327 2.1043323990542 1.07390108875211
211896.59 18896.1893068864 18896.1893068864 0.631999638908327 2.1043323990542 1.07390108875211
211897.59 18896.188864395 18896.188864395 0.631999638908327 2.1043323990542 1.07390108875211
211898.59 18896.1874564722 18896.1874564722 0.631999638908327 2.1043323990542 1.07390108875211
211899.59 18896.1860485482 18896.1860485482 0.631999638908327 2.1043323990542 1.07390108875211
211900.59 18896.1851635655 18896.1851635655 0.631999638908327 2.1043323990542 1.07390108875211
211901.59 18896.1837556427 18896.1837556427 0.631999638908327 2.1043323990542 1.07390108875211
211902.59 18896.1819052275 18896.1819052275 0.631999638908327 2.1043323990542 1.07390108875211
211903.59 18896.1814627363 18896.1814627363 0.631999638908327 2.1043323990542 1.07390108875211
211904.59 18896.1800548135 18896.1800548135 0.631999638908327 2.1043323990542 1.07390108875211
211905.59 18896.178204399 18896.178204399 0.631999638908327 2.1043323990542 1.07390108875211
211906.59 18896.1767964762 18896.1767964762 0.631999638908327 2.1043323990542 1.07390108875211
211907.59 18896.1749460623 18896.1749460623 0.631999638908327 2.1043323990542 1.07390108875211
211908.59 18896.1745035701 18896.1745035701 0.631999638908327 2.1043323990542 1.07390108875211
211909.59 18896.1726531574 18896.1726531574 0.631999638908327 2.1043323990542 1.07390108875211
211910.59 18896.1708027426 18896.1708027426 0.631999638908327 2.1043323990542 1.07390108875211
211911.59 18896.1703602516 18896.1703602516 0.631999638908327 2.1043323990542 1.07390108875211
211912.59 18896.1689523289 18896.1689523289 0.631999638908327 2.1043323990542 1.07390108875211
211913.59 18896.1685098368 18896.1685098368 0.631999638908327 2.1043323990542 1.07390108875211
211914.59 18896.1671019141 18896.1671019141 0.631999638908327 2.1043323990542 1.07390108875211
211915.59 18896.1666594232 18896.1666594232 0.631999638908327 2.1043323990542 1.07390108875211
211916.59 18896.1666594232 18896.1666594232 0.631999638908327 2.1043323990542 1.07390108875211
211917.59 18896.1652515005 18896.1652515005 0.631999638908327 2.1043323990542 1.07390108875211
211918.59 18896.1648090096 18896.1648090096 0.631999638908327 2.1043323990542 1.07390108875211
211919.59 18896.1643665177 18896.1643665177 0.631999638908327 2.1043323990542 1.07390108875211
211920.59 18896.1634010865 18896.1634010865 0.631999638908327 2.1043323990542 1.07390108875211
211921.59 18896.1639240269 18896.1639240269 0.631999638908327 2.1043323990542 1.07390108875211
211922.59 18896.1634815361 18896.1634815361 0.631999638908327 2.1043323990542 1.07390108875211
211923.59 18896.1634815361 18896.1634815361 0.631999638908327 2.1043323990542 1.07390108875211
211924.59 18896.1634815361 18896.1634815361 0.631999638908327 2.1043323990542 1.07390108875211
211925.59 18896.1630390454 18896.1630390454 0.631999638908327 2.1043323990542 1.07390108875211
211926.59 18896.1630390454 18896.1630390454 0.631999638908327 2.1043323990542 1.07390108875211
211927.59 18896.1630390454 18896.1630390454 0.631999638908327 2.1043323990542 1.07390108875211
211928.59 18896.1630390454 18896.1630390454 0.631999638908327 2.1043323990542 1.07390108875211
211929.59 18896.1630390454 18896.1630390454 0.631999638908327 2.1043323990542 1.07390108875211
211930.59 18896.1640044773 18896.1640044773 0.631999638908327 2.1043323990542 1.07390108875211
211931.59 18896.1640044773 18896.1640044773 0.631999638908327 2.1043323990542 1.07390108875211
211932.59 18896.1640044773 18896.1640044773 0.631999638908327 2.1043323990542 1.07390108875211
211933.59 18896.1640044773 18896.1640044773 0.631999638908327 2.1043323990542 1.07390108875211
211934.59 18896.1649699092 18896.1649699092 0.631999638908327 2.1043323990542 1.07390108875211
211935.59 18896.1654123999 18896.1654123999 0.631999638908327 2.1043323990542 1.07390108875211
211936.59 18896.1654123999 18896.1654123999 0.631999638908327 2.1043323990542 1.07390108875211
211937.59 18896.1654123999 18896.1654123999 0.631999638908327 2.1043323990542 1.07390108875211
211938.59 18896.1663778319 18896.1663778319 0.631999638908327 2.1043323990542 1.07390108875211
211939.59 18896.1668203226 18896.1668203226 0.631999638908327 2.1043323990542 1.07390108875211
211940.59 18896.1668203226 18896.1668203226 0.631999638908327 2.1043323990542 1.07390108875211
211941.59 18896.1672628133 18896.1672628133 0.631999638908327 2.1043323990542 1.07390108875211
211942.59 18896.1672628133 18896.1672628133 0.631999638908327 2.1043323990542 1.07390108875211
211943.59 18896.1677053052 18896.1677053052 0.631999638908327 2.1043323990542 1.07390108875211
211944.59 18896.168147796 18896.168147796 0.631999638908327 2.1043323990542 1.07390108875211
211945.59 18896.168147796 18896.168147796 0.631999638908327 2.1043323990542 1.07390108875211
211946.59 18896.1685902868 18896.1685902868 0.631999638908327 2.1043323990542 1.07390108875211
211947.59 18896.1690327777 18896.1690327777 0.631999638908327 2.1043323990542 1.07390108875211
211948.59 18896.1699982095 18896.1699982095 0.631999638908327 2.1043323990542 1.07390108875211
211949.59 18896.1704407003 18896.1704407003 0.631999638908327 2.1043323990542 1.07390108875211
211950.59 18896.1704407003 18896.1704407003 0.631999638908327 2.1043323990542 1.07390108875211
211951.59 18896.1718486242 18896.1718486242 0.631999638908327 2.1043323990542 1.07390108875211
211952.59 18896.1718486242 18896.1718486242 0.631999638908327 2.1043323990542 1.07390108875211
211953.59 18896.1718486242 18896.1718486242 0.631999638908327 2.1043323990542 1.07390108875211
211954.59 18896.1722911151 18896.1722911151 0.631999638908327 2.1043323990542 1.07390108875211
211955.59 18896.172733606 18896.172733606 0.631999638908327 2.1043323990542 1.07390108875211
211956.59 18896.5076193648 18896.5076193648 0.631999638908327 2.1043323990542 1.07390108875211
211957.59 18897.9098972775 18897.9098972775 0.631999638908327 2.1043323990542 1.07390108875211
211958.59 18900.4363695201 18900.4363695201 0.631999638908327 2.1043323990542 1.07390108875211
211959.59 18903.9246034508 18903.9246034508 0.631999638908327 2.1043323990542 1.07390108875211
211960.59 18908.2299095013 18908.2299095013 0.631999638908327 2.1043323990542 1.07390108875211
211961.59 18913.2755803479 18913.2755803479 0.631999638908327 2.1043323990542 1.07390108875211
211962.59 18918.9388541645 18918.9388541645 0.631999638908327 2.1043323990542 1.07390108875211
211963.59 18925.043806413 18925.043806413 0.631999638908327 2.1043323990542 1.07390108875211
211964.59 18931.4968795062 18931.4968795062 0.631999638908327 2.1043323990542 1.07390108875211
211965.59 18938.2757632471 18938.2757632471 0.631999638908327 2.1043323990542 1.07390108875211
211966.59 18945.3267680254 18945.3267680254 0.631999638908327 2.1043323990542 1.07390108875211
211967.59 18952.670178104 18952.670178104 0.631999638908327 2.1043323990542 1.07390108875211
211968.59 18960.3467884836 18960.3467884836 0.631999638908327 2.1043323990542 1.07390108875211
211969.59 18968.3020175719 18968.3020175719 0.631999638908327 2.1043323990542 1.07390108875211
211970.59 18976.3940169795 18976.3940169795 0.631999638908327 2.1043323990542 1.07390108875211
211971.59 18984.6021971086 18984.6021971086 0.631999638908327 2.1043323990542 1.07390108875211
211972.59 18993.0489338468 18993.0489338468 0.631999638908327 2.1043323990542 1.07390108875211
211973.59 19001.7366006341 19001.7366006341 0.631999638908327 2.1043323990542 1.07390108875211
211974.59 19010.6016186282 19010.6016186282 0.631999638908327 2.1043323990542 1.07390108875211
211975.59 19019.6147936282 19019.6147936282 0.631999638908327 2.1043323990542 1.07390108875211
211976.59 19028.8003283645 19028.8003283645 0.631999638908327 2.1043323990542 1.07390108875211
211977.59 19038.0824242326 19038.0824242326 0.631999638908327 2.1043323990542 1.07390108875211
211978.59 19047.3957141886 19047.3957141886 0.631999638908327 2.1043323990542 1.07390108875211
211979.59 19056.7729869086 19056.7729869086 0.631999638908327 2.1043323990542 1.07390108875211
211980.59 19066.253684667 19066.253684667 0.631999638908327 2.1043323990542 1.07390108875211
211981.59 19075.8930573539 19075.8930573539 0.631999638908327 2.1043323990542 1.07390108875211
211982.59 19085.6639649609 19085.6639649609 0.631999638908327 2.1043323990542 1.07390108875211
211983.59 19095.4791480463 19095.4791480463 0.631999638908327 2.1043323990542 1.07390108875211
211984.59 19105.2395876501 19105.2395876501 0.631999638908327 2.1043323990542 1.07390108875211
211985.59 19114.9483436626 19114.9483436626 0.631999638908327 2.1043323990542 1.07390108875211
211986.59 19124.7615196218 19124.7615196218 0.631999638908327 2.1043323990542 1.07390108875211
211987.59 19134.6696875021 19134.6696875021 0.631999638908327 2.1043323990542 1.07390108875211
211988.59 19144.6381943577 19144.6381943577 0.631999638908327 2.1043323990542 1.07390108875211
211989.59 19154.6541504881 19154.6541504881 0.631999638908327 2.1043323990542 1.07390108875211
211990.59 19164.7727982838 19164.7727982838 0.631999638908327 2.1043323990542 1.07390108875211
211991.59 19175.0854150298 19175.0854150298 0.631999638908327 2.1043323990542 1.07390108875211
211992.59 19185.5871751416 19185.5871751416 0.631999638908327 2.1043323990542 1.07390108875211
211993.59 19196.1005849302 19196.1005849302 0.631999638908327 2.1043323990542 1.07390108875211
211994.59 19206.5040413968 19206.5040413968 0.631999638908327 2.1043323990542 1.07390108875211
211995.59 19216.6615604327 19216.6615604327 0.631999638908327 2.1043323990542 1.07390108875211
211996.59 19226.6094074856 19226.6094074856 0.631999638908327 2.1043323990542 1.07390108875211
211997.59 19236.5000692984 19236.5000692984 0.631999638908327 2.1043323990542 1.07390108875211
211998.59 19246.4289949606 19246.4289949606 0.631999638908327 2.1043323990542 1.07390108875211
211999.59 19256.4494259722 19256.4494259722 0.631999638908327 2.1043323990542 1.07390108875211
212000.59 19266.59757475 19266.59757475 0.631999638908327 2.1043323990542 1.07390108875211
212001.59 19276.8398026859 19276.8398026859 0.631999638908327 2.1043323990542 1.07390108875211
212002.59 19287.106202398 19287.106202398 0.631999638908327 2.1043323990542 1.07390108875211
212003.59 19297.4988855264 19297.4988855264 0.631999638908327 2.1043323990542 1.07390108875211
212004.59 19308.0210997496 19308.0210997496 0.631999638908327 2.1043323990542 1.07390108875211
212005.59 19318.6095168198 19318.6095168198 0.631999638908327 2.1043323990542 1.07390108875211
212006.59 19329.2962499424 19329.2962499424 0.631999638908327 2.1043323990542 1.07390108875211
212007.59 19340.1295205862 19340.1295205862 0.631999638908327 2.1043323990542 1.07390108875211
212008.59 19351.0996269913 19351.0996269913 0.631999638908327 2.1043323990542 1.07390108875211
212009.59 19362.1289831208 19362.1289831208 0.631999638908327 2.1043323990542 1.07390108875211
212010.59 19373.1802079805 19373.1802079805 0.631999638908327 2.1043323990542 1.07390108875211
212011.59 19384.2827345444 19384.2827345444 0.631999638908327 2.1043323990542 1.07390108875211
212012.59 19395.515784596 19395.515784596 0.631999638908327 2.1043323990542 1.07390108875211
212013.59 19406.8528656309 19406.8528656309 0.631999638908327 2.1043323990542 1.07390108875211
212014.59 19418.144976088 19418.144976088 0.631999638908327 2.1043323990542 1.07390108875211
212015.59 19429.2973237305 19429.2973237305 0.631999638908327 2.1043323990542 1.07390108875211
212016.59 19440.3219522096 19440.3219522096 0.631999638908327 2.1043323990542 1.07390108875211
212017.59 19451.2486727648 19451.2486727648 0.631999638908327 2.1043323990542 1.07390108875211
212018.59 19462.0859982608 19462.0859982608 0.631999638908327 2.1043323990542 1.07390108875211
212019.59 19472.8396015114 19472.8396015114 0.631999638908327 2.1043323990542 1.07390108875211
212020.59 19483.5705202763 19483.5705202763 0.631999638908327 2.1043323990542 1.07390108875211
212021.59 19494.3275312318 19494.3275312318 0.631999638908327 2.1043323990542 1.07390108875211
212022.59 19505.1584514955 19505.1584514955 0.631999638908327 2.1043323990542 1.07390108875211
212023.59 19516.1368137556 19516.1368137556 0.631999638908327 2.1043323990542 1.07390108875211
212024.59 19527.4423342434 19527.4423342434 0.631999638908327 2.1043323990542 1.07390108875211
212025.59 19539.0578402665 19539.0578402665 0.631999638908327 2.1043323990542 1.07390108875211
212026.59 19550.9086353692 19550.9086353692 0.631999638908327 2.1043323990542 1.07390108875211
212027.59 19562.9451727167 19562.9451727167 0.631999638908327 2.1043323990542 1.07390108875211
212028.59 19574.9523377452 19574.9523377452 0.631999638908327 2.1043323990542 1.07390108875211
212029.59 19586.7593909272 19586.7593909272 0.631999638908327 2.1043323990542 1.07390108875211
212030.59 19598.4468738303 19598.4468738303 0.631999638908327 2.1043323990542 1.07390108875211
212031.59 19609.9963147852 19609.9963147852 0.631999638908327 2.1043323990542 1.07390108875211
212032.59 19621.381035153 19621.381035153 0.631999638908327 2.1043323990542 1.07390108875211
212033.59 19632.6021530209 19632.6021530209 0.631999638908327 2.1043323990542 1.07390108875211
212034.59 19643.6784355299 19643.6784355299 0.631999638908327 2.1043323990542 1.07390108875211
212035.59 19654.6617050671 19654.6617050671 0.631999638908327 2.1043323990542 1.07390108875211
212036.59 19665.5983526808 19665.5983526808 0.631999638908327 2.1043323990542 1.07390108875211
212037.59 19676.4767868177 19676.4767868177 0.631999638908327 2.1043323990542 1.07390108875211
212038.59 19687.2695853335 19687.2695853335 0.631999638908327 2.1043323990542 1.07390108875211
212039.59 19698.0688037095 19698.0688037095 0.631999638908327 2.1043323990542 1.07390108875211
212040.59 19708.8817662039 19708.8817662039 0.631999638908327 2.1043323990542 1.07390108875211
212041.59 19719.6270140818 19719.6270140818 0.631999638908327 2.1043323990542 1.07390108875211
212042.59 19730.2251643816 19730.2251643816 0.631999638908327 2.1043323990542 1.07390108875211
212043.59 19740.6729551249 19740.6729551249 0.631999638908327 2.1043323990542 1.07390108875211
212044.59 19751.0232938519 19751.0232938519 0.631999638908327 2.1043323990542 1.07390108875211
212045.59 19761.2529631251 19761.2529631251 0.631999638908327 2.1043323990542 1.07390108875211
212046.59 19771.4399677214 19771.4399677214 0.631999638908327 2.1043323990542 1.07390108875211
212047.59 19781.5649521633 19781.5649521633 0.631999638908327 2.1043323990542 1.07390108875211
212048.59 19791.6966321475 19791.6966321475 0.631999638908327 2.1043323990542 1.07390108875211
212049.59 19801.7912550548 19801.7912550548 0.631999638908327 2.1043323990542 1.07390108875211
212050.59 19811.8449900246 19811.8449900246 0.631999638908327 2.1043323990542 1.07390108875211
212051.59 19821.9446111012 19821.9446111012 0.631999638908327 2.1043323990542 1.07390108875211
212052.59 19832.0672316653 19832.0672316653 0.631999638908327 2.1043323990542 1.07390108875211
212053.59 19842.2127889048 19842.2127889048 0.631999638908327 2.1043323990542 1.07390108875211
212054.59 19852.3963974354 19852.3963974354 0.631999638908327 2.1043323990542 1.07390108875211
212055.59 19862.4732644881 19862.4732644881 0.631999638908327 2.1043323990542 1.07390108875211
212056.59 19872.3814796482 19872.3814796482 0.631999638908327 2.1043323990542 1.07390108875211
212057.59 19882.134642569 19882.134642569 0.631999638908327 2.1043323990542 1.07390108875211
212058.59 19891.7031732587 19891.7031732587 0.631999638908327 2.1043323990542 1.07390108875211
212059.59 19901.1733902376 19901.1733902376 0.631999638908327 2.1043323990542 1.07390108875211
212060.59 19910.694726813 19910.694726813 0.631999638908327 2.1043323990542 1.07390108875211
212061.59 19920.2887140574 19920.2887140574 0.631999638908327 2.1043323990542 1.07390108875211
212062.59 19929.9108692952 19929.9108692952 0.631999638908327 2.1043323990542 1.07390108875211
212063.59 19939.5425143457 19939.5425143457 0.631999638908327 2.1043323990542 1.07390108875211
212064.59 19949.0651248662 19949.0651248662 0.631999638908327 2.1043323990542 1.07390108875211
212065.59 19958.3643872756 19958.3643872756 0.631999638908327 2.1043323990542 1.07390108875211
212066.59 19967.4504861661 19967.4504861661 0.631999638908327 2.1043323990542 1.07390108875211
212067.59 19976.4823290785 19976.4823290785 0.631999638908327 2.1043323990542 1.07390108875211
212068.59 19985.5342764079 19985.5342764079 0.631999638908327 2.1043323990542 1.07390108875211
212069.59 19994.6216821652 19994.6216821652 0.631999638908327 2.1043323990542 1.07390108875211
212070.59 20003.6999135282 20003.6999135282 0.631999638908327 2.1043323990542 1.07390108875211
212071.59 20012.6518586717 20012.6518586717 0.631999638908327 2.1043323990542 1.07390108875211
212072.59 20021.4256883495 20021.4256883495 0.631999638908327 2.1043323990542 1.07390108875211
212073.59 20029.9981860013 20029.9981860013 0.631999638908327 2.1043323990542 1.07390108875211
212074.59 20038.4226354196 20038.4226354196 0.631999638908327 2.1043323990542 1.07390108875211
212075.59 20046.7529433717 20046.7529433717 0.631999638908327 2.1043323990542 1.07390108875211
212076.59 20055.0201012816 20055.0201012816 0.631999638908327 2.1043323990542 1.07390108875211
212077.59 20063.2946065361 20063.2946065361 0.631999638908327 2.1043323990542 1.07390108875211
212078.59 20071.580199846 20071.580199846 0.631999638908327 2.1043323990542 1.07390108875211
212079.59 20079.8681896313 20079.8681896313 0.631999638908327 2.1043323990542 1.07390108875211
212080.59 20088.1401201895 20088.1401201895 0.631999638908327 2.1043323990542 1.07390108875211
212081.59 20096.4389469965 20096.4389469965 0.631999638908327 2.1043323990542 1.07390108875211
212082.59 20104.7379914069 20104.7379914069 0.631999638908327 2.1043323990542 1.07390108875211
212083.59 20113.0451730281 20113.0451730281 0.631999638908327 2.1043323990542 1.07390108875211
212084.59 20121.3492690465 20121.3492690465 0.631999638908327 2.1043323990542 1.07390108875211
212085.59 20129.5393711474 20129.5393711474 0.631999638908327 2.1043323990542 1.07390108875211
212086.59 20137.6881516303 20137.6881516303 0.631999638908327 2.1043323990542 1.07390108875211
212087.59 20145.8786538815 20145.8786538815 0.631999638908327 2.1043323990542 1.07390108875211
212088.59 20154.0595101373 20154.0595101373 0.631999638908327 2.1043323990542 1.07390108875211
212089.59 20162.1518306941 20162.1518306941 0.631999638908327 2.1043323990542 1.07390108875211
212090.59 20170.2024510005 20170.2024510005 0.631999638908327 2.1043323990542 1.07390108875211
212091.59 20178.1726164644 20178.1726164644 0.631999638908327 2.1043323990542 1.07390108875211
212092.59 20186.0200390431 20186.0200390431 0.631999638908327 2.1043323990542 1.07390108875211
212093.59 20193.8785721074 20193.8785721074 0.631999638908327 2.1043323990542 1.07390108875211
212094.59 20201.7633064192 20201.7633064192 0.631999638908327 2.1043323990542 1.07390108875211
212095.59 20209.6706058684 20209.6706058684 0.631999638908327 2.1043323990542 1.07390108875211
212096.59 20217.6196779792 20217.6196779792 0.631999638908327 2.1043323990542 1.07390108875211
212097.59 20225.676002084 20225.676002084 0.631999638908327 2.1043323990542 1.07390108875211
212098.59 20233.8510735144 20233.8510735144 0.631999638908327 2.1043323990542 1.07390108875211
212099.59 20242.0305962592 20242.0305962592 0.631999638908327 2.1043323990542 1.07390108875211
212100.59 20250.1841439792 20250.1841439792 0.631999638908327 2.1043323990542 1.07390108875211
212101.59 20258.3571348967 20258.3571348967 0.631999638908327 2.1043323990542 1.07390108875211
212102.59 20266.5181585682 20266.5181585682 0.631999638908327 2.1043323990542 1.07390108875211
212103.59 20274.6508936859 20274.6508936859 0.631999638908327 2.1043323990542 1.07390108875211
212104.59 20282.7018051549 20282.7018051549 0.631999638908327 2.1043323990542 1.07390108875211
212105.59 20290.6704833661 20290.6704833661 0.631999638908327 2.1043323990542 1.07390108875211
212106.59 20298.5911782448 20298.5911782448 0.631999638908327 2.1043323990542 1.07390108875211
212107.59 20306.505786395 20306.505786395 0.631999638908327 2.1043323990542 1.07390108875211
212108.59 20314.5087063634 20314.5087063634 0.631999638908327 2.1043323990542 1.07390108875211
212109.59 20322.6344993785 20322.6344993785 0.631999638908327 2.1043323990542 1.07390108875211
212110.59 20330.8213536369 20330.8213536369 0.631999638908327 2.1043323990542 1.07390108875211
212111.59 20339.0341686578 20339.0341686578 0.631999638908327 2.1043323990542 1.07390108875211
212112.59 20347.2796387651 20347.2796387651 0.631999638908327 2.1043323990542 1.07390108875211
212113.59 20355.5770987341 20355.5770987341 0.631999638908327 2.1043323990542 1.07390108875211
212114.59 20363.929064775 20363.929064775 0.631999638908327 2.1043323990542 1.07390108875211
212115.59 20372.2785827239 20372.2785827239 0.631999638908327 2.1043323990542 1.07390108875211
212116.59 20380.5866227683 20380.5866227683 0.631999638908327 2.1043323990542 1.07390108875211
212117.59 20388.8634370607 20388.8634370607 0.631999638908327 2.1043323990542 1.07390108875211
212118.59 20397.1492315774 20397.1492315774 0.631999638908327 2.1043323990542 1.07390108875211
212119.59 20405.4805077466 20405.4805077466 0.631999638908327 2.1043323990542 1.07390108875211
212120.59 20413.9143061826 20413.9143061826 0.631999638908327 2.1043323990542 1.07390108875211
212121.59 20422.4287107562 20422.4287107562 0.631999638908327 2.1043323990542 1.07390108875211
212122.59 20431.0078432679 20431.0078432679 0.631999638908327 2.1043323990542 1.07390108875211
212123.59 20439.6506434143 20439.6506434143 0.631999638908327 2.1043323990542 1.07390108875211
212124.59 20448.3591980621 20448.3591980621 0.631999638908327 2.1043323990542 1.07390108875211
212125.59 20457.125446044 20457.125446044 0.631999638908327 2.1043323990542 1.07390108875211
212126.59 20465.9658833734 20465.9658833734 0.631999638908327 2.1043323990542 1.07390108875211
212127.59 20474.8576539378 20474.8576539378 0.631999638908327 2.1043323990542 1.07390108875211
212128.59 20483.7937405638 20483.7937405638 0.631999638908327 2.1043323990542 1.07390108875211
212129.59 20492.7311434972 20492.7311434972 0.631999638908327 2.1043323990542 1.07390108875211
212130.59 20501.6428583623 20501.6428583623 0.631999638908327 2.1043323990542 1.07390108875211
212131.59 20510.4532451756 20510.4532451756 0.631999638908327 2.1043323990542 1.07390108875211
212132.59 20519.0839730342 20519.0839730342 0.631999638908327 2.1043323990542 1.07390108875211
212133.59 20527.5354534001 20527.5354534001 0.631999638908327 2.1043323990542 1.07390108875211
212134.59 20535.8338644849 20535.8338644849 0.631999638908327 2.1043323990542 1.07390108875211
212135.59 20543.9792934615 20543.9792934615 0.631999638908327 2.1043323990542 1.07390108875211
212136.59 20552.0783069692 20552.0783069692 0.631999638908327 2.1043323990542 1.07390108875211
212137.59 20560.2145322309 20560.2145322309 0.631999638908327 2.1043323990542 1.07390108875211
212138.59 20568.3832020888 20568.3832020888 0.631999638908327 2.1043323990542 1.07390108875211
212139.59 20576.595087835 20576.595087835 0.631999638908327 2.1043323990542 1.07390108875211
212140.59 20584.8768011871 20584.8768011871 0.631999638908327 2.1043323990542 1.07390108875211
212141.59 20593.1909286089 20593.1909286089 0.631999638908327 2.1043323990542 1.07390108875211
212142.59 20601.5775074304 20601.5775074304 0.631999638908327 2.1043323990542 1.07390108875211
212143.59 20610.0586953354 20610.0586953354 0.631999638908327 2.1043323990542 1.07390108875211
212144.59 20618.6248283022 20618.6248283022 0.631999638908327 2.1043323990542 1.07390108875211
212145.59 20627.2560782103 20627.2560782103 0.631999638908327 2.1043323990542 1.07390108875211
212146.59 20635.9027153365 20635.9027153365 0.631999638908327 2.1043323990542 1.07390108875211
212147.59 20644.5489310016 20644.5489310016 0.631999638908327 2.1043323990542 1.07390108875211
212148.59 20653.2155688813 20653.2155688813 0.631999638908327 2.1043323990542 1.07390108875211
212149.59 20661.9622036153 20661.9622036153 0.631999638908327 2.1043323990542 1.07390108875211
212150.59 20670.7881372876 20670.7881372876 0.631999638908327 2.1043323990542 1.07390108875211
212151.59 20679.6840035557 20679.6840035557 0.631999638908327 2.1043323990542 1.07390108875211
212152.59 20688.5563276569 20688.5563276569 0.631999638908327 2.1043323990542 1.07390108875211
212153.59 20697.2855304413 20697.2855304413 0.631999638908327 2.1043323990542 1.07390108875211
212154.59 20705.9808921202 20705.9808921202 0.631999638908327 2.1043323990542 1.07390108875211
212155.59 20714.6787443735 20714.6787443735 0.631999638908327 2.1043323990542 1.07390108875211
212156.59 20723.5395209848 20723.5395209848 0.631999638908327 2.1043323990542 1.07390108875211
212157.59 20732.7089475842 20732.7089475842 0.631999638908327 2.1043323990542 1.07390108875211
212158.59 20742.1636947882 20742.1636947882 0.631999638908327 2.1043323990542 1.07390108875211
212159.59 20751.8394512291 20751.8394512291 0.631999638908327 2.1043323990542 1.07390108875211
212160.59 20761.5991110801 20761.5991110801 0.631999638908327 2.1043323990542 1.07390108875211
212161.59 20771.281817928 20771.281817928 0.631999638908327 2.1043323990542 1.07390108875211
212162.59 20780.8330524291 20780.8330524291 0.631999638908327 2.1043323990542 1.07390108875211
212163.59 20790.1978336974 20790.1978336974 0.631999638908327 2.1043323990542 1.07390108875211
212164.59 20799.4233385238 20799.4233385238 0.631999638908327 2.1043323990542 1.07390108875211
212165.59 20808.5776163352 20808.5776163352 0.631999638908327 2.1043323990542 1.07390108875211
212166.59 20817.691888043 20817.691888043 0.631999638908327 2.1043323990542 1.07390108875211
212167.59 20826.97435049 20826.97435049 0.631999638908327 2.1043323990542 1.07390108875211
212168.59 20836.4450437005 20836.4450437005 0.631999638908327 2.1043323990542 1.07390108875211
212169.59 20846.0109970836 20846.0109970836 0.631999638908327 2.1043323990542 1.07390108875211
212170.59 20855.6229914007 20855.6229914007 0.631999638908327 2.1043323990542 1.07390108875211
212171.59 20865.3310680104 20865.3310680104 0.631999638908327 2.1043323990542 1.07390108875211
212172.59 20875.1052907901 20875.1052907901 0.631999638908327 2.1043323990542 1.07390108875211
212173.59 20884.8544090369 20884.8544090369 0.631999638908327 2.1043323990542 1.07390108875211
212174.59 20894.5537782392 20894.5537782392 0.631999638908327 2.1043323990542 1.07390108875211
212175.59 20904.1999007323 20904.1999007323 0.631999638908327 2.1043323990542 1.07390108875211
212176.59 20913.823947716 20913.823947716 0.631999638908327 2.1043323990542 1.07390108875211
212177.59 20923.4463526624 20923.4463526624 0.631999638908327 2.1043323990542 1.07390108875211
212178.59 20933.040780016 20933.040780016 0.631999638908327 2.1043323990542 1.07390108875211
212179.59 20942.6226545999 20942.6226545999 0.631999638908327 2.1043323990542 1.07390108875211
212180.59 20952.2447499598 20952.2447499598 0.631999638908327 2.1043323990542 1.07390108875211
212181.59 20961.8747117205 20961.8747117205 0.631999638908327 2.1043323990542 1.07390108875211
212182.59 20971.464081668 20971.464081668 0.631999638908327 2.1043323990542 1.07390108875211
212183.59 20980.9683195382 20980.9683195382 0.631999638908327 2.1043323990542 1.07390108875211
212184.59 20990.4292729679 20990.4292729679 0.631999638908327 2.1043323990542 1.07390108875211
212185.59 20999.9365587339 20999.9365587339 0.631999638908327 2.1043323990542 1.07390108875211
212186.59 21009.4582212868 21009.4582212868 0.631999638908327 2.1043323990542 1.07390108875211
212187.59 21018.8706849862 21018.8706849862 0.631999638908327 2.1043323990542 1.07390108875211
212188.59 21028.1286387283 21028.1286387283 0.631999638908327 2.1043323990542 1.07390108875211
212189.59 21037.2596463392 21037.2596463392 0.631999638908327 2.1043323990542 1.07390108875211
212190.59 21046.246862016 21046.246862016 0.631999638908327 2.1043323990542 1.07390108875211
212191.59 21055.1484344352 21055.1484344352 0.631999638908327 2.1043323990542 1.07390108875211
212192.59 21063.9139969795 21063.9139969795 0.631999638908327 2.1043323990542 1.07390108875211
212193.59 21072.6373903658 21072.6373903658 0.631999638908327 2.1043323990542 1.07390108875211
212194.59 21081.289676728 21081.289676728 0.631999638908327 2.1043323990542 1.07390108875211
212195.59 21089.9176917244 21089.9176917244 0.631999638908327 2.1043323990542 1.07390108875211
212196.59 21098.5066176245 21098.5066176245 0.631999638908327 2.1043323990542 1.07390108875211
212197.59 21107.0751442719 21107.0751442719 0.631999638908327 2.1043323990542 1.07390108875211
212198.59 21115.6365953834 21115.6365953834 0.631999638908327 2.1043323990542 1.07390108875211
212199.59 21124.2468629511 21124.2468629511 0.631999638908327 2.1043323990542 1.07390108875211
212200.59 21132.9021275507 21132.9021275507 0.631999638908327 2.1043323990542 1.07390108875211
212201.59 21141.5767075025 21141.5767075025 0.631999638908327 2.1043323990542 1.07390108875211
212202.59 21150.2954295801 21150.2954295801 0.631999638908327 2.1043323990542 1.07390108875211
212203.59 21159.0317978577 21159.0317978577 0.631999638908327 2.1043323990542 1.07390108875211
212204.59 21167.7485787365 21167.7485787365 0.631999638908327 2.1043323990542 1.07390108875211
212205.59 21176.4173597643 21176.4173597643 0.631999638908327 2.1043323990542 1.07390108875211
212206.59 21185.1198917458 21185.1198917458 0.631999638908327 2.1043323990542 1.07390108875211
212207.59 21193.9527639128 21193.9527639128 0.631999638908327 2.1043323990542 1.07390108875211
212208.59 21202.8121325016 21202.8121325016 0.631999638908327 2.1043323990542 1.07390108875211
212209.59 21211.4571982827 21211.4571982827 0.631999638908327 2.1043323990542 1.07390108875211
212210.59 21219.7437535082 21219.7437535082 0.631999638908327 2.1043323990542 1.07390108875211
212211.59 21227.7144757957 21227.7144757957 0.631999638908327 2.1043323990542 1.07390108875211
212212.59 21235.4429734136 21235.4429734136 0.631999638908327 2.1043323990542 1.07390108875211
212213.59 21242.7451016444 21242.7451016444 0.631999638908327 2.1043323990542 1.07390108875211
212214.59 21249.3050906952 21249.3050906952 0.631999638908327 2.1043323990542 1.07390108875211
212215.59 21254.90963883 21254.90963883 0.631999638908327 2.1043323990542 1.07390108875211
212216.59 21259.5019771158 21259.5019771158 0.631999638908327 2.1043323990542 1.07390108875211
212217.59 21263.4259222341 21263.4259222341 0.631999638908327 2.1043323990542 1.07390108875211
212218.59 21267.0104857937 21267.0104857937 0.631999638908327 2.1043323990542 1.07390108875211
212219.59 21270.0230645543 21270.0230645543 0.631999638908327 2.1043323990542 1.07390108875211
212220.59 21272.4908963992 21272.4908963992 0.631999638908327 2.1043323990542 1.07390108875211
212221.59 21274.6911103116 21274.6911103116 0.631999638908327 2.1043323990542 1.07390108875211
212222.59 21276.7625872459 21276.7625872459 0.631999638908327 2.1043323990542 1.07390108875211
212223.59 21279.1208488321 21279.1208488321 0.631999638908327 2.1043323990542 1.07390108875211
212224.59 21282.1983515386 21282.1983515386 0.631999638908327 2.1043323990542 1.07390108875211
212225.59 21285.9549540398 21285.9549540398 0.631999638908327 2.1043323990542 1.07390108875211
212226.59 21290.3099046458 21290.3099046458 0.631999638908327 2.1043323990542 1.07390108875211
212227.59 21295.0863681717 21295.0863681717 0.631999638908327 2.1043323990542 1.07390108875211
212228.59 21299.8887541816 21299.8887541816 0.631999638908327 2.1043323990542 1.07390108875211
212229.59 21304.697945643 21304.697945643 0.631999638908327 2.1043323990542 1.07390108875211
212230.59 21309.8048601465 21309.8048601465 0.631999638908327 2.1043323990542 1.07390108875211
212231.59 21315.3967663705 21315.3967663705 0.631999638908327 2.1043323990542 1.07390108875211
212232.59 21321.4324301791 21321.4324301791 0.631999638908327 2.1043323990542 1.07390108875211
212233.59 21327.8909661986 21327.8909661986 0.631999638908327 2.1043323990542 1.07390108875211
212234.59 21334.6357658556 21334.6357658556 0.631999638908327 2.1043323990542 1.07390108875211
212235.59 21341.6944298906 21341.6944298906 0.631999638908327 2.1043323990542 1.07390108875211
212236.59 21349.0508774714 21349.0508774714 0.631999638908327 2.1043323990542 1.07390108875211
212237.59 21356.5655216753 21356.5655216753 0.631999638908327 2.1043323990542 1.07390108875211
212238.59 21364.1384804849 21364.1384804849 0.631999638908327 2.1043323990542 1.07390108875211
212239.59 21371.8700382472 21371.8700382472 0.631999638908327 2.1043323990542 1.07390108875211
212240.59 21379.8049555755 21379.8049555755 0.631999638908327 2.1043323990542 1.07390108875211
212241.59 21387.7905987408 21387.7905987408 0.631999638908327 2.1043323990542 1.07390108875211
212242.59 21395.7844049529 21395.7844049529 0.631999638908327 2.1043323990542 1.07390108875211
212243.59 21403.7652283733 21403.7652283733 0.631999638908327 2.1043323990542 1.07390108875211
212244.59 21411.5152560154 21411.5152560154 0.631999638908327 2.1043323990542 1.07390108875211
212245.59 21418.723392725 21418.723392725 0.631999638908327 2.1043323990542 1.07390108875211
212246.59 21425.2321309783 21425.2321309783 0.631999638908327 2.1043323990542 1.07390108875211
212247.59 21430.8802478782 21430.8802478782 0.631999638908327 2.1043323990542 1.07390108875211
212248.59 21435.9238408501 21435.9238408501 0.631999638908327 2.1043323990542 1.07390108875211
212249.59 21440.272532023 21440.272532023 0.631999638908327 2.1043323990542 1.07390108875211
212250.59 21443.7839149388 21443.7839149388 0.631999638908327 2.1043323990542 1.07390108875211
212251.59 21446.3889989703 21446.3889989703 0.631999638908327 2.1043323990542 1.07390108875211
212252.59 21448.4415868227 21448.4415868227 0.631999638908327 2.1043323990542 1.07390108875211
212253.59 21450.0648657154 21450.0648657154 0.631999638908327 2.1043323990542 1.07390108875211
212254.59 21451.1800599027 21451.1800599027 0.631999638908327 2.1043323990542 1.07390108875211
212255.59 21451.7873969301 21451.7873969301 0.631999638908327 2.1043323990542 1.07390108875211
212256.59 21452.0935331853 21452.0935331853 0.631999638908327 2.1043323990542 1.07390108875211
212257.59 21452.3021732808 21452.3021732808 0.631999638908327 2.1043323990542 1.07390108875211
212258.59 21452.325273282 21452.325273282 0.631999638908327 2.1043323990542 1.07390108875211
212259.59 21452.3276571234 21452.3276571234 0.631999638908327 2.1043323990542 1.07390108875211
212260.59 21452.3310274499 21452.3310274499 0.631999638908327 2.1043323990542 1.07390108875211
212261.59 21452.3343977742 21452.3343977742 0.631999638908327 2.1043323990542 1.07390108875211
212262.59 21452.3363707424 21452.3363707424 0.631999638908327 2.1043323990542 1.07390108875211
212263.59 21452.3383437107 21452.3383437107 0.631999638908327 2.1043323990542 1.07390108875211
212264.59 21452.340316679 21452.340316679 0.631999638908327 2.1043323990542 1.07390108875211
212265.59 21452.3422896467 21452.3422896467 0.631999638908327 2.1043323990542 1.07390108875211
212266.59 21452.3438517421 21452.3438517421 0.631999638908327 2.1043323990542 1.07390108875211
212267.59 21452.3448382263 21452.3448382263 0.631999638908327 2.1043323990542 1.07390108875211
212268.59 21452.3454138365 21452.3454138365 0.631999638908327 2.1043323990542 1.07390108875211
212269.59 21452.3459894479 21452.3459894479 0.631999638908327 2.1043323990542 1.07390108875211
212270.59 21452.3469759322 21452.3469759322 0.631999638908327 2.1043323990542 1.07390108875211
212271.59 21452.3465650593 21452.3465650593 0.631999638908327 2.1043323990542 1.07390108875211
212272.59 21452.3471406708 21452.3471406708 0.631999638908327 2.1043323990542 1.07390108875211
212273.59 21452.3471406708 21452.3471406708 0.631999638908327 2.1043323990542 1.07390108875211
212274.59 21452.346729797 21452.346729797 0.631999638908327 2.1043323990542 1.07390108875211
212275.59 21452.346729797 21452.346729797 0.631999638908327 2.1043323990542 1.07390108875211
212276.59 21452.3457433126 21452.3457433126 0.631999638908327 2.1043323990542 1.07390108875211
212277.59 21452.3453324398 21452.3453324398 0.631999638908327 2.1043323990542 1.07390108875211
212278.59 21452.3443459554 21452.3443459554 0.631999638908327 2.1043323990542 1.07390108875211
212279.59 21452.3443459554 21452.3443459554 0.631999638908327 2.1043323990542 1.07390108875211
212280.59 21452.3439350827 21452.3439350827 0.631999638908327 2.1043323990542 1.07390108875211
212281.59 21452.3429485983 21452.3429485983 0.631999638908327 2.1043323990542 1.07390108875211
212282.59 21452.3429485983 21452.3429485983 0.631999638908327 2.1043323990542 1.07390108875211
212283.59 21452.3419621139 21452.3419621139 0.631999638908327 2.1043323990542 1.07390108875211
212284.59 21452.3409756295 21452.3409756295 0.631999638908327 2.1043323990542 1.07390108875211
212285.59 21452.3409756295 21452.3409756295 0.631999638908327 2.1043323990542 1.07390108875211
212286.59 21452.3399891451 21452.3399891451 0.631999638908327 2.1043323990542 1.07390108875211
212287.59 21452.3399891451 21452.3399891451 0.631999638908327 2.1043323990542 1.07390108875211
212288.59 21452.3399891451 21452.3399891451 0.631999638908327 2.1043323990542 1.07390108875211
212289.59 21452.338591788 21452.338591788 0.631999638908327 2.1043323990542 1.07390108875211
212290.59 21452.338591788 21452.338591788 0.631999638908327 2.1043323990542 1.07390108875211
212291.59 21452.3622674142 21452.3622674142 0.631999638908327 2.1043323990542 1.07390108875211
212292.59 21453.0412155706 21453.0412155706 0.631999638908327 2.1043323990542 1.07390108875211
212293.59 21454.9445847123 21454.9445847123 0.631999638908327 2.1043323990542 1.07390108875211
212294.59 21457.8586264246 21457.8586264246 0.631999638908327 2.1043323990542 1.07390108875211
212295.59 21461.703046223 21461.703046223 0.631999638908327 2.1043323990542 1.07390108875211
212296.59 21466.5157975774 21466.5157975774 0.631999638908327 2.1043323990542 1.07390108875211
212297.59 21472.1866925525 21472.1866925525 0.631999638908327 2.1043323990542 1.07390108875211
212298.59 21478.5497017493 21478.5497017493 0.631999638908327 2.1043323990542 1.07390108875211
212299.59 21485.4460860852 21485.4460860852 0.631999638908327 2.1043323990542 1.07390108875211
212300.59 21492.7452401744 21492.7452401744 0.631999638908327 2.1043323990542 1.07390108875211
212301.59 21500.371502962 21500.371502962 0.631999638908327 2.1043323990542 1.07390108875211
212302.59 21508.2704868847 21508.2704868847 0.631999638908327 2.1043323990542 1.07390108875211
212303.59 21516.3826919172 21516.3826919172 0.631999638908327 2.1043323990542 1.07390108875211
212304.59 21524.8393925494 21524.8393925494 0.631999638908327 2.1043323990542 1.07390108875211
212305.59 21533.6239640026 21533.6239640026 0.631999638908327 2.1043323990542 1.07390108875211
212306.59 21542.5372443045 21542.5372443045 0.631999638908327 2.1043323990542 1.07390108875211
212307.59 21551.5457241878 21551.5457241878 0.631999638908327 2.1043323990542 1.07390108875211
212308.59 21560.5756393689 21560.5756393689 0.631999638908327 2.1043323990542 1.07390108875211
212309.59 21569.645766676 21569.645766676 0.631999638908327 2.1043323990542 1.07390108875211
212310.59 21578.7390196211 21578.7390196211 0.631999638908327 2.1043323990542 1.07390108875211
212311.59 21587.8231723962 21587.8231723962 0.631999638908327 2.1043323990542 1.07390108875211
212312.59 21596.7944588061 21596.7944588061 0.631999638908327 2.1043323990542 1.07390108875211
212313.59 21605.7219317516 21605.7219317516 0.631999638908327 2.1043323990542 1.07390108875211
212314.59 21614.5859896471 21614.5859896471 0.631999638908327 2.1043323990542 1.07390108875211
212315.59 21623.3739916036 21623.3739916036 0.631999638908327 2.1043323990542 1.07390108875211
212316.59 21632.0568620787 21632.0568620787 0.631999638908327 2.1043323990542 1.07390108875211
212317.59 21640.6742536632 21640.6742536632 0.631999638908327 2.1043323990542 1.07390108875211
212318.59 21649.238732735 21649.238732735 0.631999638908327 2.1043323990542 1.07390108875211
212319.59 21657.7998528464 21657.7998528464 0.631999638908327 2.1043323990542 1.07390108875211
212320.59 21666.3743045311 21666.3743045311 0.631999638908327 2.1043323990542 1.07390108875211
212321.59 21674.9315940695 21674.9315940695 0.631999638908327 2.1043323990542 1.07390108875211
212322.59 21683.4355229726 21683.4355229726 0.631999638908327 2.1043323990542 1.07390108875211
212323.59 21691.9020931232 21691.9020931232 0.631999638908327 2.1043323990542 1.07390108875211
212324.59 21700.2990058328 21700.2990058328 0.631999638908327 2.1043323990542 1.07390108875211
212325.59 21708.5350203523 21708.5350203523 0.631999638908327 2.1043323990542 1.07390108875211
212326.59 21716.6271920827 21716.6271920827 0.631999638908327 2.1043323990542 1.07390108875211
212327.59 21724.6187430071 21724.6187430071 0.631999638908327 2.1043323990542 1.07390108875211
212328.59 21732.6530287901 21732.6530287901 0.631999638908327 2.1043323990542 1.07390108875211
212329.59 21740.6979149832 21740.6979149832 0.631999638908327 2.1043323990542 1.07390108875211
212330.59 21748.8121044938 21748.8121044938 0.631999638908327 2.1043323990542 1.07390108875211
212331.59 21756.9593448033 21756.9593448033 0.631999638908327 2.1043323990542 1.07390108875211
212332.59 21765.1386848591 21765.1386848591 0.631999638908327 2.1043323990542 1.07390108875211
212333.59 21773.3597510565 21773.3597510565 0.631999638908327 2.1043323990542 1.07390108875211
212334.59 21781.5932560382 21781.5932560382 0.631999638908327 2.1043323990542 1.07390108875211
212335.59 21789.8359760111 21789.8359760111 0.631999638908327 2.1043323990542 1.07390108875211
212336.59 21798.0239213958 21798.0239213958 0.631999638908327 2.1043323990542 1.07390108875211
212337.59 21806.1124908282 21806.1124908282 0.631999638908327 2.1043323990542 1.07390108875211
212338.59 21814.0881421043 21814.0881421043 0.631999638908327 2.1043323990542 1.07390108875211
212339.59 21821.9618666678 21821.9618666678 0.631999638908327 2.1043323990542 1.07390108875211
212340.59 21829.7783876167 21829.7783876167 0.631999638908327 2.1043323990542 1.07390108875211
212341.59 21837.5595270463 21837.5595270463 0.631999638908327 2.1043323990542 1.07390108875211
212342.59 21845.2587010917 21845.2587010917 0.631999638908327 2.1043323990542 1.07390108875211
212343.59 21852.9405905963 21852.9405905963 0.631999638908327 2.1043323990542 1.07390108875211
212344.59 21860.7849944309 21860.7849944309 0.631999638908327 2.1043323990542 1.07390108875211
212345.59 21868.8915690759 21868.8915690759 0.631999638908327 2.1043323990542 1.07390108875211
212346.59 21877.2181673345 21877.2181673345 0.631999638908327 2.1043323990542 1.07390108875211
212347.59 21885.6762961709 21885.6762961709 0.631999638908327 2.1043323990542 1.07390108875211
212348.59 21894.2708872578 21894.2708872578 0.631999638908327 2.1043323990542 1.07390108875211
212349.59 21902.9332365989 21902.9332365989 0.631999638908327 2.1043323990542 1.07390108875211
212350.59 21911.6236021006 21911.6236021006 0.631999638908327 2.1043323990542 1.07390108875211
212351.59 21920.2934896252 21920.2934896252 0.631999638908327 2.1043323990542 1.07390108875211
212352.59 21928.9654862391 21928.9654862391 0.631999638908327 2.1043323990542 1.07390108875211
212353.59 21937.6720230535 21937.6720230535 0.631999638908327 2.1043323990542 1.07390108875211
212354.59 21946.4696821265 21946.4696821265 0.631999638908327 2.1043323990542 1.07390108875211
212355.59 21955.3931066686 21955.3931066686 0.631999638908327 2.1043323990542 1.07390108875211
212356.59 21964.4302979802 21964.4302979802 0.631999638908327 2.1043323990542 1.07390108875211
212357.59 21973.5549203482 21973.5549203482 0.631999638908327 2.1043323990542 1.07390108875211
212358.59 21982.8103200052 21982.8103200052 0.631999638908327 2.1043323990542 1.07390108875211
212359.59 21992.1669157268 21992.1669157268 0.631999638908327 2.1043323990542 1.07390108875211
212360.59 22001.6165725522 22001.6165725522 0.631999638908327 2.1043323990542 1.07390108875211
212361.59 22011.0946606384 22011.0946606384 0.631999638908327 2.1043323990542 1.07390108875211
212362.59 22020.5928231741 22020.5928231741 0.631999638908327 2.1043323990542 1.07390108875211
212363.59 22030.0424501592 22030.0424501592 0.631999638908327 2.1043323990542 1.07390108875211
212364.59 22039.470530546 22039.470530546 0.631999638908327 2.1043323990542 1.07390108875211
212365.59 22048.9464777646 22048.9464777646 0.631999638908327 2.1043323990542 1.07390108875211
212366.59 22058.495127545 22058.495127545 0.631999638908327 2.1043323990542 1.07390108875211
212367.59 22068.1026470091 22068.1026470091 0.631999638908327 2.1043323990542 1.07390108875211
212368.59 22077.7320178119 22077.7320178119 0.631999638908327 2.1043323990542 1.07390108875211
212369.59 22087.3789951662 22087.3789951662 0.631999638908327 2.1043323990542 1.07390108875211
212370.59 22097.0711846999 22097.0711846999 0.631999638908327 2.1043323990542 1.07390108875211
212371.59 22106.8189859753 22106.8189859753 0.631999638908327 2.1043323990542 1.07390108875211
212372.59 22116.6428959379 22116.6428959379 0.631999638908327 2.1043323990542 1.07390108875211
212373.59 22126.5248617311 22126.5248617311 0.631999638908327 2.1043323990542 1.07390108875211
212374.59 22136.4789079577 22136.4789079577 0.631999638908327 2.1043323990542 1.07390108875211
212375.59 22146.5193337728 22146.5193337728 0.631999638908327 2.1043323990542 1.07390108875211
212376.59 22156.676367851 22156.676367851 0.631999638908327 2.1043323990542 1.07390108875211
212377.59 22166.9014977903 22166.9014977903 0.631999638908327 2.1043323990542 1.07390108875211
212378.59 22177.0795922233 22177.0795922233 0.631999638908327 2.1043323990542 1.07390108875211
212379.59 22187.2823382708 22187.2823382708 0.631999638908327 2.1043323990542 1.07390108875211
212380.59 22197.5332983489 22197.5332983489 0.631999638908327 2.1043323990542 1.07390108875211
212381.59 22207.8133764332 22207.8133764332 0.631999638908327 2.1043323990542 1.07390108875211
212382.59 22218.1430141158 22218.1430141158 0.631999638908327 2.1043323990542 1.07390108875211
212383.59 22228.4691518484 22228.4691518484 0.631999638908327 2.1043323990542 1.07390108875211
212384.59 22238.7410713699 22238.7410713699 0.631999638908327 2.1043323990542 1.07390108875211
212385.59 22248.887946725 22248.887946725 0.631999638908327 2.1043323990542 1.07390108875211
212386.59 22258.8903108803 22258.8903108803 0.631999638908327 2.1043323990542 1.07390108875211
212387.59 22268.7743681079 22268.7743681079 0.631999638908327 2.1043323990542 1.07390108875211
212388.59 22278.5490971359 22278.5490971359 0.631999638908327 2.1043323990542 1.07390108875211
212389.59 22288.1243112628 22288.1243112628 0.631999638908327 2.1043323990542 1.07390108875211
212390.59 22297.6069321257 22297.6069321257 0.631999638908327 2.1043323990542 1.07390108875211
212391.59 22307.0887974374 22307.0887974374 0.631999638908327 2.1043323990542 1.07390108875211
212392.59 22316.5804664082 22316.5804664082 0.631999638908327 2.1043323990542 1.07390108875211
212393.59 22326.1445440229 22326.1445440229 0.631999638908327 2.1043323990542 1.07390108875211
212394.59 22335.8702519122 22335.8702519122 0.631999638908327 2.1043323990542 1.07390108875211
212395.59 22345.7467289914 22345.7467289914 0.631999638908327 2.1043323990542 1.07390108875211
212396.59 22355.7832103348 22355.7832103348 0.631999638908327 2.1043323990542 1.07390108875211
212397.59 22365.8876454455 22365.8876454455 0.631999638908327 2.1043323990542 1.07390108875211
212398.59 22375.9807171188 22375.9807171188 0.631999638908327 2.1043323990542 1.07390108875211
212399.59 22386.0733046685 22386.0733046685 0.631999638908327 2.1043323990542 1.07390108875211
212400.59 22396.1243615754 22396.1243615754 0.631999638908327 2.1043323990542 1.07390108875211
212401.59 22406.1637235189 22406.1637235189 0.631999638908327 2.1043323990542 1.07390108875211
212402.59 22416.1739901337 22416.1739901337 0.631999638908327 2.1043323990542 1.07390108875211
212403.59 22426.0929246761 22426.0929246761 0.631999638908327 2.1043323990542 1.07390108875211
212404.59 22435.8221599843 22435.8221599843 0.631999638908327 2.1043323990542 1.07390108875211
212405.59 22445.4193623213 22445.4193623213 0.631999638908327 2.1043323990542 1.07390108875211
212406.59 22454.9050509044 22454.9050509044 0.631999638908327 2.1043323990542 1.07390108875211
212407.59 22464.3426894971 22464.3426894971 0.631999638908327 2.1043323990542 1.07390108875211
212408.59 22473.7514450958 22473.7514450958 0.631999638908327 2.1043323990542 1.07390108875211
212409.59 22483.1023362213 22483.1023362213 0.631999638908327 2.1043323990542 1.07390108875211
212410.59 22492.3876738707 22492.3876738707 0.631999638908327 2.1043323990542 1.07390108875211
212411.59 22501.5848674637 22501.5848674637 0.631999638908327 2.1043323990542 1.07390108875211
212412.59 22510.6858107308 22510.6858107308 0.631999638908327 2.1043323990542 1.07390108875211
212413.59 22519.8533029199 22519.8533029199 0.631999638908327 2.1043323990542 1.07390108875211
212414.59 22529.1480008375 22529.1480008375 0.631999638908327 2.1043323990542 1.07390108875211
212415.59 22538.5180588468 22538.5180588468 0.631999638908327 2.1043323990542 1.07390108875211
212416.59 22547.8685129713 22547.8685129713 0.631999638908327 2.1043323990542 1.07390108875211
212417.59 22557.1682686857 22557.1682686857 0.631999638908327 2.1043323990542 1.07390108875211
212418.59 22566.4175182161 22566.4175182161 0.631999638908327 2.1043323990542 1.07390108875211
212419.59 22575.6097471455 22575.6097471455 0.631999638908327 2.1043323990542 1.07390108875211
212420.59 22584.7371504181 22584.7371504181 0.631999638908327 2.1043323990542 1.07390108875211
212421.59 22593.8008890672 22593.8008890672 0.631999638908327 2.1043323990542 1.07390108875211
212422.59 22602.7778325179 22602.7778325179 0.631999638908327 2.1043323990542 1.07390108875211
212423.59 22611.7125996799 22611.7125996799 0.631999638908327 2.1043323990542 1.07390108875211
212424.59 22620.6564011306 22620.6564011306 0.631999638908327 2.1043323990542 1.07390108875211
212425.59 22629.6849411301 22629.6849411301 0.631999638908327 2.1043323990542 1.07390108875211
212426.59 22638.7557041579 22638.7557041579 0.631999638908327 2.1043323990542 1.07390108875211
212427.59 22647.8750142295 22647.8750142295 0.631999638908327 2.1043323990542 1.07390108875211
212428.59 22657.0388834825 22657.0388834825 0.631999638908327 2.1043323990542 1.07390108875211
212429.59 22666.2354550202 22666.2354550202 0.631999638908327 2.1043323990542 1.07390108875211
212430.59 22675.4471100851 22675.4471100851 0.631999638908327 2.1043323990542 1.07390108875211
212431.59 22684.6980721099 22684.6980721099 0.631999638908327 2.1043323990542 1.07390108875211
212432.59 22694.0174628931 22694.0174628931 0.631999638908327 2.1043323990542 1.07390108875211
212433.59 22703.4340219626 22703.4340219626 0.631999638908327 2.1043323990542 1.07390108875211
212434.59 22712.9210417612 22712.9210417612 0.631999638908327 2.1043323990542 1.07390108875211
212435.59 22722.4863760883 22722.4863760883 0.631999638908327 2.1043323990542 1.07390108875211
212436.59 22732.1376972633 22732.1376972633 0.631999638908327 2.1043323990542 1.07390108875211
212437.59 22741.9082607028 22741.9082607028 0.631999638908327 2.1043323990542 1.07390108875211
212438.59 22751.767070975 22751.767070975 0.631999638908327 2.1043323990542 1.07390108875211
212439.59 22761.6964222389 22761.6964222389 0.631999638908327 2.1043323990542 1.07390108875211
212440.59 22771.6854512853 22771.6854512853 0.631999638908327 2.1043323990542 1.07390108875211
212441.59 22781.6426664429 22781.6426664429 0.631999638908327 2.1043323990542 1.07390108875211
212442.59 22791.5472499828 22791.5472499828 0.631999638908327 2.1043323990542 1.07390108875211
212443.59 22801.4377451089 22801.4377451089 0.631999638908327 2.1043323990542 1.07390108875211
212444.59 22811.3118253584 22811.3118253584 0.631999638908327 2.1043323990542 1.07390108875211
212445.59 22821.1916539812 22821.1916539812 0.631999638908327 2.1043323990542 1.07390108875211
212446.59 22831.0899930003 22831.0899930003 0.631999638908327 2.1043323990542 1.07390108875211
212447.59 22840.9925177647 22840.9925177647 0.631999638908327 2.1043323990542 1.07390108875211
212448.59 22850.7846527089 22850.7846527089 0.631999638908327 2.1043323990542 1.07390108875211
212449.59 22860.4859298742 22860.4859298742 0.631999638908327 2.1043323990542 1.07390108875211
212450.59 22870.1415233136 22870.1415233136 0.631999638908327 2.1043323990542 1.07390108875211
212451.59 22879.7504810214 22879.7504810214 0.631999638908327 2.1043323990542 1.07390108875211
212452.59 22889.3060817736 22889.3060817736 0.631999638908327 2.1043323990542 1.07390108875211
212453.59 22898.7895814077 22898.7895814077 0.631999638908327 2.1043323990542 1.07390108875211
212454.59 22908.1580275095 22908.1580275095 0.631999638908327 2.1043323990542 1.07390108875211
212455.59 22917.3523955941 22917.3523955941 0.631999638908327 2.1043323990542 1.07390108875211
212456.59 22926.3501998369 22926.3501998369 0.631999638908327 2.1043323990542 1.07390108875211
212457.59 22934.9402643485 22934.9402643485 0.631999638908327 2.1043323990542 1.07390108875211
212458.59 22942.9979775181 22942.9979775181 0.631999638908327 2.1043323990542 1.07390108875211
212459.59 22950.5089306334 22950.5089306334 0.631999638908327 2.1043323990542 1.07390108875211
212460.59 22957.4787960087 22957.4787960087 0.631999638908327 2.1043323990542 1.07390108875211
212461.59 22963.838641436 22963.838641436 0.631999638908327 2.1043323990542 1.07390108875211
212462.59 22969.5029612132 22969.5029612132 0.631999638908327 2.1043323990542 1.07390108875211
212463.59 22974.4402513754 22974.4402513754 0.631999638908327 2.1043323990542 1.07390108875211
212464.59 22978.6597702105 22978.6597702105 0.631999638908327 2.1043323990542 1.07390108875211
212465.59 22982.2888139315 22982.2888139315 0.631999638908327 2.1043323990542 1.07390108875211
212466.59 22985.3513876495 22985.3513876495 0.631999638908327 2.1043323990542 1.07390108875211
212467.59 22987.7131469247 22987.7131469247 0.631999638908327 2.1043323990542 1.07390108875211
212468.59 22989.3100876469 22989.3100876469 0.631999638908327 2.1043323990542 1.07390108875211
212469.59 22990.13898317 22990.13898317 0.631999638908327 2.1043323990542 1.07390108875211
212470.59 22990.3918015737 22990.3918015737 0.631999638908327 2.1043323990542 1.07390108875211
212471.59 22990.4074026147 22990.4074026147 0.631999638908327 2.1043323990542 1.07390108875211
212472.59 22990.4110134187 22990.4110134187 0.631999638908327 2.1043323990542 1.07390108875211
212473.59 22990.415611966 22990.415611966 0.631999638908327 2.1043323990542 1.07390108875211
212474.59 22990.4202105135 22990.4202105135 0.631999638908327 2.1043323990542 1.07390108875211
212475.59 22990.4234124888 22990.4234124888 0.631999638908327 2.1043323990542 1.07390108875211
212476.59 22990.4266144625 22990.4266144625 0.631999638908327 2.1043323990542 1.07390108875211
212477.59 22990.4288286957 22990.4288286957 0.631999638908327 2.1043323990542 1.07390108875211
212478.59 22990.4316218396 22990.4316218396 0.631999638908327 2.1043323990542 1.07390108875211
212479.59 22990.4334272419 22990.4334272419 0.631999638908327 2.1043323990542 1.07390108875211
212480.59 22990.4352326453 22990.4352326453 0.631999638908327 2.1043323990542 1.07390108875211
212481.59 22990.4360503054 22990.4360503054 0.631999638908327 2.1043323990542 1.07390108875211
212482.59 22990.4364591355 22990.4364591355 0.631999638908327 2.1043323990542 1.07390108875211
212483.59 22990.4368679667 22990.4368679667 0.631999638908327 2.1043323990542 1.07390108875211
212484.59 22990.4378557089 22990.4378557089 0.631999638908327 2.1043323990542 1.07390108875211
212485.59 22990.4372767968 22990.4372767968 0.631999638908327 2.1043323990542 1.07390108875211
212486.59 22990.4372767968 22990.4372767968 0.631999638908327 2.1043323990542 1.07390108875211
212487.59 22990.4372767968 22990.4372767968 0.631999638908327 2.1043323990542 1.07390108875211
212488.59 22990.4372767968 22990.4372767968 0.631999638908327 2.1043323990542 1.07390108875211
212489.59 22990.4372767968 22990.4372767968 0.631999638908327 2.1043323990542 1.07390108875211
212490.59 22990.4362890547 22990.4362890547 0.631999638908327 2.1043323990542 1.07390108875211
212491.59 22990.4358802245 22990.4358802245 0.631999638908327 2.1043323990542 1.07390108875211
212492.59 22990.4354713933 22990.4354713933 0.631999638908327 2.1043323990542 1.07390108875211
212493.59 22990.4350625632 22990.4350625632 0.631999638908327 2.1043323990542 1.07390108875211
212494.59 22990.4336659908 22990.4336659908 0.631999638908327 2.1043323990542 1.07390108875211
212495.59 22990.4332571607 22990.4332571607 0.631999638908327 2.1043323990542 1.07390108875211
212496.59 22990.4318605884 22990.4318605884 0.631999638908327 2.1043323990542 1.07390108875211
212497.59 22990.4310429283 22990.4310429283 0.631999638908327 2.1043323990542 1.07390108875211
212498.59 22990.4306340973 22990.4306340973 0.631999638908327 2.1043323990542 1.07390108875211
212499.59 22990.4288286957 22990.4288286957 0.631999638908327 2.1043323990542 1.07390108875211
212500.59 22990.4274321234 22990.4274321234 0.631999638908327 2.1043323990542 1.07390108875211
212501.59 22990.4266144625 22990.4266144625 0.631999638908327 2.1043323990542 1.07390108875211
212502.59 22990.4252178903 22990.4252178903 0.631999638908327 2.1043323990542 1.07390108875211
212503.59 22990.4248090604 22990.4248090604 0.631999638908327 2.1043323990542 1.07390108875211
212504.59 22990.4234124888 22990.4234124888 0.631999638908327 2.1043323990542 1.07390108875211
212505.59 22990.4216070857 22990.4216070857 0.631999638908327 2.1043323990542 1.07390108875211
212506.59 22990.4202105135 22990.4202105135 0.631999638908327 2.1043323990542 1.07390108875211
212507.59 22990.4198016837 22990.4198016837 0.631999638908327 2.1043323990542 1.07390108875211
212508.59 22990.4188139413 22990.4188139413 0.631999638908327 2.1043323990542 1.07390108875211
212509.59 22990.417417368 22990.417417368 0.631999638908327 2.1043323990542 1.07390108875211
212510.59 22990.4160207958 22990.4160207958 0.631999638908327 2.1043323990542 1.07390108875211
212511.59 22990.4160207958 22990.4160207958 0.631999638908327 2.1043323990542 1.07390108875211
212512.59 22990.4150330533 22990.4150330533 0.631999638908327 2.1043323990542 1.07390108875211
212513.59 22990.4150330533 22990.4150330533 0.631999638908327 2.1043323990542 1.07390108875211
212514.59 22990.4136364811 22990.4136364811 0.631999638908327 2.1043323990542 1.07390108875211
212515.59 22990.4136364811 22990.4136364811 0.631999638908327 2.1043323990542 1.07390108875211
212516.59 22990.6470734041 22990.6470734041 0.631999638908327 2.1043323990542 1.07390108875211
212517.59 22992.0560822906 22992.0560822906 0.631999638908327 2.1043323990542 1.07390108875211
212518.59 22994.7694599112 22994.7694599112 0.631999638908327 2.1043323990542 1.07390108875211
212519.59 22998.7726637769 22998.7726637769 0.631999638908327 2.1043323990542 1.07390108875211
212520.59 23003.9053243545 23003.9053243545 0.631999638908327 2.1043323990542 1.07390108875211
212521.59 23010.072709929 23010.072709929 0.631999638908327 2.1043323990542 1.07390108875211
212522.59 23017.1347755898 23017.1347755898 0.631999638908327 2.1043323990542 1.07390108875211
212523.59 23025.1196718489 23025.1196718489 0.631999638908327 2.1043323990542 1.07390108875211
212524.59 23033.8363790782 23033.8363790782 0.631999638908327 2.1043323990542 1.07390108875211
212525.59 23042.8114030385 23042.8114030385 0.631999638908327 2.1043323990542 1.07390108875211
212526.59 23051.9881921661 23051.9881921661 0.631999638908327 2.1043323990542 1.07390108875211
212527.59 23061.3630642606 23061.3630642606 0.631999638908327 2.1043323990542 1.07390108875211
212528.59 23070.9370705498 23070.9370705498 0.631999638908327 2.1043323990542 1.07390108875211
212529.59 23080.4983835479 23080.4983835479 0.631999638908327 2.1043323990542 1.07390108875211
212530.59 23090.0620496741 23090.0620496741 0.631999638908327 2.1043323990542 1.07390108875211
212531.59 23099.7706434662 23099.7706434662 0.631999638908327 2.1043323990542 1.07390108875211
212532.59 23109.6194236166 23109.6194236166 0.631999638908327 2.1043323990542 1.07390108875211
212533.59 23119.5578242156 23119.5578242156 0.631999638908327 2.1043323990542 1.07390108875211
212534.59 23129.6578770443 23129.6578770443 0.631999638908327 2.1043323990542 1.07390108875211
212535.59 23139.8670974501 23139.8670974501 0.631999638908327 2.1043323990542 1.07390108875211
212536.59 23150.2000447139 23150.2000447139 0.631999638908327 2.1043323990542 1.07390108875211
212537.59 23160.5559806573 23160.5559806573 0.631999638908327 2.1043323990542 1.07390108875211
212538.59 23170.9364645542 23170.9364645542 0.631999638908327 2.1043323990542 1.07390108875211
212539.59 23181.2912757469 23181.2912757469 0.631999638908327 2.1043323990542 1.07390108875211
212540.59 23191.5728836963 23191.5728836963 0.631999638908327 2.1043323990542 1.07390108875211
212541.59 23201.7211325408 23201.7211325408 0.631999638908327 2.1043323990542 1.07390108875211
212542.59 23211.6784531646 23211.6784531646 0.631999638908327 2.1043323990542 1.07390108875211
212543.59 23221.517598151 23221.517598151 0.631999638908327 2.1043323990542 1.07390108875211
212544.59 23231.2832871663 23231.2832871663 0.631999638908327 2.1043323990542 1.07390108875211
212545.59 23240.9913831698 23240.9913831698 0.631999638908327 2.1043323990542 1.07390108875211
212546.59 23250.6959479092 23250.6959479092 0.631999638908327 2.1043323990542 1.07390108875211
212547.59 23260.4087945281 23260.4087945281 0.631999638908327 2.1043323990542 1.07390108875211
212548.59 23270.1730058499 23270.1730058499 0.631999638908327 2.1043323990542 1.07390108875211
212549.59 23280.044665975 23280.044665975 0.631999638908327 2.1043323990542 1.07390108875211
212550.59 23289.9948469014 23289.9948469014 0.631999638908327 2.1043323990542 1.07390108875211
212551.59 23300.021259075 23300.021259075 0.631999638908327 2.1043323990542 1.07390108875211
212552.59 23310.120800823 23310.120800823 0.631999638908327 2.1043323990542 1.07390108875211
212553.59 23320.326242779 23320.326242779 0.631999638908327 2.1043323990542 1.07390108875211
212554.59 23330.5973815327 23330.5973815327 0.631999638908327 2.1043323990542 1.07390108875211
212555.59 23340.8423380449 23340.8423380449 0.631999638908327 2.1043323990542 1.07390108875211
212556.59 23351.0886455059 23351.0886455059 0.631999638908327 2.1043323990542 1.07390108875211
212557.59 23361.3931069789 23361.3931069789 0.631999638908327 2.1043323990542 1.07390108875211
212558.59 23371.7686685575 23371.7686685575 0.631999638908327 2.1043323990542 1.07390108875211
212559.59 23382.1133602625 23382.1133602625 0.631999638908327 2.1043323990542 1.07390108875211
212560.59 23392.4173074025 23392.4173074025 0.631999638908327 2.1043323990542 1.07390108875211
212561.59 23402.742745933 23402.742745933 0.631999638908327 2.1043323990542 1.07390108875211
212562.59 23413.0468339056 23413.0468339056 0.631999638908327 2.1043323990542 1.07390108875211
212563.59 23423.3124325802 23423.3124325802 0.631999638908327 2.1043323990542 1.07390108875211
212564.59 23433.5630530114 23433.5630530114 0.631999638908327 2.1043323990542 1.07390108875211
212565.59 23443.811883531 23443.811883531 0.631999638908327 2.1043323990542 1.07390108875211
212566.59 23454.0267946555 23454.0267946555 0.631999638908327 2.1043323990542 1.07390108875211
212567.59 23464.0753097366 23464.0753097366 0.631999638908327 2.1043323990542 1.07390108875211
212568.59 23473.6260217968 23473.6260217968 0.631999638908327 2.1043323990542 1.07390108875211
212569.59 23482.6865421382 23482.6865421382 0.631999638908327 2.1043323990542 1.07390108875211
212570.59 23491.2962940572 23491.2962940572 0.631999638908327 2.1043323990542 1.07390108875211
212571.59 23499.4773161826 23499.4773161826 0.631999638908327 2.1043323990542 1.07390108875211
212572.59 23507.2086321231 23507.2086321231 0.631999638908327 2.1043323990542 1.07390108875211
212573.59 23514.5084761285 23514.5084761285 0.631999638908327 2.1043323990542 1.07390108875211
212574.59 23521.2129573865 23521.2129573865 0.631999638908327 2.1043323990542 1.07390108875211
212575.59 23527.0022980481 23527.0022980481 0.631999638908327 2.1043323990542 1.07390108875211
212576.59 23531.593617265 23531.593617265 0.631999638908327 2.1043323990542 1.07390108875211
212577.59 23534.9891301748 23534.9891301748 0.631999638908327 2.1043323990542 1.07390108875211
212578.59 23537.2589460531 23537.2589460531 0.631999638908327 2.1043323990542 1.07390108875211
212579.59 23538.5775489859 23538.5775489859 0.631999638908327 2.1043323990542 1.07390108875211
212580.59 23539.2154603857 23539.2154603857 0.631999638908327 2.1043323990542 1.07390108875211
212581.59 23539.3918759755 23539.3918759755 0.631999638908327 2.1043323990542 1.07390108875211
212582.59 23539.4064308035 23539.4064308035 0.631999638908327 2.1043323990542 1.07390108875211
212583.59 23539.411196494 23539.411196494 0.631999638908327 2.1043323990542 1.07390108875211
212584.59 23539.4159621841 23539.4159621841 0.631999638908327 2.1043323990542 1.07390108875211
212585.59 23539.4197434767 23539.4197434767 0.631999638908327 2.1043323990542 1.07390108875211
212586.59 23539.4231107197 23539.4231107197 0.631999638908327 2.1043323990542 1.07390108875211
212587.59 23539.4287045123 23539.4287045123 0.631999638908327 2.1043323990542 1.07390108875211
212588.59 23539.9518887995 23539.9518887995 0.631999638908327 2.1043323990542 1.07390108875211
212589.59 23541.9201665662 23541.9201665662 0.631999638908327 2.1043323990542 1.07390108875211
212590.59 23545.1613874907 23545.1613874907 0.631999638908327 2.1043323990542 1.07390108875211
212591.59 23549.5771132941 23549.5771132941 0.631999638908327 2.1043323990542 1.07390108875211
212592.59 23554.9581455755 23554.9581455755 0.631999638908327 2.1043323990542 1.07390108875211
212593.59 23561.1230923203 23561.1230923203 0.631999638908327 2.1043323990542 1.07390108875211
212594.59 23568.0165884314 23568.0165884314 0.631999638908327 2.1043323990542 1.07390108875211
212595.59 23575.3932176422 23575.3932176422 0.631999638908327 2.1043323990542 1.07390108875211
212596.59 23583.1863909804 23583.1863909804 0.631999638908327 2.1043323990542 1.07390108875211
212597.59 23591.3913565321 23591.3913565321 0.631999638908327 2.1043323990542 1.07390108875211
212598.59 23599.988956692 23599.988956692 0.631999638908327 2.1043323990542 1.07390108875211
212599.59 23608.9558425163 23608.9558425163 0.631999638908327 2.1043323990542 1.07390108875211
212600.59 23618.1353375173 23618.1353375173 0.631999638908327 2.1043323990542 1.07390108875211
212601.59 23627.2929549868 23627.2929549868 0.631999638908327 2.1043323990542 1.07390108875211
212602.59 23636.5012032492 23636.5012032492 0.631999638908327 2.1043323990542 1.07390108875211
212603.59 23645.815498255 23645.815498255 0.631999638908327 2.1043323990542 1.07390108875211
212604.59 23655.2930208072 23655.2930208072 0.631999638908327 2.1043323990542 1.07390108875211
212605.59 23664.8916070631 23664.8916070631 0.631999638908327 2.1043323990542 1.07390108875211
212606.59 23674.4743607736 23674.4743607736 0.631999638908327 2.1043323990542 1.07390108875211
212607.59 23684.0086334103 23684.0086334103 0.631999638908327 2.1043323990542 1.07390108875211
212608.59 23693.6528121998 23693.6528121998 0.631999638908327 2.1043323990542 1.07390108875211
212609.59 23703.4098246556 23703.4098246556 0.631999638908327 2.1043323990542 1.07390108875211
212610.59 23713.2577673639 23713.2577673639 0.631999638908327 2.1043323990542 1.07390108875211
212611.59 23723.242566655 23723.242566655 0.631999638908327 2.1043323990542 1.07390108875211
212612.59 23733.3710270794 23733.3710270794 0.631999638908327 2.1043323990542 1.07390108875211
212613.59 23743.4813827209 23743.4813827209 0.631999638908327 2.1043323990542 1.07390108875211
212614.59 23753.5979181544 23753.5979181544 0.631999638908327 2.1043323990542 1.07390108875211
212615.59 23763.5869493479 23763.5869493479 0.631999638908327 2.1043323990542 1.07390108875211
212616.59 23773.5326500587 23773.5326500587 0.631999638908327 2.1043323990542 1.07390108875211
212617.59 23783.3833899735 23783.3833899735 0.631999638908327 2.1043323990542 1.07390108875211
212618.59 23793.0725823249 23793.0725823249 0.631999638908327 2.1043323990542 1.07390108875211
212619.59 23802.7116796098 23802.7116796098 0.631999638908327 2.1043323990542 1.07390108875211
212620.59 23812.2764244164 23812.2764244164 0.631999638908327 2.1043323990542 1.07390108875211
212621.59 23821.7694835852 23821.7694835852 0.631999638908327 2.1043323990542 1.07390108875211
212622.59 23831.1784794063 23831.1784794063 0.631999638908327 2.1043323990542 1.07390108875211
212623.59 23840.5259635028 23840.5259635028 0.631999638908327 2.1043323990542 1.07390108875211
212624.59 23849.8056146224 23849.8056146224 0.631999638908327 2.1043323990542 1.07390108875211
212625.59 23859.0955065471 23859.0955065471 0.631999638908327 2.1043323990542 1.07390108875211
212626.59 23868.5063074041 23868.5063074041 0.631999638908327 2.1043323990542 1.07390108875211
212627.59 23877.9825564257 23877.9825564257 0.631999638908327 2.1043323990542 1.07390108875211
212628.59 23887.4887782542 23887.4887782542 0.631999638908327 2.1043323990542 1.07390108875211
212629.59 23897.0315704443 23897.0315704443 0.631999638908327 2.1043323990542 1.07390108875211
212630.59 23906.5097121668 23906.5097121668 0.631999638908327 2.1043323990542 1.07390108875211
212631.59 23915.8579479159 23915.8579479159 0.631999638908327 2.1043323990542 1.07390108875211
212632.59 23924.808953194 23924.808953194 0.631999638908327 2.1043323990542 1.07390108875211
212633.59 23933.1700617145 23933.1700617145 0.631999638908327 2.1043323990542 1.07390108875211
212634.59 23940.8726649171 23940.8726649171 0.631999638908327 2.1043323990542 1.07390108875211
212635.59 23948.2776751947 23948.2776751947 0.631999638908327 2.1043323990542 1.07390108875211
212636.59 23955.7074443451 23955.7074443451 0.631999638908327 2.1043323990542 1.07390108875211
212637.59 23962.9618199385 23962.9618199385 0.631999638908327 2.1043323990542 1.07390108875211
212638.59 23970.2347815129 23970.2347815129 0.631999638908327 2.1043323990542 1.07390108875211
212639.59 23977.2510838742 23977.2510838742 0.631999638908327 2.1043323990542 1.07390108875211
212640.59 23983.7502200851 23983.7502200851 0.631999638908327 2.1043323990542 1.07390108875211
212641.59 23989.410763559 23989.410763559 0.631999638908327 2.1043323990542 1.07390108875211
212642.59 23993.4845584618 23993.4845584618 0.631999638908327 2.1043323990542 1.07390108875211
212643.59 23996.2191325242 23996.2191325242 0.631999638908327 2.1043323990542 1.07390108875211
212644.59 23998.5658941697 23998.5658941697 0.631999638908327 2.1043323990542 1.07390108875211
212645.59 24000.6482827671 24000.6482827671 0.631999638908327 2.1043323990542 1.07390108875211
212646.59 24002.3903772867 24002.3903772867 0.631999638908327 2.1043323990542 1.07390108875211
212647.59 24004.3789630554 24004.3789630554 0.631999638908327 2.1043323990542 1.07390108875211
212648.59 24006.8474129012 24006.8474129012 0.631999638908327 2.1043323990542 1.07390108875211
212649.59 24010.1104329557 24010.1104329557 0.631999638908327 2.1043323990542 1.07390108875211
212650.59 24014.6996761792 24014.6996761792 0.631999638908327 2.1043323990542 1.07390108875211
212651.59 24020.5635086136 24020.5635086136 0.631999638908327 2.1043323990542 1.07390108875211
212652.59 24027.3731026277 24027.3731026277 0.631999638908327 2.1043323990542 1.07390108875211
212653.59 24034.8809895246 24034.8809895246 0.631999638908327 2.1043323990542 1.07390108875211
212654.59 24043.1812428508 24043.1812428508 0.631999638908327 2.1043323990542 1.07390108875211
212655.59 24052.3364878211 24052.3364878211 0.631999638908327 2.1043323990542 1.07390108875211
212656.59 24062.2174856709 24062.2174856709 0.631999638908327 2.1043323990542 1.07390108875211
212657.59 24072.6318228444 24072.6318228444 0.631999638908327 2.1043323990542 1.07390108875211
212658.59 24083.4476569441 24083.4476569441 0.631999638908327 2.1043323990542 1.07390108875211
212659.59 24094.6606947763 24094.6606947763 0.631999638908327 2.1043323990542 1.07390108875211
212660.59 24106.2126043611 24106.2126043611 0.631999638908327 2.1043323990542 1.07390108875211
212661.59 24117.8810829625 24117.8810829625 0.631999638908327 2.1043323990542 1.07390108875211
212662.59 24129.3972749668 24129.3972749668 0.631999638908327 2.1043323990542 1.07390108875211
212663.59 24140.75300026 24140.75300026 0.631999638908327 2.1043323990542 1.07390108875211
212664.59 24152.0442904237 24152.0442904237 0.631999638908327 2.1043323990542 1.07390108875211
212665.59 24163.3620934176 24163.3620934176 0.631999638908327 2.1043323990542 1.07390108875211
212666.59 24174.7459315309 24174.7459315309 0.631999638908327 2.1043323990542 1.07390108875211
212667.59 24186.2615904935 24186.2615904935 0.631999638908327 2.1043323990542 1.07390108875211
212668.59 24197.9208124695 24197.9208124695 0.631999638908327 2.1043323990542 1.07390108875211
212669.59 24209.6594400655 24209.6594400655 0.631999638908327 2.1043323990542 1.07390108875211
212670.59 24221.2993725598 24221.2993725598 0.631999638908327 2.1043323990542 1.07390108875211
212671.59 24232.7753104058 24232.7753104058 0.631999638908327 2.1043323990542 1.07390108875211
212672.59 24244.0864393883 24244.0864393883 0.631999638908327 2.1043323990542 1.07390108875211
212673.59 24255.243438308 24255.243438308 0.631999638908327 2.1043323990542 1.07390108875211
212674.59 24266.2996464609 24266.2996464609 0.631999638908327 2.1043323990542 1.07390108875211
212675.59 24277.3293451027 24277.3293451027 0.631999638908327 2.1043323990542 1.07390108875211
212676.59 24288.3515312337 24288.3515312337 0.631999638908327 2.1043323990542 1.07390108875211
212677.59 24299.4186932347 24299.4186932347 0.631999638908327 2.1043323990542 1.07390108875211
212678.59 24310.6048200758 24310.6048200758 0.631999638908327 2.1043323990542 1.07390108875211
212679.59 24321.8357797258 24321.8357797258 0.631999638908327 2.1043323990542 1.07390108875211
212680.59 24333.0807875959 24333.0807875959 0.631999638908327 2.1043323990542 1.07390108875211
212681.59 24344.375305797 24344.375305797 0.631999638908327 2.1043323990542 1.07390108875211
212682.59 24355.7645176294 24355.7645176294 0.631999638908327 2.1043323990542 1.07390108875211
212683.59 24367.3523011293 24367.3523011293 0.631999638908327 2.1043323990542 1.07390108875211
212684.59 24379.0846306677 24379.0846306677 0.631999638908327 2.1043323990542 1.07390108875211
212685.59 24390.9497207381 24390.9497207381 0.631999638908327 2.1043323990542 1.07390108875211
212686.59 24402.7693260152 24402.7693260152 0.631999638908327 2.1043323990542 1.07390108875211
212687.59 24414.4602896029 24414.4602896029 0.631999638908327 2.1043323990542 1.07390108875211
212688.59 24426.0462388949 24426.0462388949 0.631999638908327 2.1043323990542 1.07390108875211
212689.59 24437.6488068666 24437.6488068666 0.631999638908327 2.1043323990542 1.07390108875211
212690.59 24449.3210562035 24449.3210562035 0.631999638908327 2.1043323990542 1.07390108875211
212691.59 24460.9787740725 24460.9787740725 0.631999638908327 2.1043323990542 1.07390108875211
212692.59 24472.4890285435 24472.4890285435 0.631999638908327 2.1043323990542 1.07390108875211
212693.59 24483.7147920465 24483.7147920465 0.631999638908327 2.1043323990542 1.07390108875211
212694.59 24494.8315509311 24494.8315509311 0.631999638908327 2.1043323990542 1.07390108875211
212695.59 24505.9163251051 24505.9163251051 0.631999638908327 2.1043323990542 1.07390108875211
212696.59 24516.8756479157 24516.8756479157 0.631999638908327 2.1043323990542 1.07390108875211
212697.59 24527.643388605 24527.643388605 0.631999638908327 2.1043323990542 1.07390108875211
212698.59 24538.2466426065 24538.2466426065 0.631999638908327 2.1043323990542 1.07390108875211
212699.59 24548.7775727997 24548.7775727997 0.631999638908327 2.1043323990542 1.07390108875211
212700.59 24559.3110858478 24559.3110858478 0.631999638908327 2.1043323990542 1.07390108875211
212701.59 24569.9432548251 24569.9432548251 0.631999638908327 2.1043323990542 1.07390108875211
212702.59 24580.6375523462 24580.6375523462 0.631999638908327 2.1043323990542 1.07390108875211
212703.59 24591.3105171422 24591.3105171422 0.631999638908327 2.1043323990542 1.07390108875211
212704.59 24602.0227564543 24602.0227564543 0.631999638908327 2.1043323990542 1.07390108875211
212705.59 24612.8422615533 24612.8422615533 0.631999638908327 2.1043323990542 1.07390108875211
212706.59 24623.8201212636 24623.8201212636 0.631999638908327 2.1043323990542 1.07390108875211
212707.59 24634.8640926492 24634.8640926492 0.631999638908327 2.1043323990542 1.07390108875211
212708.59 24645.932045579 24645.932045579 0.631999638908327 2.1043323990542 1.07390108875211
212709.59 24657.0348865703 24657.0348865703 0.631999638908327 2.1043323990542 1.07390108875211
212710.59 24668.1796318589 24668.1796318589 0.631999638908327 2.1043323990542 1.07390108875211
212711.59 24679.3422838047 24679.3422838047 0.631999638908327 2.1043323990542 1.07390108875211
212712.59 24690.5189530024 24690.5189530024 0.631999638908327 2.1043323990542 1.07390108875211
212713.59 24701.6650633673 24701.6650633673 0.631999638908327 2.1043323990542 1.07390108875211
212714.59 24712.7516560901 24712.7516560901 0.631999638908327 2.1043323990542 1.07390108875211
212715.59 24723.8182074294 24723.8182074294 0.631999638908327 2.1043323990542 1.07390108875211
212716.59 24734.9075602307 24734.9075602307 0.631999638908327 2.1043323990542 1.07390108875211
212717.59 24746.0287568955 24746.0287568955 0.631999638908327 2.1043323990542 1.07390108875211
212718.59 24757.1739878718 24757.1739878718 0.631999638908327 2.1043323990542 1.07390108875211
212719.59 24768.3505502378 24768.3505502378 0.631999638908327 2.1043323990542 1.07390108875211
212720.59 24779.5821624844 24779.5821624844 0.631999638908327 2.1043323990542 1.07390108875211
212721.59 24790.8824402467 24790.8824402467 0.631999638908327 2.1043323990542 1.07390108875211
212722.59 24802.2602019694 24802.2602019694 0.631999638908327 2.1043323990542 1.07390108875211
212723.59 24813.7227648509 24813.7227648509 0.631999638908327 2.1043323990542 1.07390108875211
212724.59 24825.2814801558 24825.2814801558 0.631999638908327 2.1043323990542 1.07390108875211
212725.59 24836.8737296518 24836.8737296518 0.631999638908327 2.1043323990542 1.07390108875211
212726.59 24848.3915479753 24848.3915479753 0.631999638908327 2.1043323990542 1.07390108875211
212727.59 24859.8579710918 24859.8579710918 0.631999638908327 2.1043323990542 1.07390108875211
212728.59 24871.3597354947 24871.3597354947 0.631999638908327 2.1043323990542 1.07390108875211
212729.59 24883.0006242668 24883.0006242668 0.631999638908327 2.1043323990542 1.07390108875211
212730.59 24894.8208111294 24894.8208111294 0.631999638908327 2.1043323990542 1.07390108875211
212731.59 24906.825313799 24906.825313799 0.631999638908327 2.1043323990542 1.07390108875211
212732.59 24918.8529771766 24918.8529771766 0.631999638908327 2.1043323990542 1.07390108875211
212733.59 24930.8625307437 24930.8625307437 0.631999638908327 2.1043323990542 1.07390108875211
212734.59 24942.913764148 24942.913764148 0.631999638908327 2.1043323990542 1.07390108875211
212735.59 24954.9872168018 24954.9872168018 0.631999638908327 2.1043323990542 1.07390108875211
212736.59 24966.9747042521 24966.9747042521 0.631999638908327 2.1043323990542 1.07390108875211
212737.59 24978.7484387162 24978.7484387162 0.631999638908327 2.1043323990542 1.07390108875211
212738.59 24990.216466781 24990.216466781 0.631999638908327 2.1043323990542 1.07390108875211
212739.59 25001.3603898786 25001.3603898786 0.631999638908327 2.1043323990542 1.07390108875211
212740.59 25012.2975889567 25012.2975889567 0.631999638908327 2.1043323990542 1.07390108875211
212741.59 25023.3420536596 25023.3420536596 0.631999638908327 2.1043323990542 1.07390108875211
212742.59 25034.573950548 25034.573950548 0.631999638908327 2.1043323990542 1.07390108875211
212743.59 25045.9750461726 25045.9750461726 0.631999638908327 2.1043323990542 1.07390108875211
212744.59 25057.4208654593 25057.4208654593 0.631999638908327 2.1043323990542 1.07390108875211
212745.59 25068.7472506778 25068.7472506778 0.631999638908327 2.1043323990542 1.07390108875211
212746.59 25080.1099408456 25080.1099408456 0.631999638908327 2.1043323990542 1.07390108875211
212747.59 25091.5952704188 25091.5952704188 0.631999638908327 2.1043323990542 1.07390108875211
212748.59 25103.1494272264 25103.1494272264 0.631999638908327 2.1043323990542 1.07390108875211
212749.59 25114.7138153461 25114.7138153461 0.631999638908327 2.1043323990542 1.07390108875211
212750.59 25126.1885620696 25126.1885620696 0.631999638908327 2.1043323990542 1.07390108875211
212751.59 25137.4270080556 25137.4270080556 0.631999638908327 2.1043323990542 1.07390108875211
212752.59 25148.0943622894 25148.0943622894 0.631999638908327 2.1043323990542 1.07390108875211
212753.59 25157.9234918288 25157.9234918288 0.631999638908327 2.1043323990542 1.07390108875211
212754.59 25166.791423687 25166.791423687 0.631999638908327 2.1043323990542 1.07390108875211
212755.59 25175.1006144932 25175.1006144932 0.631999638908327 2.1043323990542 1.07390108875211
212756.59 25183.0734191286 25183.0734191286 0.631999638908327 2.1043323990542 1.07390108875211
212757.59 25191.2867699799 25191.2867699799 0.631999638908327 2.1043323990542 1.07390108875211
212758.59 25199.8444098432 25199.8444098432 0.631999638908327 2.1043323990542 1.07390108875211
212759.59 25208.67629365 25208.67629365 0.631999638908327 2.1043323990542 1.07390108875211
212760.59 25217.9762826576 25217.9762826576 0.631999638908327 2.1043323990542 1.07390108875211
212761.59 25227.8490776693 25227.8490776693 0.631999638908327 2.1043323990542 1.07390108875211
212762.59 25238.1580131934 25238.1580131934 0.631999638908327 2.1043323990542 1.07390108875211
212763.59 25248.7055503736 25248.7055503736 0.631999638908327 2.1043323990542 1.07390108875211
212764.59 25259.3162980953 25259.3162980953 0.631999638908327 2.1043323990542 1.07390108875211
212765.59 25269.990625378 25269.990625378 0.631999638908327 2.1043323990542 1.07390108875211
212766.59 25280.7235407537 25280.7235407537 0.631999638908327 2.1043323990542 1.07390108875211
212767.59 25291.4255850033 25291.4255850033 0.631999638908327 2.1043323990542 1.07390108875211
212768.59 25302.0708239997 25302.0708239997 0.631999638908327 2.1043323990542 1.07390108875211
212769.59 25312.3463968699 25312.3463968699 0.631999638908327 2.1043323990542 1.07390108875211
212770.59 25320.6368967099 25320.6368967099 0.631999638908327 2.1043323990542 1.07390108875211
212771.59 25325.9203036267 25325.9203036267 0.631999638908327 2.1043323990542 1.07390108875211
212772.59 25328.4284350627 25328.4284350627 0.631999638908327 2.1043323990542 1.07390108875211
212773.59 25329.52891515 25329.52891515 0.631999638908327 2.1043323990542 1.07390108875211
212774.59 25329.9373784848 25329.9373784848 0.631999638908327 2.1043323990542 1.07390108875211
212775.59 25330.1609805128 25330.1609805128 0.631999638908327 2.1043323990542 1.07390108875211
212776.59 25330.5607754951 25330.5607754951 0.631999638908327 2.1043323990542 1.07390108875211
212777.59 25330.6384350478 25330.6384350478 0.631999638908327 2.1043323990542 1.07390108875211
212778.59 25330.6380667844 25330.6380667844 0.631999638908327 2.1043323990542 1.07390108875211
212779.59 25330.6258198328 25330.6258198328 0.631999638908327 2.1043323990542 1.07390108875211
212780.59 25330.6155438342 25330.6155438342 0.631999638908327 2.1043323990542 1.07390108875211
212781.59 25330.6073753048 25330.6073753048 0.631999638908327 2.1043323990542 1.07390108875211
212782.59 25330.6003347208 25330.6003347208 0.631999638908327 2.1043323990542 1.07390108875211
212783.59 25330.594980095 25330.594980095 0.631999638908327 2.1043323990542 1.07390108875211
212784.59 25330.589773881 25330.589773881 0.631999638908327 2.1043323990542 1.07390108875211
212785.59 25330.5858321273 25330.5858321273 0.631999638908327 2.1043323990542 1.07390108875211
212786.59 25330.5825968007 25330.5825968007 0.631999638908327 2.1043323990542 1.07390108875211
212787.59 25330.580204445 25330.580204445 0.631999638908327 2.1043323990542 1.07390108875211
212788.59 25330.5780970255 25330.5780970255 0.631999638908327 2.1043323990542 1.07390108875211
212789.59 25330.5772540587 25330.5772540587 0.631999638908327 2.1043323990542 1.07390108875211
212790.59 25330.5754315773 25330.5754315773 0.631999638908327 2.1043323990542 1.07390108875211
212791.59 25330.7001924178 25330.7001924178 0.631999638908327 2.1043323990542 1.07390108875211
212792.59 25331.3785395089 25331.3785395089 0.631999638908327 2.1043323990542 1.07390108875211
212793.59 25331.8950188061 25331.8950188061 0.631999638908327 2.1043323990542 1.07390108875211
212794.59 25331.4535665935 25331.4535665935 0.631999638908327 2.1043323990542 1.07390108875211
212795.59 25329.5791984172 25329.5791984172 0.631999638908327 2.1043323990542 1.07390108875211
212796.59 25326.1612526894 25326.1612526894 0.631999638908327 2.1043323990542 1.07390108875211
212797.59 25321.346668942 25321.346668942 0.631999638908327 2.1043323990542 1.07390108875211
212798.59 25315.2099351744 25315.2099351744 0.631999638908327 2.1043323990542 1.07390108875211
212799.59 25307.9683999936 25307.9683999936 0.631999638908327 2.1043323990542 1.07390108875211
212800.59 25299.9421358444 25299.9421358444 0.631999638908327 2.1043323990542 1.07390108875211
212801.59 25291.3881495849 25291.3881495849 0.631999638908327 2.1043323990542 1.07390108875211
212802.59 25282.3694607796 25282.3694607796 0.631999638908327 2.1043323990542 1.07390108875211
212803.59 25272.9461976831 25272.9461976831 0.631999638908327 2.1043323990542 1.07390108875211
212804.59 25263.1822833144 25263.1822833144 0.631999638908327 2.1043323990542 1.07390108875211
212805.59 25252.9945640161 25252.9945640161 0.631999638908327 2.1043323990542 1.07390108875211
212806.59 25242.3611023361 25242.3611023361 0.631999638908327 2.1043323990542 1.07390108875211
212807.59 25231.3031153818 25231.3031153818 0.631999638908327 2.1043323990542 1.07390108875211
212808.59 25220.1690812548 25220.1690812548 0.631999638908327 2.1043323990542 1.07390108875211
212809.59 25208.8006014353 25208.8006014353 0.631999638908327 2.1043323990542 1.07390108875211
212810.59 25197.1169007839 25197.1169007839 0.631999638908327 2.1043323990542 1.07390108875211
212811.59 25185.3089959402 25185.3089959402 0.631999638908327 2.1043323990542 1.07390108875211
212812.59 25173.4146335641 25173.4146335641 0.631999638908327 2.1043323990542 1.07390108875211
212813.59 25161.416088102 25161.416088102 0.631999638908327 2.1043323990542 1.07390108875211
212814.59 25149.3398411363 25149.3398411363 0.631999638908327 2.1043323990542 1.07390108875211
212815.59 25137.141950246 25137.141950246 0.631999638908327 2.1043323990542 1.07390108875211
212816.59 25124.772783477 25124.772783477 0.631999638908327 2.1043323990542 1.07390108875211
212817.59 25112.1907913395 25112.1907913395 0.631999638908327 2.1043323990542 1.07390108875211
212818.59 25099.4065074096 25099.4065074096 0.631999638908327 2.1043323990542 1.07390108875211
212819.59 25086.5492861296 25086.5492861296 0.631999638908327 2.1043323990542 1.07390108875211
212820.59 25073.7250700978 25073.7250700978 0.631999638908327 2.1043323990542 1.07390108875211
212821.59 25060.9009392093 25060.9009392093 0.631999638908327 2.1043323990542 1.07390108875211
212822.59 25048.1684947685 25048.1684947685 0.631999638908327 2.1043323990542 1.07390108875211
212823.59 25035.4861375406 25035.4861375406 0.631999638908327 2.1043323990542 1.07390108875211
212824.59 25022.8337013505 25022.8337013505 0.631999638908327 2.1043323990542 1.07390108875211
212825.59 25010.2146187928 25010.2146187928 0.631999638908327 2.1043323990542 1.07390108875211
212826.59 24997.6667557726 24997.6667557726 0.631999638908327 2.1043323990542 1.07390108875211
212827.59 24985.2166920497 24985.2166920497 0.631999638908327 2.1043323990542 1.07390108875211
212828.59 24972.8739745106 24972.8739745106 0.631999638908327 2.1043323990542 1.07390108875211
212829.59 24960.610174353 24960.610174353 0.631999638908327 2.1043323990542 1.07390108875211
212830.59 24948.4005098593 24948.4005098593 0.631999638908327 2.1043323990542 1.07390108875211
212831.59 24936.2351698687 24936.2351698687 0.631999638908327 2.1043323990542 1.07390108875211
212832.59 24924.1217292877 24924.1217292877 0.631999638908327 2.1043323990542 1.07390108875211
212833.59 24912.0312277176 24912.0312277176 0.631999638908327 2.1043323990542 1.07390108875211
212834.59 24899.9240114012 24899.9240114012 0.631999638908327 2.1043323990542 1.07390108875211
212835.59 24887.8363374676 24887.8363374676 0.631999638908327 2.1043323990542 1.07390108875211
212836.59 24875.7284333718 24875.7284333718 0.631999638908327 2.1043323990542 1.07390108875211
212837.59 24863.5944172668 24863.5944172668 0.631999638908327 2.1043323990542 1.07390108875211
212838.59 24851.4157516598 24851.4157516598 0.631999638908327 2.1043323990542 1.07390108875211
212839.59 24839.2376628973 24839.2376628973 0.631999638908327 2.1043323990542 1.07390108875211
212840.59 24827.1249822627 24827.1249822627 0.631999638908327 2.1043323990542 1.07390108875211
212841.59 24814.9977796681 24814.9977796681 0.631999638908327 2.1043323990542 1.07390108875211
212842.59 24802.7432672305 24802.7432672305 0.631999638908327 2.1043323990542 1.07390108875211
212843.59 24790.4108172104 24790.4108172104 0.631999638908327 2.1043323990542 1.07390108875211
212844.59 24778.0038659369 24778.0038659369 0.631999638908327 2.1043323990542 1.07390108875211
212845.59 24765.4936925325 24765.4936925325 0.631999638908327 2.1043323990542 1.07390108875211
212846.59 24752.7828177464 24752.7828177464 0.631999638908327 2.1043323990542 1.07390108875211
212847.59 24739.8930811633 24739.8930811633 0.631999638908327 2.1043323990542 1.07390108875211
212848.59 24726.9425145471 24726.9425145471 0.631999638908327 2.1043323990542 1.07390108875211
212849.59 24713.9500680262 24713.9500680262 0.631999638908327 2.1043323990542 1.07390108875211
212850.59 24701.003082716 24701.003082716 0.631999638908327 2.1043323990542 1.07390108875211
212851.59 24688.1166459399 24688.1166459399 0.631999638908327 2.1043323990542 1.07390108875211
212852.59 24675.3091891088 24675.3091891088 0.631999638908327 2.1043323990542 1.07390108875211
212853.59 24662.555410031 24662.555410031 0.631999638908327 2.1043323990542 1.07390108875211
212854.59 24649.8524514433 24649.8524514433 0.631999638908327 2.1043323990542 1.07390108875211
212855.59 24637.2691242379 24637.2691242379 0.631999638908327 2.1043323990542 1.07390108875211
212856.59 24624.7841791946 24624.7841791946 0.631999638908327 2.1043323990542 1.07390108875211
212857.59 24612.2772318926 24612.2772318926 0.631999638908327 2.1043323990542 1.07390108875211
212858.59 24599.7038506144 24599.7038506144 0.631999638908327 2.1043323990542 1.07390108875211
212859.59 24587.0729215041 24587.0729215041 0.631999638908327 2.1043323990542 1.07390108875211
212860.59 24574.5077574966 24574.5077574966 0.631999638908327 2.1043323990542 1.07390108875211
212861.59 24562.0924874732 24562.0924874732 0.631999638908327 2.1043323990542 1.07390108875211
212862.59 24549.7335329527 24549.7335329527 0.631999638908327 2.1043323990542 1.07390108875211
212863.59 24537.3914667036 24537.3914667036 0.631999638908327 2.1043323990542 1.07390108875211
212864.59 24525.0538148707 24525.0538148707 0.631999638908327 2.1043323990542 1.07390108875211
212865.59 24512.7293353533 24512.7293353533 0.631999638908327 2.1043323990542 1.07390108875211
212866.59 24500.477365705 24500.477365705 0.631999638908327 2.1043323990542 1.07390108875211
212867.59 24488.3291686289 24488.3291686289 0.631999638908327 2.1043323990542 1.07390108875211
212868.59 24476.252123371 24476.252123371 0.631999638908327 2.1043323990542 1.07390108875211
212869.59 24464.1921818469 24464.1921818469 0.631999638908327 2.1043323990542 1.07390108875211
212870.59 24452.1693816918 24452.1693816918 0.631999638908327 2.1043323990542 1.07390108875211
212871.59 24440.248355742 24440.248355742 0.631999638908327 2.1043323990542 1.07390108875211
212872.59 24428.4214591882 24428.4214591882 0.631999638908327 2.1043323990542 1.07390108875211
212873.59 24416.6960784148 24416.6960784148 0.631999638908327 2.1043323990542 1.07390108875211
212874.59 24405.0405298495 24405.0405298495 0.631999638908327 2.1043323990542 1.07390108875211
212875.59 24393.3408349405 24393.3408349405 0.631999638908327 2.1043323990542 1.07390108875211
212876.59 24381.5142669415 24381.5142669415 0.631999638908327 2.1043323990542 1.07390108875211
212877.59 24369.4604125229 24369.4604125229 0.631999638908327 2.1043323990542 1.07390108875211
212878.59 24357.1439618166 24357.1439618166 0.631999638908327 2.1043323990542 1.07390108875211
212879.59 24344.6784203222 24344.6784203222 0.631999638908327 2.1043323990542 1.07390108875211
212880.59 24332.1239003825 24332.1239003825 0.631999638908327 2.1043323990542 1.07390108875211
212881.59 24319.5246095628 24319.5246095628 0.631999638908327 2.1043323990542 1.07390108875211
212882.59 24306.8427924894 24306.8427924894 0.631999638908327 2.1043323990542 1.07390108875211
212883.59 24294.0299165298 24294.0299165298 0.631999638908327 2.1043323990542 1.07390108875211
212884.59 24281.1744171875 24281.1744171875 0.631999638908327 2.1043323990542 1.07390108875211
212885.59 24268.3472368908 24268.3472368908 0.631999638908327 2.1043323990542 1.07390108875211
212886.59 24255.5430346823 24255.5430346823 0.631999638908327 2.1043323990542 1.07390108875211
212887.59 24242.840768789 24242.840768789 0.631999638908327 2.1043323990542 1.07390108875211
212888.59 24230.2906713547 24230.2906713547 0.631999638908327 2.1043323990542 1.07390108875211
212889.59 24217.8244569669 24217.8244569669 0.631999638908327 2.1043323990542 1.07390108875211
212890.59 24205.452946989 24205.452946989 0.631999638908327 2.1043323990542 1.07390108875211
212891.59 24193.1436990198 24193.1436990198 0.631999638908327 2.1043323990542 1.07390108875211
212892.59 24180.7121800381 24180.7121800381 0.631999638908327 2.1043323990542 1.07390108875211
212893.59 24168.1115380367 24168.1115380367 0.631999638908327 2.1043323990542 1.07390108875211
212894.59 24155.4143899699 24155.4143899699 0.631999638908327 2.1043323990542 1.07390108875211
212895.59 24142.6393903685 24142.6393903685 0.631999638908327 2.1043323990542 1.07390108875211
212896.59 24129.9365384056 24129.9365384056 0.631999638908327 2.1043323990542 1.07390108875211
212897.59 24117.3209904523 24117.3209904523 0.631999638908327 2.1043323990542 1.07390108875211
212898.59 24104.6833208004 24104.6833208004 0.631999638908327 2.1043323990542 1.07390108875211
212899.59 24091.9412143222 24091.9412143222 0.631999638908327 2.1043323990542 1.07390108875211
212900.59 24079.0612097756 24079.0612097756 0.631999638908327 2.1043323990542 1.07390108875211
212901.59 24066.1091018601 24066.1091018601 0.631999638908327 2.1043323990542 1.07390108875211
212902.59 24053.2093272975 24053.2093272975 0.631999638908327 2.1043323990542 1.07390108875211
212903.59 24040.4322879729 24040.4322879729 0.631999638908327 2.1043323990542 1.07390108875211
212904.59 24027.7733451423 24027.7733451423 0.631999638908327 2.1043323990542 1.07390108875211
212905.59 24015.1795265506 24015.1795265506 0.631999638908327 2.1043323990542 1.07390108875211
212906.59 24002.5867238395 24002.5867238395 0.631999638908327 2.1043323990542 1.07390108875211
212907.59 23989.9267973765 23989.9267973765 0.631999638908327 2.1043323990542 1.07390108875211
212908.59 23977.0465440433 23977.0465440433 0.631999638908327 2.1043323990542 1.07390108875211
212909.59 23963.8340385052 23963.8340385052 0.631999638908327 2.1043323990542 1.07390108875211
212910.59 23950.4533880325 23950.4533880325 0.631999638908327 2.1043323990542 1.07390108875211
212911.59 23936.9695522556 23936.9695522556 0.631999638908327 2.1043323990542 1.07390108875211
212912.59 23923.4671766855 23923.4671766855 0.631999638908327 2.1043323990542 1.07390108875211
212913.59 23910.0050159012 23910.0050159012 0.631999638908327 2.1043323990542 1.07390108875211
212914.59 23896.561037377 23896.561037377 0.631999638908327 2.1043323990542 1.07390108875211
212915.59 23883.1070461388 23883.1070461388 0.631999638908327 2.1043323990542 1.07390108875211
212916.59 23869.5997947123 23869.5997947123 0.631999638908327 2.1043323990542 1.07390108875211
212917.59 23856.0350202917 23856.0350202917 0.631999638908327 2.1043323990542 1.07390108875211
212918.59 23842.4117336524 23842.4117336524 0.631999638908327 2.1043323990542 1.07390108875211
212919.59 23828.7111859251 23828.7111859251 0.631999638908327 2.1043323990542 1.07390108875211
212920.59 23814.9227107685 23814.9227107685 0.631999638908327 2.1043323990542 1.07390108875211
212921.59 23801.0632907954 23801.0632907954 0.631999638908327 2.1043323990542 1.07390108875211
212922.59 23787.153381152 23787.153381152 0.631999638908327 2.1043323990542 1.07390108875211
212923.59 23773.2295152717 23773.2295152717 0.631999638908327 2.1043323990542 1.07390108875211
212924.59 23759.3852007207 23759.3852007207 0.631999638908327 2.1043323990542 1.07390108875211
212925.59 23745.5883597891 23745.5883597891 0.631999638908327 2.1043323990542 1.07390108875211
212926.59 23731.7805757547 23731.7805757547 0.631999638908327 2.1043323990542 1.07390108875211
212927.59 23718.0058652528 23718.0058652528 0.631999638908327 2.1043323990542 1.07390108875211
212928.59 23704.3478440649 23704.3478440649 0.631999638908327 2.1043323990542 1.07390108875211
212929.59 23690.7604362132 23690.7604362132 0.631999638908327 2.1043323990542 1.07390108875211
212930.59 23677.1871563088 23677.1871563088 0.631999638908327 2.1043323990542 1.07390108875211
212931.59 23663.5187681077 23663.5187681077 0.631999638908327 2.1043323990542 1.07390108875211
212932.59 23649.7309947253 23649.7309947253 0.631999638908327 2.1043323990542 1.07390108875211
212933.59 23635.9471532406 23635.9471532406 0.631999638908327 2.1043323990542 1.07390108875211
212934.59 23622.1374612358 23622.1374612358 0.631999638908327 2.1043323990542 1.07390108875211
212935.59 23608.1774764852 23608.1774764852 0.631999638908327 2.1043323990542 1.07390108875211
212936.59 23594.1088258834 23594.1088258834 0.631999638908327 2.1043323990542 1.07390108875211
212937.59 23579.9578637381 23579.9578637381 0.631999638908327 2.1043323990542 1.07390108875211
212938.59 23565.7888512652 23565.7888512652 0.631999638908327 2.1043323990542 1.07390108875211
212939.59 23551.7682038193 23551.7682038193 0.631999638908327 2.1043323990542 1.07390108875211
212940.59 23537.9490814636 23537.9490814636 0.631999638908327 2.1043323990542 1.07390108875211
212941.59 23524.3396951356 23524.3396951356 0.631999638908327 2.1043323990542 1.07390108875211
212942.59 23510.890893749 23510.890893749 0.631999638908327 2.1043323990542 1.07390108875211
212943.59 23497.5288511586 23497.5288511586 0.631999638908327 2.1043323990542 1.07390108875211
212944.59 23484.1747300809 23484.1747300809 0.631999638908327 2.1043323990542 1.07390108875211
212945.59 23470.8678394402 23470.8678394402 0.631999638908327 2.1043323990542 1.07390108875211
212946.59 23457.6030664252 23457.6030664252 0.631999638908327 2.1043323990542 1.07390108875211
212947.59 23444.3110313246 23444.3110313246 0.631999638908327 2.1043323990542 1.07390108875211
212948.59 23430.9328515456 23430.9328515456 0.631999638908327 2.1043323990542 1.07390108875211
212949.59 23417.454337168 23417.454337168 0.631999638908327 2.1043323990542 1.07390108875211
212950.59 23403.8781687544 23403.8781687544 0.631999638908327 2.1043323990542 1.07390108875211
212951.59 23390.3376546348 23390.3376546348 0.631999638908327 2.1043323990542 1.07390108875211
212952.59 23376.7712970285 23376.7712970285 0.631999638908327 2.1043323990542 1.07390108875211
212953.59 23363.143179808 23363.143179808 0.631999638908327 2.1043323990542 1.07390108875211
212954.59 23349.476517071 23349.476517071 0.631999638908327 2.1043323990542 1.07390108875211
212955.59 23335.7971068246 23335.7971068246 0.631999638908327 2.1043323990542 1.07390108875211
212956.59 23322.0190225605 23322.0190225605 0.631999638908327 2.1043323990542 1.07390108875211
212957.59 23308.1164160062 23308.1164160062 0.631999638908327 2.1043323990542 1.07390108875211
212958.59 23294.2659943307 23294.2659943307 0.631999638908327 2.1043323990542 1.07390108875211
212959.59 23280.5078342497 23280.5078342497 0.631999638908327 2.1043323990542 1.07390108875211
212960.59 23266.8140752989 23266.8140752989 0.631999638908327 2.1043323990542 1.07390108875211
212961.59 23253.2669453293 23253.2669453293 0.631999638908327 2.1043323990542 1.07390108875211
212962.59 23239.8872322555 23239.8872322555 0.631999638908327 2.1043323990542 1.07390108875211
212963.59 23226.6948355838 23226.6948355838 0.631999638908327 2.1043323990542 1.07390108875211
212964.59 23213.8165034538 23213.8165034538 0.631999638908327 2.1043323990542 1.07390108875211
212965.59 23201.3810941549 23201.3810941549 0.631999638908327 2.1043323990542 1.07390108875211
212966.59 23189.5222514862 23189.5222514862 0.631999638908327 2.1043323990542 1.07390108875211
212967.59 23178.1847538045 23178.1847538045 0.631999638908327 2.1043323990542 1.07390108875211
212968.59 23167.1527500213 23167.1527500213 0.631999638908327 2.1043323990542 1.07390108875211
212969.59 23156.221533024 23156.221533024 0.631999638908327 2.1043323990542 1.07390108875211
212970.59 23145.2965320655 23145.2965320655 0.631999638908327 2.1043323990542 1.07390108875211
212971.59 23134.388258904 23134.388258904 0.631999638908327 2.1043323990542 1.07390108875211
212972.59 23123.5350226987 23123.5350226987 0.631999638908327 2.1043323990542 1.07390108875211
212973.59 23112.7040997598 23112.7040997598 0.631999638908327 2.1043323990542 1.07390108875211
212974.59 23101.9540023972 23101.9540023972 0.631999638908327 2.1043323990542 1.07390108875211
212975.59 23091.2943722304 23091.2943722304 0.631999638908327 2.1043323990542 1.07390108875211
212976.59 23080.6592594558 23080.6592594558 0.631999638908327 2.1043323990542 1.07390108875211
212977.59 23070.0566965561 23070.0566965561 0.631999638908327 2.1043323990542 1.07390108875211
212978.59 23059.2323823744 23059.2323823744 0.631999638908327 2.1043323990542 1.07390108875211
212979.59 23048.1562950193 23048.1562950193 0.631999638908327 2.1043323990542 1.07390108875211
212980.59 23036.8359033274 23036.8359033274 0.631999638908327 2.1043323990542 1.07390108875211
212981.59 23025.3436572622 23025.3436572622 0.631999638908327 2.1043323990542 1.07390108875211
212982.59 23013.9037507857 23013.9037507857 0.631999638908327 2.1043323990542 1.07390108875211
212983.59 23002.483991481 23002.483991481 0.631999638908327 2.1043323990542 1.07390108875211
212984.59 22990.9687099954 22990.9687099954 0.631999638908327 2.1043323990542 1.07390108875211
212985.59 22979.4202839472 22979.4202839472 0.631999638908327 2.1043323990542 1.07390108875211
212986.59 22967.7607916179 22967.7607916179 0.631999638908327 2.1043323990542 1.07390108875211
212987.59 22955.9411583775 22955.9411583775 0.631999638908327 2.1043323990542 1.07390108875211
212988.59 22944.0078089121 22944.0078089121 0.631999638908327 2.1043323990542 1.07390108875211
212989.59 22932.0573809768 22932.0573809768 0.631999638908327 2.1043323990542 1.07390108875211
212990.59 22920.0531799951 22920.0531799951 0.631999638908327 2.1043323990542 1.07390108875211
212991.59 22907.9011580459 22907.9011580459 0.631999638908327 2.1043323990542 1.07390108875211
212992.59 22895.5713759716 22895.5713759716 0.631999638908327 2.1043323990542 1.07390108875211
212993.59 22883.1398457579 22883.1398457579 0.631999638908327 2.1043323990542 1.07390108875211
212994.59 22870.5708874132 22870.5708874132 0.631999638908327 2.1043323990542 1.07390108875211
212995.59 22857.8780875305 22857.8780875305 0.631999638908327 2.1043323990542 1.07390108875211
212996.59 22845.0640642515 22845.0640642515 0.631999638908327 2.1043323990542 1.07390108875211
212997.59 22832.1987721287 22832.1987721287 0.631999638908327 2.1043323990542 1.07390108875211
212998.59 22819.3312063975 22819.3312063975 0.631999638908327 2.1043323990542 1.07390108875211
212999.59 22806.4630266787 22806.4630266787 0.631999638908327 2.1043323990542 1.07390108875211
213000.59 22793.6312913734 22793.6312913734 0.631999638908327 2.1043323990542 1.07390108875211
213001.59 22780.8227327641 22780.8227327641 0.631999638908327 2.1043323990542 1.07390108875211
213002.59 22768.0351688885 22768.0351688885 0.631999638908327 2.1043323990542 1.07390108875211
213003.59 22755.2504703112 22755.2504703112 0.631999638908327 2.1043323990542 1.07390108875211
213004.59 22742.4687027742 22742.4687027742 0.631999638908327 2.1043323990542 1.07390108875211
213005.59 22729.6930961753 22729.6930961753 0.631999638908327 2.1043323990542 1.07390108875211
213006.59 22716.9156553363 22716.9156553363 0.631999638908327 2.1043323990542 1.07390108875211
213007.59 22704.118429995 22704.118429995 0.631999638908327 2.1043323990542 1.07390108875211
213008.59 22691.2807003893 22691.2807003893 0.631999638908327 2.1043323990542 1.07390108875211
213009.59 22678.4740692094 22678.4740692094 0.631999638908327 2.1043323990542 1.07390108875211
213010.59 22665.7149782096 22665.7149782096 0.631999638908327 2.1043323990542 1.07390108875211
213011.59 22653.0094374187 22653.0094374187 0.631999638908327 2.1043323990542 1.07390108875211
213012.59 22640.3759383327 22640.3759383327 0.631999638908327 2.1043323990542 1.07390108875211
213013.59 22627.8270334839 22627.8270334839 0.631999638908327 2.1043323990542 1.07390108875211
213014.59 22615.4220958338 22615.4220958338 0.631999638908327 2.1043323990542 1.07390108875211
213015.59 22603.1535754916 22603.1535754916 0.631999638908327 2.1043323990542 1.07390108875211
213016.59 22590.9928615392 22590.9928615392 0.631999638908327 2.1043323990542 1.07390108875211
213017.59 22578.9680264943 22578.9680264943 0.631999638908327 2.1043323990542 1.07390108875211
213018.59 22567.050794758 22567.050794758 0.631999638908327 2.1043323990542 1.07390108875211
213019.59 22555.2110248102 22555.2110248102 0.631999638908327 2.1043323990542 1.07390108875211
213020.59 22543.4094211167 22543.4094211167 0.631999638908327 2.1043323990542 1.07390108875211
213021.59 22531.5464715103 22531.5464715103 0.631999638908327 2.1043323990542 1.07390108875211
213022.59 22519.5990837354 22519.5990837354 0.631999638908327 2.1043323990542 1.07390108875211
213023.59 22507.6635894342 22507.6635894342 0.631999638908327 2.1043323990542 1.07390108875211
213024.59 22495.7449359398 22495.7449359398 0.631999638908327 2.1043323990542 1.07390108875211
213025.59 22483.8109756147 22483.8109756147 0.631999638908327 2.1043323990542 1.07390108875211
213026.59 22471.872646563 22471.872646563 0.631999638908327 2.1043323990542 1.07390108875211
213027.59 22459.9414046796 22459.9414046796 0.631999638908327 2.1043323990542 1.07390108875211
213028.59 22448.0466446692 22448.0466446692 0.631999638908327 2.1043323990542 1.07390108875211
213029.59 22436.1827467284 22436.1827467284 0.631999638908327 2.1043323990542 1.07390108875211
213030.59 22424.3474299522 22424.3474299522 0.631999638908327 2.1043323990542 1.07390108875211
213031.59 22412.5053592962 22412.5053592962 0.631999638908327 2.1043323990542 1.07390108875211
213032.59 22400.6043499909 22400.6043499909 0.631999638908327 2.1043323990542 1.07390108875211
213033.59 22388.6446950756 22388.6446950756 0.631999638908327 2.1043323990542 1.07390108875211
213034.59 22376.6616036727 22376.6616036727 0.631999638908327 2.1043323990542 1.07390108875211
213035.59 22364.7015929399 22364.7015929399 0.631999638908327 2.1043323990542 1.07390108875211
213036.59 22352.7524636682 22352.7524636682 0.631999638908327 2.1043323990542 1.07390108875211
213037.59 22340.8610591297 22340.8610591297 0.631999638908327 2.1043323990542 1.07390108875211
213038.59 22329.0326662823 22329.0326662823 0.631999638908327 2.1043323990542 1.07390108875211
213039.59 22317.2338102334 22317.2338102334 0.631999638908327 2.1043323990542 1.07390108875211
213040.59 22305.3592166744 22305.3592166744 0.631999638908327 2.1043323990542 1.07390108875211
213041.59 22293.4009015903 22293.4009015903 0.631999638908327 2.1043323990542 1.07390108875211
213042.59 22281.366062072 22281.366062072 0.631999638908327 2.1043323990542 1.07390108875211
213043.59 22269.2351714936 22269.2351714936 0.631999638908327 2.1043323990542 1.07390108875211
213044.59 22257.0287535021 22257.0287535021 0.631999638908327 2.1043323990542 1.07390108875211
213045.59 22244.7465540555 22244.7465540555 0.631999638908327 2.1043323990542 1.07390108875211
213046.59 22232.3946842036 22232.3946842036 0.631999638908327 2.1043323990542 1.07390108875211
213047.59 22219.975003436 22219.975003436 0.631999638908327 2.1043323990542 1.07390108875211
213048.59 22207.5329763918 22207.5329763918 0.631999638908327 2.1043323990542 1.07390108875211
213049.59 22195.0819937522 22195.0819937522 0.631999638908327 2.1043323990542 1.07390108875211
213050.59 22182.7432380712 22182.7432380712 0.631999638908327 2.1043323990542 1.07390108875211
213051.59 22170.6134349855 22170.6134349855 0.631999638908327 2.1043323990542 1.07390108875211
213052.59 22158.6533107492 22158.6533107492 0.631999638908327 2.1043323990542 1.07390108875211
213053.59 22146.7490656617 22146.7490656617 0.631999638908327 2.1043323990542 1.07390108875211
213054.59 22134.875510693 22134.875510693 0.631999638908327 2.1043323990542 1.07390108875211
213055.59 22123.063737417 22123.063737417 0.631999638908327 2.1043323990542 1.07390108875211
213056.59 22111.2897697094 22111.2897697094 0.631999638908327 2.1043323990542 1.07390108875211
213057.59 22099.5537711023 22099.5537711023 0.631999638908327 2.1043323990542 1.07390108875211
213058.59 22087.8451676047 22087.8451676047 0.631999638908327 2.1043323990542 1.07390108875211
213059.59 22076.1970034457 22076.1970034457 0.631999638908327 2.1043323990542 1.07390108875211
213060.59 22064.6707131831 22064.6707131831 0.631999638908327 2.1043323990542 1.07390108875211
213061.59 22053.2090994233 22053.2090994233 0.631999638908327 2.1043323990542 1.07390108875211
213062.59 22041.7769678849 22041.7769678849 0.631999638908327 2.1043323990542 1.07390108875211
213063.59 22030.3512703303 22030.3512703303 0.631999638908327 2.1043323990542 1.07390108875211
213064.59 22018.9451943215 22018.9451943215 0.631999638908327 2.1043323990542 1.07390108875211
213065.59 22007.5374087333 22007.5374087333 0.631999638908327 2.1043323990542 1.07390108875211
213066.59 21996.0697587163 21996.0697587163 0.631999638908327 2.1043323990542 1.07390108875211
213067.59 21984.4811235406 21984.4811235406 0.631999638908327 2.1043323990542 1.07390108875211
213068.59 21972.8069018027 21972.8069018027 0.631999638908327 2.1043323990542 1.07390108875211
213069.59 21961.1021742916 21961.1021742916 0.631999638908327 2.1043323990542 1.07390108875211
213070.59 21949.3169915773 21949.3169915773 0.631999638908327 2.1043323990542 1.07390108875211
213071.59 21937.4433728614 21937.4433728614 0.631999638908327 2.1043323990542 1.07390108875211
213072.59 21925.4860042645 21925.4860042645 0.631999638908327 2.1043323990542 1.07390108875211
213073.59 21913.4978220863 21913.4978220863 0.631999638908327 2.1043323990542 1.07390108875211
213074.59 21901.5227208228 21901.5227208228 0.631999638908327 2.1043323990542 1.07390108875211
213075.59 21889.613754215 21889.613754215 0.631999638908327 2.1043323990542 1.07390108875211
213076.59 21877.8376753678 21877.8376753678 0.631999638908327 2.1043323990542 1.07390108875211
213077.59 21866.1496042237 21866.1496042237 0.631999638908327 2.1043323990542 1.07390108875211
213078.59 21854.482446464 21854.482446464 0.631999638908327 2.1043323990542 1.07390108875211
213079.59 21842.8331540166 21842.8331540166 0.631999638908327 2.1043323990542 1.07390108875211
213080.59 21831.2131050529 21831.2131050529 0.631999638908327 2.1043323990542 1.07390108875211
213081.59 21819.6157408305 21819.6157408305 0.631999638908327 2.1043323990542 1.07390108875211
213082.59 21808.0258322156 21808.0258322156 0.631999638908327 2.1043323990542 1.07390108875211
213083.59 21796.4755573169 21796.4755573169 0.631999638908327 2.1043323990542 1.07390108875211
213084.59 21784.9715991119 21784.9715991119 0.631999638908327 2.1043323990542 1.07390108875211
213085.59 21773.4426879338 21773.4426879338 0.631999638908327 2.1043323990542 1.07390108875211
213086.59 21761.8383422116 21761.8383422116 0.631999638908327 2.1043323990542 1.07390108875211
213087.59 21750.1461574745 21750.1461574745 0.631999638908327 2.1043323990542 1.07390108875211
213088.59 21738.3646922006 21738.3646922006 0.631999638908327 2.1043323990542 1.07390108875211
213089.59 21726.4884800397 21726.4884800397 0.631999638908327 2.1043323990542 1.07390108875211
213090.59 21714.5154879354 21714.5154879354 0.631999638908327 2.1043323990542 1.07390108875211
213091.59 21702.4375554306 21702.4375554306 0.631999638908327 2.1043323990542 1.07390108875211
213092.59 21690.2008465783 21690.2008465783 0.631999638908327 2.1043323990542 1.07390108875211
213093.59 21677.8221657613 21677.8221657613 0.631999638908327 2.1043323990542 1.07390108875211
213094.59 21665.3605361853 21665.3605361853 0.631999638908327 2.1043323990542 1.07390108875211
213095.59 21652.7968003325 21652.7968003325 0.631999638908327 2.1043323990542 1.07390108875211
213096.59 21640.180445951 21640.180445951 0.631999638908327 2.1043323990542 1.07390108875211
213097.59 21627.6723356459 21627.6723356459 0.631999638908327 2.1043323990542 1.07390108875211
213098.59 21615.3961339908 21615.3961339908 0.631999638908327 2.1043323990542 1.07390108875211
213099.59 21603.3192830164 21603.3192830164 0.631999638908327 2.1043323990542 1.07390108875211
213100.59 21591.3346889316 21591.3346889316 0.631999638908327 2.1043323990542 1.07390108875211
213101.59 21579.1741472392 21579.1741472392 0.631999638908327 2.1043323990542 1.07390108875211
213102.59 21566.9198051788 21566.9198051788 0.631999638908327 2.1043323990542 1.07390108875211
213103.59 21555.317711495 21555.317711495 0.631999638908327 2.1043323990542 1.07390108875211
213104.59 21545.0310402981 21545.0310402981 0.631999638908327 2.1043323990542 1.07390108875211
213105.59 21536.3297710285 21536.3297710285 0.631999638908327 2.1043323990542 1.07390108875211
213106.59 21529.3154338397 21529.3154338397 0.631999638908327 2.1043323990542 1.07390108875211
213107.59 21523.8614067615 21523.8614067615 0.631999638908327 2.1043323990542 1.07390108875211
213108.59 21519.7404557253 21519.7404557253 0.631999638908327 2.1043323990542 1.07390108875211
213109.59 21516.9436975904 21516.9436975904 0.631999638908327 2.1043323990542 1.07390108875211
213110.59 21515.1632572138 21515.1632572138 0.631999638908327 2.1043323990542 1.07390108875211
213111.59 21514.0341707718 21514.0341707718 0.631999638908327 2.1043323990542 1.07390108875211
213112.59 21513.4956410936 21513.4956410936 0.631999638908327 2.1043323990542 1.07390108875211
213113.59 21513.2786495408 21513.2786495408 0.631999638908327 2.1043323990542 1.07390108875211
213114.59 21513.2583128681 21513.2583128681 0.631999638908327 2.1043323990542 1.07390108875211
213115.59 21513.252215112 21513.252215112 0.631999638908327 2.1043323990542 1.07390108875211
213116.59 21513.2457086775 21513.2457086775 0.631999638908327 2.1043323990542 1.07390108875211
213117.59 21513.2405987989 21513.2405987989 0.631999638908327 2.1043323990542 1.07390108875211
213118.59 21513.236068112 21513.236068112 0.631999638908327 2.1043323990542 1.07390108875211
213119.59 21513.2309582342 21513.2309582342 0.631999638908327 2.1043323990542 1.07390108875211
213120.59 21513.2278241058 21513.2278241058 0.631999638908327 2.1043323990542 1.07390108875211
213121.59 21513.2246899756 21513.2246899756 0.631999638908327 2.1043323990542 1.07390108875211
213122.59 21513.2215558478 21513.2215558478 0.631999638908327 2.1043323990542 1.07390108875211
213123.59 21513.219409592 21513.219409592 0.631999638908327 2.1043323990542 1.07390108875211
213124.59 21513.2178425277 21513.2178425277 0.631999638908327 2.1043323990542 1.07390108875211
213125.59 21513.2166841467 21513.2166841467 0.631999638908327 2.1043323990542 1.07390108875211
213126.59 21513.2151170841 21513.2151170841 0.631999638908327 2.1043323990542 1.07390108875211
213127.59 21513.2149465766 21513.2149465766 0.631999638908327 2.1043323990542 1.07390108875211
213128.59 21513.2153552589 21513.2153552589 0.631999638908327 2.1043323990542 1.07390108875211
213129.59 21513.2147760672 21513.2147760672 0.631999638908327 2.1043323990542 1.07390108875211
213130.59 21513.2151847506 21513.2151847506 0.631999638908327 2.1043323990542 1.07390108875211
213131.59 21513.2165813058 21513.2165813058 0.631999638908327 2.1043323990542 1.07390108875211
213132.59 21513.2169899892 21513.2169899892 0.631999638908327 2.1043323990542 1.07390108875211
213133.59 21513.2183865435 21513.2183865435 0.631999638908327 2.1043323990542 1.07390108875211
213134.59 21513.2193744163 21513.2193744163 0.631999638908327 2.1043323990542 1.07390108875211
213135.59 21513.2207709713 21513.2207709713 0.631999638908327 2.1043323990542 1.07390108875211
213136.59 21513.2217588442 21513.2217588442 0.631999638908327 2.1043323990542 1.07390108875211
213137.59 21513.2237345899 21513.2237345899 0.631999638908327 2.1043323990542 1.07390108875211
213138.59 21513.2247224628 21513.2247224628 0.631999638908327 2.1043323990542 1.07390108875211
213139.59 21513.2271068909 21513.2271068909 0.631999638908327 2.1043323990542 1.07390108875211
213140.59 21513.2280947639 21513.2280947639 0.631999638908327 2.1043323990542 1.07390108875211
213141.59 21513.2300705091 21513.2300705091 0.631999638908327 2.1043323990542 1.07390108875211
213142.59 21513.2306496998 21513.2306496998 0.631999638908327 2.1043323990542 1.07390108875211
213143.59 21513.2326254458 21513.2326254458 0.631999638908327 2.1043323990542 1.07390108875211
213144.59 21513.2346011918 21513.2346011918 0.631999638908327 2.1043323990542 1.07390108875211
213145.59 21513.2355890648 21513.2355890648 0.631999638908327 2.1043323990542 1.07390108875211
213146.59 21513.2375648102 21513.2375648102 0.631999638908327 2.1043323990542 1.07390108875211
213147.59 21513.2385526827 21513.2385526827 0.631999638908327 2.1043323990542 1.07390108875211
213148.59 21513.2405284288 21513.2405284288 0.631999638908327 2.1043323990542 1.07390108875211
213149.59 21513.2415163019 21513.2415163019 0.631999638908327 2.1043323990542 1.07390108875211
213150.59 21513.242504175 21513.242504175 0.631999638908327 2.1043323990542 1.07390108875211
213151.59 21513.2434920481 21513.2434920481 0.631999638908327 2.1043323990542 1.07390108875211
213152.59 21513.2454677938 21513.2454677938 0.631999638908327 2.1043323990542 1.07390108875211
213153.59 21513.2464556669 21513.2464556669 0.631999638908327 2.1043323990542 1.07390108875211
213154.59 21513.2474435401 21513.2474435401 0.631999638908327 2.1043323990542 1.07390108875211
213155.59 21513.2474435401 21513.2474435401 0.631999638908327 2.1043323990542 1.07390108875211
213156.59 21513.2480227304 21513.2480227304 0.631999638908327 2.1043323990542 1.07390108875211
213157.59 21513.2490106036 21513.2490106036 0.631999638908327 2.1043323990542 1.07390108875211
213158.59 21513.2499984768 21513.2499984768 0.631999638908327 2.1043323990542 1.07390108875211
213159.59 21513.25098635 21513.25098635 0.631999638908327 2.1043323990542 1.07390108875211
213160.59 21513.2515655425 21513.2515655425 0.631999638908327 2.1043323990542 1.07390108875211
213161.59 21513.2515655425 21513.2515655425 0.631999638908327 2.1043323990542 1.07390108875211
213162.59 21513.2515655425 21513.2515655425 0.631999638908327 2.1043323990542 1.07390108875211
213163.59 21513.2521447331 21513.2521447331 0.631999638908327 2.1043323990542 1.07390108875211
213164.59 21513.2521447331 21513.2521447331 0.631999638908327 2.1043323990542 1.07390108875211
213165.59 21513.2521447331 21513.2521447331 0.631999638908327 2.1043323990542 1.07390108875211
213166.59 21513.2517360514 21513.2517360514 0.631999638908327 2.1043323990542 1.07390108875211
213167.59 21513.2527239241 21513.2527239241 0.631999638908327 2.1043323990542 1.07390108875211
213168.59 21513.2517360514 21513.2517360514 0.631999638908327 2.1043323990542 1.07390108875211
213169.59 21513.2517360514 21513.2517360514 0.631999638908327 2.1043323990542 1.07390108875211
213170.59 21513.2517360514 21513.2517360514 0.631999638908327 2.1043323990542 1.07390108875211
213171.59 21513.2517360514 21513.2517360514 0.631999638908327 2.1043323990542 1.07390108875211
213172.59 21513.2517360514 21513.2517360514 0.631999638908327 2.1043323990542 1.07390108875211
213173.59 21513.2507481781 21513.2507481781 0.631999638908327 2.1043323990542 1.07390108875211
213174.59 21513.2507481781 21513.2507481781 0.631999638908327 2.1043323990542 1.07390108875211
213175.59 21513.2497603048 21513.2497603048 0.631999638908327 2.1043323990542 1.07390108875211
213176.59 21513.2497603048 21513.2497603048 0.631999638908327 2.1043323990542 1.07390108875211
213177.59 21513.2487724315 21513.2487724315 0.631999638908327 2.1043323990542 1.07390108875211
213178.59 21513.2487724315 21513.2487724315 0.631999638908327 2.1043323990542 1.07390108875211
213179.59 21513.2487724315 21513.2487724315 0.631999638908327 2.1043323990542 1.07390108875211
213180.59 21513.2477845582 21513.2477845582 0.631999638908327 2.1043323990542 1.07390108875211
213181.59 21513.2477845582 21513.2477845582 0.631999638908327 2.1043323990542 1.07390108875211
213182.59 21513.246796685 21513.246796685 0.631999638908327 2.1043323990542 1.07390108875211
213183.59 21513.246796685 21513.246796685 0.631999638908327 2.1043323990542 1.07390108875211
213184.59 21513.246796685 21513.246796685 0.631999638908327 2.1043323990542 1.07390108875211
213185.59 21513.246796685 21513.246796685 0.631999638908327 2.1043323990542 1.07390108875211
213186.59 21513.2458088117 21513.2458088117 0.631999638908327 2.1043323990542 1.07390108875211
213187.59 21513.2458088117 21513.2458088117 0.631999638908327 2.1043323990542 1.07390108875211
213188.59 21513.2458088117 21513.2458088117 0.631999638908327 2.1043323990542 1.07390108875211
213189.59 21513.2454001289 21513.2454001289 0.631999638908327 2.1043323990542 1.07390108875211
213190.59 21513.214367386 21513.214367386 0.631999638908327 2.1043323990542 1.07390108875211
213191.59 21512.3814942421 21512.3814942421 0.631999638908327 2.1043323990542 1.07390108875211
213192.59 21509.9023363327 21509.9023363327 0.631999638908327 2.1043323990542 1.07390108875211
213193.59 21505.9938670262 21505.9938670262 0.631999638908327 2.1043323990542 1.07390108875211
213194.59 21500.9558735414 21500.9558735414 0.631999638908327 2.1043323990542 1.07390108875211
213195.59 21494.8786633516 21494.8786633516 0.631999638908327 2.1043323990542 1.07390108875211
213196.59 21487.9480689175 21487.9480689175 0.631999638908327 2.1043323990542 1.07390108875211
213197.59 21480.2970120886 21480.2970120886 0.631999638908327 2.1043323990542 1.07390108875211
213198.59 21471.9132065696 21471.9132065696 0.631999638908327 2.1043323990542 1.07390108875211
213199.59 21462.7318488856 21462.7318488856 0.631999638908327 2.1043323990542 1.07390108875211
213200.59 21452.8616505485 21452.8616505485 0.631999638908327 2.1043323990542 1.07390108875211
213201.59 21442.3484448377 21442.3484448377 0.631999638908327 2.1043323990542 1.07390108875211
213202.59 21431.4025026791 21431.4025026791 0.631999638908327 2.1043323990542 1.07390108875211
213203.59 21420.0709306507 21420.0709306507 0.631999638908327 2.1043323990542 1.07390108875211
213204.59 21408.4199132441 21408.4199132441 0.631999638908327 2.1043323990542 1.07390108875211
213205.59 21396.6128554909 21396.6128554909 0.631999638908327 2.1043323990542 1.07390108875211
213206.59 21384.666003218 21384.666003218 0.631999638908327 2.1043323990542 1.07390108875211
213207.59 21372.5298123579 21372.5298123579 0.631999638908327 2.1043323990542 1.07390108875211
213208.59 21360.1999787505 21360.1999787505 0.631999638908327 2.1043323990542 1.07390108875211
213209.59 21347.751194017 21347.751194017 0.631999638908327 2.1043323990542 1.07390108875211
213210.59 21335.2707121166 21335.2707121166 0.631999638908327 2.1043323990542 1.07390108875211
213211.59 21322.7380314986 21322.7380314986 0.631999638908327 2.1043323990542 1.07390108875211
213212.59 21310.1628269112 21310.1628269112 0.631999638908327 2.1043323990542 1.07390108875211
213213.59 21297.5230161712 21297.5230161712 0.631999638908327 2.1043323990542 1.07390108875211
213214.59 21284.8017433306 21284.8017433306 0.631999638908327 2.1043323990542 1.07390108875211
213215.59 21271.9861417649 21271.9861417649 0.631999638908327 2.1043323990542 1.07390108875211
213216.59 21259.0720647724 21259.0720647724 0.631999638908327 2.1043323990542 1.07390108875211
213217.59 21246.0834565259 21246.0834565259 0.631999638908327 2.1043323990542 1.07390108875211
213218.59 21233.0091800117 21233.0091800117 0.631999638908327 2.1043323990542 1.07390108875211
213219.59 21219.8646092774 21219.8646092774 0.631999638908327 2.1043323990542 1.07390108875211
213220.59 21206.6561459923 21206.6561459923 0.631999638908327 2.1043323990542 1.07390108875211
213221.59 21193.2747096496 21193.2747096496 0.631999638908327 2.1043323990542 1.07390108875211
213222.59 21179.7711128862 21179.7711128862 0.631999638908327 2.1043323990542 1.07390108875211
213223.59 21166.1377786852 21166.1377786852 0.631999638908327 2.1043323990542 1.07390108875211
213224.59 21152.3921430119 21152.3921430119 0.631999638908327 2.1043323990542 1.07390108875211
213225.59 21138.7150522623 21138.7150522623 0.631999638908327 2.1043323990542 1.07390108875211
213226.59 21125.2630314478 21125.2630314478 0.631999638908327 2.1043323990542 1.07390108875211
213227.59 21112.2142518976 21112.2142518976 0.631999638908327 2.1043323990542 1.07390108875211
213228.59 21099.5851513405 21099.5851513405 0.631999638908327 2.1043323990542 1.07390108875211
213229.59 21087.4730593967 21087.4730593967 0.631999638908327 2.1043323990542 1.07390108875211
213230.59 21075.9515678021 21075.9515678021 0.631999638908327 2.1043323990542 1.07390108875211
213231.59 21064.9456586146 21064.9456586146 0.631999638908327 2.1043323990542 1.07390108875211
213232.59 21054.395499902 21054.395499902 0.631999638908327 2.1043323990542 1.07390108875211
213233.59 21044.3522998603 21044.3522998603 0.631999638908327 2.1043323990542 1.07390108875211
213234.59 21034.7702870962 21034.7702870962 0.631999638908327 2.1043323990542 1.07390108875211
213235.59 21025.6451659705 21025.6451659705 0.631999638908327 2.1043323990542 1.07390108875211
213236.59 21017.0368724202 21017.0368724202 0.631999638908327 2.1043323990542 1.07390108875211
213237.59 21008.9978452147 21008.9978452147 0.631999638908327 2.1043323990542 1.07390108875211
213238.59 21001.4900192889 21001.4900192889 0.631999638908327 2.1043323990542 1.07390108875211
213239.59 20994.406672442 20994.406672442 0.631999638908327 2.1043323990542 1.07390108875211
213240.59 20987.7498925963 20987.7498925963 0.631999638908327 2.1043323990542 1.07390108875211
213241.59 20981.5242644697 20981.5242644697 0.631999638908327 2.1043323990542 1.07390108875211
213242.59 20975.724685604 20975.724685604 0.631999638908327 2.1043323990542 1.07390108875211
213243.59 20970.3469113924 20970.3469113924 0.631999638908327 2.1043323990542 1.07390108875211
213244.59 20965.3111149397 20965.3111149397 0.631999638908327 2.1043323990542 1.07390108875211
213245.59 20960.6001526302 20960.6001526302 0.631999638908327 2.1043323990542 1.07390108875211
213246.59 20956.2188681251 20956.2188681251 0.631999638908327 2.1043323990542 1.07390108875211
213247.59 20952.0880208839 20952.0880208839 0.631999638908327 2.1043323990542 1.07390108875211
213248.59 20948.2957327193 20948.2957327193 0.631999638908327 2.1043323990542 1.07390108875211
213249.59 20944.817707363 20944.817707363 0.631999638908327 2.1043323990542 1.07390108875211
213250.59 20941.6192794975 20941.6192794975 0.631999638908327 2.1043323990542 1.07390108875211
213251.59 20938.8454366921 20938.8454366921 0.631999638908327 2.1043323990542 1.07390108875211
213252.59 20936.5684283755 20936.5684283755 0.631999638908327 2.1043323990542 1.07390108875211
213253.59 20934.7840004082 20934.7840004082 0.631999638908327 2.1043323990542 1.07390108875211
213254.59 20933.4935220716 20933.4935220716 0.631999638908327 2.1043323990542 1.07390108875211
213255.59 20932.703412255 20932.703412255 0.631999638908327 2.1043323990542 1.07390108875211
213256.59 20932.3431793543 20932.3431793543 0.631999638908327 2.1043323990542 1.07390108875211
213257.59 20932.1066684095 20932.1066684095 0.631999638908327 2.1043323990542 1.07390108875211
213258.59 20931.9278851103 20931.9278851103 0.631999638908327 2.1043323990542 1.07390108875211
213259.59 20931.8815082704 20931.8815082704 0.631999638908327 2.1043323990542 1.07390108875211
213260.59 20931.879688112 20931.879688112 0.631999638908327 2.1043323990542 1.07390108875211
213261.59 20931.8782876206 20931.8782876206 0.631999638908327 2.1043323990542 1.07390108875211
213262.59 20931.8778679527 20931.8778679527 0.631999638908327 2.1043323990542 1.07390108875211
213263.59 20931.8760477945 20931.8760477945 0.631999638908327 2.1043323990542 1.07390108875211
213264.59 20931.8756281266 20931.8756281266 0.631999638908327 2.1043323990542 1.07390108875211
213265.59 20931.8752084577 20931.8752084577 0.631999638908327 2.1043323990542 1.07390108875211
213266.59 20931.8743691221 20931.8743691221 0.631999638908327 2.1043323990542 1.07390108875211
213267.59 20931.8749302769 20931.8749302769 0.631999638908327 2.1043323990542 1.07390108875211
213268.59 20931.8745106092 20931.8745106092 0.631999638908327 2.1043323990542 1.07390108875211
213269.59 20931.875071763 20931.875071763 0.631999638908327 2.1043323990542 1.07390108875211
213270.59 20931.875632918 20931.875632918 0.631999638908327 2.1043323990542 1.07390108875211
213271.59 20931.8766137407 20931.8766137407 0.631999638908327 2.1043323990542 1.07390108875211
213272.59 20931.8781557185 20931.8781557185 0.631999638908327 2.1043323990542 1.07390108875211
213273.59 20931.8791365412 20931.8791365412 0.631999638908327 2.1043323990542 1.07390108875211
213274.59 20931.8810981859 20931.8810981859 0.631999638908327 2.1043323990542 1.07390108875211
213275.59 20931.8820790087 20931.8820790087 0.631999638908327 2.1043323990542 1.07390108875211
213276.59 20931.8830598314 20931.8830598314 0.631999638908327 2.1043323990542 1.07390108875211
213277.59 20931.885021477 20931.885021477 0.631999638908327 2.1043323990542 1.07390108875211
213278.59 20931.8855826324 20931.8855826324 0.631999638908327 2.1043323990542 1.07390108875211
213279.59 20931.8865634552 20931.8865634552 0.631999638908327 2.1043323990542 1.07390108875211
213280.59 20931.8881054313 20931.8881054313 0.631999638908327 2.1043323990542 1.07390108875211
213281.59 20931.8895059225 20931.8895059225 0.631999638908327 2.1043323990542 1.07390108875211
213282.59 20931.8904867454 20931.8904867454 0.631999638908327 2.1043323990542 1.07390108875211
213283.59 20931.8918872355 20931.8918872355 0.631999638908327 2.1043323990542 1.07390108875211
213284.59 20931.8928680583 20931.8928680583 0.631999638908327 2.1043323990542 1.07390108875211
213285.59 20931.8938488812 20931.8938488812 0.631999638908327 2.1043323990542 1.07390108875211
213286.59 20931.8948297041 20931.8948297041 0.631999638908327 2.1043323990542 1.07390108875211
213287.59 20931.8948297041 20931.8948297041 0.631999638908327 2.1043323990542 1.07390108875211
213288.59 20931.895810527 20931.895810527 0.631999638908327 2.1043323990542 1.07390108875211
213289.59 20931.8967913493 20931.8967913493 0.631999638908327 2.1043323990542 1.07390108875211
213290.59 20931.8967913493 20931.8967913493 0.631999638908327 2.1043323990542 1.07390108875211
213291.59 20931.8977721723 20931.8977721723 0.631999638908327 2.1043323990542 1.07390108875211
213292.59 20931.8987529952 20931.8987529952 0.631999638908327 2.1043323990542 1.07390108875211
213293.59 20931.9001534853 20931.9001534853 0.631999638908327 2.1043323990542 1.07390108875211
213294.59 20931.9001534853 20931.9001534853 0.631999638908327 2.1043323990542 1.07390108875211
213295.59 20931.9015539753 20931.9015539753 0.631999638908327 2.1043323990542 1.07390108875211
213296.59 20931.9015539753 20931.9015539753 0.631999638908327 2.1043323990542 1.07390108875211
213297.59 20931.9015539753 20931.9015539753 0.631999638908327 2.1043323990542 1.07390108875211
213298.59 20931.9015539753 20931.9015539753 0.631999638908327 2.1043323990542 1.07390108875211
213299.59 20931.9029544664 20931.9029544664 0.631999638908327 2.1043323990542 1.07390108875211
213300.59 20931.9029544664 20931.9029544664 0.631999638908327 2.1043323990542 1.07390108875211
213301.59 20931.9029544664 20931.9029544664 0.631999638908327 2.1043323990542 1.07390108875211
213302.59 20931.9019736435 20931.9019736435 0.631999638908327 2.1043323990542 1.07390108875211
213303.59 20931.9023933106 20931.9023933106 0.631999638908327 2.1043323990542 1.07390108875211
213304.59 20931.9023933106 20931.9023933106 0.631999638908327 2.1043323990542 1.07390108875211
213305.59 20931.9014124877 20931.9014124877 0.631999638908327 2.1043323990542 1.07390108875211
213306.59 20931.9014124877 20931.9014124877 0.631999638908327 2.1043323990542 1.07390108875211
213307.59 20931.9004316648 20931.9004316648 0.631999638908327 2.1043323990542 1.07390108875211
213308.59 20931.899450842 20931.899450842 0.631999638908327 2.1043323990542 1.07390108875211
213309.59 20931.8990311748 20931.8990311748 0.631999638908327 2.1043323990542 1.07390108875211
213310.59 20931.8941270611 20931.8941270611 0.631999638908327 2.1043323990542 1.07390108875211
213311.59 20931.8008122572 20931.8008122572 0.631999638908327 2.1043323990542 1.07390108875211
213312.59 20931.2206065182 20931.2206065182 0.631999638908327 2.1043323990542 1.07390108875211
213313.59 20930.2635060453 20930.2635060453 0.631999638908327 2.1043323990542 1.07390108875211
213314.59 20928.6254922393 20928.6254922393 0.631999638908327 2.1043323990542 1.07390108875211
213315.59 20926.0319823053 20926.0319823053 0.631999638908327 2.1043323990542 1.07390108875211
213316.59 20922.3629844646 20922.3629844646 0.631999638908327 2.1043323990542 1.07390108875211
213317.59 20917.6951329704 20917.6951329704 0.631999638908327 2.1043323990542 1.07390108875211
213318.59 20912.1397022801 20912.1397022801 0.631999638908327 2.1043323990542 1.07390108875211
213319.59 20905.7823425774 20905.7823425774 0.631999638908327 2.1043323990542 1.07390108875211
213320.59 20898.661918492 20898.661918492 0.631999638908327 2.1043323990542 1.07390108875211
213321.59 20890.8521771273 20890.8521771273 0.631999638908327 2.1043323990542 1.07390108875211
213322.59 20882.3990230162 20882.3990230162 0.631999638908327 2.1043323990542 1.07390108875211
213323.59 20873.2754324294 20873.2754324294 0.631999638908327 2.1043323990542 1.07390108875211
213324.59 20863.442853352 20863.442853352 0.631999638908327 2.1043323990542 1.07390108875211
213325.59 20852.9535599816 20852.9535599816 0.631999638908327 2.1043323990542 1.07390108875211
213326.59 20841.9383245698 20841.9383245698 0.631999638908327 2.1043323990542 1.07390108875211
213327.59 20830.5188021921 20830.5188021921 0.631999638908327 2.1043323990542 1.07390108875211
213328.59 20818.8151294418 20818.8151294418 0.631999638908327 2.1043323990542 1.07390108875211
213329.59 20806.9211267695 20806.9211267695 0.631999638908327 2.1043323990542 1.07390108875211
213330.59 20794.8593144013 20794.8593144013 0.631999638908327 2.1043323990542 1.07390108875211
213331.59 20782.6177750709 20782.6177750709 0.631999638908327 2.1043323990542 1.07390108875211
213332.59 20770.1889999418 20770.1889999418 0.631999638908327 2.1043323990542 1.07390108875211
213333.59 20757.5693836111 20757.5693836111 0.631999638908327 2.1043323990542 1.07390108875211
213334.59 20744.7701424563 20744.7701424563 0.631999638908327 2.1043323990542 1.07390108875211
213335.59 20731.7579702466 20731.7579702466 0.631999638908327 2.1043323990542 1.07390108875211
213336.59 20718.5258038293 20718.5258038293 0.631999638908327 2.1043323990542 1.07390108875211
213337.59 20705.2181631705 20705.2181631705 0.631999638908327 2.1043323990542 1.07390108875211
213338.59 20691.9235888538 20691.9235888538 0.631999638908327 2.1043323990542 1.07390108875211
213339.59 20678.7403742927 20678.7403742927 0.631999638908327 2.1043323990542 1.07390108875211
213340.59 20665.5465689344 20665.5465689344 0.631999638908327 2.1043323990542 1.07390108875211
213341.59 20652.2882812876 20652.2882812876 0.631999638908327 2.1043323990542 1.07390108875211
213342.59 20639.0025935079 20639.0025935079 0.631999638908327 2.1043323990542 1.07390108875211
213343.59 20625.717079512 20625.717079512 0.631999638908327 2.1043323990542 1.07390108875211
213344.59 20612.3859923217 20612.3859923217 0.631999638908327 2.1043323990542 1.07390108875211
213345.59 20599.0423990393 20599.0423990393 0.631999638908327 2.1043323990542 1.07390108875211
213346.59 20585.7301145445 20585.7301145445 0.631999638908327 2.1043323990542 1.07390108875211
213347.59 20572.5667578321 20572.5667578321 0.631999638908327 2.1043323990542 1.07390108875211
213348.59 20559.5696647209 20559.5696647209 0.631999638908327 2.1043323990542 1.07390108875211
213349.59 20546.6595429961 20546.6595429961 0.631999638908327 2.1043323990542 1.07390108875211
213350.59 20533.7604086425 20533.7604086425 0.631999638908327 2.1043323990542 1.07390108875211
213351.59 20520.8539483582 20520.8539483582 0.631999638908327 2.1043323990542 1.07390108875211
213352.59 20507.9496848339 20507.9496848339 0.631999638908327 2.1043323990542 1.07390108875211
213353.59 20495.2105865728 20495.2105865728 0.631999638908327 2.1043323990542 1.07390108875211
213354.59 20482.6499486242 20482.6499486242 0.631999638908327 2.1043323990542 1.07390108875211
213355.59 20470.1185749548 20470.1185749548 0.631999638908327 2.1043323990542 1.07390108875211
213356.59 20457.53498708 20457.53498708 0.631999638908327 2.1043323990542 1.07390108875211
213357.59 20444.8999146074 20444.8999146074 0.631999638908327 2.1043323990542 1.07390108875211
213358.59 20432.2501342034 20432.2501342034 0.631999638908327 2.1043323990542 1.07390108875211
213359.59 20419.6791853888 20419.6791853888 0.631999638908327 2.1043323990542 1.07390108875211
213360.59 20407.2121431547 20407.2121431547 0.631999638908327 2.1043323990542 1.07390108875211
213361.59 20394.8361187436 20394.8361187436 0.631999638908327 2.1043323990542 1.07390108875211
213362.59 20382.5132728404 20382.5132728404 0.631999638908327 2.1043323990542 1.07390108875211
213363.59 20370.1674375423 20370.1674375423 0.631999638908327 2.1043323990542 1.07390108875211
213364.59 20357.8051327649 20357.8051327649 0.631999638908327 2.1043323990542 1.07390108875211
213365.59 20345.5041052525 20345.5041052525 0.631999638908327 2.1043323990542 1.07390108875211
213366.59 20333.2756738236 20333.2756738236 0.631999638908327 2.1043323990542 1.07390108875211
213367.59 20321.0812689768 20321.0812689768 0.631999638908327 2.1043323990542 1.07390108875211
213368.59 20309.0213328872 20309.0213328872 0.631999638908327 2.1043323990542 1.07390108875211
213369.59 20297.1851970705 20297.1851970705 0.631999638908327 2.1043323990542 1.07390108875211
213370.59 20285.5507292681 20285.5507292681 0.631999638908327 2.1043323990542 1.07390108875211
213371.59 20274.0673529692 20274.0673529692 0.631999638908327 2.1043323990542 1.07390108875211
213372.59 20262.7237843623 20262.7237843623 0.631999638908327 2.1043323990542 1.07390108875211
213373.59 20251.5259746119 20251.5259746119 0.631999638908327 2.1043323990542 1.07390108875211
213374.59 20240.5127944962 20240.5127944962 0.631999638908327 2.1043323990542 1.07390108875211
213375.59 20229.7236426392 20229.7236426392 0.631999638908327 2.1043323990542 1.07390108875211
213376.59 20219.1929340941 20219.1929340941 0.631999638908327 2.1043323990542 1.07390108875211
213377.59 20208.8308064405 20208.8308064405 0.631999638908327 2.1043323990542 1.07390108875211
213378.59 20198.57345452 20198.57345452 0.631999638908327 2.1043323990542 1.07390108875211
213379.59 20188.3192196413 20188.3192196413 0.631999638908327 2.1043323990542 1.07390108875211
213380.59 20178.106188687 20178.106188687 0.631999638908327 2.1043323990542 1.07390108875211
213381.59 20167.994309267 20167.994309267 0.631999638908327 2.1043323990542 1.07390108875211
213382.59 20158.0409336323 20158.0409336323 0.631999638908327 2.1043323990542 1.07390108875211
213383.59 20148.2857393888 20148.2857393888 0.631999638908327 2.1043323990542 1.07390108875211
213384.59 20138.6225909537 20138.6225909537 0.631999638908327 2.1043323990542 1.07390108875211
213385.59 20128.9918792426 20128.9918792426 0.631999638908327 2.1043323990542 1.07390108875211
213386.59 20119.4507017628 20119.4507017628 0.631999638908327 2.1043323990542 1.07390108875211
213387.59 20110.0741253977 20110.0741253977 0.631999638908327 2.1043323990542 1.07390108875211
213388.59 20100.8795528264 20100.8795528264 0.631999638908327 2.1043323990542 1.07390108875211
213389.59 20091.9212922804 20091.9212922804 0.631999638908327 2.1043323990542 1.07390108875211
213390.59 20083.1839936855 20083.1839936855 0.631999638908327 2.1043323990542 1.07390108875211
213391.59 20074.6103626031 20074.6103626031 0.631999638908327 2.1043323990542 1.07390108875211
213392.59 20066.1229651691 20066.1229651691 0.631999638908327 2.1043323990542 1.07390108875211
213393.59 20057.7196013054 20057.7196013054 0.631999638908327 2.1043323990542 1.07390108875211
213394.59 20049.5108332462 20049.5108332462 0.631999638908327 2.1043323990542 1.07390108875211
213395.59 20041.5254948139 20041.5254948139 0.631999638908327 2.1043323990542 1.07390108875211
213396.59 20033.6523140149 20033.6523140149 0.631999638908327 2.1043323990542 1.07390108875211
213397.59 20025.8035826443 20025.8035826443 0.631999638908327 2.1043323990542 1.07390108875211
213398.59 20017.9794899009 20017.9794899009 0.631999638908327 2.1043323990542 1.07390108875211
213399.59 20010.2757168088 20010.2757168088 0.631999638908327 2.1043323990542 1.07390108875211
213400.59 20002.8750817798 20002.8750817798 0.631999638908327 2.1043323990542 1.07390108875211
213401.59 19995.6239371537 19995.6239371537 0.631999638908327 2.1043323990542 1.07390108875211
213402.59 19988.5438793625 19988.5438793625 0.631999638908327 2.1043323990542 1.07390108875211
213403.59 19981.5836859431 19981.5836859431 0.631999638908327 2.1043323990542 1.07390108875211
213404.59 19974.7020399705 19974.7020399705 0.631999638908327 2.1043323990542 1.07390108875211
213405.59 19967.9313708267 19967.9313708267 0.631999638908327 2.1043323990542 1.07390108875211
213406.59 19961.3695996955 19961.3695996955 0.631999638908327 2.1043323990542 1.07390108875211
213407.59 19955.0753062934 19955.0753062934 0.631999638908327 2.1043323990542 1.07390108875211
213408.59 19949.0248149745 19949.0248149745 0.631999638908327 2.1043323990542 1.07390108875211
213409.59 19943.21502964 19943.21502964 0.631999638908327 2.1043323990542 1.07390108875211
213410.59 19937.7446504664 19937.7446504664 0.631999638908327 2.1043323990542 1.07390108875211
213411.59 19932.6315294248 19932.6315294248 0.631999638908327 2.1043323990542 1.07390108875211
213412.59 19927.8625450413 19927.8625450413 0.631999638908327 2.1043323990542 1.07390108875211
213413.59 19923.4204550419 19923.4204550419 0.631999638908327 2.1043323990542 1.07390108875211
213414.59 19919.3082809763 19919.3082809763 0.631999638908327 2.1043323990542 1.07390108875211
213415.59 19915.514386856 19915.514386856 0.631999638908327 2.1043323990542 1.07390108875211
213416.59 19912.1827492585 19912.1827492585 0.631999638908327 2.1043323990542 1.07390108875211
213417.59 19909.3930598224 19909.3930598224 0.631999638908327 2.1043323990542 1.07390108875211
213418.59 19907.0082716731 19907.0082716731 0.631999638908327 2.1043323990542 1.07390108875211
213419.59 19905.1115833723 19905.1115833723 0.631999638908327 2.1043323990542 1.07390108875211
213420.59 19903.7815279344 19903.7815279344 0.631999638908327 2.1043323990542 1.07390108875211
213421.59 19903.0122933042 19903.0122933042 0.631999638908327 2.1043323990542 1.07390108875211
213422.59 19902.7147702275 19902.7147702275 0.631999638908327 2.1043323990542 1.07390108875211
213423.59 19902.5773491347 19902.5773491347 0.631999638908327 2.1043323990542 1.07390108875211
213424.59 19902.5466621753 19902.5466621753 0.631999638908327 2.1043323990542 1.07390108875211
213425.59 19902.5442899521 19902.5442899521 0.631999638908327 2.1043323990542 1.07390108875211
213426.59 19902.5414726014 19902.5414726014 0.631999638908327 2.1043323990542 1.07390108875211
213427.59 19902.5395455046 19902.5395455046 0.631999638908327 2.1043323990542 1.07390108875211
213428.59 19902.5381368305 19902.5381368305 0.631999638908327 2.1043323990542 1.07390108875211
213429.59 19902.5362097337 19902.5362097337 0.631999638908327 2.1043323990542 1.07390108875211
213430.59 19902.5352461854 19902.5352461854 0.631999638908327 2.1043323990542 1.07390108875211
213431.59 19902.5342826371 19902.5342826371 0.631999638908327 2.1043323990542 1.07390108875211
213432.59 19902.5342826371 19902.5342826371 0.631999638908327 2.1043323990542 1.07390108875211
213433.59 19902.5347277636 19902.5347277636 0.631999638908327 2.1043323990542 1.07390108875211
213434.59 19902.5347277636 19902.5347277636 0.631999638908327 2.1043323990542 1.07390108875211
213435.59 19902.5351728913 19902.5351728913 0.631999638908327 2.1043323990542 1.07390108875211
213436.59 19902.5356180179 19902.5356180179 0.631999638908327 2.1043323990542 1.07390108875211
213437.59 19902.5360631446 19902.5360631446 0.631999638908327 2.1043323990542 1.07390108875211
213438.59 19902.5365082712 19902.5365082712 0.631999638908327 2.1043323990542 1.07390108875211
213439.59 19902.536953399 19902.536953399 0.631999638908327 2.1043323990542 1.07390108875211
213440.59 19902.5162004712 19902.5162004712 0.631999638908327 2.1043323990542 1.07390108875211
213441.59 19901.7400873742 19901.7400873742 0.631999638908327 2.1043323990542 1.07390108875211
213442.59 19899.5380158508 19899.5380158508 0.631999638908327 2.1043323990542 1.07390108875211
213443.59 19896.1253338821 19896.1253338821 0.631999638908327 2.1043323990542 1.07390108875211
213444.59 19891.9182348493 19891.9182348493 0.631999638908327 2.1043323990542 1.07390108875211
213445.59 19886.8953711006 19886.8953711006 0.631999638908327 2.1043323990542 1.07390108875211
213446.59 19881.5768840971 19881.5768840971 0.631999638908327 2.1043323990542 1.07390108875211
213447.59 19876.7585210971 19876.7585210971 0.631999638908327 2.1043323990542 1.07390108875211
213448.59 19872.6689123011 19872.6689123011 0.631999638908327 2.1043323990542 1.07390108875211
213449.59 19869.3773290171 19869.3773290171 0.631999638908327 2.1043323990542 1.07390108875211
213450.59 19867.0170691743 19867.0170691743 0.631999638908327 2.1043323990542 1.07390108875211
213451.59 19865.4883516863 19865.4883516863 0.631999638908327 2.1043323990542 1.07390108875211
213452.59 19864.4337678568 19864.4337678568 0.631999638908327 2.1043323990542 1.07390108875211
213453.59 19863.8104252674 19863.8104252674 0.631999638908327 2.1043323990542 1.07390108875211
213454.59 19863.7192293316 19863.7192293316 0.631999638908327 2.1043323990542 1.07390108875211
213455.59 19864.1254618492 19864.1254618492 0.631999638908327 2.1043323990542 1.07390108875211
213456.59 19864.9024486821 19864.9024486821 0.631999638908327 2.1043323990542 1.07390108875211
213457.59 19865.9635393178 19865.9635393178 0.631999638908327 2.1043323990542 1.07390108875211
213458.59 19867.3550078146 19867.3550078146 0.631999638908327 2.1043323990542 1.07390108875211
213459.59 19868.8758570146 19868.8758570146 0.631999638908327 2.1043323990542 1.07390108875211
213460.59 19870.2372828905 19870.2372828905 0.631999638908327 2.1043323990542 1.07390108875211
213461.59 19871.6357766677 19871.6357766677 0.631999638908327 2.1043323990542 1.07390108875211
213462.59 19873.067488659 19873.067488659 0.631999638908327 2.1043323990542 1.07390108875211
213463.59 19874.3064429684 19874.3064429684 0.631999638908327 2.1043323990542 1.07390108875211
213464.59 19875.1872646124 19875.1872646124 0.631999638908327 2.1043323990542 1.07390108875211
213465.59 19875.6718251801 19875.6718251801 0.631999638908327 2.1043323990542 1.07390108875211
213466.59 19875.9322486298 19875.9322486298 0.631999638908327 2.1043323990542 1.07390108875211
213467.59 19876.5755599853 19876.5755599853 0.631999638908327 2.1043323990542 1.07390108875211
213468.59 19877.6248138643 19877.6248138643 0.631999638908327 2.1043323990542 1.07390108875211
213469.59 19878.8654214335 19878.8654214335 0.631999638908327 2.1043323990542 1.07390108875211
213470.59 19880.1936463394 19880.1936463394 0.631999638908327 2.1043323990542 1.07390108875211
213471.59 19881.5194502573 19881.5194502573 0.631999638908327 2.1043323990542 1.07390108875211
213472.59 19882.5071561247 19882.5071561247 0.631999638908327 2.1043323990542 1.07390108875211
213473.59 19882.7792979806 19882.7792979806 0.631999638908327 2.1043323990542 1.07390108875211
213474.59 19882.0097097351 19882.0097097351 0.631999638908327 2.1043323990542 1.07390108875211
213475.59 19880.0813181105 19880.0813181105 0.631999638908327 2.1043323990542 1.07390108875211
213476.59 19877.2115662796 19877.2115662796 0.631999638908327 2.1043323990542 1.07390108875211
213477.59 19873.9275359737 19873.9275359737 0.631999638908327 2.1043323990542 1.07390108875211
213478.59 19870.3856567576 19870.3856567576 0.631999638908327 2.1043323990542 1.07390108875211
213479.59 19866.5725500303 19866.5725500303 0.631999638908327 2.1043323990542 1.07390108875211
213480.59 19862.4758752721 19862.4758752721 0.631999638908327 2.1043323990542 1.07390108875211
213481.59 19858.1010471389 19858.1010471389 0.631999638908327 2.1043323990542 1.07390108875211
213482.59 19853.4926168862 19853.4926168862 0.631999638908327 2.1043323990542 1.07390108875211
213483.59 19848.7259316651 19848.7259316651 0.631999638908327 2.1043323990542 1.07390108875211
213484.59 19843.9621021507 19843.9621021507 0.631999638908327 2.1043323990542 1.07390108875211
213485.59 19839.2712930757 19839.2712930757 0.631999638908327 2.1043323990542 1.07390108875211
213486.59 19834.5937867367 19834.5937867367 0.631999638908327 2.1043323990542 1.07390108875211
213487.59 19829.9623521828 19829.9623521828 0.631999638908327 2.1043323990542 1.07390108875211
213488.59 19825.5121772281 19825.5121772281 0.631999638908327 2.1043323990542 1.07390108875211
213489.59 19821.3191016575 19821.3191016575 0.631999638908327 2.1043323990542 1.07390108875211
213490.59 19817.6682058482 19817.6682058482 0.631999638908327 2.1043323990542 1.07390108875211
213491.59 19814.8656060974 19814.8656060974 0.631999638908327 2.1043323990542 1.07390108875211
213492.59 19812.913031461 19812.913031461 0.631999638908327 2.1043323990542 1.07390108875211
213493.59 19811.766402093 19811.766402093 0.631999638908327 2.1043323990542 1.07390108875211
213494.59 19811.7441237807 19811.7441237807 0.631999638908327 2.1043323990542 1.07390108875211
213495.59 19812.8418042907 19812.8418042907 0.631999638908327 2.1043323990542 1.07390108875211
213496.59 19814.7946158981 19814.7946158981 0.631999638908327 2.1043323990542 1.07390108875211
213497.59 19817.0445133425 19817.0445133425 0.631999638908327 2.1043323990542 1.07390108875211
213498.59 19819.4093877702 19819.4093877702 0.631999638908327 2.1043323990542 1.07390108875211
213499.59 19821.8026917023 19821.8026917023 0.631999638908327 2.1043323990542 1.07390108875211
213500.59 19824.2157353638 19824.2157353638 0.631999638908327 2.1043323990542 1.07390108875211
213501.59 19826.7234940178 19826.7234940178 0.631999638908327 2.1043323990542 1.07390108875211
213502.59 19829.2731654382 19829.2731654382 0.631999638908327 2.1043323990542 1.07390108875211
213503.59 19831.8395077627 19831.8395077627 0.631999638908327 2.1043323990542 1.07390108875211
