210266.59 13228.756555323 13228.756555323 0.635097543011372 2.10365679734357 1.07390108875211
210267.59 13228.758398872 13228.758398872 0.635097543011372 2.10365679734357 1.07390108875211
210268.59 13228.7599009033 13228.7599009033 0.635097543011372 2.10365679734357 1.07390108875211
210269.59 13228.7590268767 13228.7590268767 0.635097543011372 2.10365679734357 1.07390108875211
210270.59 13228.75762034 13228.75762034 0.635097543011372 2.10365679734357 1.07390108875211
210271.59 13228.7566508176 13228.7566508176 0.635097543011372 2.10365679734357 1.07390108875211
210272.59 13228.7556812952 13228.7556812952 0.635097543011372 2.10365679734357 1.07390108875211
210273.59 13228.7562138043 13228.7562138043 0.635097543011372 2.10365679734357 1.07390108875211
210274.59 13228.757087832 13228.757087832 0.635097543011372 2.10365679734357 1.07390108875211
210275.59 13228.7575248453 13228.7575248453 0.635097543011372 2.10365679734357 1.07390108875211
210276.59 13228.7579618586 13228.7579618586 0.635097543011372 2.10365679734357 1.07390108875211
210277.59 13228.7579618586 13228.7579618586 0.635097543011372 2.10365679734357 1.07390108875211
210278.59 13228.7584943676 13228.7584943676 0.635097543011372 2.10365679734357 1.07390108875211
210279.59 13228.7576608081 13228.7576608081 0.635097543011372 2.10365679734357 1.07390108875211
210280.59 13228.7605740305 13228.7605740305 0.635097543011372 2.10365679734357 1.07390108875211
210281.59 13228.7654362119 13228.7654362119 0.635097543011372 2.10365679734357 1.07390108875211
210282.59 13228.8283993483 13228.8283993483 0.635097543011372 2.10365679734357 1.07390108875211
210283.59 13229.0582350834 13229.0582350834 0.635097543011372 2.10365679734357 1.07390108875211
210284.59 13229.6729081812 13229.6729081812 0.635097543011372 2.10365679734357 1.07390108875211
210285.59 13230.9573965496 13230.9573965496 0.635097543011372 2.10365679734357 1.07390108875211
210286.59 13232.6419759808 13232.6419759808 0.635097543011372 2.10365679734357 1.07390108875211
210287.59 13234.2285937884 13234.2285937884 0.635097543011372 2.10365679734357 1.07390108875211
210288.59 13235.5157898241 13235.5157898241 0.635097543011372 2.10365679734357 1.07390108875211
210289.59 13236.787025834 13236.787025834 0.635097543011372 2.10365679734357 1.07390108875211
210290.59 13238.1780583789 13238.1780583789 0.635097543011372 2.10365679734357 1.07390108875211
210291.59 13239.6018078066 13239.6018078066 0.635097543011372 2.10365679734357 1.07390108875211
210292.59 13240.9947053648 13240.9947053648 0.635097543011372 2.10365679734357 1.07390108875211
210293.59 13242.3242461527 13242.3242461527 0.635097543011372 2.10365679734357 1.07390108875211
210294.59 13243.5964968164 13243.5964968164 0.635097543011372 2.10365679734357 1.07390108875211
210295.59 13244.7451388935 13244.7451388935 0.635097543011372 2.10365679734357 1.07390108875211
210296.59 13245.7972705674 13245.7972705674 0.635097543011372 2.10365679734357 1.07390108875211
210297.59 13246.7661541603 13246.7661541603 0.635097543011372 2.10365679734357 1.07390108875211
210298.59 13247.6349293141 13247.6349293141 0.635097543011372 2.10365679734357 1.07390108875211
210299.59 13248.3833305229 13248.3833305229 0.635097543011372 2.10365679734357 1.07390108875211
210300.59 13249.0502559617 13249.0502559617 0.635097543011372 2.10365679734357 1.07390108875211
210301.59 13249.6941247949 13249.6941247949 0.635097543011372 2.10365679734357 1.07390108875211
210302.59 13250.3322758366 13250.3322758366 0.635097543011372 2.10365679734357 1.07390108875211
210303.59 13250.9448527776 13250.9448527776 0.635097543011372 2.10365679734357 1.07390108875211
210304.59 13251.5213299837 13251.5213299837 0.635097543011372 2.10365679734357 1.07390108875211
210305.59 13252.0631054366 13252.0631054366 0.635097543011372 2.10365679734357 1.07390108875211
210306.59 13252.5819472102 13252.5819472102 0.635097543011372 2.10365679734357 1.07390108875211
210307.59 13253.0981778981 13253.0981778981 0.635097543011372 2.10365679734357 1.07390108875211
210308.59 13253.6162269604 13253.6162269604 0.635097543011372 2.10365679734357 1.07390108875211
210309.59 13254.1233209037 13254.1233209037 0.635097543011372 2.10365679734357 1.07390108875211
210310.59 13254.5874622794 13254.5874622794 0.635097543011372 2.10365679734357 1.07390108875211
210311.59 13254.9937299433 13254.9937299433 0.635097543011372 2.10365679734357 1.07390108875211
210312.59 13255.3401559729 13255.3401559729 0.635097543011372 2.10365679734357 1.07390108875211
210313.59 13255.6300936691 13255.6300936691 0.635097543011372 2.10365679734357 1.07390108875211
210314.59 13255.8678987645 13255.8678987645 0.635097543011372 2.10365679734357 1.07390108875211
210315.59 13256.0542445234 13256.0542445234 0.635097543011372 2.10365679734357 1.07390108875211
210316.59 13256.2001442519 13256.2001442519 0.635097543011372 2.10365679734357 1.07390108875211
210317.59 13256.3236681327 13256.3236681327 0.635097543011372 2.10365679734357 1.07390108875211
210318.59 13256.4404511413 13256.4404511413 0.635097543011372 2.10365679734357 1.07390108875211
210319.59 13256.5505426182 13256.5505426182 0.635097543011372 2.10365679734357 1.07390108875211
210320.59 13256.6586917323 13256.6586917323 0.635097543011372 2.10365679734357 1.07390108875211
210321.59 13256.7562113047 13256.7562113047 0.635097543011372 2.10365679734357 1.07390108875211
210322.59 13256.8307211055 13256.8307211055 0.635097543011372 2.10365679734357 1.07390108875211
210323.59 13256.8849425582 13256.8849425582 0.635097543011372 2.10365679734357 1.07390108875211
210324.59 13256.9224043138 13256.9224043138 0.635097543011372 2.10365679734357 1.07390108875211
210325.59 13256.9421179547 13256.9421179547 0.635097543011372 2.10365679734357 1.07390108875211
210326.59 13256.9434692607 13256.9434692607 0.635097543011372 2.10365679734357 1.07390108875211
210327.59 13256.9440189073 13256.9440189073 0.635097543011372 2.10365679734357 1.07390108875211
210328.59 13256.9441417549 13256.9441417549 0.635097543011372 2.10365679734357 1.07390108875211
210329.59 13256.944264604 13256.944264604 0.635097543011372 2.10365679734357 1.07390108875211
210330.59 13256.9438378061 13256.9438378061 0.635097543011372 2.10365679734357 1.07390108875211
210331.59 13256.9438378061 13256.9438378061 0.635097543011372 2.10365679734357 1.07390108875211
210332.59 13256.9438378061 13256.9438378061 0.635097543011372 2.10365679734357 1.07390108875211
210333.59 13256.9438378061 13256.9438378061 0.635097543011372 2.10365679734357 1.07390108875211
210334.59 13256.944264604 13256.944264604 0.635097543011372 2.10365679734357 1.07390108875211
210335.59 13256.9441417549 13256.9441417549 0.635097543011372 2.10365679734357 1.07390108875211
210336.59 13256.9440189073 13256.9440189073 0.635097543011372 2.10365679734357 1.07390108875211
210337.59 13256.9438960589 13256.9438960589 0.635097543011372 2.10365679734357 1.07390108875211
210338.59 13256.9442000103 13256.9442000103 0.635097543011372 2.10365679734357 1.07390108875211
210339.59 13256.9431007188 13256.9431007188 0.635097543011372 2.10365679734357 1.07390108875211
210340.59 13256.953388543 13256.953388543 0.635097543011372 2.10365679734357 1.07390108875211
210341.59 13257.0386526671 13257.0386526671 0.635097543011372 2.10365679734357 1.07390108875211
210342.59 13257.2197380905 13257.2197380905 0.635097543011372 2.10365679734357 1.07390108875211
210343.59 13257.5039281092 13257.5039281092 0.635097543011372 2.10365679734357 1.07390108875211
210344.59 13257.8256324573 13257.8256324573 0.635097543011372 2.10365679734357 1.07390108875211
210345.59 13258.1216359826 13258.1216359826 0.635097543011372 2.10365679734357 1.07390108875211
210346.59 13258.3959570427 13258.3959570427 0.635097543011372 2.10365679734357 1.07390108875211
210347.59 13258.67127606 13258.67127606 0.635097543011372 2.10365679734357 1.07390108875211
210348.59 13258.9561569564 13258.9561569564 0.635097543011372 2.10365679734357 1.07390108875211
210349.59 13259.3413858585 13259.3413858585 0.635097543011372 2.10365679734357 1.07390108875211
210350.59 13259.9925923353 13259.9925923353 0.635097543011372 2.10365679734357 1.07390108875211
210351.59 13261.177383035 13261.177383035 0.635097543011372 2.10365679734357 1.07390108875211
210352.59 13263.1348930244 13263.1348930244 0.635097543011372 2.10365679734357 1.07390108875211
210353.59 13265.9389613577 13265.9389613577 0.635097543011372 2.10365679734357 1.07390108875211
210354.59 13268.7717380219 13268.7717380219 0.635097543011372 2.10365679734357 1.07390108875211
210355.59 13270.4617659561 13270.4617659561 0.635097543011372 2.10365679734357 1.07390108875211
210356.59 13270.8225802585 13270.8225802585 0.635097543011372 2.10365679734357 1.07390108875211
210357.59 13270.5342941354 13270.5342941354 0.635097543011372 2.10365679734357 1.07390108875211
210358.59 13269.9960028996 13269.9960028996 0.635097543011372 2.10365679734357 1.07390108875211
210359.59 13269.6040270111 13269.6040270111 0.635097543011372 2.10365679734357 1.07390108875211
210360.59 13269.350817898 13269.350817898 0.635097543011372 2.10365679734357 1.07390108875211
210361.59 13268.9933451347 13268.9933451347 0.635097543011372 2.10365679734357 1.07390108875211
210362.59 13268.4422686894 13268.4422686894 0.635097543011372 2.10365679734357 1.07390108875211
210363.59 13267.7718933915 13267.7718933915 0.635097543011372 2.10365679734357 1.07390108875211
210364.59 13266.9734950221 13266.9734950221 0.635097543011372 2.10365679734357 1.07390108875211
210365.59 13266.0397095822 13266.0397095822 0.635097543011372 2.10365679734357 1.07390108875211
210366.59 13264.9983180912 13264.9983180912 0.635097543011372 2.10365679734357 1.07390108875211
210367.59 13263.9333064262 13263.9333064262 0.635097543011372 2.10365679734357 1.07390108875211
210368.59 13262.8591888143 13262.8591888143 0.635097543011372 2.10365679734357 1.07390108875211
210369.59 13261.767673663 13261.767673663 0.635097543011372 2.10365679734357 1.07390108875211
210370.59 13260.6931209524 13260.6931209524 0.635097543011372 2.10365679734357 1.07390108875211
210371.59 13259.6193214553 13259.6193214553 0.635097543011372 2.10365679734357 1.07390108875211
210372.59 13258.4820263075 13258.4820263075 0.635097543011372 2.10365679734357 1.07390108875211
210373.59 13257.317470138 13257.317470138 0.635097543011372 2.10365679734357 1.07390108875211
210374.59 13256.1644810464 13256.1644810464 0.635097543011372 2.10365679734357 1.07390108875211
210375.59 13255.0476326075 13255.0476326075 0.635097543011372 2.10365679734357 1.07390108875211
210376.59 13253.9365080065 13253.9365080065 0.635097543011372 2.10365679734357 1.07390108875211
210377.59 13252.8482896429 13252.8482896429 0.635097543011372 2.10365679734357 1.07390108875211
210378.59 13251.7977082938 13251.7977082938 0.635097543011372 2.10365679734357 1.07390108875211
210379.59 13250.786530713 13250.786530713 0.635097543011372 2.10365679734357 1.07390108875211
210380.59 13249.7897990446 13249.7897990446 0.635097543011372 2.10365679734357 1.07390108875211
210381.59 13248.787781105 13248.787781105 0.635097543011372 2.10365679734357 1.07390108875211
210382.59 13247.7782203936 13247.7782203936 0.635097543011372 2.10365679734357 1.07390108875211
210383.59 13246.7596665004 13246.7596665004 0.635097543011372 2.10365679734357 1.07390108875211
210384.59 13245.7076142042 13245.7076142042 0.635097543011372 2.10365679734357 1.07390108875211
210385.59 13244.6089367918 13244.6089367918 0.635097543011372 2.10365679734357 1.07390108875211
210386.59 13243.5468060173 13243.5468060173 0.635097543011372 2.10365679734357 1.07390108875211
210387.59 13242.5115083063 13242.5115083063 0.635097543011372 2.10365679734357 1.07390108875211
210388.59 13241.5045448911 13241.5045448911 0.635097543011372 2.10365679734357 1.07390108875211
210389.59 13240.5229128711 13240.5229128711 0.635097543011372 2.10365679734357 1.07390108875211
210390.59 13239.5595762551 13239.5595762551 0.635097543011372 2.10365679734357 1.07390108875211
210391.59 13238.6143917942 13238.6143917942 0.635097543011372 2.10365679734357 1.07390108875211
210392.59 13237.7107346999 13237.7107346999 0.635097543011372 2.10365679734357 1.07390108875211
210393.59 13236.7796889276 13236.7796889276 0.635097543011372 2.10365679734357 1.07390108875211
210394.59 13235.8311876542 13235.8311876542 0.635097543011372 2.10365679734357 1.07390108875211
210395.59 13234.9161065921 13234.9161065921 0.635097543011372 2.10365679734357 1.07390108875211
210396.59 13234.019663452 13234.019663452 0.635097543011372 2.10365679734357 1.07390108875211
210397.59 13233.1514784747 13233.1514784747 0.635097543011372 2.10365679734357 1.07390108875211
210398.59 13232.3046201411 13232.3046201411 0.635097543011372 2.10365679734357 1.07390108875211
210399.59 13231.448893621 13231.448893621 0.635097543011372 2.10365679734357 1.07390108875211
210400.59 13230.5833135845 13230.5833135845 0.635097543011372 2.10365679734357 1.07390108875211
210401.59 13229.7222997025 13229.7222997025 0.635097543011372 2.10365679734357 1.07390108875211
210402.59 13228.8466984106 13228.8466984106 0.635097543011372 2.10365679734357 1.07390108875211
210403.59 13227.9692928005 13227.9692928005 0.635097543011372 2.10365679734357 1.07390108875211
210404.59 13227.1208156537 13227.1208156537 0.635097543011372 2.10365679734357 1.07390108875211
210405.59 13226.2500131837 13226.2500131837 0.635097543011372 2.10365679734357 1.07390108875211
210406.59 13225.3517996361 13225.3517996361 0.635097543011372 2.10365679734357 1.07390108875211
210407.59 13224.4496667693 13224.4496667693 0.635097543011372 2.10365679734357 1.07390108875211
210408.59 13223.5705395788 13223.5705395788 0.635097543011372 2.10365679734357 1.07390108875211
210409.59 13222.7174726426 13222.7174726426 0.635097543011372 2.10365679734357 1.07390108875211
210410.59 13221.8840517309 13221.8840517309 0.635097543011372 2.10365679734357 1.07390108875211
210411.59 13221.0730959517 13221.0730959517 0.635097543011372 2.10365679734357 1.07390108875211
210412.59 13220.2846358244 13220.2846358244 0.635097543011372 2.10365679734357 1.07390108875211
210413.59 13219.4815184204 13219.4815184204 0.635097543011372 2.10365679734357 1.07390108875211
210414.59 13218.6629985832 13218.6629985832 0.635097543011372 2.10365679734357 1.07390108875211
210415.59 13217.8571898311 13217.8571898311 0.635097543011372 2.10365679734357 1.07390108875211
210416.59 13217.1079336073 13217.1079336073 0.635097543011372 2.10365679734357 1.07390108875211
210417.59 13216.3877209694 13216.3877209694 0.635097543011372 2.10365679734357 1.07390108875211
210418.59 13215.6409170726 13215.6409170726 0.635097543011372 2.10365679734357 1.07390108875211
210419.59 13214.8564377958 13214.8564377958 0.635097543011372 2.10365679734357 1.07390108875211
210420.59 13214.0865646413 13214.0865646413 0.635097543011372 2.10365679734357 1.07390108875211
210421.59 13213.3349225167 13213.3349225167 0.635097543011372 2.10365679734357 1.07390108875211
210422.59 13212.556849507 13212.556849507 0.635097543011372 2.10365679734357 1.07390108875211
210423.59 13211.6993003261 13211.6993003261 0.635097543011372 2.10365679734357 1.07390108875211
210424.59 13210.8187538403 13210.8187538403 0.635097543011372 2.10365679734357 1.07390108875211
210425.59 13209.9273674604 13209.9273674604 0.635097543011372 2.10365679734357 1.07390108875211
210426.59 13209.0377501632 13209.0377501632 0.635097543011372 2.10365679734357 1.07390108875211
210427.59 13208.1677227723 13208.1677227723 0.635097543011372 2.10365679734357 1.07390108875211
210428.59 13207.3168699732 13207.3168699732 0.635097543011372 2.10365679734357 1.07390108875211
210429.59 13206.4857643421 13206.4857643421 0.635097543011372 2.10365679734357 1.07390108875211
210430.59 13205.6914798972 13205.6914798972 0.635097543011372 2.10365679734357 1.07390108875211
210431.59 13204.9383384166 13204.9383384166 0.635097543011372 2.10365679734357 1.07390108875211
210432.59 13204.2259991712 13204.2259991712 0.635097543011372 2.10365679734357 1.07390108875211
210433.59 13203.5816537938 13203.5816537938 0.635097543011372 2.10365679734357 1.07390108875211
210434.59 13203.0323680488 13203.0323680488 0.635097543011372 2.10365679734357 1.07390108875211
210435.59 13202.620795877 13202.620795877 0.635097543011372 2.10365679734357 1.07390108875211
210436.59 13202.3578400165 13202.3578400165 0.635097543011372 2.10365679734357 1.07390108875211
210437.59 13202.2293169296 13202.2293169296 0.635097543011372 2.10365679734357 1.07390108875211
210438.59 13202.2020461439 13202.2020461439 0.635097543011372 2.10365679734357 1.07390108875211
210439.59 13202.206770564 13202.206770564 0.635097543011372 2.10365679734357 1.07390108875211
210440.59 13202.2081893184 13202.2081893184 0.635097543011372 2.10365679734357 1.07390108875211
210441.59 13202.2053593667 13202.2053593667 0.635097543011372 2.10365679734357 1.07390108875211
210442.59 13202.1996961019 13202.1996961019 0.635097543011372 2.10365679734357 1.07390108875211
210443.59 13202.1930889607 13202.1930889607 0.635097543011372 2.10365679734357 1.07390108875211
210444.59 13202.1841208635 13202.1841208635 0.635097543011372 2.10365679734357 1.07390108875211
210445.59 13202.1727926546 13202.1727926546 0.635097543011372 2.10365679734357 1.07390108875211
210446.59 13202.1619359616 13202.1619359616 0.635097543011372 2.10365679734357 1.07390108875211
210447.59 13202.148246795 13202.148246795 0.635097543011372 2.10365679734357 1.07390108875211
210448.59 13202.1355015054 13202.1355015054 0.635097543011372 2.10365679734357 1.07390108875211
210449.59 13202.1218123383 13202.1218123383 0.635097543011372 2.10365679734357 1.07390108875211
210450.59 13202.107181829 13202.107181829 0.635097543011372 2.10365679734357 1.07390108875211
210451.59 13202.0572492825 13202.0572492825 0.635097543011372 2.10365679734357 1.07390108875211
210452.59 13201.8558438712 13201.8558438712 0.635097543011372 2.10365679734357 1.07390108875211
210453.59 13201.4455502372 13201.4455502372 0.635097543011372 2.10365679734357 1.07390108875211
210454.59 13200.8396443214 13200.8396443214 0.635097543011372 2.10365679734357 1.07390108875211
210455.59 13200.0404035999 13200.0404035999 0.635097543011372 2.10365679734357 1.07390108875211
210456.59 13199.0805098913 13199.0805098913 0.635097543011372 2.10365679734357 1.07390108875211
210457.59 13198.0133855996 13198.0133855996 0.635097543011372 2.10365679734357 1.07390108875211
210458.59 13196.8296189751 13196.8296189751 0.635097543011372 2.10365679734357 1.07390108875211
210459.59 13195.4708530047 13195.4708530047 0.635097543011372 2.10365679734357 1.07390108875211
210460.59 13193.9796107061 13193.9796107061 0.635097543011372 2.10365679734357 1.07390108875211
210461.59 13192.4021323113 13192.4021323113 0.635097543011372 2.10365679734357 1.07390108875211
210462.59 13190.7245117928 13190.7245117928 0.635097543011372 2.10365679734357 1.07390108875211
210463.59 13188.9328618709 13188.9328618709 0.635097543011372 2.10365679734357 1.07390108875211
210464.59 13187.048676156 13187.048676156 0.635097543011372 2.10365679734357 1.07390108875211
210465.59 13185.1529806951 13185.1529806951 0.635097543011372 2.10365679734357 1.07390108875211
210466.59 13183.2019682353 13183.2019682353 0.635097543011372 2.10365679734357 1.07390108875211
210467.59 13181.1908989011 13181.1908989011 0.635097543011372 2.10365679734357 1.07390108875211
210468.59 13179.150787541 13179.150787541 0.635097543011372 2.10365679734357 1.07390108875211
210469.59 13177.033657374 13177.033657374 0.635097543011372 2.10365679734357 1.07390108875211
210470.59 13174.8224775729 13174.8224775729 0.635097543011372 2.10365679734357 1.07390108875211
210471.59 13172.6403809037 13172.6403809037 0.635097543011372 2.10365679734357 1.07390108875211
210472.59 13170.403407691 13170.403407691 0.635097543011372 2.10365679734357 1.07390108875211
210473.59 13168.0706471324 13168.0706471324 0.635097543011372 2.10365679734357 1.07390108875211
210474.59 13165.7154391538 13165.7154391538 0.635097543011372 2.10365679734357 1.07390108875211
210475.59 13163.3866363683 13163.3866363683 0.635097543011372 2.10365679734357 1.07390108875211
210476.59 13160.8914204687 13160.8914204687 0.635097543011372 2.10365679734357 1.07390108875211
210477.59 13158.2350750415 13158.2350750415 0.635097543011372 2.10365679734357 1.07390108875211
210478.59 13155.5482112567 13155.5482112567 0.635097543011372 2.10365679734357 1.07390108875211
210479.59 13152.8443225293 13152.8443225293 0.635097543011372 2.10365679734357 1.07390108875211
210480.59 13150.1216098612 13150.1216098612 0.635097543011372 2.10365679734357 1.07390108875211
210481.59 13147.3483450932 13147.3483450932 0.635097543011372 2.10365679734357 1.07390108875211
210482.59 13144.5074065153 13144.5074065153 0.635097543011372 2.10365679734357 1.07390108875211
210483.59 13141.6115534425 13141.6115534425 0.635097543011372 2.10365679734357 1.07390108875211
210484.59 13138.6482137069 13138.6482137069 0.635097543011372 2.10365679734357 1.07390108875211
210485.59 13135.6017095487 13135.6017095487 0.635097543011372 2.10365679734357 1.07390108875211
210486.59 13132.4630950114 13132.4630950114 0.635097543011372 2.10365679734357 1.07390108875211
210487.59 13129.2644050846 13129.2644050846 0.635097543011372 2.10365679734357 1.07390108875211
210488.59 13126.0215968401 13126.0215968401 0.635097543011372 2.10365679734357 1.07390108875211
210489.59 13122.7286831053 13122.7286831053 0.635097543011372 2.10365679734357 1.07390108875211
210490.59 13119.4080641844 13119.4080641844 0.635097543011372 2.10365679734357 1.07390108875211
210491.59 13116.0433562072 13116.0433562072 0.635097543011372 2.10365679734357 1.07390108875211
210492.59 13112.6608577556 13112.6608577556 0.635097543011372 2.10365679734357 1.07390108875211
210493.59 13109.2963078891 13109.2963078891 0.635097543011372 2.10365679734357 1.07390108875211
210494.59 13105.9996761205 13105.9996761205 0.635097543011372 2.10365679734357 1.07390108875211
210495.59 13102.7248765649 13102.7248765649 0.635097543011372 2.10365679734357 1.07390108875211
210496.59 13099.4071969934 13099.4071969934 0.635097543011372 2.10365679734357 1.07390108875211
210497.59 13096.0477280535 13096.0477280535 0.635097543011372 2.10365679734357 1.07390108875211
210498.59 13092.6478564425 13092.6478564425 0.635097543011372 2.10365679734357 1.07390108875211
210499.59 13089.1472059346 13089.1472059346 0.635097543011372 2.10365679734357 1.07390108875211
210500.59 13085.5430351301 13085.5430351301 0.635097543011372 2.10365679734357 1.07390108875211
210501.59 13081.8968414371 13081.8968414371 0.635097543011372 2.10365679734357 1.07390108875211
210502.59 13078.1992840263 13078.1992840263 0.635097543011372 2.10365679734357 1.07390108875211
210503.59 13074.5898558352 13074.5898558352 0.635097543011372 2.10365679734357 1.07390108875211
210504.59 13071.0766492086 13071.0766492086 0.635097543011372 2.10365679734357 1.07390108875211
210505.59 13067.5885059519 13067.5885059519 0.635097543011372 2.10365679734357 1.07390108875211
210506.59 13064.1234792421 13064.1234792421 0.635097543011372 2.10365679734357 1.07390108875211
210507.59 13060.7363701629 13060.7363701629 0.635097543011372 2.10365679734357 1.07390108875211
210508.59 13057.2994238492 13057.2994238492 0.635097543011372 2.10365679734357 1.07390108875211
210509.59 13053.7870925476 13053.7870925476 0.635097543011372 2.10365679734357 1.07390108875211
210510.59 13050.2585486293 13050.2585486293 0.635097543011372 2.10365679734357 1.07390108875211
210511.59 13046.737014361 13046.737014361 0.635097543011372 2.10365679734357 1.07390108875211
210512.59 13043.1830275889 13043.1830275889 0.635097543011372 2.10365679734357 1.07390108875211
210513.59 13039.6333781957 13039.6333781957 0.635097543011372 2.10365679734357 1.07390108875211
210514.59 13036.0580214456 13036.0580214456 0.635097543011372 2.10365679734357 1.07390108875211
210515.59 13032.4327271102 13032.4327271102 0.635097543011372 2.10365679734357 1.07390108875211
210516.59 13028.8422151051 13028.8422151051 0.635097543011372 2.10365679734357 1.07390108875211
210517.59 13025.2994284149 13025.2994284149 0.635097543011372 2.10365679734357 1.07390108875211
210518.59 13021.8050136381 13021.8050136381 0.635097543011372 2.10365679734357 1.07390108875211
210519.59 13018.3770300243 13018.3770300243 0.635097543011372 2.10365679734357 1.07390108875211
210520.59 13014.9575178454 13014.9575178454 0.635097543011372 2.10365679734357 1.07390108875211
210521.59 13011.4880357841 13011.4880357841 0.635097543011372 2.10365679734357 1.07390108875211
210522.59 13008.0178948442 13008.0178948442 0.635097543011372 2.10365679734357 1.07390108875211
210523.59 13004.5683381705 13004.5683381705 0.635097543011372 2.10365679734357 1.07390108875211
210524.59 13001.0809464367 13001.0809464367 0.635097543011372 2.10365679734357 1.07390108875211
210525.59 12997.5590600278 12997.5590600278 0.635097543011372 2.10365679734357 1.07390108875211
210526.59 12993.9308132425 12993.9308132425 0.635097543011372 2.10365679734357 1.07390108875211
210527.59 12990.161821026 12990.161821026 0.635097543011372 2.10365679734357 1.07390108875211
210528.59 12986.3346291883 12986.3346291883 0.635097543011372 2.10365679734357 1.07390108875211
210529.59 12982.5161071964 12982.5161071964 0.635097543011372 2.10365679734357 1.07390108875211
210530.59 12978.7044581201 12978.7044581201 0.635097543011372 2.10365679734357 1.07390108875211
210531.59 12974.8493936981 12974.8493936981 0.635097543011372 2.10365679734357 1.07390108875211
210532.59 12970.9651125355 12970.9651125355 0.635097543011372 2.10365679734357 1.07390108875211
210533.59 12967.0453816776 12967.0453816776 0.635097543011372 2.10365679734357 1.07390108875211
210534.59 12963.1126602944 12963.1126602944 0.635097543011372 2.10365679734357 1.07390108875211
210535.59 12959.1616090105 12959.1616090105 0.635097543011372 2.10365679734357 1.07390108875211
210536.59 12955.261324416 12955.261324416 0.635097543011372 2.10365679734357 1.07390108875211
210537.59 12951.434399187 12951.434399187 0.635097543011372 2.10365679734357 1.07390108875211
210538.59 12947.7240614187 12947.7240614187 0.635097543011372 2.10365679734357 1.07390108875211
210539.59 12944.2210551525 12944.2210551525 0.635097543011372 2.10365679734357 1.07390108875211
210540.59 12940.844097336 12940.844097336 0.635097543011372 2.10365679734357 1.07390108875211
210541.59 12937.5249900897 12937.5249900897 0.635097543011372 2.10365679734357 1.07390108875211
210542.59 12934.2014292653 12934.2014292653 0.635097543011372 2.10365679734357 1.07390108875211
210543.59 12930.879005808 12930.879005808 0.635097543011372 2.10365679734357 1.07390108875211
210544.59 12927.5249690768 12927.5249690768 0.635097543011372 2.10365679734357 1.07390108875211
210545.59 12924.1953245308 12924.1953245308 0.635097543011372 2.10365679734357 1.07390108875211
210546.59 12920.9230387141 12920.9230387141 0.635097543011372 2.10365679734357 1.07390108875211
210547.59 12917.6111065696 12917.6111065696 0.635097543011372 2.10365679734357 1.07390108875211
210548.59 12914.2400395105 12914.2400395105 0.635097543011372 2.10365679734357 1.07390108875211
210549.59 12910.8588921326 12910.8588921326 0.635097543011372 2.10365679734357 1.07390108875211
210550.59 12907.4325296879 12907.4325296879 0.635097543011372 2.10365679734357 1.07390108875211
210551.59 12904.0165578928 12904.0165578928 0.635097543011372 2.10365679734357 1.07390108875211
210552.59 12900.5900560058 12900.5900560058 0.635097543011372 2.10365679734357 1.07390108875211
210553.59 12897.1160390395 12897.1160390395 0.635097543011372 2.10365679734357 1.07390108875211
210554.59 12893.5384102445 12893.5384102445 0.635097543011372 2.10365679734357 1.07390108875211
210555.59 12889.9387166901 12889.9387166901 0.635097543011372 2.10365679734357 1.07390108875211
210556.59 12886.3772496583 12886.3772496583 0.635097543011372 2.10365679734357 1.07390108875211
210557.59 12882.8171396214 12882.8171396214 0.635097543011372 2.10365679734357 1.07390108875211
210558.59 12879.2267670596 12879.2267670596 0.635097543011372 2.10365679734357 1.07390108875211
210559.59 12875.6317845114 12875.6317845114 0.635097543011372 2.10365679734357 1.07390108875211
210560.59 12872.0056868868 12872.0056868868 0.635097543011372 2.10365679734357 1.07390108875211
210561.59 12868.368302294 12868.368302294 0.635097543011372 2.10365679734357 1.07390108875211
210562.59 12864.7314602978 12864.7314602978 0.635097543011372 2.10365679734357 1.07390108875211
210563.59 12861.1137366022 12861.1137366022 0.635097543011372 2.10365679734357 1.07390108875211
210564.59 12857.4755480259 12857.4755480259 0.635097543011372 2.10365679734357 1.07390108875211
210565.59 12853.8019589802 12853.8019589802 0.635097543011372 2.10365679734357 1.07390108875211
210566.59 12850.0934868789 12850.0934868789 0.635097543011372 2.10365679734357 1.07390108875211
210567.59 12846.3428165898 12846.3428165898 0.635097543011372 2.10365679734357 1.07390108875211
210568.59 12842.5572054158 12842.5572054158 0.635097543011372 2.10365679734357 1.07390108875211
210569.59 12838.859383012 12838.859383012 0.635097543011372 2.10365679734357 1.07390108875211
210570.59 12835.2508376001 12835.2508376001 0.635097543011372 2.10365679734357 1.07390108875211
210571.59 12831.6486831511 12831.6486831511 0.635097543011372 2.10365679734357 1.07390108875211
210572.59 12827.9969715674 12827.9969715674 0.635097543011372 2.10365679734357 1.07390108875211
210573.59 12824.2802747721 12824.2802747721 0.635097543011372 2.10365679734357 1.07390108875211
210574.59 12820.474168943 12820.474168943 0.635097543011372 2.10365679734357 1.07390108875211
210575.59 12816.600060525 12816.600060525 0.635097543011372 2.10365679734357 1.07390108875211
210576.59 12812.5514139683 12812.5514139683 0.635097543011372 2.10365679734357 1.07390108875211
210577.59 12808.3078627987 12808.3078627987 0.635097543011372 2.10365679734357 1.07390108875211
210578.59 12803.9849198989 12803.9849198989 0.635097543011372 2.10365679734357 1.07390108875211
210579.59 12799.5007907601 12799.5007907601 0.635097543011372 2.10365679734357 1.07390108875211
210580.59 12794.958252584 12794.958252584 0.635097543011372 2.10365679734357 1.07390108875211
210581.59 12790.5202445982 12790.5202445982 0.635097543011372 2.10365679734357 1.07390108875211
210582.59 12786.224558196 12786.224558196 0.635097543011372 2.10365679734357 1.07390108875211
210583.59 12782.0059257503 12782.0059257503 0.635097543011372 2.10365679734357 1.07390108875211
210584.59 12777.8446632041 12777.8446632041 0.635097543011372 2.10365679734357 1.07390108875211
210585.59 12773.686600491 12773.686600491 0.635097543011372 2.10365679734357 1.07390108875211
210586.59 12769.5204886432 12769.5204886432 0.635097543011372 2.10365679734357 1.07390108875211
210587.59 12765.3712540258 12765.3712540258 0.635097543011372 2.10365679734357 1.07390108875211
210588.59 12761.1692377291 12761.1692377291 0.635097543011372 2.10365679734357 1.07390108875211
210589.59 12756.9343689864 12756.9343689864 0.635097543011372 2.10365679734357 1.07390108875211
210590.59 12752.6346180607 12752.6346180607 0.635097543011372 2.10365679734357 1.07390108875211
210591.59 12748.292414713 12748.292414713 0.635097543011372 2.10365679734357 1.07390108875211
210592.59 12743.9763284182 12743.9763284182 0.635097543011372 2.10365679734357 1.07390108875211
210593.59 12739.8349950491 12739.8349950491 0.635097543011372 2.10365679734357 1.07390108875211
210594.59 12735.9189568968 12735.9189568968 0.635097543011372 2.10365679734357 1.07390108875211
210595.59 12732.2277354449 12732.2277354449 0.635097543011372 2.10365679734357 1.07390108875211
210596.59 12728.720115075 12728.720115075 0.635097543011372 2.10365679734357 1.07390108875211
210597.59 12725.3922884418 12725.3922884418 0.635097543011372 2.10365679734357 1.07390108875211
210598.59 12722.2397716081 12722.2397716081 0.635097543011372 2.10365679734357 1.07390108875211
210599.59 12719.2396839117 12719.2396839117 0.635097543011372 2.10365679734357 1.07390108875211
210600.59 12716.4458742427 12716.4458742427 0.635097543011372 2.10365679734357 1.07390108875211
210601.59 12714.0156929544 12714.0156929544 0.635097543011372 2.10365679734357 1.07390108875211
210602.59 12712.0459955447 12712.0459955447 0.635097543011372 2.10365679734357 1.07390108875211
210603.59 12710.5348125333 12710.5348125333 0.635097543011372 2.10365679734357 1.07390108875211
210604.59 12709.3704111896 12709.3704111896 0.635097543011372 2.10365679734357 1.07390108875211
210605.59 12708.4679376712 12708.4679376712 0.635097543011372 2.10365679734357 1.07390108875211
210606.59 12707.8033739104 12707.8033739104 0.635097543011372 2.10365679734357 1.07390108875211
210607.59 12707.362115438 12707.362115438 0.635097543011372 2.10365679734357 1.07390108875211
210608.59 12707.1203093124 12707.1203093124 0.635097543011372 2.10365679734357 1.07390108875211
210609.59 12707.0080695968 12707.0080695968 0.635097543011372 2.10365679734357 1.07390108875211
210610.59 12706.9443623676 12706.9443623676 0.635097543011372 2.10365679734357 1.07390108875211
210611.59 12706.936225543 12706.936225543 0.635097543011372 2.10365679734357 1.07390108875211
210612.59 12706.9327721696 12706.9327721696 0.635097543011372 2.10365679734357 1.07390108875211
210613.59 12706.9278911681 12706.9278911681 0.635097543011372 2.10365679734357 1.07390108875211
210614.59 12706.9233092252 12706.9233092252 0.635097543011372 2.10365679734357 1.07390108875211
210615.59 12706.9178639397 12706.9178639397 0.635097543011372 2.10365679734357 1.07390108875211
210616.59 12706.912717713 12706.912717713 0.635097543011372 2.10365679734357 1.07390108875211
210617.59 12706.9075714843 12706.9075714843 0.635097543011372 2.10365679734357 1.07390108875211
210618.59 12706.9024252563 12706.9024252563 0.635097543011372 2.10365679734357 1.07390108875211
210619.59 12706.8975780856 12706.8975780856 0.635097543011372 2.10365679734357 1.07390108875211
210620.59 12706.8932952025 12706.8932952025 0.635097543011372 2.10365679734357 1.07390108875211
210621.59 12706.8884480318 12706.8884480318 0.635097543011372 2.10365679734357 1.07390108875211
210622.59 12706.8844642043 12706.8844642043 0.635097543011372 2.10365679734357 1.07390108875211
210623.59 12706.8804803769 12706.8804803769 0.635097543011372 2.10365679734357 1.07390108875211
210624.59 12706.8764965503 12706.8764965503 0.635097543011372 2.10365679734357 1.07390108875211
210625.59 12706.8725127232 12706.8725127232 0.635097543011372 2.10365679734357 1.07390108875211
210626.59 12706.8693922398 12706.8693922398 0.635097543011372 2.10365679734357 1.07390108875211
210627.59 12706.8662717581 12706.8662717581 0.635097543011372 2.10365679734357 1.07390108875211
210628.59 12706.8637155598 12706.8637155598 0.635097543011372 2.10365679734357 1.07390108875211
210629.59 12706.8605950772 12706.8605950772 0.635097543011372 2.10365679734357 1.07390108875211
210630.59 12706.8589022246 12706.8589022246 0.635097543011372 2.10365679734357 1.07390108875211
210631.59 12706.8572093708 12706.8572093708 0.635097543011372 2.10365679734357 1.07390108875211
210632.59 12706.8555165188 12706.8555165188 0.635097543011372 2.10365679734357 1.07390108875211
210633.59 12706.8543879495 12706.8543879495 0.635097543011372 2.10365679734357 1.07390108875211
210634.59 12706.8541227262 12706.8541227262 0.635097543011372 2.10365679734357 1.07390108875211
210635.59 12706.8529941573 12706.8529941573 0.635097543011372 2.10365679734357 1.07390108875211
210636.59 12706.8532932181 12706.8532932181 0.635097543011372 2.10365679734357 1.07390108875211
210637.59 12706.8530279956 12706.8530279956 0.635097543011372 2.10365679734357 1.07390108875211
210638.59 12706.8547546848 12706.8547546848 0.635097543011372 2.10365679734357 1.07390108875211
210639.59 12706.8550537447 12706.8550537447 0.635097543011372 2.10365679734357 1.07390108875211
210640.59 12706.8559170889 12706.8559170889 0.635097543011372 2.10365679734357 1.07390108875211
210641.59 12706.8576437785 12706.8576437785 0.635097543011372 2.10365679734357 1.07390108875211
210642.59 12706.7734445849 12706.7734445849 0.635097543011372 2.10365679734357 1.07390108875211
210643.59 12706.3225119664 12706.3225119664 0.635097543011372 2.10365679734357 1.07390108875211
210644.59 12705.5111753576 12705.5111753576 0.635097543011372 2.10365679734357 1.07390108875211
210645.59 12704.3130189073 12704.3130189073 0.635097543011372 2.10365679734357 1.07390108875211
210646.59 12702.752047277 12702.752047277 0.635097543011372 2.10365679734357 1.07390108875211
210647.59 12701.0335177087 12701.0335177087 0.635097543011372 2.10365679734357 1.07390108875211
210648.59 12699.1910571099 12699.1910571099 0.635097543011372 2.10365679734357 1.07390108875211
210649.59 12697.2964635828 12697.2964635828 0.635097543011372 2.10365679734357 1.07390108875211
210650.59 12695.4366493868 12695.4366493868 0.635097543011372 2.10365679734357 1.07390108875211
210651.59 12693.6029461321 12693.6029461321 0.635097543011372 2.10365679734357 1.07390108875211
210652.59 12691.8031263711 12691.8031263711 0.635097543011372 2.10365679734357 1.07390108875211
210653.59 12690.1171250341 12690.1171250341 0.635097543011372 2.10365679734357 1.07390108875211
210654.59 12688.6462844871 12688.6462844871 0.635097543011372 2.10365679734357 1.07390108875211
210655.59 12687.6578461269 12687.6578461269 0.635097543011372 2.10365679734357 1.07390108875211
210656.59 12687.1139652728 12687.1139652728 0.635097543011372 2.10365679734357 1.07390108875211
210657.59 12686.8377065543 12686.8377065543 0.635097543011372 2.10365679734357 1.07390108875211
210658.59 12686.5831834547 12686.5831834547 0.635097543011372 2.10365679734357 1.07390108875211
210659.59 12686.1628993439 12686.1628993439 0.635097543011372 2.10365679734357 1.07390108875211
210660.59 12685.6474991371 12685.6474991371 0.635097543011372 2.10365679734357 1.07390108875211
210661.59 12685.048700834 12685.048700834 0.635097543011372 2.10365679734357 1.07390108875211
210662.59 12684.1668657325 12684.1668657325 0.635097543011372 2.10365679734357 1.07390108875211
210663.59 12682.8995476036 12682.8995476036 0.635097543011372 2.10365679734357 1.07390108875211
210664.59 12681.3412840675 12681.3412840675 0.635097543011372 2.10365679734357 1.07390108875211
210665.59 12679.5762383984 12679.5762383984 0.635097543011372 2.10365679734357 1.07390108875211
210666.59 12677.6809424457 12677.6809424457 0.635097543011372 2.10365679734357 1.07390108875211
210667.59 12675.7216606365 12675.7216606365 0.635097543011372 2.10365679734357 1.07390108875211
210668.59 12673.6234611786 12673.6234611786 0.635097543011372 2.10365679734357 1.07390108875211
210669.59 12671.2665004684 12671.2665004684 0.635097543011372 2.10365679734357 1.07390108875211
210670.59 12668.6154067184 12668.6154067184 0.635097543011372 2.10365679734357 1.07390108875211
210671.59 12665.7131001511 12665.7131001511 0.635097543011372 2.10365679734357 1.07390108875211
210672.59 12662.7127878685 12662.7127878685 0.635097543011372 2.10365679734357 1.07390108875211
210673.59 12659.7688436923 12659.7688436923 0.635097543011372 2.10365679734357 1.07390108875211
210674.59 12657.0473847381 12657.0473847381 0.635097543011372 2.10365679734357 1.07390108875211
210675.59 12654.5969420223 12654.5969420223 0.635097543011372 2.10365679734357 1.07390108875211
210676.59 12652.5495601489 12652.5495601489 0.635097543011372 2.10365679734357 1.07390108875211
210677.59 12650.8863498022 12650.8863498022 0.635097543011372 2.10365679734357 1.07390108875211
210678.59 12649.3907331914 12649.3907331914 0.635097543011372 2.10365679734357 1.07390108875211
210679.59 12648.0082761623 12648.0082761623 0.635097543011372 2.10365679734357 1.07390108875211
210680.59 12646.7997359051 12646.7997359051 0.635097543011372 2.10365679734357 1.07390108875211
210681.59 12645.7164605325 12645.7164605325 0.635097543011372 2.10365679734357 1.07390108875211
210682.59 12644.6781283786 12644.6781283786 0.635097543011372 2.10365679734357 1.07390108875211
210683.59 12643.6601349008 12643.6601349008 0.635097543011372 2.10365679734357 1.07390108875211
210684.59 12642.6672065227 12642.6672065227 0.635097543011372 2.10365679734357 1.07390108875211
210685.59 12641.7112551568 12641.7112551568 0.635097543011372 2.10365679734357 1.07390108875211
210686.59 12640.7939219972 12640.7939219972 0.635097543011372 2.10365679734357 1.07390108875211
210687.59 12639.9194383201 12639.9194383201 0.635097543011372 2.10365679734357 1.07390108875211
210688.59 12639.1142032026 12639.1142032026 0.635097543011372 2.10365679734357 1.07390108875211
210689.59 12638.4290298808 12638.4290298808 0.635097543011372 2.10365679734357 1.07390108875211
210690.59 12637.8439515973 12637.8439515973 0.635097543011372 2.10365679734357 1.07390108875211
210691.59 12637.2944981642 12637.2944981642 0.635097543011372 2.10365679734357 1.07390108875211
210692.59 12636.7877069927 12636.7877069927 0.635097543011372 2.10365679734357 1.07390108875211
210693.59 12636.4810204072 12636.4810204072 0.635097543011372 2.10365679734357 1.07390108875211
210694.59 12636.3482587838 12636.3482587838 0.635097543011372 2.10365679734357 1.07390108875211
210695.59 12636.2770614386 12636.2770614386 0.635097543011372 2.10365679734357 1.07390108875211
210696.59 12636.2546491793 12636.2546491793 0.635097543011372 2.10365679734357 1.07390108875211
210697.59 12636.2526590412 12636.2526590412 0.635097543011372 2.10365679734357 1.07390108875211
210698.59 12636.2509502097 12636.2509502097 0.635097543011372 2.10365679734357 1.07390108875211
210699.59 12636.2506689027 12636.2506689027 0.635097543011372 2.10365679734357 1.07390108875211
210700.59 12636.2489600715 12636.2489600715 0.635097543011372 2.10365679734357 1.07390108875211
210701.59 12636.2466781309 12636.2466781309 0.635097543011372 2.10365679734357 1.07390108875211
210702.59 12636.2452506046 12636.2452506046 0.635097543011372 2.10365679734357 1.07390108875211
210703.59 12636.2438230797 12636.2438230797 0.635097543011372 2.10365679734357 1.07390108875211
210704.59 12636.2423955549 12636.2423955549 0.635097543011372 2.10365679734357 1.07390108875211
210705.59 12636.2403949215 12636.2403949215 0.635097543011372 2.10365679734357 1.07390108875211
210706.59 12636.239821811 12636.239821811 0.635097543011372 2.10365679734357 1.07390108875211
210707.59 12636.2383942876 12636.2383942876 0.635097543011372 2.10365679734357 1.07390108875211
210708.59 12636.2378211771 12636.2378211771 0.635097543011372 2.10365679734357 1.07390108875211
210709.59 12636.2366749592 12636.2366749592 0.635097543011372 2.10365679734357 1.07390108875211
210710.59 12636.23552874 12636.23552874 0.635097543011372 2.10365679734357 1.07390108875211
210711.59 12636.2349556312 12636.2349556312 0.635097543011372 2.10365679734357 1.07390108875211
210712.59 12636.2338094137 12636.2338094137 0.635097543011372 2.10365679734357 1.07390108875211
210713.59 12636.2340907213 12636.2340907213 0.635097543011372 2.10365679734357 1.07390108875211
210714.59 12636.2329445026 12636.2329445026 0.635097543011372 2.10365679734357 1.07390108875211
210715.59 12636.2323713941 12636.2323713941 0.635097543011372 2.10365679734357 1.07390108875211
210716.59 12636.2320795915 12636.2320795915 0.635097543011372 2.10365679734357 1.07390108875211
210717.59 12636.2315064831 12636.2315064831 0.635097543011372 2.10365679734357 1.07390108875211
210718.59 12636.2312146831 12636.2312146831 0.635097543011372 2.10365679734357 1.07390108875211
210719.59 12636.2306415748 12636.2306415748 0.635097543011372 2.10365679734357 1.07390108875211
210720.59 12636.2309228819 12636.2309228819 0.635097543011372 2.10365679734357 1.07390108875211
210721.59 12636.2297766657 12636.2297766657 0.635097543011372 2.10365679734357 1.07390108875211
210722.59 12636.2300579745 12636.2300579745 0.635097543011372 2.10365679734357 1.07390108875211
210723.59 12636.2294848651 12636.2294848651 0.635097543011372 2.10365679734357 1.07390108875211
210724.59 12636.231193699 12636.231193699 0.635097543011372 2.10365679734357 1.07390108875211
210725.59 12636.2320481155 12636.2320481155 0.635097543011372 2.10365679734357 1.07390108875211
210726.59 12636.2323294248 12636.2323294248 0.635097543011372 2.10365679734357 1.07390108875211
210727.59 12636.2323294248 12636.2323294248 0.635097543011372 2.10365679734357 1.07390108875211
210728.59 12636.2331838419 12636.2331838419 0.635097543011372 2.10365679734357 1.07390108875211
210729.59 12636.2346113663 12636.2346113663 0.635097543011372 2.10365679734357 1.07390108875211
210730.59 12636.2348926758 12636.2348926758 0.635097543011372 2.10365679734357 1.07390108875211
210731.59 12636.2357470931 12636.2357470931 0.635097543011372 2.10365679734357 1.07390108875211
210732.59 12636.2357470931 12636.2357470931 0.635097543011372 2.10365679734357 1.07390108875211
210733.59 12636.2366015104 12636.2366015104 0.635097543011372 2.10365679734357 1.07390108875211
210734.59 12636.2366015104 12636.2366015104 0.635097543011372 2.10365679734357 1.07390108875211
210735.59 12636.2374559277 12636.2374559277 0.635097543011372 2.10365679734357 1.07390108875211
210736.59 12636.2374559277 12636.2374559277 0.635097543011372 2.10365679734357 1.07390108875211
210737.59 12636.2374559277 12636.2374559277 0.635097543011372 2.10365679734357 1.07390108875211
210738.59 12636.2374559277 12636.2374559277 0.635097543011372 2.10365679734357 1.07390108875211
210739.59 12636.2383103451 12636.2383103451 0.635097543011372 2.10365679734357 1.07390108875211
210740.59 12636.2388834526 12636.2388834526 0.635097543011372 2.10365679734357 1.07390108875211
210741.59 12636.23973787 12636.23973787 0.635097543011372 2.10365679734357 1.07390108875211
210742.59 12636.2408840865 12636.2408840865 0.635097543011372 2.10365679734357 1.07390108875211
210743.59 12636.2423116114 12636.2423116114 0.635097543011372 2.10365679734357 1.07390108875211
210744.59 12636.242884719 12636.242884719 0.635097543011372 2.10365679734357 1.07390108875211
210745.59 12636.242884719 12636.242884719 0.635097543011372 2.10365679734357 1.07390108875211
210746.59 12636.2434578281 12636.2434578281 0.635097543011372 2.10365679734357 1.07390108875211
210747.59 12636.2440309357 12636.2440309357 0.635097543011372 2.10365679734357 1.07390108875211
210748.59 12636.2440309357 12636.2440309357 0.635097543011372 2.10365679734357 1.07390108875211
210749.59 12636.2440309357 12636.2440309357 0.635097543011372 2.10365679734357 1.07390108875211
210750.59 12636.2446040434 12636.2446040434 0.635097543011372 2.10365679734357 1.07390108875211
210751.59 12636.2446040434 12636.2446040434 0.635097543011372 2.10365679734357 1.07390108875211
210752.59 12636.2451771512 12636.2451771512 0.635097543011372 2.10365679734357 1.07390108875211
210753.59 12636.2466046755 12636.2466046755 0.635097543011372 2.10365679734357 1.07390108875211
210754.59 12636.2471777847 12636.2471777847 0.635097543011372 2.10365679734357 1.07390108875211
210755.59 12636.2457502589 12636.2457502589 0.635097543011372 2.10365679734357 1.07390108875211
210756.59 12636.2457502589 12636.2457502589 0.635097543011372 2.10365679734357 1.07390108875211
210757.59 12636.2451771512 12636.2451771512 0.635097543011372 2.10365679734357 1.07390108875211
210758.59 12636.2443227341 12636.2443227341 0.635097543011372 2.10365679734357 1.07390108875211
210759.59 12636.2443227341 12636.2443227341 0.635097543011372 2.10365679734357 1.07390108875211
210760.59 12636.2437496263 12636.2437496263 0.635097543011372 2.10365679734357 1.07390108875211
210761.59 12636.2437496263 12636.2437496263 0.635097543011372 2.10365679734357 1.07390108875211
210762.59 12636.2437496263 12636.2437496263 0.635097543011372 2.10365679734357 1.07390108875211
210763.59 12636.2437496263 12636.2437496263 0.635097543011372 2.10365679734357 1.07390108875211
210764.59 12636.2431765186 12636.2431765186 0.635097543011372 2.10365679734357 1.07390108875211
210765.59 12636.2431765186 12636.2431765186 0.635097543011372 2.10365679734357 1.07390108875211
210766.59 12636.2423221014 12636.2423221014 0.635097543011372 2.10365679734357 1.07390108875211
210767.59 12636.2428952092 12636.2428952092 0.635097543011372 2.10365679734357 1.07390108875211
210768.59 12636.2428952092 12636.2428952092 0.635097543011372 2.10365679734357 1.07390108875211
210769.59 12636.2428952092 12636.2428952092 0.635097543011372 2.10365679734357 1.07390108875211
210770.59 12636.243468317 12636.243468317 0.635097543011372 2.10365679734357 1.07390108875211
210771.59 12636.243468317 12636.243468317 0.635097543011372 2.10365679734357 1.07390108875211
210772.59 12636.243468317 12636.243468317 0.635097543011372 2.10365679734357 1.07390108875211
210773.59 12636.243468317 12636.243468317 0.635097543011372 2.10365679734357 1.07390108875211
210774.59 12636.2244633364 12636.2244633364 0.635097543011372 2.10365679734357 1.07390108875211
210775.59 12635.976004701 12635.976004701 0.635097543011372 2.10365679734357 1.07390108875211
210776.59 12635.3646009257 12635.3646009257 0.635097543011372 2.10365679734357 1.07390108875211
210777.59 12634.4693981942 12634.4693981942 0.635097543011372 2.10365679734357 1.07390108875211
210778.59 12633.1737821869 12633.1737821869 0.635097543011372 2.10365679734357 1.07390108875211
210779.59 12631.520236897 12631.520236897 0.635097543011372 2.10365679734357 1.07390108875211
210780.59 12629.5945640373 12629.5945640373 0.635097543011372 2.10365679734357 1.07390108875211
210781.59 12627.4058014533 12627.4058014533 0.635097543011372 2.10365679734357 1.07390108875211
210782.59 12624.9456692559 12624.9456692559 0.635097543011372 2.10365679734357 1.07390108875211
210783.59 12622.2021659495 12622.2021659495 0.635097543011372 2.10365679734357 1.07390108875211
210784.59 12619.1546885111 12619.1546885111 0.635097543011372 2.10365679734357 1.07390108875211
210785.59 12615.804931117 12615.804931117 0.635097543011372 2.10365679734357 1.07390108875211
210786.59 12612.2146736886 12612.2146736886 0.635097543011372 2.10365679734357 1.07390108875211
210787.59 12608.4756855448 12608.4756855448 0.635097543011372 2.10365679734357 1.07390108875211
210788.59 12604.5795796968 12604.5795796968 0.635097543011372 2.10365679734357 1.07390108875211
210789.59 12600.5837189459 12600.5837189459 0.635097543011372 2.10365679734357 1.07390108875211
210790.59 12596.4156758998 12596.4156758998 0.635097543011372 2.10365679734357 1.07390108875211
210791.59 12592.0543578003 12592.0543578003 0.635097543011372 2.10365679734357 1.07390108875211
210792.59 12587.586420957 12587.586420957 0.635097543011372 2.10365679734357 1.07390108875211
210793.59 12583.1916394124 12583.1916394124 0.635097543011372 2.10365679734357 1.07390108875211
210794.59 12578.8057282442 12578.8057282442 0.635097543011372 2.10365679734357 1.07390108875211
210795.59 12574.3221834173 12574.3221834173 0.635097543011372 2.10365679734357 1.07390108875211
210796.59 12569.7794204309 12569.7794204309 0.635097543011372 2.10365679734357 1.07390108875211
210797.59 12565.2468431991 12565.2468431991 0.635097543011372 2.10365679734357 1.07390108875211
210798.59 12560.6653327797 12560.6653327797 0.635097543011372 2.10365679734357 1.07390108875211
210799.59 12556.0263212558 12556.0263212558 0.635097543011372 2.10365679734357 1.07390108875211
210800.59 12551.3183712154 12551.3183712154 0.635097543011372 2.10365679734357 1.07390108875211
210801.59 12546.4980975506 12546.4980975506 0.635097543011372 2.10365679734357 1.07390108875211
210802.59 12541.5438101602 12541.5438101602 0.635097543011372 2.10365679734357 1.07390108875211
210803.59 12536.4591280268 12536.4591280268 0.635097543011372 2.10365679734357 1.07390108875211
210804.59 12531.5355925361 12531.5355925361 0.635097543011372 2.10365679734357 1.07390108875211
210805.59 12526.7149321484 12526.7149321484 0.635097543011372 2.10365679734357 1.07390108875211
210806.59 12521.9378793191 12521.9378793191 0.635097543011372 2.10365679734357 1.07390108875211
210807.59 12517.2265010768 12517.2265010768 0.635097543011372 2.10365679734357 1.07390108875211
210808.59 12512.6369251166 12512.6369251166 0.635097543011372 2.10365679734357 1.07390108875211
210809.59 12508.1399455479 12508.1399455479 0.635097543011372 2.10365679734357 1.07390108875211
210810.59 12503.683733594 12503.683733594 0.635097543011372 2.10365679734357 1.07390108875211
210811.59 12499.1826593654 12499.1826593654 0.635097543011372 2.10365679734357 1.07390108875211
210812.59 12494.6844813214 12494.6844813214 0.635097543011372 2.10365679734357 1.07390108875211
210813.59 12490.211848683 12490.211848683 0.635097543011372 2.10365679734357 1.07390108875211
210814.59 12485.7539939852 12485.7539939852 0.635097543011372 2.10365679734357 1.07390108875211
210815.59 12481.3030087837 12481.3030087837 0.635097543011372 2.10365679734357 1.07390108875211
210816.59 12476.858787316 12476.858787316 0.635097543011372 2.10365679734357 1.07390108875211
210817.59 12472.4650470292 12472.4650470292 0.635097543011372 2.10365679734357 1.07390108875211
210818.59 12468.1039078241 12468.1039078241 0.635097543011372 2.10365679734357 1.07390108875211
210819.59 12463.7437055207 12463.7437055207 0.635097543011372 2.10365679734357 1.07390108875211
210820.59 12459.3384947858 12459.3384947858 0.635097543011372 2.10365679734357 1.07390108875211
210821.59 12454.8912474523 12454.8912474523 0.635097543011372 2.10365679734357 1.07390108875211
210822.59 12450.4285986594 12450.4285986594 0.635097543011372 2.10365679734357 1.07390108875211
210823.59 12445.9424704693 12445.9424704693 0.635097543011372 2.10365679734357 1.07390108875211
210824.59 12441.4372444147 12441.4372444147 0.635097543011372 2.10365679734357 1.07390108875211
210825.59 12436.946726228 12436.946726228 0.635097543011372 2.10365679734357 1.07390108875211
210826.59 12432.4895784987 12432.4895784987 0.635097543011372 2.10365679734357 1.07390108875211
210827.59 12428.0444212591 12428.0444212591 0.635097543011372 2.10365679734357 1.07390108875211
210828.59 12423.5716487685 12423.5716487685 0.635097543011372 2.10365679734357 1.07390108875211
210829.59 12419.0607678565 12419.0607678565 0.635097543011372 2.10365679734357 1.07390108875211
210830.59 12414.4269855873 12414.4269855873 0.635097543011372 2.10365679734357 1.07390108875211
210831.59 12409.7146589664 12409.7146589664 0.635097543011372 2.10365679734357 1.07390108875211
210832.59 12405.0341634819 12405.0341634819 0.635097543011372 2.10365679734357 1.07390108875211
210833.59 12400.394761994 12400.394761994 0.635097543011372 2.10365679734357 1.07390108875211
210834.59 12395.7408710741 12395.7408710741 0.635097543011372 2.10365679734357 1.07390108875211
210835.59 12391.0519145463 12391.0519145463 0.635097543011372 2.10365679734357 1.07390108875211
210836.59 12386.288819075 12386.288819075 0.635097543011372 2.10365679734357 1.07390108875211
210837.59 12381.4414611455 12381.4414611455 0.635097543011372 2.10365679734357 1.07390108875211
210838.59 12376.5901965811 12376.5901965811 0.635097543011372 2.10365679734357 1.07390108875211
210839.59 12371.7619711167 12371.7619711167 0.635097543011372 2.10365679734357 1.07390108875211
210840.59 12366.9607523613 12366.9607523613 0.635097543011372 2.10365679734357 1.07390108875211
210841.59 12362.195762679 12362.195762679 0.635097543011372 2.10365679734357 1.07390108875211
210842.59 12357.4673772362 12357.4673772362 0.635097543011372 2.10365679734357 1.07390108875211
210843.59 12352.7628942958 12352.7628942958 0.635097543011372 2.10365679734357 1.07390108875211
210844.59 12348.073138892 12348.073138892 0.635097543011372 2.10365679734357 1.07390108875211
210845.59 12343.390752293 12343.390752293 0.635097543011372 2.10365679734357 1.07390108875211
210846.59 12338.7699207851 12338.7699207851 0.635097543011372 2.10365679734357 1.07390108875211
210847.59 12334.2049091301 12334.2049091301 0.635097543011372 2.10365679734357 1.07390108875211
210848.59 12329.7133938318 12329.7133938318 0.635097543011372 2.10365679734357 1.07390108875211
210849.59 12325.3120327538 12325.3120327538 0.635097543011372 2.10365679734357 1.07390108875211
210850.59 12320.9701326471 12320.9701326471 0.635097543011372 2.10365679734357 1.07390108875211
210851.59 12316.6538360765 12316.6538360765 0.635097543011372 2.10365679734357 1.07390108875211
210852.59 12312.3427417387 12312.3427417387 0.635097543011372 2.10365679734357 1.07390108875211
210853.59 12308.0174805946 12308.0174805946 0.635097543011372 2.10365679734357 1.07390108875211
210854.59 12303.6844784238 12303.6844784238 0.635097543011372 2.10365679734357 1.07390108875211
210855.59 12299.3236955469 12299.3236955469 0.635097543011372 2.10365679734357 1.07390108875211
210856.59 12294.8954044903 12294.8954044903 0.635097543011372 2.10365679734357 1.07390108875211
210857.59 12290.4241801072 12290.4241801072 0.635097543011372 2.10365679734357 1.07390108875211
210858.59 12285.9489128535 12285.9489128535 0.635097543011372 2.10365679734357 1.07390108875211
210859.59 12281.4859879742 12281.4859879742 0.635097543011372 2.10365679734357 1.07390108875211
210860.59 12277.0492757858 12277.0492757858 0.635097543011372 2.10365679734357 1.07390108875211
210861.59 12272.6327751681 12272.6327751681 0.635097543011372 2.10365679734357 1.07390108875211
210862.59 12268.2374775713 12268.2374775713 0.635097543011372 2.10365679734357 1.07390108875211
210863.59 12263.8710969302 12263.8710969302 0.635097543011372 2.10365679734357 1.07390108875211
210864.59 12259.5110894286 12259.5110894286 0.635097543011372 2.10365679734357 1.07390108875211
210865.59 12255.1581156752 12255.1581156752 0.635097543011372 2.10365679734357 1.07390108875211
210866.59 12250.810343174 12250.810343174 0.635097543011372 2.10365679734357 1.07390108875211
210867.59 12246.4607272952 12246.4607272952 0.635097543011372 2.10365679734357 1.07390108875211
210868.59 12242.0943027307 12242.0943027307 0.635097543011372 2.10365679734357 1.07390108875211
210869.59 12237.7501549374 12237.7501549374 0.635097543011372 2.10365679734357 1.07390108875211
210870.59 12233.4912698083 12233.4912698083 0.635097543011372 2.10365679734357 1.07390108875211
210871.59 12229.3370587426 12229.3370587426 0.635097543011372 2.10365679734357 1.07390108875211
210872.59 12225.2820989062 12225.2820989062 0.635097543011372 2.10365679734357 1.07390108875211
210873.59 12221.2977837373 12221.2977837373 0.635097543011372 2.10365679734357 1.07390108875211
210874.59 12217.3670038509 12217.3670038509 0.635097543011372 2.10365679734357 1.07390108875211
210875.59 12213.4730477618 12213.4730477618 0.635097543011372 2.10365679734357 1.07390108875211
210876.59 12209.6164904777 12209.6164904777 0.635097543011372 2.10365679734357 1.07390108875211
210877.59 12205.9188869568 12205.9188869568 0.635097543011372 2.10365679734357 1.07390108875211
210878.59 12202.504271018 12202.504271018 0.635097543011372 2.10365679734357 1.07390108875211
210879.59 12199.3529304733 12199.3529304733 0.635097543011372 2.10365679734357 1.07390108875211
210880.59 12196.525746351 12196.525746351 0.635097543011372 2.10365679734357 1.07390108875211
210881.59 12194.1277707181 12194.1277707181 0.635097543011372 2.10365679734357 1.07390108875211
210882.59 12192.3057782653 12192.3057782653 0.635097543011372 2.10365679734357 1.07390108875211
210883.59 12191.1302923872 12191.1302923872 0.635097543011372 2.10365679734357 1.07390108875211
210884.59 12190.5250432538 12190.5250432538 0.635097543011372 2.10365679734357 1.07390108875211
210885.59 12190.2068641082 12190.2068641082 0.635097543011372 2.10365679734357 1.07390108875211
210886.59 12190.0668971984 12190.0668971984 0.635097543011372 2.10365679734357 1.07390108875211
210887.59 12190.0404219759 12190.0404219759 0.635097543011372 2.10365679734357 1.07390108875211
210888.59 12190.0375703765 12190.0375703765 0.635097543011372 2.10365679734357 1.07390108875211
210889.59 12190.036139541 12190.036139541 0.635097543011372 2.10365679734357 1.07390108875211
210890.59 12190.0332879476 12190.0332879476 0.635097543011372 2.10365679734357 1.07390108875211
210891.59 12190.0305964589 12190.0305964589 0.635097543011372 2.10365679734357 1.07390108875211
210892.59 12190.0279049713 12190.0279049713 0.635097543011372 2.10365679734357 1.07390108875211
210893.59 12190.0253735848 12190.0253735848 0.635097543011372 2.10365679734357 1.07390108875211
210894.59 12190.0236326301 12190.0236326301 0.635097543011372 2.10365679734357 1.07390108875211
210895.59 12190.0218916739 12190.0218916739 0.635097543011372 2.10365679734357 1.07390108875211
210896.59 12190.019520388 12190.019520388 0.635097543011372 2.10365679734357 1.07390108875211
210897.59 12190.0179395315 12190.0179395315 0.635097543011372 2.10365679734357 1.07390108875211
210898.59 12190.0171491031 12190.0171491031 0.635097543011372 2.10365679734357 1.07390108875211
210899.59 12190.0163586747 12190.0163586747 0.635097543011372 2.10365679734357 1.07390108875211
210900.59 12190.0155682464 12190.0155682464 0.635097543011372 2.10365679734357 1.07390108875211
210901.59 12190.0141474874 12190.0141474874 0.635097543011372 2.10365679734357 1.07390108875211
210902.59 12190.0135171552 12190.0135171552 0.635097543011372 2.10365679734357 1.07390108875211
210903.59 12190.0128868246 12190.0128868246 0.635097543011372 2.10365679734357 1.07390108875211
210904.59 12190.0124165921 12190.0124165921 0.635097543011372 2.10365679734357 1.07390108875211
210905.59 12190.0125766886 12190.0125766886 0.635097543011372 2.10365679734357 1.07390108875211
210906.59 12190.0127367869 12190.0127367869 0.635097543011372 2.10365679734357 1.07390108875211
210907.59 12190.0128968854 12190.0128968854 0.635097543011372 2.10365679734357 1.07390108875211
210908.59 12190.0132170823 12190.0132170823 0.635097543011372 2.10365679734357 1.07390108875211
210909.59 12190.0133771796 12190.0133771796 0.635097543011372 2.10365679734357 1.07390108875211
210910.59 12190.0129069488 12190.0129069488 0.635097543011372 2.10365679734357 1.07390108875211
210911.59 12190.0138574775 12190.0138574775 0.635097543011372 2.10365679734357 1.07390108875211
210912.59 12190.0148080049 12190.0148080049 0.635097543011372 2.10365679734357 1.07390108875211
210913.59 12190.0157585339 12190.0157585339 0.635097543011372 2.10365679734357 1.07390108875211
210914.59 12190.0167090637 12190.0167090637 0.635097543011372 2.10365679734357 1.07390108875211
210915.59 12190.0176595935 12190.0176595935 0.635097543011372 2.10365679734357 1.07390108875211
210916.59 12190.0178196941 12190.0178196941 0.635097543011372 2.10365679734357 1.07390108875211
210917.59 12190.0179797933 12190.0179797933 0.635097543011372 2.10365679734357 1.07390108875211
210918.59 12190.0189303245 12190.0189303245 0.635097543011372 2.10365679734357 1.07390108875211
210919.59 12190.0190904252 12190.0190904252 0.635097543011372 2.10365679734357 1.07390108875211
210920.59 12190.0186201961 12190.0186201961 0.635097543011372 2.10365679734357 1.07390108875211
210921.59 12190.0187802977 12190.0187802977 0.635097543011372 2.10365679734357 1.07390108875211
210922.59 12190.0197308302 12190.0197308302 0.635097543011372 2.10365679734357 1.07390108875211
210923.59 12190.0198909322 12190.0198909322 0.635097543011372 2.10365679734357 1.07390108875211
210924.59 12190.020681363 12190.020681363 0.635097543011372 2.10365679734357 1.07390108875211
210925.59 12189.9518939094 12189.9518939094 0.635097543011372 2.10365679734357 1.07390108875211
210926.59 12189.5236814185 12189.5236814185 0.635097543011372 2.10365679734357 1.07390108875211
210927.59 12188.6965385256 12188.6965385256 0.635097543011372 2.10365679734357 1.07390108875211
210928.59 12187.4849367518 12187.4849367518 0.635097543011372 2.10365679734357 1.07390108875211
210929.59 12185.9924452242 12185.9924452242 0.635097543011372 2.10365679734357 1.07390108875211
210930.59 12184.2215755436 12184.2215755436 0.635097543011372 2.10365679734357 1.07390108875211
210931.59 12182.2276922609 12182.2276922609 0.635097543011372 2.10365679734357 1.07390108875211
210932.59 12180.0512464661 12180.0512464661 0.635097543011372 2.10365679734357 1.07390108875211
210933.59 12177.7863357403 12177.7863357403 0.635097543011372 2.10365679734357 1.07390108875211
210934.59 12175.5922252135 12175.5922252135 0.635097543011372 2.10365679734357 1.07390108875211
210935.59 12173.4349100361 12173.4349100361 0.635097543011372 2.10365679734357 1.07390108875211
210936.59 12171.1848967527 12171.1848967527 0.635097543011372 2.10365679734357 1.07390108875211
210937.59 12168.9101701831 12168.9101701831 0.635097543011372 2.10365679734357 1.07390108875211
210938.59 12166.6765207926 12166.6765207926 0.635097543011372 2.10365679734357 1.07390108875211
210939.59 12164.619935694 12164.619935694 0.635097543011372 2.10365679734357 1.07390108875211
210940.59 12163.2334018806 12163.2334018806 0.635097543011372 2.10365679734357 1.07390108875211
210941.59 12162.7655915644 12162.7655915644 0.635097543011372 2.10365679734357 1.07390108875211
210942.59 12163.27068584 12163.27068584 0.635097543011372 2.10365679734357 1.07390108875211
210943.59 12164.4001863461 12164.4001863461 0.635097543011372 2.10365679734357 1.07390108875211
210944.59 12165.7570121697 12165.7570121697 0.635097543011372 2.10365679734357 1.07390108875211
210945.59 12167.1769287667 12167.1769287667 0.635097543011372 2.10365679734357 1.07390108875211
210946.59 12168.7870568553 12168.7870568553 0.635097543011372 2.10365679734357 1.07390108875211
210947.59 12170.4096066766 12170.4096066766 0.635097543011372 2.10365679734357 1.07390108875211
210948.59 12171.3189903803 12171.3189903803 0.635097543011372 2.10365679734357 1.07390108875211
210949.59 12171.1216479007 12171.1216479007 0.635097543011372 2.10365679734357 1.07390108875211
210950.59 12169.7096967503 12169.7096967503 0.635097543011372 2.10365679734357 1.07390108875211
210951.59 12167.0996317087 12167.0996317087 0.635097543011372 2.10365679734357 1.07390108875211
210952.59 12163.3665880094 12163.3665880094 0.635097543011372 2.10365679734357 1.07390108875211
210953.59 12158.7355509556 12158.7355509556 0.635097543011372 2.10365679734357 1.07390108875211
210954.59 12153.5860000885 12153.5860000885 0.635097543011372 2.10365679734357 1.07390108875211
210955.59 12148.3608700424 12148.3608700424 0.635097543011372 2.10365679734357 1.07390108875211
210956.59 12143.2360048257 12143.2360048257 0.635097543011372 2.10365679734357 1.07390108875211
210957.59 12138.4408766185 12138.4408766185 0.635097543011372 2.10365679734357 1.07390108875211
210958.59 12133.9691435876 12133.9691435876 0.635097543011372 2.10365679734357 1.07390108875211
210959.59 12129.7479943117 12129.7479943117 0.635097543011372 2.10365679734357 1.07390108875211
210960.59 12125.9855014316 12125.9855014316 0.635097543011372 2.10365679734357 1.07390108875211
210961.59 12122.8201164724 12122.8201164724 0.635097543011372 2.10365679734357 1.07390108875211
210962.59 12120.2033263823 12120.2033263823 0.635097543011372 2.10365679734357 1.07390108875211
210963.59 12117.8447672887 12117.8447672887 0.635097543011372 2.10365679734357 1.07390108875211
210964.59 12115.49270266 12115.49270266 0.635097543011372 2.10365679734357 1.07390108875211
210965.59 12113.0621547778 12113.0621547778 0.635097543011372 2.10365679734357 1.07390108875211
210966.59 12110.654753785 12110.654753785 0.635097543011372 2.10365679734357 1.07390108875211
210967.59 12108.3386621144 12108.3386621144 0.635097543011372 2.10365679734357 1.07390108875211
210968.59 12106.2018143321 12106.2018143321 0.635097543011372 2.10365679734357 1.07390108875211
210969.59 12104.1095006843 12104.1095006843 0.635097543011372 2.10365679734357 1.07390108875211
210970.59 12101.9091972559 12101.9091972559 0.635097543011372 2.10365679734357 1.07390108875211
210971.59 12099.5658880805 12099.5658880805 0.635097543011372 2.10365679734357 1.07390108875211
210972.59 12097.0865245796 12097.0865245796 0.635097543011372 2.10365679734357 1.07390108875211
210973.59 12094.4301500278 12094.4301500278 0.635097543011372 2.10365679734357 1.07390108875211
210974.59 12091.644917056 12091.644917056 0.635097543011372 2.10365679734357 1.07390108875211
210975.59 12088.8002505586 12088.8002505586 0.635097543011372 2.10365679734357 1.07390108875211
210976.59 12085.979592622 12085.979592622 0.635097543011372 2.10365679734357 1.07390108875211
210977.59 12083.160166212 12083.160166212 0.635097543011372 2.10365679734357 1.07390108875211
210978.59 12080.2838077228 12080.2838077228 0.635097543011372 2.10365679734357 1.07390108875211
210979.59 12077.3215468931 12077.3215468931 0.635097543011372 2.10365679734357 1.07390108875211
210980.59 12074.3224089453 12074.3224089453 0.635097543011372 2.10365679734357 1.07390108875211
210981.59 12071.2570378631 12071.2570378631 0.635097543011372 2.10365679734357 1.07390108875211
210982.59 12068.1332796633 12068.1332796633 0.635097543011372 2.10365679734357 1.07390108875211
210983.59 12064.9882275204 12064.9882275204 0.635097543011372 2.10365679734357 1.07390108875211
210984.59 12061.8224128832 12061.8224128832 0.635097543011372 2.10365679734357 1.07390108875211
210985.59 12058.6237813271 12058.6237813271 0.635097543011372 2.10365679734357 1.07390108875211
210986.59 12055.4400594055 12055.4400594055 0.635097543011372 2.10365679734357 1.07390108875211
210987.59 12052.2579819908 12052.2579819908 0.635097543011372 2.10365679734357 1.07390108875211
210988.59 12049.0815180616 12049.0815180616 0.635097543011372 2.10365679734357 1.07390108875211
210989.59 12045.9034460022 12045.9034460022 0.635097543011372 2.10365679734357 1.07390108875211
210990.59 12042.7200806944 12042.7200806944 0.635097543011372 2.10365679734357 1.07390108875211
210991.59 12039.5253203557 12039.5253203557 0.635097543011372 2.10365679734357 1.07390108875211
210992.59 12036.4109873895 12036.4109873895 0.635097543011372 2.10365679734357 1.07390108875211
210993.59 12033.3120777833 12033.3120777833 0.635097543011372 2.10365679734357 1.07390108875211
210994.59 12030.1350345206 12030.1350345206 0.635097543011372 2.10365679734357 1.07390108875211
210995.59 12026.8641104066 12026.8641104066 0.635097543011372 2.10365679734357 1.07390108875211
210996.59 12023.5074381512 12023.5074381512 0.635097543011372 2.10365679734357 1.07390108875211
210997.59 12020.1429400368 12020.1429400368 0.635097543011372 2.10365679734357 1.07390108875211
210998.59 12016.7927345586 12016.7927345586 0.635097543011372 2.10365679734357 1.07390108875211
210999.59 12013.4564514355 12013.4564514355 0.635097543011372 2.10365679734357 1.07390108875211
211000.59 12010.1294961198 12010.1294961198 0.635097543011372 2.10365679734357 1.07390108875211
211001.59 12006.8584818014 12006.8584818014 0.635097543011372 2.10365679734357 1.07390108875211
211002.59 12003.6157155188 12003.6157155188 0.635097543011372 2.10365679734357 1.07390108875211
211003.59 12000.3601152485 12000.3601152485 0.635097543011372 2.10365679734357 1.07390108875211
211004.59 11997.1201989964 11997.1201989964 0.635097543011372 2.10365679734357 1.07390108875211
211005.59 11993.9162442945 11993.9162442945 0.635097543011372 2.10365679734357 1.07390108875211
211006.59 11990.7478228882 11990.7478228882 0.635097543011372 2.10365679734357 1.07390108875211
211007.59 11987.5863411391 11987.5863411391 0.635097543011372 2.10365679734357 1.07390108875211
211008.59 11984.3811240227 11984.3811240227 0.635097543011372 2.10365679734357 1.07390108875211
211009.59 11981.1614765605 11981.1614765605 0.635097543011372 2.10365679734357 1.07390108875211
211010.59 11977.9454433868 11977.9454433868 0.635097543011372 2.10365679734357 1.07390108875211
211011.59 11974.7378512832 11974.7378512832 0.635097543011372 2.10365679734357 1.07390108875211
211012.59 11971.5642496291 11971.5642496291 0.635097543011372 2.10365679734357 1.07390108875211
211013.59 11968.4229475757 11968.4229475757 0.635097543011372 2.10365679734357 1.07390108875211
211014.59 11965.2732896727 11965.2732896727 0.635097543011372 2.10365679734357 1.07390108875211
211015.59 11962.0916055613 11962.0916055613 0.635097543011372 2.10365679734357 1.07390108875211
211016.59 11958.9014858144 11958.9014858144 0.635097543011372 2.10365679734357 1.07390108875211
211017.59 11955.7115567668 11955.7115567668 0.635097543011372 2.10365679734357 1.07390108875211
211018.59 11952.5416139975 11952.5416139975 0.635097543011372 2.10365679734357 1.07390108875211
211019.59 11949.4002394054 11949.4002394054 0.635097543011372 2.10365679734357 1.07390108875211
211020.59 11946.3136577772 11946.3136577772 0.635097543011372 2.10365679734357 1.07390108875211
211021.59 11943.2612936397 11943.2612936397 0.635097543011372 2.10365679734357 1.07390108875211
211022.59 11940.2393420294 11940.2393420294 0.635097543011372 2.10365679734357 1.07390108875211
211023.59 11937.2152248657 11937.2152248657 0.635097543011372 2.10365679734357 1.07390108875211
211024.59 11934.1919214565 11934.1919214565 0.635097543011372 2.10365679734357 1.07390108875211
211025.59 11931.1387534384 11931.1387534384 0.635097543011372 2.10365679734357 1.07390108875211
211026.59 11928.0522332202 11928.0522332202 0.635097543011372 2.10365679734357 1.07390108875211
211027.59 11924.9276399714 11924.9276399714 0.635097543011372 2.10365679734357 1.07390108875211
211028.59 11921.7933181231 11921.7933181231 0.635097543011372 2.10365679734357 1.07390108875211
211029.59 11918.6528404957 11918.6528404957 0.635097543011372 2.10365679734357 1.07390108875211
211030.59 11915.5378002891 11915.5378002891 0.635097543011372 2.10365679734357 1.07390108875211
211031.59 11912.4887864544 11912.4887864544 0.635097543011372 2.10365679734357 1.07390108875211
211032.59 11909.5473865019 11909.5473865019 0.635097543011372 2.10365679734357 1.07390108875211
211033.59 11906.8608015471 11906.8608015471 0.635097543011372 2.10365679734357 1.07390108875211
211034.59 11904.4226409843 11904.4226409843 0.635097543011372 2.10365679734357 1.07390108875211
211035.59 11902.2356114863 11902.2356114863 0.635097543011372 2.10365679734357 1.07390108875211
211036.59 11900.4140412669 11900.4140412669 0.635097543011372 2.10365679734357 1.07390108875211
211037.59 11899.0263157563 11899.0263157563 0.635097543011372 2.10365679734357 1.07390108875211
211038.59 11898.0781576367 11898.0781576367 0.635097543011372 2.10365679734357 1.07390108875211
211039.59 11897.5712651733 11897.5712651733 0.635097543011372 2.10365679734357 1.07390108875211
211040.59 11897.3858467235 11897.3858467235 0.635097543011372 2.10365679734357 1.07390108875211
211041.59 11897.3617111742 11897.3617111742 0.635097543011372 2.10365679734357 1.07390108875211
211042.59 11897.3621181437 11897.3621181437 0.635097543011372 2.10365679734357 1.07390108875211
211043.59 11897.3632552223 11897.3632552223 0.635097543011372 2.10365679734357 1.07390108875211
211044.59 11897.3637160552 11897.3637160552 0.635097543011372 2.10365679734357 1.07390108875211
211045.59 11897.3635006428 11897.3635006428 0.635097543011372 2.10365679734357 1.07390108875211
211046.59 11897.3632852326 11897.3632852326 0.635097543011372 2.10365679734357 1.07390108875211
211047.59 11897.3623935764 11897.3623935764 0.635097543011372 2.10365679734357 1.07390108875211
211048.59 11897.3622320229 11897.3622320229 0.635097543011372 2.10365679734357 1.07390108875211
211049.59 11897.3613942191 11897.3613942191 0.635097543011372 2.10365679734357 1.07390108875211
211050.59 11897.3606102676 11897.3606102676 0.635097543011372 2.10365679734357 1.07390108875211
211051.59 11897.3590962154 11897.3590962154 0.635097543011372 2.10365679734357 1.07390108875211
211052.59 11897.3583122662 11897.3583122662 0.635097543011372 2.10365679734357 1.07390108875211
211053.59 11897.3582584162 11897.3582584162 0.635097543011372 2.10365679734357 1.07390108875211
211054.59 11897.3575283157 11897.3575283157 0.635097543011372 2.10365679734357 1.07390108875211
211055.59 11897.3561219653 11897.3561219653 0.635097543011372 2.10365679734357 1.07390108875211
211056.59 11897.355391865 11897.355391865 0.635097543011372 2.10365679734357 1.07390108875211
211057.59 11897.355391865 11897.355391865 0.635097543011372 2.10365679734357 1.07390108875211
211058.59 11897.3547156127 11897.3547156127 0.635097543011372 2.10365679734357 1.07390108875211
211059.59 11897.3540393622 11897.3540393622 0.635097543011372 2.10365679734357 1.07390108875211
211060.59 11897.3540393622 11897.3540393622 0.635097543011372 2.10365679734357 1.07390108875211
211061.59 11897.3540932122 11897.3540932122 0.635097543011372 2.10365679734357 1.07390108875211
211062.59 11897.3541470618 11897.3541470618 0.635097543011372 2.10365679734357 1.07390108875211
211063.59 11897.3534708115 11897.3534708115 0.635097543011372 2.10365679734357 1.07390108875211
211064.59 11897.3528484099 11897.3528484099 0.635097543011372 2.10365679734357 1.07390108875211
211065.59 11897.3535785107 11897.3535785107 0.635097543011372 2.10365679734357 1.07390108875211
211066.59 11897.3536323614 11897.3536323614 0.635097543011372 2.10365679734357 1.07390108875211
211067.59 11897.3530099606 11897.3530099606 0.635097543011372 2.10365679734357 1.07390108875211
211068.59 11897.3523875618 11897.3523875618 0.635097543011372 2.10365679734357 1.07390108875211
211069.59 11897.3524414132 11897.3524414132 0.635097543011372 2.10365679734357 1.07390108875211
211070.59 11897.3524952647 11897.3524952647 0.635097543011372 2.10365679734357 1.07390108875211
211071.59 11897.3525491143 11897.3525491143 0.635097543011372 2.10365679734357 1.07390108875211
211072.59 11897.3494133066 11897.3494133066 0.635097543011372 2.10365679734357 1.07390108875211
211073.59 11897.2558176974 11897.2558176974 0.635097543011372 2.10365679734357 1.07390108875211
211074.59 11896.866093143 11896.866093143 0.635097543011372 2.10365679734357 1.07390108875211
211075.59 11896.1378215516 11896.1378215516 0.635097543011372 2.10365679734357 1.07390108875211
211076.59 11895.0549600208 11895.0549600208 0.635097543011372 2.10365679734357 1.07390108875211
211077.59 11893.6525678577 11893.6525678577 0.635097543011372 2.10365679734357 1.07390108875211
211078.59 11892.0022661517 11892.0022661517 0.635097543011372 2.10365679734357 1.07390108875211
211079.59 11890.2036969902 11890.2036969902 0.635097543011372 2.10365679734357 1.07390108875211
211080.59 11888.2895882886 11888.2895882886 0.635097543011372 2.10365679734357 1.07390108875211
211081.59 11886.2684212887 11886.2684212887 0.635097543011372 2.10365679734357 1.07390108875211
211082.59 11884.1696494695 11884.1696494695 0.635097543011372 2.10365679734357 1.07390108875211
211083.59 11881.9940451359 11881.9940451359 0.635097543011372 2.10365679734357 1.07390108875211
211084.59 11879.664329419 11879.664329419 0.635097543011372 2.10365679734357 1.07390108875211
211085.59 11877.292538825 11877.292538825 0.635097543011372 2.10365679734357 1.07390108875211
211086.59 11874.874279582 11874.874279582 0.635097543011372 2.10365679734357 1.07390108875211
211087.59 11872.4389336293 11872.4389336293 0.635097543011372 2.10365679734357 1.07390108875211
211088.59 11870.1077052724 11870.1077052724 0.635097543011372 2.10365679734357 1.07390108875211
211089.59 11867.7687810194 11867.7687810194 0.635097543011372 2.10365679734357 1.07390108875211
211090.59 11865.3729343222 11865.3729343222 0.635097543011372 2.10365679734357 1.07390108875211
211091.59 11862.9601217031 11862.9601217031 0.635097543011372 2.10365679734357 1.07390108875211
211092.59 11860.582727362 11860.582727362 0.635097543011372 2.10365679734357 1.07390108875211
211093.59 11858.2386218114 11858.2386218114 0.635097543011372 2.10365679734357 1.07390108875211
211094.59 11855.9035988891 11855.9035988891 0.635097543011372 2.10365679734357 1.07390108875211
211095.59 11853.5952999684 11853.5952999684 0.635097543011372 2.10365679734357 1.07390108875211
211096.59 11851.3394722169 11851.3394722169 0.635097543011372 2.10365679734357 1.07390108875211
211097.59 11849.1677900173 11849.1677900173 0.635097543011372 2.10365679734357 1.07390108875211
211098.59 11847.0806079935 11847.0806079935 0.635097543011372 2.10365679734357 1.07390108875211
211099.59 11845.0317877304 11845.0317877304 0.635097543011372 2.10365679734357 1.07390108875211
211100.59 11842.9909758018 11842.9909758018 0.635097543011372 2.10365679734357 1.07390108875211
211101.59 11840.9523436452 11840.9523436452 0.635097543011372 2.10365679734357 1.07390108875211
211102.59 11838.9461570376 11838.9461570376 0.635097543011372 2.10365679734357 1.07390108875211
211103.59 11836.9523431802 11836.9523431802 0.635097543011372 2.10365679734357 1.07390108875211
211104.59 11834.9986925982 11834.9986925982 0.635097543011372 2.10365679734357 1.07390108875211
211105.59 11833.0821976545 11833.0821976545 0.635097543011372 2.10365679734357 1.07390108875211
211106.59 11831.2299653189 11831.2299653189 0.635097543011372 2.10365679734357 1.07390108875211
211107.59 11829.4137431827 11829.4137431827 0.635097543011372 2.10365679734357 1.07390108875211
211108.59 11827.6287871827 11827.6287871827 0.635097543011372 2.10365679734357 1.07390108875211
211109.59 11825.8757852735 11825.8757852735 0.635097543011372 2.10365679734357 1.07390108875211
211110.59 11824.2050657906 11824.2050657906 0.635097543011372 2.10365679734357 1.07390108875211
211111.59 11822.6588039316 11822.6588039316 0.635097543011372 2.10365679734357 1.07390108875211
211112.59 11821.2040713808 11821.2040713808 0.635097543011372 2.10365679734357 1.07390108875211
211113.59 11819.7922691892 11819.7922691892 0.635097543011372 2.10365679734357 1.07390108875211
211114.59 11818.3579013193 11818.3579013193 0.635097543011372 2.10365679734357 1.07390108875211
211115.59 11816.9527883137 11816.9527883137 0.635097543011372 2.10365679734357 1.07390108875211
211116.59 11815.5458168889 11815.5458168889 0.635097543011372 2.10365679734357 1.07390108875211
211117.59 11814.1442848036 11814.1442848036 0.635097543011372 2.10365679734357 1.07390108875211
211118.59 11812.7510336485 11812.7510336485 0.635097543011372 2.10365679734357 1.07390108875211
211119.59 11811.4620710572 11811.4620710572 0.635097543011372 2.10365679734357 1.07390108875211
211120.59 11810.2982002021 11810.2982002021 0.635097543011372 2.10365679734357 1.07390108875211
211121.59 11809.2283702288 11809.2283702288 0.635097543011372 2.10365679734357 1.07390108875211
211122.59 11808.2443696986 11808.2443696986 0.635097543011372 2.10365679734357 1.07390108875211
211123.59 11807.3134457025 11807.3134457025 0.635097543011372 2.10365679734357 1.07390108875211
211124.59 11806.4141121835 11806.4141121835 0.635097543011372 2.10365679734357 1.07390108875211
211125.59 11805.5645643135 11805.5645643135 0.635097543011372 2.10365679734357 1.07390108875211
211126.59 11804.7698687792 11804.7698687792 0.635097543011372 2.10365679734357 1.07390108875211
211127.59 11804.0015854511 11804.0015854511 0.635097543011372 2.10365679734357 1.07390108875211
211128.59 11803.2554459882 11803.2554459882 0.635097543011372 2.10365679734357 1.07390108875211
211129.59 11802.5295979935 11802.5295979935 0.635097543011372 2.10365679734357 1.07390108875211
211130.59 11801.7764961936 11801.7764961936 0.635097543011372 2.10365679734357 1.07390108875211
211131.59 11800.9941121469 11800.9941121469 0.635097543011372 2.10365679734357 1.07390108875211
211132.59 11800.20869196 11800.20869196 0.635097543011372 2.10365679734357 1.07390108875211
211133.59 11799.4081973654 11799.4081973654 0.635097543011372 2.10365679734357 1.07390108875211
211134.59 11798.5886145114 11798.5886145114 0.635097543011372 2.10365679734357 1.07390108875211
211135.59 11797.7525137152 11797.7525137152 0.635097543011372 2.10365679734357 1.07390108875211
211136.59 11796.8966596813 11796.8966596813 0.635097543011372 2.10365679734357 1.07390108875211
211137.59 11796.0631815413 11796.0631815413 0.635097543011372 2.10365679734357 1.07390108875211
211138.59 11795.3443383 11795.3443383 0.635097543011372 2.10365679734357 1.07390108875211
211139.59 11794.71648281 11794.71648281 0.635097543011372 2.10365679734357 1.07390108875211
211140.59 11794.121229857 11794.121229857 0.635097543011372 2.10365679734357 1.07390108875211
211141.59 11793.4674819919 11793.4674819919 0.635097543011372 2.10365679734357 1.07390108875211
211142.59 11792.7610189439 11792.7610189439 0.635097543011372 2.10365679734357 1.07390108875211
211143.59 11792.041308657 11792.041308657 0.635097543011372 2.10365679734357 1.07390108875211
211144.59 11791.3365866396 11791.3365866396 0.635097543011372 2.10365679734357 1.07390108875211
211145.59 11790.6828610034 11790.6828610034 0.635097543011372 2.10365679734357 1.07390108875211
211146.59 11790.0464566393 11790.0464566393 0.635097543011372 2.10365679734357 1.07390108875211
211147.59 11789.398574956 11789.398574956 0.635097543011372 2.10365679734357 1.07390108875211
211148.59 11788.7374747133 11788.7374747133 0.635097543011372 2.10365679734357 1.07390108875211
211149.59 11788.0941907698 11788.0941907698 0.635097543011372 2.10365679734357 1.07390108875211
211150.59 11787.4856748362 11787.4856748362 0.635097543011372 2.10365679734357 1.07390108875211
211151.59 11786.8473868231 11786.8473868231 0.635097543011372 2.10365679734357 1.07390108875211
211152.59 11786.2071340414 11786.2071340414 0.635097543011372 2.10365679734357 1.07390108875211
211153.59 11785.6201580117 11785.6201580117 0.635097543011372 2.10365679734357 1.07390108875211
211154.59 11785.0792352643 11785.0792352643 0.635097543011372 2.10365679734357 1.07390108875211
211155.59 11784.5763292817 11784.5763292817 0.635097543011372 2.10365679734357 1.07390108875211
211156.59 11784.1082736994 11784.1082736994 0.635097543011372 2.10365679734357 1.07390108875211
211157.59 11783.6310360392 11783.6310360392 0.635097543011372 2.10365679734357 1.07390108875211
211158.59 11783.1429932953 11783.1429932953 0.635097543011372 2.10365679734357 1.07390108875211
211159.59 11782.6883446673 11782.6883446673 0.635097543011372 2.10365679734357 1.07390108875211
211160.59 11782.2642370894 11782.2642370894 0.635097543011372 2.10365679734357 1.07390108875211
211161.59 11781.8379259614 11781.8379259614 0.635097543011372 2.10365679734357 1.07390108875211
211162.59 11781.4209054259 11781.4209054259 0.635097543011372 2.10365679734357 1.07390108875211
211163.59 11781.014017562 11781.014017562 0.635097543011372 2.10365679734357 1.07390108875211
211164.59 11780.6354267 11780.6354267 0.635097543011372 2.10365679734357 1.07390108875211
211165.59 11780.2362325171 11780.2362325171 0.635097543011372 2.10365679734357 1.07390108875211
211166.59 11779.8183523125 11779.8183523125 0.635097543011372 2.10365679734357 1.07390108875211
211167.59 11779.434884736 11779.434884736 0.635097543011372 2.10365679734357 1.07390108875211
211168.59 11779.0503963803 11779.0503963803 0.635097543011372 2.10365679734357 1.07390108875211
211169.59 11778.6547679983 11778.6547679983 0.635097543011372 2.10365679734357 1.07390108875211
211170.59 11778.281620087 11778.281620087 0.635097543011372 2.10365679734357 1.07390108875211
211171.59 11777.9589424159 11777.9589424159 0.635097543011372 2.10365679734357 1.07390108875211
211172.59 11777.6654733144 11777.6654733144 0.635097543011372 2.10365679734357 1.07390108875211
211173.59 11777.3630699887 11777.3630699887 0.635097543011372 2.10365679734357 1.07390108875211
211174.59 11777.0544955318 11777.0544955318 0.635097543011372 2.10365679734357 1.07390108875211
211175.59 11776.7498401022 11776.7498401022 0.635097543011372 2.10365679734357 1.07390108875211
211176.59 11776.4430200587 11776.4430200587 0.635097543011372 2.10365679734357 1.07390108875211
211177.59 11776.1388680134 11776.1388680134 0.635097543011372 2.10365679734357 1.07390108875211
211178.59 11775.8850484804 11775.8850484804 0.635097543011372 2.10365679734357 1.07390108875211
211179.59 11775.6887545397 11775.6887545397 0.635097543011372 2.10365679734357 1.07390108875211
211180.59 11775.5271642506 11775.5271642506 0.635097543011372 2.10365679734357 1.07390108875211
211181.59 11775.3920553399 11775.3920553399 0.635097543011372 2.10365679734357 1.07390108875211
211182.59 11775.2706066704 11775.2706066704 0.635097543011372 2.10365679734357 1.07390108875211
211183.59 11775.1077579124 11775.1077579124 0.635097543011372 2.10365679734357 1.07390108875211
211184.59 11774.8649693911 11774.8649693911 0.635097543011372 2.10365679734357 1.07390108875211
211185.59 11774.564140411 11774.564140411 0.635097543011372 2.10365679734357 1.07390108875211
211186.59 11774.2664307745 11774.2664307745 0.635097543011372 2.10365679734357 1.07390108875211
211187.59 11774.0153422491 11774.0153422491 0.635097543011372 2.10365679734357 1.07390108875211
211188.59 11773.8363075036 11773.8363075036 0.635097543011372 2.10365679734357 1.07390108875211
211189.59 11773.7041787983 11773.7041787983 0.635097543011372 2.10365679734357 1.07390108875211
211190.59 11773.6144398962 11773.6144398962 0.635097543011372 2.10365679734357 1.07390108875211
211191.59 11773.5642041424 11773.5642041424 0.635097543011372 2.10365679734357 1.07390108875211
211192.59 11773.5419588654 11773.5419588654 0.635097543011372 2.10365679734357 1.07390108875211
211193.59 11773.5252394995 11773.5252394995 0.635097543011372 2.10365679734357 1.07390108875211
211194.59 11773.4778598294 11773.4778598294 0.635097543011372 2.10365679734357 1.07390108875211
211195.59 11773.3917193432 11773.3917193432 0.635097543011372 2.10365679734357 1.07390108875211
211196.59 11773.3252925739 11773.3252925739 0.635097543011372 2.10365679734357 1.07390108875211
211197.59 11773.4362724998 11773.4362724998 0.635097543011372 2.10365679734357 1.07390108875211
211198.59 11773.9216397442 11773.9216397442 0.635097543011372 2.10365679734357 1.07390108875211
211199.59 11774.5924180352 11774.5924180352 0.635097543011372 2.10365679734357 1.07390108875211
211200.59 11775.0306738569 11775.0306738569 0.635097543011372 2.10365679734357 1.07390108875211
211201.59 11775.2182329806 11775.2182329806 0.635097543011372 2.10365679734357 1.07390108875211
211202.59 11775.235433498 11775.235433498 0.635097543011372 2.10365679734357 1.07390108875211
211203.59 11775.2520637486 11775.2520637486 0.635097543011372 2.10365679734357 1.07390108875211
211204.59 11775.2908566339 11775.2908566339 0.635097543011372 2.10365679734357 1.07390108875211
211205.59 11775.3489315537 11775.3489315537 0.635097543011372 2.10365679734357 1.07390108875211
211206.59 11775.4278060738 11775.4278060738 0.635097543011372 2.10365679734357 1.07390108875211
211207.59 11775.5238918821 11775.5238918821 0.635097543011372 2.10365679734357 1.07390108875211
211208.59 11775.5956130138 11775.5956130138 0.635097543011372 2.10365679734357 1.07390108875211
211209.59 11775.6642826821 11775.6642826821 0.635097543011372 2.10365679734357 1.07390108875211
211210.59 11775.7696455064 11775.7696455064 0.635097543011372 2.10365679734357 1.07390108875211
211211.59 11775.8805952623 11775.8805952623 0.635097543011372 2.10365679734357 1.07390108875211
211212.59 11775.9603517809 11775.9603517809 0.635097543011372 2.10365679734357 1.07390108875211
211213.59 11775.7072006672 11775.7072006672 0.635097543011372 2.10365679734357 1.07390108875211
211214.59 11775.2950623856 11775.2950623856 0.635097543011372 2.10365679734357 1.07390108875211
211215.59 11775.0044304703 11775.0044304703 0.635097543011372 2.10365679734357 1.07390108875211
211216.59 11774.8226980707 11774.8226980707 0.635097543011372 2.10365679734357 1.07390108875211
211217.59 11774.9625691608 11774.9625691608 0.635097543011372 2.10365679734357 1.07390108875211
211218.59 11775.5367773815 11775.5367773815 0.635097543011372 2.10365679734357 1.07390108875211
211219.59 11776.1469989899 11776.1469989899 0.635097543011372 2.10365679734357 1.07390108875211
211220.59 11776.6612791842 11776.6612791842 0.635097543011372 2.10365679734357 1.07390108875211
211221.59 11777.0752467985 11777.0752467985 0.635097543011372 2.10365679734357 1.07390108875211
211222.59 11777.3493488746 11777.3493488746 0.635097543011372 2.10365679734357 1.07390108875211
211223.59 11777.5548107894 11777.5548107894 0.635097543011372 2.10365679734357 1.07390108875211
211224.59 11777.7117601802 11777.7117601802 0.635097543011372 2.10365679734357 1.07390108875211
211225.59 11777.8578363717 11777.8578363717 0.635097543011372 2.10365679734357 1.07390108875211
211226.59 11778.0089215282 11778.0089215282 0.635097543011372 2.10365679734357 1.07390108875211
211227.59 11778.1346549785 11778.1346549785 0.635097543011372 2.10365679734357 1.07390108875211
211228.59 11778.2293781868 11778.2293781868 0.635097543011372 2.10365679734357 1.07390108875211
211229.59 11778.2916894021 11778.2916894021 0.635097543011372 2.10365679734357 1.07390108875211
211230.59 11778.3371883102 11778.3371883102 0.635097543011372 2.10365679734357 1.07390108875211
211231.59 11778.3698509277 11778.3698509277 0.635097543011372 2.10365679734357 1.07390108875211
211232.59 11778.3904368855 11778.3904368855 0.635097543011372 2.10365679734357 1.07390108875211
211233.59 11778.3979644644 11778.3979644644 0.635097543011372 2.10365679734357 1.07390108875211
211234.59 11778.3997102441 11778.3997102441 0.635097543011372 2.10365679734357 1.07390108875211
211235.59 11778.3983443711 11778.3983443711 0.635097543011372 2.10365679734357 1.07390108875211
211236.59 11778.3966806959 11778.3966806959 0.635097543011372 2.10365679734357 1.07390108875211
211237.59 11778.3929066315 11778.3929066315 0.635097543011372 2.10365679734357 1.07390108875211
211238.59 11778.3904898603 11778.3904898603 0.635097543011372 2.10365679734357 1.07390108875211
211239.59 11778.3888261894 11778.3888261894 0.635097543011372 2.10365679734357 1.07390108875211
211240.59 11778.3870136125 11778.3870136125 0.635097543011372 2.10365679734357 1.07390108875211
211241.59 11778.3852010367 11778.3852010367 0.635097543011372 2.10365679734357 1.07390108875211
211242.59 11778.3847457508 11778.3847457508 0.635097543011372 2.10365679734357 1.07390108875211
211243.59 11778.3821800777 11778.3821800777 0.635097543011372 2.10365679734357 1.07390108875211
211244.59 11778.3823289847 11778.3823289847 0.635097543011372 2.10365679734357 1.07390108875211
211245.59 11778.3811206022 11778.3811206022 0.635097543011372 2.10365679734357 1.07390108875211
211246.59 11778.3797633127 11778.3797633127 0.635097543011372 2.10365679734357 1.07390108875211
211247.59 11778.3784060212 11778.3784060212 0.635097543011372 2.10365679734357 1.07390108875211
211248.59 11778.3770487317 11778.3770487317 0.635097543011372 2.10365679734357 1.07390108875211
211249.59 11778.3770487317 11778.3770487317 0.635097543011372 2.10365679734357 1.07390108875211
211250.59 11778.3762956335 11778.3762956335 0.635097543011372 2.10365679734357 1.07390108875211
211251.59 11778.3762956335 11778.3762956335 0.635097543011372 2.10365679734357 1.07390108875211
211252.59 11778.3761467266 11778.3761467266 0.635097543011372 2.10365679734357 1.07390108875211
211253.59 11778.3753936285 11778.3753936285 0.635097543011372 2.10365679734357 1.07390108875211
211254.59 11778.3752447199 11778.3752447199 0.635097543011372 2.10365679734357 1.07390108875211
211255.59 11778.3744916218 11778.3744916218 0.635097543011372 2.10365679734357 1.07390108875211
211256.59 11778.3743427154 11778.3743427154 0.635097543011372 2.10365679734357 1.07390108875211
211257.59 11778.3749469071 11778.3749469071 0.635097543011372 2.10365679734357 1.07390108875211
211258.59 11778.3747980006 11778.3747980006 0.635097543011372 2.10365679734357 1.07390108875211
211259.59 11778.3754021922 11778.3754021922 0.635097543011372 2.10365679734357 1.07390108875211
211260.59 11778.3752532844 11778.3752532844 0.635097543011372 2.10365679734357 1.07390108875211
211261.59 11778.3751043787 11778.3751043787 0.635097543011372 2.10365679734357 1.07390108875211
211262.59 11778.3749554732 11778.3749554732 0.635097543011372 2.10365679734357 1.07390108875211
211263.59 11778.3764274249 11778.3764274249 0.635097543011372 2.10365679734357 1.07390108875211
211264.59 11778.384032614 11778.384032614 0.635097543011372 2.10365679734357 1.07390108875211
211265.59 11778.4030502733 11778.4030502733 0.635097543011372 2.10365679734357 1.07390108875211
211266.59 11778.4281169592 11778.4281169592 0.635097543011372 2.10365679734357 1.07390108875211
211267.59 11778.4437145372 11778.4437145372 0.635097543011372 2.10365679734357 1.07390108875211
211268.59 11778.4590670293 11778.4590670293 0.635097543011372 2.10365679734357 1.07390108875211
211269.59 11778.4964500609 11778.4964500609 0.635097543011372 2.10365679734357 1.07390108875211
211270.59 11778.5462919278 11778.5462919278 0.635097543011372 2.10365679734357 1.07390108875211
211271.59 11778.6003943855 11778.6003943855 0.635097543011372 2.10365679734357 1.07390108875211
211272.59 11778.6864239984 11778.6864239984 0.635097543011372 2.10365679734357 1.07390108875211
211273.59 11778.7958319633 11778.7958319633 0.635097543011372 2.10365679734357 1.07390108875211
211274.59 11778.9017809392 11778.9017809392 0.635097543011372 2.10365679734357 1.07390108875211
211275.59 11779.0069009773 11779.0069009773 0.635097543011372 2.10365679734357 1.07390108875211
211276.59 11779.1233151637 11779.1233151637 0.635097543011372 2.10365679734357 1.07390108875211
211277.59 11779.2253601718 11779.2253601718 0.635097543011372 2.10365679734357 1.07390108875211
211278.59 11779.3269249362 11779.3269249362 0.635097543011372 2.10365679734357 1.07390108875211
211279.59 11779.4642494756 11779.4642494756 0.635097543011372 2.10365679734357 1.07390108875211
211280.59 11779.6532294634 11779.6532294634 0.635097543011372 2.10365679734357 1.07390108875211
211281.59 11779.923706113 11779.923706113 0.635097543011372 2.10365679734357 1.07390108875211
211282.59 11780.1911082304 11780.1911082304 0.635097543011372 2.10365679734357 1.07390108875211
211283.59 11780.4646904228 11780.4646904228 0.635097543011372 2.10365679734357 1.07390108875211
211284.59 11780.78945636 11780.78945636 0.635097543011372 2.10365679734357 1.07390108875211
211285.59 11781.019839513 11781.019839513 0.635097543011372 2.10365679734357 1.07390108875211
211286.59 11781.0600598623 11781.0600598623 0.635097543011372 2.10365679734357 1.07390108875211
211287.59 11781.0746553231 11781.0746553231 0.635097543011372 2.10365679734357 1.07390108875211
211288.59 11781.0732506585 11781.0732506585 0.635097543011372 2.10365679734357 1.07390108875211
211289.59 11781.0145938653 11781.0145938653 0.635097543011372 2.10365679734357 1.07390108875211
211290.59 11781.0523850924 11781.0523850924 0.635097543011372 2.10365679734357 1.07390108875211
211291.59 11781.2282362947 11781.2282362947 0.635097543011372 2.10365679734357 1.07390108875211
211292.59 11781.4534811485 11781.4534811485 0.635097543011372 2.10365679734357 1.07390108875211
211293.59 11781.781754179 11781.781754179 0.635097543011372 2.10365679734357 1.07390108875211
211294.59 11782.1614735308 11782.1614735308 0.635097543011372 2.10365679734357 1.07390108875211
211295.59 11782.6021242749 11782.6021242749 0.635097543011372 2.10365679734357 1.07390108875211
211296.59 11783.0784481587 11783.0784481587 0.635097543011372 2.10365679734357 1.07390108875211
211297.59 11783.5644952841 11783.5644952841 0.635097543011372 2.10365679734357 1.07390108875211
211298.59 11784.0655771602 11784.0655771602 0.635097543011372 2.10365679734357 1.07390108875211
211299.59 11784.588339894 11784.588339894 0.635097543011372 2.10365679734357 1.07390108875211
211300.59 11785.168841092 11785.168841092 0.635097543011372 2.10365679734357 1.07390108875211
211301.59 11785.7484192927 11785.7484192927 0.635097543011372 2.10365679734357 1.07390108875211
211302.59 11786.3321575918 11786.3321575918 0.635097543011372 2.10365679734357 1.07390108875211
211303.59 11786.9237011023 11786.9237011023 0.635097543011372 2.10365679734357 1.07390108875211
211304.59 11787.5198538116 11787.5198538116 0.635097543011372 2.10365679734357 1.07390108875211
211305.59 11788.1697332832 11788.1697332832 0.635097543011372 2.10365679734357 1.07390108875211
211306.59 11788.8087937459 11788.8087937459 0.635097543011372 2.10365679734357 1.07390108875211
211307.59 11789.4260613696 11789.4260613696 0.635097543011372 2.10365679734357 1.07390108875211
211308.59 11790.0614521604 11790.0614521604 0.635097543011372 2.10365679734357 1.07390108875211
211309.59 11790.7032701175 11790.7032701175 0.635097543011372 2.10365679734357 1.07390108875211
211310.59 11791.3622880655 11791.3622880655 0.635097543011372 2.10365679734357 1.07390108875211
211311.59 11792.0735096907 11792.0735096907 0.635097543011372 2.10365679734357 1.07390108875211
211312.59 11792.8301809875 11792.8301809875 0.635097543011372 2.10365679734357 1.07390108875211
211313.59 11793.6381399862 11793.6381399862 0.635097543011372 2.10365679734357 1.07390108875211
211314.59 11794.4750378795 11794.4750378795 0.635097543011372 2.10365679734357 1.07390108875211
211315.59 11795.2975330919 11795.2975330919 0.635097543011372 2.10365679734357 1.07390108875211
211316.59 11796.0622286421 11796.0622286421 0.635097543011372 2.10365679734357 1.07390108875211
211317.59 11796.7405210559 11796.7405210559 0.635097543011372 2.10365679734357 1.07390108875211
211318.59 11797.3601625586 11797.3601625586 0.635097543011372 2.10365679734357 1.07390108875211
211319.59 11797.9538223132 11797.9538223132 0.635097543011372 2.10365679734357 1.07390108875211
211320.59 11798.5346829076 11798.5346829076 0.635097543011372 2.10365679734357 1.07390108875211
211321.59 11799.0949421595 11799.0949421595 0.635097543011372 2.10365679734357 1.07390108875211
211322.59 11799.6700222328 11799.6700222328 0.635097543011372 2.10365679734357 1.07390108875211
211323.59 11800.301207458 11800.301207458 0.635097543011372 2.10365679734357 1.07390108875211
211324.59 11800.9066301448 11800.9066301448 0.635097543011372 2.10365679734357 1.07390108875211
211325.59 11801.4693273553 11801.4693273553 0.635097543011372 2.10365679734357 1.07390108875211
211326.59 11802.0352704185 11802.0352704185 0.635097543011372 2.10365679734357 1.07390108875211
211327.59 11802.6084285702 11802.6084285702 0.635097543011372 2.10365679734357 1.07390108875211
211328.59 11803.181195747 11803.181195747 0.635097543011372 2.10365679734357 1.07390108875211
211329.59 11803.7763727047 11803.7763727047 0.635097543011372 2.10365679734357 1.07390108875211
211330.59 11804.3439985489 11804.3439985489 0.635097543011372 2.10365679734357 1.07390108875211
211331.59 11804.8884169461 11804.8884169461 0.635097543011372 2.10365679734357 1.07390108875211
211332.59 11805.4633441571 11805.4633441571 0.635097543011372 2.10365679734357 1.07390108875211
211333.59 11806.0937716436 11806.0937716436 0.635097543011372 2.10365679734357 1.07390108875211
211334.59 11806.8698091079 11806.8698091079 0.635097543011372 2.10365679734357 1.07390108875211
211335.59 11807.8854416721 11807.8854416721 0.635097543011372 2.10365679734357 1.07390108875211
211336.59 11809.0865878948 11809.0865878948 0.635097543011372 2.10365679734357 1.07390108875211
211337.59 11810.2570569747 11810.2570569747 0.635097543011372 2.10365679734357 1.07390108875211
211338.59 11811.2636880254 11811.2636880254 0.635097543011372 2.10365679734357 1.07390108875211
211339.59 11812.0866939722 11812.0866939722 0.635097543011372 2.10365679734357 1.07390108875211
211340.59 11812.8860463113 11812.8860463113 0.635097543011372 2.10365679734357 1.07390108875211
211341.59 11813.8034565192 11813.8034565192 0.635097543011372 2.10365679734357 1.07390108875211
211342.59 11814.840512806 11814.840512806 0.635097543011372 2.10365679734357 1.07390108875211
211343.59 11815.8687236349 11815.8687236349 0.635097543011372 2.10365679734357 1.07390108875211
211344.59 11816.9466707137 11816.9466707137 0.635097543011372 2.10365679734357 1.07390108875211
211345.59 11818.0995447683 11818.0995447683 0.635097543011372 2.10365679734357 1.07390108875211
211346.59 11819.2426545483 11819.2426545483 0.635097543011372 2.10365679734357 1.07390108875211
211347.59 11820.344951158 11820.344951158 0.635097543011372 2.10365679734357 1.07390108875211
211348.59 11821.4967820364 11821.4967820364 0.635097543011372 2.10365679734357 1.07390108875211
211349.59 11822.8404097228 11822.8404097228 0.635097543011372 2.10365679734357 1.07390108875211
211350.59 11824.3419526536 11824.3419526536 0.635097543011372 2.10365679734357 1.07390108875211
211351.59 11825.8229800549 11825.8229800549 0.635097543011372 2.10365679734357 1.07390108875211
211352.59 11827.2188409307 11827.2188409307 0.635097543011372 2.10365679734357 1.07390108875211
211353.59 11828.5310973648 11828.5310973648 0.635097543011372 2.10365679734357 1.07390108875211
211354.59 11829.8330188355 11829.8330188355 0.635097543011372 2.10365679734357 1.07390108875211
211355.59 11831.3298192552 11831.3298192552 0.635097543011372 2.10365679734357 1.07390108875211
211356.59 11832.6377148248 11832.6377148248 0.635097543011372 2.10365679734357 1.07390108875211
211357.59 11833.4927590251 11833.4927590251 0.635097543011372 2.10365679734357 1.07390108875211
211358.59 11833.9491518633 11833.9491518633 0.635097543011372 2.10365679734357 1.07390108875211
211359.59 11834.2113513005 11834.2113513005 0.635097543011372 2.10365679734357 1.07390108875211
211360.59 11834.4336140489 11834.4336140489 0.635097543011372 2.10365679734357 1.07390108875211
211361.59 11834.8385157747 11834.8385157747 0.635097543011372 2.10365679734357 1.07390108875211
211362.59 11835.3018642988 11835.3018642988 0.635097543011372 2.10365679734357 1.07390108875211
211363.59 11835.7294204163 11835.7294204163 0.635097543011372 2.10365679734357 1.07390108875211
211364.59 11836.1781428923 11836.1781428923 0.635097543011372 2.10365679734357 1.07390108875211
211365.59 11836.6236062088 11836.6236062088 0.635097543011372 2.10365679734357 1.07390108875211
211366.59 11837.0466698115 11837.0466698115 0.635097543011372 2.10365679734357 1.07390108875211
211367.59 11837.4495290872 11837.4495290872 0.635097543011372 2.10365679734357 1.07390108875211
211368.59 11837.8930165741 11837.8930165741 0.635097543011372 2.10365679734357 1.07390108875211
211369.59 11838.4209520548 11838.4209520548 0.635097543011372 2.10365679734357 1.07390108875211
211370.59 11838.9711021655 11838.9711021655 0.635097543011372 2.10365679734357 1.07390108875211
211371.59 11839.4683235673 11839.4683235673 0.635097543011372 2.10365679734357 1.07390108875211
211372.59 11839.9389150532 11839.9389150532 0.635097543011372 2.10365679734357 1.07390108875211
211373.59 11840.4159798294 11840.4159798294 0.635097543011372 2.10365679734357 1.07390108875211
211374.59 11840.8957932564 11840.8957932564 0.635097543011372 2.10365679734357 1.07390108875211
211375.59 11841.4181780917 11841.4181780917 0.635097543011372 2.10365679734357 1.07390108875211
211376.59 11841.9548626178 11841.9548626178 0.635097543011372 2.10365679734357 1.07390108875211
211377.59 11842.5111019162 11842.5111019162 0.635097543011372 2.10365679734357 1.07390108875211
211378.59 11843.0560768503 11843.0560768503 0.635097543011372 2.10365679734357 1.07390108875211
211379.59 11843.5740119533 11843.5740119533 0.635097543011372 2.10365679734357 1.07390108875211
211380.59 11844.1106166548 11844.1106166548 0.635097543011372 2.10365679734357 1.07390108875211
211381.59 11844.6471252334 11844.6471252334 0.635097543011372 2.10365679734357 1.07390108875211
211382.59 11845.1659280677 11845.1659280677 0.635097543011372 2.10365679734357 1.07390108875211
211383.59 11845.6225874846 11845.6225874846 0.635097543011372 2.10365679734357 1.07390108875211
211384.59 11846.0315971856 11846.0315971856 0.635097543011372 2.10365679734357 1.07390108875211
211385.59 11846.5215768349 11846.5215768349 0.635097543011372 2.10365679734357 1.07390108875211
211386.59 11847.1804510921 11847.1804510921 0.635097543011372 2.10365679734357 1.07390108875211
211387.59 11847.9318073732 11847.9318073732 0.635097543011372 2.10365679734357 1.07390108875211
211388.59 11848.6992576456 11848.6992576456 0.635097543011372 2.10365679734357 1.07390108875211
211389.59 11849.4603889673 11849.4603889673 0.635097543011372 2.10365679734357 1.07390108875211
211390.59 11850.2315039236 11850.2315039236 0.635097543011372 2.10365679734357 1.07390108875211
211391.59 11850.9514527076 11850.9514527076 0.635097543011372 2.10365679734357 1.07390108875211
211392.59 11851.6450232447 11851.6450232447 0.635097543011372 2.10365679734357 1.07390108875211
211393.59 11852.3175115643 11852.3175115643 0.635097543011372 2.10365679734357 1.07390108875211
211394.59 11852.9125939079 11852.9125939079 0.635097543011372 2.10365679734357 1.07390108875211
211395.59 11853.4803832638 11853.4803832638 0.635097543011372 2.10365679734357 1.07390108875211
211396.59 11854.0726343453 11854.0726343453 0.635097543011372 2.10365679734357 1.07390108875211
211397.59 11854.7420844477 11854.7420844477 0.635097543011372 2.10365679734357 1.07390108875211
211398.59 11855.43316919 11855.43316919 0.635097543011372 2.10365679734357 1.07390108875211
211399.59 11856.1241637017 11856.1241637017 0.635097543011372 2.10365679734357 1.07390108875211
211400.59 11856.8478169723 11856.8478169723 0.635097543011372 2.10365679734357 1.07390108875211
211401.59 11857.5684814927 11857.5684814927 0.635097543011372 2.10365679734357 1.07390108875211
211402.59 11858.2366247722 11858.2366247722 0.635097543011372 2.10365679734357 1.07390108875211
211403.59 11858.922309382 11858.922309382 0.635097543011372 2.10365679734357 1.07390108875211
211404.59 11859.6111654964 11859.6111654964 0.635097543011372 2.10365679734357 1.07390108875211
211405.59 11860.2729383385 11860.2729383385 0.635097543011372 2.10365679734357 1.07390108875211
211406.59 11860.943500506 11860.943500506 0.635097543011372 2.10365679734357 1.07390108875211
211407.59 11861.6973322286 11861.6973322286 0.635097543011372 2.10365679734357 1.07390108875211
211408.59 11862.4883488049 11862.4883488049 0.635097543011372 2.10365679734357 1.07390108875211
211409.59 11863.2999714523 11863.2999714523 0.635097543011372 2.10365679734357 1.07390108875211
211410.59 11864.1063910679 11864.1063910679 0.635097543011372 2.10365679734357 1.07390108875211
211411.59 11864.9267060785 11864.9267060785 0.635097543011372 2.10365679734357 1.07390108875211
211412.59 11865.7506484346 11865.7506484346 0.635097543011372 2.10365679734357 1.07390108875211
211413.59 11866.5747211821 11866.5747211821 0.635097543011372 2.10365679734357 1.07390108875211
211414.59 11867.3726738129 11867.3726738129 0.635097543011372 2.10365679734357 1.07390108875211
211415.59 11868.1466622943 11868.1466622943 0.635097543011372 2.10365679734357 1.07390108875211
211416.59 11868.9471667295 11868.9471667295 0.635097543011372 2.10365679734357 1.07390108875211
211417.59 11869.7654133907 11869.7654133907 0.635097543011372 2.10365679734357 1.07390108875211
211418.59 11870.5860892034 11870.5860892034 0.635097543011372 2.10365679734357 1.07390108875211
211419.59 11871.4255842258 11871.4255842258 0.635097543011372 2.10365679734357 1.07390108875211
211420.59 11872.2815796091 11872.2815796091 0.635097543011372 2.10365679734357 1.07390108875211
211421.59 11873.1086652088 11873.1086652088 0.635097543011372 2.10365679734357 1.07390108875211
211422.59 11873.9536744623 11873.9536744623 0.635097543011372 2.10365679734357 1.07390108875211
211423.59 11874.8200549852 11874.8200549852 0.635097543011372 2.10365679734357 1.07390108875211
211424.59 11875.6994963733 11875.6994963733 0.635097543011372 2.10365679734357 1.07390108875211
211425.59 11876.5730906669 11876.5730906669 0.635097543011372 2.10365679734357 1.07390108875211
211426.59 11877.4518650318 11877.4518650318 0.635097543011372 2.10365679734357 1.07390108875211
211427.59 11878.34381165 11878.34381165 0.635097543011372 2.10365679734357 1.07390108875211
211428.59 11879.2478435049 11879.2478435049 0.635097543011372 2.10365679734357 1.07390108875211
211429.59 11880.1712923011 11880.1712923011 0.635097543011372 2.10365679734357 1.07390108875211
211430.59 11881.0961623081 11881.0961623081 0.635097543011372 2.10365679734357 1.07390108875211
211431.59 11882.0345078212 11882.0345078212 0.635097543011372 2.10365679734357 1.07390108875211
211432.59 11882.9601888231 11882.9601888231 0.635097543011372 2.10365679734357 1.07390108875211
211433.59 11883.8796800462 11883.8796800462 0.635097543011372 2.10365679734357 1.07390108875211
211434.59 11884.7719204784 11884.7719204784 0.635097543011372 2.10365679734357 1.07390108875211
211435.59 11885.6443566564 11885.6443566564 0.635097543011372 2.10365679734357 1.07390108875211
211436.59 11886.4915189519 11886.4915189519 0.635097543011372 2.10365679734357 1.07390108875211
211437.59 11887.3216947386 11887.3216947386 0.635097543011372 2.10365679734357 1.07390108875211
211438.59 11888.1359623504 11888.1359623504 0.635097543011372 2.10365679734357 1.07390108875211
211439.59 11888.9397814283 11888.9397814283 0.635097543011372 2.10365679734357 1.07390108875211
211440.59 11889.7820692371 11889.7820692371 0.635097543011372 2.10365679734357 1.07390108875211
211441.59 11890.6986812821 11890.6986812821 0.635097543011372 2.10365679734357 1.07390108875211
211442.59 11891.7521008524 11891.7521008524 0.635097543011372 2.10365679734357 1.07390108875211
211443.59 11892.9253891219 11892.9253891219 0.635097543011372 2.10365679734357 1.07390108875211
211444.59 11894.1256617773 11894.1256617773 0.635097543011372 2.10365679734357 1.07390108875211
211445.59 11895.2913489276 11895.2913489276 0.635097543011372 2.10365679734357 1.07390108875211
211446.59 11896.4264788313 11896.4264788313 0.635097543011372 2.10365679734357 1.07390108875211
211447.59 11897.5380783973 11897.5380783973 0.635097543011372 2.10365679734357 1.07390108875211
211448.59 11898.6465371571 11898.6465371571 0.635097543011372 2.10365679734357 1.07390108875211
211449.59 11899.6704182491 11899.6704182491 0.635097543011372 2.10365679734357 1.07390108875211
211450.59 11900.6692982312 11900.6692982312 0.635097543011372 2.10365679734357 1.07390108875211
211451.59 11901.6318348491 11901.6318348491 0.635097543011372 2.10365679734357 1.07390108875211
211452.59 11902.6000354487 11902.6000354487 0.635097543011372 2.10365679734357 1.07390108875211
211453.59 11903.6101443832 11903.6101443832 0.635097543011372 2.10365679734357 1.07390108875211
211454.59 11904.675818968 11904.675818968 0.635097543011372 2.10365679734357 1.07390108875211
211455.59 11905.7941894172 11905.7941894172 0.635097543011372 2.10365679734357 1.07390108875211
211456.59 11906.9688334419 11906.9688334419 0.635097543011372 2.10365679734357 1.07390108875211
211457.59 11908.1873232995 11908.1873232995 0.635097543011372 2.10365679734357 1.07390108875211
211458.59 11909.4482320115 11909.4482320115 0.635097543011372 2.10365679734357 1.07390108875211
211459.59 11910.6498558198 11910.6498558198 0.635097543011372 2.10365679734357 1.07390108875211
211460.59 11911.8452566144 11911.8452566144 0.635097543011372 2.10365679734357 1.07390108875211
211461.59 11913.0166796575 11913.0166796575 0.635097543011372 2.10365679734357 1.07390108875211
211462.59 11914.1190588574 11914.1190588574 0.635097543011372 2.10365679734357 1.07390108875211
211463.59 11915.1287852021 11915.1287852021 0.635097543011372 2.10365679734357 1.07390108875211
211464.59 11916.0100378668 11916.0100378668 0.635097543011372 2.10365679734357 1.07390108875211
211465.59 11916.7921318426 11916.7921318426 0.635097543011372 2.10365679734357 1.07390108875211
211466.59 11917.5155442249 11917.5155442249 0.635097543011372 2.10365679734357 1.07390108875211
211467.59 11918.2520465673 11918.2520465673 0.635097543011372 2.10365679734357 1.07390108875211
211468.59 11918.9718287706 11918.9718287706 0.635097543011372 2.10365679734357 1.07390108875211
211469.59 11919.5551324937 11919.5551324937 0.635097543011372 2.10365679734357 1.07390108875211
211470.59 11919.9996867924 11919.9996867924 0.635097543011372 2.10365679734357 1.07390108875211
211471.59 11920.323852936 11920.323852936 0.635097543011372 2.10365679734357 1.07390108875211
211472.59 11920.4991741589 11920.4991741589 0.635097543011372 2.10365679734357 1.07390108875211
211473.59 11920.5256332394 11920.5256332394 0.635097543011372 2.10365679734357 1.07390108875211
211474.59 11920.5280144511 11920.5280144511 0.635097543011372 2.10365679734357 1.07390108875211
211475.59 11920.5295752062 11920.5295752062 0.635097543011372 2.10365679734357 1.07390108875211
211476.59 11920.5319564198 11920.5319564198 0.635097543011372 2.10365679734357 1.07390108875211
211477.59 11920.5339674832 11920.5339674832 0.635097543011372 2.10365679734357 1.07390108875211
211478.59 11920.5347077834 11920.5347077834 0.635097543011372 2.10365679734357 1.07390108875211
211479.59 11920.5362685394 11920.5362685394 0.635097543011372 2.10365679734357 1.07390108875211
211480.59 11920.5370088386 11920.5370088386 0.635097543011372 2.10365679734357 1.07390108875211
211481.59 11920.5373789905 11920.5373789905 0.635097543011372 2.10365679734357 1.07390108875211
211482.59 11920.5377491405 11920.5377491405 0.635097543011372 2.10365679734357 1.07390108875211
211483.59 11920.5381192906 11920.5381192906 0.635097543011372 2.10365679734357 1.07390108875211
211484.59 11920.5384894409 11920.5384894409 0.635097543011372 2.10365679734357 1.07390108875211
211485.59 11920.5388595917 11920.5388595917 0.635097543011372 2.10365679734357 1.07390108875211
211486.59 11920.5392297444 11920.5392297444 0.635097543011372 2.10365679734357 1.07390108875211
211487.59 11920.5387794372 11920.5387794372 0.635097543011372 2.10365679734357 1.07390108875211
211488.59 11920.5387794372 11920.5387794372 0.635097543011372 2.10365679734357 1.07390108875211
211489.59 11920.5383291301 11920.5383291301 0.635097543011372 2.10365679734357 1.07390108875211
211490.59 11920.5378788231 11920.5378788231 0.635097543011372 2.10365679734357 1.07390108875211
211491.59 11920.5378788231 11920.5378788231 0.635097543011372 2.10365679734357 1.07390108875211
211492.59 11920.5370583629 11920.5370583629 0.635097543011372 2.10365679734357 1.07390108875211
211493.59 11920.5370583629 11920.5370583629 0.635097543011372 2.10365679734357 1.07390108875211
211494.59 11920.5357875979 11920.5357875979 0.635097543011372 2.10365679734357 1.07390108875211
211495.59 11920.5357875979 11920.5357875979 0.635097543011372 2.10365679734357 1.07390108875211
211496.59 11920.5354174469 11920.5354174469 0.635097543011372 2.10365679734357 1.07390108875211
211497.59 11920.5433203696 11920.5433203696 0.635097543011372 2.10365679734357 1.07390108875211
211498.59 11920.627798886 11920.627798886 0.635097543011372 2.10365679734357 1.07390108875211
211499.59 11920.9482639919 11920.9482639919 0.635097543011372 2.10365679734357 1.07390108875211
211500.59 11921.4546975775 11921.4546975775 0.635097543011372 2.10365679734357 1.07390108875211
211501.59 11921.9816511074 11921.9816511074 0.635097543011372 2.10365679734357 1.07390108875211
211502.59 11922.5943182149 11922.5943182149 0.635097543011372 2.10365679734357 1.07390108875211
211503.59 11923.3704650639 11923.3704650639 0.635097543011372 2.10365679734357 1.07390108875211
211504.59 11924.3260596506 11924.3260596506 0.635097543011372 2.10365679734357 1.07390108875211
211505.59 11925.4888585627 11925.4888585627 0.635097543011372 2.10365679734357 1.07390108875211
211506.59 11926.9510076926 11926.9510076926 0.635097543011372 2.10365679734357 1.07390108875211
211507.59 11928.6650931633 11928.6650931633 0.635097543011372 2.10365679734357 1.07390108875211
211508.59 11930.6912202967 11930.6912202967 0.635097543011372 2.10365679734357 1.07390108875211
211509.59 11933.0036079974 11933.0036079974 0.635097543011372 2.10365679734357 1.07390108875211
211510.59 11935.4744105488 11935.4744105488 0.635097543011372 2.10365679734357 1.07390108875211
211511.59 11937.9906997943 11937.9906997943 0.635097543011372 2.10365679734357 1.07390108875211
211512.59 11940.5342126046 11940.5342126046 0.635097543011372 2.10365679734357 1.07390108875211
211513.59 11943.1215326556 11943.1215326556 0.635097543011372 2.10365679734357 1.07390108875211
211514.59 11945.7045695277 11945.7045695277 0.635097543011372 2.10365679734357 1.07390108875211
211515.59 11948.334783277 11948.334783277 0.635097543011372 2.10365679734357 1.07390108875211
211516.59 11951.1108441837 11951.1108441837 0.635097543011372 2.10365679734357 1.07390108875211
211517.59 11954.0228501966 11954.0228501966 0.635097543011372 2.10365679734357 1.07390108875211
211518.59 11957.0345761471 11957.0345761471 0.635097543011372 2.10365679734357 1.07390108875211
211519.59 11960.1029328629 11960.1029328629 0.635097543011372 2.10365679734357 1.07390108875211
211520.59 11963.2384289777 11963.2384289777 0.635097543011372 2.10365679734357 1.07390108875211
211521.59 11966.4655915893 11966.4655915893 0.635097543011372 2.10365679734357 1.07390108875211
211522.59 11969.7863062405 11969.7863062405 0.635097543011372 2.10365679734357 1.07390108875211
211523.59 11973.1849344438 11973.1849344438 0.635097543011372 2.10365679734357 1.07390108875211
211524.59 11976.6393044548 11976.6393044548 0.635097543011372 2.10365679734357 1.07390108875211
211525.59 11980.1690245379 11980.1690245379 0.635097543011372 2.10365679734357 1.07390108875211
211526.59 11983.7626279233 11983.7626279233 0.635097543011372 2.10365679734357 1.07390108875211
211527.59 11987.4043151275 11987.4043151275 0.635097543011372 2.10365679734357 1.07390108875211
211528.59 11991.074056102 11991.074056102 0.635097543011372 2.10365679734357 1.07390108875211
211529.59 11994.8146183877 11994.8146183877 0.635097543011372 2.10365679734357 1.07390108875211
211530.59 11998.6287082493 11998.6287082493 0.635097543011372 2.10365679734357 1.07390108875211
211531.59 12002.4959749666 12002.4959749666 0.635097543011372 2.10365679734357 1.07390108875211
211532.59 12006.3807381775 12006.3807381775 0.635097543011372 2.10365679734357 1.07390108875211
211533.59 12010.2874076666 12010.2874076666 0.635097543011372 2.10365679734357 1.07390108875211
211534.59 12014.2425791595 12014.2425791595 0.635097543011372 2.10365679734357 1.07390108875211
211535.59 12018.2552884401 12018.2552884401 0.635097543011372 2.10365679734357 1.07390108875211
211536.59 12022.3440970561 12022.3440970561 0.635097543011372 2.10365679734357 1.07390108875211
211537.59 12026.5352219469 12026.5352219469 0.635097543011372 2.10365679734357 1.07390108875211
211538.59 12030.8346255161 12030.8346255161 0.635097543011372 2.10365679734357 1.07390108875211
211539.59 12035.1946732583 12035.1946732583 0.635097543011372 2.10365679734357 1.07390108875211
211540.59 12039.618592046 12039.618592046 0.635097543011372 2.10365679734357 1.07390108875211
211541.59 12044.1264293071 12044.1264293071 0.635097543011372 2.10365679734357 1.07390108875211
211542.59 12048.7326489805 12048.7326489805 0.635097543011372 2.10365679734357 1.07390108875211
211543.59 12053.3592418821 12053.3592418821 0.635097543011372 2.10365679734357 1.07390108875211
211544.59 12058.0387702906 12058.0387702906 0.635097543011372 2.10365679734357 1.07390108875211
211545.59 12062.7897104991 12062.7897104991 0.635097543011372 2.10365679734357 1.07390108875211
211546.59 12067.5770556114 12067.5770556114 0.635097543011372 2.10365679734357 1.07390108875211
211547.59 12072.3780663073 12072.3780663073 0.635097543011372 2.10365679734357 1.07390108875211
211548.59 12077.2195624615 12077.2195624615 0.635097543011372 2.10365679734357 1.07390108875211
211549.59 12082.0215412198 12082.0215412198 0.635097543011372 2.10365679734357 1.07390108875211
211550.59 12086.8260028539 12086.8260028539 0.635097543011372 2.10365679734357 1.07390108875211
211551.59 12091.6292497416 12091.6292497416 0.635097543011372 2.10365679734357 1.07390108875211
211552.59 12096.454272091 12096.454272091 0.635097543011372 2.10365679734357 1.07390108875211
211553.59 12101.3475595238 12101.3475595238 0.635097543011372 2.10365679734357 1.07390108875211
211554.59 12106.3182582205 12106.3182582205 0.635097543011372 2.10365679734357 1.07390108875211
211555.59 12111.253105916 12111.253105916 0.635097543011372 2.10365679734357 1.07390108875211
211556.59 12116.0593601535 12116.0593601535 0.635097543011372 2.10365679734357 1.07390108875211
211557.59 12120.7936114851 12120.7936114851 0.635097543011372 2.10365679734357 1.07390108875211
211558.59 12125.63990869 12125.63990869 0.635097543011372 2.10365679734357 1.07390108875211
211559.59 12130.5354789986 12130.5354789986 0.635097543011372 2.10365679734357 1.07390108875211
211560.59 12135.3163706676 12135.3163706676 0.635097543011372 2.10365679734357 1.07390108875211
211561.59 12140.0340919003 12140.0340919003 0.635097543011372 2.10365679734357 1.07390108875211
211562.59 12144.6526789932 12144.6526789932 0.635097543011372 2.10365679734357 1.07390108875211
211563.59 12149.1527271028 12149.1527271028 0.635097543011372 2.10365679734357 1.07390108875211
211564.59 12153.5079799892 12153.5079799892 0.635097543011372 2.10365679734357 1.07390108875211
211565.59 12157.7241157493 12157.7241157493 0.635097543011372 2.10365679734357 1.07390108875211
211566.59 12161.8898964789 12161.8898964789 0.635097543011372 2.10365679734357 1.07390108875211
211567.59 12165.9125519047 12165.9125519047 0.635097543011372 2.10365679734357 1.07390108875211
211568.59 12169.8160356923 12169.8160356923 0.635097543011372 2.10365679734357 1.07390108875211
211569.59 12173.658708916 12173.658708916 0.635097543011372 2.10365679734357 1.07390108875211
211570.59 12177.6964603361 12177.6964603361 0.635097543011372 2.10365679734357 1.07390108875211
211571.59 12182.0913609053 12182.0913609053 0.635097543011372 2.10365679734357 1.07390108875211
211572.59 12186.8416849319 12186.8416849319 0.635097543011372 2.10365679734357 1.07390108875211
211573.59 12191.8556003736 12191.8556003736 0.635097543011372 2.10365679734357 1.07390108875211
211574.59 12197.0638743595 12197.0638743595 0.635097543011372 2.10365679734357 1.07390108875211
211575.59 12202.4416537445 12202.4416537445 0.635097543011372 2.10365679734357 1.07390108875211
211576.59 12207.8905721881 12207.8905721881 0.635097543011372 2.10365679734357 1.07390108875211
211577.59 12213.4021997154 12213.4021997154 0.635097543011372 2.10365679734357 1.07390108875211
211578.59 12218.9690185817 12218.9690185817 0.635097543011372 2.10365679734357 1.07390108875211
211579.59 12224.5931430596 12224.5931430596 0.635097543011372 2.10365679734357 1.07390108875211
211580.59 12230.2583675521 12230.2583675521 0.635097543011372 2.10365679734357 1.07390108875211
211581.59 12235.9916024141 12235.9916024141 0.635097543011372 2.10365679734357 1.07390108875211
211582.59 12241.685994033 12241.685994033 0.635097543011372 2.10365679734357 1.07390108875211
211583.59 12247.2868754469 12247.2868754469 0.635097543011372 2.10365679734357 1.07390108875211
211584.59 12252.8235761562 12252.8235761562 0.635097543011372 2.10365679734357 1.07390108875211
211585.59 12258.3482311358 12258.3482311358 0.635097543011372 2.10365679734357 1.07390108875211
211586.59 12263.9803838125 12263.9803838125 0.635097543011372 2.10365679734357 1.07390108875211
211587.59 12269.6895978839 12269.6895978839 0.635097543011372 2.10365679734357 1.07390108875211
211588.59 12275.4450788232 12275.4450788232 0.635097543011372 2.10365679734357 1.07390108875211
211589.59 12281.247981903 12281.247981903 0.635097543011372 2.10365679734357 1.07390108875211
211590.59 12287.0909038226 12287.0909038226 0.635097543011372 2.10365679734357 1.07390108875211
211591.59 12292.924163318 12292.924163318 0.635097543011372 2.10365679734357 1.07390108875211
211592.59 12298.7866263269 12298.7866263269 0.635097543011372 2.10365679734357 1.07390108875211
211593.59 12304.6552344872 12304.6552344872 0.635097543011372 2.10365679734357 1.07390108875211
211594.59 12310.4974834842 12310.4974834842 0.635097543011372 2.10365679734357 1.07390108875211
211595.59 12316.3296550949 12316.3296550949 0.635097543011372 2.10365679734357 1.07390108875211
211596.59 12322.0153282433 12322.0153282433 0.635097543011372 2.10365679734357 1.07390108875211
211597.59 12327.4920161566 12327.4920161566 0.635097543011372 2.10365679734357 1.07390108875211
211598.59 12332.7529612746 12332.7529612746 0.635097543011372 2.10365679734357 1.07390108875211
211599.59 12337.7343845893 12337.7343845893 0.635097543011372 2.10365679734357 1.07390108875211
211600.59 12342.6376649897 12342.6376649897 0.635097543011372 2.10365679734357 1.07390108875211
211601.59 12347.4811677091 12347.4811677091 0.635097543011372 2.10365679734357 1.07390108875211
211602.59 12352.2294147162 12352.2294147162 0.635097543011372 2.10365679734357 1.07390108875211
211603.59 12356.964666254 12356.964666254 0.635097543011372 2.10365679734357 1.07390108875211
211604.59 12361.7377211542 12361.7377211542 0.635097543011372 2.10365679734357 1.07390108875211
211605.59 12366.5280300333 12366.5280300333 0.635097543011372 2.10365679734357 1.07390108875211
211606.59 12371.331064865 12371.331064865 0.635097543011372 2.10365679734357 1.07390108875211
211607.59 12375.9885250107 12375.9885250107 0.635097543011372 2.10365679734357 1.07390108875211
211608.59 12380.3638669869 12380.3638669869 0.635097543011372 2.10365679734357 1.07390108875211
211609.59 12384.2394148505 12384.2394148505 0.635097543011372 2.10365679734357 1.07390108875211
211610.59 12387.8927902889 12387.8927902889 0.635097543011372 2.10365679734357 1.07390108875211
211611.59 12391.6792156084 12391.6792156084 0.635097543011372 2.10365679734357 1.07390108875211
211612.59 12395.61149631 12395.61149631 0.635097543011372 2.10365679734357 1.07390108875211
211613.59 12399.6489037208 12399.6489037208 0.635097543011372 2.10365679734357 1.07390108875211
211614.59 12403.8044537999 12403.8044537999 0.635097543011372 2.10365679734357 1.07390108875211
211615.59 12408.1783103031 12408.1783103031 0.635097543011372 2.10365679734357 1.07390108875211
211616.59 12412.854562747 12412.854562747 0.635097543011372 2.10365679734357 1.07390108875211
211617.59 12417.8297272716 12417.8297272716 0.635097543011372 2.10365679734357 1.07390108875211
211618.59 12422.9661434982 12422.9661434982 0.635097543011372 2.10365679734357 1.07390108875211
211619.59 12428.2456309176 12428.2456309176 0.635097543011372 2.10365679734357 1.07390108875211
211620.59 12433.6793678694 12433.6793678694 0.635097543011372 2.10365679734357 1.07390108875211
211621.59 12439.199574602 12439.199574602 0.635097543011372 2.10365679734357 1.07390108875211
211622.59 12444.7955745335 12444.7955745335 0.635097543011372 2.10365679734357 1.07390108875211
211623.59 12450.4798443327 12450.4798443327 0.635097543011372 2.10365679734357 1.07390108875211
211624.59 12456.2111107482 12456.2111107482 0.635097543011372 2.10365679734357 1.07390108875211
211625.59 12461.9867575893 12461.9867575893 0.635097543011372 2.10365679734357 1.07390108875211
211626.59 12467.7234698444 12467.7234698444 0.635097543011372 2.10365679734357 1.07390108875211
211627.59 12473.5479660632 12473.5479660632 0.635097543011372 2.10365679734357 1.07390108875211
211628.59 12479.3732227637 12479.3732227637 0.635097543011372 2.10365679734357 1.07390108875211
211629.59 12484.9589241467 12484.9589241467 0.635097543011372 2.10365679734357 1.07390108875211
211630.59 12490.1013737169 12490.1013737169 0.635097543011372 2.10365679734357 1.07390108875211
211631.59 12494.6370781473 12494.6370781473 0.635097543011372 2.10365679734357 1.07390108875211
211632.59 12498.3085866503 12498.3085866503 0.635097543011372 2.10365679734357 1.07390108875211
211633.59 12501.4527534295 12501.4527534295 0.635097543011372 2.10365679734357 1.07390108875211
211634.59 12504.06245959 12504.06245959 0.635097543011372 2.10365679734357 1.07390108875211
211635.59 12505.9528050081 12505.9528050081 0.635097543011372 2.10365679734357 1.07390108875211
211636.59 12507.0598765229 12507.0598765229 0.635097543011372 2.10365679734357 1.07390108875211
211637.59 12507.648486849 12507.648486849 0.635097543011372 2.10365679734357 1.07390108875211
211638.59 12507.8656177005 12507.8656177005 0.635097543011372 2.10365679734357 1.07390108875211
211639.59 12507.8832368669 12507.8832368669 0.635097543011372 2.10365679734357 1.07390108875211
211640.59 12507.88567326 12507.88567326 0.635097543011372 2.10365679734357 1.07390108875211
211641.59 12507.8884710557 12507.8884710557 0.635097543011372 2.10365679734357 1.07390108875211
211642.59 12507.8904201754 12507.8904201754 0.635097543011372 2.10365679734357 1.07390108875211
211643.59 12507.8927306936 12507.8927306936 0.635097543011372 2.10365679734357 1.07390108875211
211644.59 12507.8941925371 12507.8941925371 0.635097543011372 2.10365679734357 1.07390108875211
211645.59 12507.8965030605 12507.8965030605 0.635097543011372 2.10365679734357 1.07390108875211
211646.59 12507.8979649042 12507.8979649042 0.635097543011372 2.10365679734357 1.07390108875211
211647.59 12507.8989394698 12507.8989394698 0.635097543011372 2.10365679734357 1.07390108875211
211648.59 12507.9011241094 12507.9011241094 0.635097543011372 2.10365679734357 1.07390108875211
211649.59 12507.9020986758 12507.9020986758 0.635097543011372 2.10365679734357 1.07390108875211
211650.59 12507.9025859581 12507.9025859581 0.635097543011372 2.10365679734357 1.07390108875211
211651.59 12507.9030732406 12507.9030732406 0.635097543011372 2.10365679734357 1.07390108875211
211652.59 12507.9047706008 12507.9047706008 0.635097543011372 2.10365679734357 1.07390108875211
211653.59 12507.9044092044 12507.9044092044 0.635097543011372 2.10365679734357 1.07390108875211
211654.59 12507.9052578835 12507.9052578835 0.635097543011372 2.10365679734357 1.07390108875211
211655.59 12507.9052578835 12507.9052578835 0.635097543011372 2.10365679734357 1.07390108875211
211656.59 12507.9052578835 12507.9052578835 0.635097543011372 2.10365679734357 1.07390108875211
211657.59 12507.9056192798 12507.9056192798 0.635097543011372 2.10365679734357 1.07390108875211
211658.59 12507.9056192798 12507.9056192798 0.635097543011372 2.10365679734357 1.07390108875211
211659.59 12507.9051319973 12507.9051319973 0.635097543011372 2.10365679734357 1.07390108875211
211660.59 12507.9054933939 12507.9054933939 0.635097543011372 2.10365679734357 1.07390108875211
211661.59 12507.9046447149 12507.9046447149 0.635097543011372 2.10365679734357 1.07390108875211
211662.59 12507.9041574305 12507.9041574305 0.635097543011372 2.10365679734357 1.07390108875211
211663.59 12507.9036701483 12507.9036701483 0.635097543011372 2.10365679734357 1.07390108875211
211664.59 12507.9031828664 12507.9031828664 0.635097543011372 2.10365679734357 1.07390108875211
211665.59 12507.9026955845 12507.9026955845 0.635097543011372 2.10365679734357 1.07390108875211
211666.59 12507.9022083005 12507.9022083005 0.635097543011372 2.10365679734357 1.07390108875211
211667.59 12507.9017210189 12507.9017210189 0.635097543011372 2.10365679734357 1.07390108875211
211668.59 12507.9012337375 12507.9012337375 0.635097543011372 2.10365679734357 1.07390108875211
211669.59 12507.9007464562 12507.9007464562 0.635097543011372 2.10365679734357 1.07390108875211
211670.59 12507.9002591749 12507.9002591749 0.635097543011372 2.10365679734357 1.07390108875211
211671.59 12507.8997718918 12507.8997718918 0.635097543011372 2.10365679734357 1.07390108875211
211672.59 12507.8989232131 12507.8989232131 0.635097543011372 2.10365679734357 1.07390108875211
211673.59 12507.8992846109 12507.8992846109 0.635097543011372 2.10365679734357 1.07390108875211
211674.59 12507.8987973303 12507.8987973303 0.635097543011372 2.10365679734357 1.07390108875211
211675.59 12507.8979486517 12507.8979486517 0.635097543011372 2.10365679734357 1.07390108875211
211676.59 12507.8974613688 12507.8974613688 0.635097543011372 2.10365679734357 1.07390108875211
211677.59 12507.8966126902 12507.8966126902 0.635097543011372 2.10365679734357 1.07390108875211
211678.59 12507.8969740884 12507.8969740884 0.635097543011372 2.10365679734357 1.07390108875211
211679.59 12507.8961254099 12507.8961254099 0.635097543011372 2.10365679734357 1.07390108875211
211680.59 12507.8952767313 12507.8952767313 0.635097543011372 2.10365679734357 1.07390108875211
211681.59 12507.8952767313 12507.8952767313 0.635097543011372 2.10365679734357 1.07390108875211
211682.59 12507.8947894512 12507.8947894512 0.635097543011372 2.10365679734357 1.07390108875211
211683.59 12507.8947894512 12507.8947894512 0.635097543011372 2.10365679734357 1.07390108875211
211684.59 12507.8947894512 12507.8947894512 0.635097543011372 2.10365679734357 1.07390108875211
211685.59 12507.8939407705 12507.8939407705 0.635097543011372 2.10365679734357 1.07390108875211
211686.59 12507.8939407705 12507.8939407705 0.635097543011372 2.10365679734357 1.07390108875211
211687.59 12507.894302169 12507.894302169 0.635097543011372 2.10365679734357 1.07390108875211
211688.59 12507.894302169 12507.894302169 0.635097543011372 2.10365679734357 1.07390108875211
211689.59 12507.894302169 12507.894302169 0.635097543011372 2.10365679734357 1.07390108875211
211690.59 12507.8939407705 12507.8939407705 0.635097543011372 2.10365679734357 1.07390108875211
211691.59 12507.8939407705 12507.8939407705 0.635097543011372 2.10365679734357 1.07390108875211
211692.59 12507.893092092 12507.893092092 0.635097543011372 2.10365679734357 1.07390108875211
211693.59 12507.893092092 12507.893092092 0.635097543011372 2.10365679734357 1.07390108875211
211694.59 12507.8939407705 12507.8939407705 0.635097543011372 2.10365679734357 1.07390108875211
211695.59 12507.8939407705 12507.8939407705 0.635097543011372 2.10365679734357 1.07390108875211
211696.59 12507.8935793721 12507.8935793721 0.635097543011372 2.10365679734357 1.07390108875211
211697.59 12507.8935793721 12507.8935793721 0.635097543011372 2.10365679734357 1.07390108875211
211698.59 12507.8935793721 12507.8935793721 0.635097543011372 2.10365679734357 1.07390108875211
211699.59 12507.8935793721 12507.8935793721 0.635097543011372 2.10365679734357 1.07390108875211
211700.59 12507.8935793721 12507.8935793721 0.635097543011372 2.10365679734357 1.07390108875211
211701.59 12507.8932179738 12507.8932179738 0.635097543011372 2.10365679734357 1.07390108875211
211702.59 12507.8932179738 12507.8932179738 0.635097543011372 2.10365679734357 1.07390108875211
211703.59 12507.8940666545 12507.8940666545 0.635097543011372 2.10365679734357 1.07390108875211
211704.59 12507.8940666545 12507.8940666545 0.635097543011372 2.10365679734357 1.07390108875211
211705.59 12507.8949153331 12507.8949153331 0.635097543011372 2.10365679734357 1.07390108875211
211706.59 12507.8945539351 12507.8945539351 0.635097543011372 2.10365679734357 1.07390108875211
211707.59 12507.8957640116 12507.8957640116 0.635097543011372 2.10365679734357 1.07390108875211
211708.59 12507.8954026137 12507.8954026137 0.635097543011372 2.10365679734357 1.07390108875211
211709.59 12507.8954026137 12507.8954026137 0.635097543011372 2.10365679734357 1.07390108875211
211710.59 12507.8954026137 12507.8954026137 0.635097543011372 2.10365679734357 1.07390108875211
211711.59 12507.8962512923 12507.8962512923 0.635097543011372 2.10365679734357 1.07390108875211
211712.59 12507.8962512923 12507.8962512923 0.635097543011372 2.10365679734357 1.07390108875211
211713.59 12507.8962512923 12507.8962512923 0.635097543011372 2.10365679734357 1.07390108875211
211714.59 12507.8962512923 12507.8962512923 0.635097543011372 2.10365679734357 1.07390108875211
211715.59 12507.8970999709 12507.8970999709 0.635097543011372 2.10365679734357 1.07390108875211
211716.59 12507.8967385729 12507.8967385729 0.635097543011372 2.10365679734357 1.07390108875211
211717.59 12507.8967385729 12507.8967385729 0.635097543011372 2.10365679734357 1.07390108875211
211718.59 12507.8967385729 12507.8967385729 0.635097543011372 2.10365679734357 1.07390108875211
211719.59 12507.896377175 12507.896377175 0.635097543011372 2.10365679734357 1.07390108875211
211720.59 12507.896377175 12507.896377175 0.635097543011372 2.10365679734357 1.07390108875211
211721.59 12507.896377175 12507.896377175 0.635097543011372 2.10365679734357 1.07390108875211
211722.59 12507.8960157772 12507.8960157772 0.635097543011372 2.10365679734357 1.07390108875211
211723.59 12507.8960157772 12507.8960157772 0.635097543011372 2.10365679734357 1.07390108875211
211724.59 12507.8960157772 12507.8960157772 0.635097543011372 2.10365679734357 1.07390108875211
211725.59 12507.8960157772 12507.8960157772 0.635097543011372 2.10365679734357 1.07390108875211
211726.59 12507.8965030605 12507.8965030605 0.635097543011372 2.10365679734357 1.07390108875211
211727.59 12508.1512704736 12508.1512704736 0.635097543011372 2.10365679734357 1.07390108875211
211728.59 12509.170456342 12509.170456342 0.635097543011372 2.10365679734357 1.07390108875211
211729.59 12510.8348450006 12510.8348450006 0.635097543011372 2.10365679734357 1.07390108875211
211730.59 12512.9979631384 12512.9979631384 0.635097543011372 2.10365679734357 1.07390108875211
211731.59 12515.6040570935 12515.6040570935 0.635097543011372 2.10365679734357 1.07390108875211
211732.59 12518.5726868061 12518.5726868061 0.635097543011372 2.10365679734357 1.07390108875211
211733.59 12521.7741262154 12521.7741262154 0.635097543011372 2.10365679734357 1.07390108875211
211734.59 12525.2022105836 12525.2022105836 0.635097543011372 2.10365679734357 1.07390108875211
211735.59 12528.8277621556 12528.8277621556 0.635097543011372 2.10365679734357 1.07390108875211
211736.59 12532.6093608903 12532.6093608903 0.635097543011372 2.10365679734357 1.07390108875211
211737.59 12536.4915301864 12536.4915301864 0.635097543011372 2.10365679734357 1.07390108875211
211738.59 12540.4012554861 12540.4012554861 0.635097543011372 2.10365679734357 1.07390108875211
211739.59 12544.3640692865 12544.3640692865 0.635097543011372 2.10365679734357 1.07390108875211
211740.59 12548.4142157048 12548.4142157048 0.635097543011372 2.10365679734357 1.07390108875211
211741.59 12552.5353451009 12552.5353451009 0.635097543011372 2.10365679734357 1.07390108875211
211742.59 12556.6140795046 12556.6140795046 0.635097543011372 2.10365679734357 1.07390108875211
211743.59 12560.6862587559 12560.6862587559 0.635097543011372 2.10365679734357 1.07390108875211
211744.59 12564.6790347789 12564.6790347789 0.635097543011372 2.10365679734357 1.07390108875211
211745.59 12568.6059628065 12568.6059628065 0.635097543011372 2.10365679734357 1.07390108875211
211746.59 12572.4827066943 12572.4827066943 0.635097543011372 2.10365679734357 1.07390108875211
211747.59 12576.3592866637 12576.3592866637 0.635097543011372 2.10365679734357 1.07390108875211
211748.59 12580.2145994846 12580.2145994846 0.635097543011372 2.10365679734357 1.07390108875211
211749.59 12584.0453649903 12584.0453649903 0.635097543011372 2.10365679734357 1.07390108875211
211750.59 12587.8439512978 12587.8439512978 0.635097543011372 2.10365679734357 1.07390108875211
211751.59 12591.6108217161 12591.6108217161 0.635097543011372 2.10365679734357 1.07390108875211
211752.59 12595.336900828 12595.336900828 0.635097543011372 2.10365679734357 1.07390108875211
211753.59 12599.0532906924 12599.0532906924 0.635097543011372 2.10365679734357 1.07390108875211
211754.59 12602.7779619294 12602.7779619294 0.635097543011372 2.10365679734357 1.07390108875211
211755.59 12606.4651344356 12606.4651344356 0.635097543011372 2.10365679734357 1.07390108875211
211756.59 12610.0321555732 12610.0321555732 0.635097543011372 2.10365679734357 1.07390108875211
211757.59 12613.4707940972 12613.4707940972 0.635097543011372 2.10365679734357 1.07390108875211
211758.59 12616.8605896589 12616.8605896589 0.635097543011372 2.10365679734357 1.07390108875211
211759.59 12620.1721645046 12620.1721645046 0.635097543011372 2.10365679734357 1.07390108875211
211760.59 12623.370291045 12623.370291045 0.635097543011372 2.10365679734357 1.07390108875211
211761.59 12626.4692635884 12626.4692635884 0.635097543011372 2.10365679734357 1.07390108875211
211762.59 12629.5185342884 12629.5185342884 0.635097543011372 2.10365679734357 1.07390108875211
211763.59 12632.5334849903 12632.5334849903 0.635097543011372 2.10365679734357 1.07390108875211
211764.59 12635.4709920826 12635.4709920826 0.635097543011372 2.10365679734357 1.07390108875211
211765.59 12638.3825696839 12638.3825696839 0.635097543011372 2.10365679734357 1.07390108875211
211766.59 12641.4087461814 12641.4087461814 0.635097543011372 2.10365679734357 1.07390108875211
211767.59 12644.4984150943 12644.4984150943 0.635097543011372 2.10365679734357 1.07390108875211
211768.59 12647.5825309446 12647.5825309446 0.635097543011372 2.10365679734357 1.07390108875211
211769.59 12650.6037731661 12650.6037731661 0.635097543011372 2.10365679734357 1.07390108875211
211770.59 12653.5518309716 12653.5518309716 0.635097543011372 2.10365679734357 1.07390108875211
211771.59 12656.4750150485 12656.4750150485 0.635097543011372 2.10365679734357 1.07390108875211
211772.59 12659.4185313511 12659.4185313511 0.635097543011372 2.10365679734357 1.07390108875211
211773.59 12662.3741207473 12662.3741207473 0.635097543011372 2.10365679734357 1.07390108875211
211774.59 12665.3238246851 12665.3238246851 0.635097543011372 2.10365679734357 1.07390108875211
211775.59 12668.2493004117 12668.2493004117 0.635097543011372 2.10365679734357 1.07390108875211
211776.59 12671.1330256892 12671.1330256892 0.635097543011372 2.10365679734357 1.07390108875211
211777.59 12674.0224399721 12674.0224399721 0.635097543011372 2.10365679734357 1.07390108875211
211778.59 12676.9060211496 12676.9060211496 0.635097543011372 2.10365679734357 1.07390108875211
211779.59 12679.6929993982 12679.6929993982 0.635097543011372 2.10365679734357 1.07390108875211
211780.59 12682.4510505522 12682.4510505522 0.635097543011372 2.10365679734357 1.07390108875211
211781.59 12685.2306603811 12685.2306603811 0.635097543011372 2.10365679734357 1.07390108875211
211782.59 12688.042454075 12688.042454075 0.635097543011372 2.10365679734357 1.07390108875211
211783.59 12690.8586242896 12690.8586242896 0.635097543011372 2.10365679734357 1.07390108875211
211784.59 12693.6876697764 12693.6876697764 0.635097543011372 2.10365679734357 1.07390108875211
211785.59 12696.5236700101 12696.5236700101 0.635097543011372 2.10365679734357 1.07390108875211
211786.59 12699.3924278681 12699.3924278681 0.635097543011372 2.10365679734357 1.07390108875211
211787.59 12702.3358447407 12702.3358447407 0.635097543011372 2.10365679734357 1.07390108875211
211788.59 12705.3697637457 12705.3697637457 0.635097543011372 2.10365679734357 1.07390108875211
211789.59 12708.497822588 12708.497822588 0.635097543011372 2.10365679734357 1.07390108875211
211790.59 12711.7091828193 12711.7091828193 0.635097543011372 2.10365679734357 1.07390108875211
211791.59 12714.9691315612 12714.9691315612 0.635097543011372 2.10365679734357 1.07390108875211
211792.59 12718.2304675288 12718.2304675288 0.635097543011372 2.10365679734357 1.07390108875211
211793.59 12721.4054698807 12721.4054698807 0.635097543011372 2.10365679734357 1.07390108875211
211794.59 12724.554405923 12724.554405923 0.635097543011372 2.10365679734357 1.07390108875211
211795.59 12727.8539603329 12727.8539603329 0.635097543011372 2.10365679734357 1.07390108875211
211796.59 12731.4225248915 12731.4225248915 0.635097543011372 2.10365679734357 1.07390108875211
211797.59 12735.281066297 12735.281066297 0.635097543011372 2.10365679734357 1.07390108875211
211798.59 12739.3299068786 12739.3299068786 0.635097543011372 2.10365679734357 1.07390108875211
211799.59 12743.5060425623 12743.5060425623 0.635097543011372 2.10365679734357 1.07390108875211
211800.59 12747.7413908645 12747.7413908645 0.635097543011372 2.10365679734357 1.07390108875211
211801.59 12752.1185303992 12752.1185303992 0.635097543011372 2.10365679734357 1.07390108875211
211802.59 12756.7434052755 12756.7434052755 0.635097543011372 2.10365679734357 1.07390108875211
211803.59 12761.5036201599 12761.5036201599 0.635097543011372 2.10365679734357 1.07390108875211
211804.59 12766.2814241791 12766.2814241791 0.635097543011372 2.10365679734357 1.07390108875211
211805.59 12771.0679428534 12771.0679428534 0.635097543011372 2.10365679734357 1.07390108875211
211806.59 12775.8122663766 12775.8122663766 0.635097543011372 2.10365679734357 1.07390108875211
211807.59 12780.4783294367 12780.4783294367 0.635097543011372 2.10365679734357 1.07390108875211
211808.59 12785.0565544182 12785.0565544182 0.635097543011372 2.10365679734357 1.07390108875211
211809.59 12789.5722667339 12789.5722667339 0.635097543011372 2.10365679734357 1.07390108875211
211810.59 12794.0718085029 12794.0718085029 0.635097543011372 2.10365679734357 1.07390108875211
211811.59 12798.6193782865 12798.6193782865 0.635097543011372 2.10365679734357 1.07390108875211
211812.59 12803.2345015021 12803.2345015021 0.635097543011372 2.10365679734357 1.07390108875211
211813.59 12807.9594668601 12807.9594668601 0.635097543011372 2.10365679734357 1.07390108875211
211814.59 12812.7811402561 12812.7811402561 0.635097543011372 2.10365679734357 1.07390108875211
211815.59 12817.6095516118 12817.6095516118 0.635097543011372 2.10365679734357 1.07390108875211
211816.59 12822.4604720906 12822.4604720906 0.635097543011372 2.10365679734357 1.07390108875211
211817.59 12827.3490887907 12827.3490887907 0.635097543011372 2.10365679734357 1.07390108875211
211818.59 12832.2971172274 12832.2971172274 0.635097543011372 2.10365679734357 1.07390108875211
211819.59 12837.3010341253 12837.3010341253 0.635097543011372 2.10365679734357 1.07390108875211
211820.59 12842.3933027491 12842.3933027491 0.635097543011372 2.10365679734357 1.07390108875211
211821.59 12847.6228682307 12847.6228682307 0.635097543011372 2.10365679734357 1.07390108875211
211822.59 12852.9595897366 12852.9595897366 0.635097543011372 2.10365679734357 1.07390108875211
211823.59 12858.413936602 12858.413936602 0.635097543011372 2.10365679734357 1.07390108875211
211824.59 12864.0194400513 12864.0194400513 0.635097543011372 2.10365679734357 1.07390108875211
211825.59 12869.6948232714 12869.6948232714 0.635097543011372 2.10365679734357 1.07390108875211
211826.59 12875.4548970519 12875.4548970519 0.635097543011372 2.10365679734357 1.07390108875211
211827.59 12881.4268425022 12881.4268425022 0.635097543011372 2.10365679734357 1.07390108875211
211828.59 12887.6272850177 12887.6272850177 0.635097543011372 2.10365679734357 1.07390108875211
211829.59 12894.0202631051 12894.0202631051 0.635097543011372 2.10365679734357 1.07390108875211
211830.59 12900.5744633638 12900.5744633638 0.635097543011372 2.10365679734357 1.07390108875211
211831.59 12907.1979507566 12907.1979507566 0.635097543011372 2.10365679734357 1.07390108875211
211832.59 12913.8244926185 12913.8244926185 0.635097543011372 2.10365679734357 1.07390108875211
211833.59 12920.5277004085 12920.5277004085 0.635097543011372 2.10365679734357 1.07390108875211
211834.59 12927.2419322827 12927.2419322827 0.635097543011372 2.10365679734357 1.07390108875211
211835.59 12933.8956583305 12933.8956583305 0.635097543011372 2.10365679734357 1.07390108875211
211836.59 12940.5658092711 12940.5658092711 0.635097543011372 2.10365679734357 1.07390108875211
211837.59 12947.3344593351 12947.3344593351 0.635097543011372 2.10365679734357 1.07390108875211
211838.59 12954.1607601865 12954.1607601865 0.635097543011372 2.10365679734357 1.07390108875211
211839.59 12961.0075928808 12961.0075928808 0.635097543011372 2.10365679734357 1.07390108875211
211840.59 12967.8203778854 12967.8203778854 0.635097543011372 2.10365679734357 1.07390108875211
211841.59 12974.6154024825 12974.6154024825 0.635097543011372 2.10365679734357 1.07390108875211
211842.59 12981.4389200497 12981.4389200497 0.635097543011372 2.10365679734357 1.07390108875211
211843.59 12988.3368417702 12988.3368417702 0.635097543011372 2.10365679734357 1.07390108875211
211844.59 12995.2294594233 12995.2294594233 0.635097543011372 2.10365679734357 1.07390108875211
211845.59 13002.1545850326 13002.1545850326 0.635097543011372 2.10365679734357 1.07390108875211
211846.59 13009.171603532 13009.171603532 0.635097543011372 2.10365679734357 1.07390108875211
211847.59 13016.2268602923 13016.2268602923 0.635097543011372 2.10365679734357 1.07390108875211
211848.59 13023.2847522897 13023.2847522897 0.635097543011372 2.10365679734357 1.07390108875211
211849.59 13030.3088919635 13030.3088919635 0.635097543011372 2.10365679734357 1.07390108875211
211850.59 13037.3628833911 13037.3628833911 0.635097543011372 2.10365679734357 1.07390108875211
211851.59 13044.4609326005 13044.4609326005 0.635097543011372 2.10365679734357 1.07390108875211
211852.59 13051.5904078467 13051.5904078467 0.635097543011372 2.10365679734357 1.07390108875211
211853.59 13058.7425713251 13058.7425713251 0.635097543011372 2.10365679734357 1.07390108875211
211854.59 13065.9022168232 13065.9022168232 0.635097543011372 2.10365679734357 1.07390108875211
211855.59 13073.0475929473 13073.0475929473 0.635097543011372 2.10365679734357 1.07390108875211
211856.59 13080.2023819234 13080.2023819234 0.635097543011372 2.10365679734357 1.07390108875211
211857.59 13087.3451972313 13087.3451972313 0.635097543011372 2.10365679734357 1.07390108875211
211858.59 13094.4278997953 13094.4278997953 0.635097543011372 2.10365679734357 1.07390108875211
211859.59 13101.3298645231 13101.3298645231 0.635097543011372 2.10365679734357 1.07390108875211
211860.59 13108.0001940138 13108.0001940138 0.635097543011372 2.10365679734357 1.07390108875211
211861.59 13114.5813263091 13114.5813263091 0.635097543011372 2.10365679734357 1.07390108875211
211862.59 13121.1343972562 13121.1343972562 0.635097543011372 2.10365679734357 1.07390108875211
211863.59 13127.6414174971 13127.6414174971 0.635097543011372 2.10365679734357 1.07390108875211
211864.59 13134.0552694983 13134.0552694983 0.635097543011372 2.10365679734357 1.07390108875211
211865.59 13140.4695156364 13140.4695156364 0.635097543011372 2.10365679734357 1.07390108875211
211866.59 13146.8601965837 13146.8601965837 0.635097543011372 2.10365679734357 1.07390108875211
211867.59 13153.1357676509 13153.1357676509 0.635097543011372 2.10365679734357 1.07390108875211
211868.59 13159.2717472145 13159.2717472145 0.635097543011372 2.10365679734357 1.07390108875211
211869.59 13165.2510372619 13165.2510372619 0.635097543011372 2.10365679734357 1.07390108875211
211870.59 13170.9299688812 13170.9299688812 0.635097543011372 2.10365679734357 1.07390108875211
211871.59 13176.2180555057 13176.2180555057 0.635097543011372 2.10365679734357 1.07390108875211
211872.59 13181.0858670382 13181.0858670382 0.635097543011372 2.10365679734357 1.07390108875211
211873.59 13185.4824963776 13185.4824963776 0.635097543011372 2.10365679734357 1.07390108875211
211874.59 13189.2234155986 13189.2234155986 0.635097543011372 2.10365679734357 1.07390108875211
211875.59 13192.2153711402 13192.2153711402 0.635097543011372 2.10365679734357 1.07390108875211
211876.59 13194.4058052931 13194.4058052931 0.635097543011372 2.10365679734357 1.07390108875211
211877.59 13195.8086565137 13195.8086565137 0.635097543011372 2.10365679734357 1.07390108875211
211878.59 13196.5365849269 13196.5365849269 0.635097543011372 2.10365679734357 1.07390108875211
211879.59 13196.7811746118 13196.7811746118 0.635097543011372 2.10365679734357 1.07390108875211
211880.59 13196.8725525292 13196.8725525292 0.635097543011372 2.10365679734357 1.07390108875211
211881.59 13196.8880318013 13196.8880318013 0.635097543011372 2.10365679734357 1.07390108875211
211882.59 13196.8921069566 13196.8921069566 0.635097543011372 2.10365679734357 1.07390108875211
211883.59 13196.895908331 13196.895908331 0.635097543011372 2.10365679734357 1.07390108875211
211884.59 13196.8991136979 13196.8991136979 0.635097543011372 2.10365679734357 1.07390108875211
211885.59 13196.9023190672 13196.9023190672 0.635097543011372 2.10365679734357 1.07390108875211
211886.59 13196.9046546498 13196.9046546498 0.635097543011372 2.10365679734357 1.07390108875211
211887.59 13196.9072640131 13196.9072640131 0.635097543011372 2.10365679734357 1.07390108875211
211888.59 13196.9087298068 13196.9087298068 0.635097543011372 2.10365679734357 1.07390108875211
211889.59 13196.9104693831 13196.9104693831 0.635097543011372 2.10365679734357 1.07390108875211
211890.59 13196.9110653899 13196.9110653899 0.635097543011372 2.10365679734357 1.07390108875211
211891.59 13196.911935177 13196.911935177 0.635097543011372 2.10365679734357 1.07390108875211
211892.59 13196.9128049641 13196.9128049641 0.635097543011372 2.10365679734357 1.07390108875211
211893.59 13196.9130787443 13196.9130787443 0.635097543011372 2.10365679734357 1.07390108875211
211894.59 13196.9130787443 13196.9130787443 0.635097543011372 2.10365679734357 1.07390108875211
211895.59 13196.9130787443 13196.9130787443 0.635097543011372 2.10365679734357 1.07390108875211
211896.59 13196.9124827376 13196.9124827376 0.635097543011372 2.10365679734357 1.07390108875211
211897.59 13196.9116129506 13196.9116129506 0.635097543011372 2.10365679734357 1.07390108875211
211898.59 13196.911016944 13196.911016944 0.635097543011372 2.10365679734357 1.07390108875211
211899.59 13196.9104209353 13196.9104209353 0.635097543011372 2.10365679734357 1.07390108875211
211900.59 13196.9086813613 13196.9086813613 0.635097543011372 2.10365679734357 1.07390108875211
211901.59 13196.9080853551 13196.9080853551 0.635097543011372 2.10365679734357 1.07390108875211
211902.59 13196.9066195597 13196.9066195597 0.635097543011372 2.10365679734357 1.07390108875211
211903.59 13196.9057497728 13196.9057497728 0.635097543011372 2.10365679734357 1.07390108875211
211904.59 13196.9051537668 13196.9051537668 0.635097543011372 2.10365679734357 1.07390108875211
211905.59 13196.9036879717 13196.9036879717 0.635097543011372 2.10365679734357 1.07390108875211
211906.59 13196.903091966 13196.903091966 0.635097543011372 2.10365679734357 1.07390108875211
211907.59 13196.9016261735 13196.9016261735 0.635097543011372 2.10365679734357 1.07390108875211
211908.59 13196.9007563845 13196.9007563845 0.635097543011372 2.10365679734357 1.07390108875211
211909.59 13196.8992905944 13196.8992905944 0.635097543011372 2.10365679734357 1.07390108875211
211910.59 13196.8978248002 13196.8978248002 0.635097543011372 2.10365679734357 1.07390108875211
211911.59 13196.8969550134 13196.8969550134 0.635097543011372 2.10365679734357 1.07390108875211
211912.59 13196.8963590083 13196.8963590083 0.635097543011372 2.10365679734357 1.07390108875211
211913.59 13196.8954892193 13196.8954892193 0.635097543011372 2.10365679734357 1.07390108875211
211914.59 13196.8948932144 13196.8948932144 0.635097543011372 2.10365679734357 1.07390108875211
211915.59 13196.8940234276 13196.8940234276 0.635097543011372 2.10365679734357 1.07390108875211
211916.59 13196.8940234276 13196.8940234276 0.635097543011372 2.10365679734357 1.07390108875211
211917.59 13196.8934274228 13196.8934274228 0.635097543011372 2.10365679734357 1.07390108875211
211918.59 13196.8925576361 13196.8925576361 0.635097543011372 2.10365679734357 1.07390108875211
211919.59 13196.8916878472 13196.8916878472 0.635097543011372 2.10365679734357 1.07390108875211
211920.59 13196.8919616291 13196.8919616291 0.635097543011372 2.10365679734357 1.07390108875211
211921.59 13196.8908180604 13196.8908180604 0.635097543011372 2.10365679734357 1.07390108875211
211922.59 13196.8899482737 13196.8899482737 0.635097543011372 2.10365679734357 1.07390108875211
211923.59 13196.8899482737 13196.8899482737 0.635097543011372 2.10365679734357 1.07390108875211
211924.59 13196.8899482737 13196.8899482737 0.635097543011372 2.10365679734357 1.07390108875211
211925.59 13196.889078487 13196.889078487 0.635097543011372 2.10365679734357 1.07390108875211
211926.59 13196.889078487 13196.889078487 0.635097543011372 2.10365679734357 1.07390108875211
211927.59 13196.889078487 13196.889078487 0.635097543011372 2.10365679734357 1.07390108875211
211928.59 13196.889078487 13196.889078487 0.635097543011372 2.10365679734357 1.07390108875211
211929.59 13196.889078487 13196.889078487 0.635097543011372 2.10365679734357 1.07390108875211
211930.59 13196.888804705 13196.888804705 0.635097543011372 2.10365679734357 1.07390108875211
211931.59 13196.888804705 13196.888804705 0.635097543011372 2.10365679734357 1.07390108875211
211932.59 13196.888804705 13196.888804705 0.635097543011372 2.10365679734357 1.07390108875211
211933.59 13196.888804705 13196.888804705 0.635097543011372 2.10365679734357 1.07390108875211
211934.59 13196.888530923 13196.888530923 0.635097543011372 2.10365679734357 1.07390108875211
211935.59 13196.8894007097 13196.8894007097 0.635097543011372 2.10365679734357 1.07390108875211
211936.59 13196.8894007097 13196.8894007097 0.635097543011372 2.10365679734357 1.07390108875211
211937.59 13196.8894007097 13196.8894007097 0.635097543011372 2.10365679734357 1.07390108875211
211938.59 13196.8891269279 13196.8891269279 0.635097543011372 2.10365679734357 1.07390108875211
211939.59 13196.8899967146 13196.8899967146 0.635097543011372 2.10365679734357 1.07390108875211
211940.59 13196.8899967146 13196.8899967146 0.635097543011372 2.10365679734357 1.07390108875211
211941.59 13196.8908665014 13196.8908665014 0.635097543011372 2.10365679734357 1.07390108875211
211942.59 13196.8908665014 13196.8908665014 0.635097543011372 2.10365679734357 1.07390108875211
211943.59 13196.8917362904 13196.8917362904 0.635097543011372 2.10365679734357 1.07390108875211
211944.59 13196.8926060772 13196.8926060772 0.635097543011372 2.10365679734357 1.07390108875211
211945.59 13196.8926060772 13196.8926060772 0.635097543011372 2.10365679734357 1.07390108875211
211946.59 13196.893475864 13196.893475864 0.635097543011372 2.10365679734357 1.07390108875211
211947.59 13196.8943456507 13196.8943456507 0.635097543011372 2.10365679734357 1.07390108875211
211948.59 13196.8940718691 13196.8940718691 0.635097543011372 2.10365679734357 1.07390108875211
211949.59 13196.8949416559 13196.8949416559 0.635097543011372 2.10365679734357 1.07390108875211
211950.59 13196.8949416559 13196.8949416559 0.635097543011372 2.10365679734357 1.07390108875211
211951.59 13196.8955376634 13196.8955376634 0.635097543011372 2.10365679734357 1.07390108875211
211952.59 13196.8955376634 13196.8955376634 0.635097543011372 2.10365679734357 1.07390108875211
211953.59 13196.8955376634 13196.8955376634 0.635097543011372 2.10365679734357 1.07390108875211
211954.59 13196.8964074502 13196.8964074502 0.635097543011372 2.10365679734357 1.07390108875211
211955.59 13196.897277237 13196.897277237 0.635097543011372 2.10365679734357 1.07390108875211
211956.59 13197.1755385039 13197.1755385039 0.635097543011372 2.10365679734357 1.07390108875211
211957.59 13198.3315718765 13198.3315718765 0.635097543011372 2.10365679734357 1.07390108875211
211958.59 13200.4032737963 13200.4032737963 0.635097543011372 2.10365679734357 1.07390108875211
211959.59 13203.2430291656 13203.2430291656 0.635097543011372 2.10365679734357 1.07390108875211
211960.59 13206.701238636 13206.701238636 0.635097543011372 2.10365679734357 1.07390108875211
211961.59 13210.6946720936 13210.6946720936 0.635097543011372 2.10365679734357 1.07390108875211
211962.59 13215.1580843547 13215.1580843547 0.635097543011372 2.10365679734357 1.07390108875211
211963.59 13219.9455973095 13219.9455973095 0.635097543011372 2.10365679734357 1.07390108875211
211964.59 13224.9755258021 13224.9755258021 0.635097543011372 2.10365679734357 1.07390108875211
211965.59 13230.2843580147 13230.2843580147 0.635097543011372 2.10365679734357 1.07390108875211
211966.59 13235.8447285204 13235.8447285204 0.635097543011372 2.10365679734357 1.07390108875211
211967.59 13241.6035147204 13241.6035147204 0.635097543011372 2.10365679734357 1.07390108875211
211968.59 13247.556635318 13247.556635318 0.635097543011372 2.10365679734357 1.07390108875211
211969.59 13253.6988581373 13253.6988581373 0.635097543011372 2.10365679734357 1.07390108875211
211970.59 13260.0242900598 13260.0242900598 0.635097543011372 2.10365679734357 1.07390108875211
211971.59 13266.5378168176 13266.5378168176 0.635097543011372 2.10365679734357 1.07390108875211
211972.59 13273.2225314805 13273.2225314805 0.635097543011372 2.10365679734357 1.07390108875211
211973.59 13280.0164548241 13280.0164548241 0.635097543011372 2.10365679734357 1.07390108875211
211974.59 13286.9116512358 13286.9116512358 0.635097543011372 2.10365679734357 1.07390108875211
211975.59 13294.0039116207 13294.0039116207 0.635097543011372 2.10365679734357 1.07390108875211
211976.59 13301.3792166144 13301.3792166144 0.635097543011372 2.10365679734357 1.07390108875211
211977.59 13308.8826429378 13308.8826429378 0.635097543011372 2.10365679734357 1.07390108875211
211978.59 13316.2360307528 13316.2360307528 0.635097543011372 2.10365679734357 1.07390108875211
211979.59 13323.4523690274 13323.4523690274 0.635097543011372 2.10365679734357 1.07390108875211
211980.59 13330.531976772 13330.531976772 0.635097543011372 2.10365679734357 1.07390108875211
211981.59 13337.3497533559 13337.3497533559 0.635097543011372 2.10365679734357 1.07390108875211
211982.59 13344.0227152292 13344.0227152292 0.635097543011372 2.10365679734357 1.07390108875211
211983.59 13350.8668178287 13350.8668178287 0.635097543011372 2.10365679734357 1.07390108875211
211984.59 13357.853191555 13357.853191555 0.635097543011372 2.10365679734357 1.07390108875211
211985.59 13364.8805474418 13364.8805474418 0.635097543011372 2.10365679734357 1.07390108875211
211986.59 13371.7022540865 13371.7022540865 0.635097543011372 2.10365679734357 1.07390108875211
211987.59 13378.3389715154 13378.3389715154 0.635097543011372 2.10365679734357 1.07390108875211
211988.59 13384.9113981311 13384.9113981311 0.635097543011372 2.10365679734357 1.07390108875211
211989.59 13391.43303163 13391.43303163 0.635097543011372 2.10365679734357 1.07390108875211
211990.59 13397.9329513317 13397.9329513317 0.635097543011372 2.10365679734357 1.07390108875211
211991.59 13404.4318000406 13404.4318000406 0.635097543011372 2.10365679734357 1.07390108875211
211992.59 13410.8865886066 13410.8865886066 0.635097543011372 2.10365679734357 1.07390108875211
211993.59 13417.2582403293 13417.2582403293 0.635097543011372 2.10365679734357 1.07390108875211
211994.59 13423.4587859505 13423.4587859505 0.635097543011372 2.10365679734357 1.07390108875211
211995.59 13429.4761501311 13429.4761501311 0.635097543011372 2.10365679734357 1.07390108875211
211996.59 13435.3063743481 13435.3063743481 0.635097543011372 2.10365679734357 1.07390108875211
211997.59 13440.9618690882 13440.9618690882 0.635097543011372 2.10365679734357 1.07390108875211
211998.59 13446.4504633391 13446.4504633391 0.635097543011372 2.10365679734357 1.07390108875211
211999.59 13451.8040790074 13451.8040790074 0.635097543011372 2.10365679734357 1.07390108875211
212000.59 13457.0512464351 13457.0512464351 0.635097543011372 2.10365679734357 1.07390108875211
212001.59 13462.2455468019 13462.2455468019 0.635097543011372 2.10365679734357 1.07390108875211
212002.59 13467.3972666275 13467.3972666275 0.635097543011372 2.10365679734357 1.07390108875211
212003.59 13472.5317750145 13472.5317750145 0.635097543011372 2.10365679734357 1.07390108875211
212004.59 13477.65148681 13477.65148681 0.635097543011372 2.10365679734357 1.07390108875211
212005.59 13482.6926457779 13482.6926457779 0.635097543011372 2.10365679734357 1.07390108875211
212006.59 13487.6947855157 13487.6947855157 0.635097543011372 2.10365679734357 1.07390108875211
212007.59 13492.6696729361 13492.6696729361 0.635097543011372 2.10365679734357 1.07390108875211
212008.59 13497.5755782078 13497.5755782078 0.635097543011372 2.10365679734357 1.07390108875211
212009.59 13502.3779839956 13502.3779839956 0.635097543011372 2.10365679734357 1.07390108875211
212010.59 13507.0360328674 13507.0360328674 0.635097543011372 2.10365679734357 1.07390108875211
212011.59 13511.4891116106 13511.4891116106 0.635097543011372 2.10365679734357 1.07390108875211
212012.59 13515.7948372598 13515.7948372598 0.635097543011372 2.10365679734357 1.07390108875211
212013.59 13520.0728724975 13520.0728724975 0.635097543011372 2.10365679734357 1.07390108875211
212014.59 13524.2714405167 13524.2714405167 0.635097543011372 2.10365679734357 1.07390108875211
212015.59 13528.2943379117 13528.2943379117 0.635097543011372 2.10365679734357 1.07390108875211
212016.59 13532.1206141844 13532.1206141844 0.635097543011372 2.10365679734357 1.07390108875211
212017.59 13535.7724221908 13535.7724221908 0.635097543011372 2.10365679734357 1.07390108875211
212018.59 13539.2515240038 13539.2515240038 0.635097543011372 2.10365679734357 1.07390108875211
212019.59 13542.606783059 13542.606783059 0.635097543011372 2.10365679734357 1.07390108875211
212020.59 13545.9633998937 13545.9633998937 0.635097543011372 2.10365679734357 1.07390108875211
212021.59 13549.2838930188 13549.2838930188 0.635097543011372 2.10365679734357 1.07390108875211
212022.59 13552.5312041248 13552.5312041248 0.635097543011372 2.10365679734357 1.07390108875211
212023.59 13555.6849773977 13555.6849773977 0.635097543011372 2.10365679734357 1.07390108875211
212024.59 13558.7598851926 13558.7598851926 0.635097543011372 2.10365679734357 1.07390108875211
212025.59 13561.8367806625 13561.8367806625 0.635097543011372 2.10365679734357 1.07390108875211
212026.59 13564.8652198969 13564.8652198969 0.635097543011372 2.10365679734357 1.07390108875211
212027.59 13567.7827264564 13567.7827264564 0.635097543011372 2.10365679734357 1.07390108875211
212028.59 13570.4701439545 13570.4701439545 0.635097543011372 2.10365679734357 1.07390108875211
212029.59 13572.9321260763 13572.9321260763 0.635097543011372 2.10365679734357 1.07390108875211
212030.59 13575.2794382898 13575.2794382898 0.635097543011372 2.10365679734357 1.07390108875211
212031.59 13577.4463173833 13577.4463173833 0.635097543011372 2.10365679734357 1.07390108875211
212032.59 13579.3866119218 13579.3866119218 0.635097543011372 2.10365679734357 1.07390108875211
212033.59 13581.1273589024 13581.1273589024 0.635097543011372 2.10365679734357 1.07390108875211
212034.59 13582.7721049791 13582.7721049791 0.635097543011372 2.10365679734357 1.07390108875211
212035.59 13584.3106969254 13584.3106969254 0.635097543011372 2.10365679734357 1.07390108875211
212036.59 13585.6784312107 13585.6784312107 0.635097543011372 2.10365679734357 1.07390108875211
212037.59 13586.8818982956 13586.8818982956 0.635097543011372 2.10365679734357 1.07390108875211
212038.59 13587.9910815243 13587.9910815243 0.635097543011372 2.10365679734357 1.07390108875211
212039.59 13589.0519014101 13589.0519014101 0.635097543011372 2.10365679734357 1.07390108875211
212040.59 13590.0598443463 13590.0598443463 0.635097543011372 2.10365679734357 1.07390108875211
212041.59 13591.0272538956 13591.0272538956 0.635097543011372 2.10365679734357 1.07390108875211
212042.59 13591.91572238 13591.91572238 0.635097543011372 2.10365679734357 1.07390108875211
212043.59 13592.6639315967 13592.6639315967 0.635097543011372 2.10365679734357 1.07390108875211
212044.59 13593.3040837041 13593.3040837041 0.635097543011372 2.10365679734357 1.07390108875211
212045.59 13593.8029251335 13593.8029251335 0.635097543011372 2.10365679734357 1.07390108875211
212046.59 13594.067887657 13594.067887657 0.635097543011372 2.10365679734357 1.07390108875211
212047.59 13594.0817572565 13594.0817572565 0.635097543011372 2.10365679734357 1.07390108875211
212048.59 13594.0215356688 13594.0215356688 0.635097543011372 2.10365679734357 1.07390108875211
212049.59 13593.7695797494 13593.7695797494 0.635097543011372 2.10365679734357 1.07390108875211
212050.59 13593.4148101893 13593.4148101893 0.635097543011372 2.10365679734357 1.07390108875211
212051.59 13593.1175875376 13593.1175875376 0.635097543011372 2.10365679734357 1.07390108875211
212052.59 13592.7362668878 13592.7362668878 0.635097543011372 2.10365679734357 1.07390108875211
212053.59 13592.1215494446 13592.1215494446 0.635097543011372 2.10365679734357 1.07390108875211
212054.59 13591.2695736685 13591.2695736685 0.635097543011372 2.10365679734357 1.07390108875211
212055.59 13590.0919534714 13590.0919534714 0.635097543011372 2.10365679734357 1.07390108875211
212056.59 13588.7665922857 13588.7665922857 0.635097543011372 2.10365679734357 1.07390108875211
212057.59 13587.34305959 13587.34305959 0.635097543011372 2.10365679734357 1.07390108875211
212058.59 13585.7540397815 13585.7540397815 0.635097543011372 2.10365679734357 1.07390108875211
212059.59 13584.0331235461 13584.0331235461 0.635097543011372 2.10365679734357 1.07390108875211
212060.59 13582.3054879609 13582.3054879609 0.635097543011372 2.10365679734357 1.07390108875211
212061.59 13580.5844201072 13580.5844201072 0.635097543011372 2.10365679734357 1.07390108875211
212062.59 13578.8324003753 13578.8324003753 0.635097543011372 2.10365679734357 1.07390108875211
212063.59 13576.9871177729 13576.9871177729 0.635097543011372 2.10365679734357 1.07390108875211
212064.59 13575.0238996368 13575.0238996368 0.635097543011372 2.10365679734357 1.07390108875211
212065.59 13572.9577158046 13572.9577158046 0.635097543011372 2.10365679734357 1.07390108875211
212066.59 13570.7977486834 13570.7977486834 0.635097543011372 2.10365679734357 1.07390108875211
212067.59 13568.5790931725 13568.5790931725 0.635097543011372 2.10365679734357 1.07390108875211
212068.59 13566.371536375 13566.371536375 0.635097543011372 2.10365679734357 1.07390108875211
212069.59 13564.1740469468 13564.1740469468 0.635097543011372 2.10365679734357 1.07390108875211
212070.59 13561.9779711393 13561.9779711393 0.635097543011372 2.10365679734357 1.07390108875211
212071.59 13559.5624235446 13559.5624235446 0.635097543011372 2.10365679734357 1.07390108875211
212072.59 13556.9587296558 13556.9587296558 0.635097543011372 2.10365679734357 1.07390108875211
212073.59 13554.2468118524 13554.2468118524 0.635097543011372 2.10365679734357 1.07390108875211
212074.59 13551.4946121516 13551.4946121516 0.635097543011372 2.10365679734357 1.07390108875211
212075.59 13548.7884628321 13548.7884628321 0.635097543011372 2.10365679734357 1.07390108875211
212076.59 13546.0950527398 13546.0950527398 0.635097543011372 2.10365679734357 1.07390108875211
212077.59 13543.3310789013 13543.3310789013 0.635097543011372 2.10365679734357 1.07390108875211
212078.59 13540.4891465094 13540.4891465094 0.635097543011372 2.10365679734357 1.07390108875211
212079.59 13537.6068295748 13537.6068295748 0.635097543011372 2.10365679734357 1.07390108875211
212080.59 13534.8144510478 13534.8144510478 0.635097543011372 2.10365679734357 1.07390108875211
212081.59 13532.1029189214 13532.1029189214 0.635097543011372 2.10365679734357 1.07390108875211
212082.59 13529.3784959492 13529.3784959492 0.635097543011372 2.10365679734357 1.07390108875211
212083.59 13526.6358712138 13526.6358712138 0.635097543011372 2.10365679734357 1.07390108875211
212084.59 13523.8800516777 13523.8800516777 0.635097543011372 2.10365679734357 1.07390108875211
212085.59 13521.146802168 13521.146802168 0.635097543011372 2.10365679734357 1.07390108875211
212086.59 13518.4612518048 13518.4612518048 0.635097543011372 2.10365679734357 1.07390108875211
212087.59 13515.8101435798 13515.8101435798 0.635097543011372 2.10365679734357 1.07390108875211
212088.59 13513.151641944 13513.151641944 0.635097543011372 2.10365679734357 1.07390108875211
212089.59 13510.4902518617 13510.4902518617 0.635097543011372 2.10365679734357 1.07390108875211
212090.59 13507.8608263583 13507.8608263583 0.635097543011372 2.10365679734357 1.07390108875211
212091.59 13505.2701398224 13505.2701398224 0.635097543011372 2.10365679734357 1.07390108875211
212092.59 13502.7177521427 13502.7177521427 0.635097543011372 2.10365679734357 1.07390108875211
212093.59 13500.2038567003 13500.2038567003 0.635097543011372 2.10365679734357 1.07390108875211
212094.59 13497.6930332227 13497.6930332227 0.635097543011372 2.10365679734357 1.07390108875211
212095.59 13495.2013942136 13495.2013942136 0.635097543011372 2.10365679734357 1.07390108875211
212096.59 13492.718897431 13492.718897431 0.635097543011372 2.10365679734357 1.07390108875211
212097.59 13490.2227510617 13490.2227510617 0.635097543011372 2.10365679734357 1.07390108875211
212098.59 13487.6852550747 13487.6852550747 0.635097543011372 2.10365679734357 1.07390108875211
212099.59 13485.1070756844 13485.1070756844 0.635097543011372 2.10365679734357 1.07390108875211
212100.59 13482.5117333975 13482.5117333975 0.635097543011372 2.10365679734357 1.07390108875211
212101.59 13479.9722569176 13479.9722569176 0.635097543011372 2.10365679734357 1.07390108875211
212102.59 13477.4718383494 13477.4718383494 0.635097543011372 2.10365679734357 1.07390108875211
212103.59 13474.9708777148 13474.9708777148 0.635097543011372 2.10365679734357 1.07390108875211
212104.59 13472.46289455 13472.46289455 0.635097543011372 2.10365679734357 1.07390108875211
212105.59 13469.9554625438 13469.9554625438 0.635097543011372 2.10365679734357 1.07390108875211
212106.59 13467.4648093377 13467.4648093377 0.635097543011372 2.10365679734357 1.07390108875211
212107.59 13464.9800747138 13464.9800747138 0.635097543011372 2.10365679734357 1.07390108875211
212108.59 13462.4713812936 13462.4713812936 0.635097543011372 2.10365679734357 1.07390108875211
212109.59 13459.9323679295 13459.9323679295 0.635097543011372 2.10365679734357 1.07390108875211
212110.59 13457.4146156359 13457.4146156359 0.635097543011372 2.10365679734357 1.07390108875211
212111.59 13454.9450063306 13454.9450063306 0.635097543011372 2.10365679734357 1.07390108875211
212112.59 13452.496615072 13452.496615072 0.635097543011372 2.10365679734357 1.07390108875211
212113.59 13450.0319340565 13450.0319340565 0.635097543011372 2.10365679734357 1.07390108875211
212114.59 13447.5497533403 13447.5497533403 0.635097543011372 2.10365679734357 1.07390108875211
212115.59 13445.0620967911 13445.0620967911 0.635097543011372 2.10365679734357 1.07390108875211
212116.59 13442.6047677157 13442.6047677157 0.635097543011372 2.10365679734357 1.07390108875211
212117.59 13440.2009135737 13440.2009135737 0.635097543011372 2.10365679734357 1.07390108875211
212118.59 13437.8193011561 13437.8193011561 0.635097543011372 2.10365679734357 1.07390108875211
212119.59 13435.4619429099 13435.4619429099 0.635097543011372 2.10365679734357 1.07390108875211
212120.59 13433.1258975234 13433.1258975234 0.635097543011372 2.10365679734357 1.07390108875211
212121.59 13430.8157043184 13430.8157043184 0.635097543011372 2.10365679734357 1.07390108875211
212122.59 13428.5310893531 13428.5310893531 0.635097543011372 2.10365679734357 1.07390108875211
212123.59 13426.239893279 13426.239893279 0.635097543011372 2.10365679734357 1.07390108875211
212124.59 13423.9400658165 13423.9400658165 0.635097543011372 2.10365679734357 1.07390108875211
212125.59 13421.6215425988 13421.6215425988 0.635097543011372 2.10365679734357 1.07390108875211
212126.59 13419.3421323995 13419.3421323995 0.635097543011372 2.10365679734357 1.07390108875211
212127.59 13417.1215695798 13417.1215695798 0.635097543011372 2.10365679734357 1.07390108875211
212128.59 13414.939039595 13414.939039595 0.635097543011372 2.10365679734357 1.07390108875211
212129.59 13412.7704016672 13412.7704016672 0.635097543011372 2.10365679734357 1.07390108875211
212130.59 13410.6395632556 13410.6395632556 0.635097543011372 2.10365679734357 1.07390108875211
212131.59 13408.5430322031 13408.5430322031 0.635097543011372 2.10365679734357 1.07390108875211
212132.59 13406.5298006303 13406.5298006303 0.635097543011372 2.10365679734357 1.07390108875211
212133.59 13404.6306883499 13404.6306883499 0.635097543011372 2.10365679734357 1.07390108875211
212134.59 13402.8091194445 13402.8091194445 0.635097543011372 2.10365679734357 1.07390108875211
212135.59 13400.9657660241 13400.9657660241 0.635097543011372 2.10365679734357 1.07390108875211
212136.59 13399.1034679816 13399.1034679816 0.635097543011372 2.10365679734357 1.07390108875211
212137.59 13397.3245512866 13397.3245512866 0.635097543011372 2.10365679734357 1.07390108875211
212138.59 13395.6192379901 13395.6192379901 0.635097543011372 2.10365679734357 1.07390108875211
212139.59 13393.9062920567 13393.9062920567 0.635097543011372 2.10365679734357 1.07390108875211
212140.59 13392.1546656791 13392.1546656791 0.635097543011372 2.10365679734357 1.07390108875211
212141.59 13390.383875718 13390.383875718 0.635097543011372 2.10365679734357 1.07390108875211
212142.59 13388.6578822499 13388.6578822499 0.635097543011372 2.10365679734357 1.07390108875211
212143.59 13387.0165299723 13387.0165299723 0.635097543011372 2.10365679734357 1.07390108875211
212144.59 13385.4745282655 13385.4745282655 0.635097543011372 2.10365679734357 1.07390108875211
212145.59 13383.9777465564 13383.9777465564 0.635097543011372 2.10365679734357 1.07390108875211
212146.59 13382.4333559319 13382.4333559319 0.635097543011372 2.10365679734357 1.07390108875211
212147.59 13380.816991595 13380.816991595 0.635097543011372 2.10365679734357 1.07390108875211
212148.59 13379.1743160833 13379.1743160833 0.635097543011372 2.10365679734357 1.07390108875211
212149.59 13377.5952284101 13377.5952284101 0.635097543011372 2.10365679734357 1.07390108875211
212150.59 13376.0827963112 13376.0827963112 0.635097543011372 2.10365679734357 1.07390108875211
212151.59 13374.6392917015 13374.6392917015 0.635097543011372 2.10365679734357 1.07390108875211
212152.59 13373.2643283961 13373.2643283961 0.635097543011372 2.10365679734357 1.07390108875211
212153.59 13371.9264556703 13371.9264556703 0.635097543011372 2.10365679734357 1.07390108875211
212154.59 13370.6201942829 13370.6201942829 0.635097543011372 2.10365679734357 1.07390108875211
212155.59 13369.3305549365 13369.3305549365 0.635097543011372 2.10365679734357 1.07390108875211
212156.59 13368.042559477 13368.042559477 0.635097543011372 2.10365679734357 1.07390108875211
212157.59 13366.7237542748 13366.7237542748 0.635097543011372 2.10365679734357 1.07390108875211
212158.59 13365.4712070603 13365.4712070603 0.635097543011372 2.10365679734357 1.07390108875211
212159.59 13364.4197180327 13364.4197180327 0.635097543011372 2.10365679734357 1.07390108875211
212160.59 13363.5379019064 13363.5379019064 0.635097543011372 2.10365679734357 1.07390108875211
212161.59 13362.6157650207 13362.6157650207 0.635097543011372 2.10365679734357 1.07390108875211
212162.59 13361.4296417034 13361.4296417034 0.635097543011372 2.10365679734357 1.07390108875211
212163.59 13359.9350104568 13359.9350104568 0.635097543011372 2.10365679734357 1.07390108875211
212164.59 13358.3786133909 13358.3786133909 0.635097543011372 2.10365679734357 1.07390108875211
212165.59 13357.0102627849 13357.0102627849 0.635097543011372 2.10365679734357 1.07390108875211
212166.59 13355.8457955967 13355.8457955967 0.635097543011372 2.10365679734357 1.07390108875211
212167.59 13354.8351047607 13354.8351047607 0.635097543011372 2.10365679734357 1.07390108875211
212168.59 13353.8859672095 13353.8859672095 0.635097543011372 2.10365679734357 1.07390108875211
212169.59 13352.9264143722 13352.9264143722 0.635097543011372 2.10365679734357 1.07390108875211
212170.59 13351.8569008411 13351.8569008411 0.635097543011372 2.10365679734357 1.07390108875211
212171.59 13350.8290675293 13350.8290675293 0.635097543011372 2.10365679734357 1.07390108875211
212172.59 13349.8473084379 13349.8473084379 0.635097543011372 2.10365679734357 1.07390108875211
212173.59 13348.9168401578 13348.9168401578 0.635097543011372 2.10365679734357 1.07390108875211
212174.59 13348.0551730753 13348.0551730753 0.635097543011372 2.10365679734357 1.07390108875211
212175.59 13347.2155848598 13347.2155848598 0.635097543011372 2.10365679734357 1.07390108875211
212176.59 13346.3834163112 13346.3834163112 0.635097543011372 2.10365679734357 1.07390108875211
212177.59 13345.5583700036 13345.5583700036 0.635097543011372 2.10365679734357 1.07390108875211
212178.59 13344.728152234 13344.728152234 0.635097543011372 2.10365679734357 1.07390108875211
212179.59 13343.9276563018 13343.9276563018 0.635097543011372 2.10365679734357 1.07390108875211
212180.59 13343.1468329259 13343.1468329259 0.635097543011372 2.10365679734357 1.07390108875211
212181.59 13342.3693508143 13342.3693508143 0.635097543011372 2.10365679734357 1.07390108875211
212182.59 13341.5728959174 13341.5728959174 0.635097543011372 2.10365679734357 1.07390108875211
212183.59 13340.7542683373 13340.7542683373 0.635097543011372 2.10365679734357 1.07390108875211
212184.59 13339.9718436599 13339.9718436599 0.635097543011372 2.10365679734357 1.07390108875211
212185.59 13339.2505054201 13339.2505054201 0.635097543011372 2.10365679734357 1.07390108875211
212186.59 13338.6904963125 13338.6904963125 0.635097543011372 2.10365679734357 1.07390108875211
212187.59 13338.1922241457 13338.1922241457 0.635097543011372 2.10365679734357 1.07390108875211
212188.59 13337.6522418762 13337.6522418762 0.635097543011372 2.10365679734357 1.07390108875211
212189.59 13337.0919168733 13337.0919168733 0.635097543011372 2.10365679734357 1.07390108875211
212190.59 13336.5143675958 13336.5143675958 0.635097543011372 2.10365679734357 1.07390108875211
212191.59 13335.9233059559 13335.9233059559 0.635097543011372 2.10365679734357 1.07390108875211
212192.59 13335.3268012249 13335.3268012249 0.635097543011372 2.10365679734357 1.07390108875211
212193.59 13334.8028268147 13334.8028268147 0.635097543011372 2.10365679734357 1.07390108875211
212194.59 13334.3025390004 13334.3025390004 0.635097543011372 2.10365679734357 1.07390108875211
212195.59 13333.7750943058 13333.7750943058 0.635097543011372 2.10365679734357 1.07390108875211
212196.59 13333.1295967768 13333.1295967768 0.635097543011372 2.10365679734357 1.07390108875211
212197.59 13332.4147216461 13332.4147216461 0.635097543011372 2.10365679734357 1.07390108875211
212198.59 13331.6786650162 13331.6786650162 0.635097543011372 2.10365679734357 1.07390108875211
212199.59 13330.9799661995 13330.9799661995 0.635097543011372 2.10365679734357 1.07390108875211
212200.59 13330.3236769214 13330.3236769214 0.635097543011372 2.10365679734357 1.07390108875211
212201.59 13329.7073414418 13329.7073414418 0.635097543011372 2.10365679734357 1.07390108875211
212202.59 13329.1010739693 13329.1010739693 0.635097543011372 2.10365679734357 1.07390108875211
212203.59 13328.5006186656 13328.5006186656 0.635097543011372 2.10365679734357 1.07390108875211
212204.59 13327.9136395855 13327.9136395855 0.635097543011372 2.10365679734357 1.07390108875211
212205.59 13327.3228427738 13327.3228427738 0.635097543011372 2.10365679734357 1.07390108875211
212206.59 13326.7439813396 13326.7439813396 0.635097543011372 2.10365679734357 1.07390108875211
212207.59 13326.2030293852 13326.2030293852 0.635097543011372 2.10365679734357 1.07390108875211
212208.59 13325.6915471089 13325.6915471089 0.635097543011372 2.10365679734357 1.07390108875211
212209.59 13325.1360865197 13325.1360865197 0.635097543011372 2.10365679734357 1.07390108875211
212210.59 13324.2560938771 13324.2560938771 0.635097543011372 2.10365679734357 1.07390108875211
212211.59 13323.0330687286 13323.0330687286 0.635097543011372 2.10365679734357 1.07390108875211
212212.59 13321.897302152 13321.897302152 0.635097543011372 2.10365679734357 1.07390108875211
212213.59 13321.0328123108 13321.0328123108 0.635097543011372 2.10365679734357 1.07390108875211
212214.59 13320.4094330753 13320.4094330753 0.635097543011372 2.10365679734357 1.07390108875211
212215.59 13319.9520613643 13319.9520613643 0.635097543011372 2.10365679734357 1.07390108875211
212216.59 13319.627051362 13319.627051362 0.635097543011372 2.10365679734357 1.07390108875211
212217.59 13319.3615248663 13319.3615248663 0.635097543011372 2.10365679734357 1.07390108875211
212218.59 13319.1038017422 13319.1038017422 0.635097543011372 2.10365679734357 1.07390108875211
212219.59 13318.8846462158 13318.8846462158 0.635097543011372 2.10365679734357 1.07390108875211
212220.59 13318.6988849517 13318.6988849517 0.635097543011372 2.10365679734357 1.07390108875211
212221.59 13318.5258884255 13318.5258884255 0.635097543011372 2.10365679734357 1.07390108875211
212222.59 13318.360457152 13318.360457152 0.635097543011372 2.10365679734357 1.07390108875211
212223.59 13318.1783440168 13318.1783440168 0.635097543011372 2.10365679734357 1.07390108875211
212224.59 13317.9702371638 13317.9702371638 0.635097543011372 2.10365679734357 1.07390108875211
212225.59 13317.7552273011 13317.7552273011 0.635097543011372 2.10365679734357 1.07390108875211
212226.59 13317.5349155609 13317.5349155609 0.635097543011372 2.10365679734357 1.07390108875211
212227.59 13317.3183126337 13317.3183126337 0.635097543011372 2.10365679734357 1.07390108875211
212228.59 13317.0956477073 13317.0956477073 0.635097543011372 2.10365679734357 1.07390108875211
212229.59 13316.8673139892 13316.8673139892 0.635097543011372 2.10365679734357 1.07390108875211
212230.59 13316.586323811 13316.586323811 0.635097543011372 2.10365679734357 1.07390108875211
212231.59 13316.2629576126 13316.2629576126 0.635097543011372 2.10365679734357 1.07390108875211
212232.59 13315.8831586691 13315.8831586691 0.635097543011372 2.10365679734357 1.07390108875211
212233.59 13315.4813543382 13315.4813543382 0.635097543011372 2.10365679734357 1.07390108875211
212234.59 13315.0873545585 13315.0873545585 0.635097543011372 2.10365679734357 1.07390108875211
212235.59 13314.7460469244 13314.7460469244 0.635097543011372 2.10365679734357 1.07390108875211
212236.59 13314.4802126829 13314.4802126829 0.635097543011372 2.10365679734357 1.07390108875211
212237.59 13314.2161038807 13314.2161038807 0.635097543011372 2.10365679734357 1.07390108875211
212238.59 13313.9306835871 13313.9306835871 0.635097543011372 2.10365679734357 1.07390108875211
212239.59 13313.6944697189 13313.6944697189 0.635097543011372 2.10365679734357 1.07390108875211
212240.59 13313.5455950757 13313.5455950757 0.635097543011372 2.10365679734357 1.07390108875211
212241.59 13313.4299205199 13313.4299205199 0.635097543011372 2.10365679734357 1.07390108875211
212242.59 13313.217521597 13313.217521597 0.635097543011372 2.10365679734357 1.07390108875211
212243.59 13312.9768678774 13312.9768678774 0.635097543011372 2.10365679734357 1.07390108875211
212244.59 13312.8085797916 13312.8085797916 0.635097543011372 2.10365679734357 1.07390108875211
212245.59 13312.5282223386 13312.5282223386 0.635097543011372 2.10365679734357 1.07390108875211
212246.59 13312.1619138198 13312.1619138198 0.635097543011372 2.10365679734357 1.07390108875211
212247.59 13311.8486748735 13311.8486748735 0.635097543011372 2.10365679734357 1.07390108875211
212248.59 13311.6080857285 13311.6080857285 0.635097543011372 2.10365679734357 1.07390108875211
212249.59 13311.4386192936 13311.4386192936 0.635097543011372 2.10365679734357 1.07390108875211
212250.59 13311.3222423046 13311.3222423046 0.635097543011372 2.10365679734357 1.07390108875211
212251.59 13311.2489452647 13311.2489452647 0.635097543011372 2.10365679734357 1.07390108875211
212252.59 13311.1964788009 13311.1964788009 0.635097543011372 2.10365679734357 1.07390108875211
212253.59 13311.1533984801 13311.1533984801 0.635097543011372 2.10365679734357 1.07390108875211
212254.59 13311.1218434761 13311.1218434761 0.635097543011372 2.10365679734357 1.07390108875211
212255.59 13311.1043971456 13311.1043971456 0.635097543011372 2.10365679734357 1.07390108875211
212256.59 13311.0955564982 13311.0955564982 0.635097543011372 2.10365679734357 1.07390108875211
212257.59 13311.090039239 13311.090039239 0.635097543011372 2.10365679734357 1.07390108875211
212258.59 13311.0897367979 13311.0897367979 0.635097543011372 2.10365679734357 1.07390108875211
212259.59 13311.0905288353 13311.0905288353 0.635097543011372 2.10365679734357 1.07390108875211
212260.59 13311.091268759 13311.091268759 0.635097543011372 2.10365679734357 1.07390108875211
212261.59 13311.0920086813 13311.0920086813 0.635097543011372 2.10365679734357 1.07390108875211
212262.59 13311.0919044492 13311.0919044492 0.635097543011372 2.10365679734357 1.07390108875211
212263.59 13311.0918002176 13311.0918002176 0.635097543011372 2.10365679734357 1.07390108875211
212264.59 13311.0916959863 13311.0916959863 0.635097543011372 2.10365679734357 1.07390108875211
212265.59 13311.0915917554 13311.0915917554 0.635097543011372 2.10365679734357 1.07390108875211
212266.59 13311.0905912538 13311.0905912538 0.635097543011372 2.10365679734357 1.07390108875211
212267.59 13311.0905391387 13311.0905391387 0.635097543011372 2.10365679734357 1.07390108875211
212268.59 13311.0895907503 13311.0895907503 0.635097543011372 2.10365679734357 1.07390108875211
212269.59 13311.0886423644 13311.0886423644 0.635097543011372 2.10365679734357 1.07390108875211
212270.59 13311.0885902495 13311.0885902495 0.635097543011372 2.10365679734357 1.07390108875211
212271.59 13311.0876939785 13311.0876939785 0.635097543011372 2.10365679734357 1.07390108875211
212272.59 13311.0867455927 13311.0867455927 0.635097543011372 2.10365679734357 1.07390108875211
212273.59 13311.0867455927 13311.0867455927 0.635097543011372 2.10365679734357 1.07390108875211
212274.59 13311.0858493194 13311.0858493194 0.635097543011372 2.10365679734357 1.07390108875211
212275.59 13311.0858493194 13311.0858493194 0.635097543011372 2.10365679734357 1.07390108875211
212276.59 13311.0859014342 13311.0859014342 0.635097543011372 2.10365679734357 1.07390108875211
212277.59 13311.0850051631 13311.0850051631 0.635097543011372 2.10365679734357 1.07390108875211
212278.59 13311.085057278 13311.085057278 0.635097543011372 2.10365679734357 1.07390108875211
212279.59 13311.085057278 13311.085057278 0.635097543011372 2.10365679734357 1.07390108875211
212280.59 13311.084161007 13311.084161007 0.635097543011372 2.10365679734357 1.07390108875211
212281.59 13311.084213122 13311.084213122 0.635097543011372 2.10365679734357 1.07390108875211
212282.59 13311.084213122 13311.084213122 0.635097543011372 2.10365679734357 1.07390108875211
212283.59 13311.0842652371 13311.0842652371 0.635097543011372 2.10365679734357 1.07390108875211
212284.59 13311.0843173522 13311.0843173522 0.635097543011372 2.10365679734357 1.07390108875211
212285.59 13311.0843173522 13311.0843173522 0.635097543011372 2.10365679734357 1.07390108875211
212286.59 13311.0843694675 13311.0843694675 0.635097543011372 2.10365679734357 1.07390108875211
212287.59 13311.0843694675 13311.0843694675 0.635097543011372 2.10365679734357 1.07390108875211
212288.59 13311.0843694675 13311.0843694675 0.635097543011372 2.10365679734357 1.07390108875211
212289.59 13311.0835253119 13311.0835253119 0.635097543011372 2.10365679734357 1.07390108875211
212290.59 13311.0835253119 13311.0835253119 0.635097543011372 2.10365679734357 1.07390108875211
212291.59 13311.0822745689 13311.0822745689 0.635097543011372 2.10365679734357 1.07390108875211
212292.59 13311.0601989537 13311.0601989537 0.635097543011372 2.10365679734357 1.07390108875211
212293.59 13310.9939063587 13310.9939063587 0.635097543011372 2.10365679734357 1.07390108875211
212294.59 13310.8759597808 13310.8759597808 0.635097543011372 2.10365679734357 1.07390108875211
212295.59 13310.6948510576 13310.6948510576 0.635097543011372 2.10365679734357 1.07390108875211
212296.59 13310.4569953849 13310.4569953849 0.635097543011372 2.10365679734357 1.07390108875211
212297.59 13310.1895225188 13310.1895225188 0.635097543011372 2.10365679734357 1.07390108875211
212298.59 13309.9122578787 13309.9122578787 0.635097543011372 2.10365679734357 1.07390108875211
212299.59 13309.634326002 13309.634326002 0.635097543011372 2.10365679734357 1.07390108875211
212300.59 13309.3246608436 13309.3246608436 0.635097543011372 2.10365679734357 1.07390108875211
212301.59 13309.0015090962 13309.0015090962 0.635097543011372 2.10365679734357 1.07390108875211
212302.59 13308.6809907224 13308.6809907224 0.635097543011372 2.10365679734357 1.07390108875211
212303.59 13308.3701525043 13308.3701525043 0.635097543011372 2.10365679734357 1.07390108875211
212304.59 13308.0698488939 13308.0698488939 0.635097543011372 2.10365679734357 1.07390108875211
212305.59 13307.7862119011 13307.7862119011 0.635097543011372 2.10365679734357 1.07390108875211
212306.59 13307.5315892746 13307.5315892746 0.635097543011372 2.10365679734357 1.07390108875211
212307.59 13307.2592701895 13307.2592701895 0.635097543011372 2.10365679734357 1.07390108875211
212308.59 13306.9909375885 13306.9909375885 0.635097543011372 2.10365679734357 1.07390108875211
212309.59 13306.7258646024 13306.7258646024 0.635097543011372 2.10365679734357 1.07390108875211
212310.59 13306.4575467821 13306.4575467821 0.635097543011372 2.10365679734357 1.07390108875211
212311.59 13306.1992098745 13306.1992098745 0.635097543011372 2.10365679734357 1.07390108875211
212312.59 13305.9129025692 13305.9129025692 0.635097543011372 2.10365679734357 1.07390108875211
212313.59 13305.6440894309 13305.6440894309 0.635097543011372 2.10365679734357 1.07390108875211
212314.59 13305.4070623589 13305.4070623589 0.635097543011372 2.10365679734357 1.07390108875211
212315.59 13305.2203327872 13305.2203327872 0.635097543011372 2.10365679734357 1.07390108875211
212316.59 13305.0728595139 13305.0728595139 0.635097543011372 2.10365679734357 1.07390108875211
212317.59 13304.8991923318 13304.8991923318 0.635097543011372 2.10365679734357 1.07390108875211
212318.59 13304.7069740546 13304.7069740546 0.635097543011372 2.10365679734357 1.07390108875211
212319.59 13304.5499855111 13304.5499855111 0.635097543011372 2.10365679734357 1.07390108875211
212320.59 13304.3875996572 13304.3875996572 0.635097543011372 2.10365679734357 1.07390108875211
212321.59 13304.2499403668 13304.2499403668 0.635097543011372 2.10365679734357 1.07390108875211
212322.59 13304.1235146724 13304.1235146724 0.635097543011372 2.10365679734357 1.07390108875211
212323.59 13303.9904333293 13303.9904333293 0.635097543011372 2.10365679734357 1.07390108875211
212324.59 13303.8479326289 13303.8479326289 0.635097543011372 2.10365679734357 1.07390108875211
212325.59 13303.7157327862 13303.7157327862 0.635097543011372 2.10365679734357 1.07390108875211
212326.59 13303.6002498777 13303.6002498777 0.635097543011372 2.10365679734357 1.07390108875211
212327.59 13303.4927138843 13303.4927138843 0.635097543011372 2.10365679734357 1.07390108875211
212328.59 13303.3954793132 13303.3954793132 0.635097543011372 2.10365679734357 1.07390108875211
212329.59 13303.2840511349 13303.2840511349 0.635097543011372 2.10365679734357 1.07390108875211
212330.59 13303.1842285753 13303.1842285753 0.635097543011372 2.10365679734357 1.07390108875211
212331.59 13303.1133536575 13303.1133536575 0.635097543011372 2.10365679734357 1.07390108875211
212332.59 13303.0760315831 13303.0760315831 0.635097543011372 2.10365679734357 1.07390108875211
212333.59 13303.0449058792 13303.0449058792 0.635097543011372 2.10365679734357 1.07390108875211
212334.59 13303.0016834063 13303.0016834063 0.635097543011372 2.10365679734357 1.07390108875211
212335.59 13302.9392328288 13302.9392328288 0.635097543011372 2.10365679734357 1.07390108875211
212336.59 13302.8996242709 13302.8996242709 0.635097543011372 2.10365679734357 1.07390108875211
212337.59 13302.883579218 13302.883579218 0.635097543011372 2.10365679734357 1.07390108875211
212338.59 13302.8874885681 13302.8874885681 0.635097543011372 2.10365679734357 1.07390108875211
212339.59 13302.8801415647 13302.8801415647 0.635097543011372 2.10365679734357 1.07390108875211
212340.59 13302.8786420722 13302.8786420722 0.635097543011372 2.10365679734357 1.07390108875211
212341.59 13302.8870236048 13302.8870236048 0.635097543011372 2.10365679734357 1.07390108875211
212342.59 13302.8327548424 13302.8327548424 0.635097543011372 2.10365679734357 1.07390108875211
212343.59 13302.7707499322 13302.7707499322 0.635097543011372 2.10365679734357 1.07390108875211
212344.59 13302.8013471598 13302.8013471598 0.635097543011372 2.10365679734357 1.07390108875211
212345.59 13302.9956773656 13302.9956773656 0.635097543011372 2.10365679734357 1.07390108875211
212346.59 13303.2338002019 13303.2338002019 0.635097543011372 2.10365679734357 1.07390108875211
212347.59 13303.4766504537 13303.4766504537 0.635097543011372 2.10365679734357 1.07390108875211
212348.59 13303.8020232397 13303.8020232397 0.635097543011372 2.10365679734357 1.07390108875211
212349.59 13304.1703113907 13304.1703113907 0.635097543011372 2.10365679734357 1.07390108875211
212350.59 13304.6018387608 13304.6018387608 0.635097543011372 2.10365679734357 1.07390108875211
212351.59 13305.0862272737 13305.0862272737 0.635097543011372 2.10365679734357 1.07390108875211
212352.59 13305.5916832577 13305.5916832577 0.635097543011372 2.10365679734357 1.07390108875211
212353.59 13306.1350625214 13306.1350625214 0.635097543011372 2.10365679734357 1.07390108875211
212354.59 13306.7583387103 13306.7583387103 0.635097543011372 2.10365679734357 1.07390108875211
212355.59 13307.5567963281 13307.5567963281 0.635097543011372 2.10365679734357 1.07390108875211
212356.59 13308.4883539341 13308.4883539341 0.635097543011372 2.10365679734357 1.07390108875211
212357.59 13309.4966288378 13309.4966288378 0.635097543011372 2.10365679734357 1.07390108875211
212358.59 13310.6786528155 13310.6786528155 0.635097543011372 2.10365679734357 1.07390108875211
212359.59 13312.00409343 13312.00409343 0.635097543011372 2.10365679734357 1.07390108875211
212360.59 13313.4416360289 13313.4416360289 0.635097543011372 2.10365679734357 1.07390108875211
212361.59 13314.9734855442 13314.9734855442 0.635097543011372 2.10365679734357 1.07390108875211
212362.59 13316.6031997225 13316.6031997225 0.635097543011372 2.10365679734357 1.07390108875211
212363.59 13318.3127217493 13318.3127217493 0.635097543011372 2.10365679734357 1.07390108875211
212364.59 13320.155686504 13320.155686504 0.635097543011372 2.10365679734357 1.07390108875211
212365.59 13322.1741988957 13322.1741988957 0.635097543011372 2.10365679734357 1.07390108875211
212366.59 13324.3861884206 13324.3861884206 0.635097543011372 2.10365679734357 1.07390108875211
212367.59 13326.7718650149 13326.7718650149 0.635097543011372 2.10365679734357 1.07390108875211
212368.59 13329.3748653745 13329.3748653745 0.635097543011372 2.10365679734357 1.07390108875211
212369.59 13332.1368199448 13332.1368199448 0.635097543011372 2.10365679734357 1.07390108875211
212370.59 13334.9021324129 13334.9021324129 0.635097543011372 2.10365679734357 1.07390108875211
212371.59 13337.6897648132 13337.6897648132 0.635097543011372 2.10365679734357 1.07390108875211
212372.59 13340.6278236705 13340.6278236705 0.635097543011372 2.10365679734357 1.07390108875211
212373.59 13343.7912296518 13343.7912296518 0.635097543011372 2.10365679734357 1.07390108875211
212374.59 13347.1692972565 13347.1692972565 0.635097543011372 2.10365679734357 1.07390108875211
212375.59 13350.7719408819 13350.7719408819 0.635097543011372 2.10365679734357 1.07390108875211
212376.59 13354.4941391598 13354.4941391598 0.635097543011372 2.10365679734357 1.07390108875211
212377.59 13358.3247473967 13358.3247473967 0.635097543011372 2.10365679734357 1.07390108875211
212378.59 13362.2935442688 13362.2935442688 0.635097543011372 2.10365679734357 1.07390108875211
212379.59 13366.4636655459 13366.4636655459 0.635097543011372 2.10365679734357 1.07390108875211
212380.59 13370.8147940339 13370.8147940339 0.635097543011372 2.10365679734357 1.07390108875211
212381.59 13375.2752782117 13375.2752782117 0.635097543011372 2.10365679734357 1.07390108875211
212382.59 13379.8400524846 13379.8400524846 0.635097543011372 2.10365679734357 1.07390108875211
212383.59 13384.5028887289 13384.5028887289 0.635097543011372 2.10365679734357 1.07390108875211
212384.59 13389.3090674612 13389.3090674612 0.635097543011372 2.10365679734357 1.07390108875211
212385.59 13394.2872703284 13394.2872703284 0.635097543011372 2.10365679734357 1.07390108875211
212386.59 13399.4331132782 13399.4331132782 0.635097543011372 2.10365679734357 1.07390108875211
212387.59 13404.6701623843 13404.6701623843 0.635097543011372 2.10365679734357 1.07390108875211
212388.59 13409.8791503315 13409.8791503315 0.635097543011372 2.10365679734357 1.07390108875211
212389.59 13415.0561976264 13415.0561976264 0.635097543011372 2.10365679734357 1.07390108875211
212390.59 13420.2796426995 13420.2796426995 0.635097543011372 2.10365679734357 1.07390108875211
212391.59 13425.6294568478 13425.6294568478 0.635097543011372 2.10365679734357 1.07390108875211
212392.59 13431.1687940088 13431.1687940088 0.635097543011372 2.10365679734357 1.07390108875211
212393.59 13436.9584414695 13436.9584414695 0.635097543011372 2.10365679734357 1.07390108875211
212394.59 13442.9428109083 13442.9428109083 0.635097543011372 2.10365679734357 1.07390108875211
212395.59 13449.0206574431 13449.0206574431 0.635097543011372 2.10365679734357 1.07390108875211
212396.59 13455.2722292802 13455.2722292802 0.635097543011372 2.10365679734357 1.07390108875211
212397.59 13461.7661687677 13461.7661687677 0.635097543011372 2.10365679734357 1.07390108875211
212398.59 13468.5135311579 13468.5135311579 0.635097543011372 2.10365679734357 1.07390108875211
212399.59 13475.4328588429 13475.4328588429 0.635097543011372 2.10365679734357 1.07390108875211
212400.59 13482.4254180027 13482.4254180027 0.635097543011372 2.10365679734357 1.07390108875211
212401.59 13489.4503116083 13489.4503116083 0.635097543011372 2.10365679734357 1.07390108875211
212402.59 13496.4751101493 13496.4751101493 0.635097543011372 2.10365679734357 1.07390108875211
212403.59 13503.6058165354 13503.6058165354 0.635097543011372 2.10365679734357 1.07390108875211
212404.59 13510.8037574288 13510.8037574288 0.635097543011372 2.10365679734357 1.07390108875211
212405.59 13517.9960570116 13517.9960570116 0.635097543011372 2.10365679734357 1.07390108875211
212406.59 13525.1539649817 13525.1539649817 0.635097543011372 2.10365679734357 1.07390108875211
212407.59 13532.3076519757 13532.3076519757 0.635097543011372 2.10365679734357 1.07390108875211
212408.59 13539.4408816 13539.4408816 0.635097543011372 2.10365679734357 1.07390108875211
212409.59 13546.6241873567 13546.6241873567 0.635097543011372 2.10365679734357 1.07390108875211
212410.59 13553.8598126086 13553.8598126086 0.635097543011372 2.10365679734357 1.07390108875211
212411.59 13561.1450524099 13561.1450524099 0.635097543011372 2.10365679734357 1.07390108875211
212412.59 13568.4767856806 13568.4767856806 0.635097543011372 2.10365679734357 1.07390108875211
212413.59 13575.8738707096 13575.8738707096 0.635097543011372 2.10365679734357 1.07390108875211
212414.59 13583.3606133309 13583.3606133309 0.635097543011372 2.10365679734357 1.07390108875211
212415.59 13590.8911458265 13590.8911458265 0.635097543011372 2.10365679734357 1.07390108875211
212416.59 13598.4082272616 13598.4082272616 0.635097543011372 2.10365679734357 1.07390108875211
212417.59 13605.9749936307 13605.9749936307 0.635097543011372 2.10365679734357 1.07390108875211
212418.59 13613.5851583444 13613.5851583444 0.635097543011372 2.10365679734357 1.07390108875211
212419.59 13621.1828512712 13621.1828512712 0.635097543011372 2.10365679734357 1.07390108875211
212420.59 13628.7571114578 13628.7571114578 0.635097543011372 2.10365679734357 1.07390108875211
212421.59 13636.3299088928 13636.3299088928 0.635097543011372 2.10365679734357 1.07390108875211
212422.59 13643.9318936683 13643.9318936683 0.635097543011372 2.10365679734357 1.07390108875211
212423.59 13651.5128152374 13651.5128152374 0.635097543011372 2.10365679734357 1.07390108875211
212424.59 13659.0114015194 13659.0114015194 0.635097543011372 2.10365679734357 1.07390108875211
212425.59 13666.5074261633 13666.5074261633 0.635097543011372 2.10365679734357 1.07390108875211
212426.59 13674.0361445568 13674.0361445568 0.635097543011372 2.10365679734357 1.07390108875211
212427.59 13681.6180854632 13681.6180854632 0.635097543011372 2.10365679734357 1.07390108875211
212428.59 13689.2487123018 13689.2487123018 0.635097543011372 2.10365679734357 1.07390108875211
212429.59 13696.9512547566 13696.9512547566 0.635097543011372 2.10365679734357 1.07390108875211
212430.59 13704.7231625717 13704.7231625717 0.635097543011372 2.10365679734357 1.07390108875211
212431.59 13712.5470514623 13712.5470514623 0.635097543011372 2.10365679734357 1.07390108875211
212432.59 13720.3821248051 13720.3821248051 0.635097543011372 2.10365679734357 1.07390108875211
212433.59 13728.2535023231 13728.2535023231 0.635097543011372 2.10365679734357 1.07390108875211
212434.59 13736.203058063 13736.203058063 0.635097543011372 2.10365679734357 1.07390108875211
212435.59 13744.2417361581 13744.2417361581 0.635097543011372 2.10365679734357 1.07390108875211
212436.59 13752.3436436482 13752.3436436482 0.635097543011372 2.10365679734357 1.07390108875211
212437.59 13760.4903050101 13760.4903050101 0.635097543011372 2.10365679734357 1.07390108875211
212438.59 13768.707536562 13768.707536562 0.635097543011372 2.10365679734357 1.07390108875211
212439.59 13777.0033115642 13777.0033115642 0.635097543011372 2.10365679734357 1.07390108875211
212440.59 13785.3771360034 13785.3771360034 0.635097543011372 2.10365679734357 1.07390108875211
212441.59 13793.7657487865 13793.7657487865 0.635097543011372 2.10365679734357 1.07390108875211
212442.59 13802.129495732 13802.129495732 0.635097543011372 2.10365679734357 1.07390108875211
212443.59 13810.5000505879 13810.5000505879 0.635097543011372 2.10365679734357 1.07390108875211
212444.59 13818.8807587048 13818.8807587048 0.635097543011372 2.10365679734357 1.07390108875211
212445.59 13827.2884918138 13827.2884918138 0.635097543011372 2.10365679734357 1.07390108875211
212446.59 13835.7151656365 13835.7151656365 0.635097543011372 2.10365679734357 1.07390108875211
212447.59 13844.0909549039 13844.0909549039 0.635097543011372 2.10365679734357 1.07390108875211
212448.59 13852.3930853902 13852.3930853902 0.635097543011372 2.10365679734357 1.07390108875211
212449.59 13860.6198816919 13860.6198816919 0.635097543011372 2.10365679734357 1.07390108875211
212450.59 13868.7816139444 13868.7816139444 0.635097543011372 2.10365679734357 1.07390108875211
212451.59 13876.9122633972 13876.9122633972 0.635097543011372 2.10365679734357 1.07390108875211
212452.59 13885.0987028809 13885.0987028809 0.635097543011372 2.10365679734357 1.07390108875211
212453.59 13893.3248951063 13893.3248951063 0.635097543011372 2.10365679734357 1.07390108875211
212454.59 13901.5533260157 13901.5533260157 0.635097543011372 2.10365679734357 1.07390108875211
212455.59 13909.673102235 13909.673102235 0.635097543011372 2.10365679734357 1.07390108875211
212456.59 13917.3600444784 13917.3600444784 0.635097543011372 2.10365679734357 1.07390108875211
212457.59 13924.4465795532 13924.4465795532 0.635097543011372 2.10365679734357 1.07390108875211
212458.59 13931.1047527364 13931.1047527364 0.635097543011372 2.10365679734357 1.07390108875211
212459.59 13937.4186851075 13937.4186851075 0.635097543011372 2.10365679734357 1.07390108875211
212460.59 13943.3603674692 13943.3603674692 0.635097543011372 2.10365679734357 1.07390108875211
212461.59 13948.761454669 13948.761454669 0.635097543011372 2.10365679734357 1.07390108875211
212462.59 13953.5354051306 13953.5354051306 0.635097543011372 2.10365679734357 1.07390108875211
212463.59 13957.693012054 13957.693012054 0.635097543011372 2.10365679734357 1.07390108875211
212464.59 13961.2501790365 13961.2501790365 0.635097543011372 2.10365679734357 1.07390108875211
212465.59 13964.311075665 13964.311075665 0.635097543011372 2.10365679734357 1.07390108875211
212466.59 13966.8987422092 13966.8987422092 0.635097543011372 2.10365679734357 1.07390108875211
212467.59 13968.8933018911 13968.8933018911 0.635097543011372 2.10365679734357 1.07390108875211
212468.59 13970.2427707204 13970.2427707204 0.635097543011372 2.10365679734357 1.07390108875211
212469.59 13970.9442235205 13970.9442235205 0.635097543011372 2.10365679734357 1.07390108875211
212470.59 13971.1574443303 13971.1574443303 0.635097543011372 2.10365679734357 1.07390108875211
212471.59 13971.1705951166 13971.1705951166 0.635097543011372 2.10365679734357 1.07390108875211
212472.59 13971.1743001875 13971.1743001875 0.635097543011372 2.10365679734357 1.07390108875211
212473.59 13971.1780662736 13971.1780662736 0.635097543011372 2.10365679734357 1.07390108875211
212474.59 13971.1818323604 13971.1818323604 0.635097543011372 2.10365679734357 1.07390108875211
212475.59 13971.1846416727 13971.1846416727 0.635097543011372 2.10365679734357 1.07390108875211
212476.59 13971.187450983 13971.187450983 0.635097543011372 2.10365679734357 1.07390108875211
212477.59 13971.1901992802 13971.1901992802 0.635097543011372 2.10365679734357 1.07390108875211
212478.59 13971.1921128312 13971.1921128312 0.635097543011372 2.10365679734357 1.07390108875211
212479.59 13971.1939653666 13971.1939653666 0.635097543011372 2.10365679734357 1.07390108875211
212480.59 13971.1958179043 13971.1958179043 0.635097543011372 2.10365679734357 1.07390108875211
212481.59 13971.1976094238 13971.1976094238 0.635097543011372 2.10365679734357 1.07390108875211
212482.59 13971.1985051836 13971.1985051836 0.635097543011372 2.10365679734357 1.07390108875211
212483.59 13971.1994009456 13971.1994009456 0.635097543011372 2.10365679734357 1.07390108875211
212484.59 13971.1994619616 13971.1994619616 0.635097543011372 2.10365679734357 1.07390108875211
212485.59 13971.2002967054 13971.2002967054 0.635097543011372 2.10365679734357 1.07390108875211
212486.59 13971.2002967054 13971.2002967054 0.635097543011372 2.10365679734357 1.07390108875211
212487.59 13971.2002967054 13971.2002967054 0.635097543011372 2.10365679734357 1.07390108875211
212488.59 13971.2002967054 13971.2002967054 0.635097543011372 2.10365679734357 1.07390108875211
212489.59 13971.2002967054 13971.2002967054 0.635097543011372 2.10365679734357 1.07390108875211
212490.59 13971.2002356895 13971.2002356895 0.635097543011372 2.10365679734357 1.07390108875211
212491.59 13971.1993399297 13971.1993399297 0.635097543011372 2.10365679734357 1.07390108875211
212492.59 13971.1984441677 13971.1984441677 0.635097543011372 2.10365679734357 1.07390108875211
212493.59 13971.1975484079 13971.1975484079 0.635097543011372 2.10365679734357 1.07390108875211
212494.59 13971.1965916323 13971.1965916323 0.635097543011372 2.10365679734357 1.07390108875211
212495.59 13971.1956958725 13971.1956958725 0.635097543011372 2.10365679734357 1.07390108875211
212496.59 13971.194739097 13971.194739097 0.635097543011372 2.10365679734357 1.07390108875211
212497.59 13971.1929475775 13971.1929475775 0.635097543011372 2.10365679734357 1.07390108875211
212498.59 13971.1920518154 13971.1920518154 0.635097543011372 2.10365679734357 1.07390108875211
212499.59 13971.1901992802 13971.1901992802 0.635097543011372 2.10365679734357 1.07390108875211
212500.59 13971.1892425048 13971.1892425048 0.635097543011372 2.10365679734357 1.07390108875211
212501.59 13971.187450983 13971.187450983 0.635097543011372 2.10365679734357 1.07390108875211
212502.59 13971.1864942077 13971.1864942077 0.635097543011372 2.10365679734357 1.07390108875211
212503.59 13971.1855984479 13971.1855984479 0.635097543011372 2.10365679734357 1.07390108875211
212504.59 13971.1846416727 13971.1846416727 0.635097543011372 2.10365679734357 1.07390108875211
212505.59 13971.1827891355 13971.1827891355 0.635097543011372 2.10365679734357 1.07390108875211
212506.59 13971.1818323604 13971.1818323604 0.635097543011372 2.10365679734357 1.07390108875211
212507.59 13971.1809366006 13971.1809366006 0.635097543011372 2.10365679734357 1.07390108875211
212508.59 13971.1808755854 13971.1808755854 0.635097543011372 2.10365679734357 1.07390108875211
212509.59 13971.1799188083 13971.1799188083 0.635097543011372 2.10365679734357 1.07390108875211
212510.59 13971.1789620334 13971.1789620334 0.635097543011372 2.10365679734357 1.07390108875211
212511.59 13971.1789620334 13971.1789620334 0.635097543011372 2.10365679734357 1.07390108875211
212512.59 13971.1789010185 13971.1789010185 0.635097543011372 2.10365679734357 1.07390108875211
212513.59 13971.1789010185 13971.1789010185 0.635097543011372 2.10365679734357 1.07390108875211
212514.59 13971.1779442438 13971.1779442438 0.635097543011372 2.10365679734357 1.07390108875211
212515.59 13971.1779442438 13971.1779442438 0.635097543011372 2.10365679734357 1.07390108875211
212516.59 13971.3760417235 13971.3760417235 0.635097543011372 2.10365679734357 1.07390108875211
212517.59 13972.570403575 13972.570403575 0.635097543011372 2.10365679734357 1.07390108875211
212518.59 13974.8666539484 13974.8666539484 0.635097543011372 2.10365679734357 1.07390108875211
212519.59 13978.2520337952 13978.2520337952 0.635097543011372 2.10365679734357 1.07390108875211
212520.59 13982.539487757 13982.539487757 0.635097543011372 2.10365679734357 1.07390108875211
212521.59 13987.6122706765 13987.6122706765 0.635097543011372 2.10365679734357 1.07390108875211
212522.59 13993.3952057449 13993.3952057449 0.635097543011372 2.10365679734357 1.07390108875211
212523.59 13999.9272387816 13999.9272387816 0.635097543011372 2.10365679734357 1.07390108875211
212524.59 14007.0551274391 14007.0551274391 0.635097543011372 2.10365679734357 1.07390108875211
212525.59 14014.4142582877 14014.4142582877 0.635097543011372 2.10365679734357 1.07390108875211
212526.59 14021.9585772986 14021.9585772986 0.635097543011372 2.10365679734357 1.07390108875211
212527.59 14029.6089529478 14029.6089529478 0.635097543011372 2.10365679734357 1.07390108875211
212528.59 14037.277967906 14037.277967906 0.635097543011372 2.10365679734357 1.07390108875211
212529.59 14044.9422476478 14044.9422476478 0.635097543011372 2.10365679734357 1.07390108875211
212530.59 14052.6053878251 14052.6053878251 0.635097543011372 2.10365679734357 1.07390108875211
212531.59 14060.3698952508 14060.3698952508 0.635097543011372 2.10365679734357 1.07390108875211
212532.59 14068.3006523083 14068.3006523083 0.635097543011372 2.10365679734357 1.07390108875211
212533.59 14076.3457010663 14076.3457010663 0.635097543011372 2.10365679734357 1.07390108875211
212534.59 14084.5516994881 14084.5516994881 0.635097543011372 2.10365679734357 1.07390108875211
212535.59 14092.891703658 14092.891703658 0.635097543011372 2.10365679734357 1.07390108875211
212536.59 14101.1935314216 14101.1935314216 0.635097543011372 2.10365679734357 1.07390108875211
212537.59 14109.3316150943 14109.3316150943 0.635097543011372 2.10365679734357 1.07390108875211
212538.59 14117.4759575178 14117.4759575178 0.635097543011372 2.10365679734357 1.07390108875211
212539.59 14125.6376769817 14125.6376769817 0.635097543011372 2.10365679734357 1.07390108875211
212540.59 14133.7007607018 14133.7007607018 0.635097543011372 2.10365679734357 1.07390108875211
212541.59 14141.5612773298 14141.5612773298 0.635097543011372 2.10365679734357 1.07390108875211
212542.59 14149.2391296697 14149.2391296697 0.635097543011372 2.10365679734357 1.07390108875211
212543.59 14156.830341023 14156.830341023 0.635097543011372 2.10365679734357 1.07390108875211
212544.59 14164.3761663202 14164.3761663202 0.635097543011372 2.10365679734357 1.07390108875211
212545.59 14171.8137875472 14171.8137875472 0.635097543011372 2.10365679734357 1.07390108875211
212546.59 14179.1801400085 14179.1801400085 0.635097543011372 2.10365679734357 1.07390108875211
212547.59 14186.4865474838 14186.4865474838 0.635097543011372 2.10365679734357 1.07390108875211
212548.59 14193.7812899279 14193.7812899279 0.635097543011372 2.10365679734357 1.07390108875211
212549.59 14201.1697866539 14201.1697866539 0.635097543011372 2.10365679734357 1.07390108875211
212550.59 14208.6326155221 14208.6326155221 0.635097543011372 2.10365679734357 1.07390108875211
212551.59 14216.1256837983 14216.1256837983 0.635097543011372 2.10365679734357 1.07390108875211
212552.59 14223.6609177962 14223.6609177962 0.635097543011372 2.10365679734357 1.07390108875211
212553.59 14231.2436180295 14231.2436180295 0.635097543011372 2.10365679734357 1.07390108875211
212554.59 14238.8155481547 14238.8155481547 0.635097543011372 2.10365679734357 1.07390108875211
212555.59 14246.2763557102 14246.2763557102 0.635097543011372 2.10365679734357 1.07390108875211
212556.59 14253.7187497996 14253.7187497996 0.635097543011372 2.10365679734357 1.07390108875211
212557.59 14261.1775578025 14261.1775578025 0.635097543011372 2.10365679734357 1.07390108875211
212558.59 14268.5885614119 14268.5885614119 0.635097543011372 2.10365679734357 1.07390108875211
212559.59 14275.9219014721 14275.9219014721 0.635097543011372 2.10365679734357 1.07390108875211
212560.59 14283.2034147756 14283.2034147756 0.635097543011372 2.10365679734357 1.07390108875211
212561.59 14290.4735981283 14290.4735981283 0.635097543011372 2.10365679734357 1.07390108875211
212562.59 14297.7073576536 14297.7073576536 0.635097543011372 2.10365679734357 1.07390108875211
212563.59 14304.8860339547 14304.8860339547 0.635097543011372 2.10365679734357 1.07390108875211
212564.59 14312.0502829273 14312.0502829273 0.635097543011372 2.10365679734357 1.07390108875211
212565.59 14319.2184061516 14319.2184061516 0.635097543011372 2.10365679734357 1.07390108875211
212566.59 14326.4210291208 14326.4210291208 0.635097543011372 2.10365679734357 1.07390108875211
212567.59 14333.7432410214 14333.7432410214 0.635097543011372 2.10365679734357 1.07390108875211
212568.59 14340.8884399495 14340.8884399495 0.635097543011372 2.10365679734357 1.07390108875211
212569.59 14347.6397581963 14347.6397581963 0.635097543011372 2.10365679734357 1.07390108875211
212570.59 14353.9617385186 14353.9617385186 0.635097543011372 2.10365679734357 1.07390108875211
212571.59 14359.7652286351 14359.7652286351 0.635097543011372 2.10365679734357 1.07390108875211
212572.59 14365.0720801035 14365.0720801035 0.635097543011372 2.10365679734357 1.07390108875211
212573.59 14369.9581952282 14369.9581952282 0.635097543011372 2.10365679734357 1.07390108875211
212574.59 14374.4399150625 14374.4399150625 0.635097543011372 2.10365679734357 1.07390108875211
212575.59 14378.3614642264 14378.3614642264 0.635097543011372 2.10365679734357 1.07390108875211
212576.59 14381.4735232572 14381.4735232572 0.635097543011372 2.10365679734357 1.07390108875211
212577.59 14383.7619539334 14383.7619539334 0.635097543011372 2.10365679734357 1.07390108875211
212578.59 14385.2841205426 14385.2841205426 0.635097543011372 2.10365679734357 1.07390108875211
212579.59 14386.166292052 14386.166292052 0.635097543011372 2.10365679734357 1.07390108875211
212580.59 14386.5917277537 14386.5917277537 0.635097543011372 2.10365679734357 1.07390108875211
212581.59 14386.7082185405 14386.7082185405 0.635097543011372 2.10365679734357 1.07390108875211
212582.59 14386.7172708926 14386.7172708926 0.635097543011372 2.10365679734357 1.07390108875211
212583.59 14386.7194248151 14386.7194248151 0.635097543011372 2.10365679734357 1.07390108875211
212584.59 14386.7215787367 14386.7215787367 0.635097543011372 2.10365679734357 1.07390108875211
212585.59 14386.7236411891 14386.7236411891 0.635097543011372 2.10365679734357 1.07390108875211
212586.59 14386.7248096237 14386.7248096237 0.635097543011372 2.10365679734357 1.07390108875211
212587.59 14386.72875159 14386.72875159 0.635097543011372 2.10365679734357 1.07390108875211
212588.59 14387.0793799377 14387.0793799377 0.635097543011372 2.10365679734357 1.07390108875211
212589.59 14388.3942816984 14388.3942816984 0.635097543011372 2.10365679734357 1.07390108875211
212590.59 14390.5379900445 14390.5379900445 0.635097543011372 2.10365679734357 1.07390108875211
212591.59 14393.4102921542 14393.4102921542 0.635097543011372 2.10365679734357 1.07390108875211
212592.59 14396.8793384433 14396.8793384433 0.635097543011372 2.10365679734357 1.07390108875211
212593.59 14400.8509016968 14400.8509016968 0.635097543011372 2.10365679734357 1.07390108875211
212594.59 14405.301543382 14405.301543382 0.635097543011372 2.10365679734357 1.07390108875211
212595.59 14410.1205311311 14410.1205311311 0.635097543011372 2.10365679734357 1.07390108875211
212596.59 14415.2335585114 14415.2335585114 0.635097543011372 2.10365679734357 1.07390108875211
212597.59 14420.622614602 14420.622614602 0.635097543011372 2.10365679734357 1.07390108875211
212598.59 14426.2913788881 14426.2913788881 0.635097543011372 2.10365679734357 1.07390108875211
212599.59 14432.2243188186 14432.2243188186 0.635097543011372 2.10365679734357 1.07390108875211
212600.59 14438.3817707457 14438.3817707457 0.635097543011372 2.10365679734357 1.07390108875211
212601.59 14444.511416157 14444.511416157 0.635097543011372 2.10365679734357 1.07390108875211
212602.59 14450.6238129486 14450.6238129486 0.635097543011372 2.10365679734357 1.07390108875211
212603.59 14456.7535494604 14456.7535494604 0.635097543011372 2.10365679734357 1.07390108875211
212604.59 14462.9431475402 14462.9431475402 0.635097543011372 2.10365679734357 1.07390108875211
212605.59 14469.186902189 14469.186902189 0.635097543011372 2.10365679734357 1.07390108875211
212606.59 14475.434531545 14475.434531545 0.635097543011372 2.10365679734357 1.07390108875211
212607.59 14481.6358642679 14481.6358642679 0.635097543011372 2.10365679734357 1.07390108875211
212608.59 14487.8615041644 14487.8615041644 0.635097543011372 2.10365679734357 1.07390108875211
212609.59 14494.1663737831 14494.1663737831 0.635097543011372 2.10365679734357 1.07390108875211
212610.59 14500.5457860757 14500.5457860757 0.635097543011372 2.10365679734357 1.07390108875211
212611.59 14507.0624154493 14507.0624154493 0.635097543011372 2.10365679734357 1.07390108875211
212612.59 14513.7289857783 14513.7289857783 0.635097543011372 2.10365679734357 1.07390108875211
212613.59 14520.3867326803 14520.3867326803 0.635097543011372 2.10365679734357 1.07390108875211
212614.59 14526.9872454787 14526.9872454787 0.635097543011372 2.10365679734357 1.07390108875211
212615.59 14533.4280891205 14533.4280891205 0.635097543011372 2.10365679734357 1.07390108875211
212616.59 14539.7716532474 14539.7716532474 0.635097543011372 2.10365679734357 1.07390108875211
212617.59 14546.1481326057 14546.1481326057 0.635097543011372 2.10365679734357 1.07390108875211
212618.59 14552.5306082611 14552.5306082611 0.635097543011372 2.10365679734357 1.07390108875211
212619.59 14558.9113935776 14558.9113935776 0.635097543011372 2.10365679734357 1.07390108875211
212620.59 14565.2623236915 14565.2623236915 0.635097543011372 2.10365679734357 1.07390108875211
212621.59 14571.5649484041 14571.5649484041 0.635097543011372 2.10365679734357 1.07390108875211
212622.59 14577.7805568137 14577.7805568137 0.635097543011372 2.10365679734357 1.07390108875211
212623.59 14583.9395246343 14583.9395246343 0.635097543011372 2.10365679734357 1.07390108875211
212624.59 14590.0402468108 14590.0402468108 0.635097543011372 2.10365679734357 1.07390108875211
212625.59 14596.1362485473 14596.1362485473 0.635097543011372 2.10365679734357 1.07390108875211
212626.59 14602.3051369959 14602.3051369959 0.635097543011372 2.10365679734357 1.07390108875211
212627.59 14608.4959668777 14608.4959668777 0.635097543011372 2.10365679734357 1.07390108875211
212628.59 14614.6946558973 14614.6946558973 0.635097543011372 2.10365679734357 1.07390108875211
212629.59 14620.9434046629 14620.9434046629 0.635097543011372 2.10365679734357 1.07390108875211
212630.59 14627.1807687624 14627.1807687624 0.635097543011372 2.10365679734357 1.07390108875211
212631.59 14633.3484507026 14633.3484507026 0.635097543011372 2.10365679734357 1.07390108875211
212632.59 14639.227909649 14639.227909649 0.635097543011372 2.10365679734357 1.07390108875211
212633.59 14644.6807089593 14644.6807089593 0.635097543011372 2.10365679734357 1.07390108875211
212634.59 14649.6628415274 14649.6628415274 0.635097543011372 2.10365679734357 1.07390108875211
212635.59 14654.4176366713 14654.4176366713 0.635097543011372 2.10365679734357 1.07390108875211
212636.59 14659.1539738304 14659.1539738304 0.635097543011372 2.10365679734357 1.07390108875211
212637.59 14663.7614215464 14663.7614215464 0.635097543011372 2.10365679734357 1.07390108875211
212638.59 14668.3909410355 14668.3909410355 0.635097543011372 2.10365679734357 1.07390108875211
212639.59 14672.8067260332 14672.8067260332 0.635097543011372 2.10365679734357 1.07390108875211
212640.59 14676.8182767627 14676.8182767627 0.635097543011372 2.10365679734357 1.07390108875211
212641.59 14680.2216598918 14680.2216598918 0.635097543011372 2.10365679734357 1.07390108875211
212642.59 14682.5046467433 14682.5046467433 0.635097543011372 2.10365679734357 1.07390108875211
212643.59 14683.7534485947 14683.7534485947 0.635097543011372 2.10365679734357 1.07390108875211
212644.59 14684.5670366866 14684.5670366866 0.635097543011372 2.10365679734357 1.07390108875211
212645.59 14685.096574355 14685.096574355 0.635097543011372 2.10365679734357 1.07390108875211
212646.59 14685.3681892567 14685.3681892567 0.635097543011372 2.10365679734357 1.07390108875211
212647.59 14685.5696920176 14685.5696920176 0.635097543011372 2.10365679734357 1.07390108875211
212648.59 14685.704250719 14685.704250719 0.635097543011372 2.10365679734357 1.07390108875211
212649.59 14686.0014098273 14686.0014098273 0.635097543011372 2.10365679734357 1.07390108875211
212650.59 14687.244064646 14687.244064646 0.635097543011372 2.10365679734357 1.07390108875211
212651.59 14690.106357713 14690.106357713 0.635097543011372 2.10365679734357 1.07390108875211
212652.59 14694.329025615 14694.329025615 0.635097543011372 2.10365679734357 1.07390108875211
212653.59 14699.2203494736 14699.2203494736 0.635097543011372 2.10365679734357 1.07390108875211
212654.59 14704.594923836 14704.594923836 0.635097543011372 2.10365679734357 1.07390108875211
212655.59 14710.6335411014 14710.6335411014 0.635097543011372 2.10365679734357 1.07390108875211
212656.59 14717.1790078873 14717.1790078873 0.635097543011372 2.10365679734357 1.07390108875211
212657.59 14724.1014401881 14724.1014401881 0.635097543011372 2.10365679734357 1.07390108875211
212658.59 14731.3370427066 14731.3370427066 0.635097543011372 2.10365679734357 1.07390108875211
212659.59 14738.8790114551 14738.8790114551 0.635097543011372 2.10365679734357 1.07390108875211
212660.59 14746.6642187722 14746.6642187722 0.635097543011372 2.10365679734357 1.07390108875211
212661.59 14754.5297511383 14754.5297511383 0.635097543011372 2.10365679734357 1.07390108875211
212662.59 14762.3155616729 14762.3155616729 0.635097543011372 2.10365679734357 1.07390108875211
212663.59 14769.9801688505 14769.9801688505 0.635097543011372 2.10365679734357 1.07390108875211
212664.59 14777.5609509323 14777.5609509323 0.635097543011372 2.10365679734357 1.07390108875211
212665.59 14785.1458740733 14785.1458740733 0.635097543011372 2.10365679734357 1.07390108875211
212666.59 14792.7761319602 14792.7761319602 0.635097543011372 2.10365679734357 1.07390108875211
212667.59 14800.4721774523 14800.4721774523 0.635097543011372 2.10365679734357 1.07390108875211
212668.59 14808.2198869828 14808.2198869828 0.635097543011372 2.10365679734357 1.07390108875211
212669.59 14816.0577490425 14816.0577490425 0.635097543011372 2.10365679734357 1.07390108875211
212670.59 14823.8768333132 14823.8768333132 0.635097543011372 2.10365679734357 1.07390108875211
212671.59 14831.5963916497 14831.5963916497 0.635097543011372 2.10365679734357 1.07390108875211
212672.59 14839.2361087832 14839.2361087832 0.635097543011372 2.10365679734357 1.07390108875211
212673.59 14846.7438077771 14846.7438077771 0.635097543011372 2.10365679734357 1.07390108875211
212674.59 14854.1782827155 14854.1782827155 0.635097543011372 2.10365679734357 1.07390108875211
212675.59 14861.5979163221 14861.5979163221 0.635097543011372 2.10365679734357 1.07390108875211
212676.59 14868.9961205415 14868.9961205415 0.635097543011372 2.10365679734357 1.07390108875211
212677.59 14876.4084678688 14876.4084678688 0.635097543011372 2.10365679734357 1.07390108875211
212678.59 14883.9243756226 14883.9243756226 0.635097543011372 2.10365679734357 1.07390108875211
212679.59 14891.5111615315 14891.5111615315 0.635097543011372 2.10365679734357 1.07390108875211
212680.59 14899.1187772175 14899.1187772175 0.635097543011372 2.10365679734357 1.07390108875211
212681.59 14906.7621918258 14906.7621918258 0.635097543011372 2.10365679734357 1.07390108875211
212682.59 14914.4204292393 14914.4204292393 0.635097543011372 2.10365679734357 1.07390108875211
212683.59 14922.1607547862 14922.1607547862 0.635097543011372 2.10365679734357 1.07390108875211
212684.59 14930.0031805542 14930.0031805542 0.635097543011372 2.10365679734357 1.07390108875211
212685.59 14937.9462003021 14937.9462003021 0.635097543011372 2.10365679734357 1.07390108875211
212686.59 14945.9087158618 14945.9087158618 0.635097543011372 2.10365679734357 1.07390108875211
212687.59 14953.836276545 14953.836276545 0.635097543011372 2.10365679734357 1.07390108875211
212688.59 14961.7536328006 14961.7536328006 0.635097543011372 2.10365679734357 1.07390108875211
212689.59 14969.6857885108 14969.6857885108 0.635097543011372 2.10365679734357 1.07390108875211
212690.59 14977.4691076461 14977.4691076461 0.635097543011372 2.10365679734357 1.07390108875211
212691.59 14985.0219833229 14985.0219833229 0.635097543011372 2.10365679734357 1.07390108875211
212692.59 14992.466499345 14992.466499345 0.635097543011372 2.10365679734357 1.07390108875211
212693.59 14999.8375189202 14999.8375189202 0.635097543011372 2.10365679734357 1.07390108875211
212694.59 15007.1367518143 15007.1367518143 0.635097543011372 2.10365679734357 1.07390108875211
212695.59 15014.4813904725 15014.4813904725 0.635097543011372 2.10365679734357 1.07390108875211
212696.59 15021.9035057395 15021.9035057395 0.635097543011372 2.10365679734357 1.07390108875211
212697.59 15029.341556742 15029.341556742 0.635097543011372 2.10365679734357 1.07390108875211
212698.59 15036.7266148618 15036.7266148618 0.635097543011372 2.10365679734357 1.07390108875211
212699.59 15044.112891823 15044.112891823 0.635097543011372 2.10365679734357 1.07390108875211
212700.59 15051.5529410432 15051.5529410432 0.635097543011372 2.10365679734357 1.07390108875211
212701.59 15059.10762132 15059.10762132 0.635097543011372 2.10365679734357 1.07390108875211
212702.59 15066.7515810942 15066.7515810942 0.635097543011372 2.10365679734357 1.07390108875211
212703.59 15074.3944834851 15074.3944834851 0.635097543011372 2.10365679734357 1.07390108875211
212704.59 15082.1264065667 15082.1264065667 0.635097543011372 2.10365679734357 1.07390108875211
212705.59 15090.0163655333 15090.0163655333 0.635097543011372 2.10365679734357 1.07390108875211
212706.59 15098.022164737 15098.022164737 0.635097543011372 2.10365679734357 1.07390108875211
212707.59 15106.0735583394 15106.0735583394 0.635097543011372 2.10365679734357 1.07390108875211
212708.59 15114.1853657445 15114.1853657445 0.635097543011372 2.10365679734357 1.07390108875211
212709.59 15122.3749035466 15122.3749035466 0.635097543011372 2.10365679734357 1.07390108875211
212710.59 15130.6473681183 15130.6473681183 0.635097543011372 2.10365679734357 1.07390108875211
212711.59 15138.9594932351 15138.9594932351 0.635097543011372 2.10365679734357 1.07390108875211
212712.59 15147.2991482822 15147.2991482822 0.635097543011372 2.10365679734357 1.07390108875211
212713.59 15155.658355588 15155.658355588 0.635097543011372 2.10365679734357 1.07390108875211
212714.59 15164.010218514 15164.010218514 0.635097543011372 2.10365679734357 1.07390108875211
212715.59 15172.3249211559 15172.3249211559 0.635097543011372 2.10365679734357 1.07390108875211
212716.59 15180.6299062572 15180.6299062572 0.635097543011372 2.10365679734357 1.07390108875211
212717.59 15188.9578379638 15188.9578379638 0.635097543011372 2.10365679734357 1.07390108875211
212718.59 15197.3631770113 15197.3631770113 0.635097543011372 2.10365679734357 1.07390108875211
212719.59 15205.8536232993 15205.8536232993 0.635097543011372 2.10365679734357 1.07390108875211
212720.59 15214.4256674182 15214.4256674182 0.635097543011372 2.10365679734357 1.07390108875211
212721.59 15223.0774716571 15223.0774716571 0.635097543011372 2.10365679734357 1.07390108875211
212722.59 15231.8277069406 15231.8277069406 0.635097543011372 2.10365679734357 1.07390108875211
212723.59 15240.6669904269 15240.6669904269 0.635097543011372 2.10365679734357 1.07390108875211
212724.59 15249.6078937538 15249.6078937538 0.635097543011372 2.10365679734357 1.07390108875211
212725.59 15258.6440894903 15258.6440894903 0.635097543011372 2.10365679734357 1.07390108875211
212726.59 15267.7247408174 15267.7247408174 0.635097543011372 2.10365679734357 1.07390108875211
212727.59 15276.8143487569 15276.8143487569 0.635097543011372 2.10365679734357 1.07390108875211
212728.59 15285.9111392095 15285.9111392095 0.635097543011372 2.10365679734357 1.07390108875211
212729.59 15295.0515227675 15295.0515227675 0.635097543011372 2.10365679734357 1.07390108875211
212730.59 15304.2767899599 15304.2767899599 0.635097543011372 2.10365679734357 1.07390108875211
212731.59 15313.7233290055 15313.7233290055 0.635097543011372 2.10365679734357 1.07390108875211
212732.59 15323.3628080104 15323.3628080104 0.635097543011372 2.10365679734357 1.07390108875211
212733.59 15333.0128625108 15333.0128625108 0.635097543011372 2.10365679734357 1.07390108875211
212734.59 15342.6495651674 15342.6495651674 0.635097543011372 2.10365679734357 1.07390108875211
212735.59 15352.3135800595 15352.3135800595 0.635097543011372 2.10365679734357 1.07390108875211
212736.59 15361.8413595767 15361.8413595767 0.635097543011372 2.10365679734357 1.07390108875211
212737.59 15371.1342164142 15371.1342164142 0.635097543011372 2.10365679734357 1.07390108875211
212738.59 15380.1044325795 15380.1044325795 0.635097543011372 2.10365679734357 1.07390108875211
212739.59 15388.7453325951 15388.7453325951 0.635097543011372 2.10365679734357 1.07390108875211
212740.59 15397.1829027146 15397.1829027146 0.635097543011372 2.10365679734357 1.07390108875211
212741.59 15405.6168732583 15405.6168732583 0.635097543011372 2.10365679734357 1.07390108875211
212742.59 15414.0518960803 15414.0518960803 0.635097543011372 2.10365679734357 1.07390108875211
212743.59 15422.5783629855 15422.5783629855 0.635097543011372 2.10365679734357 1.07390108875211
212744.59 15431.1459399123 15431.1459399123 0.635097543011372 2.10365679734357 1.07390108875211
212745.59 15439.5640494865 15439.5640494865 0.635097543011372 2.10365679734357 1.07390108875211
212746.59 15447.8605606934 15447.8605606934 0.635097543011372 2.10365679734357 1.07390108875211
212747.59 15456.0666080872 15456.0666080872 0.635097543011372 2.10365679734357 1.07390108875211
212748.59 15464.299106805 15464.299106805 0.635097543011372 2.10365679734357 1.07390108875211
212749.59 15472.4990051095 15472.4990051095 0.635097543011372 2.10365679734357 1.07390108875211
212750.59 15480.537418375 15480.537418375 0.635097543011372 2.10365679734357 1.07390108875211
212751.59 15488.3261898579 15488.3261898579 0.635097543011372 2.10365679734357 1.07390108875211
212752.59 15495.6447330937 15495.6447330937 0.635097543011372 2.10365679734357 1.07390108875211
212753.59 15502.3183048809 15502.3183048809 0.635097543011372 2.10365679734357 1.07390108875211
212754.59 15508.2774766639 15508.2774766639 0.635097543011372 2.10365679734357 1.07390108875211
212755.59 15513.805476453 15513.805476453 0.635097543011372 2.10365679734357 1.07390108875211
212756.59 15519.0179925509 15519.0179925509 0.635097543011372 2.10365679734357 1.07390108875211
212757.59 15524.2879041133 15524.2879041133 0.635097543011372 2.10365679734357 1.07390108875211
212758.59 15529.6646334358 15529.6646334358 0.635097543011372 2.10365679734357 1.07390108875211
212759.59 15535.1589707213 15535.1589707213 0.635097543011372 2.10365679734357 1.07390108875211
212760.59 15540.9589710895 15540.9589710895 0.635097543011372 2.10365679734357 1.07390108875211
212761.59 15547.0452659492 15547.0452659492 0.635097543011372 2.10365679734357 1.07390108875211
212762.59 15553.2890488882 15553.2890488882 0.635097543011372 2.10365679734357 1.07390108875211
212763.59 15559.6618135418 15559.6618135418 0.635097543011372 2.10365679734357 1.07390108875211
212764.59 15566.0389949069 15566.0389949069 0.635097543011372 2.10365679734357 1.07390108875211
212765.59 15572.3990723763 15572.3990723763 0.635097543011372 2.10365679734357 1.07390108875211
212766.59 15578.7597407291 15578.7597407291 0.635097543011372 2.10365679734357 1.07390108875211
212767.59 15585.0212711141 15585.0212711141 0.635097543011372 2.10365679734357 1.07390108875211
212768.59 15591.1554640535 15591.1554640535 0.635097543011372 2.10365679734357 1.07390108875211
212769.59 15597.0380059079 15597.0380059079 0.635097543011372 2.10365679734357 1.07390108875211
212770.59 15601.7319224903 15601.7319224903 0.635097543011372 2.10365679734357 1.07390108875211
212771.59 15604.4031284247 15604.4031284247 0.635097543011372 2.10365679734357 1.07390108875211
212772.59 15605.3864765909 15605.3864765909 0.635097543011372 2.10365679734357 1.07390108875211
212773.59 15605.6448201651 15605.6448201651 0.635097543011372 2.10365679734357 1.07390108875211
212774.59 15605.6659916037 15605.6659916037 0.635097543011372 2.10365679734357 1.07390108875211
212775.59 15605.6426193291 15605.6426193291 0.635097543011372 2.10365679734357 1.07390108875211
212776.59 15605.5971551152 15605.5971551152 0.635097543011372 2.10365679734357 1.07390108875211
212777.59 15605.5455807469 15605.5455807469 0.635097543011372 2.10365679734357 1.07390108875211
212778.59 15605.5037914188 15605.5037914188 0.635097543011372 2.10365679734357 1.07390108875211
212779.59 15605.4669258908 15605.4669258908 0.635097543011372 2.10365679734357 1.07390108875211
212780.59 15605.4360573313 15605.4360573313 0.635097543011372 2.10365679734357 1.07390108875211
212781.59 15605.4096075942 15605.4096075942 0.635097543011372 2.10365679734357 1.07390108875211
212782.59 15605.3873872959 15605.3873872959 0.635097543011372 2.10365679734357 1.07390108875211
212783.59 15605.3687020513 15605.3687020513 0.635097543011372 2.10365679734357 1.07390108875211
212784.59 15605.3540568555 15605.3540568555 0.635097543011372 2.10365679734357 1.07390108875211
212785.59 15605.342062948 15605.342062948 0.635097543011372 2.10365679734357 1.07390108875211
212786.59 15605.3334147068 15605.3334147068 0.635097543011372 2.10365679734357 1.07390108875211
212787.59 15605.3265339928 15605.3265339928 0.635097543011372 2.10365679734357 1.07390108875211
212788.59 15605.3221151772 15605.3221151772 0.635097543011372 2.10365679734357 1.07390108875211
212789.59 15605.3203476528 15605.3203476528 0.635097543011372 2.10365679734357 1.07390108875211
212790.59 15605.3183907421 15605.3183907421 0.635097543011372 2.10365679734357 1.07390108875211
212791.59 15605.3152364726 15605.3152364726 0.635097543011372 2.10365679734357 1.07390108875211
212792.59 15605.089424443 15605.089424443 0.635097543011372 2.10365679734357 1.07390108875211
212793.59 15604.1400627966 15604.1400627966 0.635097543011372 2.10365679734357 1.07390108875211
212794.59 15602.20159426 15602.20159426 0.635097543011372 2.10365679734357 1.07390108875211
212795.59 15599.6688905577 15599.6688905577 0.635097543011372 2.10365679734357 1.07390108875211
212796.59 15597.1496610371 15597.1496610371 0.635097543011372 2.10365679734357 1.07390108875211
212797.59 15594.4773879258 15594.4773879258 0.635097543011372 2.10365679734357 1.07390108875211
212798.59 15590.8184816503 15590.8184816503 0.635097543011372 2.10365679734357 1.07390108875211
212799.59 15586.1425429143 15586.1425429143 0.635097543011372 2.10365679734357 1.07390108875211
212800.59 15580.985479456 15580.985479456 0.635097543011372 2.10365679734357 1.07390108875211
212801.59 15575.7491055544 15575.7491055544 0.635097543011372 2.10365679734357 1.07390108875211
212802.59 15570.3907862943 15570.3907862943 0.635097543011372 2.10365679734357 1.07390108875211
212803.59 15564.7345228469 15564.7345228469 0.635097543011372 2.10365679734357 1.07390108875211
212804.59 15558.8531771615 15558.8531771615 0.635097543011372 2.10365679734357 1.07390108875211
212805.59 15552.7185270805 15552.7185270805 0.635097543011372 2.10365679734357 1.07390108875211
212806.59 15546.2682062828 15546.2682062828 0.635097543011372 2.10365679734357 1.07390108875211
212807.59 15539.4761221881 15539.4761221881 0.635097543011372 2.10365679734357 1.07390108875211
212808.59 15532.5667307613 15532.5667307613 0.635097543011372 2.10365679734357 1.07390108875211
212809.59 15525.5241689077 15525.5241689077 0.635097543011372 2.10365679734357 1.07390108875211
212810.59 15518.2410089088 15518.2410089088 0.635097543011372 2.10365679734357 1.07390108875211
212811.59 15510.7417417692 15510.7417417692 0.635097543011372 2.10365679734357 1.07390108875211
212812.59 15503.0042666775 15503.0042666775 0.635097543011372 2.10365679734357 1.07390108875211
212813.59 15495.0437610139 15495.0437610139 0.635097543011372 2.10365679734357 1.07390108875211
212814.59 15486.9571044805 15486.9571044805 0.635097543011372 2.10365679734357 1.07390108875211
212815.59 15478.6425146082 15478.6425146082 0.635097543011372 2.10365679734357 1.07390108875211
212816.59 15470.1103185594 15470.1103185594 0.635097543011372 2.10365679734357 1.07390108875211
212817.59 15461.3522526021 15461.3522526021 0.635097543011372 2.10365679734357 1.07390108875211
212818.59 15452.2756958839 15452.2756958839 0.635097543011372 2.10365679734357 1.07390108875211
212819.59 15442.9849312434 15442.9849312434 0.635097543011372 2.10365679734357 1.07390108875211
212820.59 15433.6762464127 15433.6762464127 0.635097543011372 2.10365679734357 1.07390108875211
212821.59 15424.3104308758 15424.3104308758 0.635097543011372 2.10365679734357 1.07390108875211
212822.59 15414.9272393451 15414.9272393451 0.635097543011372 2.10365679734357 1.07390108875211
212823.59 15405.4671496051 15405.4671496051 0.635097543011372 2.10365679734357 1.07390108875211
212824.59 15395.8647076512 15395.8647076512 0.635097543011372 2.10365679734357 1.07390108875211
212825.59 15386.1381299433 15386.1381299433 0.635097543011372 2.10365679734357 1.07390108875211
212826.59 15376.2873378149 15376.2873378149 0.635097543011372 2.10365679734357 1.07390108875211
212827.59 15366.4588840224 15366.4588840224 0.635097543011372 2.10365679734357 1.07390108875211
212828.59 15356.6973517835 15356.6973517835 0.635097543011372 2.10365679734357 1.07390108875211
212829.59 15346.9464333469 15346.9464333469 0.635097543011372 2.10365679734357 1.07390108875211
212830.59 15337.2505119461 15337.2505119461 0.635097543011372 2.10365679734357 1.07390108875211
212831.59 15327.6021599201 15327.6021599201 0.635097543011372 2.10365679734357 1.07390108875211
212832.59 15317.9660109888 15317.9660109888 0.635097543011372 2.10365679734357 1.07390108875211
212833.59 15308.2922105947 15308.2922105947 0.635097543011372 2.10365679734357 1.07390108875211
212834.59 15298.6130135927 15298.6130135927 0.635097543011372 2.10365679734357 1.07390108875211
212835.59 15288.9688660162 15288.9688660162 0.635097543011372 2.10365679734357 1.07390108875211
212836.59 15279.3252953092 15279.3252953092 0.635097543011372 2.10365679734357 1.07390108875211
212837.59 15269.6756392782 15269.6756392782 0.635097543011372 2.10365679734357 1.07390108875211
212838.59 15260.0437605992 15260.0437605992 0.635097543011372 2.10365679734357 1.07390108875211
212839.59 15250.4528836636 15250.4528836636 0.635097543011372 2.10365679734357 1.07390108875211
212840.59 15241.025017714 15241.025017714 0.635097543011372 2.10365679734357 1.07390108875211
212841.59 15231.6619120308 15231.6619120308 0.635097543011372 2.10365679734357 1.07390108875211
212842.59 15222.2321116148 15222.2321116148 0.635097543011372 2.10365679734357 1.07390108875211
212843.59 15212.7292412848 15212.7292412848 0.635097543011372 2.10365679734357 1.07390108875211
212844.59 15203.2545995777 15203.2545995777 0.635097543011372 2.10365679734357 1.07390108875211
212845.59 15193.784018235 15193.784018235 0.635097543011372 2.10365679734357 1.07390108875211
212846.59 15184.1936663636 15184.1936663636 0.635097543011372 2.10365679734357 1.07390108875211
212847.59 15174.5013124433 15174.5013124433 0.635097543011372 2.10365679734357 1.07390108875211
212848.59 15164.7903074619 15164.7903074619 0.635097543011372 2.10365679734357 1.07390108875211
212849.59 15155.1048360744 15155.1048360744 0.635097543011372 2.10365679734357 1.07390108875211
212850.59 15145.509132976 15145.509132976 0.635097543011372 2.10365679734357 1.07390108875211
212851.59 15136.0179522371 15136.0179522371 0.635097543011372 2.10365679734357 1.07390108875211
212852.59 15126.6087816507 15126.6087816507 0.635097543011372 2.10365679734357 1.07390108875211
212853.59 15117.2915090769 15117.2915090769 0.635097543011372 2.10365679734357 1.07390108875211
212854.59 15108.0755544007 15108.0755544007 0.635097543011372 2.10365679734357 1.07390108875211
212855.59 15098.9429934328 15098.9429934328 0.635097543011372 2.10365679734357 1.07390108875211
212856.59 15089.9084444866 15089.9084444866 0.635097543011372 2.10365679734357 1.07390108875211
212857.59 15080.8435480214 15080.8435480214 0.635097543011372 2.10365679734357 1.07390108875211
212858.59 15071.7331726868 15071.7331726868 0.635097543011372 2.10365679734357 1.07390108875211
212859.59 15062.6389274987 15062.6389274987 0.635097543011372 2.10365679734357 1.07390108875211
212860.59 15053.5791448336 15053.5791448336 0.635097543011372 2.10365679734357 1.07390108875211
212861.59 15044.6144636334 15044.6144636334 0.635097543011372 2.10365679734357 1.07390108875211
212862.59 15035.7279099195 15035.7279099195 0.635097543011372 2.10365679734357 1.07390108875211
212863.59 15026.9423544474 15026.9423544474 0.635097543011372 2.10365679734357 1.07390108875211
212864.59 15018.2469235929 15018.2469235929 0.635097543011372 2.10365679734357 1.07390108875211
212865.59 15009.5943116125 15009.5943116125 0.635097543011372 2.10365679734357 1.07390108875211
212866.59 15001.0273374434 15001.0273374434 0.635097543011372 2.10365679734357 1.07390108875211
212867.59 14992.5853512557 14992.5853512557 0.635097543011372 2.10365679734357 1.07390108875211
212868.59 14984.2435856021 14984.2435856021 0.635097543011372 2.10365679734357 1.07390108875211
212869.59 14975.9940128455 14975.9940128455 0.635097543011372 2.10365679734357 1.07390108875211
212870.59 14967.7858599597 14967.7858599597 0.635097543011372 2.10365679734357 1.07390108875211
212871.59 14959.6145050381 14959.6145050381 0.635097543011372 2.10365679734357 1.07390108875211
212872.59 14951.4927438066 14951.4927438066 0.635097543011372 2.10365679734357 1.07390108875211
212873.59 14943.4322875241 14943.4322875241 0.635097543011372 2.10365679734357 1.07390108875211
212874.59 14935.4474835553 14935.4474835553 0.635097543011372 2.10365679734357 1.07390108875211
212875.59 14927.4397216407 14927.4397216407 0.635097543011372 2.10365679734357 1.07390108875211
212876.59 14919.3009266662 14919.3009266662 0.635097543011372 2.10365679734357 1.07390108875211
212877.59 14911.0517452327 14911.0517452327 0.635097543011372 2.10365679734357 1.07390108875211
212878.59 14902.7249039456 14902.7249039456 0.635097543011372 2.10365679734357 1.07390108875211
212879.59 14894.3477504911 14894.3477504911 0.635097543011372 2.10365679734357 1.07390108875211
212880.59 14885.9489742811 14885.9489742811 0.635097543011372 2.10365679734357 1.07390108875211
212881.59 14877.5133152617 14877.5133152617 0.635097543011372 2.10365679734357 1.07390108875211
212882.59 14868.9856424913 14868.9856424913 0.635097543011372 2.10365679734357 1.07390108875211
212883.59 14860.3526449399 14860.3526449399 0.635097543011372 2.10365679734357 1.07390108875211
212884.59 14851.7033067474 14851.7033067474 0.635097543011372 2.10365679734357 1.07390108875211
212885.59 14843.0890978141 14843.0890978141 0.635097543011372 2.10365679734357 1.07390108875211
212886.59 14834.4867629053 14834.4867629053 0.635097543011372 2.10365679734357 1.07390108875211
212887.59 14825.9470074847 14825.9470074847 0.635097543011372 2.10365679734357 1.07390108875211
212888.59 14817.5949492817 14817.5949492817 0.635097543011372 2.10365679734357 1.07390108875211
212889.59 14809.2685487246 14809.2685487246 0.635097543011372 2.10365679734357 1.07390108875211
212890.59 14800.9908069098 14800.9908069098 0.635097543011372 2.10365679734357 1.07390108875211
212891.59 14792.7572665185 14792.7572665185 0.635097543011372 2.10365679734357 1.07390108875211
212892.59 14784.4749369519 14784.4749369519 0.635097543011372 2.10365679734357 1.07390108875211
212893.59 14776.1069447113 14776.1069447113 0.635097543011372 2.10365679734357 1.07390108875211
212894.59 14767.6429729753 14767.6429729753 0.635097543011372 2.10365679734357 1.07390108875211
212895.59 14759.0914040025 14759.0914040025 0.635097543011372 2.10365679734357 1.07390108875211
212896.59 14750.5797022468 14750.5797022468 0.635097543011372 2.10365679734357 1.07390108875211
212897.59 14742.1323207583 14742.1323207583 0.635097543011372 2.10365679734357 1.07390108875211
212898.59 14733.6731489493 14733.6731489493 0.635097543011372 2.10365679734357 1.07390108875211
212899.59 14725.1506895035 14725.1506895035 0.635097543011372 2.10365679734357 1.07390108875211
212900.59 14716.5449463972 14716.5449463972 0.635097543011372 2.10365679734357 1.07390108875211
212901.59 14707.8979652478 14707.8979652478 0.635097543011372 2.10365679734357 1.07390108875211
212902.59 14699.2900377435 14699.2900377435 0.635097543011372 2.10365679734357 1.07390108875211
212903.59 14690.7667824701 14690.7667824701 0.635097543011372 2.10365679734357 1.07390108875211
212904.59 14682.3459437599 14682.3459437599 0.635097543011372 2.10365679734357 1.07390108875211
212905.59 14674.0192150971 14674.0192150971 0.635097543011372 2.10365679734357 1.07390108875211
212906.59 14665.6349095062 14665.6349095062 0.635097543011372 2.10365679734357 1.07390108875211
212907.59 14657.1661923213 14657.1661923213 0.635097543011372 2.10365679734357 1.07390108875211
212908.59 14648.4734426263 14648.4734426263 0.635097543011372 2.10365679734357 1.07390108875211
212909.59 14639.5359387082 14639.5359387082 0.635097543011372 2.10365679734357 1.07390108875211
212910.59 14630.5051156021 14630.5051156021 0.635097543011372 2.10365679734357 1.07390108875211
212911.59 14621.4209647964 14621.4209647964 0.635097543011372 2.10365679734357 1.07390108875211
212912.59 14612.3416717887 14612.3416717887 0.635097543011372 2.10365679734357 1.07390108875211
212913.59 14603.341649536 14603.341649536 0.635097543011372 2.10365679734357 1.07390108875211
212914.59 14594.3955676428 14594.3955676428 0.635097543011372 2.10365679734357 1.07390108875211
212915.59 14585.4588286808 14585.4588286808 0.635097543011372 2.10365679734357 1.07390108875211
212916.59 14576.5527500477 14576.5527500477 0.635097543011372 2.10365679734357 1.07390108875211
212917.59 14567.6482809762 14567.6482809762 0.635097543011372 2.10365679734357 1.07390108875211
212918.59 14558.6972392134 14558.6972392134 0.635097543011372 2.10365679734357 1.07390108875211
212919.59 14549.7196296359 14549.7196296359 0.635097543011372 2.10365679734357 1.07390108875211
212920.59 14540.6805630427 14540.6805630427 0.635097543011372 2.10365679734357 1.07390108875211
212921.59 14531.6328862542 14531.6328862542 0.635097543011372 2.10365679734357 1.07390108875211
212922.59 14522.5866367044 14522.5866367044 0.635097543011372 2.10365679734357 1.07390108875211
212923.59 14513.5179186106 14513.5179186106 0.635097543011372 2.10365679734357 1.07390108875211
212924.59 14504.4690223589 14504.4690223589 0.635097543011372 2.10365679734357 1.07390108875211
212925.59 14495.3786253611 14495.3786253611 0.635097543011372 2.10365679734357 1.07390108875211
212926.59 14486.1588338834 14486.1588338834 0.635097543011372 2.10365679734357 1.07390108875211
212927.59 14476.7750237923 14476.7750237923 0.635097543011372 2.10365679734357 1.07390108875211
212928.59 14467.4821295876 14467.4821295876 0.635097543011372 2.10365679734357 1.07390108875211
212929.59 14458.3687854716 14458.3687854716 0.635097543011372 2.10365679734357 1.07390108875211
212930.59 14449.3901342018 14449.3901342018 0.635097543011372 2.10365679734357 1.07390108875211
212931.59 14440.4543474631 14440.4543474631 0.635097543011372 2.10365679734357 1.07390108875211
212932.59 14431.4809276557 14431.4809276557 0.635097543011372 2.10365679734357 1.07390108875211
212933.59 14422.543829389 14422.543829389 0.635097543011372 2.10365679734357 1.07390108875211
212934.59 14413.6213874807 14413.6213874807 0.635097543011372 2.10365679734357 1.07390108875211
212935.59 14404.5300045318 14404.5300045318 0.635097543011372 2.10365679734357 1.07390108875211
212936.59 14395.319129333 14395.319129333 0.635097543011372 2.10365679734357 1.07390108875211
212937.59 14385.9359309223 14385.9359309223 0.635097543011372 2.10365679734357 1.07390108875211
212938.59 14376.4215632544 14376.4215632544 0.635097543011372 2.10365679734357 1.07390108875211
212939.59 14366.8933969331 14366.8933969331 0.635097543011372 2.10365679734357 1.07390108875211
212940.59 14357.5313190075 14357.5313190075 0.635097543011372 2.10365679734357 1.07390108875211
212941.59 14348.3426553917 14348.3426553917 0.635097543011372 2.10365679734357 1.07390108875211
212942.59 14339.1839192608 14339.1839192608 0.635097543011372 2.10365679734357 1.07390108875211
212943.59 14329.9683479203 14329.9683479203 0.635097543011372 2.10365679734357 1.07390108875211
212944.59 14320.8049805426 14320.8049805426 0.635097543011372 2.10365679734357 1.07390108875211
212945.59 14311.6931321434 14311.6931321434 0.635097543011372 2.10365679734357 1.07390108875211
212946.59 14302.5868608163 14302.5868608163 0.635097543011372 2.10365679734357 1.07390108875211
212947.59 14293.4421850738 14293.4421850738 0.635097543011372 2.10365679734357 1.07390108875211
212948.59 14284.1621333403 14284.1621333403 0.635097543011372 2.10365679734357 1.07390108875211
212949.59 14274.687128426 14274.687128426 0.635097543011372 2.10365679734357 1.07390108875211
212950.59 14265.0105238402 14265.0105238402 0.635097543011372 2.10365679734357 1.07390108875211
212951.59 14255.3146889019 14255.3146889019 0.635097543011372 2.10365679734357 1.07390108875211
212952.59 14245.6037654839 14245.6037654839 0.635097543011372 2.10365679734357 1.07390108875211
212953.59 14235.7853449573 14235.7853449573 0.635097543011372 2.10365679734357 1.07390108875211
212954.59 14225.8665347012 14225.8665347012 0.635097543011372 2.10365679734357 1.07390108875211
212955.59 14215.8950496207 14215.8950496207 0.635097543011372 2.10365679734357 1.07390108875211
212956.59 14205.8655776201 14205.8655776201 0.635097543011372 2.10365679734357 1.07390108875211
212957.59 14195.6642014281 14195.6642014281 0.635097543011372 2.10365679734357 1.07390108875211
212958.59 14185.402530938 14185.402530938 0.635097543011372 2.10365679734357 1.07390108875211
212959.59 14175.0412782197 14175.0412782197 0.635097543011372 2.10365679734357 1.07390108875211
212960.59 14164.5813623691 14164.5813623691 0.635097543011372 2.10365679734357 1.07390108875211
212961.59 14154.2325766608 14154.2325766608 0.635097543011372 2.10365679734357 1.07390108875211
212962.59 14143.9902720296 14143.9902720296 0.635097543011372 2.10365679734357 1.07390108875211
212963.59 14133.8436145321 14133.8436145321 0.635097543011372 2.10365679734357 1.07390108875211
212964.59 14123.9565292703 14123.9565292703 0.635097543011372 2.10365679734357 1.07390108875211
212965.59 14114.3728207429 14114.3728207429 0.635097543011372 2.10365679734357 1.07390108875211
212966.59 14105.1380863905 14105.1380863905 0.635097543011372 2.10365679734357 1.07390108875211
212967.59 14096.195561065 14096.195561065 0.635097543011372 2.10365679734357 1.07390108875211
212968.59 14087.3773791757 14087.3773791757 0.635097543011372 2.10365679734357 1.07390108875211
212969.59 14078.4276581816 14078.4276581816 0.635097543011372 2.10365679734357 1.07390108875211
212970.59 14069.3332564337 14069.3332564337 0.635097543011372 2.10365679734357 1.07390108875211
212971.59 14060.2567617503 14060.2567617503 0.635097543011372 2.10365679734357 1.07390108875211
212972.59 14051.2485215718 14051.2485215718 0.635097543011372 2.10365679734357 1.07390108875211
212973.59 14042.2871521871 14042.2871521871 0.635097543011372 2.10365679734357 1.07390108875211
212974.59 14033.4296053151 14033.4296053151 0.635097543011372 2.10365679734357 1.07390108875211
212975.59 14024.6886430763 14024.6886430763 0.635097543011372 2.10365679734357 1.07390108875211
212976.59 14016.0015972956 14016.0015972956 0.635097543011372 2.10365679734357 1.07390108875211
212977.59 14007.2518523426 14007.2518523426 0.635097543011372 2.10365679734357 1.07390108875211
212978.59 13998.1357805758 13998.1357805758 0.635097543011372 2.10365679734357 1.07390108875211
212979.59 13988.7721667182 13988.7721667182 0.635097543011372 2.10365679734357 1.07390108875211
212980.59 13979.1269811399 13979.1269811399 0.635097543011372 2.10365679734357 1.07390108875211
212981.59 13969.3128879655 13969.3128879655 0.635097543011372 2.10365679734357 1.07390108875211
212982.59 13959.6852855394 13959.6852855394 0.635097543011372 2.10365679734357 1.07390108875211
212983.59 13950.1126361126 13950.1126361126 0.635097543011372 2.10365679734357 1.07390108875211
212984.59 13940.5180558337 13940.5180558337 0.635097543011372 2.10365679734357 1.07390108875211
212985.59 13930.8847326437 13930.8847326437 0.635097543011372 2.10365679734357 1.07390108875211
212986.59 13921.1765322546 13921.1765322546 0.635097543011372 2.10365679734357 1.07390108875211
212987.59 13911.3723080385 13911.3723080385 0.635097543011372 2.10365679734357 1.07390108875211
212988.59 13901.515175368 13901.515175368 0.635097543011372 2.10365679734357 1.07390108875211
212989.59 13891.6041413522 13891.6041413522 0.635097543011372 2.10365679734357 1.07390108875211
212990.59 13881.5794790633 13881.5794790633 0.635097543011372 2.10365679734357 1.07390108875211
212991.59 13871.4565975679 13871.4565975679 0.635097543011372 2.10365679734357 1.07390108875211
212992.59 13861.1292852677 13861.1292852677 0.635097543011372 2.10365679734357 1.07390108875211
212993.59 13850.663144419 13850.663144419 0.635097543011372 2.10365679734357 1.07390108875211
212994.59 13840.0963844563 13840.0963844563 0.635097543011372 2.10365679734357 1.07390108875211
212995.59 13829.4037563813 13829.4037563813 0.635097543011372 2.10365679734357 1.07390108875211
212996.59 13818.5846670994 13818.5846670994 0.635097543011372 2.10365679734357 1.07390108875211
212997.59 13807.6806418854 13807.6806418854 0.635097543011372 2.10365679734357 1.07390108875211
212998.59 13796.7913893664 13796.7913893664 0.635097543011372 2.10365679734357 1.07390108875211
212999.59 13785.9633826267 13785.9633826267 0.635097543011372 2.10365679734357 1.07390108875211
213000.59 13775.146145768 13775.146145768 0.635097543011372 2.10365679734357 1.07390108875211
213001.59 13764.3380594734 13764.3380594734 0.635097543011372 2.10365679734357 1.07390108875211
213002.59 13753.5170919716 13753.5170919716 0.635097543011372 2.10365679734357 1.07390108875211
213003.59 13742.6901642728 13742.6901642728 0.635097543011372 2.10365679734357 1.07390108875211
213004.59 13731.8853151101 13731.8853151101 0.635097543011372 2.10365679734357 1.07390108875211
213005.59 13721.1334082663 13721.1334082663 0.635097543011372 2.10365679734357 1.07390108875211
213006.59 13710.4534034876 13710.4534034876 0.635097543011372 2.10365679734357 1.07390108875211
213007.59 13699.764717937 13699.764717937 0.635097543011372 2.10365679734357 1.07390108875211
213008.59 13689.0278163434 13689.0278163434 0.635097543011372 2.10365679734357 1.07390108875211
213009.59 13678.3241651951 13678.3241651951 0.635097543011372 2.10365679734357 1.07390108875211
213010.59 13667.6536085019 13667.6536085019 0.635097543011372 2.10365679734357 1.07390108875211
213011.59 13657.025140167 13657.025140167 0.635097543011372 2.10365679734357 1.07390108875211
213012.59 13646.4474185336 13646.4474185336 0.635097543011372 2.10365679734357 1.07390108875211
213013.59 13635.9006737141 13635.9006737141 0.635097543011372 2.10365679734357 1.07390108875211
213014.59 13625.4259814755 13625.4259814755 0.635097543011372 2.10365679734357 1.07390108875211
213015.59 13615.149483407 13615.149483407 0.635097543011372 2.10365679734357 1.07390108875211
213016.59 13605.0118496256 13605.0118496256 0.635097543011372 2.10365679734357 1.07390108875211
213017.59 13595.0062174491 13595.0062174491 0.635097543011372 2.10365679734357 1.07390108875211
213018.59 13585.1216365064 13585.1216365064 0.635097543011372 2.10365679734357 1.07390108875211
213019.59 13575.3321715907 13575.3321715907 0.635097543011372 2.10365679734357 1.07390108875211
213020.59 13565.6045343228 13565.6045343228 0.635097543011372 2.10365679734357 1.07390108875211
213021.59 13555.9279105646 13555.9279105646 0.635097543011372 2.10365679734357 1.07390108875211
213022.59 13546.2989875283 13546.2989875283 0.635097543011372 2.10365679734357 1.07390108875211
213023.59 13536.7894226636 13536.7894226636 0.635097543011372 2.10365679734357 1.07390108875211
213024.59 13527.4127342206 13527.4127342206 0.635097543011372 2.10365679734357 1.07390108875211
213025.59 13518.1935085629 13518.1935085629 0.635097543011372 2.10365679734357 1.07390108875211
213026.59 13509.1084830543 13509.1084830543 0.635097543011372 2.10365679734357 1.07390108875211
213027.59 13500.1617328143 13500.1617328143 0.635097543011372 2.10365679734357 1.07390108875211
213028.59 13491.3755660469 13491.3755660469 0.635097543011372 2.10365679734357 1.07390108875211
213029.59 13482.7552034103 13482.7552034103 0.635097543011372 2.10365679734357 1.07390108875211
213030.59 13474.2936137431 13474.2936137431 0.635097543011372 2.10365679734357 1.07390108875211
213031.59 13465.9535615174 13465.9535615174 0.635097543011372 2.10365679734357 1.07390108875211
213032.59 13457.7062130942 13457.7062130942 0.635097543011372 2.10365679734357 1.07390108875211
213033.59 13449.530572887 13449.530572887 0.635097543011372 2.10365679734357 1.07390108875211
213034.59 13441.5456408805 13441.5456408805 0.635097543011372 2.10365679734357 1.07390108875211
213035.59 13433.8849710278 13433.8849710278 0.635097543011372 2.10365679734357 1.07390108875211
213036.59 13426.56362121 13426.56362121 0.635097543011372 2.10365679734357 1.07390108875211
213037.59 13419.5042576012 13419.5042576012 0.635097543011372 2.10365679734357 1.07390108875211
213038.59 13412.5954187383 13412.5954187383 0.635097543011372 2.10365679734357 1.07390108875211
213039.59 13405.8061481289 13405.8061481289 0.635097543011372 2.10365679734357 1.07390108875211
213040.59 13399.0745817202 13399.0745817202 0.635097543011372 2.10365679734357 1.07390108875211
213041.59 13392.3919189243 13392.3919189243 0.635097543011372 2.10365679734357 1.07390108875211
213042.59 13385.7923449873 13385.7923449873 0.635097543011372 2.10365679734357 1.07390108875211
213043.59 13379.3806181661 13379.3806181661 0.635097543011372 2.10365679734357 1.07390108875211
213044.59 13373.0838354238 13373.0838354238 0.635097543011372 2.10365679734357 1.07390108875211
213045.59 13366.8774304777 13366.8774304777 0.635097543011372 2.10365679734357 1.07390108875211
213046.59 13360.8641595779 13360.8641595779 0.635097543011372 2.10365679734357 1.07390108875211
213047.59 13355.2260882331 13355.2260882331 0.635097543011372 2.10365679734357 1.07390108875211
213048.59 13349.7998712996 13349.7998712996 0.635097543011372 2.10365679734357 1.07390108875211
213049.59 13344.5005189968 13344.5005189968 0.635097543011372 2.10365679734357 1.07390108875211
213050.59 13339.4030582991 13339.4030582991 0.635097543011372 2.10365679734357 1.07390108875211
213051.59 13334.5738311509 13334.5738311509 0.635097543011372 2.10365679734357 1.07390108875211
213052.59 13330.0486757943 13330.0486757943 0.635097543011372 2.10365679734357 1.07390108875211
213053.59 13325.8583110868 13325.8583110868 0.635097543011372 2.10365679734357 1.07390108875211
213054.59 13321.9973816324 13321.9973816324 0.635097543011372 2.10365679734357 1.07390108875211
213055.59 13318.3691585152 13318.3691585152 0.635097543011372 2.10365679734357 1.07390108875211
213056.59 13314.8841868961 13314.8841868961 0.635097543011372 2.10365679734357 1.07390108875211
213057.59 13311.5094613678 13311.5094613678 0.635097543011372 2.10365679734357 1.07390108875211
213058.59 13308.2145281228 13308.2145281228 0.635097543011372 2.10365679734357 1.07390108875211
213059.59 13305.0157077988 13305.0157077988 0.635097543011372 2.10365679734357 1.07390108875211
213060.59 13301.9195138207 13301.9195138207 0.635097543011372 2.10365679734357 1.07390108875211
213061.59 13299.0043111576 13299.0043111576 0.635097543011372 2.10365679734357 1.07390108875211
213062.59 13296.3112525831 13296.3112525831 0.635097543011372 2.10365679734357 1.07390108875211
213063.59 13293.810907855 13293.810907855 0.635097543011372 2.10365679734357 1.07390108875211
213064.59 13291.5662915319 13291.5662915319 0.635097543011372 2.10365679734357 1.07390108875211
213065.59 13289.5184606415 13289.5184606415 0.635097543011372 2.10365679734357 1.07390108875211
213066.59 13287.6506739514 13287.6506739514 0.635097543011372 2.10365679734357 1.07390108875211
213067.59 13285.9464018995 13285.9464018995 0.635097543011372 2.10365679734357 1.07390108875211
213068.59 13284.3360471829 13284.3360471829 0.635097543011372 2.10365679734357 1.07390108875211
213069.59 13282.918641309 13282.918641309 0.635097543011372 2.10365679734357 1.07390108875211
213070.59 13281.6381396619 13281.6381396619 0.635097543011372 2.10365679734357 1.07390108875211
213071.59 13280.5058229541 13280.5058229541 0.635097543011372 2.10365679734357 1.07390108875211
213072.59 13279.5212396253 13279.5212396253 0.635097543011372 2.10365679734357 1.07390108875211
213073.59 13278.6871226372 13278.6871226372 0.635097543011372 2.10365679734357 1.07390108875211
213074.59 13277.9880485103 13277.9880485103 0.635097543011372 2.10365679734357 1.07390108875211
213075.59 13277.4199945576 13277.4199945576 0.635097543011372 2.10365679734357 1.07390108875211
213076.59 13276.984852574 13276.984852574 0.635097543011372 2.10365679734357 1.07390108875211
213077.59 13276.6666976409 13276.6666976409 0.635097543011372 2.10365679734357 1.07390108875211
213078.59 13276.3868867666 13276.3868867666 0.635097543011372 2.10365679734357 1.07390108875211
213079.59 13276.1318929485 13276.1318929485 0.635097543011372 2.10365679734357 1.07390108875211
213080.59 13275.9114389068 13275.9114389068 0.635097543011372 2.10365679734357 1.07390108875211
213081.59 13275.7219624868 13275.7219624868 0.635097543011372 2.10365679734357 1.07390108875211
213082.59 13275.5673150334 13275.5673150334 0.635097543011372 2.10365679734357 1.07390108875211
213083.59 13275.5301360587 13275.5301360587 0.635097543011372 2.10365679734357 1.07390108875211
213084.59 13275.6184632674 13275.6184632674 0.635097543011372 2.10365679734357 1.07390108875211
213085.59 13275.7849264121 13275.7849264121 0.635097543011372 2.10365679734357 1.07390108875211
213086.59 13275.9819067965 13275.9819067965 0.635097543011372 2.10365679734357 1.07390108875211
213087.59 13276.1909350123 13276.1909350123 0.635097543011372 2.10365679734357 1.07390108875211
213088.59 13276.4023617238 13276.4023617238 0.635097543011372 2.10365679734357 1.07390108875211
213089.59 13276.6220570093 13276.6220570093 0.635097543011372 2.10365679734357 1.07390108875211
213090.59 13276.8413102246 13276.8413102246 0.635097543011372 2.10365679734357 1.07390108875211
213091.59 13277.0733762248 13277.0733762248 0.635097543011372 2.10365679734357 1.07390108875211
213092.59 13277.2792920105 13277.2792920105 0.635097543011372 2.10365679734357 1.07390108875211
213093.59 13277.5099528987 13277.5099528987 0.635097543011372 2.10365679734357 1.07390108875211
213094.59 13277.7430863505 13277.7430863505 0.635097543011372 2.10365679734357 1.07390108875211
213095.59 13277.9632133084 13277.9632133084 0.635097543011372 2.10365679734357 1.07390108875211
213096.59 13278.1689760974 13278.1689760974 0.635097543011372 2.10365679734357 1.07390108875211
213097.59 13278.389492205 13278.389492205 0.635097543011372 2.10365679734357 1.07390108875211
213098.59 13278.8040313996 13278.8040313996 0.635097543011372 2.10365679734357 1.07390108875211
213099.59 13279.4287901046 13279.4287901046 0.635097543011372 2.10365679734357 1.07390108875211
213100.59 13280.1425121941 13280.1425121941 0.635097543011372 2.10365679734357 1.07390108875211
213101.59 13280.7356548878 13280.7356548878 0.635097543011372 2.10365679734357 1.07390108875211
213102.59 13281.2609783461 13281.2609783461 0.635097543011372 2.10365679734357 1.07390108875211
213103.59 13281.7357406397 13281.7357406397 0.635097543011372 2.10365679734357 1.07390108875211
213104.59 13282.0569747294 13282.0569747294 0.635097543011372 2.10365679734357 1.07390108875211
213105.59 13282.2637312422 13282.2637312422 0.635097543011372 2.10365679734357 1.07390108875211
213106.59 13282.4765006816 13282.4765006816 0.635097543011372 2.10365679734357 1.07390108875211
213107.59 13282.6583384542 13282.6583384542 0.635097543011372 2.10365679734357 1.07390108875211
213108.59 13282.7823857559 13282.7823857559 0.635097543011372 2.10365679734357 1.07390108875211
213109.59 13282.8612141783 13282.8612141783 0.635097543011372 2.10365679734357 1.07390108875211
213110.59 13282.913372765 13282.913372765 0.635097543011372 2.10365679734357 1.07390108875211
213111.59 13282.943211464 13282.943211464 0.635097543011372 2.10365679734357 1.07390108875211
213112.59 13282.958809956 13282.958809956 0.635097543011372 2.10365679734357 1.07390108875211
213113.59 13282.9651296652 13282.9651296652 0.635097543011372 2.10365679734357 1.07390108875211
213114.59 13282.9669806197 13282.9669806197 0.635097543011372 2.10365679734357 1.07390108875211
213115.59 13282.9690917791 13282.9690917791 0.635097543011372 2.10365679734357 1.07390108875211
213116.59 13282.9703064432 13282.9703064432 0.635097543011372 2.10365679734357 1.07390108875211
213117.59 13282.9723721609 13282.9723721609 0.635097543011372 2.10365679734357 1.07390108875211
213118.59 13282.9734959264 13282.9734959264 0.635097543011372 2.10365679734357 1.07390108875211
213119.59 13282.9755616478 13282.9755616478 0.635097543011372 2.10365679734357 1.07390108875211
213120.59 13282.9775364659 13282.9775364659 0.635097543011372 2.10365679734357 1.07390108875211
213121.59 13282.9795112832 13282.9795112832 0.635097543011372 2.10365679734357 1.07390108875211
213122.59 13282.9814861042 13282.9814861042 0.635097543011372 2.10365679734357 1.07390108875211
213123.59 13282.9834154691 13282.9834154691 0.635097543011372 2.10365679734357 1.07390108875211
213124.59 13282.9844028795 13282.9844028795 0.635097543011372 2.10365679734357 1.07390108875211
213125.59 13282.9862867923 13282.9862867923 0.635097543011372 2.10365679734357 1.07390108875211
213126.59 13282.9872742034 13282.9872742034 0.635097543011372 2.10365679734357 1.07390108875211
213127.59 13282.9891126609 13282.9891126609 0.635097543011372 2.10365679734357 1.07390108875211
213128.59 13282.9900091605 13282.9900091605 0.635097543011372 2.10365679734357 1.07390108875211
213129.59 13282.9909511139 13282.9909511139 0.635097543011372 2.10365679734357 1.07390108875211
213130.59 13282.9918476158 13282.9918476158 0.635097543011372 2.10365679734357 1.07390108875211
213131.59 13282.9926986595 13282.9926986595 0.635097543011372 2.10365679734357 1.07390108875211
213132.59 13282.9935951615 13282.9935951615 0.635097543011372 2.10365679734357 1.07390108875211
213133.59 13282.994446203 13282.994446203 0.635097543011372 2.10365679734357 1.07390108875211
213134.59 13282.9944007472 13282.9944007472 0.635097543011372 2.10365679734357 1.07390108875211
213135.59 13282.9952517936 13282.9952517936 0.635097543011372 2.10365679734357 1.07390108875211
213136.59 13282.995206338 13282.995206338 0.635097543011372 2.10365679734357 1.07390108875211
213137.59 13282.9951154271 13282.9951154271 0.635097543011372 2.10365679734357 1.07390108875211
213138.59 13282.9950699718 13282.9950699718 0.635097543011372 2.10365679734357 1.07390108875211
213139.59 13282.9958755612 13282.9958755612 0.635097543011372 2.10365679734357 1.07390108875211
213140.59 13282.9958301061 13282.9958301061 0.635097543011372 2.10365679734357 1.07390108875211
213141.59 13282.9957391964 13282.9957391964 0.635097543011372 2.10365679734357 1.07390108875211
213142.59 13282.994797242 13282.994797242 0.635097543011372 2.10365679734357 1.07390108875211
213143.59 13282.9947063328 13282.9947063328 0.635097543011372 2.10365679734357 1.07390108875211
213144.59 13282.9946154239 13282.9946154239 0.635097543011372 2.10365679734357 1.07390108875211
213145.59 13282.9945699696 13282.9945699696 0.635097543011372 2.10365679734357 1.07390108875211
213146.59 13282.9944790614 13282.9944790614 0.635097543011372 2.10365679734357 1.07390108875211
213147.59 13282.9944336074 13282.9944336074 0.635097543011372 2.10365679734357 1.07390108875211
213148.59 13282.9943426997 13282.9943426997 0.635097543011372 2.10365679734357 1.07390108875211
213149.59 13282.9942972459 13282.9942972459 0.635097543011372 2.10365679734357 1.07390108875211
213150.59 13282.9942517923 13282.9942517923 0.635097543011372 2.10365679734357 1.07390108875211
213151.59 13282.9942063388 13282.9942063388 0.635097543011372 2.10365679734357 1.07390108875211
213152.59 13282.994115432 13282.994115432 0.635097543011372 2.10365679734357 1.07390108875211
213153.59 13282.9940699787 13282.9940699787 0.635097543011372 2.10365679734357 1.07390108875211
213154.59 13282.9940245255 13282.9940245255 0.635097543011372 2.10365679734357 1.07390108875211
213155.59 13282.9940245255 13282.9940245255 0.635097543011372 2.10365679734357 1.07390108875211
213156.59 13282.9930825704 13282.9930825704 0.635097543011372 2.10365679734357 1.07390108875211
213157.59 13282.9930371174 13282.9930371174 0.635097543011372 2.10365679734357 1.07390108875211
213158.59 13282.9929916645 13282.9929916645 0.635097543011372 2.10365679734357 1.07390108875211
213159.59 13282.9929462117 13282.9929462117 0.635097543011372 2.10365679734357 1.07390108875211
213160.59 13282.9920042615 13282.9920042615 0.635097543011372 2.10365679734357 1.07390108875211
213161.59 13282.9920042615 13282.9920042615 0.635097543011372 2.10365679734357 1.07390108875211
213162.59 13282.9920042615 13282.9920042615 0.635097543011372 2.10365679734357 1.07390108875211
213163.59 13282.9910623069 13282.9910623069 0.635097543011372 2.10365679734357 1.07390108875211
213164.59 13282.9910623069 13282.9910623069 0.635097543011372 2.10365679734357 1.07390108875211
213165.59 13282.9910623069 13282.9910623069 0.635097543011372 2.10365679734357 1.07390108875211
213166.59 13282.9901658071 13282.9901658071 0.635097543011372 2.10365679734357 1.07390108875211
213167.59 13282.9901203546 13282.9901203546 0.635097543011372 2.10365679734357 1.07390108875211
213168.59 13282.9901658071 13282.9901658071 0.635097543011372 2.10365679734357 1.07390108875211
213169.59 13282.9901658071 13282.9901658071 0.635097543011372 2.10365679734357 1.07390108875211
213170.59 13282.9901658071 13282.9901658071 0.635097543011372 2.10365679734357 1.07390108875211
213171.59 13282.9901658071 13282.9901658071 0.635097543011372 2.10365679734357 1.07390108875211
213172.59 13282.9901658071 13282.9901658071 0.635097543011372 2.10365679734357 1.07390108875211
213173.59 13282.9902112597 13282.9902112597 0.635097543011372 2.10365679734357 1.07390108875211
213174.59 13282.9902112597 13282.9902112597 0.635097543011372 2.10365679734357 1.07390108875211
213175.59 13282.9902567124 13282.9902567124 0.635097543011372 2.10365679734357 1.07390108875211
213176.59 13282.9902567124 13282.9902567124 0.635097543011372 2.10365679734357 1.07390108875211
213177.59 13282.9903021653 13282.9903021653 0.635097543011372 2.10365679734357 1.07390108875211
213178.59 13282.9903021653 13282.9903021653 0.635097543011372 2.10365679734357 1.07390108875211
213179.59 13282.9903021653 13282.9903021653 0.635097543011372 2.10365679734357 1.07390108875211
213180.59 13282.9903476182 13282.9903476182 0.635097543011372 2.10365679734357 1.07390108875211
213181.59 13282.9903476182 13282.9903476182 0.635097543011372 2.10365679734357 1.07390108875211
213182.59 13282.9903930712 13282.9903930712 0.635097543011372 2.10365679734357 1.07390108875211
213183.59 13282.9903930712 13282.9903930712 0.635097543011372 2.10365679734357 1.07390108875211
213184.59 13282.9903930712 13282.9903930712 0.635097543011372 2.10365679734357 1.07390108875211
213185.59 13282.9903930712 13282.9903930712 0.635097543011372 2.10365679734357 1.07390108875211
213186.59 13282.9904385243 13282.9904385243 0.635097543011372 2.10365679734357 1.07390108875211
213187.59 13282.9904385243 13282.9904385243 0.635097543011372 2.10365679734357 1.07390108875211
213188.59 13282.9904385243 13282.9904385243 0.635097543011372 2.10365679734357 1.07390108875211
213189.59 13282.9895420222 13282.9895420222 0.635097543011372 2.10365679734357 1.07390108875211
213190.59 13282.9900546165 13282.9900546165 0.635097543011372 2.10365679734357 1.07390108875211
213191.59 13283.0082741631 13283.0082741631 0.635097543011372 2.10365679734357 1.07390108875211
213192.59 13283.066081891 13283.066081891 0.635097543011372 2.10365679734357 1.07390108875211
213193.59 13283.1755478612 13283.1755478612 0.635097543011372 2.10365679734357 1.07390108875211
213194.59 13283.3579878572 13283.3579878572 0.635097543011372 2.10365679734357 1.07390108875211
213195.59 13283.5603432557 13283.5603432557 0.635097543011372 2.10365679734357 1.07390108875211
213196.59 13283.8239512957 13283.8239512957 0.635097543011372 2.10365679734357 1.07390108875211
213197.59 13284.193472128 13284.193472128 0.635097543011372 2.10365679734357 1.07390108875211
213198.59 13284.5657253447 13284.5657253447 0.635097543011372 2.10365679734357 1.07390108875211
213199.59 13284.992496469 13284.992496469 0.635097543011372 2.10365679734357 1.07390108875211
213200.59 13285.461087944 13285.461087944 0.635097543011372 2.10365679734357 1.07390108875211
213201.59 13285.8985128203 13285.8985128203 0.635097543011372 2.10365679734357 1.07390108875211
213202.59 13286.3347833242 13286.3347833242 0.635097543011372 2.10365679734357 1.07390108875211
213203.59 13286.7566796496 13286.7566796496 0.635097543011372 2.10365679734357 1.07390108875211
213204.59 13287.2388896804 13287.2388896804 0.635097543011372 2.10365679734357 1.07390108875211
213205.59 13287.9000896818 13287.9000896818 0.635097543011372 2.10365679734357 1.07390108875211
213206.59 13288.7318076596 13288.7318076596 0.635097543011372 2.10365679734357 1.07390108875211
213207.59 13289.4873219607 13289.4873219607 0.635097543011372 2.10365679734357 1.07390108875211
213208.59 13290.1379425534 13290.1379425534 0.635097543011372 2.10365679734357 1.07390108875211
213209.59 13290.7938004066 13290.7938004066 0.635097543011372 2.10365679734357 1.07390108875211
213210.59 13291.5456734835 13291.5456734835 0.635097543011372 2.10365679734357 1.07390108875211
213211.59 13292.2189583313 13292.2189583313 0.635097543011372 2.10365679734357 1.07390108875211
213212.59 13292.8767395717 13292.8767395717 0.635097543011372 2.10365679734357 1.07390108875211
213213.59 13293.6276864 13293.6276864 0.635097543011372 2.10365679734357 1.07390108875211
213214.59 13294.4243373285 13294.4243373285 0.635097543011372 2.10365679734357 1.07390108875211
213215.59 13295.25221047 13295.25221047 0.635097543011372 2.10365679734357 1.07390108875211
213216.59 13296.034297696 13296.034297696 0.635097543011372 2.10365679734357 1.07390108875211
213217.59 13296.7478762175 13296.7478762175 0.635097543011372 2.10365679734357 1.07390108875211
213218.59 13297.3911253166 13297.3911253166 0.635097543011372 2.10365679734357 1.07390108875211
213219.59 13298.0371716828 13298.0371716828 0.635097543011372 2.10365679734357 1.07390108875211
213220.59 13298.7858343529 13298.7858343529 0.635097543011372 2.10365679734357 1.07390108875211
213221.59 13299.4743460213 13299.4743460213 0.635097543011372 2.10365679734357 1.07390108875211
213222.59 13300.1864593064 13300.1864593064 0.635097543011372 2.10365679734357 1.07390108875211
213223.59 13300.8072541164 13300.8072541164 0.635097543011372 2.10365679734357 1.07390108875211
213224.59 13301.2604486159 13301.2604486159 0.635097543011372 2.10365679734357 1.07390108875211
213225.59 13301.5249021499 13301.5249021499 0.635097543011372 2.10365679734357 1.07390108875211
213226.59 13301.7088084054 13301.7088084054 0.635097543011372 2.10365679734357 1.07390108875211
213227.59 13302.0277324585 13302.0277324585 0.635097543011372 2.10365679734357 1.07390108875211
213228.59 13302.5246015331 13302.5246015331 0.635097543011372 2.10365679734357 1.07390108875211
213229.59 13303.1832641587 13303.1832641587 0.635097543011372 2.10365679734357 1.07390108875211
213230.59 13303.9780622133 13303.9780622133 0.635097543011372 2.10365679734357 1.07390108875211
213231.59 13304.7443928962 13304.7443928962 0.635097543011372 2.10365679734357 1.07390108875211
213232.59 13305.3769701391 13305.3769701391 0.635097543011372 2.10365679734357 1.07390108875211
213233.59 13305.9889819865 13305.9889819865 0.635097543011372 2.10365679734357 1.07390108875211
213234.59 13306.5822498165 13306.5822498165 0.635097543011372 2.10365679734357 1.07390108875211
213235.59 13307.2212281093 13307.2212281093 0.635097543011372 2.10365679734357 1.07390108875211
213236.59 13307.9916047173 13307.9916047173 0.635097543011372 2.10365679734357 1.07390108875211
213237.59 13308.8751973933 13308.8751973933 0.635097543011372 2.10365679734357 1.07390108875211
213238.59 13309.8137337182 13309.8137337182 0.635097543011372 2.10365679734357 1.07390108875211
213239.59 13310.6024223291 13310.6024223291 0.635097543011372 2.10365679734357 1.07390108875211
213240.59 13311.2868064273 13311.2868064273 0.635097543011372 2.10365679734357 1.07390108875211
213241.59 13311.8805177437 13311.8805177437 0.635097543011372 2.10365679734357 1.07390108875211
213242.59 13312.4159527381 13312.4159527381 0.635097543011372 2.10365679734357 1.07390108875211
213243.59 13312.9339348722 13312.9339348722 0.635097543011372 2.10365679734357 1.07390108875211
213244.59 13313.4323142438 13313.4323142438 0.635097543011372 2.10365679734357 1.07390108875211
213245.59 13313.898261803 13313.898261803 0.635097543011372 2.10365679734357 1.07390108875211
213246.59 13314.3308521693 13314.3308521693 0.635097543011372 2.10365679734357 1.07390108875211
213247.59 13314.7338119046 13314.7338119046 0.635097543011372 2.10365679734357 1.07390108875211
213248.59 13315.086803612 13315.086803612 0.635097543011372 2.10365679734357 1.07390108875211
213249.59 13315.3881408735 13315.3881408735 0.635097543011372 2.10365679734357 1.07390108875211
213250.59 13315.6447298298 13315.6447298298 0.635097543011372 2.10365679734357 1.07390108875211
213251.59 13315.8501108149 13315.8501108149 0.635097543011372 2.10365679734357 1.07390108875211
213252.59 13316.0069393489 13316.0069393489 0.635097543011372 2.10365679734357 1.07390108875211
213253.59 13316.1256204432 13316.1256204432 0.635097543011372 2.10365679734357 1.07390108875211
213254.59 13316.2067023652 13316.2067023652 0.635097543011372 2.10365679734357 1.07390108875211
213255.59 13316.2549714039 13316.2549714039 0.635097543011372 2.10365679734357 1.07390108875211
213256.59 13316.2755950152 13316.2755950152 0.635097543011372 2.10365679734357 1.07390108875211
213257.59 13316.2883568218 13316.2883568218 0.635097543011372 2.10365679734357 1.07390108875211
213258.59 13316.297137396 13316.297137396 0.635097543011372 2.10365679734357 1.07390108875211
213259.59 13316.2990354696 13316.2990354696 0.635097543011372 2.10365679734357 1.07390108875211
213260.59 13316.2973476156 13316.2973476156 0.635097543011372 2.10365679734357 1.07390108875211
213261.59 13316.2965534612 13316.2965534612 0.635097543011372 2.10365679734357 1.07390108875211
213262.59 13316.2956597594 13316.2956597594 0.635097543011372 2.10365679734357 1.07390108875211
213263.59 13316.2939719056 13316.2939719056 0.635097543011372 2.10365679734357 1.07390108875211
213264.59 13316.2930782039 13316.2930782039 0.635097543011372 2.10365679734357 1.07390108875211
213265.59 13316.2921844998 13316.2921844998 0.635097543011372 2.10365679734357 1.07390108875211
213266.59 13316.2903970962 13316.2903970962 0.635097543011372 2.10365679734357 1.07390108875211
213267.59 13316.2894038445 13316.2894038445 0.635097543011372 2.10365679734357 1.07390108875211
213268.59 13316.2885101428 13316.2885101428 0.635097543011372 2.10365679734357 1.07390108875211
213269.59 13316.2875168889 13316.2875168889 0.635097543011372 2.10365679734357 1.07390108875211
213270.59 13316.2865236374 13316.2865236374 0.635097543011372 2.10365679734357 1.07390108875211
213271.59 13316.2864240878 13316.2864240878 0.635097543011372 2.10365679734357 1.07390108875211
213272.59 13316.285331287 13316.285331287 0.635097543011372 2.10365679734357 1.07390108875211
213273.59 13316.2852317377 13316.2852317377 0.635097543011372 2.10365679734357 1.07390108875211
213274.59 13316.2850326393 13316.2850326393 0.635097543011372 2.10365679734357 1.07390108875211
213275.59 13316.2849330903 13316.2849330903 0.635097543011372 2.10365679734357 1.07390108875211
213276.59 13316.2848335413 13316.2848335413 0.635097543011372 2.10365679734357 1.07390108875211
213277.59 13316.2846344436 13316.2846344436 0.635097543011372 2.10365679734357 1.07390108875211
213278.59 13316.2836411931 13316.2836411931 0.635097543011372 2.10365679734357 1.07390108875211
213279.59 13316.2835416445 13316.2835416445 0.635097543011372 2.10365679734357 1.07390108875211
213280.59 13316.2824488435 13316.2824488435 0.635097543011372 2.10365679734357 1.07390108875211
213281.59 13316.2832429993 13316.2832429993 0.635097543011372 2.10365679734357 1.07390108875211
213282.59 13316.2831434511 13316.2831434511 0.635097543011372 2.10365679734357 1.07390108875211
213283.59 13316.2839376048 13316.2839376048 0.635097543011372 2.10365679734357 1.07390108875211
213284.59 13316.2838380568 13316.2838380568 0.635097543011372 2.10365679734357 1.07390108875211
213285.59 13316.2837385088 13316.2837385088 0.635097543011372 2.10365679734357 1.07390108875211
213286.59 13316.2836389609 13316.2836389609 0.635097543011372 2.10365679734357 1.07390108875211
213287.59 13316.2836389609 13316.2836389609 0.635097543011372 2.10365679734357 1.07390108875211
213288.59 13316.2835394132 13316.2835394132 0.635097543011372 2.10365679734357 1.07390108875211
213289.59 13316.2834398655 13316.2834398655 0.635097543011372 2.10365679734357 1.07390108875211
213290.59 13316.2834398655 13316.2834398655 0.635097543011372 2.10365679734357 1.07390108875211
213291.59 13316.2833403179 13316.2833403179 0.635097543011372 2.10365679734357 1.07390108875211
213292.59 13316.2832407704 13316.2832407704 0.635097543011372 2.10365679734357 1.07390108875211
213293.59 13316.284034925 13316.284034925 0.635097543011372 2.10365679734357 1.07390108875211
213294.59 13316.284034925 13316.284034925 0.635097543011372 2.10365679734357 1.07390108875211
213295.59 13316.2848290797 13316.2848290797 0.635097543011372 2.10365679734357 1.07390108875211
213296.59 13316.2848290797 13316.2848290797 0.635097543011372 2.10365679734357 1.07390108875211
213297.59 13316.2848290797 13316.2848290797 0.635097543011372 2.10365679734357 1.07390108875211
213298.59 13316.2848290797 13316.2848290797 0.635097543011372 2.10365679734357 1.07390108875211
213299.59 13316.2856232367 13316.2856232367 0.635097543011372 2.10365679734357 1.07390108875211
213300.59 13316.2856232367 13316.2856232367 0.635097543011372 2.10365679734357 1.07390108875211
213301.59 13316.2856232367 13316.2856232367 0.635097543011372 2.10365679734357 1.07390108875211
213302.59 13316.2857227839 13316.2857227839 0.635097543011372 2.10365679734357 1.07390108875211
213303.59 13316.2866164859 13316.2866164859 0.635097543011372 2.10365679734357 1.07390108875211
213304.59 13316.2866164859 13316.2866164859 0.635097543011372 2.10365679734357 1.07390108875211
213305.59 13316.2867160332 13316.2867160332 0.635097543011372 2.10365679734357 1.07390108875211
213306.59 13316.2867160332 13316.2867160332 0.635097543011372 2.10365679734357 1.07390108875211
213307.59 13316.2868155806 13316.2868155806 0.635097543011372 2.10365679734357 1.07390108875211
213308.59 13316.2869151281 13316.2869151281 0.635097543011372 2.10365679734357 1.07390108875211
213309.59 13316.2860214261 13316.2860214261 0.635097543011372 2.10365679734357 1.07390108875211
213310.59 13316.2865191648 13316.2865191648 0.635097543011372 2.10365679734357 1.07390108875211
213311.59 13316.2913090122 13316.2913090122 0.635097543011372 2.10365679734357 1.07390108875211
213312.59 13316.3249373906 13316.3249373906 0.635097543011372 2.10365679734357 1.07390108875211
213313.59 13316.3809836557 13316.3809836557 0.635097543011372 2.10365679734357 1.07390108875211
213314.59 13316.4708306427 13316.4708306427 0.635097543011372 2.10365679734357 1.07390108875211
213315.59 13316.6359183313 13316.6359183313 0.635097543011372 2.10365679734357 1.07390108875211
213316.59 13316.9145240727 13316.9145240727 0.635097543011372 2.10365679734357 1.07390108875211
213317.59 13317.3195727835 13317.3195727835 0.635097543011372 2.10365679734357 1.07390108875211
213318.59 13317.8437271858 13317.8437271858 0.635097543011372 2.10365679734357 1.07390108875211
213319.59 13318.4645260316 13318.4645260316 0.635097543011372 2.10365679734357 1.07390108875211
213320.59 13319.1803222284 13319.1803222284 0.635097543011372 2.10365679734357 1.07390108875211
213321.59 13319.9849240225 13319.9849240225 0.635097543011372 2.10365679734357 1.07390108875211
213322.59 13320.9266195301 13320.9266195301 0.635097543011372 2.10365679734357 1.07390108875211
213323.59 13322.0212099483 13322.0212099483 0.635097543011372 2.10365679734357 1.07390108875211
213324.59 13323.1968120175 13323.1968120175 0.635097543011372 2.10365679734357 1.07390108875211
213325.59 13324.4891961566 13324.4891961566 0.635097543011372 2.10365679734357 1.07390108875211
213326.59 13325.8164830714 13325.8164830714 0.635097543011372 2.10365679734357 1.07390108875211
213327.59 13327.0925260583 13327.0925260583 0.635097543011372 2.10365679734357 1.07390108875211
213328.59 13328.4263256066 13328.4263256066 0.635097543011372 2.10365679734357 1.07390108875211
213329.59 13329.8401979206 13329.8401979206 0.635097543011372 2.10365679734357 1.07390108875211
213330.59 13331.4235797464 13331.4235797464 0.635097543011372 2.10365679734357 1.07390108875211
213331.59 13333.1014219638 13333.1014219638 0.635097543011372 2.10365679734357 1.07390108875211
213332.59 13334.8800469419 13334.8800469419 0.635097543011372 2.10365679734357 1.07390108875211
213333.59 13336.7587753541 13336.7587753541 0.635097543011372 2.10365679734357 1.07390108875211
213334.59 13338.7050048498 13338.7050048498 0.635097543011372 2.10365679734357 1.07390108875211
213335.59 13340.6272533121 13340.6272533121 0.635097543011372 2.10365679734357 1.07390108875211
213336.59 13342.5025610665 13342.5025610665 0.635097543011372 2.10365679734357 1.07390108875211
213337.59 13344.4242922818 13344.4242922818 0.635097543011372 2.10365679734357 1.07390108875211
213338.59 13346.4393606585 13346.4393606585 0.635097543011372 2.10365679734357 1.07390108875211
213339.59 13348.5864871626 13348.5864871626 0.635097543011372 2.10365679734357 1.07390108875211
213340.59 13350.8138222106 13350.8138222106 0.635097543011372 2.10365679734357 1.07390108875211
213341.59 13353.0366459608 13353.0366459608 0.635097543011372 2.10365679734357 1.07390108875211
213342.59 13355.3175711924 13355.3175711924 0.635097543011372 2.10365679734357 1.07390108875211
213343.59 13357.7251396023 13357.7251396023 0.635097543011372 2.10365679734357 1.07390108875211
213344.59 13360.1831319385 13360.1831319385 0.635097543011372 2.10365679734357 1.07390108875211
213345.59 13362.7129445793 13362.7129445793 0.635097543011372 2.10365679734357 1.07390108875211
213346.59 13365.3040351407 13365.3040351407 0.635097543011372 2.10365679734357 1.07390108875211
213347.59 13367.9326831066 13367.9326831066 0.635097543011372 2.10365679734357 1.07390108875211
213348.59 13370.5912250545 13370.5912250545 0.635097543011372 2.10365679734357 1.07390108875211
213349.59 13373.2939136891 13373.2939136891 0.635097543011372 2.10365679734357 1.07390108875211
213350.59 13376.0578087899 13376.0578087899 0.635097543011372 2.10365679734357 1.07390108875211
213351.59 13378.8988531116 13378.8988531116 0.635097543011372 2.10365679734357 1.07390108875211
213352.59 13381.8129478558 13381.8129478558 0.635097543011372 2.10365679734357 1.07390108875211
213353.59 13384.8461357796 13384.8461357796 0.635097543011372 2.10365679734357 1.07390108875211
213354.59 13388.0188944083 13388.0188944083 0.635097543011372 2.10365679734357 1.07390108875211
213355.59 13391.2268885906 13391.2268885906 0.635097543011372 2.10365679734357 1.07390108875211
213356.59 13394.3705593116 13394.3705593116 0.635097543011372 2.10365679734357 1.07390108875211
213357.59 13397.477534725 13397.477534725 0.635097543011372 2.10365679734357 1.07390108875211
213358.59 13400.695093318 13400.695093318 0.635097543011372 2.10365679734357 1.07390108875211
213359.59 13404.0263907073 13404.0263907073 0.635097543011372 2.10365679734357 1.07390108875211
213360.59 13407.4645753666 13407.4645753666 0.635097543011372 2.10365679734357 1.07390108875211
213361.59 13411.0085341341 13411.0085341341 0.635097543011372 2.10365679734357 1.07390108875211
213362.59 13414.6123307516 13414.6123307516 0.635097543011372 2.10365679734357 1.07390108875211
213363.59 13418.1643831667 13418.1643831667 0.635097543011372 2.10365679734357 1.07390108875211
213364.59 13421.6674719737 13421.6674719737 0.635097543011372 2.10365679734357 1.07390108875211
213365.59 13425.2489773811 13425.2489773811 0.635097543011372 2.10365679734357 1.07390108875211
213366.59 13428.9232417466 13428.9232417466 0.635097543011372 2.10365679734357 1.07390108875211
213367.59 13432.5937996069 13432.5937996069 0.635097543011372 2.10365679734357 1.07390108875211
213368.59 13436.2085999397 13436.2085999397 0.635097543011372 2.10365679734357 1.07390108875211
213369.59 13439.7677181996 13439.7677181996 0.635097543011372 2.10365679734357 1.07390108875211
213370.59 13443.321963154 13443.321963154 0.635097543011372 2.10365679734357 1.07390108875211
213371.59 13446.8790790435 13446.8790790435 0.635097543011372 2.10365679734357 1.07390108875211
213372.59 13450.4414088053 13450.4414088053 0.635097543011372 2.10365679734357 1.07390108875211
213373.59 13454.0036299948 13454.0036299948 0.635097543011372 2.10365679734357 1.07390108875211
213374.59 13457.5461233922 13457.5461233922 0.635097543011372 2.10365679734357 1.07390108875211
213375.59 13461.0566862339 13461.0566862339 0.635097543011372 2.10365679734357 1.07390108875211
213376.59 13464.5257307662 13464.5257307662 0.635097543011372 2.10365679734357 1.07390108875211
213377.59 13467.9198695287 13467.9198695287 0.635097543011372 2.10365679734357 1.07390108875211
213378.59 13471.23326895 13471.23326895 0.635097543011372 2.10365679734357 1.07390108875211
213379.59 13474.4988060188 13474.4988060188 0.635097543011372 2.10365679734357 1.07390108875211
213380.59 13477.7019493114 13477.7019493114 0.635097543011372 2.10365679734357 1.07390108875211
213381.59 13480.8723295628 13480.8723295628 0.635097543011372 2.10365679734357 1.07390108875211
213382.59 13484.0234573683 13484.0234573683 0.635097543011372 2.10365679734357 1.07390108875211
213383.59 13487.1563899883 13487.1563899883 0.635097543011372 2.10365679734357 1.07390108875211
213384.59 13490.290713665 13490.290713665 0.635097543011372 2.10365679734357 1.07390108875211
213385.59 13493.4486023702 13493.4486023702 0.635097543011372 2.10365679734357 1.07390108875211
213386.59 13496.6089054438 13496.6089054438 0.635097543011372 2.10365679734357 1.07390108875211
213387.59 13499.7440275165 13499.7440275165 0.635097543011372 2.10365679734357 1.07390108875211
213388.59 13502.8483340676 13502.8483340676 0.635097543011372 2.10365679734357 1.07390108875211
213389.59 13505.9054036712 13505.9054036712 0.635097543011372 2.10365679734357 1.07390108875211
213390.59 13508.9116263121 13508.9116263121 0.635097543011372 2.10365679734357 1.07390108875211
213391.59 13511.8471235604 13511.8471235604 0.635097543011372 2.10365679734357 1.07390108875211
213392.59 13514.7366580983 13514.7366580983 0.635097543011372 2.10365679734357 1.07390108875211
213393.59 13517.5736015717 13517.5736015717 0.635097543011372 2.10365679734357 1.07390108875211
213394.59 13520.3250342806 13520.3250342806 0.635097543011372 2.10365679734357 1.07390108875211
213395.59 13522.984900273 13522.984900273 0.635097543011372 2.10365679734357 1.07390108875211
213396.59 13525.5293399294 13525.5293399294 0.635097543011372 2.10365679734357 1.07390108875211
213397.59 13527.9904024946 13527.9904024946 0.635097543011372 2.10365679734357 1.07390108875211
213398.59 13530.3960503104 13530.3960503104 0.635097543011372 2.10365679734357 1.07390108875211
213399.59 13532.7237078959 13532.7237078959 0.635097543011372 2.10365679734357 1.07390108875211
213400.59 13534.925743684 13534.925743684 0.635097543011372 2.10365679734357 1.07390108875211
213401.59 13537.1140157538 13537.1140157538 0.635097543011372 2.10365679734357 1.07390108875211
213402.59 13539.4160517728 13539.4160517728 0.635097543011372 2.10365679734357 1.07390108875211
213403.59 13541.7970038447 13541.7970038447 0.635097543011372 2.10365679734357 1.07390108875211
213404.59 13544.1531118197 13544.1531118197 0.635097543011372 2.10365679734357 1.07390108875211
213405.59 13546.4495681357 13546.4495681357 0.635097543011372 2.10365679734357 1.07390108875211
213406.59 13548.5664501962 13548.5664501962 0.635097543011372 2.10365679734357 1.07390108875211
213407.59 13550.4808218964 13550.4808218964 0.635097543011372 2.10365679734357 1.07390108875211
213408.59 13552.1559496782 13552.1559496782 0.635097543011372 2.10365679734357 1.07390108875211
213409.59 13553.5918776488 13553.5918776488 0.635097543011372 2.10365679734357 1.07390108875211
213410.59 13554.8411506987 13554.8411506987 0.635097543011372 2.10365679734357 1.07390108875211
213411.59 13555.9199767553 13555.9199767553 0.635097543011372 2.10365679734357 1.07390108875211
213412.59 13556.8547564733 13556.8547564733 0.635097543011372 2.10365679734357 1.07390108875211
213413.59 13557.6679424101 13557.6679424101 0.635097543011372 2.10365679734357 1.07390108875211
213414.59 13558.3906042491 13558.3906042491 0.635097543011372 2.10365679734357 1.07390108875211
213415.59 13559.0373681686 13559.0373681686 0.635097543011372 2.10365679734357 1.07390108875211
213416.59 13559.5921291546 13559.5921291546 0.635097543011372 2.10365679734357 1.07390108875211
213417.59 13560.0439992635 13560.0439992635 0.635097543011372 2.10365679734357 1.07390108875211
213418.59 13560.4244775092 13560.4244775092 0.635097543011372 2.10365679734357 1.07390108875211
213419.59 13560.7191726494 13560.7191726494 0.635097543011372 2.10365679734357 1.07390108875211
213420.59 13560.9234199173 13560.9234199173 0.635097543011372 2.10365679734357 1.07390108875211
213421.59 13561.0381966273 13561.0381966273 0.635097543011372 2.10365679734357 1.07390108875211
213422.59 13561.0806737129 13561.0806737129 0.635097543011372 2.10365679734357 1.07390108875211
213423.59 13561.099103159 13561.099103159 0.635097543011372 2.10365679734357 1.07390108875211
213424.59 13561.1014971491 13561.1014971491 0.635097543011372 2.10365679734357 1.07390108875211
213425.59 13561.1010091375 13561.1010091375 0.635097543011372 2.10365679734357 1.07390108875211
213426.59 13561.0996380137 13561.0996380137 0.635097543011372 2.10365679734357 1.07390108875211
213427.59 13561.100033113 13561.100033113 0.635097543011372 2.10365679734357 1.07390108875211
213428.59 13561.0993475526 13561.0993475526 0.635097543011372 2.10365679734357 1.07390108875211
213429.59 13561.0997426524 13561.0997426524 0.635097543011372 2.10365679734357 1.07390108875211
213430.59 13561.0999402025 13561.0999402025 0.635097543011372 2.10365679734357 1.07390108875211
213431.59 13561.1001377526 13561.1001377526 0.635097543011372 2.10365679734357 1.07390108875211
213432.59 13561.1001377526 13561.1001377526 0.635097543011372 2.10365679734357 1.07390108875211
213433.59 13561.1010208627 13561.1010208627 0.635097543011372 2.10365679734357 1.07390108875211
213434.59 13561.1010208627 13561.1010208627 0.635097543011372 2.10365679734357 1.07390108875211
213435.59 13561.1019039751 13561.1019039751 0.635097543011372 2.10365679734357 1.07390108875211
213436.59 13561.1027870851 13561.1027870851 0.635097543011372 2.10365679734357 1.07390108875211
213437.59 13561.1036701952 13561.1036701952 0.635097543011372 2.10365679734357 1.07390108875211
213438.59 13561.1045533053 13561.1045533053 0.635097543011372 2.10365679734357 1.07390108875211
213439.59 13561.1054364177 13561.1054364177 0.635097543011372 2.10365679734357 1.07390108875211
213440.59 13561.1106656485 13561.1106656485 0.635097543011372 2.10365679734357 1.07390108875211
213441.59 13561.2308423043 13561.2308423043 0.635097543011372 2.10365679734357 1.07390108875211
213442.59 13561.565788753 13561.565788753 0.635097543011372 2.10365679734357 1.07390108875211
213443.59 13562.0750303165 13562.0750303165 0.635097543011372 2.10365679734357 1.07390108875211
213444.59 13562.6651960722 13562.6651960722 0.635097543011372 2.10365679734357 1.07390108875211
213445.59 13563.2840990673 13563.2840990673 0.635097543011372 2.10365679734357 1.07390108875211
213446.59 13564.1410665773 13564.1410665773 0.635097543011372 2.10365679734357 1.07390108875211
213447.59 13565.8556044414 13565.8556044414 0.635097543011372 2.10365679734357 1.07390108875211
213448.59 13568.8013410995 13568.8013410995 0.635097543011372 2.10365679734357 1.07390108875211
213449.59 13572.9850482238 13572.9850482238 0.635097543011372 2.10365679734357 1.07390108875211
213450.59 13578.0282986359 13578.0282986359 0.635097543011372 2.10365679734357 1.07390108875211
213451.59 13583.4566138299 13583.4566138299 0.635097543011372 2.10365679734357 1.07390108875211
213452.59 13588.8386730258 13588.8386730258 0.635097543011372 2.10365679734357 1.07390108875211
213453.59 13594.1381777739 13594.1381777739 0.635097543011372 2.10365679734357 1.07390108875211
213454.59 13599.2750500204 13599.2750500204 0.635097543011372 2.10365679734357 1.07390108875211
213455.59 13603.9418460015 13603.9418460015 0.635097543011372 2.10365679734357 1.07390108875211
213456.59 13607.8602276458 13607.8602276458 0.635097543011372 2.10365679734357 1.07390108875211
213457.59 13611.5735793087 13611.5735793087 0.635097543011372 2.10365679734357 1.07390108875211
213458.59 13615.2488833776 13615.2488833776 0.635097543011372 2.10365679734357 1.07390108875211
213459.59 13618.6119583265 13618.6119583265 0.635097543011372 2.10365679734357 1.07390108875211
213460.59 13621.4129104411 13621.4129104411 0.635097543011372 2.10365679734357 1.07390108875211
213461.59 13624.1416989095 13624.1416989095 0.635097543011372 2.10365679734357 1.07390108875211
213462.59 13626.8997256304 13626.8997256304 0.635097543011372 2.10365679734357 1.07390108875211
213463.59 13629.2861769755 13629.2861769755 0.635097543011372 2.10365679734357 1.07390108875211
213464.59 13630.9695100861 13630.9695100861 0.635097543011372 2.10365679734357 1.07390108875211
213465.59 13631.8854208171 13631.8854208171 0.635097543011372 2.10365679734357 1.07390108875211
213466.59 13632.3727760483 13632.3727760483 0.635097543011372 2.10365679734357 1.07390108875211
213467.59 13633.6323573907 13633.6323573907 0.635097543011372 2.10365679734357 1.07390108875211
213468.59 13635.6925620587 13635.6925620587 0.635097543011372 2.10365679734357 1.07390108875211
213469.59 13638.1267535355 13638.1267535355 0.635097543011372 2.10365679734357 1.07390108875211
213470.59 13640.7662802542 13640.7662802542 0.635097543011372 2.10365679734357 1.07390108875211
213471.59 13643.6974492443 13643.6974492443 0.635097543011372 2.10365679734357 1.07390108875211
213472.59 13646.8412955977 13646.8412955977 0.635097543011372 2.10365679734357 1.07390108875211
213473.59 13649.8737037109 13649.8737037109 0.635097543011372 2.10365679734357 1.07390108875211
213474.59 13652.5947159084 13652.5947159084 0.635097543011372 2.10365679734357 1.07390108875211
213475.59 13654.7079309649 13654.7079309649 0.635097543011372 2.10365679734357 1.07390108875211
213476.59 13656.1378347991 13656.1378347991 0.635097543011372 2.10365679734357 1.07390108875211
213477.59 13657.2642985051 13657.2642985051 0.635097543011372 2.10365679734357 1.07390108875211
213478.59 13658.2402166963 13658.2402166963 0.635097543011372 2.10365679734357 1.07390108875211
213479.59 13659.0041010786 13659.0041010786 0.635097543011372 2.10365679734357 1.07390108875211
213480.59 13659.6301293536 13659.6301293536 0.635097543011372 2.10365679734357 1.07390108875211
213481.59 13660.2523332105 13660.2523332105 0.635097543011372 2.10365679734357 1.07390108875211
213482.59 13660.9123934636 13660.9123934636 0.635097543011372 2.10365679734357 1.07390108875211
213483.59 13661.6121309983 13661.6121309983 0.635097543011372 2.10365679734357 1.07390108875211
213484.59 13662.3710965056 13662.3710965056 0.635097543011372 2.10365679734357 1.07390108875211
213485.59 13663.2036232191 13663.2036232191 0.635097543011372 2.10365679734357 1.07390108875211
213486.59 13664.0823643095 13664.0823643095 0.635097543011372 2.10365679734357 1.07390108875211
213487.59 13664.9483954835 13664.9483954835 0.635097543011372 2.10365679734357 1.07390108875211
213488.59 13665.7764001811 13665.7764001811 0.635097543011372 2.10365679734357 1.07390108875211
213489.59 13666.5957649748 13666.5957649748 0.635097543011372 2.10365679734357 1.07390108875211
213490.59 13667.7283063634 13667.7283063634 0.635097543011372 2.10365679734357 1.07390108875211
213491.59 13669.5302800627 13669.5302800627 0.635097543011372 2.10365679734357 1.07390108875211
213492.59 13672.0625285021 13672.0625285021 0.635097543011372 2.10365679734357 1.07390108875211
213493.59 13675.4234033382 13675.4234033382 0.635097543011372 2.10365679734357 1.07390108875211
213494.59 13679.4405722453 13679.4405722453 0.635097543011372 2.10365679734357 1.07390108875211
213495.59 13683.6719181184 13683.6719181184 0.635097543011372 2.10365679734357 1.07390108875211
213496.59 13688.0083929854 13688.0083929854 0.635097543011372 2.10365679734357 1.07390108875211
213497.59 13692.4489584245 13692.4489584245 0.635097543011372 2.10365679734357 1.07390108875211
213498.59 13697.0146435041 13697.0146435041 0.635097543011372 2.10365679734357 1.07390108875211
213499.59 13701.5636064027 13701.5636064027 0.635097543011372 2.10365679734357 1.07390108875211
213500.59 13706.0124974002 13706.0124974002 0.635097543011372 2.10365679734357 1.07390108875211
213501.59 13710.5096325289 13710.5096325289 0.635097543011372 2.10365679734357 1.07390108875211
213502.59 13714.9998732302 13714.9998732302 0.635097543011372 2.10365679734357 1.07390108875211
213503.59 13719.5004662228 13719.5004662228 0.635097543011372 2.10365679734357 1.07390108875211
