1 15.0000000837059 115.000000171769 -1199.97915775393
2 14.9999997895882 115.000000095907 -1200.00505845981
3 14.999999824281 115.000000211899 -1200.00186065542
4 15.0000000468958 115.000000156821 -1200.01196168032
5 14.999999828444 114.99999976263 -1199.97598697411
6 15.0000003224737 115.000000159104 -1199.97859889916
7 14.9999998261604 114.999999809497 -1200.00358350693
8 15.0000001476806 115.000000111081 -1199.94888039198
9 15.000000283717 114.999999939108 -1200.02668787479
10 15.0000001112913 114.999999966562 -1199.95838394384
11 15.0000003286769 114.999999762419 -1200.0164105608
12 14.9999996349767 114.99999982069 -1199.99356230989
13 14.9999997934091 114.999999763807 -1200.00001824555
14 14.9999999611994 115.000000040297 -1199.98181818968
15 15.0000000438053 115.00000011228 -1200.03691440883
16 14.9999999406527 115.000000000022 -1200.01190378564
17 15.0000003659205 115.00000009824 -1199.98602302175
18 15.0000001660721 115.000000112678 -1200.01845360819
19 15.0000000544841 115.000000454418 -1200.02983543973
20 15.0000000013385 114.999999793676 -1199.99342673508
21 15.0000000862178 115.000000253559 -1200.0188574816
22 15.0000001284908 115.000000003445 -1199.98893161675
23 15.0000001406029 115.000000193497 -1199.97459620387
24 14.999999908307 115.000000267211 -1199.95297310006
25 14.9999998053332 115.000000241697 -1199.95753309205
26 14.999999845619 115.000000030201 -1199.99503324801
27 15.0000002370718 114.99999977989 -1200.02157750687
28 15.0000001873566 115.000000042311 -1199.98873033228
29 14.9999999808691 115.000000428882 -1200.03433261933
30 15.0000000356961 114.999999925416 -1200.03380002813
31 14.9999998973244 114.999999753783 -1199.99697587076
32 14.9999996558998 114.999999935908 -1199.996841309
33 14.9999999989737 114.999999972972 -1200.00128856689
34 15.00000010719 115.000000124205 -1199.99899945882
35 15.0000001319206 115.000000354049 -1200.01492023792
36 15.0000000215259 115.000000043287 -1199.99947081513
37 14.9999999363647 115.000000164831 -1199.99097107681
38 14.9999999792295 115.000000212882 -1199.98015501189
39 14.9999999841552 114.999999619759 -1200.04644977167
40 15.0000001301211 114.999999899474 -1199.97720213701
41 14.9999998715281 115.000000100791 -1200.01925661633
42 14.9999996505516 114.999999983022 -1199.99563021652
43 14.9999999220551 114.999999930654 -1199.99999725552
44 14.9999999757678 114.999999900047 -1200.01261200187
45 15.0000001959863 114.999999566941 -1200.00355846536
46 15.0000000547781 115.000000007634 -1199.99696630668
47 14.9999998077735 114.999999886517 -1200.03713006718
48 14.9999997975107 114.999999919305 -1199.98818530708
49 14.9999997275507 114.999999701605 -1199.99083959575
50 14.9999999758487 115.000000179369 -1199.99833480656
51 14.9999999823789 114.999998601997 -1199.98631481887
52 14.9999999118976 114.999992312469 -1200.01217532735
53 15.0000000095299 114.999983425424 -1199.99329069702
54 15.0000000199781 114.999970157843 -1200.01688084444
55 14.9999998189917 114.99995355317 -1200.00821469204
56 15.0000003642101 114.999934714608 -1200.01193933635
57 15.0000000246039 114.999916655873 -1200.03038225329
58 14.9999998870004 114.999897551843 -1199.97382701365
59 14.9999997455229 114.999879084748 -1199.98858480537
60 15.0000001301642 114.999860836372 -1200.03318908112
61 15.0000000939227 114.999842089186 -1200.01698930204
62 15.0000000478277 114.999823134209 -1199.97467969707
63 15.0000003696132 114.999804575141 -1200.0253554786
64 15.000000023945 114.999785998976 -1199.98136048383
65 14.9999997538793 114.999767623554 -1199.98741612655
66 15.0000001271027 114.999749029157 -1199.9929905779
67 15.000000199765 114.999730296193 -1199.98287271292
68 15.000000306922 114.999711415016 -1199.98895989744
69 15.0000001372783 114.999692767532 -1200.02333468116
70 15.0000000884771 114.999674443887 -1200.03209641611
71 15.0000000351201 114.999655751698 -1200.02831868652
72 15.0000000731173 114.999637458623 -1199.9798935233
73 15.0000002780847 114.999618726274 -1199.99238843022
74 15.0000004477297 114.999600286078 -1199.98746038882
75 15.0000001761883 114.99958148259 -1199.98191296191
76 14.9999999722933 114.999562690207 -1200.05000930865
77 15.0000000360617 114.999544235283 -1200.01967329185
78 15.0000001723877 114.999525648565 -1200.0270816379
79 15.0000000097532 114.999507163806 -1200.00565009772
80 15.0000001753194 114.999488314557 -1199.98931346484
81 14.999999575998 114.999470175012 -1200.00581894913
82 14.9999997093508 114.999451263262 -1200.02236991075
83 15.0000001326848 114.999432795351 -1199.96053610426
84 15.0000000250759 114.999414163168 -1200.00003343425
85 14.9999998709009 114.999395369955 -1199.9886338264
86 15.0000000650539 114.999376733691 -1199.99634873094
87 14.9999999560418 114.999358380837 -1199.97316621281
88 15.000000051559 114.999339696196 -1199.99152483531
89 14.9999999465574 114.999321185195 -1199.97963705352
90 15.0000000285144 114.99930241992 -1199.98205757466
91 15.0000002396998 114.999283930877 -1199.97939336134
92 14.9999999426564 114.999265536708 -1200.012481877
93 15.0000000032953 114.999246608211 -1200.01979739981
94 15.0000000813497 114.999228160895 -1199.98772731126
95 14.9999999419366 114.999209350329 -1199.9824332758
96 14.9999999794985 114.999191146568 -1199.98956695142
97 14.9999998929867 114.999172167712 -1199.97492359828
98 15.000000106093 114.999153715785 -1200.01713177167
99 14.9999998065927 114.999134976466 -1200.00614654619
100 14.9999999627279 114.999116469216 -1199.98533065548
101 14.9999998740955 114.999098037429 -1200.03592123182
102 14.9999998753018 114.999079123852 -1199.98514668836
103 14.9999998260922 114.999060445062 -1200.00860622674
104 14.9999999869079 114.999042186457 -1200.00110632079
105 15.0000000115209 114.9990233499 -1199.9705063316
106 14.9999999130561 114.999005072827 -1200.02137941984
107 14.9999999786845 114.998986182674 -1200.0197649226
108 15.0000001780913 114.998967611502 -1200.01278479343
109 14.9999997940123 114.998949183872 -1200.0016968693
110 14.9999998881614 114.998930624808 -1199.986697191
111 14.9999998111455 114.998911985663 -1200.02337518696
112 15.0000000781379 114.998893257242 -1199.98285421793
113 15.0000001113615 114.998874698791 -1200.02026240709
114 15.0000002636532 114.99885646806 -1199.98467983595
115 14.9999999870617 114.998837442729 -1199.96524524207
116 14.9999999532117 114.998819096591 -1199.99094135507
117 15.0000000394298 114.998800394003 -1200.0258457622
118 15.0000001160618 114.998781924716 -1199.98953453154
119 14.9999999097384 114.998762737785 -1199.98776385587
120 15.0000000913242 114.998744678929 -1199.99405772399
121 14.9999998396137 114.998725887377 -1200.00354576192
122 14.9999997049276 114.998707274227 -1199.98387182565
123 15.0000003135813 114.998688553988 -1200.00840479459
124 15.0000001959923 114.998670169359 -1199.97709771386
125 14.9999999826762 114.99865149465 -1199.99932303686
126 15.0000000025237 114.998632890036 -1199.98165177697
127 15.0000000317542 114.998614481153 -1199.98613924065
128 15.0000001787201 114.998595633831 -1200.03145963136
129 15.0000003228524 114.998577271801 -1200.01756293513
130 14.9999999531588 114.998558570406 -1200.01886112757
131 14.9999998629504 114.998539754873 -1200.00598352796
132 14.9999999091059 114.998521118106 -1200.01020928123
133 14.9999999480176 114.998502513435 -1199.97800685375
134 15.0000001452667 114.998484276672 -1199.98617006482
135 15.0000001434142 114.998465616606 -1200.03962159502
136 15.0000000204467 114.998446942301 -1200.00195213291
137 15.0000001203109 114.998428059555 -1199.99988480144
138 15.0000001219741 114.998409980812 -1200.0058957677
139 15.0000001249208 114.998391249662 -1199.98873370504
140 14.9999999921996 114.998372368167 -1200.01947156714
141 14.9999998933587 114.998353934451 -1200.01675641491
142 14.9999998717762 114.99833520417 -1200.00992233409
143 14.999999984342 114.99831665877 -1200.0027560926
144 14.9999998488079 114.998297923401 -1200.02548411768
145 14.9999997213681 114.998279687793 -1199.9722583595
146 15.0000000879455 114.998260601085 -1199.97503979141
147 14.9999999895971 114.998242055171 -1200.00633395785
148 14.9999998879911 114.998223986953 -1200.01694465149
149 15.0000000400641 114.998205252282 -1200.02047765862
150 15.0000001751854 114.998186687941 -1199.99890111498
151 15.0000000090546 114.998168041221 -1200.03596144706
152 15.0000002621 114.998149031965 -1199.97178222737
153 15.0000001088092 114.99813096408 -1200.00434461553
154 14.9999996818001 114.998112366925 -1200.00072599528
155 15.0000003087117 114.998093515088 -1199.99977144359
156 14.9999999971606 114.998074916905 -1199.98320055465
157 15.0000002343108 114.998056280624 -1199.98513353261
158 15.0000002086575 114.998038121809 -1200.03560379063
159 14.9999999367729 114.998019107719 -1200.00822355983
160 15.0000001402996 114.998000485144 -1199.96840303297
161 14.9999995801562 114.997981935211 -1200.01092410246
162 15.0000000494176 114.997963465878 -1200.01141237846
163 14.9999996020578 114.997945120648 -1199.99125331862
164 15.0000001696079 114.99792580041 -1200.01236798576
165 14.9999998460479 114.997907412506 -1199.96791491083
166 15.0000000131334 114.997889080073 -1199.98215764328
167 15.0000001368253 114.997870383329 -1199.98375924601
168 15.0000001055364 114.997851821669 -1200.00457108518
169 15.0000001612796 114.997833420638 -1199.98692954938
170 15.0000000351799 114.997814416252 -1199.97454759857
171 14.9999999486787 114.997795981279 -1199.98774495225
172 14.9999999910542 114.997777273613 -1200.00134984761
173 14.9999997893905 114.997758851141 -1200.00755917582
174 15.0000000101426 114.997740002924 -1199.95479514542
175 14.9999996314292 114.997721305868 -1200.00487420876
176 14.9999997490503 114.997703180088 -1199.99214634157
177 15.0000000284402 114.997684492516 -1200.01293188472
178 15.0000000661928 114.99766539939 -1200.01603968975
179 14.9999997518117 114.997647203736 -1199.99655206886
180 15.0000000711551 114.997628499753 -1200.02650293066
181 14.9999999706425 114.997609770184 -1200.02531661896
182 14.9999996320545 114.99759142181 -1199.99578057088
183 15.0000000045306 114.997572997833 -1199.98002216137
184 15.0000001923888 114.997554155492 -1199.98736247194
185 15.0000000960187 114.99753593243 -1200.01609286851
186 14.9999998542083 114.997517106317 -1199.98594778384
187 14.9999995880489 114.997498701964 -1200.02110898012
188 15.0000001647864 114.997479812653 -1200.01338782959
189 14.9999998469873 114.99746100531 -1199.9769482225
190 14.9999999783447 114.997442693192 -1200.01992267861
191 14.9999999527969 114.997423921195 -1200.01981227815
192 14.9999998308222 114.997405620569 -1200.02589349984
193 14.9999997539436 114.997386680187 -1199.9922365648
194 14.9999999964527 114.99736829735 -1199.99482441774
195 14.9999999896796 114.997349704148 -1200.00144512446
196 14.9999998595599 114.997330999312 -1200.00616099392
197 14.9999998133436 114.997312309638 -1200.00414843869
198 14.9999997273613 114.997293653112 -1200.01866035908
199 15.0000002089048 114.997275136136 -1199.99585532433
200 14.9999998801054 114.997256200454 -1200.01937704827
201 14.9999997161803 114.997237820258 -1199.98500957771
202 14.9999996185062 114.997219574193 -1200.00115289529
203 15.0000001619203 114.997200606534 -1200.00247993159
204 14.9999996833356 114.997182089791 -1199.99526036354
205 14.9999998552092 114.99716377059 -1199.96745641978
206 15.0000000233215 114.997144958644 -1199.98007302029
207 14.9999997930542 114.997126397135 -1199.9884243368
208 14.9999998961366 114.997107921191 -1200.00621424857
209 15.0000001554951 114.997088833952 -1200.01241189445
210 15.000000353851 114.997070530824 -1200.01952143745
211 14.9999998857233 114.997052129714 -1199.98345637063
212 14.9999999920622 114.997033450812 -1199.97343058238
213 15.0000000656222 114.997014939666 -1200.00621116396
214 14.9999997865174 114.996995951686 -1199.99751952207
215 15.0000000519722 114.996977662864 -1199.9828766547
216 15.0000000315602 114.996959066967 -1199.97129245089
217 15.0000001104225 114.996940274959 -1199.99452735744
218 15.0000002057637 114.996921620025 -1200.00153597231
219 14.9999997522622 114.996902877176 -1200.01003981013
220 14.999999948401 114.996884592051 -1199.99031475385
221 15.0000000374372 114.996865903851 -1199.98828390457
222 14.9999998991246 114.9968472005 -1200.00396911966
223 14.9999999543798 114.996829085594 -1200.00681749574
224 15.0000000023361 114.996810667103 -1199.98969910648
225 14.999999474437 114.996791606228 -1200.02108598703
226 15.0000000353724 114.996773145343 -1200.02794839034
227 15.0000000693964 114.996754388511 -1200.01669389874
228 14.9999997765357 114.996736094469 -1200.02616550741
229 15.0000000562053 114.996717337139 -1200.00492127675
230 14.9999999515841 114.996698572191 -1200.03077943433
231 15.000000201814 114.996680100212 -1200.00505151308
232 14.9999999843176 114.996661721795 -1200.00925664755
233 14.9999999617959 114.996642629314 -1199.96431813495
234 14.9999999210019 114.996624133919 -1199.98977391455
235 15.000000083188 114.996605579821 -1200.02377603999
236 15.000000069361 114.996587004478 -1200.0022059985
237 15.0000002958296 114.996568559964 -1199.99912095034
238 14.9999999130062 114.996550058778 -1199.96475558664
239 14.9999999980604 114.996531025175 -1199.98128080931
240 14.9999999651157 114.996512657088 -1200.03143469638
241 15.000000270217 114.996494013621 -1199.98589968896
242 15.0000001315137 114.996475653772 -1199.98829733623
243 15.0000000462005 114.996457103192 -1200.01293246961
244 15.000000071332 114.996438363681 -1200.01117302451
245 15.0000001382503 114.99641982724 -1200.02217844378
246 15.0000000694927 114.996401031852 -1200.03144870168
247 15.0000002322079 114.996382360447 -1199.99639295581
248 15.0000000386684 114.996363980132 -1199.97321536497
249 14.9999998405382 114.996345122435 -1200.00852838017
250 15.0000000010863 114.996326559003 -1200.0062788077
251 15.0000001877263 114.996308078418 -1200.00165875964
252 15.0000003483333 114.996289322011 -1200.01833614881
253 15.0000000050743 114.996270759116 -1199.95928215642
254 14.9999998933583 114.996252335209 -1199.98920436195
255 15.0000000742439 114.996233692542 -1200.01685212939
256 15.0000002608998 114.996214945123 -1200.03195451124
257 15.0000002535241 114.996196559132 -1199.99928019583
258 15.0000001334203 114.99617757717 -1199.98779753654
259 14.9999999547499 114.996159176238 -1200.0155818411
260 15.0000003485197 114.996140500967 -1199.96527266819
261 15.00000023497 114.996121908835 -1200.00553888926
262 15.000000086404 114.996103320402 -1200.01740385376
263 14.9999999418199 114.996084436392 -1200.00038309966
264 14.999999860012 114.996066045433 -1199.970975387
265 15.0000001253797 114.996047639835 -1200.01467951358
266 15.0000002188585 114.996029273145 -1199.99896357102
267 14.9999996613676 114.99601046518 -1200.00662226334
268 14.9999999925307 114.995991816961 -1199.99904825581
269 15.00000008819 114.995972795175 -1199.99915151777
270 15.0000001310068 114.995954646094 -1199.9976904581
271 14.9999995425094 114.995936065075 -1200.00379360226
272 15.0000000459863 114.995917310147 -1200.01234975623
273 15.0000001157943 114.995898715868 -1199.95623645479
274 14.9999998122984 114.995879947309 -1199.95057481911
275 14.9999997013563 114.995861566201 -1199.96924827637
276 14.9999998952356 114.995842961181 -1200.00459189974
277 14.9999999361876 114.995824118105 -1199.97554648935
278 14.9999998736297 114.995805927441 -1200.00525823306
279 15.0000003005139 114.99578732948 -1199.97410692225
280 15.00000004725 114.99576858102 -1199.98749482688
281 15.0000003660367 114.995749941704 -1199.98196306918
282 14.999999858201 114.995731635877 -1200.04238591617
283 15.0000001684249 114.995713026418 -1200.01994646706
284 14.9999997325296 114.995694380981 -1199.96620418334
285 15.0000000025113 114.995675750935 -1199.99729969109
286 14.9999999445042 114.99565705337 -1199.97742314903
287 14.9999998472233 114.99563849704 -1199.97669308112
288 14.9999999618771 114.995620051382 -1200.00462947315
289 14.999999907724 114.99560131624 -1199.98461796106
290 15.0000002316665 114.995583048281 -1200.04036711656
291 14.9999997345486 114.995564062431 -1199.97049880156
292 14.9999997865718 114.995545598961 -1199.96168420277
293 15.0000001887524 114.995526901265 -1199.9916266729
294 15.000000008504 114.995508542542 -1200.00301706534
295 15.0000002651861 114.995489431284 -1200.00528434972
296 14.9999996796819 114.995471025915 -1199.96330641902
297 15.0000000121864 114.995452451379 -1200.00359885817
298 14.9999997513259 114.995434109402 -1200.00288801764
299 14.9999998911974 114.995415380147 -1199.9982380857
300 14.999999716117 114.995396650623 -1200.01001955282
301 15.00000025498 114.995378091348 -1200.02927710727
302 14.9999999418425 114.995359295738 -1199.97389775419
303 15.0000003283939 114.995340884557 -1200.00213294029
304 14.9999997005172 114.995322209541 -1199.99191857001
305 14.9999999377065 114.995303849572 -1200.0148697034
306 15.0000003878775 114.995285380985 -1199.98016381307
307 14.9999998100312 114.995266358014 -1200.03634258171
308 14.9999999465832 114.995247678542 -1199.97576998831
309 15.0000003101106 114.995229463654 -1199.96843278101
310 15.0000001030907 114.995210677417 -1199.99390720033
311 15.0000000688758 114.995192252553 -1199.97021573018
312 15.0000000510419 114.995173395116 -1199.98494870263
313 14.9999997306381 114.995154956156 -1200.00514754651
314 15.0000001058199 114.995136098455 -1199.98667220147
315 14.9999998090317 114.995117409615 -1199.996684208
316 14.9999998470332 114.99509910165 -1199.99105264701
317 15.0000000973016 114.995080450201 -1200.01880323716
318 15.000000037765 114.9950619567 -1200.05837040181
319 15.0000002642308 114.995043355343 -1199.99427781163
320 14.9999998757549 114.995024607293 -1200.01509097146
321 15.0000001640224 114.995005834492 -1199.97263727548
322 14.9999997521988 114.99498779772 -1200.01062570364
323 14.9999999705113 114.994968526559 -1199.97620545942
324 15.0000004600718 114.994950526003 -1200.02764014265
325 15.000000105328 114.994931565117 -1200.02149904405
326 15.0000000840088 114.994913232604 -1200.00363417613
327 15.0000000099381 114.994894411424 -1200.03250009296
328 15.0000000354385 114.994876126691 -1199.98812530954
329 14.9999995935377 114.994857127069 -1200.02519682427
330 15.0000003575988 114.994838710765 -1200.02059224831
331 14.9999999975943 114.994819992543 -1199.9899902917
332 14.9999998415715 114.994801583897 -1200.0252095478
333 15.0000000302148 114.994783057372 -1199.96709396746
334 15.0000001597625 114.9947643461 -1200.0026548176
335 15.0000000855734 114.994745835267 -1200.02554393297
336 15.0000002161156 114.994726950759 -1199.96054427658
337 15.0000000147071 114.99470863864 -1199.9880328819
338 15.0000000614193 114.994689886813 -1199.98707488015
339 15.0000000963732 114.994671151151 -1200.02448076386
340 15.0000001033077 114.994652922239 -1200.01761904182
341 14.9999996406028 114.994634127135 -1199.99357232134
342 14.9999999012372 114.994615182363 -1200.01121075577
343 15.0000002651791 114.994596951439 -1199.96464543207
344 15.0000001042647 114.994578113921 -1200.01271827814
345 15.0000001397831 114.994559821598 -1200.02495889702
346 14.9999999306987 114.994541289056 -1200.02352774221
347 15.0000000725247 114.994522624404 -1199.99596336616
348 15.000000012102 114.99450378184 -1199.97765768692
349 15.0000001916067 114.994485104869 -1200.00910153625
350 14.999999960993 114.994466898945 -1200.00481251342
351 15.0000000587503 114.994448117629 -1199.97165642893
352 15.0000001757264 114.994429396799 -1199.99035201166
353 15.0000000869613 114.994410787401 -1200.0014475007
354 15.0000001019349 114.994392393373 -1200.0237535869
355 14.9999998868639 114.994373582617 -1199.98459711488
356 15.0000001425641 114.994354995272 -1199.95378103075
357 14.999999989805 114.99433646256 -1200.0243413258
358 15.0000001479084 114.994318137533 -1200.01818243414
359 15.0000001587115 114.994299602794 -1200.00062506859
360 14.9999999885407 114.994280663656 -1199.95381275174
361 14.999999851127 114.994261908044 -1200.01910126772
362 15.0000000509731 114.994243252306 -1199.99586867182
363 14.9999997798286 114.994224833809 -1200.01703311796
364 15.0000000009316 114.994206486167 -1199.98075074361
365 14.9999998905978 114.994187273397 -1200.02550056202
366 14.9999997914304 114.994168983082 -1200.03981036838
367 15.0000004023688 114.994150988085 -1199.98110167508
368 14.9999999809432 114.994131667494 -1200.02716537418
369 15.0000002984352 114.994113165431 -1200.00453824978
370 14.9999999623041 114.994094806776 -1200.01004787439
371 14.9999998391216 114.994076071591 -1200.00492236413
372 15.0000000207167 114.994057415778 -1200.02447881745
373 15.0000000298761 114.994039124428 -1200.00397252361
374 14.9999999545346 114.994020072073 -1199.99251643816
375 14.9999998772224 114.994001513637 -1199.97508554615
376 15.0000001064713 114.993983042479 -1199.99624586215
377 15.0000001246919 114.993964379278 -1199.9856835073
378 15.0000001253676 114.993945837605 -1200.02982595074
379 14.9999999749733 114.993926777425 -1199.98870220463
380 14.9999997096793 114.993908559521 -1200.01926314826
381 14.9999997538765 114.993890083082 -1199.97179651321
382 14.9999997962001 114.993871862197 -1200.00262663642
383 15.0000001744806 114.993852853004 -1200.02679523279
384 15.0000001028744 114.993834272213 -1200.00226973944
385 15.000000109771 114.993815969124 -1200.01237233503
386 14.9999999459125 114.993797293687 -1200.01165408162
387 15.0000002097235 114.993778583974 -1200.00522391976
388 14.9999996857904 114.993759734712 -1199.97720310579
389 14.9999999499653 114.993741248345 -1200.01650442403
390 14.9999999981622 114.993722780968 -1200.0055531283
391 14.9999998267891 114.993704453079 -1200.00593069109
392 14.9999998860917 114.993685779426 -1200.03805363829
393 14.9999997111883 114.993666791522 -1199.98774122525
394 15.0000002512041 114.993648474255 -1200.00641797288
395 14.9999998763705 114.993629645296 -1200.01758286318
396 15.0000001693251 114.993611239268 -1200.03864093395
397 14.9999999080328 114.993592584672 -1199.99947581173
398 14.9999997632082 114.993574020894 -1200.03886922897
399 14.9999997695764 114.993555101716 -1199.9878203757
400 14.9999996794165 114.99353674313 -1199.97812361746
401 14.9999997844158 114.993518410786 -1199.97769047446
402 14.9999999933905 114.9934995645 -1199.98407759528
403 15.0000003161623 114.993480549895 -1199.99124458907
404 14.99999957442 114.993462296875 -1200.0231481179
405 15.0000000187211 114.993443796018 -1200.01138884517
406 15.0000001930363 114.993424809416 -1199.98933304979
407 14.9999999416334 114.993406813345 -1200.00264477745
408 15.0000000538459 114.993387851651 -1200.02998455986
409 14.999999991028 114.993369560797 -1199.99675751553
410 15.0000000153429 114.993351012434 -1200.00763610939
411 14.9999998120108 114.993332414179 -1200.01016380796
412 14.9999999570265 114.993313349111 -1199.98901882816
413 15.0000000559421 114.993295111087 -1200.03372445849
414 14.9999999422677 114.993276266831 -1200.03670144661
415 15.0000000042824 114.993257574835 -1199.98176705618
416 14.9999998216176 114.993239415723 -1200.00784963327
417 15.0000002311825 114.993220682707 -1200.01090772906
418 15.0000000610251 114.993201467988 -1199.97686297702
419 15.0000003961294 114.993183763293 -1199.99484036469
420 14.9999998568055 114.993164676706 -1199.97713507037
421 15.0000002053497 114.993146051989 -1199.99798088585
422 14.999999764706 114.993127810921 -1200.02772352858
423 15.0000000024529 114.993108900379 -1199.99422064421
424 14.9999998239611 114.993090393159 -1199.9951187386
425 14.999999790008 114.993071707269 -1199.98122814481
426 14.9999996529447 114.993053092373 -1199.99824027356
427 14.9999996689243 114.993034529734 -1200.0160828533
428 15.000000082228 114.993016035765 -1200.00636956567
429 14.9999998000713 114.992997551345 -1199.9656506545
430 15.0000003052532 114.992978896994 -1200.04116077961
431 14.9999999653705 114.992960509279 -1200.0091668049
432 14.9999998638871 114.992941437578 -1199.99203527925
433 14.9999999381431 114.992922767246 -1200.02337622813
434 14.9999999523889 114.9929044096 -1200.00420037401
435 14.9999999244795 114.992885498188 -1200.01775856154
436 15.0000000885117 114.992867121561 -1199.98865590661
437 14.9999998341508 114.992848662019 -1199.9845970389
438 15.0000000653467 114.992830195292 -1200.00461057011
439 15.0000000880583 114.992811054752 -1199.9780187441
440 14.9999999701358 114.992793012373 -1199.98437512436
441 14.9999998326208 114.992774009419 -1199.99238548494
442 15.0000001230439 114.992755548734 -1200.01277220341
443 14.9999999491499 114.992737094664 -1200.00580059413
444 15.0000002041703 114.992718412976 -1199.99499959034
445 15.0000000157952 114.992699836236 -1200.01142589181
446 14.9999997085378 114.992680774531 -1200.00859642321
447 15.0000000321994 114.992662520233 -1199.98343878562
448 15.0000002730933 114.992643912457 -1200.02298418744
449 15.0000002778294 114.99262549861 -1199.9660660326
450 15.0000000918772 114.992606556643 -1199.98973118859
451 15.0000000683331 114.99258847899 -1199.99532646536
452 15.0000003115264 114.99256947796 -1200.0371167108
453 15.0000004223427 114.992551094054 -1199.99803453511
454 14.9999997805129 114.992532652967 -1200.00606392739
455 15.0000000265878 114.99251362563 -1199.98331814671
456 15.0000003254721 114.992495187279 -1200.03306869236
457 15.0000000887655 114.992476744899 -1200.00995322811
458 15.0000000808464 114.992457906309 -1200.0177307324
459 15.0000000574333 114.992439247263 -1199.98349168549
460 15.0000001991623 114.992420757109 -1200.0167811882
461 14.9999998466087 114.992402106412 -1200.01046167791
462 14.9999999282856 114.992383641085 -1200.00148535964
463 15.0000000891221 114.992365047791 -1199.99325517457
464 15.0000000542899 114.992346407751 -1200.00412647377
465 14.9999999875726 114.992327973522 -1200.01781803851
466 15.0000000170867 114.992309165978 -1199.98576982348
467 15.0000001657824 114.992290545853 -1199.9961092964
468 15.0000002429549 114.992272219561 -1199.98010129372
469 14.9999998777744 114.992253323282 -1199.94642895492
470 15.0000003285019 114.992234635481 -1199.97110666464
471 14.9999998993368 114.992215807979 -1200.04348761097
472 15.0000000609905 114.99219764099 -1200.00339152393
473 14.9999997788645 114.992179013522 -1200.03937769537
474 15.000000284829 114.992160186916 -1200.01654832774
475 15.0000000304378 114.992141824091 -1200.04540898848
476 15.0000001346508 114.992123070699 -1200.0215243753
477 15.0000002028736 114.992104609789 -1199.99270767372
478 15.0000002682341 114.992085894986 -1200.03797100375
479 15.0000001476372 114.992067103559 -1200.0115609352
480 15.0000001127368 114.99204850064 -1199.98475742048
481 14.9999999919273 114.992030189796 -1199.99951646482
482 15.0000000636078 114.992011389267 -1199.98447427443
483 15.0000001439545 114.991992825298 -1200.03503834267
484 15.0000001394332 114.991974284404 -1200.00552393126
485 14.9999999971843 114.991955570517 -1200.04049919412
486 15.0000001990112 114.991937073761 -1199.99229688177
487 15.000000074513 114.991918348796 -1200.01574406837
488 14.99999988428 114.991900089859 -1199.98052464447
489 15.000000077074 114.991881329948 -1200.01515894224
490 15.0000003626603 114.991862633161 -1200.0081760888
491 14.9999999301614 114.991844164512 -1199.99177723345
492 14.999999724256 114.991825530892 -1199.9997480302
493 15.0000000541427 114.991807149967 -1199.95639959217
494 14.9999999280339 114.991788563852 -1199.98431634618
495 14.9999999122141 114.991769880889 -1199.97119051164
496 15.000000142043 114.991751383717 -1199.99666950504
497 15.0000001408952 114.99173262593 -1199.98748379496
498 15.0000000637415 114.991713809934 -1199.97945002033
499 14.9999999823477 114.991695697036 -1199.98800650746
500 15.0000000313145 114.991676799225 -1200.00598852077
501 14.9999999024449 114.991658179482 -1199.99111444527
502 14.9999999667402 114.991639648429 -1199.9837231941
503 15.0000000373133 114.991621204199 -1200.03061776218
504 15.0000001913572 114.991602578423 -1199.98892951687
505 14.9999999870061 114.99158400799 -1199.9778664952
506 14.9999998799164 114.991565171472 -1199.98465082565
507 14.9999998818384 114.991546391231 -1200.00121526976
508 14.999999888826 114.991527910632 -1200.00069074113
509 14.9999998115829 114.991509337181 -1200.03150650079
510 15.000000021151 114.99149057147 -1199.99618820816
511 15.0000002077913 114.991472313036 -1199.97985284863
512 15.0000004922016 114.991453482584 -1199.98849826049
513 14.9999999627291 114.991435033262 -1200.01750632812
514 15.0000000986486 114.991416100687 -1199.99871306662
515 15.0000001697227 114.99139782476 -1200.01346098088
516 14.9999999861619 114.991379239945 -1200.01655419758
517 14.9999999497771 114.991360706877 -1199.96566678639
518 15.0000001760862 114.991341829231 -1200.005720781
519 14.9999997767602 114.991323462052 -1200.00592305798
520 14.9999996533973 114.991304853585 -1199.97600774971
521 15.00000020925 114.991286405681 -1200.01832583231
522 14.9999999633788 114.991267607286 -1200.02475920272
523 14.9999997762983 114.991248820427 -1199.96710758311
524 14.9999999918751 114.991230600616 -1199.98016605602
525 14.9999996178373 114.991212023288 -1199.98170836317
526 14.9999997972842 114.991193071525 -1200.02497654751
527 15.0000000129756 114.991174243475 -1200.01149636671
528 15.0000002580771 114.991156252012 -1200.01451573536
529 14.9999999427004 114.991137357289 -1199.99888826088
530 15.0000001267995 114.991118580238 -1199.9822979255
531 14.9999999225838 114.991100252832 -1200.01002372755
532 14.9999997222027 114.99108165666 -1199.9903958665
533 14.9999997909348 114.991063105825 -1199.9560332038
534 15.0000000265379 114.991044309581 -1200.00481815965
535 15.0000000443621 114.991025576635 -1200.0332622114
536 15.0000000326365 114.991007119802 -1199.95313061229
537 14.9999998405532 114.990988699573 -1200.01552495151
538 15.0000001750954 114.990969827745 -1199.99706707225
539 15.0000001823757 114.990951541542 -1200.00270544693
540 15.0000000899452 114.990932781302 -1199.99984157014
541 15.0000000539118 114.990914026416 -1199.99154182007
542 14.999999746768 114.990895655188 -1200.01484837763
543 15.0000001808918 114.990876615185 -1200.02146991167
544 15.0000000832141 114.990858141074 -1199.99448929262
545 14.9999998494538 114.990839938901 -1200.00190409518
546 15.0000002728465 114.990821092039 -1199.98788717137
547 15.0000003320416 114.990802690529 -1199.96584085858
548 14.9999998712344 114.990783819085 -1199.99200508876
549 15.0000000711081 114.990765250021 -1199.95543176044
550 14.999999806288 114.990746606727 -1200.0142199328
551 15.000000124438 114.990728494739 -1199.99877394819
552 15.0000001646004 114.990709529835 -1199.98515856576
553 15.0000001503643 114.990691183022 -1200.01961449131
554 15.0000000070856 114.990672194812 -1199.98249681078
555 15.0000000433315 114.990653691259 -1200.04166617558
556 14.9999998554187 114.990635035623 -1199.98961279088
557 14.9999997352164 114.990616797907 -1199.99491630336
558 14.9999999333371 114.990597895112 -1199.94807236608
559 15.00000012255 114.990579312119 -1199.96998241723
560 14.9999998779431 114.990560629294 -1200.02247077795
561 14.999999622728 114.9905421285 -1199.94423940822
562 14.9999996762056 114.990523763785 -1200.01046404472
563 15.0000001192499 114.990504921412 -1200.00955609894
564 15.0000001795578 114.990486549937 -1199.98291477739
565 15.0000000274247 114.990467744276 -1200.00730459367
566 14.9999998988131 114.990449373383 -1199.98751543578
567 14.9999998394352 114.990430885288 -1199.99750928412
568 15.0000001422218 114.990411884338 -1200.00934283305
569 14.9999999073311 114.990393497338 -1200.01538985228
570 15.0000003802839 114.990374769026 -1199.96918898142
571 14.9999998263635 114.990356323908 -1200.03109850226
572 14.9999998897498 114.990337460082 -1200.02317528245
573 15.0000002027691 114.990318962341 -1199.99908130195
574 14.9999999480266 114.990300494766 -1199.98245236824
575 15.0000000701587 114.990281581608 -1200.02095285365
576 14.9999999047548 114.990263230025 -1200.01703219215
577 14.99999998913 114.990244707534 -1199.96987293888
578 15.0000000201447 114.99022627864 -1199.98399154437
579 14.9999999646175 114.990207885314 -1199.97228517981
580 14.9999999674536 114.990188904803 -1200.02114976281
581 14.9999999277305 114.990170125574 -1200.00141381605
582 15.0000004080862 114.990151551448 -1200.0157956203
583 15.0000000259 114.990132808117 -1200.01485186403
584 14.999999989033 114.990114078973 -1199.9932176925
585 14.9999999297801 114.990095753444 -1200.04018296279
586 14.9999999479596 114.990076864573 -1199.99578983442
587 15.0000000396236 114.990058695545 -1199.98617352527
588 14.9999999025617 114.990040106867 -1199.96993395391
589 15.0000001172089 114.990021436379 -1199.98998717291
590 15.0000000997467 114.990002684766 -1199.9380802054
591 14.9999999484411 114.989984184671 -1199.97658412347
592 14.9999998298492 114.989965898335 -1200.01656059228
593 14.9999999314268 114.989947073943 -1200.00772894075
594 15.0000001781699 114.989928235708 -1200.01790058268
595 14.9999998615768 114.989909790572 -1199.98137376891
596 14.9999997329733 114.989891194407 -1199.99731347705
597 14.9999999335904 114.989872585979 -1200.02589405352
598 14.9999999644377 114.989854001185 -1199.97885710817
599 15.0000002464051 114.989835644521 -1199.9832422325
600 14.9999997560861 114.989816824892 -1200.00586884494
601 14.9999999644248 114.989798178281 -1200.02135152713
602 15.0000002706707 114.989779896345 -1199.99516418263
603 14.9999998429703 114.989761068651 -1200.00127964301
604 14.9999999441815 114.989742623816 -1199.99590441983
605 14.999999774309 114.989723824987 -1199.97852870833
606 15.0000002045514 114.989705267007 -1199.9890191651
607 15.0000003202879 114.989686528004 -1199.9960751105
608 15.0000001285171 114.98966821375 -1200.00601366125
609 14.9999998869151 114.989649470144 -1199.99574079271
610 14.9999999567941 114.989630855979 -1199.99006648376
611 15.0000000156772 114.989612125754 -1199.98633094124
612 14.9999999224841 114.989593859049 -1200.01240881003
613 15.0000002788128 114.989574506545 -1199.99505449628
614 14.9999998533002 114.98955643514 -1200.02368205303
615 15.0000002889627 114.98953746071 -1199.99728707119
616 15.0000002089803 114.989519208427 -1199.98213331274
617 15.0000001359996 114.989500518735 -1199.96228938779
618 14.9999999983923 114.989482452236 -1200.00085527667
619 14.9999998311267 114.989463209505 -1199.9967034202
620 15.0000000850436 114.98944500908 -1200.0045150927
621 15.0000000525471 114.989426224811 -1200.00745686144
622 15.0000000016125 114.989407562489 -1200.00542532224
623 14.9999998765262 114.989389022562 -1200.01693215152
624 15.0000001229754 114.989370163373 -1200.03191953238
625 15.0000000876776 114.989351905479 -1199.98563246038
626 15.0000003411354 114.989333136118 -1199.99284969319
627 14.9999999732926 114.989314785048 -1199.98093856377
628 15.0000001029724 114.989296139813 -1199.95445139582
629 15.0000000609059 114.989277628387 -1199.98272682831
630 15.0000000694324 114.989258676456 -1199.95300180043
631 14.9999998742603 114.989240031034 -1200.02404181602
632 15.0000001021542 114.989221797024 -1200.01258043429
633 14.9999999349144 114.989203063289 -1200.01272684895
634 14.9999997801496 114.989184209515 -1199.99824209074
635 14.9999999757132 114.989165870493 -1199.98977696805
636 15.0000000163633 114.989147369981 -1199.98473296186
637 14.99999994715 114.989128577794 -1199.98875227181
638 14.9999997428749 114.98911028666 -1199.9657727394
639 14.9999998379275 114.989091395799 -1199.98527819955
640 14.9999999453052 114.989072996128 -1200.01953018997
641 14.9999999159522 114.989054485692 -1200.01057382005
642 15.0000003047518 114.989035639639 -1199.99369176975
643 15.0000000066694 114.989017328637 -1200.00624425203
644 15.0000002351786 114.988998220958 -1199.99296764542
645 15.0000000319185 114.988980042529 -1199.95932200172
646 14.9999995213819 114.988961171239 -1199.95567458193
647 14.9999999041833 114.988942680743 -1199.99272197931
648 14.999999858599 114.988923910186 -1200.02484015477
649 15.000000121888 114.988905550376 -1200.00239877507
650 15.0000000392712 114.988886599608 -1200.01282273175
651 14.999999621703 114.988868340277 -1199.96478862811
652 15.0000003790628 114.988849910385 -1200.01575781925
653 15.0000002738567 114.98883107436 -1199.98429566641
654 15.0000000562507 114.988812599107 -1200.00772388265
655 15.0000000589892 114.9887940353 -1199.99455821552
656 15.0000000769406 114.988775158087 -1200.02798929973
657 15.0000000541589 114.988756453332 -1199.99120539221
658 14.9999999250813 114.988737868449 -1200.01308864142
659 15.0000003471877 114.988719315641 -1200.01325696019
660 14.9999999055973 114.988700794433 -1200.03316335984
661 15.0000003044876 114.988682600566 -1199.99407403077
662 14.9999998635084 114.98866404657 -1200.01053329832
663 14.9999999763453 114.9886454719 -1200.0443645982
664 14.9999999378911 114.988626345272 -1199.99308436514
665 15.0000000797678 114.988607685989 -1199.99795456625
666 15.0000000231144 114.988589446383 -1200.00011166904
667 14.9999999851478 114.988570871472 -1200.00761554296
668 15.0000003144163 114.988552168978 -1199.96732644465
669 14.9999998173992 114.98853352318 -1199.99968321954
670 14.9999998197916 114.988515314282 -1199.99523506507
671 14.9999999523807 114.988496047801 -1199.99236075667
672 14.9999999038968 114.988477653246 -1200.01676680126
673 15.0000003727175 114.988459132001 -1200.00408062492
674 15.0000000557868 114.988440619579 -1200.01075593728
675 14.9999999296349 114.98842187509 -1199.98817466641
676 15.0000002373773 114.988403210748 -1200.00294970695
677 15.0000003396436 114.988384405403 -1199.99035617806
678 14.9999999491945 114.988365931339 -1199.99486138575
679 15.0000000088814 114.988347676024 -1199.99023846913
680 15.0000000352806 114.988329056038 -1199.99440141674
681 14.9999999494244 114.98831052186 -1199.99945801529
682 15.0000004702293 114.988291595947 -1199.94277984122
683 14.9999998656879 114.988272961216 -1199.98998414369
684 15.0000000889846 114.988254338182 -1200.01414298457
685 14.99999997478 114.988236092638 -1200.01678240082
686 15.0000000438363 114.988217172559 -1199.99086281289
687 14.9999999817673 114.988198554343 -1200.00815905499
688 14.9999997137521 114.988179799946 -1200.03090497069
689 15.000000283002 114.988161482629 -1200.0074397915
690 14.9999999991902 114.988142504056 -1200.0228513409
691 15.0000001497 114.988124284073 -1200.00707818061
692 14.999999959311 114.988105795794 -1200.00003991099
693 15.0000000024839 114.988087055873 -1199.9950586524
694 14.9999998522975 114.988068528742 -1199.99355332926
695 14.9999999919536 114.988049904467 -1200.00466804419
696 15.0000001471354 114.988031175433 -1199.97399301352
697 14.9999998339264 114.98801295014 -1199.98451726736
698 14.9999999083125 114.987994234739 -1199.99886414706
699 15.0000001754214 114.987975616053 -1199.94000498645
700 14.9999995773204 114.987956918823 -1199.98129147573
701 14.9999999284582 114.987938131821 -1200.04758695214
702 14.999999973041 114.987919713097 -1200.00700930145
703 15.0000000570849 114.987901043878 -1200.0037439359
704 15.000000085372 114.987882367511 -1200.00586316851
705 15.0000002738399 114.987864165614 -1200.04113603202
706 14.9999998659891 114.98784530976 -1200.02801717713
707 15.0000001258192 114.987826599681 -1200.02132050777
708 15.0000002088015 114.987808078258 -1200.017441245
709 15.0000001989037 114.987789603301 -1199.98139794445
710 14.9999997422677 114.987770447529 -1199.99114648116
711 15.0000003041702 114.987752325158 -1199.98090412103
712 15.0000000194044 114.987734033168 -1200.00044003316
713 15.0000002888653 114.987715145898 -1199.99410500849
714 15.0000002725089 114.987696505639 -1199.99218695224
715 14.9999996911545 114.987677473122 -1199.97391760206
716 15.0000000719711 114.987659370652 -1200.04437739535
717 14.9999996837691 114.987640581781 -1199.99650369855
718 14.9999999128863 114.987621830806 -1200.01185541765
719 14.9999999886636 114.987603612247 -1199.98239660203
720 15.0000001263357 114.987585201248 -1199.98463885795
721 15.0000004088448 114.987566317 -1200.01376335569
722 15.0000001341058 114.987547656828 -1200.00236650293
723 15.0000000064242 114.987528795387 -1199.97091786811
724 15.0000002796543 114.987510566187 -1200.00752241826
725 14.9999995462565 114.987491987159 -1199.97951393326
726 14.9999999636935 114.987473390548 -1200.01115361555
727 14.9999997035661 114.987454733562 -1199.96540299229
728 15.0000002450768 114.987435747908 -1200.00269056146
729 14.9999997616555 114.987417388851 -1200.00168573684
730 15.0000000145744 114.987398774246 -1199.96974139295
731 14.9999999112181 114.987380262697 -1199.96862514714
732 14.9999999603624 114.987362154036 -1199.98987971308
733 14.9999998969183 114.987343474773 -1199.97405529243
734 15.0000001148224 114.98732439398 -1199.99419008896
735 14.9999999670302 114.98730606336 -1200.00010768903
736 15.0000000151134 114.987287184932 -1199.99626196131
737 14.9999998178849 114.987268817927 -1199.99810608272
738 14.9999998955994 114.987249939634 -1200.01065975178
739 14.999999882811 114.987231577906 -1200.01722955476
740 14.9999999263272 114.987212943852 -1200.00701778694
741 14.9999999433853 114.987194197411 -1200.01668825396
742 15.0000001508354 114.987175702642 -1200.04045765233
743 15.0000001357154 114.987156880887 -1200.06442561712
744 15.0000000052894 114.987138440615 -1200.0068950551
745 14.9999998805835 114.987119901636 -1200.01878227968
746 14.9999995737919 114.987101336779 -1199.98445055066
747 14.9999999888207 114.987082695766 -1200.033520056
748 15.0000002458865 114.987064169866 -1199.99931181708
749 15.0000000166357 114.987045669218 -1200.0280972452
750 14.9999996904214 114.987026943394 -1199.97626049704
751 14.9999999964983 114.987008417416 -1200.03368862571
752 14.9999997948493 114.986989898687 -1200.00392170315
753 14.9999999166973 114.986971154406 -1200.00482173319
754 15.0000000756157 114.986952494594 -1200.00225332271
755 14.9999998733496 114.986933457505 -1199.95316717353
756 15.0000000377528 114.986915331818 -1199.97647647177
757 15.0000003034825 114.986896837506 -1200.01298303532
758 14.9999999580161 114.986878106951 -1199.97159800705
759 14.9999999206787 114.986859468348 -1200.02412629844
760 15.0000000534449 114.986841162045 -1200.02766024551
761 15.0000001869002 114.986822076231 -1199.9825885059
762 15.0000000522156 114.986803861933 -1200.00121000662
763 15.0000001844604 114.986785222765 -1199.97266718796
764 15.000000151132 114.986766415429 -1199.99651887199
765 14.9999999611748 114.986748143222 -1199.94169304978
766 14.9999997271138 114.986729520932 -1199.99522029951
767 15.0000000637915 114.986710629555 -1199.9983128889
768 14.999999941077 114.98669190204 -1199.98773807487
769 14.99999976597 114.986673354428 -1200.00708351725
770 14.9999997794552 114.986654857948 -1200.00509288744
771 14.9999998046003 114.986636460786 -1199.99807171191
772 14.9999995505039 114.986617448136 -1199.99360069321
773 15.0000000205547 114.986598754299 -1199.97900135524
774 15.000000157443 114.986580512826 -1200.01329515628
775 15.0000001464991 114.986561822392 -1199.97441767082
776 15.0000001482599 114.986543404209 -1199.97933045693
777 14.9999997589453 114.986524643244 -1200.00827516319
778 15.0000000412469 114.986506231489 -1200.00112260566
779 15.0000000944469 114.986487598525 -1200.01484888888
780 15.0000000927333 114.986469054969 -1199.97455504051
781 14.9999998808538 114.986450588711 -1199.99879407837
782 14.9999998539417 114.986431813765 -1200.00022745821
783 15.0000002039423 114.986413097224 -1199.99350310099
784 15.0000000406723 114.986394774985 -1199.96386572591
785 14.9999998852031 114.986375801646 -1200.00747081817
786 14.9999997367479 114.986357373987 -1200.02255648989
787 15.0000000241885 114.986338331899 -1199.97135578933
788 15.0000000362318 114.986320472452 -1199.98481866633
789 14.9999999388815 114.986301326809 -1200.00176589763
790 15.0000001617294 114.986283250694 -1200.00113584722
791 14.9999998984666 114.986264450309 -1200.01914024797
792 15.0000000860228 114.986245541174 -1199.99340747098
793 15.0000000617662 114.98622702954 -1199.99964347266
794 14.9999999876636 114.986208427036 -1199.99937138537
795 15.0000000855105 114.986190344064 -1200.00663199437
796 15.0000000118299 114.986170963929 -1199.98956752605
797 15.0000000737848 114.986152644953 -1200.04051675821
798 14.9999998755547 114.986134149878 -1200.00792246494
799 14.9999999160184 114.986115631279 -1199.98505463599
800 14.9999997909259 114.98609695318 -1199.97454977022
801 15.0000000135769 114.986078281471 -1200.00890152043
802 14.9999997719902 114.986059557715 -1199.99763350486
803 14.999999859792 114.986041232749 -1199.94241981446
804 15.000000062648 114.986022539302 -1200.00456423375
805 14.9999999531955 114.986003859379 -1199.98561664271
806 14.9999997977689 114.985985312637 -1200.02537738642
807 14.9999999211686 114.985966935926 -1199.95680750196
808 15.0000001215144 114.985947818207 -1199.99349868126
809 14.9999998747461 114.985930088106 -1200.01288961272
810 14.9999997419819 114.985910964593 -1199.98356852807
811 15.0000002143727 114.985892446034 -1199.99681520503
812 14.9999998560622 114.985873824641 -1200.00030402368
813 15.0000000064705 114.985855278728 -1200.00364931091
814 14.9999997087948 114.985836611217 -1200.00882294573
815 15.0000000452045 114.985817929441 -1200.00500498407
816 14.9999999130684 114.985799410193 -1200.0136670962
817 15.0000000895067 114.985781013264 -1199.99479832558
818 14.9999997794982 114.9857623229 -1200.00198479694
819 14.999999690757 114.985743410678 -1200.01251248189
820 15.0000000423546 114.98572496707 -1200.00638503699
821 14.9999998816793 114.985706513944 -1199.98891204539
822 14.9999997069886 114.985687742947 -1199.99177484501
823 15.0000001176359 114.985669387934 -1200.00349995001
824 14.9999999972543 114.985650479786 -1199.96904688416
825 15.0000001704477 114.985632020909 -1199.96847234142
826 14.9999998241391 114.985613579897 -1200.01865272633
827 14.9999999899086 114.985594869962 -1200.01751584807
828 14.9999999920931 114.98557627277 -1199.99520174527
829 14.9999999506249 114.985557196595 -1200.04189582089
830 15.0000000412721 114.98553948808 -1199.99978952351
831 14.999999922242 114.985519868528 -1199.96206112294
832 15.0000002711075 114.985501588455 -1200.00238568176
833 15.0000002686767 114.985483011999 -1199.96907524545
834 15.0000000775879 114.985464392504 -1199.98270358563
835 14.9999999302934 114.985445977662 -1199.98612546978
836 15.0000002924215 114.985427548416 -1200.00548936298
837 14.9999999972412 114.985408712121 -1199.97274239976
838 15.000000116759 114.985390151858 -1200.00517980014
839 15.0000002244222 114.985371364617 -1199.99460900995
840 14.9999998955147 114.985353241566 -1199.99563059399
841 15.0000002535444 114.985334483144 -1200.00645293237
842 15.0000002397894 114.985315719211 -1199.98674930564
843 14.9999999147961 114.985297091868 -1199.99725446607
844 15.0000000746508 114.985278644521 -1199.99193586276
845 15.0000002103061 114.985259987057 -1199.99983651829
846 15.0000000305278 114.985241476414 -1200.01980029537
847 14.9999999788371 114.985223066168 -1199.99799873079
848 14.9999999087093 114.985203906193 -1200.02413837857
849 14.9999996815424 114.98518581812 -1200.01251792264
850 14.9999997617219 114.985166928221 -1199.99189517201
851 15.0000000276841 114.985148515869 -1199.99809129195
852 14.9999997419183 114.985129943307 -1200.02959555317
853 14.9999999144281 114.985111433206 -1199.97307831474
854 14.9999998234299 114.98509236315 -1200.01605880696
855 15.0000002447196 114.985073746637 -1199.96963933627
856 14.9999999101342 114.985055499922 -1199.99050816437
857 14.9999999526579 114.985036659923 -1200.02264667976
858 15.0000000822959 114.985017914139 -1200.01290599459
859 14.9999999242941 114.984999630351 -1200.00411375177
860 15.0000000670513 114.984980612247 -1200.00677889801
861 15.0000000248636 114.984962136623 -1199.98520638296
862 15.0000003463444 114.984943848231 -1199.99143294605
863 15.0000000536596 114.984925049331 -1199.99090871447
864 15.0000003637062 114.984906243595 -1200.00448303758
865 15.0000002519855 114.984888013598 -1200.02750198476
866 15.0000003239241 114.984869485324 -1199.99887537833
867 15.0000002553884 114.984850622329 -1200.01424274033
868 14.9999997835403 114.984831877768 -1199.99912077851
869 15.0000000294737 114.984813715518 -1200.00592758016
870 14.9999998428383 114.984795252657 -1200.00491819529
871 15.0000000945779 114.98477629709 -1200.00355217052
872 14.9999998415754 114.984757908002 -1200.01357459537
873 14.999999939766 114.984739015677 -1199.99156288167
874 15.0000001337796 114.984720679107 -1199.96578249609
875 14.999999941786 114.984701880776 -1199.9827313965
876 14.9999999691177 114.984683218262 -1199.98872596611
877 14.9999997214048 114.984664806656 -1199.98942089029
878 15.0000000871353 114.984646433464 -1199.98122566332
879 14.9999999484606 114.984627280884 -1199.98217373285
880 15.0000001427534 114.984609066523 -1199.99786417013
881 15.0000000019758 114.984590210437 -1199.98568992347
882 14.9999999361053 114.984571705133 -1199.99499596642
883 15.0000003547823 114.984553198539 -1200.0056693213
884 14.9999999843038 114.984534496355 -1200.01503924415
885 14.9999999260635 114.984516492099 -1200.02005252609
886 14.9999999652399 114.984497476695 -1199.99782369095
887 14.9999998167889 114.984478889857 -1199.99437422889
888 15.0000000188424 114.984460211594 -1200.01156451128
889 14.9999997969958 114.984441649186 -1200.00484174108
890 14.9999997615158 114.984423123577 -1199.99894224705
891 14.9999999789425 114.984404358028 -1199.99727234137
892 14.9999999294652 114.984385865354 -1200.02103582494
893 15.0000000166706 114.984367080009 -1199.99290309905
894 14.999999912634 114.984348367864 -1200.0083285012
895 15.0000000469829 114.984329932378 -1199.97975737686
896 14.9999998406193 114.98431149742 -1199.97095981712
897 14.9999997271019 114.984292923254 -1200.02877054841
898 14.9999998911037 114.984274329627 -1199.99726223443
899 14.9999999036713 114.984255736351 -1199.99451356287
900 14.9999996730098 114.98423734022 -1199.99498346403
901 15.0000000672992 114.984218442854 -1199.97930881105
902 15.0000000415285 114.984199923149 -1199.98866124733
903 14.9999999708703 114.984181207167 -1200.00756832105
904 15.0000000576339 114.984162690487 -1199.99052485347
905 14.9999999351462 114.984144139164 -1199.97586520108
906 15.0000002318394 114.984125550309 -1199.97496029862
907 14.9999998193792 114.984106845188 -1199.98491019952
908 15.0000001148034 114.984088295462 -1199.95572154025
909 15.0000000390803 114.984069532575 -1200.01682653347
910 15.0000001605013 114.984051006095 -1199.98572688851
911 15.0000003967426 114.984032466533 -1199.9492780546
912 15.000000164073 114.984013857015 -1199.99771597041
913 14.9999999497914 114.983995273392 -1200.0132579295
914 15.0000001930137 114.983976765353 -1199.97014307012
915 15.0000002593744 114.983957986733 -1199.97866229075
916 14.9999998132785 114.983939684248 -1199.979141257
917 15.0000000364083 114.983920657114 -1200.00881343674
918 14.9999999271241 114.983902475646 -1200.04695493115
919 14.9999996237359 114.983883874815 -1200.03329689201
920 15.0000001190123 114.983864844408 -1199.99228153689
921 15.000000100385 114.983846363809 -1199.979136588
922 14.9999998976425 114.983827798363 -1199.99856876844
923 14.9999996632281 114.983808931685 -1200.00985592376
924 14.9999996568326 114.983790561825 -1200.02351386834
925 15.0000001235461 114.983772068082 -1199.96485673277
926 14.9999999514106 114.983753421394 -1199.99528990515
927 14.9999999439141 114.983735038448 -1200.00014735765
928 15.000000061793 114.983716081921 -1200.00849700918
929 15.0000002867354 114.983697672138 -1200.00957976978
930 14.9999999776933 114.983679102915 -1199.99431978479
931 15.0000000947811 114.983660433791 -1200.04304526373
932 15.0000002491005 114.983642174749 -1199.9908092021
933 14.9999999934719 114.983623436122 -1200.01621472852
934 14.9999998468931 114.983604822444 -1199.98944094936
935 15.0000000975385 114.983585941011 -1200.00611204878
936 14.9999998616482 114.983567138216 -1199.99813588085
937 14.999999968921 114.983549084473 -1200.03566327321
938 15.000000460695 114.983530234573 -1200.02878029191
939 14.999999919667 114.98351185978 -1200.02736863662
940 15.0000000033136 114.983492421732 -1200.04090925538
941 15.0000000416482 114.983474504592 -1200.03656456132
942 15.0000002556437 114.983455780985 -1200.01443105793
943 14.9999997389102 114.983437064104 -1199.97514773653
944 15.0000002579918 114.983418559779 -1199.9912008801
945 15.000000052863 114.983399710467 -1200.01770853181
946 15.0000000788915 114.983381328694 -1199.99795206203
947 15.0000000485604 114.983362883365 -1199.99875488314
948 15.0000000364018 114.983343943153 -1199.99966604293
949 15.0000000881669 114.983325531937 -1200.00601017762
950 14.9999999574527 114.983307305314 -1200.00667856768
951 14.9999999193073 114.9832885347 -1199.99545600411
952 14.999999907788 114.98326997406 -1200.02784177039
953 15.0000002298063 114.983251428234 -1199.9973265556
954 15.0000001600892 114.983232121542 -1200.02984474133
955 14.9999999037629 114.983214245217 -1199.99919568199
956 14.9999996847625 114.98319534617 -1199.99896331785
957 15.000000196474 114.983176986708 -1200.01474065184
958 15.000000097637 114.98315851005 -1200.01664098096
959 15.0000002353227 114.983139609048 -1200.02443357308
960 15.0000001564974 114.9831208933 -1200.01803472524
961 15.0000003273136 114.9831024932 -1199.99381201781
962 15.0000001818213 114.983083882918 -1199.96468661507
963 14.9999999980916 114.98306519728 -1200.00165087417
964 15.00000021755 114.983046766238 -1200.00305012078
965 15.000000370954 114.983027820176 -1200.01789809821
966 14.9999999701466 114.983009586888 -1200.01717085874
967 15.0000001151818 114.982990704603 -1200.00688662057
968 15.0000003436667 114.982972481358 -1199.98086468802
969 15.0000001051058 114.982953865053 -1199.98958096649
970 15.0000001275394 114.982934945566 -1199.97898120818
971 15.0000001413924 114.982916295137 -1200.03379603089
972 15.0000000021479 114.982897838519 -1200.01067507965
973 14.9999999358349 114.982879037108 -1199.96268202964
974 15.0000001099351 114.98286032498 -1200.01895220999
975 14.9999999442312 114.982842219884 -1200.02756999488
976 14.9999999369778 114.9828233291 -1200.00592408482
977 15.0000002261783 114.982804530802 -1199.99606235861
978 14.9999998660297 114.982786512197 -1200.00461410336
979 14.9999997877243 114.982767676083 -1200.02043305895
980 15.0000000093366 114.982748940243 -1200.00321198515
981 14.999999700058 114.982730308674 -1199.95094510655
982 14.9999999864481 114.982711731994 -1199.98708286097
983 14.9999998612103 114.982693191871 -1199.97100499447
984 14.9999998693864 114.982674616321 -1200.02148911008
985 14.9999999140163 114.982655801341 -1200.01021579155
986 15.0000000969628 114.982637698348 -1199.98955825152
987 15.0000000204626 114.982619119414 -1199.97916584347
988 14.9999998056334 114.982600124687 -1200.01899180571
989 15.0000000087747 114.982581511984 -1200.00285834078
990 15.0000001625139 114.982563210292 -1199.9978278967
991 14.9999999911614 114.982544561566 -1200.00310686538
992 15.0000001323612 114.982525658946 -1200.00977599643
993 15.0000000344962 114.982507078618 -1200.01992406989
994 15.0000003488057 114.982488379124 -1200.02628947319
995 14.9999999851938 114.982470044249 -1199.98297353911
996 15.0000000284252 114.982451502181 -1200.02730387637
997 14.9999999836663 114.98243286902 -1199.99876303591
998 15.0000001609327 114.982414326889 -1199.969676913
999 14.9999998612126 114.982395498139 -1199.97089055145
1000 14.9999998314639 114.982377271068 -1200.00390672401
1001 15.0000001112441 114.982358136174 -1200.00740365881
1002 14.9999999307446 114.982339841817 -1199.98401656002
1003 15.0000000576468 114.982321083409 -1199.98613015188
1004 14.9999996943334 114.982302648255 -1199.99334972259
1005 15.0000001583326 114.982283887563 -1200.02092606927
1006 14.9999998547562 114.982265191067 -1200.01010482009
1007 15.0000000891533 114.982247012599 -1200.0202024177
1008 15.0000000967446 114.982228068532 -1199.98935494294
1009 14.9999997239101 114.982209580416 -1200.02038007985
1010 15.0000002985878 114.982191020946 -1199.99352918587
1011 15.0000000474335 114.982172742202 -1199.99204861071
1012 15.0000001977429 114.982153979694 -1200.00225441645
1013 15.0000000267833 114.982135345325 -1199.9805057604
1014 15.0000003223286 114.982116837978 -1200.03883175162
1015 15.0000002967283 114.982097618966 -1200.04987493318
1016 15.0000000826812 114.982079120342 -1199.99506485687
1017 14.9999998957017 114.982060569294 -1200.0420387293
1018 15.0000001828149 114.982042172487 -1200.00119490459
1019 15.0000000560001 114.982023580599 -1199.97904384827
1020 15.0000003008615 114.982005161902 -1199.98072787988
1021 14.9999998795662 114.981986590918 -1200.01090963993
1022 15.0000002112194 114.981967865907 -1199.99945996287
1023 15.0000000332058 114.981949432052 -1199.9524708628
1024 15.0000000427869 114.981930815586 -1200.0335175525
1025 15.0000001724667 114.981912160382 -1199.98709764565
1026 14.9999998489087 114.981893439911 -1200.02914391174
1027 15.0000000429262 114.981874762183 -1199.99191362361
1028 15.0000000560184 114.981856097155 -1199.9789986623
1029 14.9999995146285 114.981837845779 -1200.0252298879
1030 15.0000003153142 114.981819262233 -1199.97930575204
1031 15.0000000916312 114.981800579177 -1200.02987457784
1032 14.999999678209 114.981781993543 -1200.02469501975
1033 14.999999976361 114.981763557318 -1199.99560379334
1034 14.9999997607814 114.981744697787 -1200.00603735314
1035 14.999999904555 114.981726288356 -1200.01972434539
1036 15.0000004740417 114.981707748576 -1199.98654530459
1037 15.0000002822481 114.981688936505 -1200.031693606
1038 14.9999999847887 114.981670624851 -1199.98648294564
1039 15.0000001021698 114.981651833036 -1199.96287741557
1040 14.9999998289733 114.981633482174 -1199.98547231664
1041 15.0000001230486 114.981614552978 -1199.98970014302
1042 14.9999998973581 114.98159572901 -1199.96221203703
1043 15.0000003737274 114.981577173234 -1200.00373019566
1044 14.9999998731918 114.981558728083 -1199.98126621676
1045 15.0000000924018 114.981540037937 -1199.99550717145
1046 14.9999998736473 114.981521522325 -1199.98962202586
1047 14.9999999078329 114.981502950522 -1199.99750807185
1048 14.9999998905573 114.981484212984 -1200.00301476795
1049 14.999999886945 114.98146531299 -1199.98064469154
1050 15.0000000263872 114.981447051746 -1200.00976265726
1051 14.9999999281942 114.981428543301 -1199.96935889471
1052 15.0000000340967 114.981409793303 -1200.01713377566
1053 14.9999998848883 114.981391077638 -1199.98725206994
1054 15.0000002755346 114.981372354257 -1199.99417958115
1055 14.9999997509672 114.981354008865 -1200.01785907403
1056 14.9999999213597 114.98133570282 -1200.00307166751
1057 14.9999999685433 114.981316926095 -1199.98756991611
1058 14.9999999265439 114.981298253663 -1199.98788576919
1059 14.9999996932567 114.981279680622 -1200.01695298877
1060 15.0000002828477 114.981261139622 -1199.99545734894
1061 14.999999778813 114.981242678067 -1199.97122499263
1062 15.0000001523814 114.981224083313 -1200.00706999374
1063 15.0000001296908 114.981205381518 -1199.96922836682
1064 15.0000001692857 114.981186665536 -1200.02616936161
1065 15.000000038198 114.981168288138 -1200.01044141457
1066 14.999999668531 114.981149456582 -1200.02600002763
1067 14.9999998899897 114.981130877875 -1200.01106618719
1068 14.9999996121206 114.981112562126 -1199.99248484352
1069 15.0000002750357 114.981093846 -1200.01608320917
1070 15.0000001373376 114.981075047888 -1200.02233880587
1071 15.0000001309754 114.981056211208 -1199.99033544755
1072 14.9999997285125 114.981037686376 -1199.94745905877
1073 14.9999998664395 114.981019061873 -1199.97906378843
1074 15.0000000194686 114.98100075083 -1199.99034286027
1075 14.9999998884725 114.980981886746 -1200.00673586927
1076 15.0000001567558 114.980963590363 -1199.9910768711
1077 15.0000001173649 114.980944928204 -1200.03498456359
1078 14.999999917372 114.980926510572 -1200.01379106295
1079 14.9999999378036 114.980907676587 -1200.00411042651
1080 14.9999999134527 114.980889207813 -1199.96978205876
1081 15.000000085456 114.980870559223 -1199.99997800823
1082 15.0000001536215 114.980851670003 -1199.97414013497
1083 14.9999996737001 114.980833456028 -1200.0192223455
1084 15.0000000301627 114.980814903443 -1199.99712321206
1085 15.0000002208411 114.980796034411 -1199.99383488521
1086 15.0000000159851 114.9807776576 -1200.02928208508
1087 14.9999997058141 114.980759342421 -1200.02098714816
1088 15.0000001810874 114.980740072514 -1200.00522705262
1089 14.999999755453 114.980721973469 -1200.00347963955
1090 14.9999997813778 114.980703238011 -1199.98348519325
1091 15.000000309224 114.980684754879 -1200.00369217294
1092 15.000000196723 114.980665858846 -1200.01780240948
1093 15.0000002151215 114.980647021018 -1199.99024442555
1094 14.9999998423143 114.980628469054 -1200.00977042273
1095 14.9999999215307 114.980610294729 -1200.01260496907
1096 15.0000003537802 114.98059141998 -1200.02449079628
1097 15.0000000659322 114.980573132621 -1200.00122561699
1098 15.0000001047635 114.980554378298 -1200.02596039602
1099 15.0000001628373 114.980535444526 -1199.9860346814
1100 15.0000004085158 114.980517067337 -1199.99457259296
1101 14.999999990448 114.980498163478 -1199.99985839229
1102 14.9999997734798 114.98048002281 -1199.99700000367
1103 15.0000000883928 114.980461294959 -1200.01806726774
1104 15.0000000472383 114.980442555635 -1200.03147328684
1105 14.9999998372019 114.980423882225 -1200.01736284504
1106 15.0000000094902 114.980405162656 -1200.00785521108
1107 14.999999836316 114.980387017561 -1199.98646075033
1108 14.9999999436777 114.980367875362 -1199.96773201998
1109 14.9999998467693 114.980349954437 -1199.99745841799
1110 14.999999917558 114.98033144772 -1200.03562092373
1111 14.9999999496698 114.980312633685 -1200.01211149477
1112 15.0000001305641 114.980294057713 -1200.01563800414
1113 15.0000002034354 114.980275576411 -1200.00584010398
1114 15.0000001258799 114.980256949281 -1200.01987726155
1115 15.0000000207789 114.980238484276 -1200.0048534843
1116 14.9999998185507 114.980219583498 -1200.02679701128
1117 14.99999982825 114.980201027156 -1199.97835781502
1118 14.9999997852467 114.980182470761 -1199.97462547698
1119 15.0000000571481 114.980163519148 -1199.99292671713
1120 15.0000000413494 114.980145284588 -1200.00766855331
1121 14.9999998849715 114.980126418911 -1199.97756326614
1122 14.9999999357022 114.980108087603 -1200.02599340387
1123 15.0000000886382 114.980089418752 -1199.99676052284
1124 15.0000001269689 114.980070917156 -1200.00263110943
1125 15.0000000472877 114.980051997174 -1199.99629010806
1126 14.9999998078574 114.980033737714 -1200.00850685578
1127 15.0000002648408 114.980014985106 -1200.02477990754
1128 15.0000001974803 114.97999633469 -1199.99172843529
1129 14.9999996647403 114.979977705103 -1200.00593524765
1130 15.0000000713409 114.979959366978 -1200.02915079419
1131 15.0000000387286 114.979940348635 -1200.02149400948
1132 14.9999996513835 114.979921950105 -1200.00811791576
1133 15.0000001115588 114.979903460373 -1199.97841311923
1134 15.0000003307478 114.979884885163 -1199.97492856333
1135 15.0000002749321 114.979866245383 -1200.01728642142
1136 14.9999998799209 114.979847614343 -1199.99135860578
1137 15.000000011115 114.979828630308 -1200.01756896056
1138 14.9999999844273 114.979810332966 -1200.00748816214
1139 15.0000000400785 114.979792000846 -1199.97781156297
1140 14.9999999041194 114.97977341951 -1199.97738138041
1141 14.9999998837269 114.979754610904 -1199.98896336497
1142 15.0000002551529 114.979735829385 -1199.99185306759
1143 14.9999999949813 114.979717533301 -1199.98896162806
1144 14.9999997668914 114.979698794317 -1199.99731262466
1145 15.000000079573 114.97968005171 -1199.99843659245
1146 14.9999998215482 114.979661332662 -1199.9731115124
1147 15.0000000928132 114.979642676597 -1199.98976671879
1148 15.000000216524 114.979624453218 -1199.99739593426
1149 14.9999998770259 114.979605756977 -1200.0046808451
1150 15.0000001440748 114.979587124776 -1200.05464290381
1151 14.999999769539 114.979568628053 -1199.99098409715
1152 15.0000000251177 114.979549888116 -1199.95762691758
1153 15.0000000185614 114.979531337597 -1200.02880516065
1154 15.0000000145442 114.979512781751 -1199.96667350555
1155 14.9999997830476 114.979494359359 -1199.98503562717
1156 14.9999999424244 114.979475496792 -1199.99342775717
1157 15.0000000722754 114.9794571199 -1200.02222436032
1158 15.0000002086344 114.979438785732 -1199.98608328415
1159 14.9999999525526 114.979419949211 -1200.01616267619
1160 14.999999983898 114.979401113036 -1200.00684081656
1161 14.9999999071915 114.979382721297 -1200.02853650381
1162 15.0000002052469 114.979363817754 -1200.00293839882
1163 14.9999998525171 114.979345427646 -1199.99117923255
1164 14.9999998835808 114.979326556136 -1200.03741198404
1165 14.9999998461441 114.979308142218 -1199.98870640604
1166 15.0000001643529 114.979289349525 -1199.97415931185
1167 14.9999999565983 114.979270884053 -1199.96278650595
1168 15.0000002454654 114.979252221739 -1200.00317271313
1169 14.9999999349382 114.979233620852 -1199.97610378385
1170 14.9999999860539 114.979215030977 -1200.00564545488
1171 15.0000000346278 114.979196531275 -1200.01628527535
1172 15.0000002439962 114.979177979038 -1200.0147774183
1173 14.9999999065884 114.979159263313 -1199.99832027163
1174 15.0000001854988 114.979141048568 -1199.96619358155
1175 15.0000000701721 114.979122416801 -1199.99174110735
1176 15.0000001197741 114.979103622244 -1199.98108743595
1177 14.9999998944476 114.97908496247 -1199.98668854995
1178 14.9999999922632 114.979066254732 -1200.00800664202
1179 14.9999997766252 114.979047868934 -1199.99006421681
1180 14.999999909426 114.979028675846 -1200.02862887668
1181 14.9999998755096 114.979010657435 -1200.01204474281
1182 15.0000001956508 114.978991601214 -1200.04493943158
1183 14.9999998027525 114.97897324981 -1200.01476157978
1184 15.0000001757014 114.978954778649 -1199.97877028203
1185 14.9999994388397 114.978936145108 -1199.98875312509
1186 15.0000002128076 114.978917572753 -1199.95609207716
1187 14.999999789726 114.978899402596 -1199.97962110809
1188 15.0000000741147 114.978880385995 -1199.98323716216
1189 15.0000003146916 114.978861591829 -1199.98042239863
1190 14.9999999616161 114.978842940951 -1200.00105344965
1191 15.0000000647937 114.978824412727 -1200.02709871776
1192 14.9999998128835 114.978805968336 -1200.01194195818
1193 15.0000000942926 114.978787319443 -1199.92815277073
1194 15.0000001580171 114.978768885062 -1199.98482943716
1195 14.999999976395 114.978750219022 -1200.0132235164
1196 14.9999998919156 114.978732003113 -1199.99612284685
1197 14.9999997242825 114.978712934423 -1200.00794207705
1198 15.0000000326781 114.978694290102 -1199.96995958229
1199 15.0000000375657 114.978675897467 -1200.00211545052
1200 15.0000000911242 114.978657234098 -1200.00529330066
1201 14.9999998328145 114.978638791747 -1200.00487062991
1202 15.0000004306873 114.978619787214 -1200.04523698654
1203 15.0000001873105 114.978601416382 -1199.99434912731
1204 15.0000002634307 114.978582670356 -1200.00389682728
1205 15.0000001844434 114.978564288273 -1199.99147805863
1206 14.9999998351124 114.978545946474 -1200.00526350158
1207 15.0000001212355 114.978526959526 -1199.99124558834
1208 15.0000002052546 114.978508221815 -1200.01367139172
1209 15.0000000149437 114.978489628741 -1199.99074276596
1210 15.0000001463461 114.97847126199 -1200.00129936124
1211 14.9999999299038 114.978452547217 -1199.98424443701
1212 15.0000000246088 114.978433926369 -1199.96086517315
1213 14.9999999955145 114.978415149331 -1200.04148068097
1214 15.0000001344765 114.978396655214 -1199.94584489283
1215 14.9999997135834 114.97837804815 -1199.99547256949
1216 15.0000003798494 114.978359154104 -1199.99717439954
1217 14.9999999927749 114.978340743855 -1200.00844600342
1218 15.0000000929391 114.978322499656 -1199.99569167453
1219 15.0000000176857 114.978303702954 -1199.9821761917
1220 15.0000000439673 114.978285119371 -1200.04200472657
1221 15.0000000172325 114.978266672883 -1200.0094497984
1222 15.0000002983042 114.978247865378 -1199.98394032515
1223 15.00000009238 114.978229396996 -1199.95624412264
1224 15.0000002455101 114.978210489751 -1200.02570007457
1225 15.00000012552 114.978192047564 -1199.99398798215
1226 14.9999999914315 114.978173578316 -1200.04172923015
1227 15.0000002344428 114.978154746766 -1200.00177163887
1228 15.0000002617746 114.978136325365 -1199.98065686907
1229 14.9999998083769 114.978117758994 -1199.98590903199
1230 15.0000000736432 114.97809900324 -1199.99996309014
1231 15.0000000163958 114.978080634388 -1199.98715498575
1232 15.0000002484582 114.978062090895 -1200.03985293753
1233 15.0000002766661 114.978043065806 -1200.01418707664
1234 14.9999999549532 114.978024789709 -1199.99107465433
1235 14.9999999058802 114.978005906668 -1199.97376261429
1236 14.9999999972544 114.977987638421 -1200.02275418301
1237 15.0000002031266 114.977969162726 -1200.00435832945
1238 15.0000002170517 114.977950568432 -1199.99626834163
1239 14.9999999837663 114.977931891084 -1200.02840242598
1240 15.0000000632701 114.977913367292 -1199.98815208164
1241 15.0000001646179 114.97789470061 -1199.98999966068
1242 15.0000000515382 114.977875703531 -1199.9952860152
1243 15.0000001748896 114.97785740272 -1199.9982892785
1244 14.9999995727738 114.977838933298 -1200.01353805879
1245 15.0000000434949 114.977819880457 -1199.97696902678
1246 14.9999999503502 114.97780192297 -1200.0100943495
1247 15.0000000963366 114.977782807558 -1199.995283732
1248 15.000000147637 114.977764562208 -1200.02538251763
1249 15.0000004658013 114.977745625802 -1199.97543114748
1250 14.9999998603243 114.97772720291 -1200.0171066945
1251 15.0000002366064 114.977708588824 -1200.02485623438
1252 14.9999999331507 114.977690106948 -1200.01554867038
1253 14.9999998112095 114.977671588777 -1199.98589697976
1254 15.0000000862398 114.977653095384 -1199.99370951759
1255 15.0000000478082 114.97763402577 -1199.99884053645
1256 15.0000002746227 114.977615492242 -1200.0258741889
1257 14.9999998033515 114.97759691356 -1199.96836676368
1258 15.0000000599097 114.97757835669 -1199.98678975634
1259 14.9999999894631 114.977559774544 -1200.01786323181
1260 14.9999998201453 114.977541417963 -1199.99203166634
1261 15.0000002453643 114.977522583442 -1200.00160845686
1262 14.9999996773809 114.977504025103 -1200.00972887089
1263 15.0000002219974 114.977485261798 -1199.98465228149
1264 15.000000328138 114.977466553158 -1200.00094532631
1265 14.9999998463936 114.977448190532 -1200.00679622364
1266 14.9999998641122 114.977429739549 -1199.98409216689
1267 15.0000000552431 114.977410925895 -1199.97029750886
1268 14.9999997732075 114.977392421968 -1200.00914078691
1269 14.9999999956488 114.977374086483 -1200.02183363644
1270 14.999999693629 114.977355352141 -1200.00900094594
1271 15.0000002178163 114.977336503103 -1200.00802640304
1272 14.9999997677017 114.97731807621 -1200.0072058293
1273 14.9999997445098 114.977299436447 -1199.98734574303
1274 15.0000002785771 114.977280862915 -1200.0003982906
1275 14.9999996580675 114.977262565012 -1199.99298401369
1276 14.9999997976566 114.977243903686 -1199.98260604896
1277 14.9999999597448 114.977224712068 -1200.00081243081
1278 15.0000002693614 114.977206603708 -1199.97776112412
1279 14.9999998453651 114.977187901841 -1199.98402318655
1280 15.0000001938368 114.977169511287 -1200.023275097
1281 14.9999997960915 114.977150593314 -1200.03866788805
1282 15.0000001152629 114.977132379339 -1199.97323485594
1283 15.0000002888706 114.977113172889 -1200.02343245285
1284 15.0000000080907 114.977094717136 -1200.01304269435
1285 15.0000004205787 114.977076218739 -1200.0347807143
1286 15.0000000746236 114.977057540368 -1199.99480126436
1287 14.9999999369966 114.977039052172 -1200.02958187555
1288 14.9999996750091 114.977020584188 -1199.98362047954
1289 15.0000000477972 114.977001907014 -1200.00381316079
1290 15.0000001389858 114.976983391197 -1200.01584825528
1291 15.0000002659086 114.976964684385 -1200.03124912627
1292 15.0000001173751 114.976945890301 -1199.98941504031
1293 15.0000000076888 114.976927326341 -1199.97633962118
1294 14.999999898878 114.976909198142 -1199.99246620399
1295 14.9999999411308 114.976890178378 -1199.99292338796
1296 14.9999996447146 114.976871616677 -1200.00900361556
1297 14.9999999958473 114.976853185132 -1199.99161311946
1298 15.000000175009 114.976834301164 -1200.00956235091
1299 15.0000000907555 114.976815781715 -1200.00216454154
1300 14.9999999848153 114.976796930611 -1199.9866765323
1301 14.9999997450847 114.976778582928 -1199.99873352048
1302 15.0000000629642 114.976760125448 -1200.02536481716
1303 15.0000001766899 114.976741327729 -1199.99996481253
1304 14.9999999133366 114.976722701582 -1199.9890889007
1305 15.0000000641636 114.976704110013 -1199.93624864489
1306 15.0000000060609 114.976685472262 -1199.94936405692
1307 14.9999998537032 114.976667101025 -1199.99619126556
1308 14.9999999701443 114.97664836509 -1200.0328413768
1309 14.9999998287425 114.976629816334 -1199.96483896595
1310 15.0000000351883 114.976610927139 -1200.00497067697
1311 15.0000001224709 114.976592758351 -1200.02170273944
1312 14.9999998535174 114.976574454481 -1200.01492316644
1313 14.9999998568195 114.97655576758 -1199.98573023066
1314 15.0000000244583 114.976537031313 -1200.01214840662
1315 14.999999896812 114.976518237446 -1200.0033504029
1316 15.0000000623544 114.9764997874 -1199.99682492736
1317 14.9999999911206 114.976481173181 -1200.01775317225
1318 14.9999998133963 114.976462523861 -1200.02029039709
1319 15.0000000094442 114.976443767121 -1200.01937284744
1320 15.0000005895635 114.976424997141 -1199.98577927484
1321 15.000000241643 114.976406727845 -1200.02568229575
1322 15.0000001369177 114.976388617387 -1199.99118400412
1323 15.0000000720694 114.976369520372 -1200.00671559207
1324 15.0000003500725 114.976350901506 -1200.00073874212
1325 15.0000002387059 114.976332124702 -1200.04713745559
1326 14.9999997855974 114.976313709459 -1199.99029353524
1327 14.9999999880934 114.976295025682 -1200.00032224048
1328 14.9999999450738 114.976276496318 -1200.00998981367
1329 15.0000001401621 114.976257900026 -1200.01836562708
1330 15.0000001604933 114.976239434208 -1200.03955803486
1331 14.9999999059095 114.976220859735 -1200.00489020808
1332 15.0000001759082 114.976202059813 -1200.0120572536
1333 15.0000002885886 114.976183361504 -1200.00035824275
1334 14.9999999225999 114.976164856928 -1199.98749039674
1335 14.9999997888155 114.976146124373 -1200.00094304073
1336 14.9999998701683 114.976127753221 -1199.96460021952
1337 14.9999999511512 114.97610906514 -1200.02606545195
1338 15.0000002590724 114.976090557978 -1199.9731457202
1339 15.000000176802 114.976071750031 -1199.99489035063
1340 14.9999999709322 114.976053095402 -1200.01080287193
1341 15.000000124354 114.976034809424 -1199.97562772583
1342 14.9999998867963 114.976015986599 -1199.96384296363
1343 14.9999997870726 114.975997403453 -1200.01492947298
1344 15.0000001084024 114.975978711703 -1200.01011329722
1345 15.0000002955331 114.975960567727 -1199.99706446971
1346 14.9999999681662 114.975941626985 -1199.99233139369
1347 14.9999998734098 114.975922775892 -1200.03195560128
1348 14.9999998138529 114.975904843752 -1200.0042975155
1349 15.0000000949799 114.975885664505 -1199.99339813553
1350 14.9999999364316 114.975867343375 -1200.00518590738
1351 15.0000001170601 114.975848630186 -1200.00904847713
1352 14.9999997763035 114.975830178505 -1199.98946991148
1353 14.9999999107675 114.975811514148 -1199.99402820032
1354 14.9999997684451 114.975792838174 -1200.00523524949
1355 14.9999999720272 114.975774586023 -1199.98477963834
1356 14.9999997489806 114.975755579233 -1199.97310339153
1357 15.0000001842462 114.975737014853 -1199.99114003793
1358 14.9999998202733 114.975718630091 -1200.03627816012
1359 15.0000000508906 114.97570007866 -1200.00737837727
1360 14.9999999436741 114.975681352823 -1199.9926609975
1361 14.9999999635155 114.975663035145 -1199.98949775865
1362 15.0000001590555 114.97564390085 -1199.98575651207
1363 14.9999999788615 114.975625787216 -1200.00054197052
1364 15.0000000460892 114.975606980018 -1199.97486385836
1365 15.0000001130476 114.97558825237 -1199.97003332427
1366 14.9999997360828 114.975569659693 -1200.00367245666
1367 15.0000002834907 114.975550992441 -1199.99556118742
1368 14.9999998808586 114.975532493691 -1199.98770922964
1369 15.000000172062 114.97551355528 -1199.97718772499
1370 15.0000000407375 114.975495201144 -1200.01636130073
1371 15.0000000366392 114.975476661257 -1199.99012620971
1372 14.9999999160203 114.97545825697 -1200.00117005488
1373 15.0000000287611 114.975439363995 -1199.97367223414
1374 14.9999999957384 114.97542071846 -1199.95091273552
1375 14.9999996861374 114.975401929828 -1200.02396900297
1376 15.0000001030012 114.975384046155 -1199.9847785158
1377 15.0000001421252 114.975364910962 -1199.95787707266
1378 14.9999998171292 114.975346253604 -1200.01749566359
1379 14.9999999942636 114.975327923805 -1200.03820185155
1380 14.9999997217157 114.975309410294 -1200.00675128582
1381 15.0000001674697 114.975290522856 -1200.00458169451
1382 14.9999998788143 114.975272177325 -1200.03055103554
1383 14.9999999945117 114.975253280289 -1200.0104789787
1384 15.0000000079374 114.975234599087 -1200.00150362926
1385 14.9999997338541 114.975216211747 -1200.01227071187
1386 15.0000002161435 114.975197640179 -1200.01459386366
1387 15.0000001894882 114.975179108402 -1199.99600230402
1388 15.0000000362925 114.975160252356 -1199.98080719904
1389 14.9999998283556 114.97514175133 -1199.99921081704
1390 15.0000003725363 114.975123325501 -1200.0231978952
1391 14.9999999536183 114.975104743075 -1200.01014373061
1392 14.9999995446061 114.975086181791 -1200.02631734369
1393 15.0000002718253 114.97506755849 -1200.00587453394
1394 14.9999998796429 114.97504883027 -1200.00555272845
1395 14.9999998209556 114.975030430356 -1200.00032470006
1396 15.0000003036346 114.975011732338 -1199.96206479214
1397 14.9999999003251 114.974992990669 -1199.99865064779
1398 14.9999996389727 114.9749745974 -1200.00771982449
1399 14.9999999433264 114.974955939292 -1199.97093494305
1400 15.0000001558838 114.974937343231 -1199.98869505186
1401 15.0000001312675 114.974918766826 -1199.97073786123
1402 14.9999998676713 114.974900030135 -1200.00483145984
1403 14.9999998679448 114.974881158264 -1199.96151893288
1404 15.0000003145932 114.974862958266 -1200.02444117139
1405 14.9999997347263 114.974844209477 -1200.01211424168
1406 14.9999999621208 114.974825644392 -1199.99826521595
1407 15.0000001350571 114.974807024699 -1199.9894980496
1408 15.0000001426717 114.974788553393 -1199.97255992582
1409 14.9999997624906 114.974770132621 -1199.9854440982
1410 14.9999998677308 114.974751498806 -1199.99495534618
1411 15.0000000362725 114.974732719428 -1200.03530947379
1412 15.0000000398874 114.97471439797 -1200.03492364846
1413 14.9999997925594 114.974695549334 -1200.00503603507
1414 14.9999998943817 114.97467699155 -1200.00846774216
1415 15.0000001038847 114.974658321105 -1200.02224592761
1416 14.9999999932212 114.974639405924 -1200.02006886528
1417 15.0000001028067 114.97462078332 -1200.00456144562
1418 14.9999999596418 114.97460213779 -1199.96390530635
1419 15.0000001278013 114.974583774189 -1199.99797577751
1420 15.0000000944016 114.974565036427 -1199.99351859218
1421 15.00000009433 114.974546510956 -1200.01811087489
1422 15.0000003954941 114.974528588849 -1199.98440305414
1423 14.99999950702 114.974509520639 -1199.99703000214
1424 14.9999999548385 114.974490622817 -1199.94687243629
1425 15.0000000755612 114.974472321037 -1200.0379090992
1426 14.9999997571795 114.974453595113 -1199.98413171246
1427 14.9999998599924 114.974435165396 -1200.00409405459
1428 14.9999999852807 114.974416747119 -1199.99319417354
1429 14.9999996966662 114.9743981076 -1200.02113112981
1430 15.0000001484904 114.974379448169 -1199.97089761759
1431 14.9999997904711 114.974360785332 -1199.98625754506
1432 14.999999655912 114.974342277907 -1199.99455195018
1433 14.999999677515 114.974323719091 -1200.02054723788
1434 15.0000001517213 114.974304601456 -1199.98533276213
1435 15.0000000333028 114.974286134187 -1199.99282492817
1436 15.0000000871445 114.974267722406 -1200.00686783837
1437 14.9999999588729 114.974249260698 -1199.99955174841
1438 14.9999999935112 114.974230429921 -1199.98377230017
1439 14.999999703465 114.974211942103 -1199.98516319165
1440 14.9999999671456 114.974193153877 -1199.99354956566
1441 15.0000002737775 114.974174621662 -1200.01350800141
1442 14.9999999758256 114.97415587371 -1200.03542082488
1443 15.0000001542759 114.97413761443 -1200.00660065779
1444 15.0000001361582 114.974118767968 -1199.96169546418
1445 15.0000001006531 114.97410039097 -1200.02748337605
1446 14.9999999711199 114.974081876602 -1200.01337723701
1447 14.9999999796884 114.974063360193 -1199.99396127282
1448 14.99999984405 114.974044700293 -1199.99830107023
1449 15.0000000335701 114.97402602527 -1199.9954185927
1450 15.0000001836608 114.974007311503 -1199.99525712512
1451 14.9999999823901 114.973988728347 -1200.00625500459
1452 14.9999999411241 114.973969917269 -1199.98048419902
1453 14.9999999180124 114.973951370026 -1200.02535716792
1454 14.999999991139 114.973932667773 -1199.96435924804
1455 15.0000000726949 114.973914540896 -1200.0169948313
1456 15.0000001184518 114.973895401446 -1199.98425429107
1457 14.9999997481375 114.973877071052 -1199.98021872611
1458 15.0000000416515 114.973858516848 -1200.00040843077
1459 15.0000000122965 114.973839857217 -1200.02302017454
1460 14.9999997846148 114.973821787446 -1200.00524671796
1461 15.0000000046715 114.97380260837 -1199.97929239466
1462 14.9999998697886 114.973783959617 -1200.02558672347
1463 14.9999999908767 114.973765489202 -1199.99717986472
1464 15.0000000570493 114.973746782849 -1200.00767061331
1465 14.9999998793627 114.973727858796 -1199.99382389205
1466 14.9999998339232 114.973710148306 -1199.98624508392
1467 14.9999998997017 114.973691323485 -1199.97615977524
1468 14.999999631364 114.97367230927 -1199.99190935528
1469 15.0000000872943 114.973653813442 -1199.99161995231
1470 14.9999998937372 114.973635031406 -1199.98776011956
1471 15.0000000074914 114.973616753493 -1200.03858137166
1472 15.0000002107917 114.973598377819 -1199.98719373695
1473 15.0000002796231 114.973579215011 -1199.99243477434
1474 15.000000178342 114.973560860272 -1199.99639429146
1475 14.9999997888418 114.973541900567 -1199.9698141031
1476 15.000000082794 114.973523638702 -1199.96035302396
1477 15.0000002829639 114.973504698779 -1199.98557864449
1478 15.000000101797 114.973486517366 -1200.01530334565
1479 15.0000000397212 114.973467712934 -1199.99101185839
1480 15.0000000260497 114.973449088116 -1200.00156919967
1481 14.9999999703675 114.97343120754 -1199.98227139659
1482 14.9999999315099 114.973412246356 -1199.99825919968
1483 15.0000001486661 114.973393493421 -1200.00390237456
1484 15.0000000140717 114.973374796396 -1200.00562416698
1485 15.0000001232276 114.973356318481 -1199.99602799979
1486 15.0000001010004 114.973337766939 -1199.99077116897
1487 15.0000004002348 114.973319177065 -1199.96908845572
1488 15.0000001092034 114.973300645884 -1199.96035395866
1489 14.9999998676448 114.97328163972 -1200.01529463059
1490 14.9999998154696 114.973263437979 -1200.00833190866
1491 14.999999818272 114.973244913579 -1200.02312806938
1492 15.0000000633324 114.97322623735 -1199.97501016872
1493 14.999999742044 114.973207805374 -1199.95070043628
1494 14.9999996588683 114.973188851188 -1199.98664774839
1495 15.0000001715026 114.973170298936 -1199.9869855831
1496 14.999999919256 114.973151554638 -1200.01154623687
1497 14.9999997557094 114.973133100391 -1199.97957109442
1498 15.0000000280596 114.973114787215 -1199.9999893884
1499 15.0000000924714 114.973095924898 -1200.01972457119
1500 14.9999998562991 114.973077343081 -1200.00584977048
1501 14.9999998478447 114.973058916779 -1199.96978403036
1502 14.99999972266 114.973040105578 -1200.00074020684
1503 15.0000000213687 114.97302170806 -1200.01402652001
1504 15.000000138511 114.973003227691 -1199.9896185814
1505 14.9999999686823 114.972984151306 -1200.04084581513
1506 15.0000000558545 114.972965714017 -1199.99944792784
1507 15.0000001791004 114.972947173323 -1199.99695877984
1508 15.0000003124143 114.972928211404 -1200.00634662058
1509 14.9999999680123 114.972909639083 -1200.00336762114
1510 15.0000002171765 114.972891270453 -1200.02858216299
1511 14.9999999278964 114.97287261065 -1200.00271372319
1512 14.9999996633378 114.972854037208 -1199.94393798081
1513 15.0000003205356 114.972835538643 -1199.99713714409
1514 15.000000132651 114.972817084711 -1199.98913776966
1515 15.0000002469819 114.972798516586 -1199.99964933117
1516 15.0000001674701 114.972779658815 -1199.98631170104
1517 14.9999998522412 114.97276117923 -1200.01060736771
1518 14.9999999872861 114.97274261618 -1199.98672608003
1519 15.0000000889891 114.972724239777 -1199.98711305607
1520 14.9999996864379 114.972705194906 -1199.989827286
1521 14.999999746155 114.97268695481 -1200.01126528569
1522 14.9999999877409 114.9726683493 -1199.99367181468
1523 14.9999999307272 114.972649522469 -1200.0068770609
1524 14.9999998991718 114.97263088247 -1200.00713698959
1525 14.9999998514149 114.972612474538 -1199.99283292552
1526 15.0000000947203 114.972593991768 -1199.97637269697
1527 15.000000092098 114.972575204926 -1200.01139565931
1528 14.9999998009936 114.972556644356 -1199.9987516951
1529 14.9999999211813 114.972537658241 -1200.01360101917
1530 14.9999999577212 114.972519041303 -1199.97826115654
1531 14.9999998786416 114.972500634639 -1200.00960540847
1532 15.0000000736199 114.972481889862 -1200.04208608956
1533 15.0000001864048 114.972463897494 -1200.01969233459
1534 14.9999999919468 114.972445021958 -1199.99103755009
1535 14.9999999768079 114.972426393179 -1200.01155100027
1536 15.0000001422075 114.972407439755 -1200.00867862026
1537 14.9999996677454 114.972388782343 -1200.02378007802
1538 14.9999999264948 114.97237073658 -1199.99023643003
1539 15.0000000540282 114.972351947944 -1200.04202409014
1540 15.0000001101053 114.972333334961 -1199.99005028454
1541 14.9999995038799 114.97231471562 -1199.99702893243
1542 14.9999999814961 114.972296417829 -1200.05464404621
1543 15.0000001954898 114.972277560276 -1199.96554113089
1544 15.0000000637358 114.972259076126 -1199.98537938608
1545 15.0000000531775 114.972240522643 -1199.96395338334
1546 15.0000002592112 114.972221312647 -1200.00560566429
1547 15.0000001635108 114.972203098829 -1199.99308482841
1548 15.0000001520856 114.97218426948 -1199.96789183187
1549 14.9999998571013 114.972166412061 -1200.00324230503
1550 15.0000000850827 114.972147662353 -1199.97586135263
1551 14.9999998764392 114.972128967735 -1200.01955802284
1552 14.9999998708726 114.972110180168 -1199.99606371551
1553 14.9999998263214 114.972091487821 -1200.01360118892
1554 14.9999998856484 114.972073104689 -1199.98777453379
1555 14.9999999705179 114.972054446561 -1199.9838060188
1556 14.999999730908 114.972036012697 -1200.02293631059
1557 15.000000180872 114.97201688348 -1199.96296851723
1558 14.999999881133 114.971998573218 -1199.97601368864
1559 15.0000002005224 114.971980155373 -1200.00504916025
1560 14.9999998718526 114.971961285604 -1199.99122689659
1561 14.9999998327692 114.971942542339 -1199.98854277012
1562 15.0000000982585 114.971924206122 -1200.0109918782
1563 14.9999996858368 114.97190570822 -1199.99883962128
1564 14.9999997009815 114.971887171097 -1200.00450233598
1565 14.999999980496 114.971868268687 -1199.99632244285
1566 14.9999997292739 114.971849705228 -1199.9475841702
1567 15.000000081416 114.971831178754 -1200.01193996488
1568 14.9999999179271 114.971812634069 -1199.97210738107
1569 14.9999999825802 114.971794035 -1199.99454887131
1570 15.0000001619817 114.971775261946 -1200.02374238159
1571 14.9999997204854 114.971756770171 -1199.99604346252
1572 14.9999998043557 114.971738096147 -1200.01079358037
1573 15.0000001334165 114.971719572602 -1199.9800903675
1574 14.9999998501789 114.971701172465 -1199.99802031415
1575 15.0000002478568 114.971682541694 -1200.01121292236
1576 15.000000001284 114.971663632855 -1200.02273225166
1577 15.0000003879175 114.971645410288 -1199.99842705039
1578 14.9999998416369 114.971626599499 -1199.99905194581
1579 15.0000000752515 114.97160785232 -1200.02828956041
1580 15.000000392375 114.971589264715 -1199.9915318142
1581 15.0000001781287 114.971570696907 -1199.9664256441
1582 14.9999999261087 114.971552172239 -1199.9996982143
1583 15.0000000311136 114.971533545789 -1200.05996237244
1584 14.9999998210861 114.971515219121 -1199.96407411988
1585 14.9999999000413 114.971496068779 -1199.99351795721
1586 14.9999999386751 114.971477870945 -1200.01720659292
1587 14.9999999588315 114.971458996089 -1200.03022941983
1588 14.9999998257802 114.971440746579 -1199.99939494731
1589 15.0000003224659 114.971421740656 -1200.01004525858
1590 15.0000000485818 114.971403192872 -1199.98609521324
1591 14.999999934525 114.971384594441 -1200.02681278639
1592 15.0000000837597 114.97136605145 -1199.97804665498
1593 15.0000001039614 114.971347472531 -1199.97492807884
1594 15.0000001304498 114.971328947753 -1200.03106217661
1595 14.9999998355051 114.971310375493 -1200.0121658777
1596 15.000000011078 114.971291767292 -1200.01153729705
1597 14.9999999225273 114.971273130663 -1200.00119960377
1598 15.0000001884716 114.971253978016 -1200.0066043057
1599 14.99999979325 114.971236227775 -1199.99200037284
1600 15.0000000192204 114.971217689521 -1199.99425088587
1601 15.0000000651792 114.971198805975 -1200.00299096949
1602 15.0000001642709 114.971179889663 -1200.02045358227
1603 14.9999998808225 114.971161903743 -1199.97547226448
1604 15.0000001988835 114.971142998765 -1200.00125539411
1605 15.0000000000911 114.971124219545 -1199.96644589215
1606 15.0000000657003 114.971105904198 -1199.99238005628
1607 14.9999998588937 114.971087355219 -1200.02094494828
1608 14.9999997704533 114.97106853317 -1199.9721903242
1609 15.0000002587763 114.971049749464 -1199.99285779525
1610 15.0000003220421 114.971031517293 -1199.99940029087
1611 15.0000002356782 114.971012967205 -1200.00791481299
1612 15.0000002637857 114.970994280214 -1200.00863882405
1613 14.9999998513501 114.97097572459 -1200.01845739895
1614 14.9999997423824 114.970957224847 -1200.02872755762
1615 15.0000000241623 114.970938574228 -1200.03375532265
1616 14.9999998296566 114.970919910475 -1200.01207558821
1617 15.0000001255354 114.970901097508 -1200.00472584406
1618 14.9999995836384 114.970882632699 -1199.97413916054
1619 15.0000000082835 114.970863911162 -1200.00866410684
1620 14.9999999354994 114.970845317129 -1200.01421747989
1621 15.0000001946914 114.970826590926 -1199.97357235578
1622 14.9999999307925 114.970808346426 -1199.96376616475
1623 14.9999999595685 114.970789462772 -1200.00768152143
1624 15.0000000714769 114.97077118482 -1199.98577987766
1625 14.999999791406 114.970752720513 -1199.99863820606
1626 15.0000002329526 114.970734286808 -1200.01080885113
1627 14.9999998864584 114.970715138304 -1199.98317507761
1628 15.0000002572238 114.970696763896 -1200.03159161716
1629 15.000000159451 114.970677660624 -1199.99649529925
1630 14.9999998395196 114.970659202706 -1200.03761613195
1631 14.9999999943235 114.970640410204 -1199.95348507534
1632 15.0000000939124 114.970622108194 -1200.01176070569
1633 15.0000001679983 114.970603746951 -1199.97425198215
1634 14.9999998979556 114.970584933996 -1199.97359283666
1635 15.0000000092738 114.970566763633 -1200.01035492385
1636 14.9999997101273 114.970547596861 -1200.01094734237
1637 15.0000002068843 114.97052913783 -1200.00084992076
1638 15.0000001948733 114.970510561515 -1200.00585008926
1639 14.9999999477798 114.970492230934 -1199.97155362104
1640 14.9999998740381 114.970473229966 -1199.98554357839
1641 14.9999999123606 114.970454863008 -1199.98189554396
1642 14.9999999973594 114.970436369687 -1200.03851773001
1643 14.9999999245395 114.970417552683 -1199.98146616754
1644 14.9999999162351 114.970398868094 -1200.00827699738
1645 15.0000000619163 114.970380637215 -1199.99618436774
1646 14.9999997723436 114.970361784589 -1199.94545990438
1647 14.9999999783193 114.970343235732 -1200.00199402171
1648 14.9999997866111 114.970324540505 -1199.96115475431
1649 15.0000000046733 114.970306230316 -1200.01014619978
1650 14.9999997036235 114.970287484783 -1199.99121285801
1651 14.9999996607181 114.970269043803 -1199.99407668692
1652 15.000000025378 114.970250160908 -1199.9952239758
1653 15.0000000694182 114.970231780692 -1200.00699364991
1654 14.9999998454858 114.970213255405 -1200.02415371316
1655 15.0000000234293 114.97019443981 -1200.00997755865
1656 14.9999999971241 114.970175621674 -1199.99406317643
1657 14.9999998590221 114.9701569231 -1199.95635782659
1658 14.9999998343901 114.970138927567 -1200.00123619815
1659 15.000000365196 114.970119679291 -1200.00234340808
1660 15.0000002715431 114.970101560675 -1199.97983478547
1661 14.9999999510689 114.970083125069 -1200.05641459459
1662 14.9999999485738 114.970064529613 -1200.02549313545
1663 14.9999999297954 114.970045532321 -1199.96966773993
1664 14.9999999918788 114.970027131525 -1200.04950834365
1665 14.9999995205685 114.970008343733 -1200.00916041552
1666 15.000000022965 114.969989717427 -1200.01289171407
1667 15.0000000797896 114.969971383282 -1199.95973036726
1668 15.0000005027717 114.969952389043 -1200.00522133899
1669 15.0000000931087 114.969934108937 -1199.99503529125
1670 15.0000001454314 114.969915341311 -1200.03383983515
1671 14.9999996284193 114.969896779885 -1199.98674986399
1672 15.0000002230732 114.969878355609 -1200.03679321462
1673 15.0000000658456 114.969859874092 -1199.98058436819
1674 14.9999999126898 114.969841050595 -1200.00959591391
1675 15.0000000444402 114.969822470997 -1199.99508525951
1676 14.9999999831151 114.969803942309 -1199.99384193471
1677 14.9999999508716 114.969785061214 -1199.99512331745
1678 15.0000000136028 114.969766617352 -1199.98399717732
1679 15.00000023923 114.96974794964 -1199.97171275068
1680 14.9999998581135 114.969729602182 -1200.01673482268
1681 14.9999995421977 114.969711266199 -1199.98995118735
1682 14.999999987211 114.969692249487 -1199.97762794473
1683 14.999999959085 114.969673857912 -1199.96670714228
1684 15.0000002846649 114.969655153857 -1200.04348689246
1685 15.0000002331813 114.969636379702 -1199.99996241413
1686 15.0000003072004 114.969617874288 -1200.00927273217
1687 15.0000001080805 114.969599629456 -1199.99644101893
1688 14.9999998704137 114.9695805632 -1199.96675671616
1689 14.999999933129 114.969562016548 -1200.02473143808
1690 15.0000002175571 114.969543404182 -1199.95483641857
1691 14.9999999778436 114.969524982389 -1199.99477847758
1692 15.000000203747 114.969506567992 -1200.00230943305
1693 14.9999999321857 114.969487844412 -1199.98887330524
1694 14.9999995784289 114.969468797681 -1199.98008851097
1695 15.0000000175687 114.969450609954 -1199.99539297423
1696 15.0000000058175 114.96943175336 -1199.97335171228
1697 15.000000271415 114.969413551985 -1199.95633463748
1698 14.9999998850882 114.969394358698 -1199.95826492447
1699 15.0000004027833 114.969375788469 -1200.02554777069
1700 14.9999999267424 114.969357587861 -1199.97680279831
1701 14.9999999801189 114.969338849142 -1199.9788818014
1702 15.0000001296122 114.969320350501 -1199.98610290599
1703 15.0000000655633 114.969301660143 -1199.98571753802
1704 15.0000001400808 114.969282938195 -1199.98490003425
1705 15.0000000395039 114.969264895769 -1200.03197398241
1706 15.0000000450361 114.969246070185 -1199.99899424401
1707 15.0000001874802 114.969227165438 -1199.98450859885
1708 14.9999998303082 114.969208849207 -1199.98156110114
1709 15.0000000307268 114.969190014263 -1200.01538274709
1710 15.0000001237441 114.969171605955 -1200.01919596398
1711 15.0000000166324 114.969152887998 -1199.96978458122
1712 15.0000001320641 114.969133721458 -1199.98683306422
1713 15.0000001462397 114.969115479259 -1200.00425136651
1714 14.9999996642375 114.969096871118 -1199.98235639356
1715 15.0000003040579 114.969078442718 -1200.01841120578
1716 14.999999937636 114.9690602866 -1200.045467095
1717 14.9999999560286 114.969041224973 -1200.0013705037
1718 14.9999999702407 114.969022646597 -1200.02062560287
1719 14.9999999944857 114.969004043524 -1199.9802281185
1720 14.9999999217324 114.968985651764 -1199.97523919848
1721 14.9999998359654 114.968967108535 -1199.99972798859
1722 15.00000000807 114.968947858949 -1200.02306658375
1723 14.9999996598606 114.968929982055 -1199.98775808856
1724 14.9999998267895 114.968911246136 -1199.98697560922
1725 15.0000000005259 114.968892606917 -1199.96280126933
1726 15.0000001615568 114.968873632203 -1200.0208137829
1727 15.000000147402 114.968855303815 -1200.00149919861
1728 15.0000000040376 114.968836746076 -1199.97911772584
1729 15.0000002071718 114.968818049634 -1199.96975699585
1730 14.999999949633 114.968799106527 -1200.07660123153
1731 15.0000001106236 114.968781014881 -1199.96977392994
1732 14.9999998744204 114.968762369537 -1199.9976021507
1733 14.9999999863685 114.96874363883 -1200.02179190006
1734 15.0000001333858 114.968724821908 -1200.00817269545
1735 15.0000000464591 114.96870657187 -1199.98392596738
1736 15.0000002072104 114.968687834166 -1199.9636353475
1737 15.0000001578498 114.968669377311 -1199.99577229851
1738 14.9999998614426 114.96865045666 -1200.03074300511
1739 14.9999998671463 114.968632228542 -1200.02274905514
1740 14.9999997725662 114.96861348243 -1200.00296436519
1741 15.00000009263 114.968594702371 -1199.98614509072
1742 14.9999997092382 114.968576309873 -1200.02951923949
1743 14.9999999204386 114.968557403405 -1199.99887603037
1744 14.9999997846034 114.96853923614 -1199.9526120457
1745 14.9999997344742 114.968520714772 -1199.98906755814
1746 15.00000033939 114.968502045068 -1199.99285417085
1747 14.9999999062056 114.968483129437 -1199.99249421032
1748 14.9999998990699 114.968464783716 -1199.97816938905
1749 14.9999998430647 114.968446171024 -1199.98519558523
1750 14.9999998691803 114.968427168127 -1199.99161704891
1751 15.0000000867424 114.968408693542 -1200.03849611616
1752 14.9999998853285 114.968390196585 -1200.03074206062
1753 15.0000000882898 114.968371662066 -1199.99303298043
1754 15.0000000354319 114.968353381636 -1200.01817952512
1755 15.0000001344964 114.968334719122 -1199.97983989197
1756 15.0000000113172 114.968315814308 -1200.00383111342
1757 15.0000000212053 114.968297660702 -1200.00888827383
1758 15.0000000886023 114.968278704278 -1199.9701103269
1759 14.9999998157713 114.968260108928 -1200.00026010829
1760 15.0000002299328 114.968241421285 -1199.95934837792
1761 14.9999997889356 114.968223035406 -1200.02733813252
1762 15.0000000292476 114.968204434784 -1200.02355281493
1763 14.9999996500623 114.968185863743 -1199.97414771708
1764 14.9999997404233 114.968167016511 -1200.02087483162
1765 15.0000001751421 114.968148856632 -1200.01514299986
1766 15.000000131908 114.968129942328 -1199.99866014737
1767 15.0000001886946 114.968111256201 -1199.98165390295
1768 14.9999998571702 114.968093054417 -1200.00061842246
1769 14.9999998931735 114.968073915924 -1199.95430942545
1770 15.0000001180875 114.968055808514 -1200.01840702433
1771 14.9999999869419 114.968036725094 -1199.98471398867
1772 15.0000002365934 114.968018331521 -1199.9868395783
1773 14.9999999002637 114.967999362867 -1200.0419816536
1774 14.999999980418 114.967981126786 -1199.99389595488
1775 14.9999998336841 114.967962792839 -1199.99509258065
1776 14.9999998864309 114.967943752903 -1199.96903838235
1777 15.0000001826664 114.967925118691 -1200.02269307873
1778 15.0000000044233 114.967906501131 -1200.01705507122
1779 15.000000102373 114.967888006717 -1200.00066296326
1780 14.9999996946863 114.967869698867 -1199.97851153987
1781 14.9999999669506 114.967850941503 -1200.00029760382
1782 15.0000000226325 114.967832087221 -1199.99980754038
1783 15.0000003475123 114.967813709505 -1199.98148778837
1784 15.0000002267895 114.967795014327 -1200.02693626033
1785 14.9999999170265 114.967776680622 -1199.99671573806
1786 15.0000001099991 114.967758087451 -1200.01214456635
1787 14.9999999945997 114.967739126051 -1199.9987593859
1788 14.9999998883935 114.967720751361 -1200.03782903529
1789 15.0000000138684 114.967702298084 -1200.00618883762
1790 14.9999998891091 114.967683533541 -1200.01392867207
1791 15.0000001871437 114.967664774988 -1199.96704870155
1792 15.000000072363 114.967645926527 -1199.99163975361
1793 14.9999998321221 114.967627793999 -1200.0228807786
1794 15.0000001194037 114.967608824244 -1200.00282345829
1795 15.0000002580391 114.967590705764 -1199.9590011206
1796 15.000000227507 114.967572160957 -1200.02046222569
1797 15.0000001099359 114.967553282293 -1200.00917618861
1798 15.0000000246873 114.967534884011 -1200.02772528669
1799 15.0000002299984 114.96751623624 -1200.00561787034
1800 15.0000002322717 114.967497577988 -1200.00484815826
1801 14.9999996714901 114.967478963606 -1200.03304794828
1802 14.9999999501872 114.967460378809 -1199.97356323181
1803 15.0000000927165 114.967441521676 -1200.02453082351
1804 14.9999998938123 114.967423115075 -1200.01001986099
1805 15.0000003630557 114.967404781002 -1199.99792607116
1806 14.999999849736 114.967385743486 -1200.00186706352
1807 15.0000003690256 114.967367216277 -1200.03927841375
1808 14.9999998391606 114.967348921509 -1199.98344582335
1809 15.0000000675135 114.967330250819 -1199.99926314589
1810 15.0000000171197 114.967311454315 -1200.02854894125
1811 15.0000000801655 114.967293099625 -1200.0055980437
1812 15.0000002206691 114.967274239863 -1199.96707076762
1813 14.9999999673962 114.967255794033 -1199.97374443471
1814 15.0000002877432 114.96723676421 -1200.00405215431
1815 14.9999998821605 114.96721839135 -1200.02351433561
1816 15.0000002000842 114.967199705063 -1199.9916932288
1817 14.9999999442429 114.967181491701 -1200.03268091039
1818 15.0000001170849 114.967162182411 -1200.02058990014
1819 15.0000000384948 114.967144327184 -1199.98902373477
1820 15.0000000030008 114.967125686315 -1199.99453295144
1821 15.0000001126188 114.967107034963 -1199.99976623295
1822 14.9999998881425 114.967088259371 -1200.00886606186
1823 15.0000002786305 114.967069665538 -1200.03531381131
1824 15.0000002807971 114.967051515073 -1199.99977966623
1825 15.0000002319376 114.967032683935 -1199.99129285881
1826 14.9999998550318 114.967013925745 -1200.02187535313
1827 14.9999999684606 114.966995338239 -1200.01887815422
1828 15.0000000189279 114.966976832482 -1199.97632791142
1829 14.9999999865766 114.966958442253 -1199.99701011317
1830 14.99999987995 114.966939630272 -1199.96509981718
1831 14.9999998044769 114.966921084936 -1200.01611796613
1832 14.9999998886122 114.966902134779 -1200.03136028125
1833 15.0000001332027 114.966883574045 -1199.96588490103
1834 14.9999995959165 114.966865034577 -1200.01511704288
1835 15.000000103715 114.966846421227 -1199.96947198848
1836 15.0000004147855 114.96682792957 -1199.98580339978
1837 14.9999997791903 114.966809488322 -1200.01701563413
1838 15.0000002240895 114.966791213391 -1200.02787135522
1839 15.0000001857918 114.966772363353 -1200.0214019941
1840 15.0000002217672 114.966753607807 -1199.99200049851
1841 14.9999999789217 114.966734909103 -1200.0271175934
1842 15.0000000266066 114.966716011791 -1200.00414234271
1843 15.0000000289013 114.966697719769 -1199.99397884715
1844 14.9999999579986 114.966679184515 -1200.02942681235
1845 15.0000004130085 114.96666057444 -1199.99220078415
1846 14.9999999130205 114.966642068986 -1200.01296494018
1847 15.0000002140861 114.966623525463 -1200.04869019588
1848 15.0000001383686 114.966604610054 -1199.98216329174
1849 14.9999999751975 114.966586228744 -1199.99485630745
1850 15.0000002484686 114.96656771052 -1199.98623702647
1851 15.0000000240821 114.966548681814 -1199.98352102369
1852 14.9999999017014 114.966530315191 -1200.00930085794
1853 14.9999997396231 114.966511618204 -1199.99773188132
1854 14.9999999496499 114.966492997656 -1199.99664547603
1855 14.9999998140562 114.966474597134 -1200.01470900523
1856 15.0000003469315 114.966456000681 -1199.98478256007
1857 14.999999727503 114.966437740721 -1199.99540270058
1858 15.0000000623707 114.966418810372 -1200.01390095592
1859 14.9999999381682 114.966400314825 -1199.99261773016
1860 15.0000002682521 114.966381556991 -1199.97831705665
1861 15.0000002102811 114.966362879732 -1200.0044806093
1862 14.9999995621403 114.966344372609 -1199.98021566398
1863 14.9999996073308 114.966326087682 -1200.01110231875
1864 14.9999999354541 114.966307042112 -1199.9690036126
1865 14.9999999559793 114.966288346873 -1200.01261510075
1866 14.9999999976701 114.966270053515 -1200.01662806292
1867 14.9999999266536 114.966251017538 -1199.99387374539
1868 15.0000000175008 114.966232792447 -1199.98018618003
1869 15.0000001912695 114.966214413897 -1200.01691288017
1870 15.0000000767506 114.966195665182 -1199.99952143064
1871 15.0000002414569 114.966177055097 -1200.02685216887
1872 15.0000002852443 114.966158404678 -1200.00698918055
1873 15.0000000041507 114.966140015657 -1199.98976356123
1874 15.0000000859924 114.966121332767 -1199.95580903152
1875 14.9999999860542 114.96610266548 -1199.98144516349
1876 14.9999999507879 114.966084206719 -1199.95501930693
1877 14.999999931004 114.966065523192 -1200.00633444919
1878 14.9999999725772 114.966046721536 -1199.99259073182
1879 15.0000000931473 114.966028073962 -1199.99718583892
1880 14.9999999697015 114.966009748835 -1200.02816234948
1881 14.9999999844479 114.965990968899 -1200.03454211708
1882 15.0000000815754 114.965972363729 -1199.98974260097
1883 14.9999999517802 114.96595345466 -1200.02650144562
1884 15.0000001555422 114.965935273517 -1199.99738353556
1885 14.9999997938577 114.965916548234 -1200.00799607005
1886 14.9999999964293 114.965897885549 -1199.97758035974
1887 14.9999995170311 114.965879371349 -1200.03399349904
1888 14.9999998026943 114.965860787476 -1199.99848130241
1889 14.999999449922 114.965842241838 -1200.01266187552
1890 14.9999999714379 114.965823483952 -1200.00029819728
1891 15.0000000235769 114.965805099435 -1200.02300999222
1892 14.9999999874536 114.965786249668 -1200.02851750416
1893 15.0000001298196 114.965767916478 -1199.97023254914
1894 14.9999997748593 114.96574917877 -1199.98351173101
1895 14.9999998712262 114.965730627932 -1199.9736281895
1896 15.000000028087 114.965712020651 -1200.01117975433
1897 14.9999998716121 114.965693498107 -1200.00251960927
1898 14.9999998943573 114.965674890654 -1200.01528518279
1899 15.0000002463496 114.965656236522 -1199.97994921816
1900 15.0000000401788 114.965637656483 -1199.9932851795
1901 14.9999999317417 114.965618910694 -1199.99117778417
1902 14.9999998795523 114.965600056701 -1199.96663727789
1903 15.0000000668221 114.96558166433 -1200.006231747
1904 14.9999998882424 114.965563121821 -1199.9629355354
1905 15.0000002251325 114.965544544058 -1199.99626244123
1906 15.0000000044961 114.965526009519 -1200.00440005947
1907 15.0000001818743 114.965507015216 -1200.00623633559
1908 15.0000000547254 114.965488768675 -1199.98224712575
1909 14.9999998960555 114.96547005418 -1199.98521910244
1910 15.0000002656375 114.965451874067 -1200.01597558343
1911 14.9999996906785 114.965432797075 -1199.98458071079
1912 14.9999999786753 114.965414470842 -1200.02901966483
1913 14.9999997975893 114.965395718216 -1199.9884108593
1914 15.0000003891101 114.965377025502 -1199.98292438177
1915 14.9999997465325 114.965358619214 -1199.9963920906
1916 15.0000001312791 114.965339997519 -1199.97239590269
1917 15.0000000441722 114.965321711309 -1200.03064399887
1918 14.9999997849976 114.965302979733 -1200.02620797209
1919 15.0000001584779 114.965284036749 -1199.98315743512
1920 14.9999999790755 114.965265725636 -1200.06391343791
1921 14.999999749332 114.9652470046 -1200.01168279809
1922 14.9999999416209 114.965228234642 -1200.00779058741
1923 15.0000002108632 114.965209752203 -1199.98558042619
1924 15.0000001001115 114.965191312998 -1199.96529235154
1925 15.0000000248013 114.965172499775 -1199.97957350653
1926 15.0000001721786 114.965153983901 -1200.00344650381
1927 14.9999997139583 114.965135270521 -1200.00620686492
1928 14.9999999712514 114.965116918107 -1200.02263275093
1929 15.000000160313 114.965098126769 -1199.98325696193
1930 15.0000000096445 114.965079470475 -1199.99092540064
1931 14.9999999509576 114.965060904281 -1200.01700872431
1932 14.9999996006576 114.965042148056 -1199.97993575109
1933 14.999999790464 114.965023685488 -1200.04135452362
1934 14.9999998662021 114.965005301911 -1199.99223082142
1935 15.0000001759454 114.964986563201 -1199.99536596793
1936 14.999999678163 114.964967830179 -1200.00939994384
1937 15.0000000861343 114.964949252421 -1199.94515236159
1938 14.9999998831132 114.964930893822 -1200.00652370657
1939 14.999999989353 114.96491192189 -1199.98567399951
1940 15.0000000270372 114.964893648991 -1200.00012998426
1941 14.9999998560238 114.96487468058 -1199.99315513161
1942 14.9999999405853 114.96485644154 -1200.00501181278
1943 14.9999997356802 114.964837750753 -1199.99036431403
1944 15.0000000420048 114.964819148399 -1199.96713346934
1945 14.9999998827105 114.96480044072 -1200.01766009862
1946 15.0000001713602 114.964781882468 -1200.00655129901
1947 15.0000001149231 114.964763700749 -1200.03537686563
1948 14.9999998957366 114.96474466074 -1200.02059494758
1949 14.9999999362483 114.964725896038 -1200.01271754435
1950 15.0000001149746 114.964707129577 -1200.0034770305
1951 15.0000000687896 114.964689021595 -1200.02188604562
1952 14.9999998886636 114.964670392495 -1200.00403117272
1953 15.0000001133959 114.964651468668 -1199.97136779699
1954 15.0000000310902 114.964633149855 -1199.98842899699
1955 14.9999997353538 114.964614654341 -1199.97596820292
1956 14.9999998599547 114.964595772639 -1199.99017730213
1957 14.9999998737744 114.964577574424 -1200.02046966197
1958 15.0000000360651 114.964558795141 -1199.97061953603
1959 15.0000003572391 114.964540079318 -1200.00704590239
1960 15.0000001470418 114.964521739561 -1199.96178926439
1961 14.9999999098672 114.964503130067 -1199.99407599702
1962 15.0000001715411 114.964484398767 -1199.99239125951
1963 15.0000000933866 114.964466047627 -1199.97291851457
1964 15.0000002519525 114.964447103589 -1200.00431473153
1965 15.000000041596 114.964428788873 -1200.00176136865
1966 14.9999998608855 114.964410173276 -1199.99907077467
1967 15.0000000645234 114.964391423878 -1199.98382281878
1968 15.0000000174448 114.96437266506 -1200.02063960734
1969 14.9999996151445 114.964354130323 -1199.98648387851
1970 14.999999912879 114.9643353323 -1199.99342943547
1971 15.000000002828 114.96431717804 -1199.97497356238
1972 15.0000001237833 114.964298433537 -1200.03139716839
1973 15.0000001278871 114.96427950603 -1199.99883057625
1974 15.0000000977931 114.964260980375 -1199.9891108294
1975 14.999999996541 114.964242898812 -1199.98798390126
1976 14.9999999235273 114.964223939756 -1200.00779240223
1977 15.0000001430768 114.964205613126 -1199.98233368434
1978 14.9999998088995 114.964186706243 -1199.97694703558
1979 15.0000001574579 114.96416847723 -1199.99287022454
1980 14.999999895257 114.964149603941 -1199.94715287622
1981 14.9999998124641 114.964130865419 -1199.99422615509
1982 15.0000002375374 114.964112713837 -1200.01381306864
1983 15.000000209452 114.964093932046 -1199.97429448008
1984 14.9999999103327 114.964075250099 -1200.00144211922
1985 15.0000001561206 114.964056643196 -1199.99772319799
1986 15.0000002609006 114.964037785904 -1200.00078429299
1987 15.000000059004 114.964019642649 -1200.00050899894
1988 15.0000002491423 114.964000434907 -1200.00350616227
1989 15.0000003215603 114.963982119697 -1199.99343133414
1990 14.9999998147438 114.963963623354 -1199.9728207991
1991 14.9999999475478 114.963945131062 -1199.99344335558
1992 15.0000001762839 114.963926300796 -1199.99869174645
1993 14.9999998587192 114.963907701231 -1199.99211677822
1994 14.9999996697175 114.963889448959 -1199.98513431936
1995 14.9999997696903 114.963870855235 -1199.97616305957
1996 15.0000000146066 114.963852335472 -1200.0197339408
1997 14.9999997312665 114.963833404205 -1199.99609686928
1998 14.9999998268691 114.963814853268 -1200.01019409205
1999 14.9999996996468 114.963796344483 -1200.03883376523
2000 15.0000001398809 114.963777557485 -1200.00733316412
2001 15.0000000160114 114.963758647256 -1199.99757760657
2002 15.0000000655718 114.963740427597 -1200.03236015981
2003 15.0000000903626 114.963722032689 -1199.97729706026
2004 15.0000001596655 114.963703149416 -1200.01542059432
2005 14.999999908827 114.963684634267 -1200.00986860314
2006 15.0000001905586 114.963665778642 -1199.98994453952
2007 14.9999998974365 114.963647334896 -1199.97231410403
2008 14.9999998428731 114.963628999488 -1199.98782557666
2009 14.9999999766797 114.963610143503 -1200.03050963236
2010 15.0000001744002 114.963591633498 -1200.00689076129
2011 15.0000003489946 114.963573267128 -1200.0116742174
2012 14.9999999712507 114.963554383157 -1199.98483528377
2013 14.9999999141657 114.963535838182 -1199.99243823137
2014 14.999999730044 114.963517324498 -1200.01922254454
2015 15.0000001649087 114.963498717855 -1199.9896272645
2016 14.999999683672 114.963480326971 -1200.00284042983
2017 14.9999997106241 114.963461669965 -1199.98372056828
2018 15.0000000624243 114.963442919467 -1200.00776774363
2019 14.9999997703473 114.963424039635 -1199.98667347224
2020 15.000000073087 114.963405896434 -1200.01349618958
2021 14.9999999928965 114.963387051807 -1200.0057549398
2022 14.9999997588298 114.963368283305 -1199.98754750135
2023 14.9999996573624 114.963349848175 -1200.00370378559
2024 15.0000000500718 114.963331120566 -1200.00907935993
2025 15.0000000449095 114.963312557347 -1200.01699891554
2026 14.999999687035 114.963293830231 -1200.00085050094
2027 14.9999997924558 114.963275559169 -1200.02303871123
2028 15.0000001448349 114.96325691896 -1199.96959979288
2029 15.0000001453111 114.963238455811 -1200.0072956499
2030 15.0000000719451 114.963219407457 -1199.97083484716
2031 15.0000001066235 114.963201248524 -1200.01035139796
2032 15.000000034987 114.963182635107 -1200.02001341563
2033 15.0000001053408 114.963163678171 -1199.98393137541
2034 14.9999999854285 114.963145434695 -1199.99762770521
2035 14.999999780224 114.963126654511 -1200.01843438194
2036 15.0000000578033 114.963108061566 -1199.98422069834
2037 15.0000001434234 114.963089255512 -1199.98412516234
2038 15.000000101566 114.96307035737 -1200.01261987747
2039 15.0000000753334 114.963052025267 -1200.01122094266
2040 15.0000000567543 114.963033483802 -1200.00380456476
2041 15.0000000961381 114.963015024337 -1200.02781627958
2042 14.9999998324716 114.962996238689 -1199.9804637188
2043 15.0000001366506 114.962977725414 -1200.01341443994
2044 14.9999998761596 114.962959514193 -1200.00457844192
2045 15.0000002322633 114.962940606139 -1200.03300734652
2046 14.9999999618175 114.962921777829 -1200.00552620503
2047 14.9999997353158 114.962903781345 -1199.98764161725
2048 14.9999999715761 114.962884599816 -1200.01295937846
2049 14.9999999496041 114.962866101408 -1200.01527221662
2050 15.0000000427653 114.962847574979 -1200.00390302895
2051 15.000000376801 114.962829516842 -1200.01855732664
2052 15.0000000543499 114.96281043851 -1200.00786769283
2053 15.000000019355 114.962791670185 -1199.99121641564
2054 15.0000000192532 114.96277271391 -1200.03903085019
2055 14.9999998167361 114.962754765446 -1200.01567138482
2056 15.0000002920681 114.96273637317 -1200.02001918024
2057 15.0000000268591 114.962717624789 -1200.05705792819
2058 14.9999999345949 114.962699065287 -1200.00738098722
2059 14.9999997277031 114.96268022274 -1199.97493994932
2060 15.0000003875525 114.962661822322 -1200.02240873563
2061 15.0000001197653 114.962642978462 -1200.00471001616
2062 15.0000000100231 114.962624441686 -1200.02094595652
2063 14.9999997860846 114.962605884115 -1199.96876207336
2064 15.0000000162555 114.962587336063 -1200.01840552821
2065 14.999999983749 114.962568907184 -1199.98089585455
2066 14.9999998688732 114.962550383695 -1200.01422805934
2067 14.9999996311131 114.962531299397 -1200.00042537565
2068 15.000000191176 114.96251271895 -1200.036816561
2069 15.000000220734 114.962494604265 -1199.97689681955
2070 15.0000000150994 114.962475921152 -1200.02180431149
2071 15.0000001344247 114.96245690521 -1199.9918530191
2072 14.9999997867391 114.962438382495 -1200.03073830638
2073 15.0000000523047 114.962419704555 -1199.97147789422
2074 14.9999999188876 114.96240139447 -1199.98982839115
2075 14.9999999574822 114.962382903046 -1199.97599162939
2076 15.0000000864575 114.962364038961 -1200.0055294945
2077 15.0000000948735 114.962345659348 -1199.99813476965
2078 14.9999999282228 114.962326935924 -1200.01332781093
2079 14.9999999972144 114.962308146029 -1199.97254870814
2080 15.0000004034123 114.962289364092 -1199.99630668389
2081 15.0000000019423 114.96227114288 -1200.00404945233
2082 15.0000000448654 114.962252153982 -1199.99657065474
2083 15.0000000229324 114.962233958607 -1200.00515352177
2084 14.9999999977038 114.962215166248 -1200.01451203028
2085 15.0000001275421 114.962196735833 -1200.0080060679
2086 15.0000001019739 114.962177995546 -1200.03839334755
2087 15.0000000395658 114.962159663995 -1200.01181397134
2088 14.9999999171509 114.962141008889 -1200.00347908191
2089 15.0000001247007 114.962122287698 -1199.99879945025
2090 15.0000000373565 114.962103696156 -1200.03470443252
2091 14.9999996479068 114.962085125003 -1199.96891415645
2092 15.0000000700707 114.962066537179 -1200.01077346016
2093 14.9999999102634 114.962047913041 -1199.9969704011
2094 14.9999997459963 114.962029226281 -1199.99932663351
2095 15.0000000997792 114.962010496655 -1199.9663977618
2096 14.999999912023 114.961992131714 -1199.98752687085
2097 15.0000001974644 114.961973476079 -1200.00754055318
2098 15.00000001725 114.961955382334 -1200.03189239783
2099 15.0000000181192 114.961936233731 -1200.00543443974
2100 15.0000002731723 114.961917771142 -1199.9752991136
2101 15.0000001261681 114.961899100973 -1199.97877335896
2102 14.9999997089717 114.961880685906 -1199.96048819579
2103 15.0000000902637 114.961861748073 -1199.98240499915
2104 15.0000001878901 114.961843289993 -1200.02194971102
2105 14.9999999107797 114.961824827625 -1200.00147045082
2106 15.0000000824526 114.961806253192 -1199.97583707365
2107 15.0000001063474 114.961787377027 -1199.98308962641
2108 15.0000000114627 114.961768790026 -1199.96450683115
2109 14.9999997126569 114.961750072178 -1199.99934441977
2110 15.0000000312353 114.961731555657 -1199.99500119026
2111 15.0000002340726 114.961713016087 -1199.96984607141
2112 14.9999997152787 114.961694491454 -1200.00727182262
2113 15.0000000603247 114.961675705317 -1200.01827552771
2114 14.9999998315614 114.961657528078 -1200.00339431812
2115 14.9999999730852 114.961638758989 -1200.01406989447
2116 15.0000000409534 114.961620097344 -1199.99202305258
2117 15.0000000606716 114.961601410164 -1199.9935831687
2118 15.0000000477867 114.961582972715 -1199.98885266144
2119 14.999999970604 114.96156419093 -1200.01286704623
2120 14.999999923866 114.961545617587 -1200.0156407372
2121 14.9999999618686 114.961527173316 -1200.00911320585
2122 14.9999996634589 114.961508626825 -1199.99369116635
2123 15.0000000650461 114.961490023663 -1199.9969118837
2124 14.9999999759585 114.961471125992 -1199.98343348313
2125 14.9999998120965 114.961452921315 -1200.00989742008
2126 15.0000000198505 114.961434276681 -1199.99512730229
2127 14.9999997614088 114.961415650943 -1199.96936094487
2128 14.9999997423626 114.961396760731 -1199.99075610034
2129 14.9999994122861 114.961378298111 -1199.98000193481
2130 15.0000001553475 114.96135990863 -1200.01470504289
2131 15.000000348606 114.961341097047 -1200.04506039835
2132 15.0000001405707 114.961322561201 -1200.00087479323
2133 14.999999888016 114.961303858028 -1199.97969435347
2134 15.000000079449 114.961285396002 -1199.99710460679
2135 14.9999999981626 114.961266783183 -1200.019955512
2136 15.000000115007 114.961248198519 -1200.01250978318
2137 14.9999999632744 114.961229425977 -1199.99013119558
2138 14.9999997707851 114.961210984065 -1199.98967295624
2139 15.0000000714415 114.961192196972 -1200.0457539865
2140 15.0000002994582 114.961173670059 -1199.99253673149
2141 15.0000000799057 114.961155357903 -1200.01562968595
2142 15.000000155913 114.961136826222 -1199.99720675558
2143 15.0000003253957 114.961117860373 -1200.00198979233
2144 15.0000002120749 114.961099555021 -1199.99596366309
2145 14.9999998852898 114.961080800242 -1199.98036172408
2146 15.000000195507 114.961062190055 -1199.9836775312
2147 15.0000000558348 114.961043386628 -1199.99172923774
2148 15.0000000702324 114.961024891187 -1200.02419202986
2149 14.999999978124 114.961006285103 -1200.03995407609
2150 15.0000000074609 114.960987800997 -1200.02255886391
2151 14.9999999167657 114.960968710773 -1200.02332236676
2152 15.0000002871853 114.960950696873 -1200.00413197896
2153 15.0000002933849 114.960931772557 -1199.9919206244
2154 14.9999999541667 114.960913578756 -1200.00791365966
2155 14.9999998439044 114.960894483838 -1199.97690438701
2156 15.0000001141548 114.960875702622 -1199.99497043004
2157 14.9999999747506 114.960857709909 -1199.99876080819
2158 15.0000000310975 114.960838892339 -1200.00550505073
2159 15.0000002539116 114.960820327532 -1200.00862932984
2160 14.9999998660473 114.960801746309 -1200.00063090427
2161 15.0000003830787 114.960783406422 -1199.99613924198
2162 15.0000000410059 114.960764519776 -1200.01160557659
2163 14.9999999044044 114.960745767555 -1199.98846663442
2164 15.0000001420406 114.960727736411 -1200.01626331145
2165 15.0000000218413 114.960709073462 -1199.98734045993
2166 14.9999997753019 114.960690195002 -1200.001348263
2167 14.9999996835554 114.960671549431 -1200.0008114085
2168 14.9999999457374 114.960652951084 -1200.00636263975
2169 15.000000264405 114.960634417885 -1199.9863048065
2170 14.999999722014 114.96061586893 -1200.00262854366
2171 14.9999999526302 114.96059700978 -1200.01197189785
2172 14.9999997248252 114.960578339341 -1199.98816876824
2173 15.0000001150764 114.960559800809 -1199.99136477649
2174 14.9999998639539 114.960541206646 -1199.99717155343
2175 15.0000000905004 114.960522513336 -1199.99824023089
2176 15.000000201833 114.960504068291 -1199.95627093826
2177 15.0000001901557 114.96048552585 -1200.01098667367
2178 15.000000268966 114.960467014849 -1200.02356303706
2179 15.0000001232346 114.960448537866 -1199.99043357477
2180 15.0000003275936 114.960429834501 -1200.02119914217
2181 15.0000002830796 114.960411088883 -1199.99797602947
2182 15.0000001616488 114.960392636443 -1199.95881496018
2183 14.9999999893372 114.96037397176 -1200.03694421306
2184 15.0000000945585 114.96035534511 -1199.96849208439
2185 15.0000001554933 114.960336864417 -1200.00023906039
2186 15.0000002012491 114.960318345778 -1200.04110314674
2187 14.9999998966131 114.960300005007 -1200.02419836547
2188 15.0000001364608 114.960281081676 -1200.03480283172
2189 15.0000004093352 114.960262690126 -1199.97196110757
2190 15.0000001939614 114.960243938576 -1199.97815988519
2191 15.0000002450859 114.960225398958 -1199.99039777358
2192 15.0000000884356 114.960206329581 -1199.98294021761
2193 14.9999996003457 114.960187965679 -1200.02679645549
2194 15.0000000719443 114.96016928138 -1200.02047466649
2195 14.9999999930689 114.960150361543 -1200.03464631893
2196 14.9999999260841 114.960131996871 -1199.95318959447
2197 14.9999999882498 114.960113489918 -1199.9966272333
2198 15.0000000277712 114.960094807317 -1199.98073067938
2199 14.9999998080559 114.960076101665 -1199.97936576667
2200 14.9999996996025 114.96005757708 -1199.99001550426
2201 14.9999999139651 114.960039536485 -1200.00473092581
2202 14.9999998711017 114.960020635881 -1199.98118734294
2203 15.000000321377 114.960001555803 -1200.03248274986
2204 15.0000000544307 114.959983439576 -1199.98900335577
2205 15.0000001796055 114.959964691856 -1200.00474915859
2206 14.9999999915309 114.959946274694 -1199.98342282531
2207 14.9999999026646 114.959927599501 -1199.99010034499
2208 15.0000000292412 114.959908978857 -1200.00042649259
2209 14.9999997321985 114.959890404634 -1199.96387232745
2210 15.0000000446596 114.959871629621 -1199.99671362286
2211 14.999999914772 114.959853268534 -1200.02369586199
2212 14.9999999797584 114.959834653471 -1199.98715378455
2213 14.9999998188815 114.959815837242 -1199.98703678122
2214 15.0000002496154 114.959797437027 -1200.02542910491
2215 15.0000000562489 114.959778701639 -1200.01305910801
2216 14.9999999949349 114.959760054423 -1199.98807496355
2217 15.0000001318865 114.959741715253 -1199.98803660714
2218 14.9999997106898 114.959723205758 -1199.9979398825
2219 14.9999996242939 114.959704108385 -1199.97980129986
2220 14.9999999674235 114.959685551962 -1200.00916513969
2221 14.9999997616554 114.959666976346 -1199.99032781009
2222 14.9999999112002 114.959648675041 -1200.01529368879
2223 14.9999999531527 114.959629705078 -1200.00204484102
2224 14.9999999044239 114.959611411931 -1199.99579234853
2225 14.9999995534888 114.959592688531 -1199.99853637035
2226 14.9999998466558 114.959574542962 -1200.02203963384
2227 15.0000001249163 114.959555722114 -1200.01990806047
2228 15.0000002502649 114.959536855324 -1200.04940340991
2229 14.9999996974736 114.959518218143 -1200.0045751276
2230 14.9999999745631 114.959500017935 -1199.98782178993
2231 15.0000003045351 114.959481095546 -1199.98833794843
2232 14.9999997705772 114.959462497874 -1199.97553794479
2233 15.0000003243688 114.959443881523 -1199.99858481528
2234 15.0000004255261 114.959425375473 -1199.97873783549
2235 15.0000000866545 114.959406804648 -1199.95742123533
2236 14.9999998796301 114.959388108534 -1199.99883504506
2237 14.9999999930636 114.959369605502 -1199.96977758083
2238 14.9999998968439 114.959350783344 -1200.00256199407
2239 14.9999999941054 114.959332356851 -1200.00626315522
2240 14.9999999701546 114.959313558709 -1199.99388005819
2241 15.00000010651 114.959295045324 -1199.98706948375
2242 14.9999998744195 114.959276492833 -1199.99801543679
2243 15.0000001249631 114.959257973903 -1200.00461183621
2244 15.0000001321007 114.959239129886 -1199.9837658724
2245 14.9999998661342 114.959220806129 -1200.01547620165
2246 14.9999998425909 114.95920193701 -1200.00730135809
2247 14.9999997240841 114.959183360147 -1200.02020057488
2248 14.9999995604717 114.95916512827 -1199.99046272485
2249 14.9999999532162 114.959146127281 -1199.98903025351
2250 14.9999999214645 114.959127724086 -1200.00186086607
2251 14.9999997304536 114.959109354069 -1199.99157218151
2252 14.9999999522187 114.959090655681 -1199.95314040587
2253 14.9999999236657 114.959071713285 -1200.0086957957
2254 15.0000000056496 114.959053588377 -1200.00584363465
2255 15.0000003224351 114.959034842031 -1200.03386799693
2256 15.0000000816919 114.959016656235 -1199.9935925235
2257 14.9999999798985 114.958997528385 -1199.95313108228
2258 14.9999999375562 114.958979023134 -1199.9943554039
2259 14.9999999331 114.958960483418 -1199.96944899
2260 15.0000003035007 114.958941990403 -1199.99039755964
2261 15.0000000225387 114.958923057084 -1200.04215761991
2262 14.9999997532581 114.958904282532 -1199.99397842881
2263 15.0000000385645 114.958885978618 -1199.98515631034
2264 15.0000000034921 114.958867362495 -1200.01949813275
2265 14.9999998071055 114.958848775621 -1200.00929875264
2266 15.0000001844143 114.95883036414 -1200.0374956175
2267 15.0000001545868 114.95881174305 -1200.02822451614
2268 15.0000000671329 114.958793051198 -1199.99927754958
2269 15.0000001742377 114.95877452541 -1199.99272634667
2270 15.0000000380787 114.958755775016 -1200.01553689112
2271 14.9999999430585 114.958737259588 -1200.04183274678
2272 15.0000002066911 114.95871860474 -1200.02545283674
2273 14.9999999579979 114.958700020232 -1199.99064750088
2274 15.0000000089248 114.958681103917 -1199.9848225793
2275 14.9999997206483 114.958662944653 -1200.00987139348
2276 14.9999999113431 114.958644029699 -1199.99307035738
2277 14.9999998745305 114.958625621913 -1200.01848420239
2278 14.9999998347631 114.958607023561 -1199.98567128839
2279 15.0000001881673 114.958588515907 -1199.9802898064
2280 15.0000002648307 114.958569671946 -1199.97730305919
2281 15.0000002796856 114.958551233835 -1199.97723995049
2282 15.0000001680997 114.958532744981 -1199.97631293829
2283 14.9999999906744 114.958513791277 -1199.99077324833
2284 14.9999996176996 114.958495507927 -1199.98171471428
2285 15.000000077894 114.95847664352 -1200.00594777124
2286 14.9999999334566 114.958458299581 -1199.99389918726
2287 14.9999998773751 114.958439730542 -1199.99820844318
2288 15.000000066948 114.958421429993 -1200.00349112404
2289 14.9999998403098 114.958402549928 -1200.00303435638
2290 14.999999806141 114.958383762732 -1200.02880039851
2291 14.9999999165306 114.958364797305 -1200.02987864608
2292 14.9999999513812 114.958346658265 -1200.01311003277
2293 14.9999999687828 114.958328177189 -1200.0187447901
2294 14.9999998685599 114.958309281359 -1200.02729556986
2295 14.9999999523778 114.958290641908 -1200.02139269564
2296 14.9999999135709 114.958272394667 -1199.98103833168
2297 15.0000004046868 114.958253949902 -1199.9667473412
2298 15.0000000272544 114.958234809187 -1200.00861222926
2299 14.9999996908173 114.95821636649 -1200.01600609259
2300 14.9999998297865 114.958197995791 -1199.99906670018
2301 15.0000001911781 114.958179456388 -1200.04261587204
2302 14.9999993857072 114.958160807026 -1200.01590956631
2303 15.0000000493189 114.958142077115 -1199.9845459213
2304 14.9999998979491 114.958123455809 -1199.99364603534
2305 14.9999998791202 114.958105106404 -1199.99816078507
2306 14.9999998333793 114.958086286608 -1199.98947767182
2307 15.0000002959223 114.958067892054 -1200.00057770632
2308 15.00000032286 114.958049070927 -1199.99203830886
2309 14.9999998840983 114.958030220208 -1199.96461199832
2310 15.0000001045577 114.958011907139 -1199.98182625773
2311 15.0000002378679 114.957993435011 -1199.98335146207
2312 15.0000000727888 114.957974591847 -1200.02730842985
2313 14.9999996900159 114.957956002469 -1199.99716558752
2314 14.999999899615 114.957937182271 -1199.9823898619
2315 15.000000077353 114.957918852846 -1199.9955490019
2316 15.0000001536171 114.95790033711 -1200.00875838398
2317 14.9999999566411 114.9578816859 -1200.01008048588
2318 14.9999999427894 114.957862895261 -1199.99439015287
2319 14.9999997941235 114.957844089249 -1199.98458558482
2320 14.9999999779733 114.957825700331 -1199.99968206528
2321 14.9999998872132 114.957807284397 -1199.97310298212
2322 15.0000000085352 114.957788770444 -1199.98382933544
2323 14.9999999963957 114.957770260815 -1199.98747752793
2324 15.0000001006952 114.957751169621 -1200.02017420676
2325 14.9999999211866 114.957732804574 -1200.01190366185
2326 15.000000225984 114.957714299943 -1200.02080421663
2327 14.9999997755556 114.95769563683 -1199.99453515796
2328 15.000000045122 114.957677172442 -1199.98324585285
2329 15.0000002104468 114.957658286803 -1200.04894357087
2330 15.0000000896659 114.957639784851 -1199.96989549534
2331 14.9999999340509 114.95762113344 -1200.00570237289
2332 15.0000001185547 114.95760262263 -1200.00167528739
2333 15.00000030526 114.95758380245 -1199.97724682003
2334 15.0000000112263 114.957565131519 -1200.00510846531
2335 14.9999999553963 114.957546967 -1200.00219133832
2336 15.0000004685768 114.957528457382 -1199.9662839002
2337 14.9999997407358 114.957509542216 -1199.9801498161
2338 15.0000002197879 114.957491085881 -1199.9964798278
2339 15.0000002113483 114.957472682638 -1200.00667407392
2340 14.999999920987 114.957454270045 -1199.97930133427
2341 15.0000000822681 114.957435036488 -1199.94806696619
2342 15.000000122351 114.957416621841 -1200.00370429747
2343 14.9999999793219 114.957398110053 -1200.00996958684
2344 15.0000001373747 114.957379458679 -1200.00448748028
2345 14.999999865832 114.957360887593 -1199.99081030915
2346 14.9999999700131 114.957342045587 -1200.0128662955
2347 15.0000001138702 114.95732363639 -1199.97884326454
2348 15.0000001989342 114.957304949268 -1199.99727392166
2349 14.9999999963506 114.957286349548 -1200.00064685133
2350 15.0000000548672 114.957267697266 -1200.01585576916
2351 14.9999999840478 114.957249002039 -1200.03911792455
2352 14.9999998924328 114.957230517684 -1199.98450619726
2353 14.9999999193112 114.957212041849 -1199.96280309498
2354 14.9999997521556 114.957193603699 -1199.99200740963
2355 14.999999789562 114.957174907411 -1199.97394827946
2356 14.9999996280992 114.957156263653 -1200.02817440137
2357 14.9999999583517 114.957137716038 -1199.98556423111
2358 15.0000001718843 114.957118771084 -1200.01445878935
2359 14.9999998081218 114.957100310219 -1200.00486002963
2360 14.9999999457494 114.957081787949 -1199.98917890325
2361 14.9999999246256 114.95706319536 -1199.99879211569
2362 15.0000000306026 114.957044765902 -1199.9900717101
2363 14.9999997506808 114.957026078273 -1199.99584590107
2364 14.9999998526614 114.957007429669 -1199.9945790705
2365 15.0000000040708 114.956989040367 -1199.98077441804
2366 14.9999999625163 114.956970209321 -1200.01133251899
2367 15.0000000155987 114.956951699769 -1199.97546847616
2368 14.9999999037184 114.956932998018 -1200.02849447916
2369 15.0000000591318 114.956914373827 -1200.01344734882
2370 14.9999998055914 114.956895939136 -1200.00009106843
2371 15.0000001090408 114.956876884853 -1200.00088500074
2372 15.0000002108166 114.956858678119 -1199.9921099824
2373 15.0000002867017 114.956840014713 -1200.0090587776
2374 15.0000000159954 114.95682162915 -1199.96753073926
2375 15.0000000989345 114.956802977582 -1199.98830946009
2376 15.0000002036379 114.9567843654 -1200.00754583247
2377 14.999999555177 114.956765931299 -1199.96813257155
2378 15.0000000828069 114.956747013465 -1199.98019088772
2379 15.000000132388 114.956728543309 -1199.9982856478
2380 15.0000001532591 114.956710143131 -1200.02526624444
2381 15.0000001984707 114.956691308515 -1199.98915947559
2382 15.0000000034371 114.956672511164 -1199.99204368294
2383 15.0000000225842 114.956654064546 -1200.01440098185
2384 14.9999999266565 114.956635776212 -1200.0179904042
2385 15.0000001482855 114.95661672538 -1200.01790316818
2386 15.0000002653509 114.956598244835 -1200.05042974621
2387 15.0000001910437 114.956579526607 -1200.02082048826
2388 15.000000223552 114.956561297255 -1199.99320016781
2389 15.0000002855346 114.956542234369 -1199.9923280089
2390 15.0000000082165 114.95652416492 -1199.9700337423
2391 15.0000000778455 114.956505486538 -1200.0303092102
2392 15.0000000048384 114.956486541136 -1199.98321294245
2393 15.0000001542687 114.956468057559 -1200.00236084336
2394 14.9999996879206 114.956449762548 -1200.0042880084
2395 15.00000013067 114.956431005944 -1200.02096838521
2396 14.9999997252176 114.956412196705 -1199.96197956478
2397 15.0000000654237 114.956393497074 -1199.98944882677
2398 15.0000002895219 114.956375264528 -1199.98737657587
2399 15.0000000038251 114.956356284687 -1199.99628057704
2400 14.9999997128067 114.956338120683 -1200.04400043084
2401 15.0000001559303 114.956319129169 -1199.99731956646
2402 15.0000002651372 114.956300358026 -1200.02960931197
2403 14.999999689594 114.956281899736 -1200.00184442992
2404 15.0000000488057 114.956263505625 -1199.99796291836
2405 14.9999998984545 114.956244760225 -1199.95953842931
2406 14.9999999549161 114.956226198616 -1199.98862698582
2407 15.0000000504952 114.956207631372 -1199.99149528433
2408 15.0000001492062 114.956189124669 -1200.00026471164
2409 14.9999999656402 114.9561702111 -1200.01473479562
2410 15.000000044253 114.956152036377 -1200.00056173799
2411 14.9999997646463 114.956133708817 -1199.97449997409
2412 14.9999996173705 114.956114774627 -1199.98555097398
2413 14.999999811981 114.956096251222 -1199.96934918946
2414 15.000000055157 114.956077739794 -1199.98095664433
2415 14.9999999559644 114.956059042228 -1200.02955631901
2416 14.9999999916901 114.956040216237 -1200.03397612687
2417 15.0000002542178 114.956021541382 -1199.98931461486
2418 15.0000000408976 114.956003177357 -1199.99172847521
2419 14.9999995766671 114.955984597909 -1200.02629573376
2420 15.0000002679872 114.955965518667 -1199.99393337829
2421 14.9999999656435 114.955947455808 -1200.00400515999
2422 14.9999999920775 114.955928645462 -1200.03139282723
2423 15.0000001714901 114.955910352195 -1199.9752833989
2424 14.9999999281061 114.95589173711 -1199.99147230501
2425 15.000000109537 114.955872828872 -1200.01204569485
2426 14.9999999016038 114.955854263532 -1199.99840109219
2427 14.9999999510565 114.955835695998 -1199.98341498127
2428 14.9999999868514 114.95581708865 -1200.01782601512
2429 15.0000000162835 114.955798414215 -1199.97986984694
2430 15.0000000324953 114.95578001929 -1200.00147050344
2431 14.9999999764198 114.955761216956 -1199.99520154717
2432 15.0000000122421 114.955742718101 -1200.01008314
2433 14.9999997719051 114.955724149888 -1199.95812458408
2434 15.0000001699761 114.955705681315 -1199.99032063565
2435 15.0000000705588 114.955687164654 -1200.02331475939
2436 14.9999998340976 114.955668264192 -1199.9743283349
2437 15.0000000592421 114.955649619298 -1200.01466022972
2438 15.0000000266631 114.955631089707 -1200.00218060859
2439 15.0000001361413 114.955612153418 -1200.02634420695
2440 15.0000000849781 114.955594315315 -1200.01027609849
2441 14.9999998952932 114.955575501618 -1200.00805526737
2442 14.9999996478836 114.955556817194 -1199.99168078255
2443 15.0000000088976 114.955538311293 -1200.02720305631
2444 15.0000004803214 114.955519563279 -1199.96166455032
2445 14.9999999491206 114.95550133042 -1200.01983898814
2446 14.9999999501219 114.955482441765 -1200.00556809184
2447 15.000000030258 114.955463555455 -1199.98063872851
2448 15.0000001019961 114.955445156235 -1200.00055109908
2449 14.9999999843867 114.955426491241 -1199.98881575321
2450 15.0000002980082 114.955407981606 -1199.97311172888
2451 15.0000001335733 114.955389240336 -1200.04026639427
2452 14.9999999621457 114.955370213282 -1200.00672806753
2453 14.9999999664252 114.955352036633 -1199.99009048791
2454 15.0000003197721 114.955333594464 -1200.0123402017
2455 14.9999999631304 114.9553149031 -1200.00505963983
2456 15.0000002486627 114.955296075211 -1200.00128201729
2457 14.9999997124472 114.955277643338 -1200.01877416354
2458 14.9999998866861 114.955259238715 -1199.94705839915
2459 15.0000001312028 114.955240470138 -1200.02946083928
2460 15.0000000115855 114.955222072284 -1200.00039561323
2461 14.9999998193554 114.955203210734 -1199.9685169727
2462 15.0000002546308 114.955184847293 -1199.99923294316
2463 14.99999967917 114.955166322427 -1200.00215719852
2464 15.0000003130916 114.955147798718 -1200.01619535616
2465 14.9999999557155 114.95512871543 -1200.01668594673
2466 14.9999999383742 114.955110370365 -1200.00771250547
2467 14.9999998617322 114.955091642302 -1199.9941874246
2468 15.0000000210349 114.955073126095 -1200.0000976307
2469 14.9999998014574 114.955054240766 -1200.00336806921
2470 15.0000002601026 114.95503548215 -1200.03661031813
2471 14.9999998227579 114.955017162769 -1199.97415194397
2472 15.0000000041139 114.954998885092 -1199.9841605388
2473 14.9999995209657 114.954980178864 -1200.03191079065
2474 15.0000001017649 114.954961365959 -1200.02370141214
2475 14.9999996325224 114.95494295545 -1200.00518495085
2476 15.000000039176 114.954924340669 -1199.99473047533
2477 14.9999999009653 114.954905548134 -1199.98260178928
2478 14.9999998793929 114.954886797244 -1200.00615452091
2479 14.9999997603978 114.954868228709 -1199.99871736091
2480 15.0000001548222 114.954849881543 -1199.98953047656
2481 15.0000002385841 114.954831175001 -1199.99891411666
2482 15.0000001237904 114.95481287964 -1199.97492839732
2483 15.0000002248084 114.954794605629 -1200.01839630417
2484 14.9999999941374 114.95477557475 -1199.99767882245
2485 14.9999998909656 114.954756771404 -1199.99920240854
2486 14.9999997540712 114.954738259434 -1200.01186374842
2487 14.9999999651763 114.954719744164 -1200.02192354756
2488 14.9999998091684 114.954701394138 -1200.01829501582
2489 15.0000001295451 114.95468248333 -1199.98078792953
2490 14.999999853435 114.954664033013 -1199.98070072441
2491 14.9999998569671 114.954645025976 -1200.00094637908
2492 15.0000001170224 114.954626943915 -1200.00441278353
2493 15.0000002402434 114.954608453652 -1200.01391483548
2494 14.9999999969581 114.954589463195 -1199.97515733893
2495 15.0000000820088 114.954570884913 -1200.00548048346
2496 15.0000001766816 114.954552165406 -1199.9989390223
2497 15.0000000007224 114.954533716337 -1199.98308994348
2498 15.0000001064171 114.954515268332 -1200.00878492072
2499 14.9999998221457 114.954496331259 -1200.03496449325
2500 14.9999996101697 114.954477763721 -1199.97156958
2501 14.999999722455 114.954459288843 -1200.01859053336
2502 15.0000000199306 114.954440778982 -1200.0044083879
2503 14.9999999833601 114.95442212949 -1200.00671901632
2504 15.0000002154819 114.954403738488 -1199.98197965544
2505 14.9999999082337 114.954385340305 -1200.01848190533
2506 14.9999997661431 114.954366564666 -1199.97520649977
2507 14.9999999535841 114.954347836468 -1199.98525202798
2508 15.0000004300765 114.95432923237 -1199.96818050026
2509 15.0000000251701 114.95431035623 -1200.00763586423
2510 15.0000004105309 114.954291824911 -1199.9722739342
2511 15.0000001719023 114.95427351507 -1200.00508229429
2512 15.0000003311936 114.954254685026 -1199.98237781788
2513 15.0000000344197 114.9542361939 -1199.992026538
2514 15.0000001554975 114.954217549545 -1199.98527500745
2515 14.9999997811667 114.954198886816 -1199.97820913833
2516 15.0000003089302 114.954180711956 -1200.01572252318
2517 15.0000001345476 114.954161664585 -1200.00649204174
2518 15.0000002907356 114.954143052748 -1199.95408965376
2519 14.9999996921179 114.954124590548 -1200.019911183
2520 14.9999996864226 114.954106042728 -1199.97311305246
2521 15.0000000328105 114.954087333646 -1200.04571876731
2522 15.0000000689452 114.954068806288 -1200.0368056882
2523 15.0000000766223 114.954049972459 -1200.00453993277
2524 14.9999999528753 114.954031810241 -1200.02196763128
2525 14.9999999813361 114.954012953794 -1200.01045009101
2526 15.0000000967301 114.953994444744 -1199.97711543562
2527 15.0000003263854 114.95397556266 -1200.0068747741
2528 14.9999999851897 114.953956888756 -1199.97310748698
2529 15.0000001483771 114.953938405964 -1199.99686132942
2530 15.0000001028988 114.953919917736 -1200.03808754178
2531 14.99999988745 114.953901171107 -1199.9991169377
2532 14.9999997380258 114.953882525969 -1199.98125254564
2533 15.0000002851495 114.953864093151 -1199.99602243124
2534 15.0000001735736 114.953845455741 -1200.00502412622
2535 15.0000000830336 114.953826688981 -1199.97650112314
2536 14.9999997974838 114.953808770329 -1199.98007576824
2537 14.999999939305 114.953789890745 -1199.99204008391
2538 14.9999998284478 114.95377104128 -1199.98852055522
2539 15.0000000552097 114.953752361245 -1199.99102493672
2540 14.9999998536842 114.953733853331 -1200.01232297654
2541 15.0000002079747 114.953715350575 -1200.01203270411
2542 15.0000000847901 114.953696765234 -1200.02275037391
2543 14.9999999691279 114.953677976567 -1200.00324460676
2544 15.0000000766282 114.953659482154 -1200.01358743679
2545 15.0000004547238 114.953641216562 -1200.02163283081
2546 15.0000001118996 114.953622232645 -1199.99793262173
2547 14.9999999540984 114.953603928303 -1199.99606586859
2548 14.9999999126547 114.953585179869 -1199.99553760871
2549 15.0000001159088 114.953566545387 -1200.01910770879
2550 15.0000003028026 114.953548075122 -1200.02547054339
2551 15.0000001842345 114.953529335083 -1199.99718726525
2552 14.9999998717137 114.953510873697 -1200.00407108398
2553 15.0000000030075 114.953492255578 -1199.99378516174
2554 15.0000000641157 114.95347337161 -1200.00640755337
2555 14.9999996885458 114.953454827079 -1200.00109417286
2556 14.9999997570374 114.953436279162 -1199.96329145868
2557 15.0000001426516 114.953417690338 -1199.96131793872
2558 14.9999997822853 114.953399142737 -1200.01453361125
2559 15.0000000850476 114.9533804593 -1200.02449048417
2560 15.0000000955557 114.95336219896 -1199.9991597581
2561 15.0000000103397 114.953343368874 -1200.01462161997
2562 15.0000002185108 114.953325060083 -1200.01358420555
2563 14.9999999217979 114.953305951904 -1200.05824204733
2564 15.0000001565586 114.953287368808 -1199.9966992064
2565 15.000000430731 114.953269332394 -1199.99307183369
2566 15.0000000126271 114.953250076264 -1199.9954140661
2567 14.9999998134756 114.953231632206 -1200.04566277691
2568 14.999999744779 114.95321268588 -1199.98941186318
2569 14.999999891057 114.953194520278 -1200.02078901926
2570 15.0000003358677 114.953175936086 -1200.01369566972
2571 14.9999997941094 114.953157243575 -1199.95333458515
2572 15.0000001751782 114.953138915615 -1200.01363652825
2573 15.0000000895523 114.953120220945 -1200.001394495
2574 15.0000003547303 114.953101651796 -1200.00774384568
2575 14.9999999442176 114.95308311574 -1200.0152031213
2576 14.9999998959888 114.953064451994 -1199.98279277848
2577 14.9999998248947 114.95304595941 -1200.03066686736
2578 15.0000002321101 114.95302707014 -1200.00159554831
2579 14.9999999296664 114.953008676923 -1200.01033807935
2580 14.9999998668133 114.952989934799 -1199.99036835984
2581 14.9999999151938 114.952971603808 -1199.98014088346
2582 14.9999999589632 114.952952775613 -1199.96329269177
2583 15.0000001583062 114.952933933232 -1200.0018151626
2584 15.0000001847993 114.952915395288 -1199.98243668853
2585 15.0000001548961 114.95289730078 -1200.01305730502
2586 15.0000001316395 114.952878313376 -1200.02200693903
2587 15.0000000070424 114.952859653313 -1199.95170113143
2588 15.0000000298711 114.952841380892 -1200.01059570712
2589 14.9999996326329 114.952822570009 -1200.02704520298
2590 15.0000001097477 114.952803935616 -1199.98583675386
2591 15.0000002920735 114.952785294622 -1200.01338132083
2592 14.9999998396614 114.952766851426 -1200.02423728226
2593 15.0000002727549 114.952748133936 -1199.98921341583
2594 14.9999999798788 114.952729499942 -1200.00096758039
2595 14.9999999030445 114.952710792711 -1200.00601129913
2596 15.0000000302306 114.952692428528 -1199.9977125235
2597 15.0000000584145 114.952673696506 -1199.95180641016
2598 14.9999999420875 114.95265502345 -1200.01491557503
2599 14.9999999980595 114.952636336578 -1199.98860737477
2600 14.9999997947458 114.952617911486 -1200.00952913828
2601 14.9999998214377 114.952599224016 -1200.02342983101
2602 15.0000003570025 114.952580849665 -1200.00353774215
2603 14.9999999833572 114.952562576225 -1199.99529557318
2604 15.0000000026191 114.952543469539 -1199.96997188837
2605 14.999999689229 114.9525250599 -1199.96481684821
2606 15.000000138361 114.952506486565 -1199.9967173933
2607 15.00000002319 114.952487443979 -1200.01280895032
2608 15.0000002555588 114.952469059392 -1199.97452416357
2609 15.0000001111075 114.952450799111 -1199.9884995775
2610 14.9999996889896 114.952432015081 -1199.99405871807
2611 15.0000001409521 114.952413257677 -1199.97418621896
2612 14.9999999774001 114.952394540008 -1200.01746358323
2613 14.9999998736464 114.952376010303 -1200.02453512632
2614 15.000000142531 114.952357549753 -1199.96660689474
2615 15.0000002219003 114.95233934955 -1200.01921678522
2616 14.9999999141354 114.952320451933 -1200.0061663776
2617 15.0000001565494 114.952301946407 -1199.9807908328
2618 14.9999997978441 114.952283237731 -1200.02115225677
2619 14.9999999283411 114.952264761205 -1200.02816823027
2620 15.0000002679889 114.95224627238 -1199.99424916474
2621 14.9999999849587 114.952227537189 -1200.00514644133
2622 14.9999998935453 114.952208697217 -1200.01060966106
2623 14.9999996687457 114.952190426053 -1200.01403634698
2624 14.9999999367502 114.952171202256 -1200.01865079639
2625 14.9999998236677 114.952152925534 -1199.97528961491
2626 14.9999998233678 114.952134130006 -1199.99299825844
2627 14.9999999943792 114.952115485064 -1199.97846298411
2628 15.0000001212365 114.95209704718 -1199.96198732276
2629 14.9999999726575 114.952078380377 -1200.01601037779
2630 15.0000002475745 114.952060183837 -1200.00347882256
2631 15.0000000132643 114.952041262057 -1200.00908127002
2632 14.9999996934153 114.952023080655 -1199.99774964388
2633 15.0000002677153 114.952004128728 -1199.98039420216
2634 14.9999999684804 114.951985601665 -1200.00847841759
2635 14.9999997046116 114.951967153282 -1199.99028204501
2636 14.9999998342015 114.95194827627 -1199.9840288612
2637 14.9999999244761 114.951929770667 -1200.01003129816
2638 15.0000000750319 114.951911006438 -1199.98732179626
2639 14.9999998530551 114.951892509404 -1199.97826486477
2640 15.0000001606778 114.95187393362 -1200.0064158145
2641 14.99999979938 114.951855150966 -1199.99689969541
2642 15.0000000113465 114.951836965344 -1200.01655010866
2643 15.0000001356256 114.951818407896 -1200.01810827371
2644 14.9999999221477 114.95179949839 -1200.0293775767
2645 15.0000001316214 114.951780880689 -1200.0325395664
2646 14.9999998776084 114.951762748112 -1199.99617584583
2647 15.0000000395218 114.951743823273 -1199.9951778716
2648 15.0000003775505 114.951725540264 -1200.00565164928
2649 14.9999999387743 114.951706770051 -1200.0171081601
2650 14.9999999742985 114.951688285293 -1200.0128889209
2651 14.9999999296836 114.951669318202 -1200.0106857053
2652 15.0000000505563 114.951650560364 -1199.99688753212
2653 15.0000000520702 114.951632366624 -1199.99189014541
2654 15.0000000029772 114.951613620618 -1200.02384527259
2655 15.0000001453683 114.951595139199 -1200.01006930031
2656 14.999999979806 114.951576420042 -1200.00431100981
2657 15.0000000963534 114.951557955234 -1199.99922658587
2658 14.9999999633844 114.951539122346 -1199.98833758592
2659 14.9999999529981 114.951520413534 -1200.00894475678
2660 15.0000001776097 114.951502154797 -1199.98794276213
2661 15.0000001944223 114.951483516062 -1199.99105888329
2662 14.9999999371385 114.951464802562 -1199.98960631218
2663 14.9999999740529 114.951446314384 -1199.99388843695
2664 15.0000000471184 114.951427702116 -1199.97786338147
2665 14.9999999382742 114.951409078041 -1200.0341007355
2666 15.000000275969 114.951390439085 -1200.01570303411
2667 14.9999998717226 114.95137173253 -1199.98179717361
2668 14.9999999839744 114.951353185869 -1199.97439076259
2669 14.9999996147314 114.951334551835 -1199.99573647368
2670 15.0000000732757 114.951316084769 -1199.99531942702
2671 14.9999999336709 114.951297182823 -1199.99679406258
2672 14.9999997894715 114.951278790915 -1199.9519056627
2673 15.0000000797463 114.951259942819 -1200.01473262608
2674 14.9999999038287 114.951241474398 -1200.01615533822
2675 15.0000001888401 114.95122309481 -1200.0212715027
2676 15.0000000252897 114.95120454578 -1200.01412868165
2677 15.0000001720149 114.95118578541 -1199.99829441896
2678 15.0000002108162 114.951166754585 -1199.9875340394
2679 15.0000002358044 114.951148610418 -1199.99250515947
2680 14.9999999624554 114.951130025631 -1200.01214865596
2681 15.0000001766238 114.951111881239 -1200.00873090119
2682 15.0000000305298 114.951093137978 -1199.97540405705
2683 15.0000003802498 114.951074510471 -1199.9763358183
2684 14.9999999817764 114.951055368635 -1200.01044536496
2685 15.0000002124074 114.951036925714 -1199.99377713527
2686 15.0000001726814 114.951018408814 -1199.98883314195
2687 14.9999997297259 114.950999856334 -1199.99806949762
2688 14.9999995456938 114.950981189377 -1199.99439257001
2689 14.9999999695766 114.95096252816 -1200.0153004067
2690 14.9999999187083 114.950943997884 -1200.02163137594
2691 15.0000001553246 114.950925582824 -1200.01277632432
2692 15.000000372173 114.950906920588 -1199.95423128865
2693 15.0000000869331 114.950888231191 -1199.960804419
2694 15.0000001743261 114.950869592324 -1200.00847759875
2695 15.0000001286727 114.950851104443 -1200.0032629321
2696 14.9999999129707 114.95083228853 -1200.02183328237
2697 15.0000001929714 114.950813956505 -1199.9902376463
2698 14.9999998179934 114.95079534656 -1200.00205468389
2699 15.0000001106532 114.950776330551 -1200.02462517532
2700 15.0000000057075 114.950758185022 -1199.99948890205
2701 15.0000000332565 114.950739364875 -1199.95871383333
2702 15.000000277201 114.950720389482 -1200.01102214746
2703 15.0000000338984 114.950702049618 -1200.00482186307
2704 15.0000000463587 114.950683586467 -1199.98019397565
2705 15.0000000934358 114.950665222029 -1200.00464351472
2706 14.9999999543016 114.950646337487 -1199.99130917575
2707 15.0000000257193 114.950627851313 -1199.97909307849
2708 14.999999957707 114.950609170778 -1199.99275290883
2709 15.000000090093 114.950591080125 -1200.00455653483
2710 14.9999996972352 114.950572246194 -1199.99226892568
2711 15.0000000227022 114.950553417137 -1199.99443101249
2712 14.9999998896958 114.950534745291 -1199.9992967664
2713 15.0000002018214 114.950516101857 -1199.99812815445
2714 15.0000004761902 114.950497569438 -1200.01825407088
2715 15.0000000476178 114.950478987917 -1200.02895271652
2716 15.0000002449433 114.950460563221 -1199.99621078586
2717 15.0000000752231 114.950442481189 -1200.02203742817
2718 15.0000002234595 114.950423170642 -1199.97346817601
2719 15.0000002363224 114.95040476922 -1200.00757524593
2720 15.0000002909349 114.950386247785 -1199.99901093342
2721 15.0000000773105 114.950367669173 -1199.98529410674
2722 14.9999998059664 114.950348606987 -1199.97983363243
2723 15.0000001526883 114.950330453494 -1199.99044568808
2724 14.9999998610258 114.95031203366 -1200.01292952071
2725 15.0000002051866 114.95029284279 -1200.00563786043
2726 14.9999999847321 114.950274320633 -1199.9864686623
2727 14.9999998330443 114.950255867565 -1200.00082296938
2728 15.0000003265808 114.95023737746 -1199.99100717995
2729 14.99999972052 114.950218398408 -1199.99785054461
2730 15.0000002639047 114.950199841249 -1200.01806181377
2731 15.0000000090783 114.950181383967 -1200.00189774649
2732 14.9999998768912 114.950162979056 -1199.99989264035
2733 14.9999999216289 114.950144520606 -1199.96501152551
2734 14.9999995732743 114.950125566961 -1200.01960179652
2735 15.0000000768757 114.950107021969 -1200.00218075012
2736 15.0000001253832 114.950088352679 -1200.01689516193
2737 15.0000000035112 114.950069695058 -1200.04844501324
2738 15.0000000159285 114.950051064454 -1199.99320038707
2739 14.9999999902405 114.950032544055 -1200.00420117581
2740 15.000000109751 114.950014173927 -1200.00913821769
2741 14.9999999129093 114.949995451802 -1199.97505460432
2742 15.0000001186834 114.949976664338 -1199.99715078331
2743 15.0000000677153 114.949958300831 -1200.00967880545
2744 14.9999997827997 114.949940239012 -1199.98579559027
2745 14.9999997967454 114.949920991525 -1200.015652183
2746 15.0000003050536 114.949902462248 -1200.03245872562
2747 14.9999998894568 114.949883529876 -1200.00485899618
2748 15.0000002184801 114.949864891457 -1200.01994707982
2749 14.9999998502013 114.949846243497 -1200.00612718509
2750 15.0000002827068 114.949828067508 -1199.99250700258
2751 14.9999998153935 114.949809734552 -1199.98798587286
2752 14.9999998367276 114.949790826346 -1199.99028160605
2753 15.0000001020281 114.949772309024 -1200.00091007245
2754 14.9999999309174 114.949753683228 -1200.00690405905
2755 15.0000001643507 114.949734863108 -1199.98180161156
2756 14.9999998006692 114.949716254192 -1199.96850827058
2757 14.9999997944833 114.94969785649 -1200.00546391795
2758 14.9999997551864 114.949679342634 -1200.0128021833
2759 15.0000002291943 114.949660870728 -1199.97619781058
2760 14.9999998266655 114.949642011526 -1200.02261256461
2761 15.0000000943713 114.949623253924 -1200.009246059
2762 14.9999996926204 114.949605096829 -1200.02320363271
2763 14.9999999395115 114.949586294525 -1200.00541323286
2764 14.9999998705481 114.949567544764 -1200.00224107258
2765 14.999999895476 114.949548988538 -1200.02405172518
2766 15.0000001831471 114.949530477277 -1200.0249146448
2767 14.9999998382327 114.949511961808 -1199.98831314011
2768 14.9999998926371 114.949493103118 -1199.97445438705
2769 14.9999999819197 114.949474720301 -1200.01303498775
2770 14.9999998508152 114.949455926044 -1199.99312734095
2771 14.9999999309873 114.949437448804 -1200.00402441737
2772 15.0000001059476 114.949418764005 -1199.97097073262
2773 15.000000006633 114.949400685646 -1199.99530821191
2774 15.0000001417201 114.949381598956 -1200.0215393178
2775 15.0000002576589 114.949362987482 -1200.03277926401
2776 15.0000001283942 114.949344356452 -1199.99351347981
2777 14.9999999462994 114.949326139875 -1199.97635185543
2778 14.9999999630989 114.94930725159 -1199.9663432333
2779 15.0000001510723 114.949288868123 -1200.00135393478
2780 14.999999944582 114.949269868452 -1199.9921056331
2781 14.9999998503863 114.949251675604 -1200.00095065935
2782 14.9999999565342 114.949232695109 -1200.00169737268
2783 14.999999948162 114.94921412915 -1200.02088280472
2784 15.0000004541594 114.949195539725 -1200.00415383596
2785 14.9999999077302 114.94917728766 -1199.99677958359
2786 15.0000003117955 114.949158380656 -1199.99600467686
2787 14.9999998796714 114.949140039039 -1199.9802655824
2788 15.0000001351025 114.949121395822 -1199.98123884252
2789 14.9999998238755 114.949102831539 -1200.00162182693
2790 14.9999997862398 114.949083698621 -1199.97973021728
2791 14.999999991126 114.949065422718 -1200.00696727965
2792 14.999999911437 114.949046720674 -1200.02341744695
2793 15.00000009572 114.949028213681 -1200.02036389162
2794 14.999999720192 114.949009879126 -1200.04596947345
2795 14.9999999934761 114.948990770425 -1199.98937940701
2796 14.9999996503571 114.948972656542 -1199.97823243188
2797 14.9999999718063 114.948954079224 -1199.99680671261
2798 14.9999995695436 114.94893544265 -1199.99764160469
2799 15.0000000326118 114.948916834485 -1199.99129278614
2800 15.0000001274627 114.948898095974 -1199.98474679037
2801 14.9999999089445 114.948879493746 -1199.9799502063
2802 15.0000001885594 114.948860588979 -1199.97010838349
2803 14.9999998757884 114.948842656959 -1199.99781391129
2804 15.0000000633867 114.948823983466 -1200.00642053159
2805 15.000000071374 114.94880519603 -1200.00913754511
2806 14.999999981999 114.948786385652 -1199.97266620436
2807 15.0000002255611 114.948767858687 -1200.00303503841
2808 14.9999995972983 114.948749259799 -1200.0156622478
2809 14.9999999290659 114.948730785578 -1200.00757154443
2810 15.0000000851089 114.94871237691 -1200.00108592427
2811 15.0000000090382 114.94869323697 -1199.97742886329
2812 15.0000001393686 114.948674918976 -1199.9904814165
2813 14.9999998686637 114.948656468324 -1200.00288078899
2814 14.9999998486556 114.948637375265 -1200.02381353523
2815 15.0000001361939 114.94861936818 -1199.95346027124
2816 15.0000000572638 114.948600224798 -1199.9888300894
2817 14.9999996004615 114.9485817757 -1200.01565666754
2818 14.9999999262453 114.948563272521 -1199.97855253417
2819 14.9999998254265 114.948544608595 -1199.96466584175
2820 15.0000002729642 114.948526233402 -1199.99375404715
2821 14.999999815888 114.94850736553 -1199.99097212186
2822 14.9999998237448 114.948489158554 -1199.99474805202
2823 14.999999922069 114.948470309466 -1199.98471580065
2824 14.9999999802731 114.948451738345 -1200.00900858606
2825 14.9999998352015 114.948433305509 -1199.98860275136
2826 15.0000000573608 114.94841432317 -1200.02605905765
2827 15.0000000070954 114.94839608286 -1200.01429371045
2828 15.0000002977846 114.948377249377 -1200.00513693104
2829 15.0000000233492 114.948358906639 -1199.97112063421
2830 15.0000001904158 114.948339861202 -1200.02319145185
2831 14.9999999664216 114.94832161903 -1200.00697738298
2832 15.000000179949 114.948302882141 -1200.0239355573
2833 15.0000000318404 114.948284274517 -1200.00588445321
2834 15.0000000978741 114.948265890768 -1199.98199899059
2835 15.0000001784242 114.948247035845 -1199.93957258898
2836 15.0000001430807 114.948228610147 -1199.99391675069
2837 15.0000000382268 114.948209470785 -1199.9852751526
2838 14.9999999777125 114.94819123655 -1200.01582430836
2839 15.0000002560499 114.94817266549 -1200.0042438234
2840 15.0000000757446 114.948153774256 -1200.00398596038
2841 14.9999999740093 114.948135568194 -1199.98792994745
2842 15.0000002661252 114.948116811402 -1200.01021303659
2843 15.0000002909434 114.948098190585 -1199.98223451103
2844 14.9999998426431 114.94807997466 -1199.98053899849
2845 14.9999999988233 114.948060859923 -1199.97521545497
2846 14.9999997981266 114.948042560544 -1199.98670762122
2847 15.0000000291754 114.948023714147 -1200.01915341263
2848 14.9999999620011 114.948005266873 -1199.99989686029
2849 15.0000000843494 114.947986774152 -1199.99943828851
2850 14.9999997965642 114.947967766681 -1200.00328011353
2851 15.0000001595965 114.947949479095 -1200.02116520806
2852 15.000000085751 114.94793091958 -1200.03984492269
2853 15.0000000924367 114.947912313298 -1200.00720468129
2854 14.9999999950272 114.947893750661 -1200.03401398224
2855 14.9999997215117 114.947875293333 -1200.00085783885
2856 14.9999997337326 114.94785653753 -1199.99904349746
2857 15.0000000499182 114.947837802231 -1199.96603560205
2858 14.9999998430011 114.947819453371 -1199.95020618773
2859 15.0000001179673 114.947800857099 -1199.9700697792
2860 14.9999999725962 114.947782245437 -1200.0106471943
2861 15.0000000203235 114.947763754771 -1199.95622174328
2862 14.9999999145598 114.947744995355 -1199.98266811417
2863 15.0000000989215 114.947726460014 -1200.02175382813
2864 15.0000000961344 114.947707583995 -1200.04318942892
2865 15.0000003197769 114.947689077185 -1199.97557480941
2866 15.0000001335203 114.947670768694 -1200.00987444789
2867 15.0000000590997 114.947651949486 -1200.0198740892
2868 15.0000001539645 114.947633282716 -1199.98128591352
2869 15.0000001223277 114.947614884379 -1199.96738705124
2870 14.9999996754529 114.947596231555 -1199.97677198804
2871 14.9999997994152 114.947577459715 -1199.97810316483
2872 15.0000001295129 114.947558929368 -1200.03664833025
2873 14.9999999011685 114.94754032623 -1199.99871887209
2874 15.0000003469353 114.947521753974 -1200.01280426432
2875 14.9999997474847 114.947502888264 -1200.0171426897
2876 14.9999998859514 114.947484813088 -1200.01223330685
2877 15.0000000833754 114.947466057179 -1199.9864024227
2878 15.0000000314223 114.947447147015 -1199.98053411894
2879 15.0000002099118 114.947428664841 -1200.02670005346
2880 14.9999998936621 114.947409949757 -1199.99611920258
2881 14.9999999953816 114.947391408987 -1199.9834167848
2882 14.9999996209922 114.947372924765 -1200.00865592257
2883 14.999999809483 114.947354428525 -1200.01605870622
2884 14.9999999922306 114.947335642695 -1200.00453410027
2885 15.000000037365 114.947317171353 -1200.01032953226
2886 15.0000001109843 114.947298668598 -1199.96629592727
2887 14.9999999405767 114.947280200249 -1200.00679112862
2888 15.0000005151316 114.947261654895 -1199.98394873544
2889 14.9999999115581 114.947242921339 -1200.02855724671
2890 14.9999999895884 114.947224131248 -1199.98140900365
2891 14.9999999679027 114.947205418952 -1200.02921093421
2892 14.9999999588107 114.947187011513 -1200.03324117241
2893 14.9999999621731 114.947168604723 -1200.00604254391
2894 14.999999858678 114.94714987282 -1199.96681523846
2895 14.9999997090487 114.947130945945 -1200.01178533469
2896 15.0000001328859 114.947112174547 -1199.97164099314
2897 14.9999998727372 114.947093738545 -1200.04198740589
2898 14.9999997156159 114.947075358563 -1199.97979096329
2899 14.9999999358015 114.947056715096 -1199.997270331
2900 15.0000000857802 114.947038209 -1200.00691103401
2901 15.0000001017573 114.947019561129 -1200.02543377437
2902 14.9999999683888 114.947000867492 -1199.99535135468
2903 14.9999998508548 114.94698263256 -1200.03013739431
2904 14.9999998522632 114.94696382691 -1200.01750425861
2905 14.9999998503511 114.946945031641 -1199.9822332001
2906 14.9999996303755 114.946926619796 -1199.97779658187
2907 15.0000002836169 114.946908030734 -1199.97710283151
2908 14.9999999131409 114.946889535521 -1200.00618077767
2909 14.9999999785626 114.946870974483 -1199.98240221155
2910 14.9999997073455 114.946851912868 -1199.98600040488
2911 15.0000001843535 114.946833488754 -1199.99912078638
2912 15.0000001307666 114.946815111179 -1200.00020569674
2913 15.0000000198542 114.946795912698 -1199.9691270127
2914 14.9999999783864 114.946777512423 -1200.03414898764
2915 15.0000000747506 114.946758830313 -1200.03206916248
2916 15.000000524361 114.946740499042 -1199.9614990758
2917 15.0000001067336 114.946721822871 -1200.00029319245
2918 14.9999999452402 114.94670329656 -1200.00224142161
2919 15.0000002926278 114.946684808249 -1199.99657118763
2920 14.9999998203001 114.946666226617 -1199.96077245493
2921 15.0000001870163 114.946647363065 -1199.99872385262
2922 14.99999989728 114.946628933037 -1199.99637490598
2923 15.000000221806 114.946610244853 -1199.96758808366
2924 15.0000002455607 114.946591419097 -1200.01355625691
2925 15.0000001534942 114.946573224634 -1199.98423915634
2926 15.0000001072016 114.946554570535 -1200.02298705415
2927 14.999999624035 114.946536212636 -1199.99839388073
2928 15.0000000387832 114.946517435084 -1199.98593726408
2929 15.000000120624 114.946498899794 -1199.97123970819
2930 14.9999998647025 114.946480068469 -1200.03818215377
2931 14.9999997681931 114.946461385061 -1200.026450591
2932 15.0000001857622 114.946442878192 -1199.99820512728
2933 15.0000000943688 114.946424644609 -1200.01961187885
2934 15.000000274419 114.946405789576 -1200.01750369893
2935 15.0000000168971 114.946387015668 -1199.98216547667
2936 14.9999999653818 114.94636834096 -1200.00077365966
2937 14.9999999326677 114.946350417348 -1199.99284536825
2938 14.999999884247 114.946331377376 -1200.0028304335
2939 15.0000001377597 114.94631264531 -1199.98221482727
2940 14.9999999616936 114.946294131512 -1199.97938468667
2941 14.9999998764454 114.946275518143 -1200.00438949549
2942 15.0000000305807 114.946257141691 -1199.98570172477
2943 15.0000003098719 114.946238340528 -1200.00723841211
2944 15.000000145976 114.946219788862 -1199.98186097933
2945 14.9999999290841 114.946201171658 -1199.9960780434
2946 15.0000001248881 114.946182476178 -1199.98119125231
2947 14.9999997393079 114.946163927449 -1200.0224438552
2948 14.9999998976607 114.94614546788 -1199.98726975626
2949 14.9999998947051 114.946126584604 -1199.9684146883
2950 15.0000000517001 114.946108112605 -1200.01681166969
2951 15.0000000769312 114.946089587154 -1199.97569952227
2952 15.000000048382 114.946071027421 -1199.98511147221
2953 14.9999999395336 114.946052270268 -1200.01996324776
2954 14.9999999199267 114.94603391603 -1200.02935833392
2955 14.999999789688 114.946015375262 -1200.02167275313
2956 14.9999998252087 114.945996827003 -1199.9920836485
2957 14.9999997825998 114.945977788242 -1199.98007094187
2958 14.9999997436752 114.945959638695 -1199.99969181388
2959 14.9999998582289 114.945940772706 -1200.02084539657
2960 15.0000000981929 114.945922350169 -1200.01655553136
2961 15.0000002755892 114.94590377499 -1199.99669657952
2962 14.999999977051 114.945885146841 -1200.00806536095
2963 15.000000065984 114.945866527069 -1200.00655379661
2964 14.9999999217627 114.945848057956 -1199.99268727646
2965 14.9999999931851 114.945829260936 -1199.987057265
2966 15.0000000179657 114.945810721715 -1200.00054368165
2967 15.0000000318373 114.945792477315 -1199.98684340946
2968 15.0000002365044 114.945772930477 -1199.99712151569
2969 15.000000152996 114.945754781001 -1199.98066963856
2970 14.9999996594852 114.945736120676 -1200.00937847992
2971 15.0000002825683 114.94571742369 -1199.97590998393
2972 14.9999997379899 114.945699308211 -1199.9376262337
2973 14.999999952199 114.945680413266 -1200.01210773035
2974 15.0000000694013 114.945661833063 -1199.96199339311
2975 15.0000002101557 114.945643191769 -1199.97909973487
2976 15.0000001536702 114.945624724934 -1200.01078714198
2977 14.9999999019126 114.945606274733 -1200.03132539203
2978 14.9999997193213 114.945587583196 -1199.97862048598
2979 14.9999998135535 114.945569009032 -1200.01461251434
2980 14.9999997083576 114.945550406065 -1200.01240433959
2981 15.0000002611282 114.945531779485 -1199.97466680873
2982 15.0000001629515 114.945513076536 -1200.007263106
2983 14.9999999224717 114.945494392903 -1199.98076200383
2984 15.0000002814319 114.945475842926 -1200.01903110688
2985 14.9999998148684 114.945457170961 -1199.97775640562
2986 15.0000000030132 114.945438588455 -1200.00216067758
2987 15.0000003346948 114.945420155279 -1200.02459732466
2988 14.9999997679617 114.945401444617 -1199.98494589524
2989 15.000000199733 114.945382535516 -1199.9721222815
2990 15.000000248046 114.945364125091 -1200.00150715498
2991 15.0000001028438 114.945345699204 -1200.01369350041
2992 15.0000001076936 114.945327106441 -1199.96721075101
2993 15.0000002222493 114.945308900789 -1200.01861484249
2994 14.9999997124775 114.945289756306 -1200.03035124567
2995 14.9999998171409 114.945271155543 -1199.98694089239
2996 14.9999999919941 114.945252506951 -1199.95977531249
2997 15.0000003376681 114.945234176188 -1199.98498867309
2998 14.9999999651908 114.94521577009 -1200.00913733755
2999 15.0000002699766 114.945196605066 -1199.97853821313
3000 14.9999998461706 114.945178142119 -1200.01940088693
3001 15.0000003462506 114.945159206389 -1199.99472533882
3002 15.0000000159496 114.94514117478 -1199.96895316764
3003 15.0000000420334 114.945122495331 -1199.99311948999
3004 14.9999999197167 114.945103706119 -1200.01054005583
3005 15.0000001756779 114.945085409397 -1200.01382536743
3006 15.0000003463347 114.94506665129 -1199.9757888175
3007 15.0000000208583 114.945048181294 -1199.99685889082
3008 15.0000001614656 114.94502952449 -1199.98501718713
3009 15.0000000511663 114.945010890355 -1200.01109930056
3010 15.0000000890045 114.944992110087 -1199.99866579207
3011 14.999999947654 114.944973746347 -1199.98550518218
3012 15.0000004522407 114.94495479203 -1199.97703428502
3013 14.9999999697622 114.944936408922 -1200.0034196197
3014 14.9999998636573 114.944917998866 -1200.02486809515
3015 15.0000001601792 114.94489935632 -1199.96443314603
3016 14.9999998956926 114.944880452157 -1200.00183197255
3017 15.0000001317114 114.944862208005 -1200.05385707523
3018 14.9999998170987 114.944843750136 -1200.00490111758
3019 14.9999998466982 114.94482506388 -1200.06173097604
3020 15.0000001058216 114.944806541098 -1200.01277914264
3021 15.0000002550632 114.944787622169 -1199.95628146571
3022 15.0000001268057 114.944769093227 -1199.97049745889
3023 15.0000000200897 114.944750483532 -1199.98552055817
3024 15.0000001091115 114.944731924754 -1199.96611571997
3025 15.0000002164957 114.944713193805 -1199.99377624376
3026 15.0000000378137 114.944694758245 -1199.97223057945
3027 14.9999996082009 114.944676148019 -1200.00856596483
3028 15.000000236333 114.94465749553 -1200.02419040583
3029 15.0000004758932 114.944638861008 -1200.02204098369
3030 15.0000001933392 114.944620270039 -1200.01388832005
3031 14.9999998965263 114.944601469937 -1200.02968532175
3032 14.9999999888189 114.944583075246 -1199.97569268816
3033 14.9999995615012 114.944564200185 -1200.01469239034
3034 14.9999995861558 114.944545794711 -1199.9932193944
3035 15.0000000490758 114.944527025752 -1199.98854069826
3036 15.0000001125614 114.944508422481 -1200.03629788676
3037 14.9999998631931 114.944490078403 -1199.99950615143
3038 14.9999999709012 114.944471483948 -1200.04923504185
3039 14.9999998060266 114.944452934423 -1199.99223181334
3040 14.999999949366 114.944434161596 -1199.99697806409
3041 15.0000000556489 114.944415635358 -1199.97709009612
3042 14.9999999070763 114.944397279787 -1199.97096001813
3043 15.0000000201471 114.944378325359 -1199.97419325849
3044 15.000000171561 114.944359695734 -1199.99510976495
3045 14.9999999214969 114.944341218939 -1199.99111330045
3046 14.9999999913272 114.944322497203 -1199.98592128098
3047 15.0000000344629 114.94430431604 -1199.98969135162
3048 14.9999999520716 114.944285667924 -1200.00873824538
3049 15.0000001815704 114.944266758653 -1199.9985105019
3050 15.0000002313872 114.944248467772 -1200.03358177576
3051 15.0000000330444 114.944229701562 -1200.01887462142
3052 15.0000002632588 114.944210995358 -1199.99269670193
3053 14.9999997189168 114.94419226811 -1199.97679942906
3054 15.0000001576289 114.944173763 -1199.99370993096
3055 14.9999999227793 114.944155117371 -1200.0156913981
3056 14.999999890133 114.944136641724 -1200.01840080511
3057 15.0000000038266 114.944117805321 -1200.00096756405
3058 15.0000002316229 114.944099295605 -1200.01982039486
3059 15.0000002577759 114.944080821478 -1199.98968467516
3060 14.9999998130495 114.94406229192 -1200.01068333896
3061 15.0000000233497 114.944043642488 -1200.04060951724
3062 15.0000000131238 114.944025101229 -1200.03724828366
3063 15.0000001365438 114.944006453189 -1199.9785454785
3064 15.0000000963079 114.943987862717 -1200.00288332109
3065 14.9999999721733 114.943969279058 -1200.03339981638
3066 15.0000000043736 114.943950782451 -1199.974199596
3067 14.9999998379213 114.943931858015 -1200.03351188175
3068 14.999999963891 114.943913193245 -1200.00709204505
3069 14.999999880115 114.943895035583 -1199.99990931593
3070 15.0000000331842 114.943876554975 -1199.97456151932
3071 14.9999997651679 114.943857585902 -1199.97573436029
3072 14.9999999065903 114.943839322605 -1200.02280760802
3073 14.999999917873 114.943820540598 -1200.00961308411
3074 15.0000001629847 114.943801813379 -1200.03332277506
3075 14.9999997200011 114.943783482869 -1200.0002685464
3076 15.0000003471639 114.943764626762 -1199.99878514994
3077 15.0000000492821 114.943746481278 -1199.98597026331
3078 14.999999794445 114.943727978425 -1200.00775195729
3079 14.9999999093008 114.94370868375 -1200.0054556521
3080 14.9999996171684 114.943689973208 -1200.01677638974
3081 15.0000000801513 114.943671565818 -1200.00752327651
3082 15.0000001468443 114.943653106555 -1200.0038555727
3083 15.0000002298821 114.943634589311 -1200.00886196529
3084 14.9999999402092 114.943615698463 -1200.00993626738
3085 14.9999996776912 114.943597174136 -1199.97959096619
3086 14.9999997766816 114.943578623598 -1199.98970538429
3087 15.0000001115548 114.943559840982 -1199.97828888049
3088 15.000000027168 114.943541257339 -1200.03139359156
3089 14.9999999033866 114.943522748875 -1200.01785169951
3090 15.0000003133017 114.943504479228 -1200.01326121108
3091 14.9999997131128 114.943485727478 -1200.01732422917
3092 14.9999999846397 114.943467165517 -1199.97895263477
3093 15.000000467671 114.943448302065 -1199.99595598614
3094 14.9999997661916 114.943429961973 -1199.98297138364
3095 15.0000000007792 114.943411304332 -1200.02895425292
3096 15.0000000275243 114.943392579636 -1199.9699191068
3097 14.9999999679743 114.943373953813 -1200.00892690607
3098 14.9999999690145 114.943355476155 -1199.99797188495
3099 15.0000001367581 114.943336790433 -1199.99473885838
3100 14.9999999900035 114.94331786976 -1199.98455026642
3101 15.0000002152197 114.943299596478 -1200.03320052397
3102 15.0000000419263 114.943281032738 -1200.00433967999
3103 15.0000000685968 114.943262501129 -1200.0038783341
3104 15.0000003360413 114.943243703761 -1200.02136641475
3105 14.999999863358 114.943225265625 -1199.9600842574
3106 14.9999995597647 114.943206751973 -1199.96233292427
3107 14.9999999467358 114.943188150063 -1200.02758050233
3108 14.9999998620724 114.943169776829 -1199.99840307767
3109 14.9999998669728 114.943151066483 -1200.02136085151
3110 15.0000000297313 114.943132393719 -1199.98999693828
3111 15.0000000378302 114.943113501213 -1200.00987867626
3112 15.0000001663085 114.943095068177 -1199.98302176735
3113 15.0000003031904 114.943076406941 -1200.00535766567
3114 14.9999995608277 114.943058117939 -1199.99848428313
3115 14.9999997821427 114.943039182049 -1199.99477577358
3116 14.999999874796 114.943020272546 -1199.98373733058
3117 14.9999999448736 114.943002267875 -1199.98132002143
3118 14.9999999467709 114.942983990405 -1199.98885570196
3119 15.0000003658884 114.942965224728 -1200.00890685352
3120 14.9999998499073 114.942946045087 -1199.97563444748
3121 14.9999999834886 114.942927642342 -1200.02473885242
3122 15.0000000264281 114.942909232348 -1200.00590022806
3123 14.9999998521961 114.942890552028 -1200.00323148862
3124 15.0000001300488 114.942872069053 -1200.02040973881
3125 15.0000002031823 114.942852903081 -1200.0317381049
3126 15.0000002304675 114.942834726648 -1199.98402959196
3127 14.9999999781509 114.942816256814 -1200.0001522533
3128 15.0000000344784 114.942797306021 -1200.00004365051
3129 14.9999998568629 114.942778665558 -1199.96669076166
3130 15.0000001039594 114.942760434656 -1200.01443629288
3131 15.0000002991766 114.942741588641 -1200.00564887661
3132 15.0000001957057 114.942723226774 -1199.97404016413
3133 14.9999998542822 114.942704808059 -1200.02619752708
3134 15.0000001109252 114.942685758859 -1200.05825172689
3135 15.0000000848283 114.942667346303 -1199.96940046154
3136 14.9999997427623 114.942648838008 -1199.98753268308
3137 15.0000001237458 114.942629950256 -1200.00313426116
3138 14.9999997738167 114.942611524066 -1199.95994499977
3139 15.0000001331883 114.942592763611 -1199.97438429304
3140 14.9999999616714 114.942574684814 -1200.04374284522
3141 14.9999999710204 114.942555797422 -1200.00213718621
3142 15.0000000664461 114.942537262074 -1200.00236285949
3143 14.9999999538713 114.942518521453 -1200.00037431191
3144 14.9999999011439 114.942499977882 -1200.0037669047
3145 14.9999998115998 114.942481262497 -1199.99087798344
3146 14.9999997882947 114.942462626308 -1200.02916928513
3147 14.9999997804063 114.942443913202 -1199.98730314195
3148 14.9999997713084 114.942425337894 -1199.96519614519
3149 14.999999996648 114.942406984513 -1199.99686310187
3150 15.0000000369748 114.942388084906 -1199.99978382181
3151 14.9999999976298 114.942369363907 -1200.00389763464
3152 15.000000212838 114.942351130488 -1200.01131817896
3153 14.9999999845912 114.94233247213 -1200.00406015493
3154 14.9999996486548 114.942314265658 -1200.00835833523
3155 14.9999998716247 114.942295631472 -1200.00123506982
3156 15.0000000034087 114.942276753428 -1200.00872727365
3157 15.000000151615 114.942258203601 -1199.98412658438
3158 14.9999999027061 114.942239389041 -1200.00725466654
3159 14.999999996902 114.942220769505 -1199.98510235405
3160 15.000000315896 114.942202242729 -1200.00909571151
3161 14.9999998112357 114.942183801054 -1200.00410268447
3162 14.9999997917934 114.942165427895 -1199.99624167541
3163 14.9999999585738 114.942146432578 -1200.00326615252
3164 14.9999997657436 114.942128060154 -1200.01763318816
3165 14.9999999741688 114.942109254695 -1200.01110455017
3166 14.9999998982951 114.942090691251 -1199.98427830188
3167 14.9999999199108 114.942072015006 -1199.96959966705
3168 15.0000002123697 114.942053175375 -1200.03328298462
3169 15.0000000972217 114.942035015836 -1200.01365448534
3170 15.0000002225109 114.942016290622 -1199.99805494671
3171 14.9999999282414 114.941997616845 -1200.00131932304
3172 14.9999997437701 114.941978898568 -1200.0311778128
3173 14.99999998195 114.941960408573 -1200.0129288892
3174 14.999999576128 114.941942193564 -1199.99734626693
3175 15.0000001549908 114.941923386066 -1200.02030158554
3176 15.0000000034394 114.941904352891 -1199.98794796364
3177 15.0000000659625 114.941886338025 -1199.98912275466
3178 14.9999998880395 114.941867506229 -1199.99313752546
3179 14.9999999074374 114.941848904486 -1200.00353929166
3180 14.9999999019165 114.941830293277 -1200.01720323034
3181 15.0000001546285 114.941811645475 -1199.9996723681
3182 14.9999999423248 114.941793368185 -1199.97355360777
3183 15.0000000493364 114.941774880865 -1199.97498713539
3184 14.9999999614238 114.941755844047 -1200.01027885964
3185 15.0000001179863 114.941737143832 -1200.00484034951
3186 14.9999999898216 114.941719101357 -1200.01681582311
3187 14.9999995997389 114.941700496944 -1200.0368607128
3188 14.9999997186649 114.941681679454 -1200.0498275529
3189 14.9999996770035 114.941662680387 -1199.99970068828
3190 14.9999999339307 114.941644051588 -1200.00252131982
3191 14.9999997745545 114.941625742288 -1200.01644040129
3192 15.0000001615393 114.941607052073 -1200.00648255814
3193 14.9999999619291 114.941588757082 -1200.03040876345
3194 15.0000002398695 114.941569665248 -1199.97903036554
3195 14.9999997542394 114.941551407166 -1199.98051588811
3196 15.000000137151 114.941532529866 -1200.01291947515
3197 14.9999998882528 114.941513822028 -1199.99474974382
3198 14.9999996184569 114.941495661405 -1199.99226219251
3199 14.9999999710663 114.941476951328 -1199.97659730515
3200 14.9999997026295 114.941458435685 -1200.02273274265
3201 14.9999999828132 114.94143970324 -1199.99236888304
3202 14.9999998487423 114.941421056695 -1200.03129942741
3203 15.0000002882727 114.941402502994 -1199.95983868745
3204 14.9999997356094 114.941383611649 -1200.02096111885
3205 15.0000003862894 114.941365188332 -1199.99935359592
3206 15.0000002233573 114.941346926094 -1200.01392656683
3207 14.9999999199703 114.94132866562 -1199.96854268375
3208 14.9999997644031 114.941309599591 -1200.00599099706
3209 14.9999998270487 114.941291052594 -1200.02642657127
3210 14.9999998870586 114.941272399052 -1200.00161795742
3211 15.0000001001674 114.941253922075 -1199.99609459421
3212 15.0000001164302 114.941235094758 -1200.00403818333
3213 15.0000003850173 114.941216566643 -1199.98342466286
3214 15.0000000477023 114.941197878486 -1199.98819452234
3215 15.0000002703346 114.941179402689 -1200.03861083559
3216 14.9999997459984 114.94116092047 -1200.00470082354
3217 14.9999999219085 114.941141799257 -1199.97905320643
3218 14.9999998156756 114.941123256256 -1199.99933430421
3219 14.9999999594575 114.941104816207 -1199.98843250008
3220 14.9999999761665 114.941086484048 -1200.02052568343
3221 15.0000002898584 114.941067855816 -1199.99999957344
3222 15.0000000787325 114.94104927715 -1200.01704658001
3223 14.9999997757337 114.941030696509 -1199.98431094234
3224 15.0000001347617 114.941012043647 -1200.03900336153
3225 15.0000001238093 114.9409934567 -1199.96474192972
3226 14.999999877717 114.940974498298 -1200.01249487233
3227 15.0000001134806 114.94095600112 -1200.01760244821
3228 14.9999999659044 114.940937753737 -1199.97535150782
3229 15.000000055139 114.940918755711 -1200.00679348813
3230 14.9999996301479 114.940900127919 -1199.98052816229
3231 14.9999997814121 114.940881671092 -1200.0075036274
3232 14.9999996633711 114.940863172757 -1199.98798699524
3233 15.0000002018311 114.940844696897 -1199.9969247778
3234 14.9999997785608 114.940826291977 -1200.03792771938
3235 15.0000000639679 114.940807327162 -1199.96293284248
3236 14.9999999316423 114.940788776497 -1199.99407739483
3237 15.0000001483613 114.940770256046 -1199.98688125399
3238 14.9999996514598 114.940751498548 -1199.99967936959
3239 14.9999998240899 114.940733080045 -1199.99259832691
3240 15.0000001249392 114.940714658638 -1199.97082239689
3241 14.9999998345646 114.940695775808 -1200.00719538733
3242 14.9999999183209 114.940676959167 -1200.00190810645
3243 14.9999998426655 114.940658573721 -1199.98491568694
3244 15.0000001657818 114.940639619124 -1199.98088682035
3245 15.0000001142349 114.940621342287 -1200.00351425166
3246 15.0000000730894 114.940602512693 -1200.00886826594
3247 14.9999999133371 114.940584218162 -1199.98395833891
3248 15.0000002117191 114.94056541553 -1200.00418894616
3249 14.9999996887756 114.940546974697 -1200.02361473369
3250 15.0000000752661 114.940528423092 -1200.03741187935
3251 15.000000080417 114.940509430624 -1199.99040922009
3252 15.0000000370545 114.940491459512 -1199.98468073872
3253 15.0000003599632 114.940472589848 -1200.0112829359
3254 15.0000003264904 114.94045411921 -1200.00166660076
3255 14.9999999473767 114.940435318551 -1200.00753262625
3256 15.0000002470477 114.940416743673 -1200.03537769584
3257 15.0000000979734 114.940398679752 -1199.95891919731
3258 15.0000000605361 114.940379301166 -1200.0186376201
3259 14.9999997014912 114.940360838563 -1200.01356976636
3260 14.9999998282531 114.940342450625 -1200.00756840313
3261 14.9999999845725 114.940323914049 -1200.0340602611
3262 15.0000003431226 114.940305275482 -1199.98480120536
3263 14.99999983533 114.940286440877 -1199.98989106895
3264 14.9999997600343 114.940267465759 -1200.04887463531
3265 14.9999998997214 114.94024922196 -1200.0312323732
3266 14.9999998116571 114.940230692414 -1199.99399748229
3267 15.0000001558757 114.940212229471 -1200.00517745519
3268 15.0000000907112 114.940193593105 -1199.99039186069
3269 14.9999999168409 114.940174807379 -1200.00622847509
3270 14.9999998251548 114.940156027418 -1199.99561409997
3271 15.0000002097935 114.940137740644 -1200.00069805656
3272 14.9999999892093 114.94011909111 -1199.9915221475
3273 14.9999999816256 114.940100509094 -1200.00681287492
3274 15.0000001251338 114.940082045134 -1199.9788639733
3275 15.0000002917655 114.940063523851 -1199.9803495251
3276 15.0000001390049 114.940044787412 -1200.02386829456
3277 14.9999998397738 114.9400262898 -1200.02601665852
3278 14.9999999428951 114.940007704712 -1200.03790729143
3279 14.9999998706333 114.939989198753 -1199.99547516334
3280 14.9999995356373 114.939970450548 -1200.00745341589
3281 14.9999999089588 114.939951987713 -1200.0220054707
3282 15.0000001025373 114.939933298163 -1199.99052621683
3283 14.9999999862068 114.939914572602 -1200.01774582423
3284 14.9999998707759 114.939895971835 -1200.05226320197
3285 15.0000000576908 114.939877665999 -1199.99839763965
3286 14.9999998290766 114.939858921276 -1199.99373443604
3287 15.0000000265414 114.939839879027 -1200.01002527092
3288 15.0000001221634 114.939821778748 -1199.97196315601
3289 14.9999996491021 114.939802809767 -1199.98997432008
3290 15.0000000333184 114.939784528264 -1199.99926144945
3291 14.9999999187634 114.939766139098 -1200.02402074825
3292 14.9999998239936 114.939747336305 -1199.97273827956
3293 15.0000001754033 114.939728536032 -1199.95106660037
3294 15.0000004149071 114.939710010391 -1200.03198603079
3295 14.9999998741553 114.93969170597 -1200.03530219624
3296 15.0000000193328 114.939672730953 -1200.01474239703
3297 14.9999998127089 114.939654166188 -1199.99937163329
3298 15.0000000262139 114.939635706818 -1199.98737395303
3299 14.9999999270352 114.939617024336 -1199.99029511702
3300 15.0000000614418 114.939598366256 -1200.01515062824
3301 15.0000000586093 114.939579424534 -1200.02943558041
3302 15.00000015059 114.939561132124 -1199.98676631043
3303 15.0000002955661 114.939542797568 -1199.97836687406
3304 14.9999998955908 114.939523973003 -1200.0309555862
3305 14.9999998486705 114.939505810168 -1199.98569372447
3306 15.0000000026009 114.93948681325 -1199.99362046299
3307 15.00000017709 114.939468135012 -1199.99287962974
3308 14.9999999180169 114.939449586257 -1200.01643935177
3309 15.0000000495546 114.939431061225 -1199.96921985486
3310 15.0000001484945 114.939412640642 -1200.00926862687
3311 15.0000001748283 114.939393906068 -1199.99336660138
3312 15.0000002864933 114.939375057468 -1200.01257244842
3313 14.9999998457678 114.939356669456 -1199.99445612605
3314 14.9999997820446 114.939337890126 -1200.00222778433
3315 15.0000000602942 114.939319618344 -1200.00002470597
3316 14.9999998950332 114.939300795545 -1200.01827479182
3317 14.9999998819189 114.939282160434 -1199.96482612559
3318 15.0000001251476 114.939264164889 -1200.01426450611
3319 15.0000001987442 114.93924491226 -1200.00401241031
3320 14.9999997689021 114.939226642667 -1200.02003563009
3321 14.9999999870607 114.939207741414 -1199.98693859455
3322 14.9999998918202 114.939189265364 -1199.96002522817
3323 14.9999999033915 114.939170736315 -1200.02719975501
3324 15.0000000161068 114.939152111082 -1199.98716697368
3325 14.9999998299285 114.939133371435 -1200.00263021511
3326 15.0000001450151 114.93911497529 -1199.99933661177
3327 15.0000002208561 114.939096154537 -1200.03381685448
3328 15.0000000547396 114.939077852117 -1199.97994675038
3329 15.0000000115553 114.93905917998 -1200.03313043541
3330 15.000000142737 114.939040553291 -1199.99762899466
3331 14.9999999332137 114.939021820568 -1200.01071591626
3332 14.999999939107 114.939003559376 -1200.00270498498
3333 14.9999998084253 114.938984700882 -1199.98624530157
3334 14.9999997374753 114.938965858245 -1200.00407454636
3335 15.0000000844883 114.938947285673 -1199.99225840244
3336 14.999999852403 114.938929048442 -1199.99624907737
3337 14.999999854792 114.938910429217 -1199.99056237266
3338 15.0000001609183 114.938891451089 -1200.01593016119
3339 14.999999835553 114.938872674593 -1200.00561573301
3340 14.9999999152458 114.938854507743 -1199.9832670443
3341 15.0000002177427 114.938835825535 -1199.97770774838
3342 15.0000001684911 114.938817472485 -1199.99054192549
3343 14.9999996297737 114.938798618038 -1199.99994053928
3344 15.0000000923108 114.938779899876 -1199.97727190945
3345 15.0000000713591 114.938761268674 -1200.01009421259
3346 14.9999997641553 114.938742457053 -1199.99334156867
3347 15.0000002309149 114.9387240377 -1200.01586358324
3348 14.999999967479 114.938705384231 -1200.03368013736
3349 15.0000001615295 114.938686954972 -1199.99019110073
3350 15.0000002871394 114.938668387407 -1199.98916517683
3351 15.0000001461125 114.938649807325 -1199.98883458995
3352 14.9999996817924 114.938631369381 -1199.9911506994
3353 15.0000001606704 114.938612879261 -1199.99988335201
3354 15.0000001169292 114.938594051435 -1200.0015014588
3355 14.9999999562032 114.938575451319 -1200.01622638555
3356 15.0000002056981 114.938556862844 -1200.0187780337
3357 15.000000359547 114.938538474344 -1200.01217683383
3358 14.9999998407161 114.938520111822 -1200.02594855304
3359 14.9999999770328 114.938501057369 -1200.0164507426
3360 14.9999999255031 114.93848254323 -1200.03083195582
3361 15.0000003998938 114.938463978041 -1199.98036686551
3362 14.9999999688698 114.938445192615 -1199.9806113831
3363 14.9999998644113 114.938426685224 -1200.02886925623
3364 14.9999999936479 114.938408297303 -1200.00672038746
3365 15.0000000739868 114.938389336433 -1200.01220319065
3366 14.9999996814917 114.938370893253 -1199.98723529567
3367 14.999999899426 114.938352539417 -1199.98257187333
3368 14.9999999932668 114.938333565671 -1200.03626638711
3369 14.9999995721987 114.938315455438 -1200.00070622573
3370 15.0000002585587 114.938296733752 -1199.9816102924
3371 14.9999999483805 114.938278063446 -1200.00378595454
3372 15.0000002714415 114.93825934686 -1199.99450931036
3373 15.0000001130079 114.938240833793 -1199.99328687186
3374 14.9999997497655 114.938222077295 -1199.97306844349
3375 15.0000000632146 114.938203344949 -1199.99215094643
3376 15.000000042748 114.938184693686 -1200.00426243375
3377 14.9999999473546 114.938166439375 -1200.02712417937
3378 14.9999998352405 114.938147542975 -1200.02226504835
3379 14.9999999708249 114.938129037544 -1199.96739674528
3380 15.0000001661188 114.938110041032 -1199.95913406622
3381 15.0000000144202 114.938091882083 -1200.00357588152
3382 15.0000000973601 114.938073263064 -1200.01333690025
3383 15.0000000882426 114.938054429783 -1199.97313164547
3384 15.0000000305315 114.93803600007 -1199.9889634587
3385 14.9999999311048 114.938017642086 -1200.01384262951
3386 14.9999999074137 114.937998922138 -1199.97818151024
3387 15.0000000455159 114.937980142091 -1199.9953319052
3388 15.0000001867007 114.937961705543 -1199.99117188916
3389 15.0000000995174 114.937943009118 -1200.00747115505
3390 15.0000001294769 114.937924430523 -1200.01083039554
3391 14.9999998848127 114.937905933008 -1199.99657907532
3392 14.9999999375382 114.937887166009 -1199.95484108896
3393 15.0000001095346 114.937868655766 -1200.01410390211
3394 14.9999998575948 114.937849911748 -1200.01035485108
3395 14.9999997356056 114.937831651462 -1199.99415855338
3396 15.0000000731797 114.937812877055 -1199.99225073885
3397 14.9999998709173 114.937794191526 -1200.02459884863
3398 15.0000001104322 114.93777577815 -1200.01582107482
3399 14.9999997953776 114.937756519757 -1200.00248741486
3400 14.9999997447338 114.937738216688 -1200.02198746389
3401 14.9999997007013 114.937719793893 -1199.98790460927
3402 15.0000001740216 114.937701286952 -1200.02010083751
3403 15.0000002466077 114.937682936129 -1200.01893729114
3404 14.9999998315386 114.937664078883 -1200.00294708045
3405 15.0000001174995 114.937645497441 -1200.02658524919
3406 14.9999999946508 114.937626576425 -1199.98474928234
3407 15.0000000576695 114.937608219177 -1200.027243624
3408 15.0000000032629 114.937589771908 -1200.02797798993
3409 15.0000001034267 114.937571199235 -1200.02146711384
3410 14.9999998775662 114.93755229379 -1199.98217792969
3411 14.9999998506232 114.937533974647 -1199.99237902887
3412 14.999999991932 114.937515338916 -1200.01161062007
3413 15.0000001538474 114.937496742483 -1199.98021482468
3414 14.9999998061216 114.937478350559 -1200.04524196235
3415 14.9999997058198 114.93745931057 -1199.9908561315
3416 14.999999736513 114.937441008683 -1199.98624387624
3417 15.0000000275842 114.93742229532 -1200.00374326808
3418 15.0000000894999 114.937403778763 -1199.99978029267
3419 15.0000003969922 114.937384974269 -1199.98287293513
3420 15.0000001525305 114.937366632313 -1200.00525423082
3421 14.9999997894607 114.937347866243 -1199.99402876556
3422 15.0000000013556 114.937329583223 -1199.95852853705
3423 14.9999999519098 114.937311092107 -1200.03870343862
3424 14.9999997655168 114.937292127767 -1200.00321300536
3425 15.0000002741319 114.937273410741 -1199.99510641687
3426 15.0000002420912 114.937254826873 -1200.02529488592
3427 15.0000001518555 114.937236204779 -1199.9688772768
3428 15.000000317526 114.937217288566 -1200.04030244429
3429 14.9999999173163 114.937198911053 -1200.02468269847
3430 14.9999998814149 114.93718059976 -1200.01427522165
3431 14.9999999559981 114.937161925683 -1199.98934586627
3432 15.0000000324045 114.937143259977 -1200.00141592959
3433 15.0000001537515 114.937124635761 -1200.02788411892
3434 14.9999999285144 114.937105988454 -1199.98104930543
3435 15.0000002788096 114.937087321171 -1199.99858202533
3436 14.9999998729796 114.937068949845 -1199.99293069149
3437 15.0000000386973 114.937050272197 -1200.00462788905
3438 14.999999870251 114.937031567402 -1200.00826936018
3439 15.0000000291794 114.937013073905 -1200.02213311737
3440 15.0000003084859 114.936994619957 -1199.99084496192
3441 14.999999904586 114.93697603936 -1199.97886319233
3442 14.9999998749184 114.936957049174 -1200.00330291032
3443 15.0000000005122 114.93693859904 -1199.99627984166
3444 15.0000001637522 114.936920045695 -1200.00208800655
3445 15.0000000291755 114.936901423502 -1200.02180531001
3446 14.9999999765623 114.936882919088 -1199.94929663578
3447 15.0000001021709 114.936864416872 -1200.0173727404
3448 14.999999618601 114.936845679921 -1200.01860609549
3449 14.9999998895753 114.936827379076 -1200.01762822734
3450 15.0000000762737 114.936808501737 -1199.98727940158
3451 15.0000001871062 114.936789963672 -1199.94457933181
3452 14.9999998289504 114.936771471245 -1199.97989716148
3453 15.0000001133742 114.936752755275 -1200.01064480093
3454 15.0000000535067 114.936734017859 -1200.02441933338
3455 15.0000000387922 114.936715328599 -1200.01209188928
3456 14.9999999869172 114.936697000118 -1200.00116058463
3457 14.9999999774257 114.936678082829 -1199.99099825591
3458 15.0000000086297 114.936659556226 -1199.99168316649
3459 15.0000000105012 114.936640928189 -1200.02211563104
3460 14.9999998566181 114.936622682367 -1200.01063773342
3461 14.9999998973508 114.936603879673 -1199.98356149259
3462 14.9999999634439 114.936585329578 -1199.98841002795
3463 14.9999998021262 114.936566966919 -1199.99731664158
3464 14.9999999236258 114.93654805018 -1200.02645733582
3465 15.0000000101444 114.936529417874 -1199.99815908711
3466 15.0000002472418 114.936510712333 -1200.001667555
3467 14.9999996901897 114.936492228643 -1200.00754943897
3468 15.0000003277048 114.936473697824 -1199.99658933377
3469 15.0000002349794 114.936455222265 -1199.97884999374
3470 15.0000000578419 114.936436528391 -1200.02008601563
3471 14.9999999691427 114.936417640808 -1200.00889660011
3472 15.0000002029508 114.936399369523 -1199.99136623652
3473 14.999999845212 114.936380656553 -1200.00678633398
3474 14.9999997141164 114.936361958703 -1200.00838591383
3475 15.0000000335507 114.936343218845 -1199.9901222986
3476 15.00000019126 114.936325005086 -1199.99446483792
3477 15.0000003771348 114.936306264464 -1200.00639612805
3478 14.9999998085249 114.93628756622 -1200.00521579012
3479 15.0000000958474 114.936269159763 -1200.01066452498
3480 15.0000000953463 114.936250544706 -1200.02797403885
3481 14.999999814369 114.936232077181 -1199.96348462593
3482 14.9999998817945 114.936213430863 -1199.99644534371
3483 15.0000002179303 114.936194656305 -1199.97832422286
3484 14.9999998880113 114.936176337848 -1200.02573468385
3485 15.000000009398 114.93615760251 -1200.00119334126
3486 15.0000001802836 114.936138803771 -1199.98094667378
3487 15.0000000732159 114.936120474347 -1199.98883465996
3488 14.9999999889066 114.936101632165 -1199.95764243453
3489 15.0000000382868 114.936083262191 -1200.00655795355
3490 14.9999995906398 114.936064502847 -1200.0057280878
3491 14.9999997703643 114.936046222396 -1200.03947370716
3492 15.0000004043917 114.936027274774 -1199.98951984918
3493 14.9999999257556 114.936008305563 -1200.00258036068
3494 15.0000001146131 114.935990290059 -1200.02949081682
3495 15.0000002370554 114.93597085927 -1200.00327729123
3496 14.9999999858667 114.935953026595 -1200.01566519288
3497 15.000000004536 114.935934330245 -1199.98558625661
3498 14.9999996672365 114.935915749978 -1200.00934160195
3499 14.9999998473438 114.935897166218 -1199.97221052209
3500 15.0000002583819 114.93587867307 -1200.00872515985
3501 14.9999999448143 114.935859963904 -1199.95737091006
3502 15.000000048488 114.935841293768 -1199.98690126059
3503 14.999999743032 114.935822464089 -1199.97522000503
3504 14.9999995830724 114.935803953753 -1199.99316312664
3505 14.9999997248598 114.935785424466 -1199.99774132438
3506 15.0000001856818 114.935766891655 -1200.02194781219
3507 14.9999999175187 114.935748575206 -1199.99415332091
3508 15.0000001475019 114.935729768027 -1199.98453710453
3509 15.0000001775944 114.935711093423 -1200.00848635687
3510 14.9999999295659 114.935692624291 -1200.01047648247
3511 14.9999997860678 114.935673971703 -1199.99415499064
3512 15.0000001701496 114.93565545684 -1200.0186210469
3513 15.0000002436205 114.9356367106 -1200.02124115455
3514 14.9999998808996 114.935618509532 -1199.97288588292
3515 15.000000251464 114.935599853216 -1199.9875166011
3516 14.9999995700407 114.935580686994 -1199.980820295
3517 14.9999997854007 114.935562470241 -1200.02348820045
3518 14.9999999553256 114.935543703354 -1200.00834116309
3519 14.9999999322111 114.935525021215 -1200.00624337023
3520 14.9999998919886 114.935506439957 -1199.9862022294
3521 14.9999998341673 114.935487730175 -1200.03191894929
3522 15.000000149515 114.935469499548 -1199.9648524485
3523 15.0000000207444 114.935450654327 -1200.00027122695
3524 14.9999999161441 114.935431919095 -1200.01678268191
3525 14.9999998810734 114.93541344902 -1199.98848244231
3526 15.0000000873294 114.935394764241 -1200.00245520927
3527 14.9999999685735 114.935376192157 -1200.02979894775
3528 14.9999998708764 114.935357724797 -1199.98565887816
3529 15.0000001230443 114.935339243924 -1200.00551336372
3530 14.9999997559588 114.935320415716 -1200.02194553399
3531 15.0000003476198 114.935301769029 -1199.98149181285
3532 14.9999998039241 114.935283393156 -1200.01219791554
3533 14.9999999757739 114.935264503972 -1199.98341606861
3534 15.0000000932558 114.935246186842 -1200.01041538346
3535 14.9999997236775 114.935227565362 -1200.00698821229
3536 15.0000000574255 114.935208558135 -1199.99752874128
3537 14.9999998734034 114.93519014904 -1199.98941984348
3538 15.0000001542093 114.935171956603 -1200.00658884767
3539 15.0000001224284 114.935153302391 -1199.96038503793
3540 15.0000000734133 114.935134325407 -1199.99402501756
3541 15.0000000122458 114.935116014619 -1199.99621805285
3542 14.9999996121228 114.93509735437 -1200.01655622926
3543 15.0000000608468 114.935078668234 -1199.99242347588
3544 15.0000001023179 114.935060343223 -1199.99304346843
3545 14.9999999470358 114.935041410363 -1199.99786321315
3546 14.999999903983 114.935022973115 -1200.01961500596
3547 15.0000000047874 114.93500424405 -1199.98424530762
3548 14.999999906669 114.934985696194 -1199.97419571509
3549 15.0000001168701 114.934967348798 -1199.93954250344
3550 14.9999997527792 114.934948307276 -1200.02262858517
3551 15.0000001834476 114.934930033259 -1200.02608629113
3552 15.0000001881329 114.934911303078 -1200.00604730657
3553 14.9999998433127 114.934892912896 -1200.02612809854
3554 14.999999984985 114.934874349855 -1199.97612360727
3555 15.0000001752342 114.934855764447 -1200.02557346885
3556 14.9999994750472 114.934837207753 -1200.00563335506
3557 14.9999998081027 114.934818460763 -1199.98958441177
3558 15.0000000214373 114.934799906858 -1200.01263512488
3559 15.0000001961844 114.934781270008 -1199.96806837093
3560 15.0000000515317 114.934762545431 -1199.99429775585
3561 14.9999998367423 114.934744145054 -1200.0250331092
3562 15.0000000236265 114.934725169119 -1199.99429570337
3563 15.0000004784876 114.934706859364 -1199.97797541192
3564 15.000000415225 114.934688055046 -1199.99404847438
3565 15.0000000574572 114.934669541053 -1200.0017737952
3566 14.9999999392671 114.93465105532 -1199.97215636171
3567 14.9999995516908 114.934631897917 -1199.9995138319
3568 14.9999997417272 114.934613748177 -1199.97740288503
3569 14.9999998679722 114.9345954074 -1200.04322487795
3570 14.9999997797469 114.934576518354 -1199.98263148697
3571 15.0000001219009 114.934557971234 -1199.98575905068
3572 14.9999997587464 114.934539418859 -1200.01234517827
3573 15.0000000962804 114.93452076831 -1199.99802173708
3574 15.0000003804825 114.934501988111 -1200.03578715135
3575 15.0000000088732 114.934483649339 -1200.00480131694
3576 15.0000002088039 114.934464879273 -1199.98676387597
3577 15.000000159531 114.934446347904 -1200.00436431603
3578 15.0000000097146 114.93442795647 -1200.00723708822
3579 15.0000001007083 114.934409049984 -1199.98124382502
3580 15.0000002029872 114.934390500833 -1199.97084618139
3581 15.0000000602773 114.934371896956 -1199.99615557806
3582 15.0000001714128 114.934353508831 -1200.00718280814
3583 14.9999998880485 114.934334861618 -1200.01062431462
3584 14.9999997576132 114.934316283039 -1199.96655888203
3585 15.000000137807 114.934297811615 -1199.99070917198
3586 14.9999996893246 114.934278908277 -1200.0020550286
3587 14.9999999944376 114.934260629626 -1200.01481836938
3588 14.9999997662992 114.934241887321 -1200.01005668074
3589 15.0000001903218 114.934222974142 -1200.00355598086
3590 15.0000003917608 114.934204607992 -1199.99224364177
3591 14.9999997212101 114.934185932688 -1199.99282221373
3592 15.0000000650593 114.934167655022 -1200.00806500089
3593 15.0000001358784 114.934148693811 -1199.99169340611
3594 15.0000000490476 114.934130282627 -1200.01022986661
3595 14.9999999000782 114.934111854346 -1199.97678029491
3596 15.000000166613 114.9340930862 -1200.01797640299
3597 15.0000002170432 114.934074313496 -1199.97680643407
3598 15.0000000563265 114.9340556481 -1200.0141580622
3599 14.9999998594013 114.934037250671 -1199.9711207108
3600 15.0000001174266 114.934018562193 -1200.00756884758
3601 15.0000002283672 114.933999962237 -1200.02336650501
3602 14.9999998460384 114.933981451674 -1199.9790965159
3603 14.999999804896 114.933962869327 -1200.04972367281
3604 14.9999998660138 114.933944320198 -1200.00559160918
3605 14.9999998737295 114.933925442472 -1199.99145145881
3606 14.9999999491879 114.933906866195 -1200.02946986176
3607 15.0000001588815 114.933888509282 -1199.95301725867
3608 15.0000002052181 114.933869775746 -1200.01175235623
3609 15.0000000719447 114.933851140751 -1200.00011827378
3610 15.0000000502337 114.933832764187 -1200.00341676804
3611 14.9999999549795 114.93381420258 -1199.95795759399
3612 15.0000002315719 114.933795164338 -1199.97146326812
3613 15.0000001441055 114.933776931073 -1199.98742001175
3614 15.000000077402 114.933758366089 -1200.0629537167
3615 14.9999998197085 114.93373951864 -1200.02275213177
3616 14.9999997447563 114.933720868977 -1199.96879627086
3617 14.9999998800475 114.93370229199 -1199.98990013778
3618 14.9999998148309 114.933683835055 -1200.01608866983
3619 14.9999998023443 114.933665582504 -1200.0430120364
3620 14.9999999275093 114.933646375996 -1200.00361913593
3621 15.0000002554242 114.933627938694 -1199.97997495475
3622 14.9999998830638 114.933609401768 -1199.98986856536
3623 15.0000002135539 114.933590709125 -1199.98938044634
3624 15.0000001723944 114.933572261821 -1200.00909147812
3625 14.9999999967634 114.933553703349 -1199.99040403032
3626 15.0000001251054 114.933534938274 -1199.99638185445
3627 14.9999998106166 114.933516152628 -1200.02174365082
3628 15.0000001514494 114.933497636101 -1200.04530334024
3629 14.9999998340275 114.933479106789 -1200.02313397448
3630 14.9999997114297 114.933460760839 -1200.0357330862
3631 14.999999907333 114.933441908366 -1199.99091373953
3632 15.0000001525914 114.93342371203 -1200.02163042955
3633 14.9999999978192 114.933404783166 -1199.99127574864
3634 14.9999999775522 114.93338636694 -1199.99490303032
3635 14.9999998000516 114.933367506497 -1199.97225960549
3636 14.9999999690127 114.933348917053 -1199.97667888309
3637 15.0000000043146 114.933330222029 -1199.99868507008
3638 15.0000000390708 114.933311968633 -1199.99621513382
3639 15.0000002159911 114.933293217531 -1199.99897719713
3640 15.0000001799794 114.933274605909 -1200.01109798045
3641 15.0000000459987 114.93325615751 -1199.98896833753
3642 14.9999997233299 114.933237289824 -1200.00780201706
3643 15.0000002374072 114.933218545102 -1200.00243617923
3644 15.0000001046577 114.933200260458 -1200.01238690878
3645 14.99999955085 114.933181715091 -1199.98962679417
3646 15.0000003029021 114.933163284045 -1200.00349835123
3647 14.9999999091849 114.933144715069 -1199.99942419265
3648 14.9999997682201 114.933125632248 -1200.01632333255
3649 15.0000000388873 114.933107144508 -1199.99399866872
3650 15.0000002846384 114.933088582688 -1199.97948919845
3651 15.000000177278 114.933070248199 -1199.9801680078
3652 15.0000001011002 114.933051601361 -1200.00154776356
3653 15.0000002302634 114.933032726038 -1200.00108313625
3654 14.9999999039379 114.933014028648 -1199.95331175305
3655 14.9999997733938 114.932995730731 -1199.95342780525
3656 14.9999997806886 114.932978798394 -1199.97230510934
3657 14.9999997702566 114.932965683339 -1200.04272176454
3658 15.0000000729412 114.932956319513 -1199.98979535434
3659 14.9999999712854 114.932951245751 -1200.02409309905
3660 15.0000001940474 114.9329488705 -1200.00865467864
