1 -3.53464702736253 -2.68641015914293 0.261799409246826 2.00712862950417 -1200
2 -13.6473120818466 5.61141528001366 0.261799473589856 2.00712859863624 -1200
3 1.56334664031628 -0.939909090681618 0.261799580828238 2.0071285471897 -1200
4 4.72327323901572 1.56492142509848 0.261799730961974 2.00712847516454 -1200
5 -7.63730974622305 2.33322032594373 0.261799923991063 2.00712838256075 -1200
6 5.54320599975801 4.2209699665595 0.261800138467828 2.00712827966765 -1200
7 5.7689183270758 10.6903820935131 0.261800352944593 2.00712817677455 -1200
8 4.21027312329378 6.61030643197197 0.261800567421358 2.00712807388144 -1200
9 0.258240742780426 6.83176981328235 0.261800781898123 2.00712797098832 -1200
10 8.38945889290983 8.87273271123774 0.261800996374887 2.0071278680952 -1200
11 11.6024292637742 19.8447938449658 0.261801210851651 2.00712776520207 -1200
12 14.5432852397199 4.97118771917612 0.261801425328415 2.00712766230894 -1200
13 25.6197569036073 20.4700746792293 0.261801639805178 2.0071275594158 -1200
14 6.91172141526358 17.5597385384216 0.261801854281942 2.00712745652265 -1200
15 18.4016443669318 17.4941685373044 0.261802068758705 2.0071273536295 -1200
16 21.7420169895007 17.3130255757051 0.261802283235468 2.00712725073634 -1200
17 17.3662837644947 26.198498596592 0.26180249771223 2.00712714784318 -1200
18 21.7287824579869 26.746324773904 0.261802712188993 2.00712704495001 -1200
19 20.2740065765585 21.9127258696739 0.261802926665755 2.00712694205684 -1200
20 19.7388199198271 33.6397641627095 0.261803141142517 2.00712683916366 -1200
21 26.5944307961698 24.6640012899118 0.261803355619279 2.00712673627047 -1200
22 38.3594266464076 24.9755009031628 0.26180357009604 2.00712663337728 -1200
23 25.3765537817733 45.7458694249633 0.261803784572801 2.00712653048408 -1200
24 27.8684373173123 32.9756759660818 0.261803999049562 2.00712642759087 -1200
25 35.3793597003946 31.045903229917 0.261804213526323 2.00712632469766 -1200
26 34.4578949421649 28.789979910027 0.261804428003084 2.00712622180445 -1200
27 47.1630524695889 33.5960898786119 0.261804642479844 2.00712611891122 -1200
28 34.5008591723035 42.3533692990442 0.261804856956604 2.007126016018 -1200
29 35.5185593241407 44.5408744403587 0.261805071433364 2.00712591312476 -1200
30 39.1233443016334 34.00313239457 0.261805285910124 2.00712581023152 -1200
31 38.3494178669083 48.5891772170519 0.261805500386883 2.00712570733828 -1200
32 41.9790983299479 41.5429497760516 0.261805714863642 2.00712560444503 -1200
33 42.2793996434708 38.9568704366939 0.261805929340401 2.00712550155177 -1200
34 45.9965232624845 47.5308314203641 0.26180614381716 2.00712539865851 -1200
35 51.3685947044664 54.8198306153048 0.261806358293919 2.00712529576524 -1200
36 55.7771862260624 48.0351781213031 0.261806572770677 2.00712519287196 -1200
37 53.3996962659451 54.8201506634039 0.261806787247435 2.00712508997868 -1200
38 51.5038471504121 43.7455362958033 0.261807001724193 2.00712498708539 -1200
39 57.9271655604342 50.8687967441115 0.26180721620095 2.0071248841921 -1200
40 62.169506422244 52.668977427364 0.261807430677708 2.0071247812988 -1200
41 55.6682056163187 52.5065621962257 0.261807645154465 2.0071246784055 -1200
42 51.670010919908 63.8106193446227 0.261807859631222 2.00712457551219 -1200
43 55.1182276698195 55.8488507770864 0.261808074107978 2.00712447261887 -1200
44 64.8284472259367 58.1174666894762 0.261808288584735 2.00712436972555 -1200
45 58.8858756035903 70.1711524476824 0.261808503061491 2.00712426683222 -1200
46 71.4988982465135 60.6199652022699 0.261808717538247 2.00712416393889 -1200
47 70.587417777299 63.1904875655806 0.261808932015003 2.00712406104555 -1200
48 81.1984370980959 78.6002612037501 0.261809146491758 2.00712395815221 -1200
49 70.6822671894473 67.7597976097958 0.261809360968513 2.00712385525885 -1200
50 77.2879536871536 71.3786005310663 0.261809575445268 2.0071237523655 -1200
51 64.6224193306239 82.5838218753714 0.261809789922023 2.00712364947213 -1200
52 73.0164300300509 74.7059273719301 0.261810004398778 2.00712354657876 -1200
53 79.3754008620049 74.9769423729336 0.261810218875532 2.00712344368539 -1200
54 71.0885574106893 68.3727770548201 0.261810433352286 2.00712334079201 -1200
55 86.4397583012205 69.9622258075488 0.26181064782904 2.00712323789862 -1200
56 72.5616804870557 73.1854293362737 0.261810862305794 2.00712313500523 -1200
57 84.3309343461709 71.3432682844263 0.261811076782547 2.00712303211183 -1200
58 81.3633176398553 82.7155646943408 0.2618112912593 2.00712292921843 -1200
59 71.6575368521551 84.5410574114136 0.261811505736053 2.00712282632502 -1200
60 84.1750481971829 76.3533377079741 0.261811720212806 2.0071227234316 -1200
61 77.2570246719059 80.3704483773358 0.261811934689558 2.00712262053818 -1200
62 80.480500546851 77.2075175663628 0.261812149166311 2.00712251764475 -1200
63 78.3653140356613 87.9265043121975 0.261812363643063 2.00712241475132 -1200
64 85.6542283950204 81.4270735314522 0.261812578119815 2.00712231185788 -1200
65 91.350504542671 91.7966155763117 0.261812792596566 2.00712220896443 -1200
66 89.7681601474769 88.708374900623 0.261813007073318 2.00712210607098 -1200
67 90.0693248719701 84.3747766580262 0.261813221550069 2.00712200317753 -1200
68 86.7554296553104 87.9389794746034 0.261813436026819 2.00712190028406 -1200
69 89.5859016576284 97.2156372663831 0.26181365050357 2.00712179739059 -1200
70 87.4962400132313 95.8331450233053 0.26181386498032 2.00712169449712 -1200
71 93.5197168079761 92.8044037422678 0.261814079457071 2.00712159160364 -1200
72 98.8060437657955 97.4827914062094 0.261814293933821 2.00712148871015 -1200
73 95.0653769399086 104.887375969087 0.26181450841057 2.00712138581666 -1200
74 96.1740829564239 105.919057030807 0.26181472288732 2.00712128292316 -1200
75 105.490732772736 101.214153292909 0.261814937364069 2.00712118002966 -1200
76 100.32190337546 103.328931323211 0.261815151840818 2.00712107713615 -1200
77 103.087734750878 102.225834929105 0.261815366317567 2.00712097424263 -1200
78 107.638132165996 104.241405425675 0.261815580794315 2.00712087134911 -1200
79 107.019681266748 107.848782016594 0.261815795271064 2.00712076845558 -1200
80 100.225666917584 101.609149817091 0.261816009747812 2.00712066556205 -1200
81 112.866196183618 92.9811042712452 0.26181622422456 2.00712056266851 -1200
82 114.821613682319 115.105925490821 0.261816438701307 2.00712045977496 -1200
83 107.130186519772 107.268750690545 0.261816653178055 2.00712035688141 -1200
84 112.600198874538 114.394600787909 0.261816867654802 2.00712025398786 -1200
85 105.352545941051 109.149414854033 0.261817082131549 2.00712015109429 -1200
86 116.400495467004 108.063859237555 0.261817296608296 2.00712004820073 -1200
87 121.515019823357 120.570392189397 0.261817511085042 2.00711994530715 -1200
88 114.445302322273 117.925342584063 0.261817725561788 2.00711984241357 -1200
89 126.046812821438 119.511355046244 0.261817940038534 2.00711973951998 -1200
90 124.702431540319 114.781301900899 0.26181815451528 2.00711963662639 -1200
91 127.987705924991 130.687562814152 0.261818368992026 2.00711953373279 -1200
92 113.677462228948 123.454021797165 0.261818583468771 2.00711943083919 -1200
93 121.432194056911 128.656098599866 0.261818797945516 2.00711932794558 -1200
94 120.043354949217 118.292840760838 0.261819012422261 2.00711922505196 -1200
95 126.125304707243 129.654978169863 0.261819226899006 2.00711912215834 -1200
96 125.052759659771 120.051683756944 0.26181944137575 2.00711901926472 -1200
97 124.031036472522 131.426483547312 0.261819655852494 2.00711891637108 -1200
98 132.84981124439 132.542669137409 0.261819870329238 2.00711881347744 -1200
99 134.293341809572 132.415617720229 0.261820084805982 2.0071187105838 -1200
100 134.529011393708 129.756018568067 0.261820299282725 2.00711860769015 -1200
101 139.836791843053 138.326297916939 0.261820513759469 2.00711850479649 -1200
102 137.244836433898 143.448732314166 0.261820728236212 2.00711840190283 -1200
103 136.340977204229 139.901738496812 0.261820942712954 2.00711829900916 -1200
104 145.859845338144 149.475697584692 0.261821157189697 2.00711819611548 -1200
105 142.33187163296 144.404246164034 0.261821371666439 2.0071180932218 -1200
106 156.187198189174 154.644745472931 0.261821586143181 2.00711799032812 -1200
107 148.445893815061 153.910414349774 0.261821800619923 2.00711788743442 -1200
108 148.457621378807 153.226519888167 0.261822015096665 2.00711778454073 -1200
109 155.579422466932 151.127748180478 0.261822229573406 2.00711768164702 -1200
110 144.994413197664 158.10149630456 0.261822444050147 2.00711757875331 -1200
111 152.039949323471 148.590657478849 0.261822658526888 2.0071174758596 -1200
112 157.033080509371 158.39161295919 0.261822873003629 2.00711737296588 -1200
113 157.724363607986 150.208675952148 0.261823087480369 2.00711727007215 -1200
114 165.513174137898 158.010355471548 0.26182330195711 2.00711716717842 -1200
115 163.605944110687 165.730948798612 0.26182351643385 2.00711706428468 -1200
116 158.908390087223 165.423275806471 0.26182373091059 2.00711696139093 -1200
117 167.287327399365 174.760734905317 0.261823945387329 2.00711685849718 -1200
118 158.996344870058 167.059528233585 0.261824159864068 2.00711675560342 -1200
119 166.037715186779 173.701951485893 0.261824374340807 2.00711665270966 -1200
120 162.555586620363 172.176817393325 0.261824588817546 2.00711654981589 -1200
121 173.535995939579 171.5516224083 0.261824803294285 2.00711644692212 -1200
122 173.668214120764 178.607208537684 0.261825017771023 2.00711634402834 -1200
123 175.899060099132 178.228235067035 0.261825232247761 2.00711624113455 -1200
124 174.013103304455 168.368632382374 0.261825446724499 2.00711613824076 -1200
125 169.604275948696 169.732003115486 0.261825661201237 2.00711603534696 -1200
126 177.805436249885 191.44117520178 0.261825875677975 2.00711593245316 -1200
127 178.602528259761 189.360978761894 0.261826090154712 2.00711582955935 -1200
128 181.095883791361 179.117068137565 0.261826304631449 2.00711572666553 -1200
129 185.091327056784 195.692282332613 0.261826519108186 2.00711562377171 -1200
130 180.704849744171 187.435450225606 0.261826733584922 2.00711552087788 -1200
131 188.261300977695 184.372887654326 0.261826948061658 2.00711541798405 -1200
132 188.566816088397 188.552501156243 0.261827162538395 2.00711531509021 -1200
133 203.251787735615 204.850392853353 0.26182737701513 2.00711521219637 -1200
134 197.231071859751 192.055436143117 0.261827591491866 2.00711510930252 -1200
135 197.720787547802 194.336210487019 0.261827805968601 2.00711500640866 -1200
136 201.52250092147 202.35801128086 0.261828020445337 2.0071149035148 -1200
137 207.206545397997 204.447220324841 0.261828234922071 2.00711480062093 -1200
138 208.329667690534 205.342372168571 0.261828449398806 2.00711469772705 -1200
139 197.95967060443 202.047092494076 0.261828663875541 2.00711459483317 -1200
140 210.453577602175 198.181067651598 0.261828878352275 2.00711449193929 -1200
141 202.845922850222 206.69311442166 0.261829092829009 2.0071143890454 -1200
142 206.475941636614 210.532160939973 0.261829307305743 2.0071142861515 -1200
143 207.670475829105 209.278711358844 0.261829521782476 2.00711418325759 -1200
144 217.753486524287 205.75590653023 0.261829736259209 2.00711408036369 -1200
145 215.744869472784 216.110162816927 0.261829950735943 2.00711397746977 -1200
146 217.484887084163 215.359584337432 0.261830165212675 2.00711387457585 -1200
147 215.865942811172 212.528609656989 0.261830379689408 2.00711377168192 -1200
148 222.828911891857 220.700976658383 0.26183059416614 2.00711366878799 -1200
149 225.795038700465 223.316596890371 0.261830808642873 2.00711356589405 -1200
150 227.992815386265 217.276759150174 0.261831023119604 2.0071134630001 -1200
151 220.223784111768 218.892384149492 0.261831237596336 2.00711336010615 -1200
152 228.807500938254 224.468206399693 0.261831452073068 2.0071132572122 -1200
153 226.185485382614 232.291493661064 0.261831666549799 2.00711315431823 -1200
154 235.927345598825 231.984154218285 0.26183188102653 2.00711305142427 -1200
155 235.886855421802 235.804586348692 0.261832095503261 2.00711294853029 -1200
156 237.987308279319 226.393614715286 0.261832309979991 2.00711284563631 -1200
157 236.384149205453 237.929260758509 0.261832524456721 2.00711274274233 -1200
158 242.307478587031 241.635840241647 0.261832738933452 2.00711263984833 -1200
159 241.657456631799 243.028969748694 0.261832953410181 2.00711253695434 -1200
160 250.788765641003 251.536814235927 0.261833167886911 2.00711243406033 -1200
161 239.860602597572 258.121422668104 0.26183338236364 2.00711233116632 -1200
162 246.709133554419 239.649428211914 0.261833596840369 2.00711222827231 -1200
163 255.829323809775 246.059907213897 0.261833811317098 2.00711212537829 -1200
164 244.618376271454 254.230134654181 0.261834025793827 2.00711202248426 -1200
165 257.215184669286 251.29890381719 0.261834240270556 2.00711191959023 -1200
166 262.641389098622 258.464225394111 0.261834454747284 2.00711181669619 -1200
167 247.532643827781 254.124052086933 0.261834669224012 2.00711171380214 -1200
168 247.304650618189 263.040818563829 0.26183488370074 2.00711161090809 -1200
169 249.994667807994 248.412952352936 0.261835098177467 2.00711150801404 -1200
170 259.714341109163 259.042279276218 0.261835312654194 2.00711140511997 -1200
171 260.450784148608 259.322319619112 0.261835527130921 2.00711130222591 -1200
172 261.535626304433 275.489436515013 0.261835741607648 2.00711119933183 -1200
173 266.771714323713 257.272888862538 0.261835956084375 2.00711109643775 -1200
174 270.360668045496 268.082847833168 0.261836170561101 2.00711099354367 -1200
175 273.819786099351 262.138570922838 0.261836385037827 2.00711089064957 -1200
176 272.944402151972 264.745619827563 0.261836599514553 2.00711078775548 -1200
177 270.082684973749 271.110697345859 0.261836813991279 2.00711068486137 -1200
178 272.885177176411 279.716004920962 0.261837028468004 2.00711058196726 -1200
179 283.798527292855 270.510048985344 0.26183724294473 2.00711047907315 -1200
180 276.04756371674 291.294256249389 0.261837457421455 2.00711037617903 -1200
181 285.694758459432 289.499637087451 0.261837671898179 2.0071102732849 -1200
182 286.8777796591 278.251559530899 0.261837886374904 2.00711017039077 -1200
183 277.486989458491 282.115696119733 0.261838100851628 2.00711006749663 -1200
184 295.120823558701 285.956729390532 0.261838315328352 2.00710996460248 -1200
185 290.446978741151 289.456055630266 0.261838529805076 2.00710986170833 -1200
186 287.760390704594 293.511947919837 0.2618387442818 2.00710975881418 -1200
187 287.882225707498 297.543284088042 0.261838958758523 2.00710965592001 -1200
188 292.670075520477 300.370040123939 0.261839173235246 2.00710955302585 -1200
189 297.657446439181 291.478101554525 0.261839387711969 2.00710945013167 -1200
190 295.189927021833 299.711345324712 0.261839602188692 2.00710934723749 -1200
191 297.120561996171 304.021955847905 0.261839816665414 2.00710924434331 -1200
192 306.457375406637 303.675227961128 0.261840031142136 2.00710914144911 -1200
193 305.557229645577 306.749523106175 0.261840245618858 2.00710903855492 -1200
194 309.695381678023 308.432373388816 0.26184046009558 2.00710893566071 -1200
195 313.992839491325 308.809922363947 0.261840674572302 2.0071088327665 -1200
196 301.83512579079 308.868215820372 0.261840889049023 2.00710872987229 -1200
197 315.86940848148 312.688570809165 0.261841103525744 2.00710862697807 -1200
198 313.939535922719 304.685424719687 0.261841318002465 2.00710852408384 -1200
199 324.701787973172 311.473580612584 0.261841532479185 2.00710842118961 -1200
200 320.732713772449 318.807096219133 0.261841746955906 2.00710831829537 -1200
201 318.208891924839 320.509160764005 0.261841961432626 2.00710821540112 -1200
202 327.774720328036 319.60952336285 0.261842175909346 2.00710811250687 -1200
203 319.786125043159 314.160468709119 0.261842390386065 2.00710800961262 -1200
204 331.426084214548 331.791605559544 0.261842604862785 2.00710790671836 -1200
205 325.237842360062 324.623229781733 0.261842819339504 2.00710780382409 -1200
206 331.864069109518 324.89299801896 0.261843033816223 2.00710770092981 -1200
207 335.593485696949 325.703429351014 0.261843248292942 2.00710759803553 -1200
208 326.990579503587 336.424333609366 0.26184346276966 2.00710749514125 -1200
209 340.484921395995 324.768849172168 0.261843677246379 2.00710739224696 -1200
210 336.951061199096 328.854970254419 0.261843891723097 2.00710728935266 -1200
211 333.227580319137 341.45240655778 0.261844106199815 2.00710718645836 -1200
212 344.162404451493 342.895675142189 0.261844320676532 2.00710708356405 -1200
213 343.755207795716 340.463398690353 0.26184453515325 2.00710698066973 -1200
214 343.582429627059 351.116998919333 0.261844749629967 2.00710687777541 -1200
215 346.768336010558 342.146512376586 0.261844964106684 2.00710677488108 -1200
216 342.760485534378 349.535878320734 0.2618451785834 2.00710667198675 -1200
217 345.087401762862 339.417544454131 0.261845393060117 2.00710656909241 -1200
218 355.012551495441 350.473883115732 0.261845607536833 2.00710646619807 -1200
219 344.872537104239 356.703108123967 0.261845822013549 2.00710636330372 -1200
220 349.012565986679 351.910676651536 0.261846036490265 2.00710626040936 -1200
221 358.478028792991 352.325374678151 0.26184625096698 2.007106157515 -1200
222 358.766431550963 351.723752529322 0.261846465443695 2.00710605462063 -1200
223 362.913719762507 361.213931435571 0.26184667992041 2.00710595172626 -1200
224 375.885830745333 367.226620850505 0.261846894397125 2.00710584883188 -1200
225 364.53537266587 375.84632256338 0.26184710887384 2.00710574593749 -1200
226 361.679274979958 367.011723178242 0.261847323350554 2.0071056430431 -1200
227 363.96442825935 367.622278424382 0.261847537827268 2.0071055401487 -1200
228 365.937934283356 373.665219976369 0.261847752303982 2.0071054372543 -1200
229 371.909277981458 371.437947047668 0.261847966780696 2.00710533435989 -1200
230 362.346684568777 375.591194370215 0.261848181257409 2.00710523146548 -1200
231 379.30994856566 379.362622834118 0.261848395734122 2.00710512857105 -1200
232 375.26400066943 374.558922186826 0.261848610210835 2.00710502567663 -1200
233 368.060542319049 387.815894401513 0.261848824687548 2.0071049227822 -1200
234 384.179703573563 382.691632394274 0.261849039164261 2.00710481988776 -1200
235 388.400863478479 382.439240348743 0.261849253640973 2.00710471699331 -1200
236 385.904473963534 389.105287047696 0.261849468117685 2.00710461409886 -1200
237 379.928053352833 393.209932657768 0.261849682594397 2.00710451120441 -1200
238 394.158597016082 391.611357520933 0.261849897071108 2.00710440830994 -1200
239 389.42465435528 393.291722853298 0.26185011154782 2.00710430541548 -1200
240 390.067195043701 393.719362384381 0.261850326024531 2.007104202521 -1200
241 394.7564403302 386.619626173957 0.261850540501242 2.00710409962652 -1200
242 396.519304857776 399.114024157687 0.261850754977952 2.00710399673204 -1200
243 394.701468093496 406.015442314508 0.261850969454663 2.00710389383755 -1200
244 398.596543967079 400.121853292722 0.261851183931373 2.00710379094305 -1200
245 401.807612919003 408.814784399874 0.261851398408083 2.00710368804855 -1200
246 415.077755680997 409.750574062148 0.261851612884793 2.00710358515404 -1200
247 410.624369448527 403.50706284237 0.261851827361502 2.00710348225952 -1200
248 410.518410124517 418.852189537449 0.261852041838211 2.007103379365 -1200
249 406.262221222671 406.425774799135 0.261852256314921 2.00710327647047 -1200
250 414.309456769604 414.374413159371 0.261852470791629 2.00710317357594 -1200
251 411.975770009031 405.36173097919 0.261852685268338 2.0071030706814 -1200
252 415.865353527569 408.820663358312 0.261852899745046 2.00710296778686 -1200
253 418.94575606351 420.771072309327 0.261853114221754 2.00710286489231 -1200
254 428.739833339147 422.501563211928 0.261853328698462 2.00710276199775 -1200
255 406.854274891164 426.335909581691 0.26185354317517 2.00710265910319 -1200
256 430.312868232111 419.084571218746 0.261853757651877 2.00710255620862 -1200
257 422.30562448669 431.442244467947 0.261853972128584 2.00710245331405 -1200
258 433.120569940338 428.77833752377 0.261854186605291 2.00710235041947 -1200
259 434.588443619034 427.495534927738 0.261854401081998 2.00710224752488 -1200
260 427.135877093452 429.556799208705 0.261854615558705 2.00710214463029 -1200
261 423.17763419661 434.359237892775 0.261854830035411 2.0071020417357 -1200
262 440.08431334589 434.693447655306 0.261855044512117 2.00710193884109 -1200
263 438.406864907499 446.573983874527 0.261855258988823 2.00710183594648 -1200
264 451.621055570665 444.953943463022 0.261855473465528 2.00710173305187 -1200
265 446.166246768712 433.143897478431 0.261855687942234 2.00710163015725 -1200
266 442.910935342366 441.649303363719 0.261855902418939 2.00710152726262 -1200
267 439.851951011029 440.707176462401 0.261856116895644 2.00710142436799 -1200
268 448.90175789685 446.38191407675 0.261856331372348 2.00710132147335 -1200
269 444.910294840301 445.120021582909 0.261856545849053 2.00710121857871 -1200
270 445.580436968345 447.432602347176 0.261856760325757 2.00710111568406 -1200
271 456.56842231875 445.395737382799 0.261856974802461 2.0071010127894 -1200
272 456.484056328989 446.093780095193 0.261857189279165 2.00710090989474 -1200
273 453.134806699061 454.901227698835 0.261857403755868 2.00710080700007 -1200
274 453.790440844512 458.267422275829 0.261857618232571 2.0071007041054 -1200
275 465.555263616499 456.135740274351 0.261857832709274 2.00710060121072 -1200
276 463.325837264986 457.128881620782 0.261858047185977 2.00710049831603 -1200
277 460.139854409832 459.917666866923 0.26185826166268 2.00710039542134 -1200
278 458.366159389158 471.762195159066 0.261858476139382 2.00710029252664 -1200
279 465.382862628888 469.051957926545 0.261858690616084 2.00710018963194 -1200
280 472.246616237959 465.354687066091 0.261858905092786 2.00710008673723 -1200
281 472.867401888155 468.374030579214 0.261859119569488 2.00709998384252 -1200
282 480.576429699987 471.222361617398 0.261859334046189 2.0070998809478 -1200
283 473.259213144336 478.525382240361 0.26185954852289 2.00709977805307 -1200
284 478.796397540282 480.223816497196 0.261859762999591 2.00709967515834 -1200
285 483.817553825133 486.683666081456 0.261859977476292 2.0070995722636 -1200
286 481.567951119923 479.659254890045 0.261860191952992 2.00709946936886 -1200
287 480.167295389475 480.438039020059 0.261860406429693 2.00709936647411 -1200
288 482.887135169611 480.035956138267 0.261860620906393 2.00709926357935 -1200
289 479.09499718234 481.930216648058 0.261860835383092 2.00709916068459 -1200
290 486.837245144543 488.645196951631 0.261861049859792 2.00709905778982 -1200
291 496.854112673417 485.792396078617 0.261861264336491 2.00709895489505 -1200
292 490.226632289901 491.258117466089 0.26186147881319 2.00709885200027 -1200
293 489.698197547288 498.111580727292 0.261861693289889 2.00709874910548 -1200
294 496.153465697729 498.054023114674 0.261861907766588 2.00709864621069 -1200
295 508.598868166745 492.57097876551 0.261862122243286 2.00709854331589 -1200
296 497.267146183412 501.15238449985 0.261862336719985 2.00709844042109 -1200
297 498.314153682568 495.765446948539 0.261862551196683 2.00709833752628 -1200
298 499.922429893696 504.84876194056 0.26186276567338 2.00709823463147 -1200
299 506.786122606865 506.336131997071 0.261862980150078 2.00709813173665 -1200
300 505.532933737636 507.887459316755 0.261863194626775 2.00709802884182 -1200
301 517.247971915121 511.475133065721 0.261863409103472 2.00709792594699 -1200
302 511.923382139441 515.948628682636 0.261863623580169 2.00709782305215 -1200
303 515.955987862997 526.60732183364 0.261863838056865 2.00709772015731 -1200
304 512.140371940879 506.173526069891 0.261864052533562 2.00709761726246 -1200
305 522.734818585588 513.96263395859 0.261864267010258 2.0070975143676 -1200
306 516.573054452985 520.617335711556 0.261864481486954 2.00709741147274 -1200
307 509.373363955097 519.249196155481 0.261864695963649 2.00709730857787 -1200
308 527.446405032603 519.49619303984 0.261864910440345 2.007097205683 -1200
309 521.005123849239 535.190904464416 0.26186512491704 2.00709710278812 -1200
310 517.142003475615 524.326186269647 0.261865339393735 2.00709699989323 -1200
311 527.567265407738 531.373915833461 0.261865553870429 2.00709689699834 -1200
312 528.344339091749 525.733369218802 0.261865768347124 2.00709679410344 -1200
313 542.687289965265 524.975807262251 0.261865982823818 2.00709669120854 -1200
314 532.798846207524 539.286567996374 0.261866197300512 2.00709658831363 -1200
315 535.362681474616 540.058844660241 0.261866411777206 2.00709648541872 -1200
316 539.221592248452 541.346721217006 0.2618666262539 2.0070963825238 -1200
317 532.956239120957 535.212982187942 0.261866840730593 2.00709627962887 -1200
318 545.599602332086 536.967261388736 0.261867055207286 2.00709617673394 -1200
319 549.932322901729 549.276719125839 0.261867269683979 2.007096073839 -1200
320 548.781980205948 539.170083160279 0.261867484160671 2.00709597094406 -1200
321 549.295531529461 540.38131966568 0.261867698637364 2.00709586804911 -1200
322 548.741437969408 548.346177480883 0.261867913114056 2.00709576515415 -1200
323 554.194577812341 550.24523801531 0.261868127590748 2.00709566225919 -1200
324 548.265369090396 552.412530809966 0.26186834206744 2.00709555936422 -1200
325 555.88373832038 552.646122678549 0.261868556544131 2.00709545646925 -1200
326 553.572599549441 552.586986725007 0.261868771020822 2.00709535357427 -1200
327 555.551283638564 565.105917118632 0.261868985497513 2.00709525067928 -1200
328 567.635803565441 553.12472534041 0.261869199974204 2.00709514778429 -1200
329 560.181431868208 555.694342432059 0.261869414450895 2.0070950448893 -1200
330 566.202173509845 562.757852947126 0.261869628927585 2.00709494199429 -1200
331 574.704096718305 575.142485548445 0.261869843404275 2.00709483909929 -1200
332 577.554601722057 576.841244047892 0.261870057880965 2.00709473620427 -1200
333 577.252340698125 571.500077420413 0.261870272357654 2.00709463330925 -1200
334 572.648600070511 565.69200806511 0.261870486834344 2.00709453041422 -1200
335 575.408102602866 574.00087826917 0.261870701311033 2.00709442751919 -1200
336 566.70629023263 566.725732686869 0.261870915787722 2.00709432462415 -1200
337 570.963124917636 584.116720165785 0.261871130264411 2.00709422172911 -1200
338 584.277269711502 585.14407406674 0.261871344741099 2.00709411883406 -1200
339 576.958707670188 587.53399120622 0.261871559217787 2.007094015939 -1200
340 591.705387957133 589.874684832465 0.261871773694475 2.00709391304394 -1200
341 581.639762579186 577.671281472346 0.261871988171163 2.00709381014888 -1200
342 581.935076952173 587.675894333085 0.261872202647851 2.0070937072538 -1200
343 583.320785381916 588.351269696275 0.261872417124538 2.00709360435872 -1200
344 590.200401230045 586.152424030182 0.261872631601225 2.00709350146364 -1200
345 587.800802571004 596.794034659122 0.261872846077912 2.00709339856855 -1200
346 589.33447236446 594.533319480099 0.261873060554598 2.00709329567345 -1200
347 600.189589803504 594.306398298355 0.261873275031285 2.00709319277835 -1200
348 597.446538622011 597.219122155528 0.261873489507971 2.00709308988324 -1200
349 603.925754905103 604.959550937005 0.261873703984657 2.00709298698812 -1200
350 604.703225239984 596.672571423421 0.261873918461343 2.007092884093 -1200
351 609.339679230868 603.08734762524 0.261874132938028 2.00709278119788 -1200
352 611.340840343385 614.713473093129 0.261874347414713 2.00709267830275 -1200
353 601.41076868302 610.301101160762 0.261874561891398 2.00709257540761 -1200
354 608.679013790878 612.734286111565 0.261874776368083 2.00709247251246 -1200
355 617.106918479934 607.328054710035 0.261874990844768 2.00709236961731 -1200
356 622.146381988255 609.12445102233 0.261875205321452 2.00709226672216 -1200
357 620.523307036852 621.5866424141 0.261875419798136 2.007092163827 -1200
358 620.093762270403 623.363464304101 0.26187563427482 2.00709206093183 -1200
359 621.707720024412 635.073890534076 0.261875848751503 2.00709195803666 -1200
360 624.174257305331 628.653018547774 0.261876063228187 2.00709185514148 -1200
361 626.654618911535 624.024418337695 0.26187627770487 2.00709175224629 -1200
362 621.851556332883 626.061246626186 0.261876492181553 2.0070916493511 -1200
363 621.400834634788 625.297676787709 0.261876706658236 2.0070915464559 -1200
364 636.79716661138 627.062393460486 0.261876921134918 2.0070914435607 -1200
365 631.728499695866 640.328059735652 0.2618771356116 2.00709134066549 -1200
366 635.130395816923 627.418359613789 0.261877350088282 2.00709123777028 -1200
367 635.418933086338 639.806526245377 0.261877564564964 2.00709113487506 -1200
368 638.91657513756 638.682766658058 0.261877779041646 2.00709103197983 -1200
369 638.137848307838 642.848241879536 0.261877993518327 2.0070909290846 -1200
370 643.243223563659 646.760427421005 0.261878207995008 2.00709082618936 -1200
371 638.820159736879 644.609452133639 0.261878422471689 2.00709072329412 -1200
372 632.552133288821 643.73579149609 0.261878636948369 2.00709062039887 -1200
373 647.696337926782 651.904645021291 0.26187885142505 2.00709051750361 -1200
374 648.55790531065 647.269873778332 0.26187906590173 2.00709041460835 -1200
375 651.518408338872 647.952912326309 0.26187928037841 2.00709031171308 -1200
376 653.023355587705 647.294925109975 0.261879494855089 2.00709020881781 -1200
377 657.043980523385 643.229834665694 0.261879709331769 2.00709010592253 -1200
378 650.823574843566 658.144292252456 0.261879923808448 2.00709000302725 -1200
379 653.68450099453 666.281773295804 0.261880138285127 2.00708990013196 -1200
380 660.185139875671 654.507413906601 0.261880352761806 2.00708979723666 -1200
381 662.699435718465 658.428073379449 0.261880567238484 2.00708969434136 -1200
382 662.169508301732 652.206544844616 0.261880781715163 2.00708959144605 -1200
383 680.970143374955 666.186933565469 0.261880996191841 2.00708948855074 -1200
384 670.577441684926 669.83132432927 0.261881210668519 2.00708938565541 -1200
385 665.126626824496 673.444529402297 0.261881425145196 2.00708928276009 -1200
386 672.076388702723 683.391648559071 0.261881639621874 2.00708917986476 -1200
387 683.464560355464 667.819742688177 0.261881854098551 2.00708907696942 -1200
388 671.368094687791 677.007024179774 0.261882068575228 2.00708897407408 -1200
389 681.573957689682 665.815556968334 0.261882283051904 2.00708887117873 -1200
390 673.977084046053 676.127145586387 0.261882497528581 2.00708876828337 -1200
391 682.101175335551 674.203396329287 0.261882712005257 2.00708866538801 -1200
392 674.688716495357 677.680481688032 0.261882926481933 2.00708856249264 -1200
393 696.550767148011 695.843276121675 0.261883140958609 2.00708845959727 -1200
394 690.475253368331 683.937929394315 0.261883355435284 2.00708835670189 -1200
395 691.654491924911 689.937532383508 0.261883569911959 2.00708825380651 -1200
396 690.587141944965 690.487651482307 0.261883784388635 2.00708815091111 -1200
397 694.579473389632 687.784718373664 0.261883998865309 2.00708804801572 -1200
398 693.51758430349 693.347559825545 0.261884213341984 2.00708794512032 -1200
399 694.56585838878 703.335199091524 0.261884427818658 2.00708784222491 -1200
400 697.594512887733 688.342274009003 0.261884642295332 2.00708773932949 -1200
401 702.76734384035 705.238288319801 0.261884856772006 2.00708763643407 -1200
402 705.800810404812 699.937138555191 0.26188507124868 2.00708753353865 -1200
403 700.301941450982 706.329002732155 0.261885285725353 2.00708743064321 -1200
404 703.464141842038 701.600308520242 0.261885500202027 2.00708732774778 -1200
405 709.051761009972 700.188115053802 0.2618857146787 2.00708722485233 -1200
406 707.396389641549 708.205707464788 0.261885929155372 2.00708712195688 -1200
407 701.297406278365 714.555473972608 0.261886143632045 2.00708701906143 -1200
408 713.935120501553 714.951677325841 0.261886358108717 2.00708691616597 -1200
409 707.551812714603 710.522003750075 0.261886572585389 2.0070868132705 -1200
410 712.802809815143 721.55666983651 0.261886787062061 2.00708671037503 -1200
411 717.620013841546 712.361945091217 0.261887001538733 2.00708660747955 -1200
412 716.517824313166 728.055428794651 0.261887216015404 2.00708650458406 -1200
413 719.784752020813 720.664536068191 0.261887430492075 2.00708640168857 -1200
414 720.221742026516 715.030019147116 0.261887644968746 2.00708629879308 -1200
415 730.323422085931 722.842532409519 0.261887859445417 2.00708619589757 -1200
416 721.700873441456 730.330027501744 0.261888073922087 2.00708609300207 -1200
417 724.037019084992 732.432236614618 0.261888288398757 2.00708599010655 -1200
418 735.361785373349 732.842697351936 0.261888502875427 2.00708588721103 -1200
419 733.484241787403 728.583950512445 0.261888717352097 2.0070857843155 -1200
420 743.047107380139 733.134071977728 0.261888931828767 2.00708568141997 -1200
421 742.037259062629 743.213212733149 0.261889146305436 2.00708557852444 -1200
422 750.060259368476 739.919159350677 0.261889360782105 2.00708547562889 -1200
423 741.807582117076 742.870774432916 0.261889575258774 2.00708537273334 -1200
424 748.211373730334 738.509190294127 0.261889789735442 2.00708526983779 -1200
425 747.9602858231 748.972011902809 0.261890004212111 2.00708516694223 -1200
426 757.045073142416 739.220961293839 0.261890218688779 2.00708506404666 -1200
427 747.923760219844 763.932207365139 0.261890433165447 2.00708496115109 -1200
428 754.771964066227 752.900775804785 0.261890647642114 2.00708485825551 -1200
429 753.295770334304 758.19715167954 0.261890862118782 2.00708475535992 -1200
430 757.177020486272 757.764358847444 0.261891076595449 2.00708465246433 -1200
431 754.421205728164 757.225026770226 0.261891291072116 2.00708454956874 -1200
432 749.033967633264 759.027829135084 0.261891505548783 2.00708444667313 -1200
433 763.018579244775 769.083915518119 0.261891720025449 2.00708434377752 -1200
434 766.051838900346 759.644013203941 0.261891934502115 2.00708424088191 -1200
435 772.43073181369 770.181686478461 0.261892148978781 2.00708413798629 -1200
436 775.34755047984 769.819025807437 0.261892363455447 2.00708403509066 -1200
437 770.052832040603 776.834578211546 0.261892577932113 2.00708393219503 -1200
438 764.665952514563 769.3370085887 0.261892792408778 2.0070838292994 -1200
439 774.520610503914 767.226145317426 0.261893006885443 2.00708372640375 -1200
440 771.353555149707 766.441974425809 0.261893221362108 2.0070836235081 -1200
441 780.858872367283 778.826860416488 0.261893435838773 2.00708352061245 -1200
442 786.401019073058 785.355698234817 0.261893650315437 2.00708341771679 -1200
443 788.978147126006 791.184704855225 0.261893864792101 2.00708331482112 -1200
444 780.89884668272 780.740369533081 0.261894079268765 2.00708321192545 -1200
445 773.797233266438 776.334687672244 0.261894293745429 2.00708310902977 -1200
446 783.26056260622 799.782549397487 0.261894508222093 2.00708300613408 -1200
447 790.924851152299 788.322600612531 0.261894722698756 2.00708290323839 -1200
448 787.3786614909 792.58274499643 0.261894937175419 2.0070828003427 -1200
449 789.923278299172 794.368375167706 0.261895151652082 2.00708269744699 -1200
450 788.065295568313 792.506919642933 0.261895366128744 2.00708259455129 -1200
451 795.464648016586 788.847390926933 0.261895580605407 2.00708249165557 -1200
452 796.881981707163 801.264444507918 0.261895795082069 2.00708238875985 -1200
453 814.302273621147 801.003783352796 0.261896009558731 2.00708228586413 -1200
454 801.158905557347 800.704727922109 0.261896224035392 2.00708218296839 -1200
455 803.746515395524 797.785916494537 0.261896438512054 2.00708208007266 -1200
456 798.121812762616 806.314443256134 0.261896652988715 2.00708197717691 -1200
457 809.623137538755 821.506826359386 0.261896867465376 2.00708187428116 -1200
458 811.143132166475 810.975712784551 0.261897081942037 2.00708177138541 -1200
459 813.985727174875 826.681252203517 0.261897296418697 2.00708166848965 -1200
460 807.185584559231 808.968237051195 0.261897510895357 2.00708156559388 -1200
461 814.445928227289 808.663919185897 0.261897725372017 2.00708146269811 -1200
462 826.138181789514 822.830284498882 0.261897939848677 2.00708135980233 -1200
463 826.695454397231 813.010893111769 0.261898154325337 2.00708125690654 -1200
464 823.276128875755 813.738285128748 0.261898368801996 2.00708115401075 -1200
465 825.90560752867 828.215381661252 0.261898583278655 2.00708105111496 -1200
466 823.593638403919 823.595858976157 0.261898797755314 2.00708094821916 -1200
467 831.799306760736 828.174838537442 0.261899012231973 2.00708084532335 -1200
468 835.550987409059 831.16234952388 0.261899226708631 2.00708074242753 -1200
469 836.417124261695 833.419918819622 0.261899441185289 2.00708063953171 -1200
470 840.814956019824 827.119339995063 0.261899655661947 2.00708053663589 -1200
471 837.905419877508 833.560959859315 0.261899870138605 2.00708043374006 -1200
472 839.038981173305 837.937747433987 0.261900084615262 2.00708033084422 -1200
473 840.545916434786 833.459689111706 0.26190029909192 2.00708022794838 -1200
474 844.045832737068 837.794127288946 0.261900513568577 2.00708012505253 -1200
475 843.254930867536 847.180324450555 0.261900728045234 2.00708002215667 -1200
476 845.326246567316 849.248951053243 0.26190094252189 2.00707991926081 -1200
477 847.678762099755 842.376692141182 0.261901156998546 2.00707981636494 -1200
478 846.855319949821 850.471249641195 0.261901371475202 2.00707971346907 -1200
479 850.858517742987 844.733906123053 0.261901585951858 2.00707961057319 -1200
480 848.712757244789 850.643228554956 0.261901800428514 2.00707950767731 -1200
481 847.499133165674 859.615384764963 0.261902014905169 2.00707940478142 -1200
482 852.389578865179 858.991490674666 0.261902229381825 2.00707930188552 -1200
483 853.354569987306 851.577662498226 0.261902443858479 2.00707919898962 -1200
484 867.145507528637 859.340511113785 0.261902658335134 2.00707909609371 -1200
485 862.031164901916 863.503809624018 0.261902872811789 2.0070789931978 -1200
486 873.701794061399 869.426120647056 0.261903087288443 2.00707889030188 -1200
487 865.664908207802 862.508583640932 0.261903301765097 2.00707878740595 -1200
488 858.747481215428 877.628666925464 0.261903516241751 2.00707868451002 -1200
489 871.786186471131 870.024359692121 0.261903730718404 2.00707858161408 -1200
490 868.122941565088 876.131779836343 0.261903945195058 2.00707847871814 -1200
491 872.099173144573 879.291281772765 0.261904159671711 2.00707837582219 -1200
492 877.167623474779 863.432937653611 0.261904374148364 2.00707827292623 -1200
493 877.495323441919 876.860240413046 0.261904588625016 2.00707817003027 -1200
494 874.454637400695 882.637086776607 0.261904803101669 2.00707806713431 -1200
495 883.123855132981 885.825656864844 0.261905017578321 2.00707796423833 -1200
496 885.350185374761 880.133452428918 0.261905232054973 2.00707786134235 -1200
497 884.0311019775 882.857567122166 0.261905446531624 2.00707775844637 -1200
498 888.685955151906 882.360945592412 0.261905661008276 2.00707765555038 -1200
499 889.883503876796 888.012592087743 0.261905875484927 2.00707755265438 -1200
500 882.33004728819 890.364841502402 0.261906089961578 2.00707744975838 -1200
501 889.52897886479 895.172864997329 0.261906304438229 2.00707734686237 -1200
502 891.91324890777 895.061680256883 0.26190651891488 2.00707724396636 -1200
503 903.500032079649 897.546214543349 0.26190673339153 2.00707714107034 -1200
504 900.291484567433 900.714668914669 0.26190694786818 2.00707703817431 -1200
505 901.381044130992 893.941493312917 0.26190716234483 2.00707693527828 -1200
506 909.296445480574 897.936085562426 0.261907376821479 2.00707683238225 -1200
507 909.207036808231 903.883727380845 0.261907591298129 2.0070767294862 -1200
508 913.90008818023 906.065889509952 0.261907805774778 2.00707662659015 -1200
509 910.185043702073 909.587042244776 0.261908020251427 2.0070765236941 -1200
510 910.094004546558 906.467045914697 0.261908234728076 2.00707642079804 -1200
511 911.581023281746 914.108783257977 0.261908449204724 2.00707631790197 -1200
512 909.408430044122 917.497652621804 0.261908663681372 2.0070762150059 -1200
513 916.304608939594 923.529528460754 0.26190887815802 2.00707611210982 -1200
514 921.3437139174 914.228445572075 0.261909092634668 2.00707600921373 -1200
515 904.863957658317 927.019428972842 0.261909307111316 2.00707590631764 -1200
516 921.693164244938 914.066009923064 0.261909521587963 2.00707580342155 -1200
517 930.058833593888 925.661205619545 0.26190973606461 2.00707570052545 -1200
518 928.525858550376 919.203424517862 0.261909950541257 2.00707559762934 -1200
519 935.609661542067 928.271253443739 0.261910165017904 2.00707549473322 -1200
520 925.168212755123 936.518785613416 0.26191037949455 2.0070753918371 -1200
521 935.386517325285 933.812360310167 0.261910593971196 2.00707528894098 -1200
522 937.388711695736 941.289339654549 0.261910808447842 2.00707518604485 -1200
523 940.045727180877 942.388262693901 0.261911022924488 2.00707508314871 -1200
524 931.37895886518 938.481558983582 0.261911237401133 2.00707498025257 -1200
525 934.441831509388 939.328679758135 0.261911451877778 2.00707487735642 -1200
526 938.416902027567 939.127161088387 0.261911666354423 2.00707477446026 -1200
527 947.749445381655 934.787156111036 0.261911880831068 2.0070746715641 -1200
528 943.175455767938 939.622343846729 0.261912095307713 2.00707456866794 -1200
529 950.632397350423 939.103727843168 0.261912309784357 2.00707446577176 -1200
530 960.852890597989 943.750128453143 0.261912524261001 2.00707436287558 -1200
531 953.409141093878 952.540314558207 0.261912738737645 2.0070742599794 -1200
532 944.881244551411 944.953266033862 0.261912953214289 2.00707415708321 -1200
533 953.62811641011 962.733999786139 0.261913167690932 2.00707405418701 -1200
534 955.185734391882 958.533456968067 0.261913382167575 2.00707395129081 -1200
535 952.839927670997 957.858214575223 0.261913596644218 2.0070738483946 -1200
536 966.056985496136 955.410267729824 0.261913811120861 2.00707374549839 -1200
537 961.038470985896 970.813370781812 0.261914025597503 2.00707364260217 -1200
538 963.960207346146 963.352713243979 0.261914240074145 2.00707353970595 -1200
539 964.084941030065 974.006422661781 0.261914454550787 2.00707343680971 -1200
540 967.225470148315 969.690445521862 0.261914669027429 2.00707333391348 -1200
541 967.13616642525 960.882009255932 0.261914883504071 2.00707323101723 -1200
542 964.990112916947 971.589464702724 0.261915097980712 2.00707312812098 -1200
543 969.49986412133 974.594517446739 0.261915312457353 2.00707302522473 -1200
544 978.927582496417 976.329767801355 0.261915526933994 2.00707292232847 -1200
545 972.716106446161 974.90600202287 0.261915741410635 2.0070728194322 -1200
546 979.088530136429 974.11318919769 0.261915955887275 2.00707271653593 -1200
547 975.598474517215 986.755486775439 0.261916170363915 2.00707261363965 -1200
548 977.847665853136 993.488366637144 0.261916384840555 2.00707251074337 -1200
549 979.473366477268 990.448325983755 0.261916599317195 2.00707240784708 -1200
550 987.444176093154 988.366068705791 0.261916813793834 2.00707230495078 -1200
551 996.252972028911 984.769973663049 0.261917028270473 2.00707220205448 -1200
552 991.627142134668 993.662942916221 0.261917242747112 2.00707209915817 -1200
553 985.808696367604 985.792237211319 0.261917457223751 2.00707199626186 -1200
554 999.758294293557 991.717426897101 0.26191767170039 2.00707189336554 -1200
555 1000.59658744514 987.847308391206 0.261917886177028 2.00707179046921 -1200
556 1009.36189606534 996.761115909606 0.261918100653666 2.00707168757288 -1200
557 1001.48619809432 1004.04943023154 0.261918315130304 2.00707158467654 -1200
558 1013.6690202006 1002.07652051886 0.261918529606942 2.0070714817802 -1200
559 1002.1798657675 1003.11894519569 0.261918744083579 2.00707137888385 -1200
560 1004.07432342037 1002.50137897381 0.261918958560216 2.0070712759875 -1200
561 1013.4980352403 1009.69901558068 0.261919173036853 2.00707117309114 -1200
562 1012.65058357059 1010.29864797449 0.26191938751349 2.00707107019477 -1200
563 1012.34787971848 1012.99077536386 0.261919601990126 2.0070709672984 -1200
564 1006.56592579503 1023.8765279418 0.261919816466762 2.00707086440202 -1200
565 1023.25248921445 1013.38445673237 0.261920030943398 2.00707076150563 -1200
566 1015.24030014477 1020.7595708636 0.261920245420034 2.00707065860924 -1200
567 1025.13952512316 1022.50748309559 0.26192045989667 2.00707055571285 -1200
568 1021.90706252198 1016.92417619189 0.261920674373305 2.00707045281645 -1200
569 1019.37601344302 1025.8063320916 0.26192088884994 2.00707034992004 -1200
570 1025.65619537481 1028.06608785604 0.261921103326575 2.00707024702362 -1200
571 1035.35199154949 1024.53971466359 0.261921317803209 2.00707014412721 -1200
572 1032.86831296206 1023.38967649693 0.261921532279844 2.00707004123078 -1200
573 1030.03037894546 1028.89067775609 0.261921746756478 2.00706993833435 -1200
574 1031.60548820205 1042.85366064807 0.261921961233112 2.00706983543791 -1200
575 1037.79418617355 1040.52366352434 0.261922175709745 2.00706973254147 -1200
576 1026.82869664792 1032.57917925575 0.261922390186379 2.00706962964502 -1200
577 1034.65601055536 1042.56960534038 0.261922604663012 2.00706952674856 -1200
578 1046.15747352438 1039.65788108514 0.261922819139645 2.0070694238521 -1200
579 1042.85766717372 1037.35510175545 0.261923033616278 2.00706932095564 -1200
580 1047.05581695739 1039.52838673434 0.26192324809291 2.00706921805917 -1200
581 1048.97624127034 1040.72968286593 0.261923462569543 2.00706911516269 -1200
582 1048.57115929845 1047.910484841 0.261923677046175 2.0070690122662 -1200
583 1051.70243002399 1050.91662919829 0.261923891522806 2.00706890936971 -1200
584 1059.22450925888 1052.20275053769 0.261924105999438 2.00706880647322 -1200
585 1047.77763150412 1064.0567094079 0.261924320476069 2.00706870357671 -1200
586 1055.23145477515 1057.12250593981 0.261924534952701 2.00706860068021 -1200
587 1070.5773686056 1052.32785956484 0.261924749429331 2.00706849778369 -1200
588 1064.31283358995 1060.96353574023 0.261924963905962 2.00706839488717 -1200
589 1064.07463638235 1060.81216750347 0.261925178382593 2.00706829199065 -1200
590 1064.5678265484 1068.26766262048 0.261925392859223 2.00706818909412 -1200
591 1077.72395474114 1069.64856180658 0.261925607335853 2.00706808619758 -1200
592 1066.83935886525 1062.81170887417 0.261925821812482 2.00706798330104 -1200
593 1079.75104331681 1063.58623870942 0.261926036289112 2.00706788040449 -1200
594 1065.02430172044 1077.46744008119 0.261926250765741 2.00706777750793 -1200
595 1066.48684591211 1071.68809043945 0.26192646524237 2.00706767461137 -1200
596 1074.91664761109 1057.23951094338 0.261926679718999 2.00706757171481 -1200
597 1080.35218242701 1084.39177874992 0.261926894195628 2.00706746881823 -1200
598 1085.31165331754 1080.67069846374 0.261927108672256 2.00706736592166 -1200
599 1085.92179391231 1073.80378199643 0.261927323148884 2.00706726302507 -1200
600 1084.13324182595 1089.7575467223 0.261927537625512 2.00706716012848 -1200
601 1085.6043988578 1085.46473180732 0.26192775210214 2.00706705723189 -1200
602 1086.24425556943 1087.82822869069 0.261927966578767 2.00706695433528 -1200
603 1094.3856269936 1080.13981822949 0.261928181055394 2.00706685143868 -1200
604 1095.78241289904 1084.80738281684 0.261928395532021 2.00706674854206 -1200
605 1092.68538886177 1101.07550487649 0.261928610008648 2.00706664564544 -1200
606 1098.41268579803 1091.79506026157 0.261928824485275 2.00706654274882 -1200
607 1102.43595259697 1098.78582026925 0.261929038961901 2.00706643985219 -1200
608 1104.15436803642 1093.44329937806 0.261929253438527 2.00706633695555 -1200
609 1109.91454461699 1099.11437939439 0.261929467915153 2.00706623405891 -1200
610 1100.99445565075 1102.94701201636 0.261929682391778 2.00706613116226 -1200
611 1102.51361586931 1103.10183941456 0.261929896868404 2.0070660282656 -1200
612 1104.3628847428 1105.50170134493 0.261930111345029 2.00706592536894 -1200
613 1111.33175164979 1111.91776429594 0.261930325821654 2.00706582247228 -1200
614 1111.8795178302 1106.32519775773 0.261930540298278 2.0070657195756 -1200
615 1101.29015704424 1109.17717713426 0.261930754774903 2.00706561667893 -1200
616 1120.76618627998 1113.98362231771 0.261930969251527 2.00706551378224 -1200
617 1114.95012364111 1104.49351759207 0.261931183728151 2.00706541088555 -1200
618 1111.49478822436 1105.81594829474 0.261931398204775 2.00706530798886 -1200
619 1115.07248681773 1119.46829242456 0.261931612681398 2.00706520509215 -1200
620 1122.48349237614 1120.40363819047 0.261931827158022 2.00706510219545 -1200
621 1125.31416453102 1131.58995190356 0.261932041634645 2.00706499929873 -1200
622 1119.95790010864 1125.06584109413 0.261932256111267 2.00706489640201 -1200
623 1121.4045185451 1123.87413889791 0.26193247058789 2.00706479350529 -1200
624 1128.37059846254 1124.28752002869 0.261932685064512 2.00706469060856 -1200
625 1128.82598027043 1137.05764026627 0.261932899541134 2.00706458771182 -1200
626 1132.91231956181 1137.37368428414 0.261933114017756 2.00706448481508 -1200
627 1139.91288894842 1140.69975603045 0.261933328494378 2.00706438191833 -1200
628 1136.78502780029 1136.54436350231 0.261933542970999 2.00706427902157 -1200
629 1138.3894807572 1143.74574354269 0.261933757447621 2.00706417612481 -1200
630 1133.44406227212 1142.46155839301 0.261933971924242 2.00706407322805 -1200
631 1131.55808751922 1139.70804640073 0.261934186400862 2.00706397033128 -1200
632 1138.59420496568 1146.57295381468 0.261934400877483 2.0070638674345 -1200
633 1138.27944226588 1130.3896303058 0.261934615354103 2.00706376453771 -1200
634 1137.90091873019 1149.54091835027 0.261934829830723 2.00706366164092 -1200
635 1145.41168938588 1154.71357600787 0.261935044307343 2.00706355874413 -1200
636 1151.38187448985 1144.56779736702 0.261935258783962 2.00706345584733 -1200
637 1150.49213602131 1153.08266052049 0.261935473260582 2.00706335295052 -1200
638 1159.0186094465 1162.48624409775 0.261935687737201 2.0070632500537 -1200
639 1162.67797088735 1152.88492307015 0.26193590221382 2.00706314715689 -1200
640 1149.6586862518 1160.59706054154 0.261936116690438 2.00706304426006 -1200
641 1163.41708057972 1162.15132286741 0.261936331167057 2.00706294136323 -1200
642 1159.6889501876 1166.97290513899 0.261936545643675 2.00706283846639 -1200
643 1166.18596804457 1163.52807833475 0.261936760120293 2.00706273556955 -1200
644 1163.49670552306 1170.49080624677 0.261936974596911 2.0070626326727 -1200
645 1172.37790322124 1170.20232754287 0.261937189073528 2.00706252977585 -1200
646 1165.07949692552 1174.97226632347 0.261937403550145 2.00706242687899 -1200
647 1169.18307050672 1173.15459638757 0.261937618026762 2.00706232398212 -1200
648 1181.31757972511 1165.73766013849 0.261937832503379 2.00706222108525 -1200
649 1174.14712825112 1176.41907431398 0.261938046979996 2.00706211818837 -1200
650 1184.75527372672 1174.80613212867 0.261938261456612 2.00706201529148 -1200
651 1183.72107244273 1184.21900830354 0.261938475933228 2.0070619123946 -1200
652 1186.83369563608 1179.81925981487 0.261938690409844 2.0070618094977 -1200
653 1183.45385154384 1189.55866632266 0.26193890488646 2.0070617066008 -1200
654 1191.19154112074 1193.69851845243 0.261939119363075 2.00706160370389 -1200
655 1189.23323782999 1184.91017420425 0.26193933383969 2.00706150080698 -1200
656 1179.34488390402 1191.01159122862 0.261939548316305 2.00706139791006 -1200
657 1190.17733458425 1190.65412258274 0.26193976279292 2.00706129501313 -1200
658 1200.76860403949 1193.6505782109 0.261939977269534 2.0070611921162 -1200
659 1201.90215754038 1188.31200846953 0.261940191746149 2.00706108921926 -1200
660 1199.81543179526 1206.37955237469 0.261940406222763 2.00706098632232 -1200
661 1203.4739261231 1204.80761137823 0.261940620699377 2.00706088342537 -1200
662 1202.24098703042 1198.02972687857 0.26194083517599 2.00706078052842 -1200
663 1199.85367001808 1201.7748341787 0.261941049652603 2.00706067763146 -1200
664 1204.24531945728 1199.65728444013 0.261941264129216 2.00706057473449 -1200
665 1200.64499848738 1205.49639431732 0.261941478605829 2.00706047183752 -1200
666 1208.22283781685 1219.74761982554 0.261941693082442 2.00706036894054 -1200
667 1216.42667229626 1218.18227517309 0.261941907559054 2.00706026604356 -1200
668 1222.79725455444 1207.33813628838 0.261942122035667 2.00706016314657 -1200
669 1213.94551787601 1220.49427565108 0.261942336512278 2.00706006024957 -1200
670 1210.72891325219 1219.56235677319 0.26194255098889 2.00705995735257 -1200
671 1210.64756850698 1215.57198470419 0.261942765465502 2.00705985445556 -1200
672 1217.69686846529 1216.41422052358 0.261942979942113 2.00705975155855 -1200
673 1227.48299897867 1227.14486494989 0.261943194418724 2.00705964866153 -1200
674 1222.02323658632 1223.42407641247 0.261943408895335 2.00705954576451 -1200
675 1225.21908008995 1224.05477929568 0.261943623371945 2.00705944286747 -1200
676 1236.88399803497 1235.62683442571 0.261943837848556 2.00705933997044 -1200
677 1228.99011913935 1232.01951566025 0.261944052325166 2.00705923707339 -1200
678 1238.74997120999 1231.34282480399 0.261944266801776 2.00705913417635 -1200
679 1235.6032471975 1236.93362729233 0.261944481278385 2.00705903127929 -1200
680 1229.86132493517 1246.47623813054 0.261944695754995 2.00705892838223 -1200
681 1239.23770127258 1230.10557671385 0.261944910231604 2.00705882548516 -1200
682 1235.77939190454 1241.74106352337 0.261945124708213 2.00705872258809 -1200
683 1240.9599947277 1247.66870298138 0.261945339184821 2.00705861969101 -1200
684 1239.78145629149 1244.75193685566 0.26194555366143 2.00705851679393 -1200
685 1239.65174226299 1240.49991597782 0.261945768138038 2.00705841389684 -1200
686 1248.28330230726 1250.65363395219 0.261945982614646 2.00705831099975 -1200
687 1248.02427662581 1247.718483573 0.261946197091254 2.00705820810264 -1200
688 1251.23073402538 1257.72268888019 0.261946411567861 2.00705810520554 -1200
689 1241.23960620823 1263.51684592911 0.261946626044469 2.00705800230842 -1200
690 1258.65751960342 1258.47717707453 0.261946840521076 2.0070578994113 -1200
691 1247.93369855484 1250.99514235867 0.261947054997683 2.00705779651418 -1200
692 1266.45631350557 1261.09888919441 0.261947269474289 2.00705769361705 -1200
693 1262.34522936651 1259.5076954036 0.261947483950896 2.00705759071991 -1200
694 1265.13086604358 1264.46310999548 0.261947698427502 2.00705748782277 -1200
695 1259.04399360499 1260.15574735986 0.261947912904108 2.00705738492562 -1200
696 1267.28375701844 1270.05182583299 0.261948127380713 2.00705728202847 -1200
697 1266.99131094717 1268.11621458115 0.261948341857319 2.0070571791313 -1200
698 1274.03516971657 1266.55539798847 0.261948556333924 2.00705707623414 -1200
699 1277.72804453077 1268.3598139598 0.261948770810529 2.00705697333697 -1200
700 1275.60221679065 1279.97963692065 0.261948985287134 2.00705687043979 -1200
701 1275.28158595477 1279.08548653618 0.261949199763738 2.0070567675426 -1200
702 1273.2131099965 1276.54912542352 0.261949414240343 2.00705666464542 -1200
703 1280.61655499969 1284.73648026279 0.261949628716947 2.00705656174822 -1200
704 1287.29773005142 1280.73699913347 0.261949843193551 2.00705645885102 -1200
705 1289.15570397595 1289.6202086078 0.261950057670154 2.00705635595381 -1200
706 1293.81090145613 1286.2185731365 0.261950272146758 2.0070562530566 -1200
707 1289.8654785908 1287.79031020616 0.261950486623361 2.00705615015938 -1200
708 1287.70976502573 1289.94125145087 0.261950701099964 2.00705604726215 -1200
709 1294.9959768692 1294.65155763775 0.261950915576567 2.00705594436492 -1200
710 1301.09391160588 1297.17079210625 0.261951130053169 2.00705584146769 -1200
711 1293.79893668147 1299.40418240485 0.261951344529771 2.00705573857044 -1200
712 1301.0809185681 1296.27281158202 0.261951559006373 2.00705563567319 -1200
713 1308.29869495813 1309.44577141051 0.261951773482975 2.00705553277594 -1200
714 1303.37816588992 1303.11861424032 0.261951987959577 2.00705542987868 -1200
715 1312.76629792742 1308.7525884553 0.261952202436178 2.00705532698141 -1200
716 1310.074922313 1304.52014005803 0.261952416912779 2.00705522408414 -1200
717 1309.60476155845 1320.34938668329 0.26195263138938 2.00705512118686 -1200
718 1308.36494606152 1305.04774585813 0.26195284586598 2.00705501828958 -1200
719 1314.48149738247 1314.57091316194 0.261953060342581 2.00705491539229 -1200
720 1306.65114921624 1313.36221817168 0.261953274819181 2.00705481249499 -1200
721 1322.93468405049 1311.09053143572 0.261953489295781 2.00705470959769 -1200
722 1329.20709797583 1318.69184720597 0.261953703772381 2.00705460670039 -1200
723 1325.53187144933 1312.24373891771 0.26195391824898 2.00705450380307 -1200
724 1323.14826615 1314.01398367248 0.261954132725579 2.00705440090575 -1200
725 1324.3861659148 1324.47042918186 0.261954347202178 2.00705429800843 -1200
726 1322.2327125898 1325.94452984757 0.261954561678777 2.0070541951111 -1200
727 1330.47235779294 1321.36871721163 0.261954776155375 2.00705409221376 -1200
728 1330.77227457508 1323.28821767533 0.261954990631974 2.00705398931642 -1200
729 1342.9201221114 1335.07666868393 0.261955205108572 2.00705388641907 -1200
730 1337.80951719078 1328.66493675874 0.26195541958517 2.00705378352172 -1200
731 1331.40592287762 1333.25004866901 0.261955634061767 2.00705368062436 -1200
732 1337.8272038397 1329.7598382342 0.261955848538365 2.00705357772699 -1200
733 1340.13625356231 1333.89778258536 0.261956063014962 2.00705347482962 -1200
734 1335.63782692818 1346.26228961138 0.261956277491559 2.00705337193224 -1200
735 1339.65941931095 1347.36017516289 0.261956491968155 2.00705326903486 -1200
736 1347.18998413505 1341.23353320284 0.261956706444752 2.00705316613747 -1200
737 1339.22190327477 1356.61435776259 0.261956920921348 2.00705306324007 -1200
738 1356.76996295826 1342.16507267513 0.261957135397944 2.00705296034267 -1200
739 1343.14694666019 1347.87244401673 0.26195734987454 2.00705285744526 -1200
740 1341.6341079956 1357.28856017553 0.261957564351135 2.00705275454785 -1200
741 1352.55094556301 1354.71161117434 0.261957778827731 2.00705265165043 -1200
742 1357.63989896536 1356.7977493962 0.261957993304326 2.007052548753 -1200
743 1360.45675730493 1354.94032125759 0.261958207780921 2.00705244585557 -1200
744 1353.82912595649 1365.94418270948 0.261958422257515 2.00705234295814 -1200
745 1362.47159478453 1360.87162137102 0.26195863673411 2.00705224006069 -1200
746 1372.51596656958 1353.66281746092 0.261958851210704 2.00705213716325 -1200
747 1362.34955094166 1365.09928153021 0.261959065687298 2.00705203426579 -1200
748 1364.15042498009 1362.35916203175 0.261959280163891 2.00705193136833 -1200
749 1368.30212902165 1365.89180998925 0.261959494640485 2.00705182847086 -1200
750 1366.57326144145 1380.64157614373 0.261959709117078 2.00705172557339 -1200
751 1368.89613901487 1369.50844274879 0.261959923593671 2.00705162267591 -1200
752 1371.9541990493 1374.85753232451 0.261960138070264 2.00705151977843 -1200
753 1387.35678277369 1383.35279276366 0.261960352546856 2.00705141688094 -1200
754 1384.15306494167 1376.11001648456 0.261960567023448 2.00705131398345 -1200
755 1380.40519553109 1383.06547448323 0.26196078150004 2.00705121108594 -1200
756 1392.7009821703 1387.58146726638 0.261960995976632 2.00705110818844 -1200
757 1387.03555294667 1381.94790293365 0.261961210453224 2.00705100529092 -1200
758 1390.0119406153 1391.67173640452 0.261961424929815 2.00705090239341 -1200
759 1385.30970350203 1391.13949364737 0.261961639406406 2.00705079949588 -1200
760 1391.84533192955 1387.99410959537 0.261961853882997 2.00705069659835 -1200
761 1392.51617858924 1393.22553485546 0.261962068359588 2.00705059370081 -1200
762 1400.22837938908 1388.12469330601 0.261962282836178 2.00705049080327 -1200
763 1392.43524676419 1396.52034021755 0.261962497312769 2.00705038790572 -1200
764 1398.15486351 1399.35867065078 0.261962711789359 2.00705028500817 -1200
765 1401.39040885288 1406.94175529136 0.261962926265948 2.00705018211061 -1200
766 1406.86946304976 1410.28478927847 0.261963140742538 2.00705007921304 -1200
767 1399.35961190375 1403.96116340715 0.261963355219127 2.00704997631547 -1200
768 1403.94195065803 1401.46784682696 0.261963569695716 2.00704987341789 -1200
769 1409.99955226034 1403.54807549142 0.261963784172305 2.00704977052031 -1200
770 1405.9723334821 1408.57999888583 0.261963998648894 2.00704966762272 -1200
771 1410.16599945859 1415.50960514898 0.261964213125482 2.00704956472512 -1200
772 1411.65884362562 1417.18657535061 0.26196442760207 2.00704946182752 -1200
773 1424.23580550911 1409.26244306187 0.261964642078658 2.00704935892991 -1200
774 1412.86771114161 1412.91589795839 0.261964856555246 2.0070492560323 -1200
775 1413.31961670007 1418.79026088426 0.261965071031833 2.00704915313468 -1200
776 1413.68058707908 1413.71690089363 0.26196528550842 2.00704905023706 -1200
777 1425.63798824464 1429.74970763216 0.261965499985007 2.00704894733943 -1200
778 1428.10992896964 1426.31998862529 0.261965714461594 2.00704884444179 -1200
779 1420.97889087088 1427.02710939294 0.26196592893818 2.00704874154415 -1200
780 1427.62017024231 1427.06473910703 0.261966143414767 2.0070486386465 -1200
781 1425.15135346347 1429.32184978302 0.261966357891353 2.00704853574884 -1200
782 1433.40040215083 1423.6941992697 0.261966572367939 2.00704843285118 -1200
783 1436.38769761268 1432.18649826315 0.261966786844524 2.00704832995352 -1200
784 1428.83818762441 1433.88582929732 0.26196700132111 2.00704822705585 -1200
785 1441.56561414493 1438.38061895624 0.261967215797695 2.00704812415817 -1200
786 1443.64626398571 1445.14355041285 0.261967430274279 2.00704802126049 -1200
787 1443.32525932442 1442.94156143744 0.261967644750864 2.0070479183628 -1200
788 1452.36505031258 1437.29096895585 0.261967859227449 2.0070478154651 -1200
789 1446.85150065897 1448.33670831806 0.261968073704033 2.0070477125674 -1200
790 1446.1124737826 1444.59617263288 0.261968288180617 2.00704760966969 -1200
791 1442.13430071689 1450.78339302235 0.2619685026572 2.00704750677198 -1200
792 1446.72263595916 1450.81554649508 0.261968717133784 2.00704740387426 -1200
793 1455.84092290799 1453.26527998478 0.261968931610367 2.00704730097653 -1200
794 1454.74244905443 1454.1124544044 0.26196914608695 2.0070471980788 -1200
795 1461.20423308989 1452.26520619881 0.261969360563533 2.00704709518107 -1200
796 1457.29298709078 1459.93700749977 0.261969575040116 2.00704699228333 -1200
797 1453.84849276963 1462.9718537391 0.261969789516698 2.00704688938558 -1200
798 1457.45405765652 1468.17959421824 0.26197000399328 2.00704678648782 -1200
799 1459.39567252087 1467.92501283941 0.261970218469862 2.00704668359006 -1200
800 1468.13932063039 1460.56120538577 0.261970432946444 2.0070465806923 -1200
801 1470.60292485756 1473.45718980486 0.261970647423025 2.00704647779452 -1200
802 1478.53984745912 1474.35597169682 0.261970861899606 2.00704637489675 -1200
803 1473.73013754922 1480.84659132107 0.261971076376187 2.00704627199896 -1200
804 1472.17497731676 1473.7307612277 0.261971290852768 2.00704616910117 -1200
805 1483.72403515045 1470.75563382191 0.261971505329348 2.00704606620338 -1200
806 1478.80249605734 1482.7116282437 0.261971719805929 2.00704596330558 -1200
807 1479.21365283699 1477.9823925226 0.261971934282509 2.00704586040777 -1200
808 1490.96172553696 1487.67565106441 0.261972148759088 2.00704575750996 -1200
809 1475.32264716089 1487.68503378033 0.261972363235668 2.00704565461214 -1200
810 1483.15328727841 1488.42489533238 0.261972577712247 2.00704555171431 -1200
811 1488.98182796398 1485.74572871255 0.261972792188826 2.00704544881648 -1200
812 1497.30814839071 1487.90415624419 0.261973006665405 2.00704534591865 -1200
813 1485.02738766585 1488.55597189061 0.261973221141984 2.0070452430208 -1200
814 1491.29770739646 1491.13222201075 0.261973435618562 2.00704514012295 -1200
815 1490.8032722732 1502.8579350599 0.261973650095141 2.0070450372251 -1200
816 1503.52783363891 1498.61620386527 0.261973864571719 2.00704493432724 -1200
817 1505.60737440154 1496.08288367749 0.261974079048296 2.00704483142937 -1200
818 1495.36755030449 1496.89078016539 0.261974293524874 2.0070447285315 -1200
819 1500.76521485524 1500.66946633277 0.261974508001451 2.00704462563362 -1200
820 1507.53087658067 1507.2293776684 0.261974722478028 2.00704452273574 -1200
821 1509.11368204012 1507.72762492748 0.261974936954605 2.00704441983785 -1200
822 1503.3036474459 1518.10795051433 0.261975151431181 2.00704431693996 -1200
823 1506.49402403592 1517.36298515214 0.261975365907758 2.00704421404206 -1200
824 1505.70697697725 1513.00879103011 0.261975580384334 2.00704411114415 -1200
825 1516.81457077252 1517.1189076343 0.26197579486091 2.00704400824624 -1200
826 1514.14252648214 1516.75071032827 0.261976009337485 2.00704390534832 -1200
827 1519.98428660356 1515.73544141389 0.261976223814061 2.00704380245039 -1200
828 1521.38198634346 1513.3680466214 0.261976438290636 2.00704369955246 -1200
829 1521.54528940056 1526.66980435009 0.261976652767211 2.00704359665452 -1200
830 1525.97505750575 1529.30840532452 0.261976867243785 2.00704349375658 -1200
831 1530.63158824513 1519.13682889989 0.26197708172036 2.00704339085863 -1200
832 1524.99640863699 1523.58513131312 0.261977296196934 2.00704328796068 -1200
833 1526.41524628756 1538.14807954166 0.261977510673508 2.00704318506272 -1200
834 1546.75309977274 1528.27098354494 0.261977725150082 2.00704308216475 -1200
835 1532.1948146466 1535.68054307076 0.261977939626656 2.00704297926678 -1200
836 1539.79639788609 1536.7482437084 0.261978154103229 2.0070428763688 -1200
837 1537.37768298019 1537.94286864259 0.261978368579802 2.00704277347082 -1200
838 1546.14925363456 1550.02206290536 0.261978583056375 2.00704267057283 -1200
839 1545.71150089893 1547.41206553594 0.261978797532947 2.00704256767483 -1200
840 1549.88322760019 1548.32556821055 0.26197901200952 2.00704246477683 -1200
841 1551.30086671963 1545.27032707327 0.261979226486092 2.00704236187883 -1200
842 1550.69744264504 1549.61593523361 0.261979440962664 2.00704225898081 -1200
843 1551.53004059629 1550.73702133798 0.261979655439236 2.00704215608279 -1200
844 1553.52819967405 1548.88809233343 0.261979869915807 2.00704205318477 -1200
845 1552.46251617043 1557.5833907722 0.261980084392378 2.00704195028674 -1200
846 1557.42234932756 1553.40615868016 0.261980298868949 2.0070418473887 -1200
847 1561.51842515811 1561.59460359878 0.26198051334552 2.00704174449066 -1200
848 1558.56815603126 1550.36581475987 0.261980727822091 2.00704164159261 -1200
849 1557.25264820342 1563.52001914034 0.261980942298661 2.00704153869456 -1200
850 1564.58419472826 1569.9472206113 0.261981156775231 2.0070414357965 -1200
851 1560.47540091583 1556.40077320871 0.261981371251801 2.00704133289843 -1200
852 1567.00497766821 1555.44434843112 0.261981585728371 2.00704123000036 -1200
853 1574.79675328287 1571.37784180629 0.26198180020494 2.00704112710228 -1200
854 1572.97063801095 1568.71865003462 0.261982014681509 2.0070410242042 -1200
855 1573.30050292679 1571.91516101317 0.261982229158078 2.00704092130611 -1200
856 1574.83952447796 1583.24396037468 0.261982443634647 2.00704081840801 -1200
857 1582.5494020301 1580.0792153683 0.261982658111215 2.00704071550991 -1200
858 1573.63827973792 1576.06835390661 0.261982872587784 2.00704061261181 -1200
859 1586.14779784158 1572.81577566927 0.261983087064352 2.00704050971369 -1200
860 1589.45676048474 1587.79011343191 0.261983301540919 2.00704040681557 -1200
861 1587.10717673376 1586.57247977105 0.261983516017487 2.00704030391745 -1200
862 1596.53237696468 1585.16014724421 0.261983730494054 2.00704020101932 -1200
863 1584.79266125145 1585.94973689256 0.261983944970621 2.00704009812118 -1200
864 1590.89852782259 1605.03711781589 0.261984159447188 2.00703999522304 -1200
865 1583.76837099578 1598.46826411439 0.261984373923755 2.00703989232489 -1200
866 1598.35731249819 1595.04918462593 0.261984588400321 2.00703978942674 -1200
867 1601.85327546528 1604.05923910156 0.261984802876887 2.00703968652858 -1200
868 1604.75481417534 1594.7925476512 0.261985017353453 2.00703958363041 -1200
869 1598.97881671834 1599.61295512612 0.261985231830019 2.00703948073224 -1200
870 1604.24825394256 1604.29091998696 0.261985446306584 2.00703937783406 -1200
871 1591.82608969603 1599.72549732776 0.26198566078315 2.00703927493588 -1200
872 1614.42053559366 1603.52102590178 0.261985875259715 2.00703917203769 -1200
873 1609.5140836242 1609.31273386692 0.261986089736279 2.00703906913949 -1200
874 1609.42494461507 1613.93958805264 0.261986304212844 2.00703896624129 -1200
875 1620.60027988291 1615.05813421646 0.261986518689408 2.00703886334309 -1200
876 1614.95149200251 1620.25756540808 0.261986733165972 2.00703876044487 -1200
877 1616.29920098392 1619.11113487927 0.261986947642536 2.00703865754665 -1200
878 1619.28768165948 1614.86438530422 0.2619871621191 2.00703855464843 -1200
879 1617.16543087703 1624.69795309815 0.261987376595663 2.0070384517502 -1200
880 1624.26094559911 1628.73598020837 0.261987591072226 2.00703834885196 -1200
881 1626.68907678707 1626.9772514716 0.261987805548789 2.00703824595372 -1200
882 1625.75095468705 1627.64119561801 0.261988020025352 2.00703814305547 -1200
883 1634.60586122881 1628.68331437899 0.261988234501914 2.00703804015722 -1200
884 1623.20831930731 1632.55981293288 0.261988448978477 2.00703793725896 -1200
885 1637.03800609555 1635.88688539668 0.261988663455039 2.00703783436069 -1200
886 1624.94700723569 1626.36278176179 0.2619888779316 2.00703773146242 -1200
887 1631.13639228851 1640.18654056964 0.261989092408162 2.00703762856414 -1200
888 1636.60856323407 1633.39637012849 0.261989306884723 2.00703752566586 -1200
889 1639.27194132214 1642.48982899875 0.261989521361284 2.00703742276757 -1200
890 1642.24897486165 1644.28540543473 0.261989735837845 2.00703731986928 -1200
891 1644.06523122715 1643.86248797134 0.261989950314406 2.00703721697097 -1200
892 1645.25006970958 1637.57634795287 0.261990164790966 2.00703711407267 -1200
893 1651.06871791992 1644.12483854075 0.261990379267526 2.00703701117435 -1200
894 1649.1751865295 1653.94326361547 0.261990593744086 2.00703690827604 -1200
895 1655.3374215207 1646.50424038109 0.261990808220646 2.00703680537771 -1200
896 1646.62410367133 1649.76913694559 0.261991022697205 2.00703670247938 -1200
897 1655.25958268323 1656.17212896288 0.261991237173765 2.00703659958104 -1200
898 1659.94808479406 1662.04980713942 0.261991451650324 2.0070364966827 -1200
899 1658.25925132812 1659.09607865582 0.261991666126882 2.00703639378435 -1200
900 1662.96981958758 1663.07425132622 0.261991880603441 2.007036290886 -1200
901 1662.30943566025 1665.45004160846 0.261992095079999 2.00703618798764 -1200
902 1668.67735584552 1664.55417349154 0.261992309556557 2.00703608508927 -1200
903 1660.71370869768 1669.75421662827 0.261992524033115 2.0070359821909 -1200
904 1672.37333776523 1662.23309617677 0.261992738509673 2.00703587929252 -1200
905 1665.20089143648 1676.78060673609 0.26199295298623 2.00703577639414 -1200
906 1677.44068224757 1672.0844651215 0.261993167462787 2.00703567349575 -1200
907 1661.31800432695 1672.99063712167 0.261993381939344 2.00703557059736 -1200
908 1677.39909717193 1677.13310096001 0.261993596415901 2.00703546769895 -1200
909 1677.66708198035 1680.97265245816 0.261993810892457 2.00703536480055 -1200
910 1678.37219631322 1684.45929812329 0.261994025369013 2.00703526190213 -1200
911 1676.28586240053 1676.9905124675 0.261994239845569 2.00703515900372 -1200
912 1678.17038254629 1689.28446678659 0.261994454322125 2.00703505610529 -1200
913 1684.81874642108 1689.34627287951 0.261994668798681 2.00703495320686 -1200
914 1698.28640178685 1686.35391812673 0.261994883275236 2.00703485030842 -1200
915 1693.02198217732 1684.61864635975 0.261995097751791 2.00703474740998 -1200
916 1688.40931922368 1695.5426665402 0.261995312228346 2.00703464451153 -1200
917 1688.7179204387 1698.43505748636 0.2619955267049 2.00703454161308 -1200
918 1703.76242432946 1697.7520495177 0.261995741181455 2.00703443871462 -1200
919 1696.84867090385 1703.23690137394 0.261995955658009 2.00703433581615 -1200
920 1704.67368362443 1697.61849478403 0.261996170134563 2.00703423291768 -1200
921 1703.414439049 1692.09307899327 0.261996384611116 2.0070341300192 -1200
922 1704.11291190417 1707.93189838774 0.26199659908767 2.00703402712072 -1200
923 1704.15447962827 1714.39111889468 0.261996813564223 2.00703392422223 -1200
924 1704.82723369268 1717.29965701833 0.261997028040776 2.00703382132374 -1200
925 1710.01349783353 1709.9835902464 0.261997242517329 2.00703371842524 -1200
926 1709.52486330136 1714.74471473051 0.261997456993881 2.00703361552673 -1200
927 1717.91108140691 1715.78634362207 0.261997671470434 2.00703351262822 -1200
928 1714.34408223305 1708.41507995072 0.261997885946986 2.0070334097297 -1200
929 1723.95598899965 1720.35562325128 0.261998100423537 2.00703330683117 -1200
930 1721.53237173613 1721.87686883958 0.261998314900089 2.00703320393264 -1200
931 1719.33843261959 1720.97355548583 0.26199852937664 2.00703310103411 -1200
932 1735.2682034789 1725.31347114096 0.261998743853192 2.00703299813556 -1200
933 1722.22539789663 1718.92808126692 0.261998958329742 2.00703289523701 -1200
934 1732.54079739051 1724.26552117198 0.261999172806293 2.00703279233846 -1200
935 1727.43470158699 1730.03260563776 0.261999387282844 2.0070326894399 -1200
936 1726.81861237157 1732.91370955023 0.261999601759394 2.00703258654134 -1200
937 1735.28336578011 1733.07950637939 0.261999816235944 2.00703248364276 -1200
938 1730.17013932106 1732.40685328514 0.262000030712493 2.00703238074419 -1200
939 1735.94293827224 1731.41751343161 0.262000245189043 2.0070322778456 -1200
940 1739.2272855356 1744.76794504341 0.262000459665592 2.00703217494701 -1200
941 1735.34010894908 1736.68665010454 0.262000674142141 2.00703207204842 -1200
942 1743.5758289875 1739.68991465184 0.26200088861869 2.00703196914982 -1200
943 1741.80427070145 1741.86287663472 0.262001103095239 2.00703186625121 -1200
944 1735.20075688452 1748.29279350602 0.262001317571787 2.0070317633526 -1200
945 1749.95395258124 1740.20626458832 0.262001532048335 2.00703166045398 -1200
946 1748.32700625528 1752.73474949536 0.262001746524883 2.00703155755535 -1200
947 1748.93204473959 1750.49926054456 0.262001961001431 2.00703145465672 -1200
948 1752.18715228577 1756.59729115201 0.262002175477978 2.00703135175809 -1200
949 1742.95471086153 1759.49011269007 0.262002389954525 2.00703124885944 -1200
950 1747.44139246608 1750.76234185147 0.262002604431072 2.0070311459608 -1200
951 1755.63163378946 1759.41630513689 0.262002818907619 2.00703104306214 -1200
952 1757.54979850731 1759.62760442712 0.262003033384166 2.00703094016348 -1200
953 1757.92411534531 1762.59891127744 0.262003247860712 2.00703083726482 -1200
954 1775.12626571363 1759.36722851098 0.262003462337258 2.00703073436615 -1200
955 1767.67089291076 1768.13587706866 0.262003676813804 2.00703063146747 -1200
956 1759.82714511643 1772.4162643218 0.262003891290349 2.00703052856878 -1200
957 1769.95802586834 1772.45223003217 0.262004105766895 2.0070304256701 -1200
958 1786.38530977847 1766.06466042623 0.26200432024344 2.0070303227714 -1200
959 1773.66563141648 1773.9068978212 0.262004534719985 2.0070302198727 -1200
960 1776.52534916506 1778.43184127453 0.262004749196529 2.00703011697399 -1200
961 1783.63895814588 1779.02267841669 0.262004963673074 2.00703001407528 -1200
962 1785.99629804286 1776.3473494585 0.262005178149618 2.00702991117656 -1200
963 1774.56043543606 1786.57273775123 0.262005392626162 2.00702980827784 -1200
964 1781.90797034499 1791.44046801702 0.262005607102705 2.00702970537911 -1200
965 1786.80773696061 1784.31520547541 0.262005821579249 2.00702960248037 -1200
966 1787.87752354553 1779.24495205509 0.262006036055792 2.00702949958163 -1200
967 1771.35775378078 1786.91812005883 0.262006250532335 2.00702939668288 -1200
968 1792.28030629486 1792.71625378194 0.262006465008878 2.00702929378412 -1200
969 1786.70471957687 1793.3636827214 0.262006679485421 2.00702919088536 -1200
970 1796.2043483788 1782.42677050818 0.262006893961963 2.0070290879866 -1200
971 1801.69101769962 1798.6981496366 0.262007108438505 2.00702898508783 -1200
972 1796.35509166701 1798.44912415942 0.262007322915047 2.00702888218905 -1200
973 1809.63501755896 1805.71675632405 0.262007537391589 2.00702877929027 -1200
974 1802.2444900077 1810.22837153673 0.26200775186813 2.00702867639148 -1200
975 1803.83676347499 1797.11430662348 0.262007966344671 2.00702857349268 -1200
976 1810.9818054214 1805.25165574274 0.262008180821212 2.00702847059388 -1200
977 1810.48607726125 1807.20398727985 0.262008395297753 2.00702836769507 -1200
978 1819.37301461014 1810.05973466647 0.262008609774293 2.00702826479626 -1200
979 1819.04340884069 1819.23533186399 0.262008824250834 2.00702816189744 -1200
980 1812.82876246929 1812.33245635895 0.262009038727374 2.00702805899862 -1200
981 1813.68839642842 1816.41617897015 0.262009253203913 2.00702795609979 -1200
982 1826.1460017382 1813.01292221557 0.262009467680453 2.00702785320095 -1200
983 1826.04930177802 1823.29056251255 0.262009682156992 2.00702775030211 -1200
984 1825.87619204324 1822.00632352325 0.262009896633531 2.00702764740326 -1200
985 1818.64828588819 1820.42831391222 0.26201011111007 2.00702754450441 -1200
986 1833.25447117698 1826.47532657868 0.262010325586609 2.00702744160555 -1200
987 1823.55941841236 1830.47122186081 0.262010540063147 2.00702733870668 -1200
988 1828.39471679407 1826.13503090717 0.262010754539685 2.00702723580781 -1200
989 1832.68948618539 1833.96796322551 0.262010969016223 2.00702713290893 -1200
990 1833.87543250578 1842.53346267289 0.262011183492761 2.00702703001005 -1200
991 1837.61246073114 1835.05398837239 0.262011397969299 2.00702692711116 -1200
992 1829.1248915924 1843.35160500809 0.262011612445836 2.00702682421226 -1200
993 1833.92231541735 1845.33316069971 0.262011826922373 2.00702672131336 -1200
994 1841.638459406 1843.52354200238 0.26201204139891 2.00702661841446 -1200
995 1847.14980394049 1849.49839380308 0.262012255875446 2.00702651551554 -1200
996 1843.86190810961 1836.98838846781 0.262012470351982 2.00702641261662 -1200
997 1841.82431940573 1847.25334762503 0.262012684828519 2.0070263097177 -1200
998 1847.57700020548 1848.6229442245 0.262012899305054 2.00702620681877 -1200
999 1851.66603767265 1849.59757568024 0.26201311378159 2.00702610391983 -1200
1000 1854.50214159389 1845.8047948661 0.262013328258126 2.00702600102089 -1200
1001 1854.53084282602 1852.26907080481 0.262013542734661 2.00702589812194 -1200
1002 1856.58614885717 1856.61558958291 0.262013757211196 2.00702579522299 -1200
1003 1867.53677647734 1860.70187631489 0.26201397168773 2.00702569232403 -1200
1004 1861.1732565951 1854.01600622153 0.262014186164265 2.00702558942506 -1200
1005 1860.73346330657 1857.20140285848 0.262014400640799 2.00702548652609 -1200
1006 1864.15741242695 1865.12412875079 0.262014615117333 2.00702538362711 -1200
1007 1874.19370267325 1860.06125876343 0.262014829593867 2.00702528072813 -1200
1008 1861.62196999755 1866.04650913611 0.2620150440704 2.00702517782914 -1200
1009 1870.09246358751 1875.21604727204 0.262015258546934 2.00702507493015 -1200
1010 1874.12938666462 1875.22183169517 0.262015473023467 2.00702497203115 -1200
1011 1874.69505904776 1877.87956359543 0.2620156875 2.00702486913214 -1200
1012 1872.50556392957 1882.81745356165 0.262015901976532 2.00702476623313 -1200
1013 1882.00288906875 1884.36449038859 0.262016116453065 2.00702466333411 -1200
1014 1872.5011227546 1874.53225626066 0.262016330929597 2.00702456043508 -1200
1015 1885.92123783475 1872.55379142436 0.262016545406129 2.00702445753605 -1200
1016 1877.99795468976 1879.6445310726 0.26201675988266 2.00702435463702 -1200
1017 1883.87064749192 1881.10848016177 0.262016974359192 2.00702425173797 -1200
1018 1889.4866365173 1883.08443734169 0.262017188835723 2.00702414883893 -1200
1019 1890.10947754591 1882.92714338424 0.262017403312254 2.00702404593987 -1200
1020 1886.9779984395 1887.05516676551 0.262017617788785 2.00702394304081 -1200
1021 1891.70719722917 1904.18892472934 0.262017832265315 2.00702384014175 -1200
1022 1902.30318081139 1899.75455251607 0.262018046741846 2.00702373724267 -1200
1023 1899.40079585621 1888.97336162103 0.262018261218376 2.0070236343436 -1200
1024 1900.38408015246 1898.60026832952 0.262018475694906 2.00702353144451 -1200
1025 1898.32192618405 1901.61512305056 0.262018690171435 2.00702342854542 -1200
1026 1900.58610056214 1892.22272728501 0.262018904647965 2.00702332564633 -1200
1027 1905.76975172741 1903.2516695351 0.262019119124494 2.00702322274723 -1200
1028 1898.04883932669 1901.95648186004 0.262019333601023 2.00702311984812 -1200
1029 1911.30776508238 1902.4447104765 0.262019548077551 2.00702301694901 -1200
1030 1912.16507458688 1921.75374138879 0.26201976255408 2.00702291404989 -1200
1031 1916.60993071023 1910.97483201813 0.262019977030608 2.00702281115077 -1200
1032 1914.4497597077 1912.50038961438 0.262020191507136 2.00702270825164 -1200
1033 1917.6172093454 1919.383769861 0.262020405983664 2.0070226053525 -1200
1034 1931.09581420488 1911.44348028041 0.262020620460191 2.00702250245336 -1200
1035 1920.91901165077 1919.30655483334 0.262020834936719 2.00702239955421 -1200
1036 1924.49889036632 1921.24731077836 0.262021049413246 2.00702229665505 -1200
1037 1930.23716383371 1927.02682187736 0.262021263889773 2.00702219375589 -1200
1038 1935.16111336775 1918.20686275753 0.262021478366299 2.00702209085673 -1200
1039 1931.00990490252 1940.66197959122 0.262021692842826 2.00702198795756 -1200
1040 1929.11945413165 1936.81799927675 0.262021907319352 2.00702188505838 -1200
1041 1930.22637564368 1933.59507729759 0.262022121795878 2.0070217821592 -1200
1042 1938.94420546108 1933.96070831434 0.262022336272403 2.00702167926001 -1200
1043 1939.621563056 1937.48414927173 0.262022550748929 2.00702157636081 -1200
1044 1934.47884318101 1942.74919802226 0.262022765225454 2.00702147346161 -1200
1045 1931.11338261954 1933.87212579472 0.262022979701979 2.0070213705624 -1200
1046 1943.87137686316 1942.77378126728 0.262023194178504 2.00702126766319 -1200
1047 1950.23116438337 1938.82296740335 0.262023408655028 2.00702116476397 -1200
1048 1941.40352629233 1945.99346325709 0.262023623131553 2.00702106186475 -1200
1049 1943.4345282464 1946.4961579125 0.262023837608077 2.00702095896552 -1200
1050 1939.57110891805 1950.85063086307 0.2620240520846 2.00702085606628 -1200
1051 1946.05445175893 1954.55758232417 0.262024266561124 2.00702075316704 -1200
1052 1957.83162124497 1956.41511482115 0.262024481037647 2.00702065026779 -1200
1053 1956.36225103468 1949.73629123267 0.262024695514171 2.00702054736854 -1200
1054 1962.9912324044 1949.85928126148 0.262024909990693 2.00702044446928 -1200
1055 1955.45209916658 1956.33731732667 0.262025124467216 2.00702034157001 -1200
1056 1966.13321997964 1966.10356245384 0.262025338943739 2.00702023867074 -1200
1057 1972.48018449389 1973.54163837217 0.262025553420261 2.00702013577146 -1200
1058 1968.83883349597 1960.61005639475 0.262025767896783 2.00702003287218 -1200
1059 1968.22131129376 1969.27044602351 0.262025982373305 2.00701992997289 -1200
1060 1973.55135647507 1961.45117272797 0.262026196849826 2.0070198270736 -1200
1061 1973.19808594791 1969.47408264455 0.262026411326347 2.00701972417429 -1200
1062 1959.51781980476 1975.87661644716 0.262026625802868 2.00701962127499 -1200
1063 1977.03457253743 1981.28531004407 0.262026840279389 2.00701951837567 -1200
1064 1977.46676076958 1969.82230840549 0.26202705475591 2.00701941547636 -1200
1065 1973.77752135852 1981.62905427883 0.26202726923243 2.00701931257703 -1200
1066 1976.9721320239 1973.61271711984 0.26202748370895 2.0070192096777 -1200
1067 1984.47315155262 1979.27656836745 0.26202769818547 2.00701910677836 -1200
1068 1984.36280989811 1979.63838278851 0.26202791266199 2.00701900387902 -1200
1069 1979.52539973446 1987.69287260302 0.262028127138509 2.00701890097967 -1200
1070 1981.99680182415 1981.99162073032 0.262028341615029 2.00701879808032 -1200
1071 1987.214332877 1987.74089249938 0.262028556091548 2.00701869518096 -1200
1072 1997.36141797887 1989.91349864712 0.262028770568066 2.0070185922816 -1200
1073 1998.53846896253 1997.28042011554 0.262028985044585 2.00701848938222 -1200
1074 1993.63328204339 1998.00019004789 0.262029199521103 2.00701838648285 -1200
1075 1990.43564979427 2000.53366139778 0.262029413997621 2.00701828358346 -1200
1076 1989.99937842071 2003.17300582627 0.262029628474139 2.00701818068407 -1200
1077 1999.32547563545 1998.03960407411 0.262029842950657 2.00701807778468 -1200
1078 1994.75583775401 2007.07824408655 0.262030057427174 2.00701797488528 -1200
1079 2006.57722643281 1999.60897477848 0.262030271903691 2.00701787198587 -1200
1080 2007.82827841119 2005.81116500215 0.262030486380208 2.00701776908646 -1200
1081 2014.79438390165 2011.10360124558 0.262030700856725 2.00701766618704 -1200
1082 2001.23163904884 2009.29155781396 0.262030915333241 2.00701756328762 -1200
1083 2012.43054944921 2007.60366522899 0.262031129809757 2.00701746038818 -1200
1084 2021.07573224692 2017.02533709827 0.262031344286273 2.00701735748875 -1200
1085 2017.86537442912 2013.48984441439 0.262031558762789 2.00701725458931 -1200
1086 2014.46074755088 2013.4659661993 0.262031773239304 2.00701715168986 -1200
1087 2018.38496787258 2012.96000272132 0.26203198771582 2.0070170487904 -1200
1088 2018.36228951797 2020.18125609883 0.262032202192335 2.00701694589094 -1200
1089 2030.57843403351 2023.77536727613 0.26203241666885 2.00701684299148 -1200
1090 2029.39910516037 2029.35751322417 0.262032631145364 2.00701674009201 -1200
1091 2017.63621754408 2032.84787859075 0.262032845621878 2.00701663719253 -1200
1092 2029.79318456682 2025.13741799367 0.262033060098393 2.00701653429305 -1200
1093 2037.19717350078 2040.02183843415 0.262033274574906 2.00701643139356 -1200
1094 2033.65632831707 2032.55022873415 0.26203348905142 2.00701632849406 -1200
1095 2041.84875734495 2032.12670530487 0.262033703527934 2.00701622559456 -1200
1096 2033.62535749898 2039.48419538997 0.262033918004447 2.00701612269505 -1200
1097 2034.18881531776 2031.96720199818 0.26203413248096 2.00701601979554 -1200
1098 2047.16845851145 2045.72515148442 0.262034346957472 2.00701591689602 -1200
1099 2047.49639300504 2036.04101910183 0.262034561433985 2.0070158139965 -1200
1100 2046.38934221115 2048.02046721332 0.262034775910497 2.00701571109697 -1200
1101 2050.38751981727 2055.37235214037 0.262034990387009 2.00701560819743 -1200
1102 2052.47812563685 2038.11531615497 0.262035204863521 2.00701550529789 -1200
1103 2047.13308491939 2044.7714078469 0.262035419340033 2.00701540239834 -1200
1104 2044.07257733484 2052.61130206122 0.262035633816544 2.00701529949879 -1200
1105 2046.68070844547 2055.28277642703 0.262035848293055 2.00701519659923 -1200
1106 2044.37304650749 2053.69750090308 0.262036062769566 2.00701509369966 -1200
1107 2052.26760354493 2060.0795608835 0.262036277246077 2.00701499080009 -1200
1108 2057.21319782816 2063.96544399449 0.262036491722587 2.00701488790051 -1200
1109 2069.16365533535 2071.87281668124 0.262036706199097 2.00701478500093 -1200
1110 2066.665063531 2060.48486066915 0.262036920675607 2.00701468210134 -1200
1111 2069.2162279307 2066.26953864126 0.262037135152117 2.00701457920175 -1200
1112 2074.34441518225 2067.37209756536 0.262037349628626 2.00701447630214 -1200
1113 2070.40305193983 2067.52819743503 0.262037564105136 2.00701437340254 -1200
1114 2069.47723691084 2073.55331428225 0.262037778581645 2.00701427050292 -1200
1115 2070.16894113061 2075.10146571779 0.262037993058153 2.00701416760331 -1200
1116 2073.88704217651 2071.06250081129 0.262038207534662 2.00701406470368 -1200
1117 2083.20060019035 2084.32318518708 0.26203842201117 2.00701396180405 -1200
1118 2081.47190418591 2084.76357420062 0.262038636487678 2.00701385890441 -1200
1119 2078.10545262867 2078.76208054358 0.262038850964186 2.00701375600477 -1200
1120 2088.47251664611 2082.26143304064 0.262039065440694 2.00701365310512 -1200
1121 2095.84292502339 2086.4045266876 0.262039279917201 2.00701355020547 -1200
1122 2092.13436966227 2089.91437577167 0.262039494393709 2.00701344730581 -1200
1123 2091.83378952214 2092.07903216615 0.262039708870215 2.00701334440615 -1200
1124 2086.00612858583 2095.92203194573 0.262039923346722 2.00701324150647 -1200
1125 2083.90668278699 2087.47991336843 0.262040137823229 2.0070131386068 -1200
1126 2098.46317830074 2107.4266601814 0.262040352299735 2.00701303570711 -1200
1127 2100.31415037118 2098.19297182989 0.262040566776241 2.00701293280742 -1200
1128 2101.30015341204 2099.61114058084 0.262040781252747 2.00701282990773 -1200
1129 2100.68822276028 2102.01438254433 0.262040995729252 2.00701272700803 -1200
1130 2105.74827034347 2112.85305441424 0.262041210205758 2.00701262410832 -1200
1131 2095.09815764443 2113.42943008613 0.262041424682263 2.00701252120861 -1200
1132 2102.9374973333 2101.71502360098 0.262041639158768 2.00701241830889 -1200
1133 2108.97266909566 2110.84374577395 0.262041853635272 2.00701231540917 -1200
1134 2094.97546254748 2109.85712283956 0.262042068111777 2.00701221250943 -1200
1135 2112.06310644746 2119.40281874715 0.262042282588281 2.0070121096097 -1200
1136 2109.1553854827 2112.84829327154 0.262042497064785 2.00701200670996 -1200
1137 2121.43388059576 2118.54749539692 0.262042711541288 2.00701190381021 -1200
1138 2126.63654059017 2115.13236803247 0.262042926017792 2.00701180091045 -1200
1139 2110.05308335956 2120.8753543432 0.262043140494295 2.00701169801069 -1200
1140 2121.57220419552 2114.31618752961 0.262043354970798 2.00701159511093 -1200
1141 2122.79388311668 2119.43236938923 0.262043569447301 2.00701149221116 -1200
1142 2118.49832134909 2125.43256930447 0.262043783923804 2.00701138931138 -1200
1143 2126.38450714374 2123.84830000341 0.262043998400306 2.0070112864116 -1200
1144 2125.3777535655 2123.80543480178 0.262044212876808 2.00701118351181 -1200
1145 2125.49915422811 2130.00606198871 0.26204442735331 2.00701108061201 -1200
1146 2137.52160520792 2128.06397419251 0.262044641829811 2.00701097771221 -1200
1147 2140.02140461644 2144.99374897126 0.262044856306313 2.0070108748124 -1200
1148 2136.63501090479 2136.61338779393 0.262045070782814 2.00701077191259 -1200
1149 2137.44677423474 2149.37541408988 0.262045285259315 2.00701066901277 -1200
1150 2145.35120683131 2152.31523350264 0.262045499735816 2.00701056611295 -1200
1151 2141.65959908718 2149.1358171166 0.262045714212316 2.00701046321312 -1200
1152 2143.83964387827 2141.39957183089 0.262045928688816 2.00701036031328 -1200
1153 2157.00799506876 2152.87086978679 0.262046143165316 2.00701025741344 -1200
1154 2154.76387231423 2136.51302521125 0.262046357641816 2.00701015451359 -1200
1155 2154.64338114859 2149.70554977715 0.262046572118316 2.00701005161374 -1200
1156 2149.8613739038 2144.05275268952 0.262046786594815 2.00700994871388 -1200
1157 2156.50426561083 2150.0344802319 0.262047001071314 2.00700984581401 -1200
1158 2158.46337117299 2151.9318658693 0.262047215547813 2.00700974291414 -1200
1159 2166.74704444294 2153.16905873669 0.262047430024312 2.00700964001426 -1200
1160 2165.28263248984 2157.43312074956 0.26204764450081 2.00700953711438 -1200
1161 2164.32709485493 2162.81206827224 0.262047858977308 2.00700943421449 -1200
1162 2164.06593579419 2162.14869127291 0.262048073453806 2.0070093313146 -1200
1163 2163.47261423805 2166.04648294553 0.262048287930304 2.0070092284147 -1200
1164 2166.70014792179 2169.23929780392 0.262048502406801 2.00700912551479 -1200
1165 2178.05733677531 2166.42524805877 0.262048716883298 2.00700902261488 -1200
1166 2174.54579712255 2171.70142597175 0.262048931359795 2.00700891971496 -1200
1167 2176.43518475735 2170.34481750527 0.262049145836292 2.00700881681503 -1200
1168 2182.20365108344 2167.38114588378 0.262049360312789 2.0070087139151 -1200
1169 2182.13804140233 2174.46465116295 0.262049574789285 2.00700861101517 -1200
1170 2173.55722090557 2178.03832005833 0.262049789265781 2.00700850811522 -1200
1171 2178.13766314488 2184.64461963459 0.262050003742277 2.00700840521528 -1200
1172 2182.85871656227 2188.65701730999 0.262050218218773 2.00700830231532 -1200
1173 2188.82396002303 2185.47690074908 0.262050432695268 2.00700819941536 -1200
1174 2182.88465172479 2193.02632455196 0.262050647171763 2.0070080965154 -1200
1175 2184.60326602761 2181.99953792118 0.262050861648258 2.00700799361542 -1200
1176 2186.75538954646 2189.81379519201 0.262051076124753 2.00700789071545 -1200
1177 2197.67380655555 2200.38212510002 0.262051290601247 2.00700778781546 -1200
1178 2200.65529119931 2197.95072453415 0.262051505077741 2.00700768491547 -1200
1179 2203.03424419159 2190.41813919428 0.262051719554235 2.00700758201548 -1200
1180 2195.86737363673 2199.06779547279 0.262051934030729 2.00700747911548 -1200
1181 2201.98108810562 2207.24140740137 0.262052148507223 2.00700737621547 -1200
1182 2197.3136416814 2205.07335526528 0.262052362983716 2.00700727331546 -1200
1183 2211.52491737998 2210.76664991506 0.262052577460209 2.00700717041544 -1200
1184 2209.14210642046 2200.39265397223 0.262052791936702 2.00700706751542 -1200
1185 2208.82868286309 2204.74721484373 0.262053006413195 2.00700696461538 -1200
1186 2221.31413853493 2211.1501758457 0.262053220889687 2.00700686171535 -1200
1187 2205.54037037605 2207.89619456533 0.262053435366179 2.00700675881531 -1200
1188 2209.5373272831 2218.59948762968 0.262053649842671 2.00700665591526 -1200
1189 2207.36905064818 2216.74147181262 0.262053864319163 2.0070065530152 -1200
1190 2217.7029214031 2216.67208907584 0.262054078795654 2.00700645011515 -1200
1191 2216.92850507999 2227.86387359845 0.262054293272145 2.00700634721508 -1200
1192 2216.84617582232 2215.8887979811 0.262054507748636 2.00700624431501 -1200
1193 2224.48110390482 2221.40402990333 0.262054722225127 2.00700614141493 -1200
1194 2215.34085083468 2229.31670426606 0.262054936701618 2.00700603851485 -1200
1195 2236.56079608757 2228.23450451898 0.262055151178108 2.00700593561476 -1200
1196 2222.05600554033 2222.40045654004 0.262055365654598 2.00700583271466 -1200
1197 2228.8529088357 2230.43877011626 0.262055580131088 2.00700572981456 -1200
1198 2241.89538052528 2230.49437402929 0.262055794607577 2.00700562691446 -1200
1199 2236.6383457651 2234.50745759975 0.262056009084067 2.00700552401434 -1200
1200 2239.34389650834 2243.18489729282 0.262056223560556 2.00700542111422 -1200
1201 2238.56229297259 2224.77496825571 0.262056438037045 2.0070053182141 -1200
1202 2245.38866177073 2235.04937349677 0.262056652513533 2.00700521531397 -1200
1203 2245.40712703285 2252.97284125211 0.262056866990022 2.00700511241383 -1200
1204 2254.00061439066 2243.21309059133 0.26205708146651 2.00700500951369 -1200
1205 2248.5868941093 2254.95046474085 0.262057295942998 2.00700490661354 -1200
1206 2251.70016533066 2256.89136269967 0.262057509895824 2.00700480255796 -1200
1207 2251.91033387138 2254.22892659367 0.262057722789595 2.00700469619723 -1200
1208 2254.8762413821 2255.96816168693 0.262057934600908 2.00700458754288 -1200
1209 2248.84317514449 2248.6353802382 0.262058145306478 2.00700447660671 -1200
1210 2265.21786167874 2262.6541823885 0.262058354883142 2.00700436340074 -1200
1211 2260.49960172735 2257.34046177061 0.26205856330786 2.00700424793727 -1200
1212 2259.22955802717 2265.14492377579 0.262058770557718 2.00700413022884 -1200
1213 2263.72634126672 2251.13308193467 0.262058976609933 2.00700401028822 -1200
1214 2268.68463822581 2266.21264432245 0.26205918144185 2.00700388812844 -1200
1215 2267.31156002458 2261.78183295203 0.262059385030951 2.00700376376276 -1200
1216 2266.74473268005 2267.52385490464 0.262059587354853 2.00700363720471 -1200
1217 2271.58358448645 2275.60855696306 0.262059788391311 2.00700350846803 -1200
1218 2270.3635182946 2276.24612616295 0.262059988118223 2.00700337756671 -1200
1219 2278.82380608389 2275.88520470844 0.262060186513628 2.00700324451498 -1200
1220 2267.20292124101 2266.42423708179 0.262060383555713 2.00700310932731 -1200
1221 2271.33643673494 2280.81736599788 0.262060579222813 2.00700297201838 -1200
1222 2280.01263814266 2277.23547812306 0.262060773493414 2.00700283260314 -1200
1223 2284.94907149517 2280.54158929082 0.262060966346155 2.00700269109673 -1200
1224 2282.03595590451 2288.27520594205 0.26206115775983 2.00700254751457 -1200
1225 2286.03781174118 2285.23790707243 0.262061347713391 2.00700240187225 -1200
1226 2289.57794037449 2285.49110150396 0.26206153618595 2.00700225418564 -1200
1227 2282.13590664429 2283.85774244175 0.262061723156782 2.00700210447078 -1200
1228 2285.22897906023 2283.05356295227 0.262061908605327 2.00700195274399 -1200
1229 2296.06152582093 2286.31279261467 0.26206209251119 2.00700179902176 -1200
1230 2296.27486681833 2294.06481335491 0.262062274854147 2.00700164332083 -1200
1231 2297.55419820781 2291.61416458848 0.262062455614145 2.00700148565814 -1200
1232 2294.59272408026 2293.67148781074 0.262062634771304 2.00700132605087 -1200
1233 2305.69195609839 2298.04151390416 0.26206281230592 2.00700116451637 -1200
1234 2303.93532337642 2299.02001050058 0.262062988198469 2.00700100107225 -1200
1235 2297.7724977028 2300.10572647019 0.262063162429603 2.0070008357363 -1200
1236 2299.21048665515 2302.24277042869 0.262063334980159 2.00700066852652 -1200
1237 2302.68844456938 2307.33805895619 0.262063505831158 2.00700049946112 -1200
1238 2305.24142375072 2298.20816943596 0.262063674963807 2.00700032855851 -1200
1239 2304.90996142019 2308.53557829617 0.262063842359502 2.00700015583731 -1200
1240 2306.66722017076 2313.85908286699 0.262064007999827 2.00699998131634 -1200
1241 2318.84061789386 2309.55550199167 0.262064171866563 2.0069998050146 -1200
1242 2309.93178156173 2303.71675051419 0.262064333941681 2.0069996269513 -1200
1243 2310.70335021824 2312.67180292696 0.262064494207352 2.00699944714584 -1200
1244 2313.03366983588 2310.38272893308 0.262064652645943 2.00699926561781 -1200
1245 2316.70580834322 2310.17238151266 0.262064809240022 2.006999082387 -1200
1246 2309.38481537043 2314.8847163717 0.26206496397236 2.00699889747336 -1200
1247 2317.99304382746 2314.16629505406 0.262065116825931 2.00699871089705 -1200
1248 2318.97604094983 2313.31625559438 0.262065267783917 2.0069985226784 -1200
1249 2320.42922201159 2321.01892788002 0.262065416829705 2.00699833283792 -1200
1250 2320.72333193655 2319.1807108863 0.262065563946894 2.00699814139632 -1200
1251 2320.66547250238 2318.23998544173 0.262065709119294 2.00699794837444 -1200
1252 2329.36026220992 2315.65020251666 0.262065852330927 2.00699775379334 -1200
1253 2332.15419650958 2319.36816983208 0.262065993566032 2.00699755767423 -1200
1254 2328.23504088567 2318.65830402402 0.262066132809063 2.00699736003847 -1200
1255 2328.46389442891 2328.77964156505 0.262066270044695 2.00699716090763 -1200
1256 2322.83369360296 2327.25742497916 0.262066405257819 2.00699696030342 -1200
1257 2337.7379531567 2329.18742022406 0.262066538433551 2.00699675824769 -1200
1258 2330.24431550001 2317.55353751645 0.262066669557231 2.00699655476249 -1200
1259 2341.28468729041 2328.13083600778 0.26206679861442 2.00699634987 -1200
1260 2326.33730977706 2321.57199633343 0.26206692559091 2.00699614359256 -1200
1261 2326.53991442635 2339.36547102989 0.262067050472719 2.00699593595267 -1200
1262 2327.23680893952 2338.92598942066 0.262067173246096 2.00699572697296 -1200
1263 2340.45067522287 2330.57522411516 0.262067293897518 2.00699551667624 -1200
1264 2331.26847955754 2336.48744055489 0.262067412413699 2.00699530508544 -1200
1265 2327.93315435785 2340.73999142128 0.262067528781585 2.00699509222363 -1200
1266 2339.79122529458 2338.85510680155 0.262067642988356 2.00699487811402 -1200
1267 2335.83427062872 2349.50626956532 0.262067755021433 2.00699466277997 -1200
1268 2331.04171329894 2342.17014304564 0.262067864868472 2.00699444624498 -1200
1269 2346.37989765304 2334.16269718308 0.26206797251737 2.00699422853264 -1200
1270 2343.47636779198 2352.56445470206 0.262068077956265 2.00699400966673 -1200
1271 2336.21141252318 2340.21498873705 0.262068181173537 2.0069937896711 -1200
1272 2330.52713756091 2343.79274803071 0.26206828215781 2.00699356856975 -1200
1273 2341.71658216663 2335.55699579183 0.262068380897952 2.00699334638682 -1200
1274 2347.73404391073 2347.41367951019 0.262068477383079 2.00699312314652 -1200
1275 2338.05034999995 2339.18469670349 0.262068571602552 2.00699289887323 -1200
1276 2346.43921014667 2334.30205222182 0.262068663545983 2.0069926735914 -1200
1277 2348.75375720469 2346.00714989248 0.262068753203231 2.00699244732562 -1200
1278 2349.87803781427 2346.50339041501 0.262068840564407 2.00699222010056 -1200
1279 2343.65409025412 2342.406013032 0.262068925619874 2.00699199194103 -1200
1280 2342.70015789946 2346.03734997258 0.262069008360247 2.00699176287191 -1200
1281 2350.69795286585 2357.27179025887 0.262069088776396 2.00699153291819 -1200
1282 2355.90113456807 2351.44822819141 0.262069166859445 2.00699130210498 -1200
1283 2348.66555107734 2351.84959697396 0.262069242600774 2.00699107045745 -1200
1284 2362.425403775 2348.87246239389 0.26206931599202 2.00699083800087 -1200
1285 2355.11412444305 2340.49486105961 0.262069387025078 2.00699060476062 -1200
1286 2366.69475369466 2352.89063536747 0.2620694556921 2.00699037076215 -1200
1287 2356.76122218553 2352.35810806512 0.2620695219855 2.00699013603098 -1200
1288 2350.69286701526 2359.76521494968 0.262069585897951 2.00698990059273 -1200
1289 2354.27716640725 2350.85042498842 0.262069647422386 2.0069896644731 -1200
1290 2349.15919549941 2355.51502530166 0.262069706552001 2.00698942769785 -1200
1291 2359.28238886041 2348.25070981964 0.262069763280255 2.00698919029281 -1200
1292 2351.51797078313 2362.18665892574 0.262069817600871 2.0069889522839 -1200
1293 2355.37764615211 2356.43182473036 0.262069869507833 2.0069887136971 -1200
1294 2363.33038610837 2358.5945323464 0.262069918995393 2.00698847455843 -1200
1295 2359.86678636777 2360.5143070397 0.262069966058066 2.00698823489399 -1200
1296 2358.6911589166 2352.03061475725 0.262070010690634 2.00698799472994 -1200
1297 2362.50532295934 2356.5384642498 0.262070052888146 2.0069877540925 -1200
1298 2358.01114188645 2364.02440688998 0.262070092645917 2.00698751300791 -1200
1299 2361.68537522126 2358.11428754331 0.262070129959529 2.0069872715025 -1200
1300 2351.89413288886 2367.92413816666 0.262070164824835 2.00698702960262 -1200
1301 2353.01768429453 2359.53710670938 0.262070197237952 2.00698678733467 -1200
1302 2362.80072938996 2364.36892120518 0.26207022719527 2.00698654472509 -1200
1303 2358.02841486942 2348.08626401146 0.262070254693446 2.00698630180036 -1200
1304 2361.05241716942 2372.48446556708 0.262070279729408 2.00698605858699 -1200
1305 2374.49063857986 2357.83965017222 0.262070302300352 2.00698581511152 -1200
1306 2364.20852265038 2358.98702822585 0.262070322403747 2.00698557140054 -1200
1307 2364.15664319873 2367.31324780089 0.26207034003733 2.00698532748064 -1200
1308 2368.11941306142 2364.04652665432 0.262070355199111 2.00698508337843 -1200
1309 2368.09314242479 2362.00088468358 0.26207036788737 2.00698483912057 -1200
1310 2370.41532707896 2364.79832991171 0.262070378100658 2.00698459473371 -1200
1311 2365.62996862779 2363.25033652194 0.262070385837798 2.00698435024452 -1200
1312 2362.96068714126 2366.82930163506 0.262070391097885 2.0069841056797 -1200
1313 2366.33015288674 2362.85415158465 0.262070393880283 2.00698386106592 -1200
1314 2362.48904984564 2365.47208866772 0.262070394184632 2.00698361642989 -1200
1315 2367.85260979647 2361.27337120124 0.26207039201084 2.00698337179832 -1200
1316 2370.53629216711 2365.93589894312 0.262070387359088 2.00698312719789 -1200
1317 2370.58353656666 2376.16406180179 0.26207038022983 2.00698288265531 -1200
1318 2373.87148731373 2365.86604322443 0.26207037062379 2.00698263819727 -1200
1319 2369.98488435772 2372.74236497078 0.262070358541964 2.00698239385044 -1200
1320 2369.72635967497 2371.45203375654 0.26207034398562 2.00698214964151 -1200
1321 2372.2668688133 2373.64479542849 0.262070326956297 2.00698190559711 -1200
1322 2378.24011538539 2366.80664827873 0.262070307455805 2.00698166174388 -1200
1323 2372.94963827977 2371.32700086775 0.262070285486225 2.00698141810845 -1200
1324 2360.31368556705 2367.38579069491 0.262070261049911 2.0069811747174 -1200
1325 2371.67606846655 2373.34749023095 0.262070234149483 2.00698093159729 -1200
1326 2367.75834710992 2372.50227287572 0.262070204787834 2.00698068877466 -1200
1327 2374.80000690199 2378.0079523482 0.262070172968128 2.00698044627601 -1200
1328 2367.88651736658 2363.56464248142 0.262070138693797 2.00698020412781 -1200
1329 2369.14010247899 2368.86088394648 0.262070101968541 2.00697996235649 -1200
1330 2374.81797070721 2364.62692004548 0.262070062796331 2.00697972098842 -1200
1331 2369.17867501401 2374.95957533251 0.262070021181406 2.00697948004996 -1200
1332 2379.74643168484 2371.22562665083 0.262069977128272 2.00697923956739 -1200
1333 2367.77430486206 2369.78723917232 0.262069930641702 2.00697899956697 -1200
1334 2368.81171507293 2375.11755317517 0.262069881726737 2.00697876007488 -1200
1335 2373.22779386197 2367.12402854088 0.262069830388684 2.00697852111726 -1200
1336 2375.04209991764 2364.98016685093 0.262069776633115 2.00697828272019 -1200
1337 2383.42807704303 2374.29719326103 0.262069720465869 2.00697804490969 -1200
1338 2374.75631243395 2368.0524261788 0.262069661893046 2.0069778077117 -1200
1339 2378.856377781 2367.01247259375 0.262069600921015 2.00697757115211 -1200
1340 2365.78904879289 2377.12711005009 0.262069537556402 2.00697733525674 -1200
1341 2375.78068806175 2366.2382321252 0.262069471806101 2.00697710005133 -1200
1342 2373.76779209881 2368.2754722177 0.262069403677263 2.00697686556154 -1200
1343 2375.62792848478 2367.72037154422 0.262069333177303 2.00697663181297 -1200
1344 2370.91929598242 2372.5872651977 0.262069260313894 2.00697639883112 -1200
1345 2372.52633884475 2377.70903590171 0.262069185094971 2.0069761666414 -1200
1346 2368.3395198102 2375.47189784458 0.262069107528723 2.00697593526916 -1200
1347 2365.70693335802 2371.6534536066 0.2620690276236 2.00697570473965 -1200
1348 2368.38406461746 2378.38656041254 0.262068945388307 2.00697547507801 -1200
1349 2378.28597393263 2374.02985687572 0.262068860831806 2.0069752463093 -1200
1350 2371.50919425123 2372.7813721259 0.26206877396331 2.00697501845849 -1200
1351 2377.34749503825 2381.47577993263 0.26206868479229 2.00697479155044 -1200
1352 2374.05460171627 2379.81678398853 0.262068593328467 2.00697456560989 -1200
1353 2371.98035890656 2376.13429386226 0.262068499581813 2.00697434066151 -1200
1354 2379.48032423036 2381.39872221968 0.262068403562552 2.00697411672982 -1200
1355 2376.42008490233 2374.30041996244 0.262068305281155 2.00697389383927 -1200
1356 2376.76900959578 2374.48010551699 0.262068205325531 2.00697367300996 -1200
1357 2370.98058595499 2376.06557999669 0.262068105267673 2.00697345246808 -1200
1358 2372.49842412607 2368.23607924548 0.2620680052929 2.00697323169261 -1200
1359 2381.20505249665 2371.30947207455 0.262067905250604 2.006973011107 -1200
1360 2377.02613609095 2380.1458419042 0.262067805263183 2.0069727903671 -1200
1361 2377.95074632046 2378.03527553078 0.262067705231165 2.0069725697526 -1200
1362 2374.38203518184 2373.00253706793 0.262067605235391 2.0069723490362 -1200
1363 2369.11776259212 2365.67472383457 0.262067505210162 2.00697212840262 -1200
1364 2369.14236790602 2371.67989471852 0.26206740520887 2.00697190770174 -1200
1365 2382.37554459319 2379.97749310055 0.262067305188125 2.00697168705557 -1200
1366 2377.86986956561 2373.43191540437 0.26206720518319 2.00697146636495 -1200
1367 2374.51254367025 2369.72666711689 0.262067105165405 2.00697124571046 -1200
1368 2364.76811556569 2370.83281623829 0.262067005158063 2.00697102502662 -1200
1369 2374.61075244888 2376.18273578816 0.262066905142235 2.00697080436664 -1200
1370 2372.79869351866 2375.44608506185 0.262066805133303 2.00697058368728 -1200
1371 2373.0923644235 2373.59344233922 0.262066705118766 2.00697036302369 -1200
1372 2374.36546785462 2370.49200447581 0.262066605108785 2.00697014234729 -1200
1373 2362.54325403487 2376.70253521897 0.262066505095101 2.00696992168131 -1200
1374 2369.324262874 2372.35583648909 0.262066405084426 2.00696970100687 -1200
1375 2370.59526256961 2371.90199152864 0.262066305071306 2.00696948033932 -1200
1376 2375.81515508863 2371.11093237899 0.262066205060172 2.00696925966618 -1200
1377 2370.6138428234 2380.35823704151 0.262066105047424 2.00696903899759 -1200
1378 2371.00503976979 2368.40601062777 0.262066005035988 2.00696881832532 -1200
1379 2372.69282590122 2372.13051674824 0.262065905023486 2.00696859765605 -1200
1380 2372.35060359532 2366.37101011107 0.26206580501185 2.00696837698435 -1200
1381 2367.48198231569 2373.70310901362 0.26206570499951 2.00696815631463 -1200
1382 2369.11647057252 2367.2411319414 0.262065604987742 2.00696793564331 -1200
1383 2363.6280293719 2369.0930324845 0.262065504975509 2.00696771497331 -1200
1384 2376.34714013494 2376.6254641556 0.262065404963654 2.00696749430225 -1200
1385 2380.01251441502 2377.1079091166 0.262065304951492 2.00696727363206 -1200
1386 2374.39817030125 2373.52720824833 0.262065204939579 2.00696705296117 -1200
1387 2381.81510056813 2371.21415991442 0.262065104927463 2.00696683229086 -1200
1388 2373.64696287568 2367.31122179234 0.262065004915513 2.00696661162009 -1200
1389 2364.17136839885 2380.38009834581 0.262064904903428 2.00696639094971 -1200
1390 2380.16822407162 2366.63912625243 0.262064804891452 2.00696617027902 -1200
1391 2368.18590386589 2374.99543949472 0.262064704879387 2.00696594960859 -1200
1392 2372.61635754561 2366.77223275538 0.262064604867395 2.00696572893796 -1200
1393 2369.13358670731 2378.80690487489 0.262064504855343 2.0069655082675 -1200
1394 2370.78119871877 2372.71236370126 0.26206440484334 2.00696528759692 -1200
1395 2371.02627581678 2373.11884613607 0.262064304831297 2.00696506692645 -1200
1396 2374.26161992754 2367.73175714713 0.262064204819286 2.00696484625589 -1200
1397 2377.62395817456 2376.7430625529 0.26206410480725 2.00696462558542 -1200
1398 2364.64469838986 2374.65775905001 0.262064004795234 2.00696440491489 -1200
1399 2370.77181668364 2377.67348309718 0.262063904783201 2.00696418424441 -1200
1400 2372.28321771669 2373.9370519652 0.262063804771182 2.00696396357391 -1200
1401 2375.41316853981 2372.61241124683 0.262063704759151 2.00696374290344 -1200
1402 2378.80692099126 2375.90673254095 0.26206360474713 2.00696352223295 -1200
1403 2367.76358339962 2378.98375985325 0.262063504735101 2.00696330156248 -1200
1404 2379.96168898335 2370.24800726105 0.262063404723078 2.00696308089201 -1200
1405 2371.46109806583 2385.82181062261 0.26206330471105 2.00696286022155 -1200
1406 2371.49688448507 2370.04604704437 0.262063204699027 2.00696263955109 -1200
1407 2362.05151655529 2370.4980245055 0.262063104687 2.00696241888065 -1200
1408 2375.56961724551 2371.03422301185 0.262063004674975 2.0069621982102 -1200
1409 2384.32210902924 2373.90997268783 0.262062904662948 2.00696197753977 -1200
1410 2364.72569237711 2374.26617140447 0.262062804650923 2.00696175686934 -1200
1411 2372.97838947278 2369.73975699739 0.262062704638897 2.00696153619891 -1200
1412 2371.16110503378 2371.57064666272 0.262062604626871 2.00696131552849 -1200
1413 2380.97125117527 2366.13157548344 0.262062504614845 2.00696109485808 -1200
1414 2373.44143362306 2371.65483799059 0.262062404602819 2.00696087418767 -1200
1415 2374.8999143255 2373.11911146315 0.262062304590793 2.00696065351727 -1200
1416 2366.77831675497 2381.17401412571 0.262062204578767 2.00696043284687 -1200
1417 2377.48837075199 2373.85063656734 0.26206210456674 2.00696021217648 -1200
1418 2367.17821367293 2382.16665016949 0.262062004554714 2.0069599915061 -1200
1419 2372.33196421403 2379.30109553956 0.262061904542688 2.00695977083572 -1200
1420 2384.89739657297 2369.2918624759 0.262061804530662 2.00695955016535 -1200
1421 2383.06466586453 2373.71869969653 0.262061704518635 2.00695932949498 -1200
1422 2371.48330512692 2370.51862731139 0.262061604506609 2.00695910882462 -1200
1423 2367.28733492539 2379.3809309242 0.262061504494582 2.00695888815426 -1200
1424 2376.72625892234 2377.14996784798 0.262061404482556 2.00695866748392 -1200
1425 2380.74798876692 2379.44085357402 0.262061304470529 2.00695844681357 -1200
1426 2374.3198365085 2375.81864800264 0.262061204458503 2.00695822614324 -1200
1427 2372.15854099161 2382.61200574748 0.262061104446476 2.0069580054729 -1200
1428 2368.3002676866 2372.97327236335 0.262061004434449 2.00695778480258 -1200
1429 2374.09717331018 2365.31830744424 0.262060904422422 2.00695756413226 -1200
1430 2379.9395150538 2376.37129152224 0.262060804410396 2.00695734346195 -1200
1431 2378.49575609575 2364.60164868351 0.262060704398369 2.00695712279164 -1200
1432 2370.91175652404 2368.20318706147 0.262060604386342 2.00695690212134 -1200
1433 2379.09449110742 2368.60799330217 0.262060504374315 2.00695668145104 -1200
1434 2379.14021750523 2378.1539983869 0.262060404362288 2.00695646078075 -1200
1435 2381.26038256424 2369.0960436781 0.262060304350261 2.00695624011047 -1200
1436 2369.06723618256 2378.28080563364 0.262060204338233 2.00695601944019 -1200
1437 2379.38620433238 2371.8583486975 0.262060104326206 2.00695579876991 -1200
1438 2386.8824666962 2378.48637107531 0.262060004314179 2.00695557809965 -1200
1439 2365.57873690868 2370.50711763612 0.262059904302152 2.00695535742939 -1200
1440 2380.39735659135 2368.12418564934 0.262059804290124 2.00695513675913 -1200
1441 2380.91573584753 2375.51124781176 0.262059704278097 2.00695491608888 -1200
1442 2377.06119743495 2374.09208064146 0.26205960426607 2.00695469541864 -1200
1443 2376.89367653582 2381.33501006411 0.262059504254042 2.0069544747484 -1200
1444 2379.11420131551 2377.40344525847 0.262059404242015 2.00695425407817 -1200
1445 2369.3980078839 2371.48290367417 0.262059304229987 2.00695403340795 -1200
1446 2374.21446543384 2378.37872951735 0.262059204217959 2.00695381273773 -1200
1447 2378.26624824111 2380.30343225366 0.262059104205932 2.00695359206751 -1200
1448 2370.62355577275 2375.63496546279 0.262059004193904 2.00695337139731 -1200
1449 2375.61295084351 2370.86735852036 0.262058904181876 2.0069531507271 -1200
1450 2364.8370303312 2368.13935695128 0.262058804169848 2.00695293005691 -1200
1451 2374.50956700317 2375.89059241518 0.26205870415782 2.00695270938672 -1200
1452 2377.64003449974 2380.24575288718 0.262058604145792 2.00695248871653 -1200
1453 2373.75689022522 2381.48560289597 0.262058504133764 2.00695226804635 -1200
1454 2377.43381124974 2374.09835455495 0.262058404121736 2.00695204737618 -1200
1455 2365.90711611894 2376.19240881997 0.262058304109708 2.00695182670602 -1200
1456 2376.80373100383 2374.44425887462 0.26205820409768 2.00695160603585 -1200
1457 2376.35911998147 2376.92937903257 0.262058104085652 2.0069513853657 -1200
1458 2379.49486812643 2380.43856056168 0.262058004073624 2.00695116469555 -1200
1459 2374.60192037416 2382.83529494926 0.262057904061595 2.00695094402541 -1200
1460 2378.090095549 2372.69958482553 0.262057804049567 2.00695072335527 -1200
1461 2377.31554875742 2372.54975803099 0.262057704037539 2.00695050268514 -1200
1462 2373.35751788683 2373.19828740918 0.26205760402551 2.00695028201501 -1200
1463 2372.22691855296 2378.99006812707 0.262057504013482 2.00695006134489 -1200
1464 2382.45626123147 2368.819323294 0.262057404001453 2.00694984067478 -1200
1465 2372.87351320781 2365.58006173148 0.262057303989425 2.00694962000467 -1200
1466 2362.61315972453 2375.8035949232 0.262057203977396 2.00694939933457 -1200
1467 2373.08633299945 2370.35737500899 0.262057103965367 2.00694917866447 -1200
1468 2372.53285363378 2369.20248585844 0.262057003953338 2.00694895799438 -1200
1469 2366.17546192733 2367.84251943928 0.26205690394131 2.0069487373243 -1200
1470 2381.94396529777 2380.81919034958 0.262056803929281 2.00694851665422 -1200
1471 2373.01634556034 2378.98474450632 0.262056703917252 2.00694829598415 -1200
1472 2368.22588470635 2382.04117273478 0.262056603905223 2.00694807531408 -1200
1473 2374.37696738777 2384.51177717697 0.262056503893194 2.00694785464402 -1200
1474 2384.23056552602 2373.46615050735 0.262056403881165 2.00694763397397 -1200
1475 2373.70750789841 2375.29266526756 0.262056303869136 2.00694741330392 -1200
1476 2381.12189792818 2375.92410407809 0.262056203857107 2.00694719263387 -1200
1477 2362.04637712392 2371.89567685254 0.262056103845077 2.00694697196384 -1200
1478 2376.00918473081 2378.98181453728 0.262056003833048 2.00694675129381 -1200
1479 2373.48579689442 2381.92737908927 0.262055903821019 2.00694653062378 -1200
1480 2378.19550054355 2374.15162027915 0.262055803808989 2.00694630995376 -1200
1481 2374.1198659951 2368.92438585266 0.26205570379696 2.00694608928375 -1200
1482 2377.26105228095 2368.92629797514 0.262055603784931 2.00694586861374 -1200
1483 2373.82867583243 2373.72145331033 0.262055503772901 2.00694564794374 -1200
1484 2371.67127757333 2372.74035779322 0.262055403760872 2.00694542727374 -1200
1485 2373.57859457851 2374.71970861367 0.262055303748842 2.00694520660375 -1200
1486 2375.63410686644 2374.10091009874 0.262055203736812 2.00694498593377 -1200
1487 2369.32471929412 2374.63944427562 0.262055103724783 2.00694476526379 -1200
1488 2370.44209487862 2372.48199012702 0.262055003712753 2.00694454459382 -1200
1489 2374.93929115739 2373.28139118286 0.262054903700723 2.00694432392385 -1200
1490 2373.00590939802 2371.33097427844 0.262054803688693 2.00694410325389 -1200
1491 2376.14075436756 2374.85793301391 0.262054703676663 2.00694388258393 -1200
1492 2378.01630859847 2378.37871852201 0.262054603664633 2.00694366191399 -1200
1493 2379.65640521655 2376.77192209449 0.262054503652603 2.00694344124404 -1200
1494 2372.02888981647 2373.45931952759 0.262054403640573 2.00694322057411 -1200
1495 2384.35543117589 2385.42375129225 0.262054303628543 2.00694299990417 -1200
1496 2380.63304706403 2372.71906763472 0.262054203616513 2.00694277923425 -1200
1497 2379.22785653277 2377.75067226279 0.262054103604483 2.00694255856433 -1200
1498 2371.35367609571 2370.05331231352 0.262054003592453 2.00694233789442 -1200
1499 2380.07287707174 2365.9006049177 0.262053903580422 2.00694211722451 -1200
1500 2379.43056097444 2377.93396851347 0.262053803568392 2.00694189655461 -1200
1501 2389.35143886423 2373.14278546443 0.262053703556361 2.00694167588471 -1200
1502 2375.48941641727 2372.79124287996 0.262053603544331 2.00694145521482 -1200
1503 2377.02952327173 2378.64221804481 0.262053503532301 2.00694123454494 -1200
1504 2374.9785938378 2377.48214675227 0.26205340352027 2.00694101387506 -1200
1505 2375.44054509913 2374.28739515312 0.262053303508239 2.00694079320518 -1200
1506 2369.6867390117 2381.08943581522 0.262053203496209 2.00694057253532 -1200
1507 2376.76403233864 2372.00898540372 0.262053103484178 2.00694035186546 -1200
1508 2390.52229267665 2377.11908151465 0.262053003472147 2.0069401311956 -1200
1509 2379.57424894158 2371.81672339817 0.262052903460116 2.00693991052575 -1200
1510 2384.22351827805 2372.32644678659 0.262052803448086 2.00693968985591 -1200
1511 2376.94521118605 2386.46440449574 0.262052703436055 2.00693946918607 -1200
1512 2375.99055602745 2370.43707721506 0.262052603424024 2.00693924851624 -1200
1513 2376.72981292501 2376.20545532926 0.262052503411993 2.00693902784642 -1200
1514 2380.07984603263 2372.53822561394 0.262052403399962 2.0069388071766 -1200
1515 2375.35279181303 2372.00527084078 0.26205230338793 2.00693858650678 -1200
1516 2370.44576339011 2372.46146222897 0.262052203375899 2.00693836583698 -1200
1517 2376.43176869861 2380.46881127247 0.262052103363868 2.00693814516717 -1200
1518 2373.92493385481 2372.45650083547 0.262052003351837 2.00693792449738 -1200
1519 2378.28506480762 2372.12532138301 0.262051903339805 2.00693770382759 -1200
1520 2375.78207441133 2367.66255516783 0.262051803327774 2.0069374831578 -1200
1521 2378.8514736673 2380.65197504392 0.262051703315743 2.00693726248802 -1200
1522 2366.93412508348 2383.21362734293 0.262051603303711 2.00693704181825 -1200
1523 2379.11300811155 2375.21127827998 0.26205150329168 2.00693682114849 -1200
1524 2376.78567617397 2372.69811629815 0.262051403279648 2.00693660047872 -1200
1525 2376.45885385781 2376.62030674882 0.262051303267617 2.00693637980897 -1200
1526 2380.02953386589 2387.46126352533 0.262051203255585 2.00693615913922 -1200
1527 2371.4985044049 2376.45861582435 0.262051103243553 2.00693593846948 -1200
1528 2370.92069030934 2381.89508765679 0.262051003231521 2.00693571779974 -1200
1529 2378.33057219923 2375.02382836592 0.26205090321949 2.00693549713001 -1200
1530 2371.27179246406 2376.88479709658 0.262050803207458 2.00693527646028 -1200
1531 2380.85141389077 2375.56019657918 0.262050703195426 2.00693505579056 -1200
1532 2388.33373352285 2373.87658071011 0.262050603183394 2.00693483512085 -1200
1533 2372.29859888648 2376.34812771506 0.262050503171362 2.00693461445114 -1200
1534 2375.23814939318 2371.23502190791 0.26205040315933 2.00693439378144 -1200
1535 2381.32432438634 2377.0968927795 0.262050303147298 2.00693417311174 -1200
1536 2373.98357795589 2372.73035002777 0.262050203135265 2.00693395244205 -1200
1537 2384.27215745929 2378.81939572498 0.262050103123233 2.00693373177237 -1200
1538 2380.26403765785 2379.80027993126 0.262050003111201 2.00693351110269 -1200
1539 2376.12217507227 2382.45525750299 0.262049903099169 2.00693329043302 -1200
1540 2384.1018303159 2377.50005284786 0.262049803087136 2.00693306976335 -1200
1541 2372.35492558141 2377.25799781485 0.262049703075104 2.00693284909369 -1200
1542 2372.38498029144 2379.01292456716 0.262049603063071 2.00693262842404 -1200
1543 2374.2283081416 2381.12833977527 0.262049503051039 2.00693240775439 -1200
1544 2378.80675398889 2376.83633286517 0.262049403039006 2.00693218708475 -1200
1545 2374.31603448996 2369.57448212609 0.262049303026974 2.00693196641511 -1200
1546 2377.05538062353 2380.70883944667 0.262049203014941 2.00693174574548 -1200
1547 2385.44088222711 2376.17051922401 0.262049103002908 2.00693152507585 -1200
1548 2384.0668486167 2378.21526291241 0.262049002990875 2.00693130440623 -1200
1549 2380.0288557507 2386.88498905438 0.262048902978843 2.00693108373662 -1200
1550 2379.24340398768 2370.32443681822 0.26204880296681 2.00693086306701 -1200
1551 2376.07557876361 2376.00536396675 0.262048702954777 2.00693064239741 -1200
1552 2379.7005554497 2376.78040146495 0.262048602942744 2.00693042172781 -1200
1553 2376.65568267777 2380.62447715858 0.262048502930711 2.00693020105822 -1200
1554 2377.97265743574 2380.24143330081 0.262048402918678 2.00692998038864 -1200
1555 2373.2131373664 2379.49483845494 0.262048302906645 2.00692975971906 -1200
1556 2376.6029377948 2377.33132506643 0.262048202894611 2.00692953904949 -1200
1557 2379.76174280138 2387.74418024012 0.262048102882578 2.00692931837992 -1200
1558 2374.62061310636 2379.24610636742 0.262048002870545 2.00692909771036 -1200
1559 2372.97906881508 2371.75704085583 0.262047902858512 2.00692887704081 -1200
1560 2374.12721896434 2380.54834380115 0.262047802846478 2.00692865637126 -1200
1561 2372.17720757855 2384.08760521484 0.262047702834445 2.00692843570171 -1200
1562 2378.66115638327 2377.5436892241 0.262047602822411 2.00692821503218 -1200
1563 2380.00084104128 2375.41776814819 0.262047502810378 2.00692799436265 -1200
1564 2381.44041433462 2378.65474013472 0.262047402798344 2.00692777369312 -1200
1565 2376.54006678097 2367.63398090179 0.262047302786311 2.0069275530236 -1200
1566 2375.79953687351 2376.46339389658 0.262047202774277 2.00692733235409 -1200
1567 2380.84140311343 2385.92189828945 0.262047102762243 2.00692711168458 -1200
1568 2382.70970437886 2389.00567473908 0.262047002750209 2.00692689101508 -1200
1569 2380.83592840546 2378.8130432923 0.262046902738176 2.00692667034558 -1200
1570 2378.63832413485 2368.97058157653 0.262046802726142 2.00692644967609 -1200
1571 2382.28386380067 2377.70973310715 0.262046702714108 2.00692622900661 -1200
1572 2379.95018259569 2380.9720220569 0.262046602702074 2.00692600833713 -1200
1573 2378.1828125612 2385.80036513726 0.26204650269004 2.00692578766766 -1200
1574 2374.74765350872 2370.39128515272 0.262046402678006 2.00692556699819 -1200
1575 2378.66838669405 2388.03870445991 0.262046302665972 2.00692534632873 -1200
1576 2385.10614095619 2370.95688274278 0.262046202653937 2.00692512565927 -1200
1577 2367.90999710664 2382.70817840974 0.262046102641903 2.00692490498982 -1200
1578 2378.91167048877 2384.82942209763 0.262046002629869 2.00692468432038 -1200
1579 2376.54014842932 2375.49793144953 0.262045902617835 2.00692446365094 -1200
1580 2381.98535153867 2372.06820098808 0.2620458026058 2.00692424298151 -1200
1581 2387.39236598282 2380.00960748896 0.262045702593766 2.00692402231209 -1200
1582 2377.36663038348 2381.4210137312 0.262045602581731 2.00692380164267 -1200
1583 2380.41978591166 2387.59359465121 0.262045502569697 2.00692358097325 -1200
1584 2386.04824045213 2377.12023379361 0.262045402557662 2.00692336030385 -1200
1585 2385.91948257455 2379.5230060943 0.262045302545627 2.00692313963444 -1200
1586 2378.1900536095 2387.99410275508 0.262045202533593 2.00692291896505 -1200
1587 2379.1177099634 2380.78331135443 0.262045102521558 2.00692269829566 -1200
1588 2387.79783171163 2373.13636476407 0.262045002509523 2.00692247762627 -1200
1589 2371.35943375881 2387.79441988317 0.262044902497488 2.0069222569569 -1200
1590 2374.03848728227 2383.62185283944 0.262044802485454 2.00692203628752 -1200
1591 2374.61858128893 2386.63011461211 0.262044702473419 2.00692181561816 -1200
1592 2387.61343690289 2383.72795123358 0.262044602461384 2.0069215949488 -1200
1593 2379.45327462022 2389.44012807053 0.262044502449349 2.00692137427944 -1200
1594 2384.97890037549 2392.21024941644 0.262044402437313 2.00692115361009 -1200
1595 2379.73301377115 2375.61244718687 0.262044302425278 2.00692093294075 -1200
1596 2384.15566584591 2384.71464744198 0.262044202413243 2.00692071227141 -1200
1597 2387.06928717393 2373.56988978985 0.262044102401208 2.00692049160208 -1200
1598 2385.20941407694 2381.4772991506 0.262044002389173 2.00692027093275 -1200
1599 2382.39043632743 2379.5063754657 0.262043902377137 2.00692005026343 -1200
1600 2391.67621177635 2382.19009222734 0.262043802365102 2.00691982959412 -1200
1601 2382.96261897702 2378.30857664393 0.262043702353066 2.00691960892481 -1200
1602 2377.34189224528 2382.11016026196 0.262043602341031 2.00691938825551 -1200
1603 2377.11297859458 2387.87916015286 0.262043502328995 2.00691916758622 -1200
1604 2385.21553472797 2387.54844907195 0.26204340231696 2.00691894691693 -1200
1605 2385.03672054314 2385.8110844978 0.262043302304924 2.00691872624764 -1200
1606 2386.83429696333 2373.86494104758 0.262043202292888 2.00691850557836 -1200
1607 2374.33269108755 2382.77755926404 0.262043102280853 2.00691828490909 -1200
1608 2384.23971513134 2389.63864989664 0.262043002268817 2.00691806423982 -1200
1609 2375.61554193285 2369.09836650675 0.262042902256781 2.00691784357056 -1200
1610 2391.48164015114 2382.25616471117 0.262042802244745 2.00691762290131 -1200
1611 2384.02459532113 2379.82756873598 0.262042702232709 2.00691740223206 -1200
1612 2381.20946684829 2376.02747139661 0.262042602220673 2.00691718156282 -1200
1613 2381.1231963778 2377.9232007916 0.262042502208637 2.00691696089358 -1200
1614 2382.71948478914 2380.86738023168 0.262042402196601 2.00691674022435 -1200
1615 2376.77685443298 2384.66439706077 0.262042302184565 2.00691651955512 -1200
1616 2382.15282639805 2391.8843132102 0.262042202172529 2.0069162988859 -1200
1617 2378.38306341733 2373.17738334545 0.262042102160493 2.00691607821669 -1200
1618 2377.83577783256 2381.78735891885 0.262042002148456 2.00691585754748 -1200
1619 2379.45457766724 2374.40934595251 0.26204190213642 2.00691563687828 -1200
1620 2383.49923615283 2383.01978782873 0.262041802124384 2.00691541620908 -1200
1621 2373.70144451879 2385.022915208 0.262041702112347 2.00691519553989 -1200
1622 2386.68603976695 2386.50103304863 0.262041602100311 2.00691497487071 -1200
1623 2392.89949617836 2380.411675267 0.262041502088274 2.00691475420153 -1200
1624 2382.91808347322 2396.58595539534 0.262041402076237 2.00691453353236 -1200
1625 2375.64127997313 2383.52271662134 0.262041302064201 2.00691431286319 -1200
1626 2383.46958539735 2379.52207363331 0.262041202052164 2.00691409219403 -1200
1627 2381.79800384916 2373.35211834321 0.262041102040127 2.00691387152488 -1200
1628 2383.14871892317 2375.91826066603 0.262041002028091 2.00691365085573 -1200
1629 2377.48688148566 2381.87784294292 0.262040902016054 2.00691343018658 -1200
1630 2385.06286396851 2385.16913633384 0.262040802004017 2.00691320951745 -1200
1631 2373.60132761487 2385.29593698814 0.26204070199198 2.00691298884832 -1200
1632 2387.00109958028 2385.38717283062 0.262040601979943 2.00691276817919 -1200
1633 2387.13212268476 2376.66955653996 0.262040501967906 2.00691254751007 -1200
1634 2392.58797406612 2385.78164560374 0.262040401955869 2.00691232684096 -1200
1635 2399.09496123645 2384.18323024498 0.262040301943832 2.00691210617185 -1200
1636 2387.23285976841 2382.36890580086 0.262040201931794 2.00691188550275 -1200
1637 2385.41489058834 2383.85002631416 0.262040101919757 2.00691166483365 -1200
1638 2385.35055144932 2377.1738786878 0.26204000190772 2.00691144416456 -1200
1639 2386.54928201454 2384.3767068784 0.262039901895682 2.00691122349548 -1200
1640 2387.0838449666 2378.55293699631 0.262039801883645 2.0069110028264 -1200
1641 2386.91404727354 2387.39525562348 0.262039701871608 2.00691078215733 -1200
1642 2386.34539427161 2387.88114467358 0.26203960185957 2.00691056148826 -1200
1643 2380.50644737815 2378.19057565264 0.262039501847533 2.0069103408192 -1200
1644 2384.60236380336 2380.38201635851 0.262039401835495 2.00691012015014 -1200
1645 2378.10066005381 2381.4028303263 0.262039301823457 2.00690989948109 -1200
1646 2389.98979161015 2383.66857969026 0.26203920181142 2.00690967881205 -1200
1647 2390.70915085568 2381.32690176372 0.262039101799382 2.00690945814301 -1200
1648 2391.08183833877 2393.4861230842 0.262039001787344 2.00690923747398 -1200
1649 2395.95182132584 2388.51578615576 0.262038901775306 2.00690901680496 -1200
1650 2393.26749922897 2376.72854507426 0.262038801763268 2.00690879613594 -1200
1651 2381.12831328683 2386.45798421951 0.26203870175123 2.00690857546692 -1200
1652 2381.73098035472 2386.59189949049 0.262038601739192 2.00690835479792 -1200
1653 2390.58528246533 2383.87744062671 0.262038501727154 2.00690813412891 -1200
1654 2377.44991672392 2389.74974691506 0.262038401715116 2.00690791345992 -1200
1655 2382.56410286387 2388.32177421342 0.262038301703078 2.00690769279093 -1200
1656 2380.14409790606 2389.66025942686 0.26203820169104 2.00690747212194 -1200
1657 2389.99558527677 2390.21056298329 0.262038101679002 2.00690725145297 -1200
1658 2385.01254020321 2377.97633788211 0.262038001666963 2.00690703078399 -1200
1659 2389.72881947359 2388.47236873906 0.262037901654925 2.00690681011503 -1200
1660 2389.66650331281 2387.2743328758 0.262037801642886 2.00690658944607 -1200
1661 2382.12812534802 2386.79605434937 0.262037701630848 2.00690636877711 -1200
1662 2390.786356924 2387.40793481515 0.26203760161881 2.00690614810816 -1200
1663 2384.96587398676 2381.31211956805 0.262037501606771 2.00690592743922 -1200
1664 2389.41501587329 2393.89726386549 0.262037401594732 2.00690570677028 -1200
1665 2389.62788938061 2397.00276579479 0.262037301582694 2.00690548610135 -1200
1666 2388.35097556648 2384.99878767787 0.262037201570655 2.00690526543243 -1200
1667 2387.1935394441 2393.26206104552 0.262037101558616 2.00690504476351 -1200
1668 2397.89535415463 2381.59635610166 0.262037001546577 2.00690482409459 -1200
1669 2390.98532250762 2394.28603019118 0.262036901534539 2.00690460342568 -1200
1670 2390.33056354473 2388.66561701521 0.2620368015225 2.00690438275678 -1200
1671 2386.59321842277 2385.40998752164 0.262036701510461 2.00690416208789 -1200
1672 2394.86826249974 2382.06294541178 0.262036601498422 2.006903941419 -1200
1673 2388.91742805839 2385.21901593195 0.262036501486383 2.00690372075011 -1200
1674 2389.23336495719 2395.59850948191 0.262036401474344 2.00690350008123 -1200
1675 2384.29400548992 2394.1576340622 0.262036301462304 2.00690327941236 -1200
1676 2388.80550629477 2385.83646440598 0.262036201450265 2.00690305874349 -1200
1677 2384.46493073567 2393.0346840775 0.262036101438226 2.00690283807463 -1200
1678 2388.64127536724 2380.62082396949 0.262036001426187 2.00690261740578 -1200
1679 2387.6077716649 2389.04672494581 0.262035901414147 2.00690239673693 -1200
1680 2391.99497057415 2388.39191232489 0.262035801402108 2.00690217606809 -1200
1681 2389.77035563377 2388.84864056419 0.262035701390068 2.00690195539925 -1200
1682 2390.29173529254 2385.74806002944 0.262035601378029 2.00690173473042 -1200
1683 2393.09194031387 2389.05591300095 0.262035501365989 2.00690151406159 -1200
1684 2399.77933716266 2390.5100580607 0.26203540135395 2.00690129339277 -1200
1685 2394.0675317472 2397.30332080892 0.26203530134191 2.00690107272396 -1200
1686 2398.09690550641 2388.59412790676 0.26203520132987 2.00690085205515 -1200
1687 2384.86576434131 2396.93986685364 0.262035101317831 2.00690063138635 -1200
1688 2388.74110782831 2389.46736021241 0.262035001305791 2.00690041071755 -1200
1689 2389.42303090315 2396.61505872934 0.262034901293751 2.00690019004876 -1200
1690 2390.89117659516 2383.1826800779 0.262034801281711 2.00689996937998 -1200
1691 2386.73803103018 2399.16658767323 0.262034701269671 2.0068997487112 -1200
1692 2390.01719884107 2395.49828816129 0.262034601257631 2.00689952804243 -1200
1693 2391.03412426492 2392.0931197521 0.262034501245591 2.00689930737366 -1200
1694 2383.82584606968 2392.6229252609 0.262034401233551 2.0068990867049 -1200
1695 2385.5218451092 2382.62105558272 0.262034301221511 2.00689886603615 -1200
1696 2385.61415450952 2389.03836058328 0.26203420120947 2.0068986453674 -1200
1697 2380.68111288307 2389.91926133246 0.26203410119743 2.00689842469865 -1200
1698 2400.17688042104 2387.67029030448 0.26203400118539 2.00689820402992 -1200
1699 2393.24593465291 2394.39116323264 0.262033901173349 2.00689798336119 -1200
1700 2392.93117877723 2398.08787001768 0.262033801161309 2.00689776269246 -1200
1701 2401.66665390548 2383.94638771073 0.262033701149268 2.00689754202374 -1200
1702 2390.70022578685 2388.84198329477 0.262033601137228 2.00689732135503 -1200
1703 2396.2234749078 2393.8424349121 0.262033501125187 2.00689710068632 -1200
1704 2393.00308971737 2398.13332341895 0.262033401113147 2.00689688001762 -1200
1705 2392.13877762928 2390.02471636322 0.262033301101106 2.00689665934892 -1200
1706 2398.45000407034 2392.89342812559 0.262033201089065 2.00689643868023 -1200
1707 2388.31150661515 2387.56395342316 0.262033101077025 2.00689621801155 -1200
1708 2393.89969283937 2398.50175932405 0.262033001064984 2.00689599734287 -1200
1709 2394.86874354843 2395.79313455135 0.262032901052943 2.0068957766742 -1200
1710 2390.84249855107 2397.81824852972 0.262032801040902 2.00689555600553 -1200
1711 2390.16087630407 2391.94616906895 0.262032701028861 2.00689533533687 -1200
1712 2388.5221971149 2392.61548450715 0.26203260101682 2.00689511466821 -1200
1713 2388.09914269702 2394.09397496301 0.262032501004779 2.00689489399956 -1200
1714 2382.20877136245 2393.17886891561 0.262032400992738 2.00689467333092 -1200
1715 2392.69802261202 2400.01386580644 0.262032300980697 2.00689445266228 -1200
1716 2387.81783181129 2385.48860476746 0.262032200968655 2.00689423199365 -1200
1717 2387.71828897105 2381.18473901873 0.262032100956614 2.00689401132503 -1200
1718 2392.38129462004 2397.6607680033 0.262032000944573 2.00689379065641 -1200
1719 2394.92273112667 2388.69912739889 0.262031900932531 2.0068935699878 -1200
1720 2400.2618559919 2393.22094804984 0.26203180092049 2.00689334931919 -1200
1721 2396.12711323501 2388.32369233209 0.262031700908449 2.00689312865059 -1200
1722 2395.08741191635 2403.02142786868 0.262031600896407 2.00689290798199 -1200
1723 2395.26211289757 2384.41873687582 0.262031500884365 2.0068926873134 -1200
1724 2399.4508946719 2394.57758955481 0.262031400872324 2.00689246664481 -1200
1725 2393.38428633954 2395.81430602602 0.262031300860282 2.00689224597624 -1200
1726 2392.58623753946 2390.78276414512 0.26203120084824 2.00689202530766 -1200
1727 2392.68777167915 2391.95465218493 0.262031100836199 2.0068918046391 -1200
1728 2400.70307015611 2393.04502149426 0.262031000824157 2.00689158397054 -1200
1729 2394.87088114038 2399.74538887793 0.262030900812115 2.00689136330198 -1200
1730 2390.14290091422 2394.39510415997 0.262030800800073 2.00689114263343 -1200
1731 2391.83368270487 2389.63027092221 0.262030700788031 2.00689092196489 -1200
1732 2393.1880853883 2393.58381432685 0.262030600775989 2.00689070129635 -1200
1733 2394.57174413501 2397.68926478317 0.262030500763947 2.00689048062782 -1200
1734 2401.3895973824 2392.86368650131 0.262030400751905 2.0068902599593 -1200
1735 2394.08545167132 2394.77247468862 0.262030300739863 2.00689003929078 -1200
1736 2388.67565071315 2390.09566349959 0.26203020072782 2.00688981862226 -1200
1737 2394.16106433094 2397.84256827977 0.262030100715778 2.00688959795375 -1200
1738 2389.06525421794 2393.30430013117 0.262030000703736 2.00688937728525 -1200
1739 2391.15026087208 2401.64299634382 0.262029900691693 2.00688915661676 -1200
1740 2387.74170801628 2393.08772170173 0.262029800679651 2.00688893594827 -1200
1741 2390.37251568756 2393.82087652671 0.262029700667609 2.00688871527978 -1200
1742 2393.73539426749 2390.3814853302 0.262029600655566 2.0068884946113 -1200
1743 2403.43785329698 2402.10952014993 0.262029500643523 2.00688827394283 -1200
1744 2396.65852488339 2398.640204308 0.262029400631481 2.00688805327436 -1200
1745 2389.74311266274 2399.09980401818 0.262029300619438 2.0068878326059 -1200
1746 2392.55343540177 2401.80500418794 0.262029200607395 2.00688761193745 -1200
1747 2395.19643563082 2393.53563774695 0.262029100595353 2.006887391269 -1200
1748 2408.12295098587 2394.73401532732 0.26202900058331 2.00688717060056 -1200
1749 2396.11378616347 2398.22704089865 0.262028900571267 2.00688694993212 -1200
1750 2395.73578416542 2405.97374897949 0.262028800559224 2.00688672926369 -1200
1751 2395.55959503799 2398.26940348544 0.262028700547181 2.00688650859526 -1200
1752 2392.66738901167 2397.44349205941 0.262028600535138 2.00688628792684 -1200
1753 2404.58533138075 2396.27897974651 0.262028500523095 2.00688606725843 -1200
1754 2394.32236827422 2399.01966405077 0.262028400511052 2.00688584659002 -1200
1755 2396.77363020195 2402.14196695626 0.262028300499008 2.00688562592162 -1200
1756 2398.76315586015 2395.03519072252 0.262028200486965 2.00688540525322 -1200
1757 2392.23271012384 2394.5633947688 0.262028100474922 2.00688518458483 -1200
1758 2396.03776491391 2396.63961972663 0.262028000462879 2.00688496391645 -1200
1759 2407.04717114105 2389.4871969893 0.262027900450835 2.00688474324807 -1200
1760 2401.24871708369 2396.24797308085 0.262027800438792 2.0068845225797 -1200
1761 2394.76776070823 2396.45810221906 0.262027700426748 2.00688430191133 -1200
1762 2400.53577379051 2401.51667236852 0.262027600414705 2.00688408124297 -1200
1763 2391.90344792312 2394.2760511366 0.262027500402661 2.00688386057462 -1200
1764 2400.48139765174 2397.03154716177 0.262027400390618 2.00688363990627 -1200
1765 2400.92669358116 2393.94038746247 0.262027300378574 2.00688341923792 -1200
1766 2392.19778161262 2403.09356116465 0.26202720036653 2.00688319856959 -1200
1767 2397.98910476629 2403.08001862575 0.262027100354486 2.00688297790126 -1200
1768 2400.54713601191 2399.91369640967 0.262027000342443 2.00688275723293 -1200
1769 2399.29114020852 2404.15447110836 0.262026900330399 2.00688253656461 -1200
1770 2397.67881255176 2396.59512413795 0.262026800318355 2.0068823158963 -1200
1771 2398.18935799827 2401.75448942901 0.262026700306311 2.00688209522799 -1200
1772 2397.5221022129 2393.65286591394 0.262026600294267 2.00688187455969 -1200
1773 2402.71870090758 2405.93196068866 0.262026500282223 2.00688165389139 -1200
1774 2388.38924501162 2404.67211953812 0.262026400270178 2.0068814332231 -1200
1775 2402.64691150403 2392.90472001662 0.262026300258134 2.00688121255482 -1200
1776 2398.61609031854 2393.36377474924 0.26202620024609 2.00688099188654 -1200
1777 2402.55678947739 2397.07489843177 0.262026100234046 2.00688077121827 -1200
1778 2390.61540662403 2399.49372707026 0.262026000222001 2.00688055055 -1200
1779 2397.14758151924 2390.65811416316 0.262025900209957 2.00688032988174 -1200
1780 2398.28958485274 2389.08106477896 0.262025800197913 2.00688010921348 -1200
1781 2407.88453791238 2405.51913462863 0.262025700185868 2.00687988854523 -1200
1782 2403.00496752852 2401.88379988299 0.262025600173824 2.00687966787699 -1200
1783 2396.90002199978 2402.29473146882 0.262025500161779 2.00687944720875 -1200
1784 2402.32460835518 2404.65762354201 0.262025400149734 2.00687922654052 -1200
1785 2396.25797641648 2393.94007089172 0.26202530013769 2.0068790058723 -1200
1786 2392.01249863711 2398.40921877281 0.262025200125645 2.00687878520408 -1200
1787 2402.80771535537 2398.53567114875 0.2620251001136 2.00687856453586 -1200
1788 2402.18786203179 2396.12899754692 0.262025000101555 2.00687834386766 -1200
1789 2409.00518661105 2409.17435673667 0.26202490008951 2.00687812319945 -1200
1790 2401.59239227134 2404.68269634901 0.262024800077465 2.00687790253126 -1200
1791 2397.44606266514 2404.22014643992 0.26202470006542 2.00687768186307 -1200
1792 2398.79503482625 2397.87716431326 0.262024600053375 2.00687746119488 -1200
1793 2401.89766831164 2405.33555457957 0.26202450004133 2.0068772405267 -1200
1794 2397.21946015214 2401.49206210347 0.262024400029285 2.00687701985853 -1200
1795 2395.79108206271 2399.53699012226 0.26202430001724 2.00687679919037 -1200
1796 2401.13935888039 2402.82246604644 0.262024200005195 2.0068765785222 -1200
1797 2407.73794538084 2390.25672104713 0.262024099993149 2.00687635785405 -1200
1798 2399.48497961881 2402.21415563359 0.262023999981104 2.0068761371859 -1200
1799 2409.60670223009 2405.99617786747 0.262023899969059 2.00687591651776 -1200
1800 2407.50879186018 2398.44128926029 0.262023799957013 2.00687569584962 -1200
1801 2405.02757677918 2401.50767631255 0.262023699944968 2.00687547518149 -1200
1802 2390.21551711005 2400.29893700984 0.262023599932922 2.00687525451336 -1200
1803 2402.7193720614 2396.78326674788 0.262023499920877 2.00687503384524 -1200
1804 2404.37867842515 2399.82271032519 0.262023399908831 2.00687481317713 -1200
1805 2402.52724276879 2408.35004307164 0.262023299896785 2.00687459250902 -1200
1806 2401.55697949279 2406.37198630211 0.262023199884739 2.00687437184092 -1200
1807 2406.79006418599 2411.57415214072 0.262023099872694 2.00687415117282 -1200
1808 2395.72234714088 2406.43878199153 0.262022999860648 2.00687393050473 -1200
1809 2399.51502064536 2410.77558730775 0.262022899848602 2.00687370983665 -1200
1810 2399.64564455606 2404.01779835468 0.262022799836556 2.00687348916857 -1200
1811 2393.26986625162 2398.2142292991 0.26202269982451 2.0068732685005 -1200
1812 2401.29006298139 2409.58469000205 0.262022599812464 2.00687304783243 -1200
1813 2409.57501268664 2415.84831582984 0.262022499800418 2.00687282716437 -1200
1814 2404.18745992027 2401.79896168774 0.262022399788372 2.00687260649632 -1200
1815 2407.02415318123 2400.61225128049 0.262022299776325 2.00687238582827 -1200
1816 2407.88793991359 2404.93691010635 0.262022199764279 2.00687216516022 -1200
1817 2405.4694914859 2404.74595368095 0.262022099752233 2.00687194449219 -1200
1818 2407.41458142256 2406.79821263991 0.262021999740186 2.00687172382416 -1200
1819 2398.58339592253 2400.24472497233 0.26202189972814 2.00687150315613 -1200
1820 2405.77169655745 2401.78061557991 0.262021799716094 2.00687128248811 -1200
1821 2397.2494849344 2400.03403362552 0.262021699704047 2.0068710618201 -1200
1822 2399.59980598847 2420.33975694319 0.262021599692001 2.00687084115209 -1200
1823 2405.70211167069 2410.31369936593 0.262021499679954 2.00687062048409 -1200
1824 2405.05239823552 2405.12024557233 0.262021399667907 2.00687039981609 -1200
1825 2407.3935875174 2400.79590074546 0.262021299655861 2.0068701791481 -1200
1826 2401.62528108366 2402.44944662501 0.262021199643814 2.00686995848012 -1200
1827 2406.1371455497 2403.05604235915 0.262021099631767 2.00686973781214 -1200
1828 2407.24736487917 2407.20214705516 0.26202099961972 2.00686951714417 -1200
1829 2408.83937698156 2411.67012813423 0.262020899607673 2.0068692964762 -1200
1830 2419.6652961427 2403.00955696289 0.262020799595626 2.00686907580824 -1200
1831 2399.57653487442 2408.75706647295 0.262020699583579 2.00686885514028 -1200
1832 2404.65422748225 2403.64474221949 0.262020599571532 2.00686863447233 -1200
1833 2397.361584111 2409.80573099216 0.262020499559485 2.00686841380439 -1200
1834 2405.78530784649 2413.62918747782 0.262020399547438 2.00686819313645 -1200
1835 2409.54268505827 2409.65626508753 0.262020299535391 2.00686797246852 -1200
1836 2416.75110517137 2409.05908297966 0.262020199523344 2.0068677518006 -1200
1837 2417.5869086879 2408.26778942566 0.262020099511296 2.00686753113268 -1200
1838 2412.62922153451 2400.96424751532 0.262019999499249 2.00686731046476 -1200
1839 2414.80967874912 2410.38415026965 0.262019899487201 2.00686708979686 -1200
1840 2413.26532144195 2406.69015568632 0.262019799475154 2.00686686912895 -1200
1841 2409.43550471215 2404.66415097559 0.262019699463106 2.00686664846106 -1200
1842 2413.9001392576 2407.34991376364 0.262019599451059 2.00686642779317 -1200
1843 2403.92575793286 2412.60547661757 0.262019499439011 2.00686620712528 -1200
1844 2408.63474971964 2409.84260283209 0.262019399426964 2.0068659864574 -1200
1845 2415.24400464827 2406.46634776412 0.262019299414916 2.00686576578953 -1200
1846 2411.79508001357 2415.19508391893 0.262019199402868 2.00686554512167 -1200
1847 2405.69862055416 2408.26529509341 0.26201909939082 2.0068653244538 -1200
1848 2414.50786225999 2412.01745462228 0.262018999378773 2.00686510378595 -1200
1849 2403.623721346 2412.1729510157 0.262018899366725 2.0068648831181 -1200
1850 2400.57110762651 2406.77816242852 0.262018799354677 2.00686466245026 -1200
1851 2400.00527271497 2413.30643983574 0.262018699342629 2.00686444178242 -1200
1852 2407.81778621847 2408.8665609327 0.262018599330581 2.00686422111459 -1200
1853 2413.66102404156 2408.15541130916 0.262018499318532 2.00686400044676 -1200
1854 2401.4701480235 2410.75379550737 0.262018399306484 2.00686377977894 -1200
1855 2402.31817074724 2418.43810584127 0.262018299294436 2.00686355911113 -1200
1856 2411.1365044535 2409.778478776 0.262018193667405 2.00686334113721 -1200
1857 2408.02365640559 2406.91536000154 0.262018076955137 2.00686312884974 -1200
1858 2405.57631807531 2406.52082516167 0.262017949462077 2.00686292283783 -1200
1859 2408.14180068838 2417.39235383102 0.262017811522224 2.00686272367339 -1200
1860 2409.39713314112 2411.16591648774 0.262017663498207 2.00686253190955 -1200
1861 2410.45397547722 2410.19069017328 0.262017505780297 2.00686234807918 -1200
1862 2407.56148941702 2407.8315320005 0.262017338785335 2.00686217269338 -1200
1863 2408.71101271178 2403.82306519444 0.26201716295559 2.00686200624013 -1200
1864 2413.16930621043 2410.31813879842 0.262016978757546 2.0068618491829 -1200
1865 2413.85106565551 2413.92543769648 0.262016786680624 2.00686170195943 -1200
1866 2413.72432628125 2416.87875837881 0.262016587235841 2.00686156498048 -1200
1867 2413.15317523487 2410.54262991914 0.262016380954408 2.00686143862876 -1200
1868 2409.83716476445 2422.30188090294 0.262016168386274 2.00686132325782 -1200
1869 2411.24661748138 2413.34110137734 0.262015950098622 2.00686121919114 -1200
1870 2419.19373148773 2416.11415832684 0.262015726674311 2.00686112672119 -1200
1871 2412.32560685115 2417.90824568431 0.262015498710276 2.00686104610869 -1200
1872 2418.75480393895 2409.2485690574 0.2620152668159 2.00686097758182 -1200
1873 2409.73558249093 2411.01250195389 0.262015031611336 2.00686092133566 -1200
1874 2409.91863343141 2424.0857365661 0.26201479372581 2.00686087753161 -1200
1875 2421.55901021979 2407.44084664943 0.262014553795897 2.00686084629699 -1200
1876 2425.62383845119 2422.86664157452 0.262014317575355 2.00686082472966 -1200
1877 2418.98701520969 2413.54632815046 0.262014082211111 2.00686080379074 -1200
1878 2423.00499840663 2420.47178722166 0.26201384615096 2.00686078234112 -1200
1879 2420.38412169227 2412.09625581256 0.262013610656367 2.00686076130655 -1200
1880 2418.50970916869 2419.90712710446 0.262013374702148 2.00686073993466 -1200
1881 2414.67869937313 2426.23536872612 0.262013139121463 2.00686071883691 -1200
1882 2415.14154739679 2425.86482176361 0.26201290323721 2.00686069751638 -1200
1883 2414.79831724432 2425.85764373186 0.262012667599664 2.00686067637691 -1200
1884 2421.54566058187 2406.78694036255 0.26201243176162 2.00686065509029 -1200
1885 2426.93054264104 2416.64916658918 0.262012196086518 2.00686063392326 -1200
1886 2421.74162874474 2421.44418474804 0.262011960278994 2.00686061265904 -1200
1887 2422.5811524582 2435.61577477877 0.262011724579089 2.00686059147381 -1200
1888 2428.85708435274 2421.28915503804 0.262011488791722 2.00686057022439 -1200
1889 2437.74263577615 2433.55276233457 0.262011253075434 2.00686054902713 -1200
1890 2426.09974010488 2432.01964951532 0.26201101730138 2.00686052778749 -1200
1891 2427.84820572422 2426.01219742727 0.262010781574272 2.0068605065823 -1200
1892 2424.22401652732 2431.28762910795 0.262010545809011 2.00686048534911 -1200
1893 2432.9462545585 2439.15647799025 0.262010310074755 2.00686046413867 -1200
1894 2438.3710284473 2426.1382424006 0.262010074315301 2.00686044290975 -1200
1895 2433.99323824411 2433.8459575166 0.262009838576325 2.00686042169585 -1200
1896 2427.4046158784 2437.05990674734 0.262009602820707 2.00686040046974 -1200
1897 2432.45114180427 2430.56723743193 0.262009367078613 2.00686037925356 -1200
1898 2425.97212972373 2437.39663122542 0.262009131325527 2.00686035802932 -1200
1899 2432.88787703449 2430.62735708619 0.262008895581374 2.00686033681163 -1200
1900 2427.12695089898 2444.2431373829 0.262008659829961 2.00686031558862 -1200
1901 2432.95913053579 2431.04349383702 0.262008424084447 2.00686029436993 -1200
1902 2432.63671232046 2431.88632316343 0.262008188334139 2.00686027314773 -1200
1903 2430.1684001247 2443.31488536749 0.262007952587727 2.00686025192839 -1200
1904 2438.7731142161 2439.10852231832 0.262007716838147 2.00686023070673 -1200
1905 2444.27419436902 2441.87298061668 0.262007481091141 2.00686020948695 -1200
1906 2436.18267300187 2438.16918287586 0.262007245342044 2.00686018826565 -1200
1907 2429.94103472331 2447.11848682748 0.262007009594645 2.00686016704559 -1200
1908 2437.19341290344 2442.71275186353 0.262006773845865 2.00686014582452 -1200
1909 2450.27418077533 2447.08914179654 0.262006538098208 2.00686012460428 -1200
1910 2443.19525767703 2440.27883391554 0.262006302349638 2.00686010338336 -1200
1911 2443.30623689436 2445.14683251109 0.262006066601809 2.00686008216299 -1200
1912 2436.81077803858 2447.47624643713 0.262005830853377 2.00686006094219 -1200
1913 2453.94087171589 2449.21840308248 0.262005595105434 2.00686003972174 -1200
1914 2442.96421130232 2440.37288983722 0.262005359357094 2.006860018501 -1200
1915 2455.97573942814 2451.42806179043 0.262005123609076 2.0068599972805 -1200
1916 2444.59490089472 2449.64932339505 0.262004887860795 2.00685997605981 -1200
1917 2450.72850576669 2448.4021214914 0.262004652112728 2.00685995483928 -1200
1918 2447.83960655999 2454.41378104275 0.262004416364487 2.00685993361862 -1200
1919 2448.44682158546 2452.30081515074 0.262004180616386 2.00685991239806 -1200
1920 2437.40787323659 2452.45003067815 0.262003944868171 2.00685989117742 -1200
1921 2441.63173237383 2448.93637095383 0.262003709120048 2.00685986995686 -1200
1922 2452.37147711209 2445.65077682232 0.26200347337185 2.00685984873623 -1200
1923 2456.06155565464 2455.57307485412 0.262003237623713 2.00685982751566 -1200
1924 2452.41631992251 2452.2939921814 0.262003001875525 2.00685980629505 -1200
1925 2452.15740850403 2451.66935877367 0.262002766127378 2.00685978507447 -1200
1926 2465.7428683153 2456.46008816836 0.262002530379198 2.00685976385387 -1200
1927 2460.5577706782 2455.78119915073 0.262002294631044 2.00685974263329 -1200
1928 2455.51783328038 2460.51941221368 0.262002058882868 2.00685972141269 -1200
1929 2472.06607358597 2461.59599229675 0.262001823134709 2.00685970019211 -1200
1930 2463.75199989336 2459.85362313536 0.262001587386536 2.00685967897152 -1200
1931 2455.48031106755 2463.94271953442 0.262001351638374 2.00685965775093 -1200
1932 2463.0645690928 2466.67666917094 0.262001115890203 2.00685963653035 -1200
1933 2462.13233921164 2460.09264830469 0.262000880142038 2.00685961530977 -1200
1934 2460.908199059 2458.12577835159 0.262000644393868 2.00685959408919 -1200
1935 2463.4609814401 2463.13245456318 0.262000408645702 2.00685957286861 -1200
1936 2468.26900810921 2457.66685611548 0.262000172897531 2.00685955164803 -1200
1937 2471.1371092274 2468.68803304917 0.261999937149364 2.00685953042745 -1200
1938 2462.95424366075 2471.04809209161 0.261999701401194 2.00685950920688 -1200
1939 2468.57267070571 2469.95181164382 0.261999465653026 2.0068594879863 -1200
1940 2466.79618660945 2468.50726006706 0.261999229904855 2.00685946676573 -1200
1941 2464.7889131289 2461.20638772611 0.261998994156686 2.00685944554516 -1200
1942 2478.3744227984 2482.86661065699 0.261998758408516 2.00685942432459 -1200
1943 2476.12527399815 2470.29343575789 0.261998522660346 2.00685940310402 -1200
1944 2477.02981572911 2464.27042345896 0.261998286912175 2.00685938188345 -1200
1945 2472.98685725559 2477.26105859599 0.261998051164004 2.00685936066288 -1200
1946 2471.76357749223 2470.85644780321 0.261997815415833 2.00685933944232 -1200
1947 2466.78968260998 2474.80822168036 0.261997579667661 2.00685931822176 -1200
1948 2480.27123866687 2477.70516951142 0.261997343919489 2.00685929700119 -1200
1949 2482.11925073744 2469.1458921524 0.261997108171317 2.00685927578063 -1200
1950 2473.76003530915 2475.65974948056 0.261996872423145 2.00685925456007 -1200
1951 2474.39780004658 2480.27102978374 0.261996636674972 2.00685923333951 -1200
1952 2485.4023238507 2470.02315556351 0.261996400926799 2.00685921211896 -1200
1953 2480.90272427908 2482.00460445226 0.261996165178626 2.0068591908984 -1200
1954 2484.70325362788 2480.47144242691 0.261995929430453 2.00685916967785 -1200
1955 2474.98493051113 2481.06439690123 0.261995693682279 2.00685914845729 -1200
1956 2476.19121574928 2486.14860376056 0.261995457934105 2.00685912723674 -1200
1957 2484.15134553781 2481.22141194898 0.261995222185931 2.00685910601619 -1200
1958 2485.81324596578 2474.29731360111 0.261994986437756 2.00685908479564 -1200
1959 2483.67975540061 2481.80604397584 0.261994750689581 2.0068590635751 -1200
1960 2477.87309061303 2485.8608765186 0.261994514941406 2.00685904235455 -1200
1961 2482.93653867133 2488.62967250897 0.261994279193231 2.00685902113401 -1200
1962 2471.763762714 2482.99274291834 0.261994043445055 2.00685899991346 -1200
1963 2487.99836250507 2494.79625648395 0.261993807696879 2.00685897869292 -1200
1964 2485.47315617847 2486.99213671515 0.261993571948703 2.00685895747238 -1200
1965 2485.32426768139 2489.18410809341 0.261993336200526 2.00685893625184 -1200
1966 2487.29085083266 2482.50349520302 0.261993100452349 2.0068589150313 -1200
1967 2500.03825738597 2488.28684551706 0.261992864704172 2.00685889381076 -1200
1968 2488.40847170137 2487.74851183917 0.261992628955995 2.00685887259023 -1200
1969 2484.21878614203 2486.60507643001 0.261992393207817 2.00685885136969 -1200
1970 2491.01793497278 2490.7353983468 0.261992157459639 2.00685883014916 -1200
1971 2495.76153622657 2488.70503489326 0.261991921711461 2.00685880892863 -1200
1972 2498.35918782556 2493.84861246015 0.261991685963283 2.0068587877081 -1200
1973 2494.46332087121 2496.24611852063 0.261991450215104 2.00685876648757 -1200
1974 2499.63105026744 2498.73233888273 0.261991214466925 2.00685874526704 -1200
1975 2494.16149950052 2495.20213567587 0.261990978718746 2.00685872404652 -1200
1976 2506.01083173709 2505.35029063793 0.261990742970566 2.00685870282599 -1200
1977 2500.42256223756 2501.89242233375 0.261990507222386 2.00685868160547 -1200
1978 2501.41038942817 2499.6937629077 0.261990271474206 2.00685866038495 -1200
1979 2505.15757952175 2495.78449145381 0.261990035726025 2.00685863916443 -1200
1980 2506.82402818444 2502.10563427321 0.261989799977845 2.00685861794391 -1200
1981 2511.53100745884 2501.87123012933 0.261989564229664 2.00685859672339 -1200
1982 2501.69315587282 2512.88367236791 0.261989328481482 2.00685857550287 -1200
1983 2504.38416737149 2501.49238135953 0.261989092733301 2.00685855428236 -1200
1984 2498.29120870444 2514.76405619513 0.261988856985119 2.00685853306184 -1200
1985 2506.44044089606 2511.03817753609 0.261988621236937 2.00685851184133 -1200
1986 2514.34549920613 2500.97337984952 0.261988385488754 2.00685849062082 -1200
1987 2501.43092205118 2513.91537865528 0.261988149740572 2.00685846940031 -1200
1988 2514.49111557551 2507.85312392842 0.261987913992389 2.0068584481798 -1200
1989 2502.97683388624 2511.53052423552 0.261987678244205 2.00685842695929 -1200
1990 2514.27358135927 2519.42566255466 0.261987442496022 2.00685840573878 -1200
1991 2506.75834335203 2510.91823862006 0.261987206747838 2.00685838451828 -1200
1992 2511.35386626724 2505.51684030148 0.261986970999654 2.00685836329778 -1200
1993 2520.79031311438 2501.76607576401 0.26198673525147 2.00685834207727 -1200
1994 2512.59664814784 2520.64563562745 0.261986499503285 2.00685832085677 -1200
1995 2508.72067723277 2518.97410154258 0.2619862637551 2.00685829963627 -1200
1996 2517.17187352756 2516.28176163986 0.261986028006915 2.00685827841577 -1200
1997 2528.2291722952 2515.60394301603 0.261985792258729 2.00685825719528 -1200
1998 2515.98782703124 2511.04701210618 0.261985556510544 2.00685823597478 -1200
1999 2520.1249278171 2528.55761456896 0.261985320762358 2.00685821475429 -1200
2000 2523.95561527062 2517.16374383641 0.261985085014171 2.00685819353379 -1200
2001 2523.92493554619 2526.84903270605 0.261984849265985 2.0068581723133 -1200
2002 2528.0476331123 2519.52346435677 0.261984613517798 2.00685815109281 -1200
2003 2525.92642847048 2516.39774690735 0.261984377769611 2.00685812987232 -1200
2004 2523.21833849232 2529.80069932964 0.261984142021423 2.00685810865184 -1200
2005 2526.86086201662 2525.33601398376 0.261983906273236 2.00685808743135 -1200
2006 2529.87639567821 2524.50925257747 0.261983670525048 2.00685806621087 -1200
2007 2527.71523473721 2531.24827543334 0.261983434776859 2.00685804499038 -1200
2008 2526.86756791758 2529.43461489823 0.261983199028671 2.0068580237699 -1200
2009 2529.52376590823 2536.81337010575 0.261982963280482 2.00685800254942 -1200
2010 2529.4318814543 2534.46731831265 0.261982727532293 2.00685798132894 -1200
2011 2535.76696417938 2540.02871580979 0.261982491784103 2.00685796010846 -1200
2012 2530.98530547365 2521.75542255184 0.261982256035914 2.00685793888798 -1200
2013 2537.09486948808 2534.31579671478 0.261982020287724 2.00685791766751 -1200
2014 2541.67512307071 2534.80930290405 0.261981784539533 2.00685789644703 -1200
2015 2536.83361424666 2525.57274416096 0.261981548791343 2.00685787522656 -1200
2016 2544.76030836607 2537.0151391564 0.261981313043152 2.00685785400609 -1200
2017 2531.52886340533 2538.64156926049 0.261981077294961 2.00685783278562 -1200
2018 2543.70170007377 2543.18995595568 0.26198084154677 2.00685781156515 -1200
2019 2541.08273395604 2537.72638320223 0.261980605798578 2.00685779034468 -1200
2020 2535.75221889774 2537.04426592642 0.261980370050386 2.00685776912422 -1200
2021 2545.84556396614 2537.74140992734 0.261980134302194 2.00685774790375 -1200
2022 2539.16880806088 2539.32479363447 0.261979898554002 2.00685772668329 -1200
2023 2547.43474187548 2536.93798418063 0.261979662805809 2.00685770546283 -1200
2024 2539.39001032201 2537.59375184205 0.261979427057616 2.00685768424236 -1200
2025 2543.63263526126 2543.15301845478 0.261979191309422 2.0068576630219 -1200
2026 2537.63626589157 2537.81679846721 0.261978955561229 2.00685764180145 -1200
2027 2550.21053556719 2547.69646776986 0.261978719813035 2.00685762058099 -1200
2028 2545.53584727122 2553.12322972436 0.261978484064841 2.00685759936053 -1200
2029 2543.65431507974 2540.70942276642 0.261978248316646 2.00685757814008 -1200
2030 2550.6167156817 2553.73798644629 0.261978012568452 2.00685755691963 -1200
2031 2555.27447693118 2547.34068079497 0.261977776820257 2.00685753569917 -1200
2032 2562.30388786229 2564.67911713671 0.261977541072062 2.00685751447872 -1200
2033 2556.34148150935 2557.627555413 0.261977305323866 2.00685749325828 -1200
2034 2552.74145127247 2556.66003728317 0.26197706957567 2.00685747203783 -1200
2035 2551.09403378123 2554.29134853859 0.261976833827474 2.00685745081738 -1200
2036 2551.45505691077 2553.27617501305 0.261976598079278 2.00685742959694 -1200
2037 2566.17174402668 2552.56663289898 0.261976362331081 2.00685740837649 -1200
2038 2561.63509356584 2561.8636530961 0.261976126582884 2.00685738715605 -1200
2039 2564.44373329142 2552.7160538186 0.261975890834687 2.00685736593561 -1200
2040 2561.12711269731 2555.84843752484 0.261975655086489 2.00685734471517 -1200
2041 2566.63584288819 2562.43098816683 0.261975419338292 2.00685732349473 -1200
2042 2554.94005524682 2567.13714300679 0.261975183590094 2.0068573022743 -1200
2043 2570.86674201464 2567.39302021315 0.261974947841895 2.00685728105386 -1200
2044 2567.15309752539 2573.54417906297 0.261974712093697 2.00685725983343 -1200
2045 2566.48660661655 2562.87511356202 0.261974476345498 2.00685723861299 -1200
2046 2577.60788681116 2565.58467498672 0.261974240597299 2.00685721739256 -1200
2047 2567.77228313472 2561.86416809622 0.261974004849099 2.00685719617213 -1200
2048 2561.25702888199 2566.53053035854 0.261973769100899 2.0068571749517 -1200
2049 2570.35646001492 2572.34337905021 0.261973533352699 2.00685715373127 -1200
2050 2569.78973311056 2563.92314191248 0.261973297604499 2.00685713251085 -1200
2051 2572.49606831727 2571.46285271834 0.261973061856298 2.00685711129042 -1200
2052 2580.86831751108 2574.10855436041 0.261972826108098 2.00685709007 -1200
2053 2575.60203297183 2571.75295829296 0.261972590359896 2.00685706884958 -1200
2054 2582.4902017374 2563.92756419435 0.261972354611695 2.00685704762916 -1200
2055 2574.85073919485 2577.66497157202 0.261972118863493 2.00685702640874 -1200
2056 2571.7251993299 2574.67451523717 0.261971883115291 2.00685700518832 -1200
2057 2581.67511682591 2567.36273540495 0.261971647367089 2.0068569839679 -1200
2058 2580.27158326892 2581.09316402873 0.261971411618887 2.00685696274748 -1200
2059 2570.7635184773 2579.38203623223 0.261971175870684 2.00685694152707 -1200
2060 2586.29496367029 2589.40135395917 0.261970940122481 2.00685692030666 -1200
2061 2591.36678566611 2582.73799775857 0.261970704374277 2.00685689908625 -1200
2062 2580.98582844607 2589.78881590343 0.261970468626074 2.00685687786584 -1200
2063 2581.87507950276 2583.36885518098 0.26197023287787 2.00685685664543 -1200
2064 2587.44209545824 2584.17715773374 0.261969997129666 2.00685683542502 -1200
2065 2580.89211144162 2587.69633130231 0.261969761381461 2.00685681420461 -1200
2066 2582.08926705773 2587.25215017735 0.261969525633257 2.00685679298421 -1200
2067 2589.08872038364 2585.31903731072 0.261969289885052 2.0068567717638 -1200
2068 2585.29743195527 2596.81616912932 0.261969054136846 2.0068567505434 -1200
2069 2593.8846228466 2592.88375541729 0.261968818388641 2.006856729323 -1200
2070 2599.23249164196 2601.01648306181 0.261968582640435 2.0068567081026 -1200
2071 2592.3278876865 2596.26114351507 0.261968346892229 2.0068566868822 -1200
2072 2594.08158281379 2598.17536540378 0.261968111144022 2.00685666566181 -1200
2073 2602.18825364862 2598.68019684477 0.261967875395815 2.00685664444141 -1200
2074 2589.59151435188 2589.49596225348 0.261967639647608 2.00685662322102 -1200
2075 2603.86091335405 2598.43605627522 0.261967403899401 2.00685660200062 -1200
2076 2593.2546691112 2589.233909124 0.261967168151193 2.00685658078023 -1200
2077 2598.51543371158 2596.61982134969 0.261966932402986 2.00685655955984 -1200
2078 2597.55994440661 2604.0699587163 0.261966696654778 2.00685653833945 -1200
2079 2600.41037203452 2599.99141240729 0.261966460906569 2.00685651711906 -1200
2080 2602.94074117807 2601.6061526387 0.26196622515836 2.00685649589868 -1200
2081 2604.33367864683 2604.18110367569 0.261965989410151 2.00685647467829 -1200
2082 2603.1750308406 2612.32824211597 0.261965753661942 2.00685645345791 -1200
2083 2609.9743616538 2605.48037453753 0.261965517913733 2.00685643223753 -1200
2084 2616.04119087147 2603.90943999307 0.261965282165523 2.00685641101715 -1200
2085 2607.21980334548 2604.10045777101 0.261965046417313 2.00685638979677 -1200
2086 2611.42286537449 2608.41191557138 0.261964810669103 2.00685636857639 -1200
2087 2606.83814097204 2608.50887750355 0.261964574920892 2.00685634735601 -1200
2088 2606.20815477694 2610.0689035194 0.261964339172681 2.00685632613563 -1200
2089 2617.29111677177 2607.58085988509 0.26196410342447 2.00685630491526 -1200
2090 2609.16579620988 2621.30130684801 0.261963867676258 2.00685628369489 -1200
2091 2624.28485375115 2616.21750515416 0.261963631928047 2.00685626247452 -1200
2092 2614.95883826338 2616.63869126054 0.261963396179835 2.00685624125415 -1200
2093 2617.76662163137 2615.89867514383 0.261963160431622 2.00685622003378 -1200
2094 2611.70737212896 2618.65707268604 0.26196292468341 2.00685619881341 -1200
2095 2621.61388118115 2625.55877429083 0.261962688935197 2.00685617759304 -1200
2096 2629.91397405216 2612.6314499079 0.261962453186984 2.00685615637268 -1200
2097 2630.93531855322 2622.81449556334 0.26196221743877 2.00685613515231 -1200
2098 2618.25736554902 2619.4940327613 0.261961981690557 2.00685611393195 -1200
2099 2625.59624792142 2614.83569817112 0.261961745942343 2.00685609271159 -1200
2100 2624.09672833529 2622.95628093742 0.261961510194128 2.00685607149123 -1200
2101 2629.23786182846 2625.38892737009 0.261961274445914 2.00685605027087 -1200
2102 2619.25668765072 2623.17620384709 0.261961038697699 2.00685602905052 -1200
2103 2630.36631146867 2629.25624408193 0.261960802949484 2.00685600783016 -1200
2104 2617.34238989454 2637.88049327313 0.261960567201269 2.00685598660981 -1200
2105 2633.92661130576 2628.86611524113 0.261960331453053 2.00685596538945 -1200
2106 2631.19252297854 2632.31041443842 0.261960095704837 2.0068559441691 -1200
2107 2640.86029215771 2636.90087236927 0.261959859956621 2.00685592294875 -1200
2108 2628.7995816422 2634.77471237922 0.261959624208404 2.0068559017284 -1200
2109 2634.48362542961 2635.07328185595 0.261959388460187 2.00685588050805 -1200
2110 2641.54489739893 2650.89016743731 0.26195915271197 2.00685585928771 -1200
2111 2644.25920537199 2646.04164828007 0.261958916963753 2.00685583806736 -1200
2112 2635.7826983326 2631.92431389076 0.261958681215535 2.00685581684702 -1200
2113 2636.85141159233 2644.19099120592 0.261958445467318 2.00685579562668 -1200
2114 2639.78801248025 2646.50096818946 0.261958209719099 2.00685577440633 -1200
2115 2641.61221781879 2640.24061545013 0.261957973970881 2.006855753186 -1200
2116 2643.78255199225 2642.69021016776 0.261957738222662 2.00685573196566 -1200
2117 2647.5389390525 2648.83989957834 0.261957502474443 2.00685571074532 -1200
2118 2644.28634898484 2643.49425710072 0.261957266726224 2.00685568952498 -1200
2119 2652.7554164408 2645.23624015564 0.261957030978004 2.00685566830465 -1200
2120 2643.78788629208 2640.8726165008 0.261956795229785 2.00685564708432 -1200
2121 2643.48575379456 2655.11892918207 0.261956559481564 2.00685562586398 -1200
2122 2647.9294662657 2640.63399574043 0.261956323733344 2.00685560464365 -1200
2123 2647.96430885874 2654.2221966619 0.261956087985123 2.00685558342333 -1200
2124 2658.26052483101 2648.48801096892 0.261955852236902 2.006855562203 -1200
2125 2660.58259250174 2651.79577356508 0.261955616488681 2.00685554098267 -1200
2126 2651.57186355945 2663.41279730256 0.26195538074046 2.00685551976235 -1200
2127 2647.91573998387 2658.68336758222 0.261955144992238 2.00685549854202 -1200
2128 2652.68108267088 2654.99216523011 0.261954909244016 2.0068554773217 -1200
2129 2659.49660800822 2662.96250457502 0.261954673495793 2.00685545610138 -1200
2130 2661.60993302933 2658.17563213473 0.261954437747571 2.00685543488106 -1200
2131 2665.50558025329 2656.5456718046 0.261954201999348 2.00685541366074 -1200
2132 2663.02362374901 2666.83096959618 0.261953966251125 2.00685539244042 -1200
2133 2661.75625187283 2657.38765514361 0.261953730502901 2.00685537122011 -1200
2134 2667.32325283761 2671.68811382886 0.261953494754677 2.00685534999979 -1200
2135 2658.75279833368 2668.76364647212 0.261953259006453 2.00685532877948 -1200
2136 2665.89958127782 2660.91921946176 0.261953023258229 2.00685530755917 -1200
2137 2667.01947750835 2674.60252529074 0.261952787510004 2.00685528633886 -1200
2138 2670.57901225034 2666.3357453221 0.26195255176178 2.00685526511855 -1200
2139 2671.21666588658 2666.67656674382 0.261952316013554 2.00685524389824 -1200
2140 2676.17079669591 2665.51869071943 0.261952080265329 2.00685522267794 -1200
2141 2673.15886370971 2673.61907147338 0.261951844517103 2.00685520145763 -1200
2142 2669.11324989152 2672.32277268952 0.261951608768877 2.00685518023733 -1200
2143 2678.05848850203 2667.24326298821 0.261951373020651 2.00685515901702 -1200
2144 2680.97636081845 2681.13626808293 0.261951137272424 2.00685513779672 -1200
2145 2674.37200349854 2678.60297609086 0.261950901524198 2.00685511657642 -1200
2146 2689.06982585832 2680.35448577433 0.26195066577597 2.00685509535613 -1200
2147 2685.32662165095 2691.7484542077 0.261950430027743 2.00685507413583 -1200
2148 2678.95251484741 2680.30616492126 0.261950194279515 2.00685505291553 -1200
2149 2684.50772761225 2688.17780972404 0.261949958531287 2.00685503169524 -1200
2150 2689.09717236038 2693.77808782039 0.261949722783059 2.00685501047494 -1200
2151 2691.13388068934 2686.73438540477 0.261949487034831 2.00685498925465 -1200
2152 2700.18224917197 2691.14458619575 0.261949251286602 2.00685496803436 -1200
2153 2684.52910015629 2699.67136957088 0.261949015538373 2.00685494681407 -1200
2154 2685.80982196945 2692.29005777832 0.261948779790144 2.00685492559379 -1200
2155 2687.34908190679 2689.55995611589 0.261948544041914 2.0068549043735 -1200
2156 2700.24046837334 2696.254367587 0.261948308293684 2.00685488315321 -1200
2157 2698.4707523217 2690.83380548061 0.261948072545454 2.00685486193293 -1200
2158 2688.83938094966 2701.74997919819 0.261947836797223 2.00685484071265 -1200
2159 2685.58524279091 2692.40801099113 0.261947601048993 2.00685481949237 -1200
2160 2701.99899072593 2693.99071803866 0.261947365300762 2.00685479827209 -1200
2161 2695.90932619955 2695.12419725412 0.26194712955253 2.00685477705181 -1200
2162 2698.00092003374 2694.41395095805 0.261946893804299 2.00685475583153 -1200
2163 2700.69811393156 2703.0311853084 0.261946658056067 2.00685473461126 -1200
2164 2698.25732538012 2703.50507265782 0.261946422307835 2.00685471339098 -1200
2165 2713.18805755248 2707.81169751853 0.261946186559602 2.00685469217071 -1200
2166 2701.28199057865 2700.38518612201 0.26194595081137 2.00685467095044 -1200
2167 2710.70819080423 2708.05082981113 0.261945715063137 2.00685464973017 -1200
2168 2704.53539853013 2707.08980165101 0.261945479314903 2.0068546285099 -1200
2169 2710.93611532748 2705.33845690939 0.26194524356667 2.00685460728963 -1200
2170 2712.70705229417 2699.92747325938 0.261945007818436 2.00685458606936 -1200
2171 2699.69689890143 2702.5463932609 0.261944772070202 2.0068545648491 -1200
2172 2710.08830979801 2717.304941522 0.261944536321968 2.00685454362883 -1200
2173 2713.58595861595 2700.87012880877 0.261944300573733 2.00685452240857 -1200
2174 2709.20995801758 2700.30443806783 0.261944064825498 2.00685450118831 -1200
2175 2718.44151744451 2726.41636160682 0.261943829077263 2.00685447996805 -1200
2176 2714.46822270946 2715.04488696522 0.261943593329027 2.00685445874779 -1200
2177 2721.78695266958 2717.96243353455 0.261943357580791 2.00685443752754 -1200
2178 2728.28490500604 2717.71620736869 0.261943121832555 2.00685441630728 -1200
2179 2728.37230231987 2716.24528048132 0.261942886084319 2.00685439508703 -1200
2180 2717.48096777579 2727.16784803276 0.261942650336082 2.00685437386677 -1200
2181 2723.14027296927 2731.63046701717 0.261942414587846 2.00685435264652 -1200
2182 2724.08629934037 2712.35518100221 0.261942178839608 2.00685433142627 -1200
2183 2724.08411240648 2728.27531251591 0.261941943091371 2.00685431020602 -1200
2184 2719.27733829889 2729.93653944973 0.261941707343133 2.00685428898577 -1200
2185 2725.02365920858 2725.41692006584 0.261941471594895 2.00685426776553 -1200
2186 2728.48115357791 2730.67608603656 0.261941235846657 2.00685424654528 -1200
2187 2733.07334599864 2735.56589684146 0.261941000098419 2.00685422532504 -1200
2188 2731.20153031504 2728.79368459178 0.26194076435018 2.00685420410479 -1200
2189 2732.80903006791 2730.90302958619 0.261940528601941 2.00685418288455 -1200
2190 2735.95384231744 2730.99969948178 0.261940292853701 2.00685416166431 -1200
2191 2737.98071733156 2731.90183882107 0.261940057105462 2.00685414044408 -1200
2192 2741.86395846662 2740.33397185783 0.261939821357222 2.00685411922384 -1200
2193 2731.10193094098 2736.92948233651 0.261939585608981 2.0068540980036 -1200
2194 2746.57084054854 2736.41033999671 0.261939349860741 2.00685407678337 -1200
2195 2738.0849208198 2744.15444205893 0.2619391141125 2.00685405556314 -1200
2196 2739.68807112616 2743.39354848694 0.261938878364259 2.0068540343429 -1200
2197 2752.30703167663 2737.29585918914 0.261938642616017 2.00685401312267 -1200
2198 2748.17715225386 2738.27806744064 0.261938406867776 2.00685399190244 -1200
2199 2743.66542416421 2743.26574005891 0.261938171119534 2.00685397068222 -1200
2200 2759.94487736376 2744.93584933235 0.261937935371292 2.00685394946199 -1200
2201 2755.46539268075 2751.3488705033 0.261937699623049 2.00685392824176 -1200
2202 2752.42985130547 2750.64080235711 0.261937463874806 2.00685390702154 -1200
2203 2747.97451670605 2743.38936303557 0.261937228126563 2.00685388580132 -1200
2204 2757.97042450812 2748.48203692842 0.26193699237832 2.0068538645811 -1200
2205 2756.14047716146 2749.37685521851 0.261936756630076 2.00685384336088 -1200
2206 2747.73325416652 2751.33131888228 0.261936520881833 2.00685382214066 -1200
2207 2757.91556888603 2752.4117953142 0.261936285133588 2.00685380092044 -1200
2208 2767.43809391424 2761.88460950676 0.261936049385344 2.00685377970023 -1200
2209 2763.35337629209 2751.97560337254 0.261935813637099 2.00685375848001 -1200
2210 2755.43680691197 2763.68743713465 0.261935577888854 2.0068537372598 -1200
2211 2756.89778830851 2753.74356876941 0.261935342140609 2.00685371603959 -1200
2212 2777.41746724056 2762.37044378989 0.261935106392364 2.00685369481938 -1200
2213 2768.06079275495 2769.79665023867 0.261934870644118 2.00685367359917 -1200
2214 2764.40707463658 2766.20729951375 0.261934634895872 2.00685365237896 -1200
2215 2761.44336810116 2763.79988614172 0.261934399147625 2.00685363115875 -1200
2216 2767.20861081696 2769.18542521438 0.261934163399379 2.00685360993855 -1200
2217 2772.9348250584 2772.85040900359 0.261933927651132 2.00685358871834 -1200
2218 2766.06056095134 2771.05780145692 0.261933691902885 2.00685356749814 -1200
2219 2769.24183054684 2772.48211353811 0.261933456154637 2.00685354627794 -1200
2220 2762.33175653087 2772.45660441786 0.261933220406389 2.00685352505774 -1200
2221 2772.91868520016 2771.12359447238 0.261932984658141 2.00685350383754 -1200
2222 2775.85264494312 2776.5175471367 0.261932748909893 2.00685348261734 -1200
2223 2782.49068884262 2778.84897299263 0.261932513161644 2.00685346139715 -1200
2224 2773.78243876555 2769.85962705902 0.261932277413395 2.00685344017695 -1200
2225 2775.91687121501 2773.26753111429 0.261932041665146 2.00685341895676 -1200
2226 2774.8086358284 2783.66930231736 0.261931805916897 2.00685339773657 -1200
2227 2784.65066285855 2774.15017141905 0.261931570168647 2.00685337651638 -1200
2228 2782.0647302945 2786.19348559573 0.261931334420397 2.00685335529619 -1200
2229 2786.49480891169 2783.52818578916 0.261931098672147 2.006853334076 -1200
2230 2784.6049356575 2791.63536325247 0.261930862923896 2.00685331285582 -1200
2231 2788.56520524151 2789.81392260269 0.261930627175645 2.00685329163563 -1200
2232 2788.23575314363 2781.41780398822 0.261930391427394 2.00685327041545 -1200
2233 2793.86347607545 2795.90118093953 0.261930155679143 2.00685324919526 -1200
2234 2802.85619359946 2788.22390454959 0.261929919930891 2.00685322797508 -1200
2235 2789.35344516978 2794.51125032121 0.261929684182639 2.0068532067549 -1200
2236 2793.21485657556 2800.87090656266 0.261929448434387 2.00685318553472 -1200
2237 2800.53876566283 2795.11039075442 0.261929212686134 2.00685316431455 -1200
2238 2797.15120442967 2798.50559892367 0.261928976937881 2.00685314309437 -1200
2239 2793.97233254954 2799.56747220103 0.261928741189628 2.0068531218742 -1200
2240 2801.80111473551 2797.55805898816 0.261928505441375 2.00685310065402 -1200
2241 2800.18381509386 2808.87237837706 0.261928269693121 2.00685307943385 -1200
2242 2799.44275119722 2801.31138064379 0.261928033944867 2.00685305821368 -1200
2243 2797.93468900114 2792.16987446487 0.261927798196613 2.00685303699351 -1200
2244 2807.94426578433 2808.44658919178 0.261927562448359 2.00685301577334 -1200
2245 2800.81539676198 2800.71994343076 0.261927326700104 2.00685299455318 -1200
2246 2806.16589716687 2801.97356124035 0.261927090951849 2.00685297333301 -1200
2247 2817.66683424533 2804.18072894763 0.261926855203593 2.00685295211285 -1200
2248 2817.72184709512 2813.04921427049 0.261926619455338 2.00685293089269 -1200
2249 2813.72052770669 2825.22739212679 0.261926383707082 2.00685290967252 -1200
2250 2814.16389604382 2811.09798560376 0.261926147958826 2.00685288845236 -1200
2251 2820.33654379257 2816.44378548941 0.261925912210569 2.00685286723221 -1200
2252 2818.18835026454 2813.45515829111 0.261925676462313 2.00685284601205 -1200
2253 2827.83149913889 2817.79734558597 0.261925440714056 2.00685282479189 -1200
2254 2814.52528578819 2819.21733710477 0.261925204965798 2.00685280357174 -1200
2255 2826.78149136312 2820.2553348295 0.261924969217541 2.00685278235159 -1200
2256 2819.23808258589 2821.33552675752 0.261924733469283 2.00685276113143 -1200
2257 2822.10674318223 2822.11766730979 0.261924497721025 2.00685273991128 -1200
2258 2823.60172711998 2826.62134063922 0.261924261972766 2.00685271869113 -1200
2259 2828.74733688361 2830.42668709487 0.261924026224508 2.00685269747099 -1200
2260 2832.27603841237 2820.81520593597 0.261923790476249 2.00685267625084 -1200
2261 2828.38971348882 2829.7986471871 0.26192355472799 2.00685265503069 -1200
2262 2831.41768706772 2838.22010374941 0.26192331897973 2.00685263381055 -1200
2263 2834.86643237454 2835.14091631386 0.26192308323147 2.00685261259041 -1200
2264 2837.85426303317 2827.71775079127 0.26192284748321 2.00685259137027 -1200
2265 2829.1814031017 2833.79519841227 0.26192261173495 2.00685257015013 -1200
2266 2833.67627487041 2829.82042760516 0.261922375986689 2.00685254892999 -1200
2267 2835.59762618229 2832.29046785427 0.261922140238428 2.00685252770985 -1200
2268 2839.17814462529 2837.87454938936 0.261921904490167 2.00685250648972 -1200
2269 2832.55517883189 2835.79519453697 0.261921668741906 2.00685248526958 -1200
2270 2843.71215112094 2831.12766712676 0.261921432993644 2.00685246404945 -1200
2271 2840.68183125012 2835.21372493157 0.261921197245382 2.00685244282932 -1200
2272 2847.37552060771 2850.14804621089 0.26192096149712 2.00685242160919 -1200
2273 2843.12336078931 2846.34649969219 0.261920725748857 2.00685240038906 -1200
2274 2841.0675839459 2849.14963859813 0.261920490000594 2.00685237916893 -1200
2275 2843.4988109343 2841.26804883817 0.261920254252331 2.0068523579488 -1200
2276 2850.16109534472 2859.05207991015 0.261920018504068 2.00685233672868 -1200
2277 2846.68868505178 2845.04649738678 0.261919782755804 2.00685231550855 -1200
2278 2850.5296628543 2851.5740396195 0.26191954700754 2.00685229428843 -1200
2279 2846.89896767552 2858.76704922756 0.261919311259276 2.00685227306831 -1200
2280 2857.6764550406 2860.36603370578 0.261919075511011 2.00685225184819 -1200
2281 2858.07058373413 2847.42659319785 0.261918839762746 2.00685223062807 -1200
2282 2860.52403931889 2853.84797304411 0.261918604014481 2.00685220940795 -1200
2283 2858.31608759676 2859.93785899703 0.261918368266216 2.00685218818784 -1200
2284 2860.60790958704 2868.36827786451 0.26191813251795 2.00685216696772 -1200
2285 2856.97422265293 2854.8017681847 0.261917896769684 2.00685214574761 -1200
2286 2866.08085036909 2868.43601745916 0.261917661021418 2.0068521245275 -1200
2287 2864.34006876694 2859.1403428566 0.261917425273151 2.00685210330739 -1200
2288 2859.00198253787 2870.36953689494 0.261917189524885 2.00685208208728 -1200
2289 2867.41008165025 2869.82750133225 0.261916953776618 2.00685206086717 -1200
2290 2877.47637663807 2881.01525482486 0.26191671802835 2.00685203964706 -1200
2291 2875.03549615431 2878.65570990137 0.261916482280083 2.00685201842696 -1200
2292 2870.99828421827 2872.24078067931 0.261916246531815 2.00685199720685 -1200
2293 2865.76913258536 2872.98742769547 0.261916010783547 2.00685197598675 -1200
2294 2885.02277568775 2873.64717951583 0.261915775035278 2.00685195476665 -1200
2295 2879.27802781466 2883.94812471999 0.261915539287009 2.00685193354655 -1200
2296 2878.07143678461 2879.12137887575 0.26191530353874 2.00685191232645 -1200
2297 2882.5551328659 2869.83237219853 0.261915067790471 2.00685189110635 -1200
2298 2879.74831994262 2879.83591862131 0.261914832042201 2.00685186988626 -1200
2299 2885.28849032575 2887.06041358503 0.261914596293932 2.00685184866616 -1200
2300 2871.75312053738 2881.27075648218 0.261914360545661 2.00685182744607 -1200
2301 2874.92618309725 2883.84122507066 0.261914124797391 2.00685180622598 -1200
2302 2882.41797907252 2882.24778109177 0.26191388904912 2.00685178500589 -1200
2303 2882.07484335753 2882.51396100635 0.261913653300849 2.0068517637858 -1200
2304 2875.84589018824 2893.5072779464 0.261913417552578 2.00685174256571 -1200
2305 2893.24049729515 2892.00816826702 0.261913181804307 2.00685172134562 -1200
2306 2895.07254991537 2893.32394194041 0.261912946056035 2.00685170012554 -1200
2307 2899.0491412255 2893.64127974711 0.261912710307763 2.00685167890546 -1200
2308 2894.97917459776 2897.14079701312 0.26191247455949 2.00685165768537 -1200
2309 2890.12554060113 2895.10349851393 0.261912238811218 2.00685163646529 -1200
2310 2891.01889506203 2901.97968268795 0.261912003062945 2.00685161524521 -1200
2311 2885.16350076756 2893.16989350776 0.261911767314672 2.00685159402513 -1200
2312 2900.06834533204 2898.262688916 0.261911531566398 2.00685157280506 -1200
2313 2905.10162889833 2903.56467370803 0.261911295818125 2.00685155158498 -1200
2314 2899.38531683795 2903.02988660991 0.261911060069851 2.00685153036491 -1200
2315 2909.81649737541 2903.60526456108 0.261910824321576 2.00685150914483 -1200
2316 2909.87930694382 2912.29849761782 0.261910588573302 2.00685148792476 -1200
2317 2904.2286804614 2901.30110172161 0.261910352825027 2.00685146670469 -1200
2318 2910.72556632641 2907.07844538419 0.261910117076751 2.00685144548462 -1200
2319 2918.92669132912 2914.38380108543 0.261909881328476 2.00685142426455 -1200
2320 2913.54486009669 2904.91540071213 0.2619096455802 2.00685140304449 -1200
2321 2912.55501600607 2919.2589608365 0.261909409831924 2.00685138182442 -1200
2322 2922.25710344012 2915.79960324921 0.261909174083648 2.00685136060436 -1200
2323 2927.13421810447 2929.28628614819 0.261908938335371 2.00685133938429 -1200
2324 2919.97526722167 2913.99218122393 0.261908702587095 2.00685131816423 -1200
2325 2915.0902076826 2921.09877567218 0.261908466838817 2.00685129694417 -1200
2326 2917.42078604547 2921.7149695887 0.26190823109054 2.00685127572411 -1200
2327 2926.76081506156 2935.46166580033 0.261907995342262 2.00685125450406 -1200
2328 2919.37252683243 2916.55762653056 0.261907759593984 2.006851233284 -1200
2329 2930.82311912348 2917.29431815591 0.261907523845706 2.00685121206395 -1200
2330 2936.81252512075 2927.35479231319 0.261907288097428 2.00685119084389 -1200
2331 2933.77414545772 2925.32893067258 0.261907052349149 2.00685116962384 -1200
2332 2932.52967666596 2931.44996766992 0.26190681660087 2.00685114840379 -1200
2333 2935.81971516416 2929.10427985635 0.26190658085259 2.00685112718374 -1200
2334 2927.07710720605 2936.92819702328 0.261906345104311 2.00685110596369 -1200
2335 2930.33861844402 2933.48715226694 0.261906109356031 2.00685108474365 -1200
2336 2940.15739720387 2944.2484625285 0.261905873607751 2.0068510635236 -1200
2337 2932.89605955804 2936.15150373735 0.26190563785947 2.00685104230356 -1200
2338 2943.92832662625 2940.3239811914 0.26190540211119 2.00685102108352 -1200
2339 2943.41827748946 2935.49854700066 0.261905166362909 2.00685099986347 -1200
2340 2936.23223952894 2944.10221465789 0.261904930614627 2.00685097864343 -1200
2341 2943.15651525785 2935.2152166041 0.261904694866346 2.0068509574234 -1200
2342 2946.47798835855 2938.55099777031 0.261904459118064 2.00685093620336 -1200
2343 2949.00237988597 2940.44311181906 0.261904223369782 2.00685091498332 -1200
2344 2956.40519949364 2947.25471593867 0.261903987621499 2.00685089376329 -1200
2345 2953.92537940629 2939.80842423727 0.261903751873217 2.00685087254325 -1200
2346 2948.87960224354 2945.48043552327 0.261903516124934 2.00685085132322 -1200
2347 2947.88481465983 2948.26290904934 0.261903280376651 2.00685083010319 -1200
2348 2957.68258670289 2952.87769770278 0.261903044628367 2.00685080888316 -1200
2349 2951.21164743607 2956.11503895343 0.261902808880083 2.00685078766313 -1200
2350 2955.46456212623 2952.73230310669 0.261902573131799 2.00685076644311 -1200
2351 2963.27882094885 2967.03056553787 0.261902337383515 2.00685074522308 -1200
2352 2965.07583933291 2950.26999345842 0.26190210163523 2.00685072400306 -1200
2353 2962.41468473965 2954.86152386122 0.261901865886945 2.00685070278304 -1200
2354 2965.46703775596 2962.24934938815 0.26190163013866 2.00685068156301 -1200
2355 2962.11686256977 2972.39959854909 0.261901394390374 2.00685066034299 -1200
2356 2963.76320628874 2960.48624371025 0.261901158642088 2.00685063912298 -1200
2357 2970.60444054828 2965.13648732058 0.261900922893802 2.00685061790296 -1200
2358 2962.18387784078 2968.43244010758 0.261900687145516 2.00685059668294 -1200
2359 2977.70735199763 2970.69575047111 0.261900451397229 2.00685057546293 -1200
2360 2972.54886330654 2966.83993182222 0.261900215648943 2.00685055424291 -1200
2361 2971.40922043347 2970.37415466596 0.261899979900655 2.0068505330229 -1200
2362 2973.53654710578 2980.09167296814 0.261899744152368 2.00685051180289 -1200
2363 2979.37806055054 2979.77352466439 0.26189950840408 2.00685049058288 -1200
2364 2974.4046253256 2984.32483615056 0.261899272655792 2.00685046936287 -1200
2365 2974.41132283083 2982.49439627035 0.261899036907504 2.00685044814287 -1200
2366 2981.78195700205 2985.72713684231 0.261898801159215 2.00685042692286 -1200
2367 2987.07265069132 2983.03721573357 0.261898565410927 2.00685040570286 -1200
2368 2986.80122158789 2980.005378961 0.261898329662637 2.00685038448286 -1200
2369 2985.24227812011 2978.3672642149 0.261898093914348 2.00685036326285 -1200
2370 2980.30545421999 2985.5242160818 0.261897858166058 2.00685034204285 -1200
2371 2991.73566912398 2994.03028312954 0.261897622417768 2.00685032082286 -1200
2372 2987.15838046983 2990.62343506615 0.261897386669478 2.00685029960286 -1200
2373 2988.09588450265 2994.57223251754 0.261897150921188 2.00685027838286 -1200
2374 2989.90503425482 2988.38087201885 0.261896915172897 2.00685025716287 -1200
2375 2996.52535284469 2995.28421320284 0.261896679424606 2.00685023594288 -1200
2376 2994.2298104583 2999.28481594754 0.261896443676315 2.00685021472288 -1200
2377 2996.21756629514 2990.10543629384 0.261896207928023 2.00685019350289 -1200
2378 2987.71933872484 3002.42754500813 0.261895972179731 2.0068501722829 -1200
2379 3004.12439359976 3005.52396965086 0.261895736431439 2.00685015106292 -1200
2380 3005.7789026418 3004.44341246009 0.261895500683146 2.00685012984293 -1200
2381 2993.61201746957 2998.09464334683 0.261895264934853 2.00685010862294 -1200
2382 3004.11490929547 2997.82206399237 0.26189502918656 2.00685008740296 -1200
2383 3001.28929414239 3008.7525295359 0.261894793438267 2.00685006618298 -1200
2384 3016.64140863935 3011.72767823275 0.261894557689973 2.006850044963 -1200
2385 3011.17678860548 3005.44958090762 0.26189432194168 2.00685002374302 -1200
2386 3000.88161991382 3010.49971015101 0.261894086193385 2.00685000252304 -1200
2387 3016.04805883365 3016.6965630496 0.261893850445091 2.00684998130306 -1200
2388 3014.87360216341 3008.37647197132 0.261893614696796 2.00684996008308 -1200
2389 3014.96958420187 3016.39035509526 0.261893378948501 2.00684993886311 -1200
2390 3020.50352799591 3016.11303881709 0.261893143200206 2.00684991764314 -1200
2391 3021.3963203127 3009.47274147653 0.26189290745191 2.00684989642316 -1200
2392 3021.21359190262 3014.8721983789 0.261892671703615 2.00684987520319 -1200
2393 3021.06816131918 3023.59688024766 0.261892435955319 2.00684985398322 -1200
2394 3023.79455879951 3022.31302337642 0.261892200207022 2.00684983276326 -1200
2395 3023.77685360877 3025.42456138348 0.261891964458725 2.00684981154329 -1200
2396 3024.47180798278 3029.94036509767 0.261891728710429 2.00684979032332 -1200
2397 3035.37641366252 3024.25186494844 0.261891492962131 2.00684976910336 -1200
2398 3031.28441316223 3036.81025318086 0.261891257213834 2.0068497478834 -1200
2399 3029.80766397839 3024.00244804242 0.261891021465536 2.00684972666344 -1200
2400 3025.05750587278 3030.56216016295 0.261890785717238 2.00684970544348 -1200
2401 3032.91267322326 3038.59825546331 0.26189054996894 2.00684968422352 -1200
2402 3033.63212727295 3033.90978902231 0.261890314220641 2.00684966300356 -1200
2403 3038.36166654602 3038.9742682343 0.261890078472342 2.0068496417836 -1200
2404 3032.97117055772 3040.82477316319 0.261889842724043 2.00684962056365 -1200
2405 3038.37708257824 3042.58482164678 0.261889606975744 2.0068495993437 -1200
2406 3048.24990620619 3046.89555630466 0.261889371227444 2.00684957812374 -1200
2407 3049.50120462113 3037.97016849772 0.261889135479144 2.00684955690379 -1200
2408 3044.49982211085 3044.21002033112 0.261888899730844 2.00684953568384 -1200
2409 3039.9324705449 3038.02012427417 0.261888663982543 2.00684951446389 -1200
2410 3051.37689437975 3049.59838883229 0.261888428234242 2.00684949324395 -1200
2411 3047.71448798402 3042.43189855654 0.261888192485941 2.006849472024 -1200
2412 3045.65362136141 3047.41615494013 0.26188795673764 2.00684945080406 -1200
2413 3052.54223669468 3053.78139322899 0.261887720989338 2.00684942958412 -1200
2414 3049.43387647876 3057.45513389435 0.261887485241036 2.00684940836417 -1200
2415 3055.39034859134 3059.44404896379 0.261887249492734 2.00684938714423 -1200
2416 3064.07872870488 3058.67774225995 0.261887013744431 2.0068493659243 -1200
2417 3055.23109320963 3069.6612905753 0.261886777996128 2.00684934470436 -1200
2418 3058.93241276943 3051.31514591087 0.261886542247825 2.00684932348442 -1200
2419 3062.37436690565 3067.10590863434 0.261886306499522 2.00684930226449 -1200
2420 3072.54563670301 3058.40923746193 0.261886070751218 2.00684928104455 -1200
2421 3070.0837044677 3064.33699164486 0.261885835002914 2.00684925982462 -1200
2422 3063.97774682136 3071.62601122559 0.26188559925461 2.00684923860469 -1200
2423 3059.3840867738 3064.9204669275 0.261885363506305 2.00684921738476 -1200
2424 3071.78440803221 3065.54436124799 0.261885127758001 2.00684919616483 -1200
2425 3071.70187149119 3070.78579428611 0.261884892009696 2.00684917494491 -1200
2426 3078.57098266702 3072.288007613 0.26188465626139 2.00684915372498 -1200
2427 3067.83238979246 3082.65757438052 0.261884420513085 2.00684913250506 -1200
2428 3079.33264911101 3081.39087328543 0.261884184764779 2.00684911128514 -1200
2429 3081.62205758598 3077.94925774854 0.261883949016473 2.00684909006521 -1200
2430 3077.00798725779 3075.63270333271 0.261883713268166 2.00684906884529 -1200
2431 3075.1824242161 3082.23806079339 0.26188347751986 2.00684904762538 -1200
2432 3084.93953490502 3082.04929842313 0.261883241771553 2.00684902640546 -1200
2433 3091.15254912246 3089.99218072104 0.261883006023245 2.00684900518554 -1200
2434 3090.14385587325 3090.75626506281 0.261882770274938 2.00684898396563 -1200
2435 3087.94494928464 3084.2267812759 0.26188253452663 2.00684896274571 -1200
2436 3096.50707237479 3090.63109516365 0.261882298778322 2.0068489415258 -1200
2437 3081.58779840455 3091.77256855176 0.261882063030013 2.00684892030589 -1200
2438 3095.81619468115 3093.64304575084 0.261881827281705 2.00684889908598 -1200
2439 3088.98613069584 3095.36872408353 0.261881591533396 2.00684887786607 -1200
2440 3094.15846268672 3097.33379945049 0.261881355785087 2.00684885664617 -1200
2441 3091.87686148542 3099.32646495514 0.261881120036777 2.00684883542626 -1200
2442 3100.54098070577 3097.98672365306 0.261880884288467 2.00684881420636 -1200
2443 3097.88833134433 3104.17934712383 0.261880648540157 2.00684879298645 -1200
2444 3100.52548981315 3101.36677306415 0.261880412791847 2.00684877176655 -1200
2445 3105.02089675175 3096.24222656482 0.261880177043536 2.00684875054665 -1200
2446 3101.0140013666 3106.19014086115 0.261879941295225 2.00684872932675 -1200
2447 3106.7386096327 3110.2130331754 0.261879705546914 2.00684870810686 -1200
2448 3102.93755508046 3114.93800896882 0.261879469798603 2.00684868688696 -1200
2449 3106.26519780327 3119.73225538113 0.261879234050291 2.00684866566707 -1200
2450 3121.6371076207 3117.40867764738 0.261878998301979 2.00684864444717 -1200
2451 3110.43881034124 3115.9412215532 0.261878762553667 2.00684862322728 -1200
2452 3109.81858433067 3109.99456574615 0.261878526805354 2.00684860200739 -1200
2453 3113.91686638788 3116.13849996129 0.261878291057041 2.0068485807875 -1200
2454 3119.35410218609 3108.33539423729 0.261878055308728 2.00684855956761 -1200
2455 3122.96273896205 3115.96275344662 0.261877819560415 2.00684853834773 -1200
2456 3120.96970182734 3123.19440068752 0.261877583812101 2.00684851712784 -1200
2457 3117.05486756199 3122.39536472048 0.261877348063787 2.00684849590796 -1200
2458 3129.26455077455 3114.19680133343 0.261877112315473 2.00684847468807 -1200
2459 3126.9366738919 3133.9586083232 0.261876876567158 2.00684845346819 -1200
2460 3127.89077234369 3137.01260728937 0.261876640818843 2.00684843224831 -1200
2461 3126.48844533444 3139.8493195132 0.261876405070528 2.00684841102843 -1200
2462 3131.02697492173 3133.95173718662 0.261876169322213 2.00684838980856 -1200
2463 3136.50687891868 3131.70929115704 0.261875933573897 2.00684836858868 -1200
2464 3140.25579224612 3138.71699387799 0.261875697825581 2.00684834736881 -1200
2465 3141.0102718239 3128.44147263022 0.261875462077265 2.00684832614893 -1200
2466 3145.17115523487 3139.6194310605 0.261875226328948 2.00684830492906 -1200
2467 3134.94528928689 3140.43790342859 0.261874990580632 2.00684828370919 -1200
2468 3134.30795693257 3149.06707363906 0.261874754832315 2.00684826248932 -1200
2469 3142.14374963633 3137.6652581217 0.261874519083997 2.00684824126945 -1200
2470 3141.32169137028 3141.53379630532 0.26187428333568 2.00684822004958 -1200
2471 3144.84376357124 3142.65550918853 0.261874047587362 2.00684819882972 -1200
2472 3142.86693094149 3153.64690309822 0.261873811839044 2.00684817760986 -1200
2473 3144.90400945059 3142.0794215962 0.261873576090725 2.00684815638999 -1200
2474 3150.729018629 3148.4000428638 0.261873340342407 2.00684813517013 -1200
2475 3155.83357961017 3147.69735375207 0.261873104594088 2.00684811395027 -1200
2476 3149.06654777892 3154.10520733517 0.261872868845768 2.00684809273041 -1200
2477 3156.40030238348 3149.19457633792 0.261872633097449 2.00684807151055 -1200
2478 3164.76683335099 3153.40488684589 0.261872397349129 2.0068480502907 -1200
2479 3158.8657129503 3162.65355387182 0.261872161600809 2.00684802907084 -1200
2480 3154.71325501245 3154.56549027805 0.261871925852488 2.00684800785099 -1200
2481 3156.56943765332 3158.84849049515 0.261871690104167 2.00684798663114 -1200
2482 3162.18139573209 3162.40709272009 0.261871454355847 2.00684796541129 -1200
2483 3170.54782256934 3160.20624177605 0.261871218607525 2.00684794419144 -1200
2484 3169.5187312265 3166.0258075703 0.261870982859204 2.00684792297159 -1200
2485 3171.89928017164 3163.15118085631 0.261870747110882 2.00684790175174 -1200
2486 3164.61249498117 3167.95123068046 0.26187051136256 2.0068478805319 -1200
2487 3171.89240463774 3178.75552422621 0.261870275614237 2.00684785931205 -1200
2488 3169.58942244343 3180.7733021344 0.261870039865915 2.00684783809221 -1200
2489 3181.98959627415 3167.1483063803 0.261869804117592 2.00684781687237 -1200
2490 3168.5589714946 3184.61344040842 0.261869568369269 2.00684779565253 -1200
2491 3172.2720347524 3184.74949724859 0.261869332620945 2.00684777443269 -1200
2492 3177.77965449667 3176.29478441968 0.261869096872621 2.00684775321285 -1200
2493 3183.44820962817 3180.02900622571 0.261868861124297 2.00684773199302 -1200
2494 3182.23811059368 3175.42525038092 0.261868625375973 2.00684771077318 -1200
2495 3187.35107072143 3188.59134600384 0.261868389627649 2.00684768955335 -1200
2496 3193.7935034974 3187.16543653742 0.261868153879324 2.00684766833352 -1200
2497 3196.30497239377 3193.27845399857 0.261867918130999 2.00684764711369 -1200
2498 3186.55006555641 3189.83870676593 0.261867682382673 2.00684762589386 -1200
2499 3192.96047036485 3193.62292647035 0.261867446634347 2.00684760467403 -1200
2500 3193.46968858592 3188.093505976 0.261867210886021 2.0068475834542 -1200
2501 3193.6512432164 3190.76885869965 0.261866975137695 2.00684756223438 -1200
2502 3200.66154895004 3195.59871551056 0.261866739389369 2.00684754101455 -1200
2503 3197.03820712191 3187.1037785095 0.261866503641042 2.00684751979473 -1200
2504 3194.08406282505 3191.68621267957 0.261866267892715 2.00684749857491 -1200
2505 3199.24380794546 3193.42193926777 0.261866032144387 2.00684747735509 -1200
2506 3199.03161726761 3207.452475549 0.26186579639606 2.00684745613527 -1200
2507 3199.80565182224 3196.75419423488 0.261865560647732 2.00684743491545 -1200
2508 3197.86841196185 3211.26184334132 0.261865324899404 2.00684741369564 -1200
2509 3208.0573659343 3213.69958054632 0.261865089151075 2.00684739247582 -1200
2510 3210.16145916368 3201.03987867384 0.261864853402746 2.00684737125601 -1200
2511 3212.26166510964 3198.01540701891 0.261864617654417 2.0068473500362 -1200
2512 3207.16174082429 3220.50368322462 0.261864381906088 2.00684732881638 -1200
2513 3218.99667771825 3219.87887352123 0.261864146157758 2.00684730759657 -1200
2514 3215.99939133279 3213.37698081855 0.261863910409428 2.00684728637677 -1200
2515 3216.40714604332 3213.70211700508 0.261863674661098 2.00684726515696 -1200
2516 3211.84272379671 3212.16260311428 0.261863438912768 2.00684724393715 -1200
2517 3213.56349037736 3219.45688019831 0.261863203164437 2.00684722271735 -1200
2518 3218.55088089545 3213.13867980707 0.261862967416106 2.00684720149755 -1200
2519 3223.16900390448 3226.03062972048 0.261862731667774 2.00684718027775 -1200
2520 3232.34747962796 3226.8739194574 0.261862495919443 2.00684715905795 -1200
2521 3229.88912442015 3227.62097448629 0.261862260171111 2.00684713783815 -1200
2522 3228.34145709427 3224.21910783794 0.261862024422779 2.00684711661835 -1200
2523 3228.18170112041 3233.50585513936 0.261861788674446 2.00684709539855 -1200
2524 3235.42009019788 3230.76784320083 0.261861552926114 2.00684707417876 -1200
2525 3240.32376099274 3233.07750101407 0.261861317177781 2.00684705295897 -1200
2526 3239.68247316859 3238.6120413148 0.261861081429448 2.00684703173917 -1200
2527 3233.21535608756 3238.86644941723 0.261860845681114 2.00684701051938 -1200
2528 3243.65072370229 3229.68515905347 0.26186060993278 2.00684698929959 -1200
2529 3246.02532241757 3239.17451756038 0.261860374184446 2.0068469680798 -1200
2530 3248.2940460522 3236.75208169825 0.261860138436112 2.00684694686002 -1200
2531 3242.31730548922 3240.23776913416 0.261859902687777 2.00684692564023 -1200
2532 3243.63528037189 3245.9746298375 0.261859666939442 2.00684690442045 -1200
2533 3237.60147836023 3238.83055527969 0.261859431191107 2.00684688320067 -1200
2534 3243.15914352925 3243.93834139196 0.261859195442772 2.00684686198088 -1200
2535 3252.04216367 3255.11879773963 0.261858959694436 2.0068468407611 -1200
2536 3266.18899228243 3254.83700333389 0.2618587239461 2.00684681954132 -1200
2537 3256.51658757025 3244.92698998183 0.261858488197764 2.00684679832155 -1200
2538 3257.01857685724 3261.65087489929 0.261858252449427 2.00684677710177 -1200
2539 3253.03418453403 3251.57947760871 0.26185801670109 2.006846755882 -1200
2540 3254.71812332063 3258.29809247179 0.261857780952753 2.00684673466222 -1200
2541 3258.98060179708 3265.11901089218 0.261857545204415 2.00684671344245 -1200
2542 3262.85232557356 3270.06125040003 0.261857309456078 2.00684669222268 -1200
2543 3259.52737167564 3273.62294255063 0.26185707370774 2.00684667100291 -1200
2544 3266.14870276669 3257.1785048106 0.261856837959401 2.00684664978314 -1200
2545 3271.18523678148 3258.06967166302 0.261856602211063 2.00684662856338 -1200
2546 3271.82770498995 3265.53077246801 0.261856366462724 2.00684660734361 -1200
2547 3271.02546943168 3272.60739991889 0.261856130714385 2.00684658612385 -1200
2548 3274.29343323772 3272.03433234771 0.261855894966045 2.00684656490408 -1200
2549 3273.89855221325 3270.69452579635 0.261855659217706 2.00684654368432 -1200
2550 3277.21128848768 3280.16435182866 0.261855423469366 2.00684652246456 -1200
2551 3281.42101987021 3277.21240382299 0.261855187721026 2.0068465012448 -1200
2552 3273.56498232675 3270.71662620486 0.261854951972685 2.00684648002504 -1200
2553 3284.86133543918 3287.17703779494 0.261854716224344 2.00684645880529 -1200
2554 3288.26641007254 3290.58457655564 0.261854480476003 2.00684643758553 -1200
2555 3285.77942495363 3285.97947812588 0.261854244727662 2.00684641636578 -1200
2556 3287.77683077007 3285.49712076381 0.26185400897932 2.00684639514603 -1200
2557 3291.16224144203 3290.96381145068 0.261853773230978 2.00684637392628 -1200
2558 3297.92137743729 3288.81580554165 0.261853537482636 2.00684635270653 -1200
2559 3298.0726034776 3281.40925024166 0.261853301734294 2.00684633148678 -1200
2560 3299.96357600434 3288.63503413541 0.261853065985951 2.00684631026703 -1200
2561 3294.23222699069 3295.75192441634 0.261852830237608 2.00684628904729 -1200
2562 3301.52122073798 3297.77170205904 0.261852594489265 2.00684626782754 -1200
2563 3294.95822734992 3291.88905515872 0.261852358740921 2.0068462466078 -1200
2564 3298.68461866366 3298.86566986671 0.261852122992577 2.00684622538806 -1200
2565 3296.09935654401 3300.00207843292 0.261851887244233 2.00684620416832 -1200
2566 3313.39180413428 3309.49994183841 0.261851651495889 2.00684618294858 -1200
2567 3302.62664894674 3302.47994367159 0.261851415747544 2.00684616172884 -1200
2568 3303.73809679476 3304.92092338 0.261851179999199 2.00684614050911 -1200
2569 3304.94342154051 3309.11975503435 0.261850944250854 2.00684611928937 -1200
2570 3318.05955720779 3312.20168967355 0.261850708502508 2.00684609806964 -1200
2571 3305.43892099795 3318.53844712094 0.261850472754162 2.00684607684991 -1200
2572 3310.49750147535 3317.16816805448 0.261850237005816 2.00684605563017 -1200
2573 3315.81995502757 3308.91928633048 0.26185000125747 2.00684603441045 -1200
2574 3311.0939334401 3311.24156008312 0.261849765509123 2.00684601319072 -1200
2575 3321.96901239153 3311.13483593106 0.261849529760776 2.00684599197099 -1200
2576 3319.49857328507 3311.25042440231 0.261849293904435 2.00684597202121 -1200
2577 3328.48369495955 3317.76969490982 0.261849057845038 2.00684595461243 -1200
2578 3323.67616367256 3327.25284376771 0.26184882160846 2.0068459397467 -1200
2579 3323.95141596812 3324.1190426008 0.261848585220594 2.00684592742577 -1200
2580 3325.12133655094 3325.66520570357 0.26184834870735 2.00684591765115 -1200
2581 3322.44865536536 3327.19602318119 0.261848112094655 2.00684591042403 -1200
2582 3322.55092551573 3330.37024230941 0.261847875408441 2.00684590574537 -1200
2583 3339.86824211575 3327.5161742161 0.261847638674653 2.0068459036158 -1200
2584 3332.7775736706 3337.75325673814 0.261847401919239 2.00684590403569 -1200
2585 3334.61651432937 3343.73478663681 0.261847165168151 2.00684590700515 -1200
2586 3333.69745510247 3343.04272309484 0.261846928447337 2.00684591252399 -1200
2587 3339.24901699645 3327.39088624602 0.261846691782746 2.00684592059173 -1200
2588 3343.05061045907 3337.33913834983 0.261846455200317 2.00684593120764 -1200
2589 3341.59182334866 3344.3478827459 0.261846218725984 2.00684594437068 -1200
2590 3342.18039192589 3346.69796104144 0.261845982385666 2.00684596007956 -1200
2591 3352.89367643946 3348.83497561823 0.261845746205268 2.00684597833268 -1200
2592 3356.76158725892 3358.85835237844 0.261845510210678 2.00684599912819 -1200
2593 3350.73400054321 3350.78575944852 0.261845274427764 2.00684602246395 -1200
2594 3349.63393699385 3357.76862521045 0.261845038882369 2.00684604833753 -1200
2595 3358.81570084534 3353.81312200826 0.261844803600312 2.00684607674624 -1200
2596 3354.44845138902 3360.74937800739 0.261844568607381 2.0068461076871 -1200
2597 3355.11203595227 3367.48719696773 0.261844333929336 2.00684614115685 -1200
2598 3363.91761081051 3369.8080288095 0.261844099591898 2.00684617715197 -1200
2599 3365.5811447121 3366.7439670269 0.261843865620753 2.00684621566865 -1200
2600 3364.45135818921 3366.97375416122 0.261843632041547 2.0068462567028 -1200
2601 3369.16707555039 3374.90325894715 0.261843398879882 2.00684630025005 -1200
2602 3373.19570424439 3374.56827954474 0.261843166161315 2.00684634630578 -1200
2603 3374.24445874469 3370.7672451143 0.261842933911354 2.00684639486508 -1200
2604 3376.36230011937 3373.57523997714 0.261842702155456 2.00684644592275 -1200
2605 3382.25792792687 3381.80382227758 0.261842470919023 2.00684649947333 -1200
2606 3383.66082620431 3374.07212799338 0.261842240227401 2.0068465555111 -1200
2607 3380.91336631192 3375.47314409768 0.261842010105876 2.00684661403004 -1200
2608 3384.05099329161 3380.35052774844 0.261841780579672 2.00684667502389 -1200
2609 3394.88172676337 3389.1826149947 0.261841551673945 2.00684673848608 -1200
2610 3383.75151888389 3382.17290469519 0.261841323413787 2.0068468044098 -1200
2611 3393.82257670914 3397.43367033438 0.261841095824217 2.00684687278795 -1200
2612 3385.80326303459 3395.27256365237 0.261840868930179 2.00684694361319 -1200
2613 3388.25505807973 3397.70409857415 0.261840642756544 2.00684701687787 -1200
2614 3393.80703795591 3399.94527132039 0.261840417328102 2.00684709257411 -1200
2615 3394.01493216842 3408.13927414486 0.261840192669562 2.00684717069375 -1200
2616 3401.28914670878 3408.02169104771 0.261839968805548 2.00684725122835 -1200
2617 3410.89886775905 3405.01845653057 0.261839745760597 2.00684733416922 -1200
2618 3409.4953885371 3410.49112779056 0.261839523559156 2.0068474195074 -1200
2619 3417.27041759543 3415.63587678464 0.261839302225581 2.00684750723369 -1200
2620 3412.85677136156 3418.36130945305 0.26183908178413 2.00684759733859 -1200
2621 3420.2575463186 3407.26318539494 0.261838862258967 2.00684768981236 -1200
2622 3413.25491393314 3433.95970982397 0.261838643674151 2.00684778464501 -1200
2623 3417.16203173917 3431.31221938643 0.261838426053641 2.00684788182627 -1200
2624 3419.17061771671 3429.06457706534 0.26183820942129 2.00684798134562 -1200
2625 3424.8040184564 3428.28226415572 0.261837993800842 2.00684808319229 -1200
2626 3422.03930730977 3440.26503011236 0.26183777921593 2.00684818735525 -1200
2627 3432.87187060693 3425.84224051339 0.261837565690073 2.00684829382321 -1200
2628 3435.09656465185 3438.69674106431 0.261837353246675 2.00684840258465 -1200
2629 3436.8640133638 3438.05797269289 0.261837141909021 2.00684851362776 -1200
2630 3444.31757476721 3436.33360498067 0.261836931700274 2.00684862694052 -1200
2631 3433.06465130919 3438.71452147543 0.261836722643474 2.00684874251064 -1200
2632 3441.90465843627 3439.87221994963 0.261836514761535 2.00684886032558 -1200
2633 3453.71401819993 3446.24328973486 0.261836308077239 2.00684898037255 -1200
2634 3452.62688018427 3450.66461829764 0.261836102613242 2.00684910263855 -1200
2635 3452.45941576751 3456.08566013942 0.261835898392062 2.00684922711029 -1200
2636 3451.68653555936 3460.62950283285 0.261835695436083 2.00684935377427 -1200
2637 3466.73540942153 3461.1730264329 0.261835493767548 2.00684948261673 -1200
2638 3458.5473256534 3461.66698228628 0.261835293408561 2.00684961362369 -1200
2639 3461.6295926714 3464.69369689553 0.261835094381082 2.00684974678091 -1200
2640 3462.44085433388 3466.0290016802 0.261834896706923 2.00684988207394 -1200
2641 3455.92799711976 3472.23911674525 0.26183470040775 2.00685001948808 -1200
2642 3475.50771076188 3463.57491586006 0.261834505505078 2.00685015900839 -1200
2643 3475.43941790392 3479.8551066276 0.261834312020268 2.00685030061972 -1200
2644 3479.22237606152 3479.66558827465 0.261834119974524 2.00685044430668 -1200
2645 3470.00617929362 3485.90023209753 0.261833929388896 2.00685059005365 -1200
2646 3479.78894252584 3488.41140002998 0.261833740312701 2.00685073659981 -1200
2647 3486.58276899625 3484.54774296181 0.261833551381505 2.00685088310347 -1200
2648 3492.6102387865 3470.94034634488 0.261833362332469 2.00685102964165 -1200
2649 3491.90032251349 3500.30624625266 0.261833173379201 2.00685117615177 -1200
2650 3491.56070024241 3503.90970562663 0.261832984348102 2.00685132268468 -1200
2651 3490.84622735339 3483.14988078112 0.261832795380255 2.00685146919905 -1200
2652 3486.78507609704 3497.24589667004 0.261832606361004 2.00685161572848 -1200
2653 3496.29570592007 3493.92862203728 0.261832417383528 2.00685176224566 -1200
2654 3505.14779085983 3507.18437570289 0.261832228372102 2.00685190877278 -1200
2655 3513.83519381996 3504.88560737309 0.261832039388266 2.00685205529181 -1200
2656 3507.24913365864 3515.32607024131 0.261831850382007 2.0068522018174 -1200
2657 3504.07383998195 3516.72691029027 0.261831661393972 2.00685234833764 -1200
2658 3515.4138612863 3512.03889154833 0.261831472391126 2.00685249486222 -1200
2659 3523.36878480139 3516.5901718526 0.261831283400316 2.00685264138326 -1200
2660 3518.7223473976 3519.99778068909 0.261831094399724 2.00685278790716 -1200
2661 3520.74037147209 3526.24233559919 0.261830905407081 2.00685293442872 -1200
2662 3531.38054481482 3532.65319863851 0.261830716407978 2.00685308095217 -1200
2663 3526.45870490085 3530.64551642159 0.261830527414125 2.00685322747407 -1200
2664 3536.27428158063 3536.04616146198 0.261830338416005 2.00685337399722 -1200
2665 3545.01117516534 3541.33217873053 0.261830149421352 2.00685352051934 -1200
2666 3532.79995988303 3545.36730198158 0.261829960423881 2.00685366704228 -1200
2667 3532.05944471758 3541.05550181737 0.2618297714287 2.00685381356455 -1200
2668 3544.55919389373 3538.95955258326 0.261829582431658 2.00685396008735 -1200
2669 3543.76264781875 3542.89106749925 0.261829393436128 2.0068541066097 -1200
2670 3547.02248724283 3546.82479448263 0.261829204439369 2.0068542531324 -1200
2671 3554.77468843598 3551.73670448693 0.261829015443608 2.0068543996548 -1200
2672 3564.29465854677 3552.9308820887 0.261828826447036 2.00685454617744 -1200
2673 3562.72728074116 3550.14022463326 0.261828637451123 2.00685469269987 -1200
2674 3548.02779913994 3554.34397880138 0.261828448454673 2.00685483922245 -1200
2675 3563.28298465797 3568.42683256712 0.26182825945866 2.0068549857449 -1200
2676 3569.57346163365 3572.02831588119 0.261828070462291 2.00685513226744 -1200
2677 3574.41903285194 3564.88325505816 0.261827881466211 2.0068552787899 -1200
2678 3568.91558998485 3561.20556122107 0.261827692469896 2.00685542531241 -1200
2679 3570.18001208408 3579.03149843226 0.261827503473772 2.00685557183486 -1200
2680 3582.86822968439 3574.61885574917 0.261827314477493 2.00685571835735 -1200
2681 3581.00890587543 3573.81295554287 0.261827125481339 2.00685586487979 -1200
2682 3580.96537946892 3580.1510334003 0.261826936485083 2.00685601140226 -1200
2683 3577.15843788854 3586.25026752255 0.261826747488909 2.00685615792469 -1200
2684 3589.21520277964 3586.44589326207 0.261826558492668 2.00685630444714 -1200
2685 3600.93360921409 3593.38229665672 0.261826369496482 2.00685645096956 -1200
2686 3598.66816143013 3586.01979936771 0.261826180500251 2.00685659749199 -1200
2687 3599.30478109554 3605.87234779701 0.261825991504056 2.0068567440144 -1200
2688 3599.41743058775 3598.1806938795 0.261825802507831 2.00685689053681 -1200
2689 3603.12769190114 3611.18281558519 0.26182561351163 2.00685703705921 -1200
2690 3609.03075377432 3616.83253657246 0.26182542451541 2.00685718358161 -1200
2691 3608.3064589664 3603.02377340095 0.261825235519205 2.00685733010399 -1200
2692 3608.45125025587 3614.14903125687 0.261825046522987 2.00685747662637 -1200
2693 3617.91210670251 3620.80024598156 0.261824857526779 2.00685762314875 -1200
2694 3619.94086757108 3616.39535686095 0.261824668530563 2.00685776967111 -1200
2695 3627.76606430299 3614.38062728869 0.261824479534353 2.00685791619347 -1200
2696 3617.95359783872 3623.40263352064 0.261824290538138 2.00685806271582 -1200
2697 3622.24914110771 3626.16855566208 0.261824101541927 2.00685820923816 -1200
2698 3632.67866993019 3626.33802492875 0.261823912545712 2.0068583557605 -1200
2699 3631.66506225378 3624.59065743738 0.2618237235495 2.00685850228282 -1200
2700 3643.04064046281 3638.7931418151 0.261823534553285 2.00685864880514 -1200
2701 3638.83470391995 3642.1731197792 0.261823345557072 2.00685879532746 -1200
2702 3638.87682335022 3648.27790284165 0.261823156560858 2.00685894184976 -1200
2703 3640.10627939113 3646.0941955042 0.261822967564644 2.00685908837206 -1200
2704 3650.96758223341 3645.84725004553 0.261822778568429 2.00685923489435 -1200
2705 3641.85025646163 3647.41842886289 0.261822589572215 2.00685938141663 -1200
2706 3658.89738323053 3651.65510023911 0.261822400576 2.00685952793891 -1200
2707 3658.91104080031 3665.30268076459 0.261822211579785 2.00685967446118 -1200
2708 3661.11201338076 3664.75249675762 0.26182202258357 2.00685982098344 -1200
2709 3661.55753228771 3656.36732382012 0.261821833587355 2.00685996750569 -1200
2710 3670.08081271008 3656.14037539676 0.26182164459114 2.00686011402794 -1200
2711 3665.49414372292 3662.96475440365 0.261821455594924 2.00686026055018 -1200
2712 3672.94822052741 3671.74275790206 0.261821266598708 2.00686040707241 -1200
2713 3670.50246180618 3667.23679712963 0.261821077602492 2.00686055359463 -1200
2714 3674.57660877718 3682.26929366432 0.261820888606276 2.00686070011685 -1200
2715 3674.1825925278 3675.28283098471 0.26182069961006 2.00686084663906 -1200
2716 3682.84140894692 3685.30951212628 0.261820510613844 2.00686099316126 -1200
2717 3680.9937819518 3686.04943208762 0.261820321617627 2.00686113968346 -1200
2718 3690.00013366739 3672.80198371883 0.26182013262141 2.00686128620565 -1200
2719 3684.44203273054 3687.25014960097 0.261819943625193 2.00686143272783 -1200
2720 3694.36434267334 3693.51381889471 0.261819754628976 2.00686157925 -1200
2721 3687.52141383681 3694.40964328462 0.261819565632758 2.00686172577216 -1200
2722 3693.52019338821 3695.0501667631 0.261819376636541 2.00686187229432 -1200
2723 3705.24969290211 3702.34434179521 0.261819187640323 2.00686201881647 -1200
2724 3702.39686564465 3711.806587289 0.261818998644105 2.00686216533862 -1200
2725 3711.58521164525 3706.35984522958 0.261818809647887 2.00686231186075 -1200
2726 3708.22841826382 3704.6109083713 0.261818620651669 2.00686245838288 -1200
2727 3717.570479326 3710.38305237766 0.26181843165545 2.006862604905 -1200
2728 3708.49024966504 3714.75538394662 0.261818242659232 2.00686275142711 -1200
2729 3719.69013421481 3718.28066533547 0.261818053663013 2.00686289794922 -1200
2730 3716.74517292144 3718.28734543165 0.261817864666794 2.00686304447132 -1200
2731 3724.82446088851 3727.22280271009 0.261817675670575 2.00686319099341 -1200
2732 3728.69124443708 3721.01123170467 0.261817486674356 2.0068633375155 -1200
2733 3729.42943606687 3733.66381392777 0.261817297678136 2.00686348403757 -1200
2734 3731.76884758137 3734.55114074867 0.261817108681916 2.00686363055964 -1200
2735 3744.95403637395 3735.61757930316 0.261816919685696 2.0068637770817 -1200
2736 3738.47915870421 3737.55476190456 0.261816730689476 2.00686392360376 -1200
2737 3735.4019251088 3742.4917187667 0.261816541693256 2.00686407012581 -1200
2738 3744.38253106163 3745.09153573424 0.261816352697036 2.00686421664785 -1200
2739 3750.43801539888 3735.51960126612 0.261816163700815 2.00686436316988 -1200
2740 3747.24068538923 3750.32270052224 0.261815974704594 2.0068645096919 -1200
2741 3755.39187735518 3752.70354194113 0.261815785708373 2.00686465621392 -1200
2742 3762.65104960601 3750.35333264976 0.261815596712152 2.00686480273593 -1200
2743 3756.61095695209 3756.08933225093 0.261815407715931 2.00686494925794 -1200
2744 3760.37968712752 3772.20617842504 0.261815218719709 2.00686509577993 -1200
2745 3765.01756027962 3763.96109029558 0.261815029723488 2.00686524230192 -1200
2746 3773.38241179355 3772.90734330521 0.261814840727266 2.0068653888239 -1200
2747 3774.91155545657 3773.34744204609 0.261814651731044 2.00686553534588 -1200
2748 3772.29631445548 3776.88880207123 0.261814462734822 2.00686568186784 -1200
2749 3768.1037526451 3779.30208756879 0.261814273738599 2.0068658283898 -1200
2750 3784.52644647211 3778.027835615 0.261814084742377 2.00686597491175 -1200
2751 3777.20453864043 3784.51970073851 0.261813895746154 2.0068661214337 -1200
2752 3791.28320550813 3784.41346102892 0.261813706749931 2.00686626795563 -1200
2753 3785.06571497433 3789.84255895084 0.261813517753708 2.00686641447756 -1200
2754 3788.49652831916 3784.98891211197 0.261813328757484 2.00686656099948 -1200
2755 3789.14831141776 3790.5065999879 0.261813139761261 2.0068667075214 -1200
2756 3793.8758313691 3797.2207355389 0.261812950765037 2.00686685404331 -1200
2757 3788.34028270646 3794.8623748146 0.261812761768813 2.00686700056521 -1200
2758 3804.7176057849 3789.27495179049 0.261812572772589 2.0068671470871 -1200
2759 3813.55374612016 3805.48316082721 0.261812383776365 2.00686729360898 -1200
2760 3793.32693479854 3807.20426985645 0.261812194780141 2.00686744013086 -1200
2761 3811.13983577068 3805.93294606725 0.261812005783916 2.00686758665273 -1200
2762 3809.3203965114 3823.96491805917 0.261811816787692 2.00686773317459 -1200
2763 3817.38651707203 3819.60772623793 0.261811627791467 2.00686787969645 -1200
2764 3820.06849005273 3825.07273351821 0.261811438795242 2.0068680262183 -1200
2765 3823.41613380464 3832.01205371454 0.261811249799016 2.00686817274014 -1200
2766 3825.8236649501 3816.45610229419 0.261811060802791 2.00686831926197 -1200
2767 3812.65969117963 3821.28604751754 0.261810871806565 2.0068684657838 -1200
2768 3836.10419148311 3831.69506910889 0.261810682810339 2.00686861230562 -1200
2769 3834.3550146169 3833.48773319453 0.261810493814113 2.00686875882743 -1200
2770 3833.79622395524 3828.4700482339 0.261810304817887 2.00686890534923 -1200
2771 3841.2761923043 3835.44088135985 0.261810115821661 2.00686905187103 -1200
2772 3843.84210408852 3841.5056755204 0.261809926825434 2.00686919839282 -1200
2773 3846.27655009462 3842.63066081595 0.261809737829208 2.0068693449146 -1200
2774 3855.87477039601 3854.63869034122 0.261809548832981 2.00686949143638 -1200
2775 3844.0652642916 3848.37940013872 0.261809359836754 2.00686963795814 -1200
2776 3856.76564419011 3851.36181493602 0.261809170840526 2.0068697844799 -1200
2777 3851.43056818954 3858.35514072891 0.261808981844299 2.00686993100165 -1200
2778 3855.36520990406 3864.12221936246 0.261808792848071 2.0068700775234 -1200
2779 3859.04635806617 3864.90239732557 0.261808603851844 2.00687022404514 -1200
2780 3865.74590789271 3860.65015716898 0.261808414855616 2.00687037056687 -1200
2781 3863.99418772079 3865.11977243851 0.261808225859387 2.00687051708859 -1200
2782 3868.5121122653 3865.22936267439 0.261808036863159 2.00687066361031 -1200
2783 3880.1112373096 3868.37378395051 0.261807847866931 2.00687081013201 -1200
2784 3870.125340009 3874.81679311763 0.261807658870702 2.00687095665372 -1200
2785 3882.71683800287 3884.15185895846 0.261807469874473 2.00687110317541 -1200
2786 3882.70772277949 3882.45306237854 0.261807280878244 2.00687124969709 -1200
2787 3886.19163911117 3886.49209036238 0.261807091882015 2.00687139621877 -1200
2788 3888.19409890245 3884.77708572724 0.261806902885785 2.00687154274044 -1200
2789 3886.09889504315 3896.14621929527 0.261806713889556 2.00687168926211 -1200
2790 3888.42042197882 3893.47373164036 0.261806524893326 2.00687183578377 -1200
2791 3893.60735114537 3888.77753112094 0.261806335897096 2.00687198230541 -1200
2792 3907.18323330402 3899.15633945413 0.261806146900866 2.00687212882706 -1200
2793 3905.87586499887 3908.33044987626 0.261805957904636 2.00687227534869 -1200
2794 3908.18151965053 3904.30685217191 0.261805768908405 2.00687242187032 -1200
2795 3911.21385500662 3900.06392736778 0.261805579912175 2.00687256839194 -1200
2796 3916.50062068154 3909.07101927385 0.261805390915944 2.00687271491355 -1200
2797 3920.77114523539 3914.2712798722 0.261805201919713 2.00687286143516 -1200
2798 3920.40584217059 3923.23275648178 0.261805012923482 2.00687300795675 -1200
2799 3907.50913961685 3920.72939344594 0.26180482392725 2.00687315447834 -1200
2800 3930.56979977683 3926.05672815203 0.261804634931019 2.00687330099993 -1200
2801 3925.00212562931 3921.33864915208 0.261804445934787 2.0068734475215 -1200
2802 3926.58388757455 3927.9761938712 0.261804256938555 2.00687359404307 -1200
2803 3930.03288910052 3921.9107741306 0.261804067942323 2.00687374056463 -1200
2804 3941.17483830524 3935.65249774829 0.261803878946091 2.00687388708618 -1200
2805 3950.35994030517 3936.47367145656 0.261803689949858 2.00687403360773 -1200
2806 3943.61156992137 3946.82383616583 0.261803500953625 2.00687418012927 -1200
2807 3939.90016350937 3948.52762867302 0.261803311957393 2.0068743266508 -1200
2808 3943.86542603043 3947.08561650807 0.26180312296116 2.00687447317232 -1200
2809 3951.4632165387 3954.85761916188 0.261802933964926 2.00687461969384 -1200
2810 3952.40014048149 3950.17975877105 0.261802744968693 2.00687476621535 -1200
2811 3948.09565125671 3963.73525944509 0.26180255597246 2.00687491273685 -1200
2812 3964.78346307505 3958.31044070533 0.261802366976226 2.00687505925834 -1200
2813 3962.04076829114 3949.06074042375 0.261802177979992 2.00687520577983 -1200
2814 3957.45852682119 3960.85139905642 0.261801988983758 2.00687535230131 -1200
2815 3967.03172869573 3962.59716092951 0.261801799987524 2.00687549882278 -1200
2816 3965.70714320541 3970.41057527861 0.261801610991289 2.00687564534425 -1200
2817 3967.94307652224 3970.6098828319 0.261801421995055 2.0068757918657 -1200
2818 3970.63055613413 3980.11461073858 0.26180123299882 2.00687593838716 -1200
2819 3977.24011839524 3983.0646368718 0.261801044002585 2.0068760849086 -1200
2820 3986.45143269361 3979.866192034 0.26180085500635 2.00687623143003 -1200
2821 3989.56373215226 3965.47434109153 0.261800666010114 2.00687637795146 -1200
2822 3986.7666485971 3985.72347131496 0.261800477013879 2.00687652447288 -1200
2823 3991.59760163085 3993.47056428151 0.261800288017643 2.00687667099429 -1200
2824 3991.82909089505 3991.22497760067 0.261800099021407 2.0068768175157 -1200
2825 3986.98817317092 3985.94759885576 0.261799910025171 2.0068769640371 -1200
2826 3993.70296638537 3997.8288033436 0.261799721028935 2.00687711055849 -1200
2827 3993.77639587387 4006.07685781222 0.261799532032699 2.00687725707987 -1200
2828 3997.12655295396 4004.95126250777 0.261799343036462 2.00687740360125 -1200
2829 4002.34394602821 4002.92535598411 0.261799154040225 2.00687755012262 -1200
2830 4016.42367361628 4003.25591619804 0.261798965043988 2.00687769664398 -1200
2831 4017.19814193516 4011.79251683731 0.261798776047751 2.00687784316534 -1200
2832 4018.59477639508 4017.36982857566 0.261798587051514 2.00687798968668 -1200
2833 4020.7897399287 4022.27146100482 0.261798398055277 2.00687813620802 -1200
2834 4029.71918293377 4015.97523798228 0.261798209059039 2.00687828272935 -1200
2835 4024.69553284672 4031.64217256671 0.261798020062801 2.00687842925068 -1200
2836 4025.13169825849 4027.92789660748 0.261797831066563 2.006878575772 -1200
2837 4021.44744054982 4034.82292745953 0.261797642070325 2.00687872229331 -1200
2838 4032.31667847625 4024.94755962268 0.261797453074086 2.00687886881461 -1200
2839 4042.68684295076 4031.48409512529 0.261797264077848 2.0068790153359 -1200
2840 4041.20251922031 4035.24016991008 0.261797075081609 2.00687916185719 -1200
2841 4051.74015202211 4039.75832515593 0.26179688608537 2.00687930837847 -1200
2842 4047.58215347951 4046.37637201043 0.261796697089131 2.00687945489975 -1200
2843 4049.98965627922 4054.1940679544 0.261796508092892 2.00687960142101 -1200
2844 4045.5638636227 4055.21687859502 0.261796319096652 2.00687974794227 -1200
2845 4051.28778266583 4051.73956697179 0.261796130100413 2.00687989446352 -1200
2846 4059.58883017608 4058.49618216127 0.261795941104173 2.00688004098476 -1200
2847 4063.34087908048 4053.91659057673 0.261795752107933 2.006880187506 -1200
2848 4061.0491527098 4064.86399532207 0.261795563111693 2.00688033402723 -1200
2849 4070.09279221097 4054.26023871855 0.261795374115453 2.00688048054845 -1200
2850 4068.67287483431 4063.58369373543 0.261795185119212 2.00688062706966 -1200
2851 4071.48729790138 4063.88902352874 0.261794996122971 2.00688077359087 -1200
2852 4077.81112576054 4081.1945864771 0.26179480712673 2.00688092011207 -1200
2853 4081.53172167506 4073.56038005633 0.261794618130489 2.00688106663326 -1200
2854 4086.24960586392 4082.80377217637 0.261794429134248 2.00688121315445 -1200
2855 4078.96048098002 4086.81593072894 0.261794240138007 2.00688135967562 -1200
2856 4086.11103403854 4085.45495873168 0.261794051141765 2.00688150619679 -1200
2857 4081.81561344138 4088.62226638535 0.261793862145523 2.00688165271796 -1200
2858 4086.3159314627 4085.75636296302 0.261793673149281 2.00688179923911 -1200
2859 4094.40688024781 4084.32250330977 0.261793484153039 2.00688194576026 -1200
2860 4092.31219363222 4104.89130663702 0.261793295156797 2.0068820922814 -1200
2861 4095.61511813238 4104.70525710702 0.261793106160554 2.00688223880253 -1200
2862 4099.72194461862 4100.06742527416 0.261792917164312 2.00688238532366 -1200
2863 4111.85587877009 4106.75369326009 0.261792728168069 2.00688253184478 -1200
2864 4103.93885571123 4119.97475895179 0.261792539171826 2.00688267836589 -1200
2865 4114.40109141292 4113.1861226231 0.261792350175582 2.00688282488699 -1200
2866 4110.09079417205 4113.39259808891 0.261792161179339 2.00688297140809 -1200
2867 4114.65378675038 4116.76445189213 0.261791972183096 2.00688311792918 -1200
2868 4113.19911665664 4121.30571944608 0.261791783186852 2.00688326445026 -1200
2869 4127.67471547874 4132.19718001434 0.261791594190608 2.00688341097133 -1200
2870 4126.5874069695 4134.67657573853 0.261791405194364 2.0068835574924 -1200
2871 4127.55521370462 4116.6284076079 0.261791216198119 2.00688370401346 -1200
2872 4135.5799325073 4143.02406996578 0.261791027201875 2.00688385053451 -1200
2873 4142.62198011696 4137.12648086272 0.26179083820563 2.00688399705555 -1200
2874 4133.05432133287 4140.45434393639 0.261790649209385 2.00688414357659 -1200
2875 4133.81634936731 4133.018258241 0.26179046021314 2.00688429009762 -1200
2876 4146.18655352466 4140.10760942141 0.261790271216895 2.00688443661864 -1200
2877 4143.24869406529 4149.67545779225 0.26179008222065 2.00688458313966 -1200
2878 4154.44709388811 4140.36045407989 0.261789893224404 2.00688472966067 -1200
2879 4140.44529016561 4147.02168722007 0.261789704228159 2.00688487618167 -1200
2880 4156.56218688184 4154.24439710149 0.261789515231913 2.00688502270266 -1200
2881 4153.46183631741 4164.92120501317 0.261789326235667 2.00688516922365 -1200
2882 4160.35287987987 4155.69385927097 0.26178913723942 2.00688531574462 -1200
2883 4158.22924593421 4156.24892593523 0.261788948243174 2.00688546226559 -1200
2884 4164.29552583748 4167.16924934766 0.261788759246927 2.00688560878656 -1200
2885 4168.46500742492 4165.5445827677 0.26178857025068 2.00688575530751 -1200
2886 4171.40400126591 4167.52012546972 0.261788381254433 2.00688590182846 -1200
2887 4171.90278972118 4180.72287986943 0.261788192258186 2.0068860483494 -1200
2888 4180.56683767127 4176.1482026953 0.261788003261939 2.00688619487034 -1200
2889 4171.20715802664 4169.67221566496 0.261787814265691 2.00688634139126 -1200
2890 4182.26224602136 4175.96879683685 0.261787625269444 2.00688648791218 -1200
2891 4185.47814232041 4195.57180981526 0.261787436273196 2.0068866344331 -1200
2892 4189.93927788164 4184.13498738385 0.261787247276948 2.006886780954 -1200
2893 4195.00791185773 4193.33922861282 0.261787058280699 2.0068869274749 -1200
2894 4201.20505351053 4197.46036751657 0.261786869284451 2.00688707399579 -1200
2895 4194.57149379578 4208.16113413169 0.261786680288202 2.00688722051667 -1200
2896 4195.26463270683 4198.57162300497 0.261786491291954 2.00688736703754 -1200
2897 4207.45102977681 4213.03884087819 0.261786302295705 2.00688751355841 -1200
2898 4213.76022605463 4204.12590103789 0.261786113299456 2.00688766007927 -1200
2899 4217.46386634871 4211.78613073541 0.261785924303206 2.00688780660012 -1200
2900 4214.87121135746 4212.62695953588 0.261785735306957 2.00688795312097 -1200
2901 4214.20502263022 4219.42496972092 0.261785546310707 2.00688809964181 -1200
2902 4230.06074223903 4224.58144785192 0.261785357314457 2.00688824616264 -1200
2903 4208.10559057391 4224.2205011531 0.261785168318207 2.00688839268346 -1200
2904 4224.19508568797 4222.03994026376 0.261784979321957 2.00688853920428 -1200
2905 4232.69322297134 4222.76716388481 0.261784790325707 2.00688868572509 -1200
2906 4231.03405978167 4234.37720482545 0.261784601329456 2.00688883224589 -1200
2907 4230.74296319947 4228.69304774046 0.261784412333205 2.00688897876668 -1200
2908 4236.39452426268 4239.33802151083 0.261784223336954 2.00688912528747 -1200
2909 4236.0451926017 4231.0747607422 0.261784034340703 2.00688927180825 -1200
2910 4239.98289754747 4240.19174532821 0.261783845344452 2.00688941832902 -1200
2911 4240.14252368039 4235.82869710774 0.2617836563482 2.00688956484978 -1200
2912 4246.2500829507 4249.47100715612 0.261783467351949 2.00688971137054 -1200
2913 4248.04272331057 4238.93670701344 0.261783278355697 2.00688985789129 -1200
2914 4254.33283208599 4251.37168618042 0.261783089359445 2.00689000441203 -1200
2915 4256.14714564728 4270.51188319586 0.261782900363193 2.00689015093277 -1200
2916 4266.24083332805 4267.67596096408 0.26178271136694 2.00689029745349 -1200
2917 4260.16971603095 4264.08851260019 0.261782522370688 2.00689044397421 -1200
2918 4260.34610408893 4272.62799006103 0.261782333374435 2.00689059049493 -1200
2919 4267.84179786333 4269.50459205881 0.261782144378182 2.00689073701563 -1200
2920 4275.3060557493 4275.12022900614 0.261781955381929 2.00689088353633 -1200
2921 4271.15905782118 4276.51046441614 0.261781766385676 2.00689103005702 -1200
2922 4270.11366302166 4282.29490742781 0.261781577389422 2.0068911765777 -1200
2923 4293.64693571718 4269.10384859918 0.261781388393169 2.00689132309838 -1200
2924 4284.02273846402 4284.59289424127 0.261781199396915 2.00689146961905 -1200
2925 4288.50710688648 4273.66722225712 0.261781010400661 2.00689161613971 -1200
2926 4294.56931888077 4295.45321083592 0.261780821404407 2.00689176266036 -1200
2927 4296.16703825554 4297.79945068376 0.261780632408152 2.00689190918101 -1200
2928 4302.98658034859 4284.93369043022 0.261780443411898 2.00689205570165 -1200
2929 4307.81219224629 4298.53958222777 0.261780254415643 2.00689220222228 -1200
2930 4304.29382841445 4294.70446492711 0.261780065419388 2.0068923487429 -1200
2931 4303.30201345966 4303.3706026884 0.261779876423133 2.00689249526352 -1200
2932 4301.1816736622 4298.28016284786 0.261779687426878 2.00689264178413 -1200
2933 4296.2789876733 4309.79370237823 0.261779498430623 2.00689278830473 -1200
2934 4311.73115734762 4316.89560318735 0.261779309434367 2.00689293482533 -1200
2935 4306.15291053687 4327.98912674577 0.261779120438111 2.00689308134592 -1200
2936 4318.15799232478 4319.5779949149 0.261778931441855 2.0068932278665 -1200
2937 4317.88165609837 4327.00236929866 0.261778742445599 2.00689337438707 -1200
2938 4322.05495635035 4326.44101998855 0.261778553449343 2.00689352090763 -1200
2939 4332.53170475006 4328.96814038047 0.261778364453086 2.00689366742819 -1200
2940 4335.54630145435 4321.34329613777 0.26177817545683 2.00689381394874 -1200
2941 4334.52349796932 4341.85921325565 0.261777986460573 2.00689396046929 -1200
2942 4337.39941290273 4334.25820286662 0.261777797464316 2.00689410698982 -1200
2943 4338.13535357516 4343.01293230921 0.261777608468058 2.00689425351035 -1200
2944 4340.58132930975 4341.55545398648 0.261777419471801 2.00689440003087 -1200
2945 4346.36135624569 4344.94353891908 0.261777230475543 2.00689454655138 -1200
2946 4345.4842573969 4354.45121495546 0.261777041479286 2.00689469307189 -1200
2947 4347.03988870892 4363.82857783724 0.261776852483028 2.00689483959239 -1200
2948 4347.78542587937 4350.38828164161 0.26177666348677 2.00689498611288 -1200
2949 4350.01714376113 4356.58372087873 0.261776474490511 2.00689513263337 -1200
2950 4357.59298145743 4356.21133026727 0.261776285494253 2.00689527915384 -1200
2951 4360.73829336416 4358.55262546113 0.261776096497994 2.00689542567431 -1200
2952 4364.84049588368 4360.72844824103 0.261775907501735 2.00689557219477 -1200
2953 4371.02542568525 4374.60925893905 0.261775718505476 2.00689571871523 -1200
2954 4371.80065007979 4371.10277341184 0.261775529509217 2.00689586523568 -1200
2955 4375.49014439558 4376.18924888765 0.261775340512958 2.00689601175612 -1200
2956 4373.15860240031 4382.96070722858 0.261775151516698 2.00689615827655 -1200
2957 4384.41613717077 4377.72189741651 0.261774962520439 2.00689630479697 -1200
2958 4383.53682502919 4386.61408293463 0.261774773524179 2.00689645131739 -1200
2959 4386.58559450929 4382.64293629881 0.261774584527919 2.0068965978378 -1200
2960 4389.34401242657 4394.17673545849 0.261774395531658 2.0068967443582 -1200
2961 4388.48551578834 4386.14560373321 0.261774206535398 2.0068968908786 -1200
2962 4401.01602658109 4395.11873779595 0.261774017539137 2.00689703739899 -1200
2963 4399.06365492283 4403.41286780178 0.261773828542876 2.00689718391937 -1200
2964 4398.18026592028 4401.14646280422 0.261773639546615 2.00689733043974 -1200
2965 4405.99326483126 4412.56685003876 0.261773450550354 2.00689747696011 -1200
2966 4404.3270958809 4411.62208351772 0.261773261554093 2.00689762348047 -1200
2967 4418.74942404488 4411.13610065887 0.261773072557831 2.00689777000082 -1200
2968 4418.83941182654 4418.86018658963 0.26177288356157 2.00689791652116 -1200
2969 4423.45061874593 4418.14772209201 0.261772694565308 2.0068980630415 -1200
2970 4420.07013801738 4424.01443518575 0.261772505569046 2.00689820956183 -1200
2971 4415.31915037816 4415.54872709128 0.261772316572784 2.00689835608215 -1200
2972 4422.66324241987 4425.83316710948 0.261772127576521 2.00689850260247 -1200
2973 4436.60190668417 4418.39563956744 0.261771938580259 2.00689864912277 -1200
2974 4436.39038557489 4431.20549933724 0.261771749583996 2.00689879564307 -1200
2975 4433.57271245277 4432.29634915125 0.261771560587733 2.00689894216337 -1200
2976 4438.37144008989 4442.69816719664 0.26177137159147 2.00689908868365 -1200
2977 4439.38657125211 4430.57469863166 0.261771182595206 2.00689923520393 -1200
2978 4442.0675771112 4443.28822803549 0.261770993598943 2.0068993817242 -1200
2979 4444.09899253006 4439.32631273036 0.261770804602679 2.00689952824446 -1200
2980 4443.2502757516 4447.87205097459 0.261770615606415 2.00689967476472 -1200
2981 4447.50803729741 4446.41933988732 0.261770426610151 2.00689982128497 -1200
2982 4458.50027262585 4465.60089584885 0.261770237613887 2.00689996780521 -1200
2983 4457.10412389954 4461.16919606589 0.261770048617623 2.00690011432544 -1200
2984 4459.97454065674 4472.47182160696 0.261769859621358 2.00690026084567 -1200
2985 4465.02075156478 4471.92943726199 0.261769670625093 2.00690040736589 -1200
2986 4471.77203541805 4468.38633060118 0.261769481628828 2.0069005538861 -1200
2987 4478.92209061838 4465.05444041974 0.261769292632563 2.0069007004063 -1200
2988 4471.91984081179 4471.15947384068 0.261769103636298 2.0069008469265 -1200
2989 4477.79232395815 4470.85838149746 0.261768914640032 2.00690099344669 -1200
2990 4479.68813855767 4476.78974271392 0.261768725643767 2.00690113996687 -1200
2991 4484.24536523659 4484.15974221859 0.261768536647501 2.00690128648704 -1200
2992 4479.18277099136 4483.64947307466 0.261768347651235 2.00690143300721 -1200
2993 4483.4166099925 4485.73684505348 0.261768158654969 2.00690157952737 -1200
2994 4480.90025848618 4489.5387297726 0.261767969658702 2.00690172604752 -1200
2995 4490.22513805987 4490.54235119859 0.261767780662436 2.00690187256767 -1200
2996 4493.70632903856 4496.4933312756 0.261767591666169 2.00690201908781 -1200
2997 4497.85665295499 4499.99082629266 0.261767402669902 2.00690216560794 -1200
2998 4500.80181553727 4499.75998578677 0.261767213673635 2.00690231212806 -1200
2999 4499.11935656799 4505.01052663928 0.261767024677368 2.00690245864817 -1200
3000 4507.73403924823 4508.00997069969 0.2617668356811 2.00690260516828 -1200
3001 4508.90965000084 4506.49579526893 0.261766646684833 2.00690275168838 -1200
3002 4514.79487422683 4505.20836208777 0.261766457688565 2.00690289820848 -1200
3003 4515.16834085928 4525.45499004945 0.261766268692297 2.00690304472856 -1200
3004 4518.77882587507 4519.91373003234 0.261766079696029 2.00690319124864 -1200
3005 4528.8807684935 4518.20783909469 0.261765890699761 2.00690333776871 -1200
3006 4522.54697917676 4528.47843698414 0.261765701703492 2.00690348428878 -1200
3007 4538.17769848524 4529.8122738646 0.261765512707223 2.00690363080883 -1200
3008 4540.77195784838 4534.90955312225 0.261765323710955 2.00690377732888 -1200
3009 4534.45023887585 4536.77628824529 0.261765134714685 2.00690392384892 -1200
3010 4534.35427068078 4537.14510675506 0.261764945718416 2.00690407036896 -1200
3011 4544.2047863511 4538.72489137947 0.261764756722147 2.00690421688899 -1200
3012 4534.68626851005 4539.52114941392 0.261764567725877 2.006904363409 -1200
3013 4536.33136735206 4551.45891616985 0.261764378729607 2.00690450992902 -1200
3014 4544.36060967233 4547.14946596177 0.261764189733337 2.00690465644902 -1200
3015 4557.11939621464 4539.96221044298 0.261764000737067 2.00690480296902 -1200
3016 4557.20006737307 4556.77986786322 0.261763811740797 2.00690494948901 -1200
3017 4550.59856780446 4548.51684880685 0.261763622744526 2.00690509600899 -1200
3018 4546.39911662782 4559.59958409693 0.261763433748256 2.00690524252897 -1200
3019 4559.2734143153 4569.75177430845 0.261763244751985 2.00690538904894 -1200
3020 4560.78941591104 4568.27932890383 0.261763055755714 2.0069055355689 -1200
3021 4564.7359390907 4560.89214671663 0.261762866759443 2.00690568208885 -1200
3022 4568.24316412968 4573.16875986722 0.261762677763171 2.0069058286088 -1200
3023 4569.87673210922 4585.58105282232 0.2617624887669 2.00690597512873 -1200
3024 4573.04982915585 4575.60280156879 0.261762299770628 2.00690612164867 -1200
3025 4583.28452299692 4578.0906651726 0.261762110774356 2.00690626816859 -1200
3026 4595.12632095842 4578.72092897538 0.261761921778084 2.00690641468851 -1200
3027 4585.88035553312 4588.90034718307 0.261761732781812 2.00690656120842 -1200
3028 4586.61480560643 4584.99182378441 0.261761543785539 2.00690670772832 -1200
3029 4587.51374629588 4597.68897495971 0.261761354789267 2.00690685424821 -1200
3030 4597.0374461735 4604.39388846372 0.261761165792994 2.0069070007681 -1200
3031 4603.99694421248 4602.05472384058 0.261760976796721 2.00690714728798 -1200
3032 4598.19584986492 4603.15657693345 0.261760787800447 2.00690729380785 -1200
3033 4600.72112405637 4602.71396080909 0.261760598804174 2.00690744032771 -1200
3034 4603.90845168751 4604.19394939954 0.261760409807901 2.00690758684757 -1200
3035 4616.63436278363 4608.98694937547 0.261760220811627 2.00690773336742 -1200
3036 4615.71846737288 4614.24466605856 0.261760031815353 2.00690787988727 -1200
3037 4631.48782571585 4617.37545773589 0.261759842819079 2.0069080264071 -1200
3038 4627.52840676259 4617.9204541221 0.261759653822805 2.00690817292693 -1200
3039 4629.32752595382 4613.04654159133 0.26175946482653 2.00690831944675 -1200
3040 4627.84681910739 4618.85843129067 0.261759275830256 2.00690846596656 -1200
3041 4627.86997674676 4630.79373611203 0.261759086833981 2.00690861248637 -1200
3042 4634.74870080777 4632.17285412392 0.261758897837706 2.00690875900617 -1200
3043 4642.81749289246 4633.65191313044 0.261758708841431 2.00690890552596 -1200
3044 4637.81044632147 4633.73218778162 0.261758519845155 2.00690905204574 -1200
3045 4647.91742752754 4647.57991213779 0.26175833084888 2.00690919856552 -1200
3046 4637.99950064967 4635.51421208567 0.261758141852604 2.00690934508529 -1200
3047 4651.98919257285 4649.43276088928 0.261757952856328 2.00690949160505 -1200
3048 4655.35471531624 4645.59316906965 0.261757763860052 2.0069096381248 -1200
3049 4660.81601166932 4649.15294798806 0.261757574863776 2.00690978464455 -1200
3050 4647.15042501789 4659.09755576174 0.261757385867499 2.00690993116429 -1200
3051 4663.09214677918 4652.40037848873 0.261757196871223 2.00691007768402 -1200
3052 4660.30199272959 4661.44288329745 0.261757007874946 2.00691022420375 -1200
3053 4656.73061672366 4658.81066468449 0.261756818878669 2.00691037072346 -1200
3054 4665.25355666313 4662.65062097177 0.261756629882392 2.00691051724317 -1200
3055 4668.09559243395 4666.23424035427 0.261756440886115 2.00691066376288 -1200
3056 4669.59814954756 4678.04065827604 0.261756251889837 2.00691081028257 -1200
3057 4676.49394709686 4677.5203869637 0.26175606289356 2.00691095680226 -1200
3058 4677.39817101302 4682.34912319675 0.261755873897282 2.00691110332194 -1200
3059 4680.77621487795 4673.32935515356 0.261755684901004 2.00691124984161 -1200
3060 4690.39184147222 4691.49317612234 0.261755495904725 2.00691139636128 -1200
3061 4687.83916052504 4687.76503841823 0.261755306908447 2.00691154288094 -1200
3062 4688.44602329057 4682.70818926234 0.261755117912168 2.00691168940059 -1200
3063 4696.64284254904 4686.42031237084 0.26175492891589 2.00691183592023 -1200
3064 4694.32298863903 4693.55792886262 0.261754739919611 2.00691198243987 -1200
3065 4708.52282333147 4693.94678618286 0.261754550923332 2.0069121289595 -1200
3066 4702.27277699187 4701.61359441097 0.261754361927052 2.00691227547912 -1200
3067 4702.28626147797 4707.30414540127 0.261754172930773 2.00691242199873 -1200
3068 4705.30682584548 4709.26457623191 0.261753983934493 2.00691256851834 -1200
3069 4708.03669484307 4713.83486914574 0.261753794938213 2.00691271503794 -1200
3070 4715.77328356882 4725.09479253248 0.261753605941933 2.00691286155753 -1200
3071 4719.60549579187 4718.122922045 0.261753416945653 2.00691300807712 -1200
3072 4719.62804476667 4721.3198277139 0.261753227949373 2.00691315459669 -1200
3073 4725.95780743192 4727.72919244677 0.261753038953092 2.00691330111626 -1200
3074 4730.49766712163 4727.46852949897 0.261752849956812 2.00691344763583 -1200
3075 4727.28038498718 4731.13304480797 0.261752660960531 2.00691359415538 -1200
3076 4731.11828601107 4727.91561703927 0.26175247196425 2.00691374067493 -1200
3077 4741.73646341846 4731.93373890304 0.261752282967968 2.00691388719447 -1200
3078 4744.7025022167 4732.8792669459 0.261752093971687 2.006914033714 -1200
3079 4729.72704959417 4738.080563645 0.261751904975405 2.00691418023353 -1200
3080 4751.91934749934 4756.50134818275 0.261751715979124 2.00691432675305 -1200
3081 4738.8139739919 4747.70632194406 0.261751526982842 2.00691447327256 -1200
3082 4749.73460649886 4750.91831673553 0.261751337986559 2.00691461979206 -1200
3083 4753.00433004182 4750.58099675078 0.261751148990277 2.00691476631156 -1200
3084 4748.9447083053 4756.73157004582 0.261750959993995 2.00691491283105 -1200
3085 4762.16112493714 4750.20433658813 0.261750770997712 2.00691505935053 -1200
3086 4757.19482575662 4755.58170037344 0.261750582001429 2.00691520587 -1200
3087 4760.94011327114 4757.31686543761 0.261750393005146 2.00691535238947 -1200
3088 4767.25230889068 4773.16331148373 0.261750204008863 2.00691549890893 -1200
3089 4771.79312113817 4774.76361439633 0.261750015012579 2.00691564542838 -1200
3090 4773.40511250229 4773.67632511869 0.261749826016296 2.00691579194783 -1200
3091 4761.99177174578 4785.94109146259 0.261749637020012 2.00691593846726 -1200
3092 4784.40600999402 4788.47616051553 0.261749448023728 2.00691608498669 -1200
3093 4780.93508764534 4788.00374688058 0.261749259027444 2.00691623150612 -1200
3094 4779.88015857332 4784.94342848222 0.261749070031159 2.00691637802553 -1200
3095 4792.41321821958 4790.34911069809 0.261748881034875 2.00691652454494 -1200
3096 4791.40374929154 4797.56459340344 0.26174869203859 2.00691667106434 -1200
3097 4788.99619145241 4792.89124497137 0.261748503042305 2.00691681758373 -1200
3098 4797.56990649815 4797.43006180533 0.26174831404602 2.00691696410312 -1200
3099 4802.83535761505 4801.65492271914 0.261748125049735 2.0069171106225 -1200
3100 4802.90661489844 4796.15772037497 0.26174793605345 2.00691725714187 -1200
3101 4801.68051497412 4805.48598172447 0.261747747057164 2.00691740366123 -1200
3102 4807.25408974069 4812.79610875485 0.261747558060879 2.00691755018059 -1200
3103 4811.73283745607 4815.06969290283 0.261747369064593 2.00691769669994 -1200
3104 4812.61492320766 4829.265863934 0.261747180068306 2.00691784321928 -1200
3105 4811.97178299795 4818.64868825832 0.26174699107202 2.00691798973861 -1200
3106 4810.62068211336 4815.02205255269 0.261746802075734 2.00691813625794 -1200
3107 4821.63771874994 4819.873552817 0.261746613079447 2.00691828277726 -1200
3108 4834.24602482099 4839.82259378483 0.26174642408316 2.00691842929657 -1200
3109 4834.56823866801 4825.5226560655 0.261746235086873 2.00691857581587 -1200
3110 4833.11192328665 4833.78292701479 0.261746046090586 2.00691872233517 -1200
3111 4841.59929113263 4828.72928150935 0.261745857094299 2.00691886885446 -1200
3112 4835.28882915344 4847.17400527542 0.261745668098011 2.00691901537374 -1200
3113 4843.50813356493 4849.60396023296 0.261745479101723 2.00691916189302 -1200
3114 4841.17353786431 4851.46331671238 0.261745290105436 2.00691930841229 -1200
3115 4854.36687831866 4855.94313926931 0.261745101109148 2.00691945493155 -1200
3116 4852.6073676582 4844.26432898932 0.261744912112859 2.0069196014508 -1200
3117 4859.93559095946 4844.42452971354 0.261744723116571 2.00691974797005 -1200
3118 4858.16969197837 4855.27674359673 0.261744534120282 2.00691989448928 -1200
3119 4856.90522743324 4860.3198361204 0.261744345123993 2.00692004100851 -1200
3120 4869.26646950724 4867.190498507 0.261744156127704 2.00692018752774 -1200
3121 4859.43966708266 4870.33609577962 0.261743967131415 2.00692033404695 -1200
3122 4876.50921242384 4874.23098073206 0.261743778135126 2.00692048056616 -1200
3123 4868.22894504702 4879.18328151222 0.261743589138836 2.00692062708536 -1200
3124 4877.85581675987 4876.50091809184 0.261743400142547 2.00692077360456 -1200
3125 4878.3738244044 4875.73399071741 0.261743211146257 2.00692092012375 -1200
3126 4877.76470401129 4878.76288402204 0.261743022149967 2.00692106664292 -1200
3127 4885.30751910374 4890.11029209201 0.261742833153677 2.0069212131621 -1200
3128 4887.88188373364 4890.42463322209 0.261742644157386 2.00692135968126 -1200
3129 4882.37575017577 4891.74962376019 0.261742455161096 2.00692150620042 -1200
3130 4894.62384702995 4892.07757447222 0.261742266164805 2.00692165271957 -1200
3131 4888.54026798074 4899.96275189652 0.261742077168514 2.00692179923871 -1200
3132 4903.92167072151 4899.61583628333 0.261741888172223 2.00692194575785 -1200
3133 4903.50013420567 4899.92812096439 0.261741699175931 2.00692209227697 -1200
3134 4900.98530552746 4907.63211544782 0.26174151017964 2.00692223879609 -1200
3135 4904.60134547503 4909.3714669354 0.261741321183348 2.00692238531521 -1200
3136 4903.6397973578 4913.94015489178 0.261741132187056 2.00692253183431 -1200
3137 4920.73461844648 4912.95861201691 0.261740943190764 2.00692267835341 -1200
3138 4915.11063567265 4914.09675089313 0.261740754194472 2.0069228248725 -1200
3139 4924.59191821454 4918.7606790669 0.26174056519818 2.00692297139158 -1200
3140 4923.27785065101 4921.11789695389 0.261740376201887 2.00692311791066 -1200
3141 4917.67996997517 4924.25905330301 0.261740187205594 2.00692326442973 -1200
3142 4922.02173269117 4931.57511158325 0.261739998209301 2.00692341094879 -1200
3143 4941.83133406481 4937.08379348993 0.261739809213008 2.00692355746784 -1200
3144 4933.28861056422 4928.8771187096 0.261739620216715 2.00692370398689 -1200
3145 4925.74858659554 4930.63615534011 0.261739431220422 2.00692385050593 -1200
3146 4940.30643667737 4939.16345432664 0.261739242224128 2.00692399702496 -1200
3147 4946.00367779922 4940.168699453 0.261739053227834 2.00692414354399 -1200
3148 4941.39204657182 4950.96336357834 0.26173886423154 2.006924290063 -1200
3149 4956.04831790324 4949.93982402912 0.261738675235246 2.00692443658201 -1200
3150 4951.25601908084 4945.49197724225 0.261738486238952 2.00692458310102 -1200
3151 4953.98887789376 4962.17684803718 0.261738297242657 2.00692472962001 -1200
3152 4964.43768809115 4958.6871918815 0.261738108246362 2.006924876139 -1200
3153 4958.8863529618 4962.58543725402 0.261737919250068 2.00692502265798 -1200
3154 4963.45693602758 4962.08821245208 0.261737730253772 2.00692516917695 -1200
3155 4975.01246993268 4971.97768634791 0.261737541257477 2.00692531569592 -1200
3156 4962.52690866279 4965.31377453456 0.261737352261182 2.00692546221488 -1200
3157 4973.99319507411 4973.71464912658 0.261737163264886 2.00692560873383 -1200
3158 4973.5661515501 4970.1098246964 0.26173697426859 2.00692575525277 -1200
3159 4981.34682875051 4980.12282261175 0.261736785272294 2.00692590177171 -1200
3160 4971.51099949517 4983.60677387281 0.261736596275998 2.00692604829063 -1200
3161 4981.85732042827 4991.41677772638 0.261736407279702 2.00692619480956 -1200
3162 4985.607599452 4997.30029415687 0.261736218283405 2.00692634132847 -1200
3163 4987.88116213272 4991.79119757442 0.261736029287109 2.00692648784738 -1200
3164 4994.27551764887 4996.23672906596 0.261735840290812 2.00692663436627 -1200
3165 4998.52064859552 5002.17692438647 0.261735651294515 2.00692678088517 -1200
3166 4989.86618794815 4993.45131381894 0.261735462298218 2.00692692740405 -1200
3167 5014.08771927317 5007.46866455646 0.26173527330192 2.00692707392293 -1200
3168 5003.68533987425 5004.07615168137 0.261735084305623 2.0069272204418 -1200
3169 5009.96565550458 5007.40609080167 0.261734895309325 2.00692736696066 -1200
3170 5005.90532344069 5020.47633973002 0.261734706313027 2.00692751347951 -1200
3171 5023.19256516769 5019.2025788433 0.261734517316729 2.00692765999836 -1200
3172 5027.61140700461 5020.56330030845 0.26173432832043 2.0069278065172 -1200
3173 5028.633182679 5021.89071809935 0.261734139324132 2.00692795303604 -1200
3174 5020.22682035949 5028.70652428779 0.261733950327833 2.00692809955486 -1200
3175 5030.43090951257 5025.5211596437 0.261733761331534 2.00692824607368 -1200
3176 5028.11601949886 5026.65199984306 0.261733572335235 2.00692839259249 -1200
3177 5030.66977180987 5034.76438005786 0.261733383338936 2.00692853911129 -1200
3178 5041.3539823046 5034.83662984961 0.261733194342637 2.00692868563009 -1200
3179 5044.30751011458 5037.22465658553 0.261733005346337 2.00692883214888 -1200
3180 5037.14082098204 5041.29794797104 0.261732816350037 2.00692897866766 -1200
3181 5043.42969872056 5043.70063823943 0.261732627353738 2.00692912518643 -1200
3182 5053.41418015039 5047.62394604204 0.261732438357437 2.0069292717052 -1200
3183 5047.48483938886 5047.3207470849 0.261732249361137 2.00692941822396 -1200
3184 5047.1142055975 5056.87423311285 0.261732060364837 2.00692956474271 -1200
3185 5060.00746233937 5057.21243365948 0.261731871368536 2.00692971126145 -1200
3186 5065.10392778049 5066.95746362925 0.261731682372235 2.00692985778019 -1200
3187 5061.64424862864 5065.74439377916 0.261731493375934 2.00693000429892 -1200
3188 5065.76633239048 5066.77244011528 0.261731304379633 2.00693015081764 -1200
3189 5080.36170586698 5078.0386853762 0.261731115383332 2.00693029733636 -1200
3190 5056.76192993811 5067.44782351011 0.26173092638703 2.00693044385506 -1200
3191 5078.61351225554 5076.56588892119 0.261730737390728 2.00693059037377 -1200
3192 5081.84990246713 5084.94585224704 0.261730548394427 2.00693073689246 -1200
3193 5080.54183855997 5081.42916180629 0.261730359398125 2.00693088341114 -1200
3194 5081.04638642219 5090.84896619489 0.261730170401822 2.00693102992982 -1200
3195 5083.74213263888 5089.61903298795 0.26172998140552 2.00693117644849 -1200
3196 5092.96783884866 5090.72588419023 0.261729792409217 2.00693132296716 -1200
3197 5096.99967138411 5093.07053457458 0.261729603412914 2.00693146948581 -1200
3198 5100.52409806673 5094.92359743471 0.261729414416611 2.00693161600446 -1200
3199 5097.53882952034 5098.91265043434 0.261729225420308 2.0069317625231 -1200
3200 5101.18866587371 5103.70275411716 0.261729036424005 2.00693190904173 -1200
3201 5105.39793816046 5111.25765412063 0.261728847427701 2.00693205556036 -1200
3202 5111.90445058488 5106.10325317359 0.261728658431398 2.00693220207898 -1200
3203 5115.08268235311 5105.15759488893 0.261728469435094 2.00693234859759 -1200
3204 5110.0421788277 5116.64388167323 0.26172828043879 2.0069324951162 -1200
3205 5116.87129441471 5115.99833870747 0.261728091442486 2.00693264163479 -1200
3206 5118.70100206493 5124.229830592 0.261727902446181 2.00693278815338 -1200
3207 5124.55908151567 5126.18295516602 0.261727713449877 2.00693293467196 -1200
3208 5132.12893151376 5122.30931674661 0.261727524453572 2.00693308119054 -1200
3209 5134.31391581642 5130.05385333431 0.261727335457267 2.00693322770911 -1200
3210 5124.81270591276 5133.16147874414 0.261727146460962 2.00693337422767 -1200
3211 5133.98784669881 5124.16422204539 0.261726957464656 2.00693352074622 -1200
3212 5139.34478937562 5137.88078789183 0.261726768468351 2.00693366726476 -1200
3213 5141.86449997388 5143.24246237572 0.261726579472045 2.0069338137833 -1200
3214 5143.55133527055 5141.91914186951 0.261726390475739 2.00693396030183 -1200
3215 5144.77423874974 5136.8014006504 0.261726201479433 2.00693410682036 -1200
3216 5153.79608280576 5153.4779324829 0.261726012483127 2.00693425333887 -1200
3217 5153.21819630635 5157.86145215121 0.261725823486821 2.00693439985738 -1200
3218 5160.76527149304 5142.53308182761 0.261725634490514 2.00693454637588 -1200
3219 5168.296223514 5166.9575694014 0.261725445494208 2.00693469289437 -1200
3220 5156.53845787665 5161.98136713089 0.261725256497901 2.00693483941286 -1200
3221 5172.29824027667 5169.15053815014 0.261725067501594 2.00693498593134 -1200
3222 5174.70590311091 5168.99627132042 0.261724878505286 2.00693513244981 -1200
3223 5168.51368286589 5174.18644615841 0.261724689508979 2.00693527896828 -1200
3224 5177.51316044057 5166.22235424364 0.261724500512671 2.00693542548673 -1200
3225 5182.57359166273 5185.18571767962 0.261724311516363 2.00693557200518 -1200
3226 5189.2673269204 5181.57690210165 0.261724122520055 2.00693571852362 -1200
3227 5183.21855278963 5181.70884139606 0.261723933523747 2.00693586504206 -1200
3228 5185.68606756074 5194.71773765257 0.261723744527439 2.00693601156049 -1200
3229 5182.74124859104 5189.87416809598 0.26172355553113 2.00693615807891 -1200
3230 5190.48087335218 5199.28265360097 0.261723366534822 2.00693630459732 -1200
3231 5191.75527753462 5198.60021948023 0.261723177538513 2.00693645111572 -1200
3232 5195.78163967738 5196.14516470226 0.261722988542204 2.00693659763412 -1200
3233 5202.06774114271 5206.31815938003 0.261722799545894 2.00693674415251 -1200
3234 5211.5140627257 5208.9892718074 0.261722610549585 2.0069368906709 -1200
3235 5216.74199194986 5206.07368239027 0.261722421553275 2.00693703718927 -1200
3236 5217.2806608479 5218.93459359724 0.261722232556966 2.00693718370764 -1200
3237 5209.50044752853 5217.2089086185 0.261722043560656 2.006937330226 -1200
3238 5214.71486920436 5223.0208091653 0.261721854564345 2.00693747674435 -1200
3239 5219.33138540208 5215.79439548093 0.261721665568035 2.0069376232627 -1200
3240 5225.14721479075 5227.19084477383 0.261721476571725 2.00693776978104 -1200
3241 5220.80864404093 5220.23701007351 0.261721287575414 2.00693791629937 -1200
3242 5231.14190646653 5231.27837225529 0.261721098579103 2.0069380628177 -1200
3243 5235.87098063001 5233.2061273802 0.261720909582792 2.00693820933601 -1200
3244 5238.66385876053 5234.73448925469 0.261720720586481 2.00693835585432 -1200
3245 5242.5807094238 5239.19423638237 0.261720531590169 2.00693850237262 -1200
3246 5236.57192593978 5233.89875580768 0.261720347565217 2.00693865567803 -1200
3247 5241.45227817948 5250.17549007467 0.261720173931069 2.00693882218434 -1200
3248 5246.86117435063 5231.90881641348 0.261720011557502 2.00693900111372 -1200
3249 5244.45843653853 5250.66649840114 0.261719861259428 2.00693919162779 -1200
3250 5245.54129215314 5257.61058960759 0.261719723792931 2.00693939283174 -1200
3251 5261.18279646393 5251.52293211217 0.26171959985158 2.00693960377868 -1200
3252 5257.30894634305 5262.74775026884 0.26171949006305 2.00693982347427 -1200
3253 5261.24830277577 5261.34605608472 0.261719394986066 2.00694005088151 -1200
3254 5266.48212359518 5257.15822390129 0.261719315107679 2.00694028492586 -1200
3255 5272.34890644473 5263.84490962425 0.261719250840895 2.00694052450044 -1200
3256 5274.9227441601 5276.07305363256 0.261719202522662 2.00694076847142 -1200
3257 5283.93450425204 5282.20361510876 0.261719170412226 2.00694101568355 -1200
3258 5279.80292025038 5274.24952255242 0.261719154689873 2.0069412649658 -1200
3259 5287.45840089783 5273.05390701434 0.261719155456046 2.00694151513705 -1200
3260 5299.48621689807 5293.26790129618 0.261719172730859 2.00694176501184 -1200
3261 5299.9104825373 5297.20843455058 0.261719206453995 2.00694201340618 -1200
3262 5287.71379008855 5297.83410602181 0.261719256485007 2.00694225914325 -1200
3263 5297.85842435213 5292.49031971899 0.261719322603992 2.00694250105922 -1200
3264 5294.73128747659 5295.26816360474 0.261719399373356 2.00694273214731 -1200
3265 5311.39748530102 5304.49977553442 0.261719476643062 2.00694296161925 -1200
3266 5308.2958183939 5301.88891859091 0.261719553506144 2.00694319240463 -1200
3267 5306.57894526164 5309.45851960222 0.261719630699686 2.0069434221226 -1200
3268 5316.77056235212 5323.07154936505 0.261719707624665 2.00694365270805 -1200
3269 5321.22412327461 5321.27057439666 0.261719784767904 2.00694388258852 -1200
3270 5324.98356910601 5324.36655939252 0.261719861733765 2.00694411304193 -1200
3271 5323.76837230619 5329.59647036015 0.261719938843779 2.00694434302972 -1200
3272 5336.32385108062 5331.08453696055 0.261720015836641 2.00694457339592 -1200
3273 5330.26152244389 5334.34407826504 0.261720092924712 2.0069448034546 -1200
3274 5330.63291615317 5330.15292214615 0.261720169935407 2.00694503376321 -1200
3275 5339.16947018576 5338.27851340388 0.261720247008984 2.00694526386872 -1200
3276 5335.67996387076 5342.63813839616 0.261720324031458 2.00694549413929 -1200
3277 5348.93369413671 5344.43194841398 0.261720401095463 2.00694572427572 -1200
3278 5349.12412725674 5348.47753853725 0.261720478125716 2.00694595452118 -1200
3279 5348.98944963678 5357.72312700627 0.261720555183399 2.00694618467804 -1200
3280 5356.20430218441 5350.03891239591 0.26172063221879 2.00694641490691 -1200
3281 5364.30650811066 5359.25627153472 0.261720709272297 2.00694664507727 -1200
3282 5370.58042253489 5357.79217217128 0.261720786311081 2.00694687529519 -1200
3283 5354.1221370082 5368.43815466384 0.261720863361831 2.00694710547446 -1200
3284 5364.36344146007 5371.75410967652 0.261720940402856 2.00694733568515 -1200
3285 5384.08213280061 5372.27365526255 0.261721017451784 2.00694756587032 -1200
3286 5366.03046059135 5374.57557001757 0.261721094494289 2.00694779607624 -1200
3287 5378.7222590066 5381.08064948276 0.261721171542014 2.0069480262653 -1200
3288 5374.62976573861 5380.43205993847 0.261721248585497 2.00694825646807 -1200
3289 5386.23736719169 5389.68558424444 0.261721325632428 2.00694848665971 -1200
3290 5387.55397593168 5390.91295025956 0.261721402676556 2.0069487168604 -1200
3291 5390.81730057124 5396.49436872863 0.261721479722962 2.00694894705375 -1200
3292 5399.7679853326 5402.75317118515 0.261721556767517 2.00694917725307 -1200
3293 5395.19219519681 5395.54308828357 0.261721633813576 2.00694940744754 -1200
3294 5398.99612132112 5393.71246570819 0.261721710858413 2.00694963764597 -1200
3295 5404.25132257531 5403.51848780909 0.261721787904242 2.00694986784119 -1200
3296 5405.19840131464 5405.97160457602 0.261721864949265 2.00695009803902 -1200
3297 5422.89404284626 5410.58663522328 0.261721941994944 2.00695032823474 -1200
3298 5411.54041302899 5427.5955438905 0.261722019040089 2.00695055843218 -1200
3299 5417.21442561927 5409.66168223008 0.261722096085668 2.00695078862824 -1200
3300 5427.72903335573 5418.91624396949 0.261722173130895 2.00695101882543 -1200
3301 5424.36731862893 5430.45617417054 0.261722250176407 2.0069512490217 -1200
3302 5420.960394042 5432.99299337986 0.261722327221688 2.00695147921873 -1200
3303 5429.57563705244 5431.35475913404 0.261722404267157 2.00695170941515 -1200
3304 5437.85420079008 5441.07778236332 0.261722481312472 2.00695193961208 -1200
3305 5435.28423695055 5447.69715211444 0.261722558357912 2.0069521698086 -1200
3306 5438.24619550929 5442.0623666352 0.261722635403251 2.00695240000546 -1200
3307 5442.76283595203 5447.65449271267 0.261722712448672 2.00695263020206 -1200
3308 5444.08429183296 5450.27405019292 0.261722789494027 2.00695286039888 -1200
3309 5450.46946718443 5450.77682253711 0.261722866539435 2.00695309059552 -1200
3310 5449.51169182234 5448.49383464728 0.2617229435848 2.00695332079232 -1200
3311 5459.92303239725 5463.78826678338 0.2617230206302 2.006953550989 -1200
3312 5473.16439888219 5464.53732812905 0.261723097675571 2.00695378118578 -1200
3313 5466.90782685441 5475.58068925479 0.261723174720966 2.00695401138249 -1200
3314 5466.85299386356 5458.18338694116 0.261723251766341 2.00695424157927 -1200
3315 5478.92804063102 5474.86422410211 0.261723328811732 2.006954471776 -1200
3316 5472.46566660442 5475.65754663255 0.26172340585711 2.00695470197278 -1200
3317 5475.51871962075 5484.44242073623 0.261723482902499 2.00695493216952 -1200
3318 5480.00641667866 5482.3693902214 0.261723559947879 2.0069551623663 -1200
3319 5488.12498620075 5481.60367292458 0.261723636993266 2.00695539256307 -1200
3320 5490.09945818055 5489.21671573615 0.261723714038647 2.00695562275985 -1200
3321 5491.99482766689 5488.4798472497 0.261723791084033 2.00695585295663 -1200
3322 5497.86458242763 5496.02474263296 0.261723868129415 2.00695608315342 -1200
3323 5495.27584967004 5491.09981094532 0.261723945174801 2.00695631335021 -1200
3324 5504.88640764594 5499.38736925831 0.261724022220183 2.00695654354701 -1200
3325 5505.87789803235 5511.44962183852 0.261724099265568 2.0069567737438 -1200
3326 5517.57484532493 5515.19206436619 0.261724176310951 2.00695700394061 -1200
3327 5513.36162104838 5515.65660758344 0.261724253356335 2.00695723413742 -1200
3328 5512.16864901832 5524.11121273394 0.261724330401718 2.00695746433424 -1200
3329 5520.43451985935 5523.02059042482 0.261724407447102 2.00695769453106 -1200
3330 5520.50903498981 5517.42676730586 0.261724484492485 2.00695792472788 -1200
3331 5519.04088931647 5531.67620993872 0.261724561537869 2.00695815492471 -1200
3332 5533.66559820648 5532.10620298478 0.261724638583253 2.00695838512154 -1200
3333 5537.72826385508 5535.80092016508 0.261724715628636 2.00695861531838 -1200
3334 5540.8596303688 5536.50608272216 0.261724792674019 2.00695884551523 -1200
3335 5541.38064422879 5546.1665283025 0.261724869719403 2.00695907571207 -1200
3336 5540.00863694032 5543.80263122783 0.261724946764786 2.00695930590893 -1200
3337 5550.03396936868 5540.36437643084 0.26172502381017 2.00695953610579 -1200
3338 5550.78335127628 5550.14258418481 0.261725100855553 2.00695976630265 -1200
3339 5545.39497095526 5555.99755136396 0.261725177900936 2.00695999649951 -1200
3340 5554.96007825207 5558.43302637731 0.26172525494632 2.00696022669639 -1200
3341 5560.611461857 5562.17457493652 0.261725331991703 2.00696045689326 -1200
3342 5562.06422768301 5556.10488829013 0.261725409037086 2.00696068709014 -1200
3343 5567.46046694923 5566.01582418975 0.261725486082469 2.00696091728703 -1200
3344 5574.74611537909 5566.19270643486 0.261725563127852 2.00696114748392 -1200
3345 5567.22350228419 5568.75459410091 0.261725640173236 2.00696137768082 -1200
3346 5574.20522789838 5572.48905095296 0.261725717218619 2.00696160787772 -1200
3347 5588.19249373438 5582.54136131106 0.261725794264002 2.00696183807462 -1200
3348 5585.08667821134 5577.08129977386 0.261725871309385 2.00696206827153 -1200
3349 5585.32948319423 5591.16052598634 0.261725948354768 2.00696229846844 -1200
3350 5591.68501354792 5585.72467745156 0.261726025400151 2.00696252866536 -1200
3351 5590.80827001615 5600.72382026257 0.261726102445534 2.00696275886229 -1200
3352 5599.40299826986 5596.65966957579 0.261726179490917 2.00696298905922 -1200
3353 5608.95020577842 5598.16887553806 0.261726256536299 2.00696321925615 -1200
3354 5605.9402660855 5606.31568799402 0.261726333581682 2.00696344945309 -1200
3355 5617.57052969554 5606.86125073586 0.261726410627065 2.00696367965003 -1200
3356 5608.58465083715 5607.44934473094 0.261726487672448 2.00696390984698 -1200
3357 5621.05023055637 5618.06313490502 0.261726564717831 2.00696414004393 -1200
3358 5615.68135528444 5614.17170700776 0.261726641763213 2.00696437024089 -1200
3359 5614.77285998315 5628.12501956708 0.261726718808596 2.00696460043785 -1200
3360 5613.96892737117 5631.54856833631 0.261726795853979 2.00696483063481 -1200
3361 5622.13205725356 5623.88395433395 0.261726872899361 2.00696506083178 -1200
3362 5637.19198942022 5639.38682804438 0.261726949944744 2.00696529102876 -1200
3363 5626.57919570565 5633.88103106662 0.261727026990127 2.00696552122574 -1200
3364 5635.47617525808 5635.37471348301 0.261727104035509 2.00696575142273 -1200
3365 5637.91752043717 5642.92411836294 0.261727181080892 2.00696598161971 -1200
3366 5647.09790340816 5647.3371281199 0.261727258126274 2.00696621181671 -1200
3367 5654.88537820709 5644.02095639461 0.261727335171657 2.00696644201371 -1200
3368 5646.24109566113 5659.93242639603 0.261727412217039 2.00696667221071 -1200
3369 5665.60854047454 5664.7547092486 0.261727489262422 2.00696690240772 -1200
3370 5657.64622859596 5661.22902519311 0.261727566307804 2.00696713260473 -1200
3371 5664.47109278877 5664.64999429419 0.261727643353186 2.00696736280175 -1200
3372 5669.52336933465 5661.6160671646 0.261727720398569 2.00696759299878 -1200
3373 5671.22566044265 5672.23320756019 0.261727797443951 2.0069678231958 -1200
3374 5670.61232112 5666.37477833099 0.261727874489333 2.00696805339284 -1200
3375 5675.3714500417 5677.51174118756 0.261727951534715 2.00696828358987 -1200
3376 5674.396625872 5677.92417493701 0.261728028580098 2.00696851378691 -1200
3377 5681.9329420108 5676.67923224117 0.26172810562548 2.00696874398396 -1200
3378 5682.14551299606 5688.0610055443 0.261728182670862 2.00696897418101 -1200
3379 5693.13235060307 5692.05613452851 0.261728259716244 2.00696920437807 -1200
3380 5692.07590528838 5688.85427559327 0.261728336761626 2.00696943457513 -1200
3381 5693.43231201862 5701.01954921616 0.261728413807008 2.00696966477219 -1200
3382 5701.50363944069 5692.86697205154 0.26172849085239 2.00696989496926 -1200
3383 5703.64680841132 5703.94617138103 0.261728567897772 2.00697012516634 -1200
3384 5701.34784668822 5719.49175444462 0.261728644943154 2.00697035536342 -1200
3385 5709.39928996384 5715.54858755538 0.261728721988536 2.0069705855605 -1200
3386 5713.31003397731 5708.33657735517 0.261728799033918 2.00697081575759 -1200
3387 5718.10940937876 5712.51522126966 0.2617288760793 2.00697104595469 -1200
3388 5722.83591705444 5721.24788035874 0.261728953124682 2.00697127615178 -1200
3389 5724.80242608258 5722.10860221944 0.261729030170063 2.00697150634889 -1200
3390 5724.42440174083 5726.95376167688 0.261729107215445 2.00697173654599 -1200
3391 5724.59641946614 5736.55069474322 0.261729184260827 2.00697196674311 -1200
3392 5736.82785383246 5731.20385490503 0.261729261306209 2.00697219694022 -1200
3393 5734.206771027 5740.51277882402 0.26172933835159 2.00697242713735 -1200
3394 5745.26411458865 5738.86678639498 0.261729415396972 2.00697265733447 -1200
3395 5730.01280689982 5744.38499761849 0.261729492442354 2.0069728875316 -1200
3396 5743.46873467687 5746.01395227603 0.261729569487735 2.00697311772874 -1200
3397 5744.60545678663 5738.61292926444 0.261729646533117 2.00697334792588 -1200
3398 5753.02704854093 5762.2451202709 0.261729723578498 2.00697357812303 -1200
3399 5759.25035532133 5761.04729319103 0.26172980062388 2.00697380832018 -1200
3400 5764.80811373973 5752.52489529824 0.261729877669261 2.00697403851733 -1200
3401 5769.01262559851 5765.82868784828 0.261729954714643 2.00697426871449 -1200
3402 5760.01114808869 5769.41253786245 0.261730031760024 2.00697449891166 -1200
3403 5771.43947521678 5764.55635479588 0.261730108805406 2.00697472910883 -1200
3404 5779.54956375524 5763.54216637666 0.261730185850787 2.006974959306 -1200
3405 5782.26214902846 5776.89308068693 0.261730262896168 2.00697518950318 -1200
3406 5788.41352047144 5784.05448561794 0.26173033994155 2.00697541970036 -1200
3407 5788.65869469426 5777.46723381362 0.261730416986931 2.00697564989755 -1200
3408 5789.38652289344 5784.39407071834 0.261730494032312 2.00697588009474 -1200
3409 5789.72089735909 5787.33824656486 0.261730571077693 2.00697611029194 -1200
3410 5791.30074284209 5786.26268008808 0.261730648123075 2.00697634048914 -1200
3411 5790.98529750859 5799.30116492218 0.261730725168456 2.00697657068635 -1200
3412 5799.75645001088 5798.37989623968 0.261730802213837 2.00697680088356 -1200
3413 5806.9648610872 5800.01275276612 0.261730879259218 2.00697703108078 -1200
3414 5799.09694688148 5804.7631309711 0.261730956304599 2.006977261278 -1200
3415 5814.87643544733 5808.69315274718 0.26173103334998 2.00697749147522 -1200
3416 5808.71568176273 5815.37256194621 0.261731110395361 2.00697772167246 -1200
3417 5818.63701292827 5818.64489839425 0.261731187440742 2.00697795186969 -1200
3418 5823.24046135703 5818.69815012011 0.261731264486123 2.00697818206693 -1200
3419 5823.377459683 5825.36213250398 0.261731341531504 2.00697841226418 -1200
3420 5836.15057037041 5827.88854664427 0.261731418576885 2.00697864246142 -1200
3421 5826.1647476561 5839.02870304992 0.261731495622266 2.00697887265868 -1200
3422 5839.15793370074 5835.73541956149 0.261731572667647 2.00697910285594 -1200
3423 5845.36342870266 5842.72093724611 0.261731649713027 2.0069793330532 -1200
3424 5846.65248875063 5839.87918445479 0.261731726758408 2.00697956325047 -1200
3425 5853.21042669691 5849.23087386911 0.261731803803789 2.00697979344774 -1200
3426 5841.38420927978 5840.6853794659 0.261731880849169 2.00698002364502 -1200
3427 5856.81682938063 5846.85827915719 0.26173195789455 2.0069802538423 -1200
3428 5865.98445984813 5856.57186365485 0.261732034939931 2.00698048403959 -1200
3429 5851.94365682991 5863.6407267073 0.261732111985311 2.00698071423688 -1200
3430 5853.70644698696 5859.83882492552 0.261732189030692 2.00698094443418 -1200
3431 5860.8601501989 5857.85719682087 0.261732266076073 2.00698117463148 -1200
3432 5865.42310750939 5867.25191463663 0.261732343121453 2.00698140482879 -1200
3433 5868.44081298315 5866.70029722613 0.261732420166834 2.0069816350261 -1200
3434 5881.37470946507 5874.20668885404 0.261732497212214 2.00698186522341 -1200
3435 5876.69931158662 5881.15881331695 0.261732574257595 2.00698209542073 -1200
3436 5875.44090730137 5875.11256591711 0.261732651302975 2.00698232561806 -1200
3437 5887.37394141176 5889.17938907906 0.261732728348355 2.00698255581539 -1200
3438 5892.48466821018 5889.46928215863 0.261732805393736 2.00698278601272 -1200
3439 5889.33728994612 5891.66279498892 0.261732882439116 2.00698301621006 -1200
3440 5887.69177454933 5896.6433948404 0.261732959484496 2.00698324640741 -1200
3441 5907.13466805822 5893.35797311685 0.261733036529877 2.00698347660475 -1200
3442 5903.86173582817 5901.19714338176 0.261733113575257 2.00698370680211 -1200
3443 5920.50867918894 5902.09028033741 0.261733190620637 2.00698393699947 -1200
3444 5907.18560250674 5899.78073583371 0.261733267666017 2.00698416719683 -1200
3445 5912.95911916205 5914.84880014497 0.261733344711397 2.0069843973942 -1200
3446 5923.63393448497 5908.45367123295 0.261733421756777 2.00698462759157 -1200
3447 5921.20351478734 5924.40092401069 0.261733498802157 2.00698485778895 -1200
3448 5919.88002429708 5928.54551613288 0.261733575847538 2.00698508798633 -1200
3449 5918.29776087322 5922.15021013467 0.261733652892918 2.00698531818371 -1200
3450 5928.52005424262 5925.29504491741 0.261733729938298 2.0069855483811 -1200
3451 5932.36824263011 5932.13735845578 0.261733806983677 2.0069857785785 -1200
3452 5935.60882130764 5935.34971701931 0.261733884029057 2.0069860087759 -1200
3453 5935.12186784694 5938.52734314815 0.261733961074437 2.00698623897331 -1200
3454 5942.24580849012 5941.63830909939 0.261734038119817 2.00698646917072 -1200
3455 5945.17327857706 5942.40022086622 0.261734115165197 2.00698669936813 -1200
3456 5949.05134098185 5953.76574531139 0.261734192210577 2.00698692956555 -1200
3457 5945.56858150228 5950.61385061945 0.261734269255957 2.00698715976297 -1200
3458 5958.30690409944 5956.48187265928 0.261734346301336 2.0069873899604 -1200
3459 5959.66407137991 5951.25740204527 0.261734423346716 2.00698762015784 -1200
3460 5958.03318470962 5957.3598557058 0.261734500392096 2.00698785035528 -1200
3461 5968.7337250702 5961.98114174477 0.261734577437475 2.00698808055272 -1200
3462 5966.53929004882 5973.94366383852 0.261734654482855 2.00698831075017 -1200
3463 5969.99708607649 5967.2522562586 0.261734731528235 2.00698854094762 -1200
3464 5974.41529746261 5983.03342069495 0.261734808573614 2.00698877114508 -1200
3465 5980.86650831791 5982.41124282715 0.261734885618994 2.00698900134254 -1200
3466 5984.64946443868 5972.82255850336 0.261734962664373 2.00698923154 -1200
3467 5991.31652889942 5988.65093609265 0.261735039709753 2.00698946173748 -1200
3468 5994.48046402467 5995.80861429703 0.261735116755132 2.00698969193495 -1200
3469 5988.3658315478 5996.77044257473 0.261735193800512 2.00698992213243 -1200
3470 5996.23786977609 5998.45984648405 0.261735270845891 2.00699015232992 -1200
3471 5995.01186516754 6003.29798691422 0.26173534789127 2.00699038252741 -1200
3472 6004.22856125925 5998.17695861603 0.26173542493665 2.0069906127249 -1200
3473 6011.71630065884 6008.87842480102 0.261735501982029 2.0069908429224 -1200
3474 6006.85062192731 6008.83168564165 0.261735579027408 2.00699107311991 -1200
3475 6009.11340729032 6020.29858822841 0.261735656072788 2.00699130331742 -1200
3476 6020.8827797703 6014.83984742689 0.261735733118167 2.00699153351493 -1200
3477 6027.58900566675 6018.03711426146 0.261735810163546 2.00699176371245 -1200
3478 6017.52462093145 6022.29122215339 0.261735887208925 2.00699199390997 -1200
3479 6021.45179528707 6022.63824080694 0.261735964254304 2.0069922241075 -1200
3480 6022.96448909734 6018.78138026501 0.261736041299683 2.00699245430503 -1200
3481 6037.12058898409 6032.79772408286 0.261736118345062 2.00699268450257 -1200
3482 6033.53725933436 6033.51828827193 0.261736195390442 2.00699291470011 -1200
3483 6046.50943705135 6046.96192923182 0.261736272435821 2.00699314489766 -1200
3484 6043.71779619999 6049.5166734689 0.2617363494812 2.00699337509521 -1200
3485 6050.86268996474 6043.12229220323 0.261736426526578 2.00699360529277 -1200
3486 6048.78011782601 6050.76151557697 0.261736503571957 2.00699383549033 -1200
3487 6056.47480161372 6054.07137769355 0.261736580617336 2.00699406568789 -1200
3488 6050.19375626294 6055.13529250184 0.261736657662715 2.00699429588547 -1200
3489 6066.59806014621 6054.00927383514 0.261736734708094 2.00699452608304 -1200
3490 6063.26269864579 6064.96463978379 0.261736811753473 2.00699475628062 -1200
3491 6066.64648008582 6065.91044221 0.261736888798852 2.00699498647821 -1200
3492 6069.89957043457 6082.47705696726 0.26173696584423 2.00699521667579 -1200
3493 6078.68661248981 6072.72641437716 0.261737042889609 2.00699544687339 -1200
3494 6070.27495161618 6074.59589410544 0.261737119934988 2.00699567707099 -1200
3495 6078.32364648043 6087.69066561527 0.261737196980366 2.00699590726859 -1200
3496 6073.27114353385 6082.98198773893 0.261737274025745 2.0069961374662 -1200
3497 6081.89231046118 6093.70351656815 0.261737351071124 2.00699636766381 -1200
3498 6088.05798663713 6083.43188890203 0.261737428116502 2.00699659786143 -1200
3499 6095.94115087433 6098.15947363546 0.261737505161881 2.00699682805905 -1200
3500 6106.8535285896 6097.04391197424 0.261737582207259 2.00699705825668 -1200
3501 6105.55530067421 6101.00272445508 0.261737659252638 2.00699728845431 -1200
3502 6098.10748677265 6103.11233771938 0.261737736298016 2.00699751865195 -1200
3503 6110.44768711268 6114.4386538721 0.261737813343394 2.00699774884959 -1200
3504 6112.16557706539 6105.82527967197 0.261737890388773 2.00699797904724 -1200
3505 6118.59502214362 6114.62590720212 0.261737967434151 2.00699820924489 -1200
3506 6118.25178595337 6105.37483353088 0.261738044479529 2.00699843944254 -1200
3507 6118.46256712261 6111.51398714613 0.261738121524908 2.0069986696402 -1200
3508 6132.31302604386 6133.77889894331 0.261738198570286 2.00699889983787 -1200
3509 6119.70662519319 6120.4641561859 0.261738275615664 2.00699913003554 -1200
3510 6128.602761677 6134.18693489049 0.261738352661042 2.00699936023321 -1200
3511 6135.85625662175 6133.53003838982 0.261738429706421 2.00699959043089 -1200
3512 6138.98936451572 6139.02227807554 0.261738506751799 2.00699982062857 -1200
3513 6147.457916156 6132.17906814615 0.261738583797177 2.00700005082626 -1200
3514 6142.61103957288 6145.84734867329 0.261738660842555 2.00700028102396 -1200
3515 6144.02657237718 6140.47870063452 0.261738737887933 2.00700051122165 -1200
3516 6139.55412524344 6154.98467700145 0.261738814933311 2.00700074141936 -1200
3517 6148.57314583462 6150.58363849762 0.261738891978689 2.00700097161706 -1200
3518 6159.31167491563 6156.32441070931 0.261738969024067 2.00700120181478 -1200
3519 6156.47279735576 6156.02853405458 0.261739046069445 2.00700143201249 -1200
3520 6172.40121126001 6164.13639567292 0.261739123114823 2.00700166221021 -1200
3521 6166.90810497769 6164.55716950355 0.261739200160201 2.00700189240794 -1200
3522 6169.16262873286 6171.64549707771 0.261739277205579 2.00700212260567 -1200
3523 6175.90741440714 6178.01432652977 0.261739354250956 2.00700235280341 -1200
3524 6186.53633628673 6163.8851525562 0.261739431296334 2.00700258300115 -1200
3525 6183.63755999978 6193.40238676132 0.261739508341712 2.00700281319889 -1200
3526 6185.25524723028 6176.53919912402 0.26173958538709 2.00700304339664 -1200
3527 6185.04812311385 6186.28892984955 0.261739662432467 2.0070032735944 -1200
3528 6185.52874605635 6190.8171968493 0.261739739477845 2.00700350379216 -1200
3529 6188.31817416032 6195.6189359806 0.261739816523223 2.00700373398992 -1200
3530 6201.33392266078 6203.72037577237 0.2617398935686 2.00700396418769 -1200
3531 6212.04531274836 6205.47004411593 0.261739970613978 2.00700419438546 -1200
3532 6214.65502892877 6207.36959897925 0.261740047659355 2.00700442458324 -1200
3533 6208.35197098387 6206.81332818582 0.261740124704733 2.00700465478103 -1200
3534 6219.66716682608 6211.48908534124 0.26174020175011 2.00700488497881 -1200
3535 6218.86727966446 6224.40335060097 0.261740278795488 2.00700511517661 -1200
3536 6215.56009267787 6225.40157473231 0.261740355840865 2.0070053453744 -1200
3537 6231.43727666097 6221.06882931789 0.261740432886243 2.0070055755722 -1200
3538 6225.42919468691 6231.283472847 0.26174050993162 2.00700580577001 -1200
3539 6229.15278759814 6221.46102163078 0.261740586976997 2.00700603596782 -1200
3540 6229.38575084513 6221.11554580397 0.261740664022375 2.00700626616564 -1200
3541 6230.4044920904 6230.55972704921 0.261740741067752 2.00700649636346 -1200
3542 6243.04414529823 6241.55347389501 0.261740818113129 2.00700672656128 -1200
3543 6241.11892673289 6236.51678958351 0.261740895158507 2.00700695675912 -1200
3544 6247.6785339185 6246.71272272766 0.261740972203884 2.00700718695695 -1200
3545 6243.46885594055 6252.07831304924 0.261741049249261 2.00700741715479 -1200
3546 6252.39709994938 6258.51947993487 0.261741126294638 2.00700764735263 -1200
3547 6254.48628000214 6251.1879479268 0.261741203340015 2.00700787755048 -1200
3548 6260.54576024335 6266.57951167074 0.261741280385392 2.00700810774834 -1200
3549 6265.23303017014 6268.07836540437 0.261741357430769 2.0070083379462 -1200
3550 6262.68782191779 6268.43971552618 0.261741434476146 2.00700856814406 -1200
3551 6282.45029447286 6261.60045259728 0.261741511521523 2.00700879834193 -1200
3552 6274.42993786504 6266.77164322502 0.2617415885669 2.0070090285398 -1200
3553 6273.29044152957 6274.31976393873 0.261741665612277 2.00700925873768 -1200
3554 6292.56207803096 6285.22603187783 0.261741742657654 2.00700948893556 -1200
3555 6281.99354469179 6279.86323207273 0.261741819703031 2.00700971913345 -1200
3556 6290.4737571047 6275.57587520395 0.261741896748408 2.00700994933134 -1200
3557 6296.15913609886 6285.22868340621 0.261741973793784 2.00701017952923 -1200
3558 6297.85130770527 6293.52352380193 0.261742050839161 2.00701040972713 -1200
3559 6289.77915668533 6297.93991658135 0.261742127884538 2.00701063992504 -1200
3560 6305.90933976137 6301.05866110657 0.261742204929915 2.00701087012295 -1200
3561 6297.12493405079 6304.17949862418 0.261742281975291 2.00701110032087 -1200
3562 6309.41603541132 6298.62156646296 0.261742359020668 2.00701133051879 -1200
3563 6313.1368656284 6305.89469298826 0.261742436066045 2.00701156071671 -1200
3564 6306.24721933833 6306.51910098546 0.261742513111421 2.00701179091464 -1200
3565 6313.80233771767 6306.0054136528 0.261742590156798 2.00701202111257 -1200
3566 6323.74736971958 6325.18914562133 0.261742667202174 2.00701225131051 -1200
3567 6320.01696714639 6327.02938714719 0.261742744247551 2.00701248150846 -1200
3568 6327.24366979708 6329.76856068792 0.261742821292927 2.0070127117064 -1200
3569 6328.66288538733 6330.90633550427 0.261742898338304 2.00701294190436 -1200
3570 6333.30885917381 6333.46433412015 0.26174297538368 2.00701317210232 -1200
3571 6330.738418971 6344.30925101125 0.261743052429057 2.00701340230028 -1200
3572 6347.51556646052 6338.26292007329 0.261743129474433 2.00701363249824 -1200
3573 6341.32914698309 6336.28992198962 0.261743206519809 2.00701386269622 -1200
3574 6348.06327015091 6346.82325117762 0.261743283565186 2.00701409289419 -1200
3575 6350.79551745513 6346.54556551219 0.261743360610562 2.00701432309217 -1200
3576 6350.05480887617 6358.05584974361 0.261743437655938 2.00701455329016 -1200
3577 6358.3476928939 6361.75029813581 0.261743514701314 2.00701478348815 -1200
3578 6349.05242696509 6362.5397646313 0.26174359174669 2.00701501368615 -1200
3579 6353.86591819724 6363.81387083017 0.261743668792067 2.00701524388415 -1200
3580 6369.2909703375 6373.60697810442 0.261743745837443 2.00701547408215 -1200
3581 6368.60099586967 6377.35193393077 0.261743822882819 2.00701570428016 -1200
3582 6376.24400398187 6374.19515073056 0.261743899928195 2.00701593447818 -1200
3583 6386.9310220181 6375.14393428401 0.261743976973571 2.00701616467619 -1200
3584 6374.74121417198 6381.57573431943 0.261744054018947 2.00701639487422 -1200
3585 6382.06903094715 6386.13386716752 0.261744131064323 2.00701662507225 -1200
3586 6389.99548225421 6387.22293202371 0.261744208109699 2.00701685527028 -1200
3587 6395.06512010379 6393.422156583 0.261744285155075 2.00701708546832 -1200
3588 6400.14956135759 6398.53112424316 0.26174436220045 2.00701731566636 -1200
3589 6391.22002854899 6401.8145041219 0.261744439245826 2.00701754586441 -1200
3590 6394.53641085452 6405.6665509406 0.261744516291202 2.00701777606246 -1200
3591 6414.1152014747 6403.35844175063 0.261744593336578 2.00701800626052 -1200
3592 6407.93048328768 6411.9805770205 0.261744670381954 2.00701823645858 -1200
3593 6407.65568878639 6407.50288579805 0.261744747427329 2.00701846665664 -1200
3594 6411.45335969598 6416.07551145726 0.261744824472705 2.00701869685472 -1200
3595 6422.31259468101 6415.22248765266 0.261744901518081 2.00701892705279 -1200
3596 6411.43915389886 6426.97646225893 0.261744978563456 2.00701915725087 -1200
3597 6430.01739615606 6421.26006062975 0.261745055608832 2.00701938744896 -1200
3598 6440.60234955997 6429.35349128428 0.261745132654208 2.00701961764705 -1200
3599 6428.74884392599 6434.43889750556 0.261745209699583 2.00701984784514 -1200
3600 6426.11441171385 6434.55668458708 0.261745286744959 2.00702007804324 -1200
3601 6435.64265745829 6439.76699271193 0.261745363790334 2.00702030824135 -1200
3602 6446.78765716879 6453.97222270299 0.26174544083571 2.00702053843945 -1200
3603 6442.70155774314 6449.07267744699 0.261745517881085 2.00702076863757 -1200
3604 6446.62889473138 6437.95769754489 0.26174559492646 2.00702099883569 -1200
3605 6451.56602779617 6451.13085219489 0.261745671971836 2.00702122903381 -1200
3606 6451.16008706239 6461.04782584367 0.261745749017211 2.00702145923194 -1200
3607 6468.65214877333 6456.74093836869 0.261745826062587 2.00702168943007 -1200
3608 6457.43464238881 6456.80771715656 0.261745903107962 2.00702191962821 -1200
3609 6471.14584461641 6469.8495027231 0.261745980153337 2.00702214982635 -1200
3610 6470.05252983764 6465.55564711238 0.261746057198712 2.00702238002449 -1200
3611 6470.93529734595 6471.83582313809 0.261746134244087 2.00702261022264 -1200
3612 6477.5597120148 6477.14717336468 0.261746211289463 2.0070228404208 -1200
3613 6469.83847560048 6477.28743626147 0.261746288334838 2.00702307061896 -1200
3614 6485.66461031864 6473.21981305347 0.261746365380213 2.00702330081713 -1200
3615 6498.14702985652 6483.90883034545 0.261746442425588 2.0070235310153 -1200
3616 6494.9448247158 6483.79138813886 0.261746519470963 2.00702376121347 -1200
3617 6496.66380408758 6488.89720996547 0.261746596516338 2.00702399141165 -1200
3618 6498.19005847905 6496.95267012181 0.261746673561713 2.00702422160984 -1200
3619 6500.93404643488 6497.67307386251 0.261746750607088 2.00702445180803 -1200
3620 6503.10845185448 6502.72114837152 0.261746827652463 2.00702468200622 -1200
3621 6508.00440385468 6502.95738218804 0.261746904697838 2.00702491220442 -1200
3622 6511.68615966339 6504.83429388052 0.261746981743213 2.00702514240262 -1200
3623 6516.12568409635 6513.88498634305 0.261747058788587 2.00702537260083 -1200
3624 6519.6505896815 6515.98477965638 0.261747135833962 2.00702560279904 -1200
3625 6519.21624227537 6522.86769811835 0.261747212879337 2.00702583299726 -1200
3626 6531.49177137306 6523.19699214227 0.261747289924712 2.00702606319548 -1200
3627 6527.31874955402 6533.49450544965 0.261747366970086 2.00702629339371 -1200
3628 6540.20019230891 6528.59686447084 0.261747444015461 2.00702652359194 -1200
3629 6527.91595533376 6532.00258350003 0.261747521060836 2.00702675379017 -1200
3630 6540.3920631432 6528.8979906545 0.26174759810621 2.00702698398842 -1200
3631 6542.53642293139 6547.71132152395 0.261747675151585 2.00702721418666 -1200
3632 6546.20156711691 6543.75067389322 0.26174775219696 2.00702744438491 -1200
3633 6551.67592487746 6549.27079371823 0.261747829242334 2.00702767458317 -1200
3634 6553.1439474043 6553.31434761133 0.261747906287709 2.00702790478143 -1200
3635 6551.74955768514 6554.78105161633 0.261747983333083 2.00702813497969 -1200
3636 6547.97424038409 6555.2704063179 0.261748060378458 2.00702836517796 -1200
3637 6561.39757168124 6561.5602414835 0.261748137423832 2.00702859537624 -1200
3638 6558.79118297503 6565.8628930012 0.261748214469206 2.00702882557451 -1200
3639 6568.31817807352 6567.56743762175 0.261748291514581 2.0070290557728 -1200
3640 6567.00723362893 6563.88607021048 0.261748368559955 2.00702928597109 -1200
3641 6578.39891052289 6578.65614775613 0.261748445605329 2.00702951616938 -1200
3642 6574.99242551821 6575.39603428291 0.261748522650704 2.00702974636768 -1200
3643 6573.98569334818 6574.76943651599 0.261748599696078 2.00702997656598 -1200
3644 6583.53330699421 6588.19981087445 0.261748676741452 2.00703020676429 -1200
3645 6595.49342133822 6581.25834779597 0.261748753786826 2.0070304369626 -1200
3646 6592.55803074352 6589.86214055912 0.2617488308322 2.00703066716091 -1200
3647 6587.2864890624 6592.29098311284 0.261748907877575 2.00703089735923 -1200
3648 6597.29072673235 6593.35026532669 0.261748984922949 2.00703112755756 -1200
3649 6604.05833512466 6599.49709970392 0.261749061968323 2.00703135775589 -1200
3650 6608.68649017166 6601.80996667799 0.261749139013697 2.00703158795423 -1200
3651 6610.07712832955 6610.4873684796 0.261749216059071 2.00703181815257 -1200
3652 6613.09817371225 6616.55737857373 0.261749293104445 2.00703204835091 -1200
3653 6610.65293522033 6620.61128143506 0.261749370149819 2.00703227854926 -1200
3654 6629.21799197921 6614.14882196758 0.261749447195193 2.00703250874762 -1200
3655 6625.26005218264 6620.59117074537 0.261749524240566 2.00703273894597 -1200
3656 6625.9324434846 6629.31343402639 0.26174960128594 2.00703296914434 -1200
3657 6627.99332810955 6626.54703726255 0.261749678331314 2.00703319934271 -1200
3658 6628.51729322542 6629.93731014391 0.261749755376688 2.00703342954108 -1200
3659 6632.17970836958 6639.91833388714 0.261749832422062 2.00703365973946 -1200
3660 6631.86348291793 6642.62679296696 0.261749909467435 2.00703388993784 -1200
