1 10000 10000 0.636093593261764 2.10812062685213 15.25
2 10000 10000 0.636093593261764 2.10812062685213 15.25
3 10000 10000 0.636093593261764 2.10812062685213 15.25
4 10000 10000 0.636093593261764 2.10812062685213 15.25
5 10000 10000 0.636093593261764 2.10812062685213 15.25
6 10000 10000 0.636093593261764 2.10812062685213 15.25
7 10000 10000 0.636093593261764 2.10812062685213 15.25
8 10000 10000 0.636093593261764 2.10812062685213 15.25
9 10000 10000 0.636093593261764 2.10812062685213 15.25
10 10000 10000 0.636093593261764 2.10812062685213 15.25
11 10000 10000 0.636093593261764 2.10812062685213 15.25
12 10000 10000 0.636093593261764 2.10812062685213 15.25
13 10000 10000 0.636093593261764 2.10812062685213 15.25
14 10000 10000 0.636093593261764 2.10812062685213 15.25
15 10000 10000 0.636093593261764 2.10812062685213 15.25
16 10000 10000 0.636093593261764 2.10812062685213 15.25
17 10000 10000 0.636093593261764 2.10812062685213 15.25
18 10000 10000 0.636093593261764 2.10812062685213 15.25
19 10000 10000 0.636093593261764 2.10812062685213 15.25
20 10000 10000 0.636093593261764 2.10812062685213 15.25
21 10000 10000 0.636093593261764 2.10812062685213 15.25
22 10000 10000 0.636093593261764 2.10812062685213 15.25
23 10000 10000 0.636093593261764 2.10812062685213 15.25
24 10000 10000 0.636093593261764 2.10812062685213 15.25
25 10000 10000 0.636093593261764 2.10812062685213 15.25
26 10000 10000 0.636093593261764 2.10812062685213 15.25
27 10000 10000 0.636093593261764 2.10812062685213 15.25
28 10000 10000 0.636093593261764 2.10812062685213 15.25
29 10000 10000 0.636093593261764 2.10812062685213 15.25
30 10000 10000 0.636093593261764 2.10812062685213 15.25
31 10000 10000 0.636093593261764 2.10812062685213 15.25
32 10000 10000 0.636093593261764 2.10812062685213 15.25
33 10000 10000 0.636093593261764 2.10812062685213 15.25
34 10000 10000 0.636093593261764 2.10812062685213 15.25
35 10000 10000 0.636093593261764 2.10812062685213 15.25
36 10000 10000 0.636093593261764 2.10812062685213 15.25
37 10000 10000 0.636093593261764 2.10812062685213 15.25
38 10000 10000 0.636093593261764 2.10812062685213 15.25
39 10000 10000 0.636093593261764 2.10812062685213 15.25
40 10000.0329233628 10000.0329233628 0.636093593261764 2.10812062685213 15.25
41 10000.166677867 10000.166677867 0.636093593261764 2.10812062685213 15.25
42 10000.4033335979 10000.4033335979 0.636093593261764 2.10812062685213 15.25
43 10000.7429124636 10000.7429124636 0.636093593261764 2.10812062685213 15.25
44 10001.1854458926 10001.1854458926 0.636093593261764 2.10812062685213 15.25
45 10001.7309748303 10001.7309748303 0.636093593261764 2.10812062685213 15.25
46 10002.3795497313 10002.3795497313 0.636093593261764 2.10812062685213 15.25
47 10003.1312305517 10003.1312305517 0.636093593261764 2.10812062685213 15.25
48 10003.9860867406 10003.9860867406 0.636093593261764 2.10812062685213 15.25
49 10004.9441972285 10004.9441972285 0.636093593261764 2.10812062685213 15.25
50 10005.972668177 10005.972668177 0.636093593261764 2.10812062685213 15.25
51 10007.0035168631 10007.0035168631 0.636093593261764 2.10812062685213 15.25
52 10008.0346824395 10008.0346824395 0.636093593261764 2.10812062685213 15.25
53 10009.0661648081 10009.0661648081 0.636093593261764 2.10812062685213 15.25
54 10010.0979638714 10010.0979638714 0.636093593261764 2.10812062685213 15.25
55 10011.1300795304 10011.1300795304 0.636093593261764 2.10812062685213 15.25
56 10012.1625116883 10012.1625116883 0.636093593261764 2.10812062685213 15.25
57 10013.1952602467 10013.1952602467 0.636093593261764 2.10812062685213 15.25
58 10014.2283251079 10014.2283251079 0.636093593261764 2.10812062685213 15.25
59 10015.2617061816 10015.2617061816 0.636093593261764 2.10812062685213 15.25
60 10016.29540339 10016.29540339 0.636093593261764 2.10812062685213 15.25
61 10017.3294166075 10017.3294166075 0.636093593261764 2.10812062685213 15.25
62 10018.3637457363 10018.3637457363 0.636093593261764 2.10812062685213 15.25
63 10019.3983906784 10019.3983906784 0.636093593261764 2.10812062685213 15.25
64 10020.4333513362 10020.4333513362 0.636093593261764 2.10812062685213 15.25
65 10021.4686276117 10021.4686276117 0.636093593261764 2.10812062685213 15.25
66 10022.5042194075 10022.5042194075 0.636093593261764 2.10812062685213 15.25
67 10023.5401266248 10023.5401266248 0.636093593261764 2.10812062685213 15.25
68 10024.5763491667 10024.5763491667 0.636093593261764 2.10812062685213 15.25
69 10025.6128869353 10025.6128869353 0.636093593261764 2.10812062685213 15.25
70 10026.6497398398 10026.6497398398 0.636093593261764 2.10812062685213 15.25
71 10027.6869078039 10027.6869078039 0.636093593261764 2.10812062685213 15.25
72 10028.7243907013 10028.7243907013 0.636093593261764 2.10812062685213 15.25
73 10029.7621884342 10029.7621884342 0.636093593261764 2.10812062685213 15.25
74 10030.8003009048 10030.8003009048 0.636093593261764 2.10812062685213 15.25
75 10031.8387280162 10031.8387280162 0.636093593261764 2.10812062685213 15.25
76 10032.8774696697 10032.8774696697 0.636093593261764 2.10812062685213 15.25
77 10033.916525768 10033.916525768 0.636093593261764 2.10812062685213 15.25
78 10034.9558962134 10034.9558962134 0.636093593261764 2.10812062685213 15.25
79 10035.9955809082 10035.9955809082 0.636093593261764 2.10812062685213 15.25
80 10037.0355797548 10037.0355797548 0.636093593261764 2.10812062685213 15.25
81 10038.075892662 10038.075892662 0.636093593261764 2.10812062685213 15.25
82 10039.1165195549 10039.1165195549 0.636093593261764 2.10812062685213 15.25
83 10040.1574603067 10040.1574603067 0.636093593261764 2.10812062685213 15.25
84 10041.1987148198 10041.1987148198 0.636093593261764 2.10812062685213 15.25
85 10042.2402829965 10042.2402829965 0.636093593261764 2.10812062685213 15.25
86 10043.282164739 10043.282164739 0.636093593261764 2.10812062685213 15.25
87 10044.3243599506 10044.3243599506 0.636093593261764 2.10812062685213 15.25
88 10045.3668685328 10045.3668685328 0.636093593261764 2.10812062685213 15.25
89 10046.4096903884 10046.4096903884 0.636093593261764 2.10812062685213 15.25
90 10047.4528254198 10047.4528254198 0.636093593261764 2.10812062685213 15.25
91 10048.4962735295 10048.4962735295 0.636093593261764 2.10812062685213 15.25
92 10049.5400346253 10049.5400346253 0.636093593261764 2.10812062685213 15.25
93 10050.5841086345 10050.5841086345 0.636093593261764 2.10812062685213 15.25
94 10051.6284954301 10051.6284954301 0.636093593261764 2.10812062685213 15.25
95 10052.6731949136 10052.6731949136 0.636093593261764 2.10812062685213 15.25
96 10053.7182069879 10053.7182069879 0.636093593261764 2.10812062685213 15.25
97 10054.7635315556 10054.7635315556 0.636093593261764 2.10812062685213 15.25
98 10055.8091685191 10055.8091685191 0.636093593261764 2.10812062685213 15.25
99 10056.855117781 10056.855117781 0.636093593261764 2.10812062685213 15.25
100 10057.9013792439 10057.9013792439 0.636093593261764 2.10812062685213 15.25
101 10058.9479528104 10058.9479528104 0.636093593261764 2.10812062685213 15.25
102 10059.994838383 10059.994838383 0.636093593261764 2.10812062685213 15.25
103 10061.042035869 10061.042035869 0.636093593261764 2.10812062685213 15.25
104 10062.0895451977 10062.0895451977 0.636093593261764 2.10812062685213 15.25
105 10063.1373662403 10063.1373662403 0.636093593261764 2.10812062685213 15.25
106 10064.1854988996 10064.1854988996 0.636093593261764 2.10812062685213 15.25
107 10065.2339430782 10065.2339430782 0.636093593261764 2.10812062685213 15.25
108 10066.2826986788 10066.2826986788 0.636093593261764 2.10812062685213 15.25
109 10067.3317656039 10067.3317656039 0.636093593261764 2.10812062685213 15.25
110 10068.3811437564 10068.3811437564 0.636093593261764 2.10812062685213 15.25
111 10069.4308330388 10069.4308330388 0.636093593261764 2.10812062685213 15.25
112 10070.4808333539 10070.4808333539 0.636093593261764 2.10812062685213 15.25
113 10071.5311446045 10071.5311446045 0.636093593261764 2.10812062685213 15.25
114 10072.5817666968 10072.5817666968 0.636093593261764 2.10812062685213 15.25
115 10073.6326995624 10073.6326995624 0.636093593261764 2.10812062685213 15.25
116 10074.6839430716 10074.6839430716 0.636093593261764 2.10812062685213 15.25
117 10075.7354971273 10075.7354971273 0.636093593261764 2.10812062685213 15.25
118 10076.7873616319 10076.7873616319 0.636093593261764 2.10812062685213 15.25
119 10077.8395364891 10077.8395364891 0.636093593261764 2.10812062685213 15.25
120 10078.8920216007 10078.8920216007 0.636093593261764 2.10812062685213 15.25
121 10079.9448168699 10079.9448168699 0.636093593261764 2.10812062685213 15.25
122 10080.9979221996 10080.9979221996 0.636093593261764 2.10812062685213 15.25
123 10082.0513374925 10082.0513374925 0.636093593261764 2.10812062685213 15.25
124 10083.1050626515 10083.1050626515 0.636093593261764 2.10812062685213 15.25
125 10084.1590975823 10084.1590975823 0.636093593261764 2.10812062685213 15.25
126 10085.2134422182 10085.2134422182 0.636093593261764 2.10812062685213 15.25
127 10086.2680964293 10086.2680964293 0.636093593261764 2.10812062685213 15.25
128 10087.3230601172 10087.3230601172 0.636093593261764 2.10812062685213 15.25
129 10088.3783331861 10088.3783331861 0.636093593261764 2.10812062685213 15.25
130 10089.4339155384 10089.4339155384 0.636093593261764 2.10812062685213 15.25
131 10090.4898070771 10090.4898070771 0.636093593261764 2.10812062685213 15.25
132 10091.5460077047 10091.5460077047 0.636093593261764 2.10812062685213 15.25
133 10092.6025173254 10092.6025173254 0.636093593261764 2.10812062685213 15.25
134 10093.659335841 10093.659335841 0.636093593261764 2.10812062685213 15.25
135 10094.7164631548 10094.7164631548 0.636093593261764 2.10812062685213 15.25
136 10095.773899172 10095.773899172 0.636093593261764 2.10812062685213 15.25
137 10096.8316438276 10096.8316438276 0.636093593261764 2.10812062685213 15.25
138 10097.8896969904 10097.8896969904 0.636093593261764 2.10812062685213 15.25
139 10098.9480585636 10098.9480585636 0.636093593261764 2.10812062685213 15.25
140 10100.0067284501 10100.0067284501 0.636093593261764 2.10812062685213 15.25
141 10101.065706553 10101.065706553 0.636093593261764 2.10812062685213 15.25
142 10102.1249927754 10102.1249927754 0.636093593261764 2.10812062685213 15.25
143 10103.1845870203 10103.1845870203 0.636093593261764 2.10812062685213 15.25
144 10104.2444891909 10104.2444891909 0.636093593261764 2.10812062685213 15.25
145 10105.3046991902 10105.3046991902 0.636093593261764 2.10812062685213 15.25
146 10106.3652169214 10106.3652169214 0.636093593261764 2.10812062685213 15.25
147 10107.4260422887 10107.4260422887 0.636093593261764 2.10812062685213 15.25
148 10108.4871752295 10108.4871752295 0.636093593261764 2.10812062685213 15.25
149 10109.5486156115 10109.5486156115 0.636093593261764 2.10812062685213 15.25
150 10110.6103633385 10110.6103633385 0.636093593261764 2.10812062685213 15.25
151 10111.6724183123 10111.6724183123 0.636093593261764 2.10812062685213 15.25
152 10112.7347804374 10112.7347804374 0.636093593261764 2.10812062685213 15.25
153 10113.7974496165 10113.7974496165 0.636093593261764 2.10812062685213 15.25
154 10114.860425753 10114.860425753 0.636093593261764 2.10812062685213 15.25
155 10115.9237087499 10115.9237087499 0.636093593261764 2.10812062685213 15.25
156 10116.9872985106 10116.9872985106 0.636093593261764 2.10812062685213 15.25
157 10118.0511949384 10118.0511949384 0.636093593261764 2.10812062685213 15.25
158 10119.1153979367 10119.1153979367 0.636093593261764 2.10812062685213 15.25
159 10120.1799074448 10120.1799074448 0.636093593261764 2.10812062685213 15.25
160 10121.2447233298 10121.2447233298 0.636093593261764 2.10812062685213 15.25
161 10122.309845495 10122.309845495 0.636093593261764 2.10812062685213 15.25
162 10123.3752738437 10123.3752738437 0.636093593261764 2.10812062685213 15.25
163 10124.4410082793 10124.4410082793 0.636093593261764 2.10812062685213 15.25
164 10125.507048705 10125.507048705 0.636093593261764 2.10812062685213 15.25
165 10126.5733950243 10126.5733950243 0.636093593261764 2.10812062685213 15.25
166 10127.6400471405 10127.6400471405 0.636093593261764 2.10812062685213 15.25
167 10128.7070049571 10128.7070049571 0.636093593261764 2.10812062685213 15.25
168 10129.7742683773 10129.7742683773 0.636093593261764 2.10812062685213 15.25
169 10130.8418373047 10130.8418373047 0.636093593261764 2.10812062685213 15.25
170 10131.9097116789 10131.9097116789 0.636093593261764 2.10812062685213 15.25
171 10132.9778913675 10132.9778913675 0.636093593261764 2.10812062685213 15.25
172 10134.0463762735 10134.0463762735 0.636093593261764 2.10812062685213 15.25
173 10135.1151663005 10135.1151663005 0.636093593261764 2.10812062685213 15.25
174 10136.1842613518 10136.1842613518 0.636093593261764 2.10812062685213 15.25
175 10137.2536613311 10137.2536613311 0.636093593261764 2.10812062685213 15.25
176 10138.3233661417 10138.3233661417 0.636093593261764 2.10812062685213 15.25
177 10139.3933756873 10139.3933756873 0.636093593261764 2.10812062685213 15.25
178 10140.4636898713 10140.4636898713 0.636093593261764 2.10812062685213 15.25
179 10141.5343085973 10141.5343085973 0.636093593261764 2.10812062685213 15.25
180 10142.6052317688 10142.6052317688 0.636093593261764 2.10812062685213 15.25
181 10143.6764593251 10143.6764593251 0.636093593261764 2.10812062685213 15.25
182 10144.7479911352 10144.7479911352 0.636093593261764 2.10812062685213 15.25
183 10145.8198271017 10145.8198271017 0.636093593261764 2.10812062685213 15.25
184 10146.8919671277 10146.8919671277 0.636093593261764 2.10812062685213 15.25
185 10147.9644111176 10147.9644111176 0.636093593261764 2.10812062685213 15.25
186 10149.0371589747 10149.0371589747 0.636093593261764 2.10812062685213 15.25
187 10150.1102106026 10150.1102106026 0.636093593261764 2.10812062685213 15.25
188 10151.1835659051 10151.1835659051 0.636093593261764 2.10812062685213 15.25
189 10152.2572247857 10152.2572247857 0.636093593261764 2.10812062685213 15.25
190 10153.3311871482 10153.3311871482 0.636093593261764 2.10812062685213 15.25
191 10154.4054528962 10154.4054528962 0.636093593261764 2.10812062685213 15.25
192 10155.4800219682 10155.4800219682 0.636093593261764 2.10812062685213 15.25
193 10156.5548942355 10156.5548942355 0.636093593261764 2.10812062685213 15.25
194 10157.6300695995 10157.6300695995 0.636093593261764 2.10812062685213 15.25
195 10158.7055479638 10158.7055479638 0.636093593261764 2.10812062685213 15.25
196 10159.7813292331 10159.7813292331 0.636093593261764 2.10812062685213 15.25
197 10160.8574133105 10160.8574133105 0.636093593261764 2.10812062685213 15.25
198 10161.933800099 10161.933800099 0.636093593261764 2.10812062685213 15.25
199 10163.0104895037 10163.0104895037 0.636093593261764 2.10812062685213 15.25
200 10164.0874814279 10164.0874814279 0.636093593261764 2.10812062685213 15.25
201 10165.1647757755 10165.1647757755 0.636093593261764 2.10812062685213 15.25
202 10166.2423724503 10166.2423724503 0.636093593261764 2.10812062685213 15.25
203 10167.3202713899 10167.3202713899 0.636093593261764 2.10812062685213 15.25
204 10168.3984724678 10168.3984724678 0.636093593261764 2.10812062685213 15.25
205 10169.4769755847 10169.4769755847 0.636093593261764 2.10812062685213 15.25
206 10170.5557806444 10170.5557806444 0.636093593261764 2.10812062685213 15.25
207 10171.6348875511 10171.6348875511 0.636093593261764 2.10812062685213 15.25
208 10172.7142962079 10172.7142962079 0.636093593261764 2.10812062685213 15.25
209 10173.7940065196 10173.7940065196 0.636093593261764 2.10812062685213 15.25
210 10174.8740183899 10174.8740183899 0.636093593261764 2.10812062685213 15.25
211 10175.9543317228 10175.9543317228 0.636093593261764 2.10812062685213 15.25
212 10177.0349464223 10177.0349464223 0.636093593261764 2.10812062685213 15.25
213 10178.1158623923 10178.1158623923 0.636093593261764 2.10812062685213 15.25
214 10179.19707957 10179.19707957 0.636093593261764 2.10812062685213 15.25
215 10180.2785978304 10180.2785978304 0.636093593261764 2.10812062685213 15.25
216 10181.3604170735 10181.3604170735 0.636093593261764 2.10812062685213 15.25
217 10182.4425372034 10182.4425372034 0.636093593261764 2.10812062685213 15.25
218 10183.5249581242 10183.5249581242 0.636093593261764 2.10812062685213 15.25
219 10184.6076797398 10184.6076797398 0.636093593261764 2.10812062685213 15.25
220 10185.6907019546 10185.6907019546 0.636093593261764 2.10812062685213 15.25
221 10186.7740246724 10186.7740246724 0.636093593261764 2.10812062685213 15.25
222 10187.8576477976 10187.8576477976 0.636093593261764 2.10812062685213 15.25
223 10188.9415712343 10188.9415712343 0.636093593261764 2.10812062685213 15.25
224 10190.0257948869 10190.0257948869 0.636093593261764 2.10812062685213 15.25
225 10191.1103186909 10191.1103186909 0.636093593261764 2.10812062685213 15.25
226 10192.1951425242 10192.1951425242 0.636093593261764 2.10812062685213 15.25
227 10193.2802662856 10193.2802662856 0.636093593261764 2.10812062685213 15.25
228 10194.3656898795 10194.3656898795 0.636093593261764 2.10812062685213 15.25
229 10195.4514132097 10195.4514132097 0.636093593261764 2.10812062685213 15.25
230 10196.5374361815 10196.5374361815 0.636093593261764 2.10812062685213 15.25
231 10197.6237586981 10197.6237586981 0.636093593261764 2.10812062685213 15.25
232 10198.7103806642 10198.7103806642 0.636093593261764 2.10812062685213 15.25
233 10199.797301984 10199.797301984 0.636093593261764 2.10812062685213 15.25
234 10200.8845225619 10200.8845225619 0.636093593261764 2.10812062685213 15.25
235 10201.9720423021 10201.9720423021 0.636093593261764 2.10812062685213 15.25
236 10203.05986114 10203.05986114 0.636093593261764 2.10812062685213 15.25
237 10204.1479789557 10204.1479789557 0.636093593261764 2.10812062685213 15.25
238 10205.2363956465 10205.2363956465 0.636093593261764 2.10812062685213 15.25
239 10206.3251111171 10206.3251111171 0.636093593261764 2.10812062685213 15.25
240 10207.4141252718 10207.4141252718 0.636093593261764 2.10812062685213 15.25
241 10208.5034380152 10208.5034380152 0.636093593261764 2.10812062685213 15.25
242 10209.5930492517 10209.5930492517 0.636093593261764 2.10812062685213 15.25
243 10210.6829588856 10210.6829588856 0.636093593261764 2.10812062685213 15.25
244 10211.7731668215 10211.7731668215 0.636093593261764 2.10812062685213 15.25
245 10212.8636729637 10212.8636729637 0.636093593261764 2.10812062685213 15.25
246 10213.9544772168 10213.9544772168 0.636093593261764 2.10812062685213 15.25
247 10215.045579516 10215.045579516 0.636093593261764 2.10812062685213 15.25
248 10216.1369797419 10216.1369797419 0.636093593261764 2.10812062685213 15.25
249 10217.2286777921 10217.2286777921 0.636093593261764 2.10812062685213 15.25
250 10218.3206735713 10218.3206735713 0.636093593261764 2.10812062685213 15.25
251 10219.4129669841 10219.4129669841 0.636093593261764 2.10812062685213 15.25
252 10220.5055579349 10220.5055579349 0.636093593261764 2.10812062685213 15.25
253 10221.5984463284 10221.5984463284 0.636093593261764 2.10812062685213 15.25
254 10222.6916320692 10222.6916320692 0.636093593261764 2.10812062685213 15.25
255 10223.7851150619 10223.7851150619 0.636093593261764 2.10812062685213 15.25
256 10224.8788952111 10224.8788952111 0.636093593261764 2.10812062685213 15.25
257 10225.9729724218 10225.9729724218 0.636093593261764 2.10812062685213 15.25
258 10227.0673466276 10227.0673466276 0.636093593261764 2.10812062685213 15.25
259 10228.1620177119 10228.1620177119 0.636093593261764 2.10812062685213 15.25
260 10229.2569855713 10229.2569855713 0.636093593261764 2.10812062685213 15.25
261 10230.3522501106 10230.3522501106 0.636093593261764 2.10812062685213 15.25
262 10231.4478112346 10231.4478112346 0.636093593261764 2.10812062685213 15.25
263 10232.5436688479 10232.5436688479 0.636093593261764 2.10812062685213 15.25
264 10233.6398228549 10233.6398228549 0.636093593261764 2.10812062685213 15.25
265 10234.7362731616 10234.7362731616 0.636093593261764 2.10812062685213 15.25
266 10235.8330196715 10235.8330196715 0.636093593261764 2.10812062685213 15.25
267 10236.9300622903 10236.9300622903 0.636093593261764 2.10812062685213 15.25
268 10238.0274009215 10238.0274009215 0.636093593261764 2.10812062685213 15.25
269 10239.1250355002 10239.1250355002 0.636093593261764 2.10812062685213 15.25
270 10240.2229659105 10240.2229659105 0.636093593261764 2.10812062685213 15.25
271 10241.3211920486 10241.3211920486 0.636093593261764 2.10812062685213 15.25
272 10242.419713819 10242.419713819 0.636093593261764 2.10812062685213 15.25
273 10243.5185311276 10243.5185311276 0.636093593261764 2.10812062685213 15.25
274 10244.6176438783 10244.6176438783 0.636093593261764 2.10812062685213 15.25
275 10245.7170519764 10245.7170519764 0.636093593261764 2.10812062685213 15.25
276 10246.8167553268 10246.8167553268 0.636093593261764 2.10812062685213 15.25
277 10247.9167538347 10247.9167538347 0.636093593261764 2.10812062685213 15.25
278 10249.0170474041 10249.0170474041 0.636093593261764 2.10812062685213 15.25
279 10250.1176359411 10250.1176359411 0.636093593261764 2.10812062685213 15.25
280 10251.2185193785 10251.2185193785 0.636093593261764 2.10812062685213 15.25
281 10252.3196976026 10252.3196976026 0.636093593261764 2.10812062685213 15.25
282 10253.4211705089 10253.4211705089 0.636093593261764 2.10812062685213 15.25
283 10254.5229380028 10254.5229380028 0.636093593261764 2.10812062685213 15.25
284 10255.6249999882 10255.6249999882 0.636093593261764 2.10812062685213 15.25
285 10256.7273563714 10256.7273563714 0.636093593261764 2.10812062685213 15.25
286 10257.8300070571 10257.8300070571 0.636093593261764 2.10812062685213 15.25
287 10258.9329519499 10258.9329519499 0.636093593261764 2.10812062685213 15.25
288 10260.0361909562 10260.0361909562 0.636093593261764 2.10812062685213 15.25
289 10261.1397239798 10261.1397239798 0.636093593261764 2.10812062685213 15.25
290 10262.2435509265 10262.2435509265 0.636093593261764 2.10812062685213 15.25
291 10263.3476717285 10263.3476717285 0.636093593261764 2.10812062685213 15.25
292 10264.4520862744 10264.4520862744 0.636093593261764 2.10812062685213 15.25
293 10265.5567944588 10265.5567944588 0.636093593261764 2.10812062685213 15.25
294 10266.6617961869 10266.6617961869 0.636093593261764 2.10812062685213 15.25
295 10267.7670913639 10267.7670913639 0.636093593261764 2.10812062685213 15.25
296 10268.8726798951 10268.8726798951 0.636093593261764 2.10812062685213 15.25
297 10269.9785616854 10269.9785616854 0.636093593261764 2.10812062685213 15.25
298 10271.0847366411 10271.0847366411 0.636093593261764 2.10812062685213 15.25
299 10272.1912046664 10272.1912046664 0.636093593261764 2.10812062685213 15.25
300 10273.297965667 10273.297965667 0.636093593261764 2.10812062685213 15.25
301 10274.4050195485 10274.4050195485 0.636093593261764 2.10812062685213 15.25
302 10275.5123662419 10275.5123662419 0.636093593261764 2.10812062685213 15.25
303 10276.6200056383 10276.6200056383 0.636093593261764 2.10812062685213 15.25
304 10277.7279376314 10277.7279376314 0.636093593261764 2.10812062685213 15.25
305 10278.8361621265 10278.8361621265 0.636093593261764 2.10812062685213 15.25
306 10279.9446790291 10279.9446790291 0.636093593261764 2.10812062685213 15.25
307 10281.0534882446 10281.0534882446 0.636093593261764 2.10812062685213 15.25
308 10282.1625896783 10282.1625896783 0.636093593261764 2.10812062685213 15.25
309 10283.2719832358 10283.2719832358 0.636093593261764 2.10812062685213 15.25
310 10284.3816688225 10284.3816688225 0.636093593261764 2.10812062685213 15.25
311 10285.4916463442 10285.4916463442 0.636093593261764 2.10812062685213 15.25
312 10286.6019157053 10286.6019157053 0.636093593261764 2.10812062685213 15.25
313 10287.7124768384 10287.7124768384 0.636093593261764 2.10812062685213 15.25
314 10288.8233296349 10288.8233296349 0.636093593261764 2.10812062685213 15.25
315 10289.9344739882 10289.9344739882 0.636093593261764 2.10812062685213 15.25
316 10291.0459098038 10291.0459098038 0.636093593261764 2.10812062685213 15.25
317 10292.1576369872 10292.1576369872 0.636093593261764 2.10812062685213 15.25
318 10293.2696554445 10293.2696554445 0.636093593261764 2.10812062685213 15.25
319 10294.3819650801 10294.3819650801 0.636093593261764 2.10812062685213 15.25
320 10295.4945658009 10295.4945658009 0.636093593261764 2.10812062685213 15.25
321 10296.6074575115 10296.6074575115 0.636093593261764 2.10812062685213 15.25
322 10297.7206401189 10297.7206401189 0.636093593261764 2.10812062685213 15.25
323 10298.8341135276 10298.8341135276 0.636093593261764 2.10812062685213 15.25
324 10299.9478776685 10299.9478776685 0.636093593261764 2.10812062685213 15.25
325 10301.0619324358 10301.0619324358 0.636093593261764 2.10812062685213 15.25
326 10302.1762777219 10302.1762777219 0.636093593261764 2.10812062685213 15.25
327 10303.2909134325 10303.2909134325 0.636093593261764 2.10812062685213 15.25
328 10304.4058394733 10304.4058394733 0.636093593261764 2.10812062685213 15.25
329 10305.5210557502 10305.5210557502 0.636093593261764 2.10812062685213 15.25
330 10306.6365621689 10306.6365621689 0.636093593261764 2.10812062685213 15.25
331 10307.7523586353 10307.7523586353 0.636093593261764 2.10812062685213 15.25
332 10308.868445055 10308.868445055 0.636093593261764 2.10812062685213 15.25
333 10309.984821334 10309.984821334 0.636093593261764 2.10812062685213 15.25
334 10311.1014873781 10311.1014873781 0.636093593261764 2.10812062685213 15.25
335 10312.2184431173 10312.2184431173 0.636093593261764 2.10812062685213 15.25
336 10313.335688448 10313.335688448 0.636093593261764 2.10812062685213 15.25
337 10314.4532232606 10314.4532232606 0.636093593261764 2.10812062685213 15.25
338 10315.5710474623 10315.5710474623 0.636093593261764 2.10812062685213 15.25
339 10316.6891609586 10316.6891609586 0.636093593261764 2.10812062685213 15.25
340 10317.8075636555 10317.8075636555 0.636093593261764 2.10812062685213 15.25
341 10318.9262554589 10318.9262554589 0.636093593261764 2.10812062685213 15.25
342 10320.0452362748 10320.0452362748 0.636093593261764 2.10812062685213 15.25
343 10321.1645060092 10321.1645060092 0.636093593261764 2.10812062685213 15.25
344 10322.284064568 10322.284064568 0.636093593261764 2.10812062685213 15.25
345 10323.4039118574 10323.4039118574 0.636093593261764 2.10812062685213 15.25
346 10324.5240478065 10324.5240478065 0.636093593261764 2.10812062685213 15.25
347 10325.6444723135 10325.6444723135 0.636093593261764 2.10812062685213 15.25
348 10326.7651852693 10326.7651852693 0.636093593261764 2.10812062685213 15.25
349 10327.8861865803 10327.8861865803 0.636093593261764 2.10812062685213 15.25
350 10329.0074761515 10329.0074761515 0.636093593261764 2.10812062685213 15.25
351 10330.1290538902 10330.1290538902 0.636093593261764 2.10812062685213 15.25
352 10331.250919702 10331.250919702 0.636093593261764 2.10812062685213 15.25
353 10332.3730734932 10332.3730734932 0.636093593261764 2.10812062685213 15.25
354 10333.49551517 10333.49551517 0.636093593261764 2.10812062685213 15.25
355 10334.6182446386 10334.6182446386 0.636093593261764 2.10812062685213 15.25
356 10335.741261805 10335.741261805 0.636093593261764 2.10812062685213 15.25
357 10336.8645665984 10336.8645665984 0.636093593261764 2.10812062685213 15.25
358 10337.9881589177 10337.9881589177 0.636093593261764 2.10812062685213 15.25
359 10339.1120386541 10339.1120386541 0.636093593261764 2.10812062685213 15.25
360 10340.2362057134 10340.2362057134 0.636093593261764 2.10812062685213 15.25
361 10341.3606600021 10341.3606600021 0.636093593261764 2.10812062685213 15.25
362 10342.4854014263 10342.4854014263 0.636093593261764 2.10812062685213 15.25
363 10343.6104298925 10343.6104298925 0.636093593261764 2.10812062685213 15.25
364 10344.7357453069 10344.7357453069 0.636093593261764 2.10812062685213 15.25
365 10345.861347576 10345.861347576 0.636093593261764 2.10812062685213 15.25
366 10346.987236606 10346.987236606 0.636093593261764 2.10812062685213 15.25
367 10348.1134123035 10348.1134123035 0.636093593261764 2.10812062685213 15.25
368 10349.2398745961 10349.2398745961 0.636093593261764 2.10812062685213 15.25
369 10350.3666233863 10350.3666233863 0.636093593261764 2.10812062685213 15.25
370 10351.4936585633 10351.4936585633 0.636093593261764 2.10812062685213 15.25
371 10352.6209800334 10352.6209800334 0.636093593261764 2.10812062685213 15.25
372 10353.7485877032 10353.7485877032 0.636093593261764 2.10812062685213 15.25
373 10354.8764814791 10354.8764814791 0.636093593261764 2.10812062685213 15.25
374 10356.0046612678 10356.0046612678 0.636093593261764 2.10812062685213 15.25
375 10357.1331269756 10357.1331269756 0.636093593261764 2.10812062685213 15.25
376 10358.2618785092 10358.2618785092 0.636093593261764 2.10812062685213 15.25
377 10359.3909157751 10359.3909157751 0.636093593261764 2.10812062685213 15.25
378 10360.5202386799 10360.5202386799 0.636093593261764 2.10812062685213 15.25
379 10361.6498471508 10361.6498471508 0.636093593261764 2.10812062685213 15.25
380 10362.7797410917 10362.7797410917 0.636093593261764 2.10812062685213 15.25
381 10363.9099203921 10363.9099203921 0.636093593261764 2.10812062685213 15.25
382 10365.0403849575 10365.0403849575 0.636093593261764 2.10812062685213 15.25
383 10366.171134695 10366.171134695 0.636093593261764 2.10812062685213 15.25
384 10367.3021695114 10367.3021695114 0.636093593261764 2.10812062685213 15.25
385 10368.4334893132 10368.4334893132 0.636093593261764 2.10812062685213 15.25
386 10369.5650940072 10369.5650940072 0.636093593261764 2.10812062685213 15.25
387 10370.6969835002 10370.6969835002 0.636093593261764 2.10812062685213 15.25
388 10371.8291576988 10371.8291576988 0.636093593261764 2.10812062685213 15.25
389 10372.96161651 10372.96161651 0.636093593261764 2.10812062685213 15.25
390 10374.0943598602 10374.0943598602 0.636093593261764 2.10812062685213 15.25
391 10375.2273876555 10375.2273876555 0.636093593261764 2.10812062685213 15.25
392 10376.3606997838 10376.3606997838 0.636093593261764 2.10812062685213 15.25
393 10377.4942961518 10377.4942961518 0.636093593261764 2.10812062685213 15.25
394 10378.6281766664 10378.6281766664 0.636093593261764 2.10812062685213 15.25
395 10379.7623412346 10379.7623412346 0.636093593261764 2.10812062685213 15.25
396 10380.8967897631 10380.8967897631 0.636093593261764 2.10812062685213 15.25
397 10382.0315221589 10382.0315221589 0.636093593261764 2.10812062685213 15.25
398 10383.1665383289 10383.1665383289 0.636093593261764 2.10812062685213 15.25
399 10384.3018381801 10384.3018381801 0.636093593261764 2.10812062685213 15.25
400 10385.4374216194 10385.4374216194 0.636093593261764 2.10812062685213 15.25
401 10386.5732885729 10386.5732885729 0.636093593261764 2.10812062685213 15.25
402 10387.7094389481 10387.7094389481 0.636093593261764 2.10812062685213 15.25
403 10388.8458726331 10388.8458726331 0.636093593261764 2.10812062685213 15.25
404 10389.9825895336 10389.9825895336 0.636093593261764 2.10812062685213 15.25
405 10391.1195895576 10391.1195895576 0.636093593261764 2.10812062685213 15.25
406 10392.256872612 10392.256872612 0.636093593261764 2.10812062685213 15.25
407 10393.3944386037 10393.3944386037 0.636093593261764 2.10812062685213 15.25
408 10394.53228744 10394.53228744 0.636093593261764 2.10812062685213 15.25
409 10395.6704190278 10395.6704190278 0.636093593261764 2.10812062685213 15.25
410 10396.8088332744 10396.8088332744 0.636093593261764 2.10812062685213 15.25
411 10397.9475300869 10397.9475300869 0.636093593261764 2.10812062685213 15.25
412 10399.0865093904 10399.0865093904 0.636093593261764 2.10812062685213 15.25
413 10400.2257710953 10400.2257710953 0.636093593261764 2.10812062685213 15.25
414 10401.3653150877 10401.3653150877 0.636093593261764 2.10812062685213 15.25
415 10402.5051412748 10402.5051412748 0.636093593261764 2.10812062685213 15.25
416 10403.6452495639 10403.6452495639 0.636093593261764 2.10812062685213 15.25
417 10404.7856398618 10404.7856398618 0.636093593261764 2.10812062685213 15.25
418 10405.9263120774 10405.9263120774 0.636093593261764 2.10812062685213 15.25
419 10407.067266116 10407.067266116 0.636093593261764 2.10812062685213 15.25
420 10408.2085018854 10408.2085018854 0.636093593261764 2.10812062685213 15.25
421 10409.3500192935 10409.3500192935 0.636093593261764 2.10812062685213 15.25
422 10410.4918182475 10410.4918182475 0.636093593261764 2.10812062685213 15.25
423 10411.6338986715 10411.6338986715 0.636093593261764 2.10812062685213 15.25
424 10412.7762604784 10412.7762604784 0.636093593261764 2.10812062685213 15.25
425 10413.9189035533 10413.9189035533 0.636093593261764 2.10812062685213 15.25
426 10415.0618278036 10415.0618278036 0.636093593261764 2.10812062685213 15.25
427 10416.2050331367 10416.2050331367 0.636093593261764 2.10812062685213 15.25
428 10417.3485194601 10417.3485194601 0.636093593261764 2.10812062685213 15.25
429 10418.4922866817 10418.4922866817 0.636093593261764 2.10812062685213 15.25
430 10419.6363347077 10419.6363347077 0.636093593261764 2.10812062685213 15.25
431 10420.780663447 10420.780663447 0.636093593261764 2.10812062685213 15.25
432 10421.9252728065 10421.9252728065 0.636093593261764 2.10812062685213 15.25
433 10423.0701626939 10423.0701626939 0.636093593261764 2.10812062685213 15.25
434 10424.2153330329 10424.2153330329 0.636093593261764 2.10812062685213 15.25
435 10425.360783738 10425.360783738 0.636093593261764 2.10812062685213 15.25
436 10426.5065146937 10426.5065146937 0.636093593261764 2.10812062685213 15.25
437 10427.6525258077 10427.6525258077 0.636093593261764 2.10812062685213 15.25
438 10428.7988169876 10428.7988169876 0.636093593261764 2.10812062685213 15.25
439 10429.945388141 10429.945388141 0.636093593261764 2.10812062685213 15.25
440 10431.092239176 10431.092239176 0.636093593261764 2.10812062685213 15.25
441 10432.2393699991 10432.2393699991 0.636093593261764 2.10812062685213 15.25
442 10433.3867805193 10433.3867805193 0.636093593261764 2.10812062685213 15.25
443 10434.5344706437 10434.5344706437 0.636093593261764 2.10812062685213 15.25
444 10435.6824402803 10435.6824402803 0.636093593261764 2.10812062685213 15.25
445 10436.8306893516 10436.8306893516 0.636093593261764 2.10812062685213 15.25
446 10437.9792177755 10437.9792177755 0.636093593261764 2.10812062685213 15.25
447 10439.128025434 10439.128025434 0.636093593261764 2.10812062685213 15.25
448 10440.2771122361 10440.2771122361 0.636093593261764 2.10812062685213 15.25
449 10441.4264780893 10441.4264780893 0.636093593261764 2.10812062685213 15.25
450 10442.5761229016 10442.5761229016 0.636093593261764 2.10812062685213 15.25
451 10443.7260465806 10443.7260465806 0.636093593261764 2.10812062685213 15.25
452 10444.8762490343 10444.8762490343 0.636093593261764 2.10812062685213 15.25
453 10446.0267301707 10446.0267301707 0.636093593261764 2.10812062685213 15.25
454 10447.1774898977 10447.1774898977 0.636093593261764 2.10812062685213 15.25
455 10448.3285281231 10448.3285281231 0.636093593261764 2.10812062685213 15.25
456 10449.4798447693 10449.4798447693 0.636093593261764 2.10812062685213 15.25
457 10450.6314397551 10450.6314397551 0.636093593261764 2.10812062685213 15.25
458 10451.7833129635 10451.7833129635 0.636093593261764 2.10812062685213 15.25
459 10452.9354643023 10452.9354643023 0.636093593261764 2.10812062685213 15.25
460 10454.0878936797 10454.0878936797 0.636093593261764 2.10812062685213 15.25
461 10455.240601004 10455.240601004 0.636093593261764 2.10812062685213 15.25
462 10456.3935861822 10456.3935861822 0.636093593261764 2.10812062685213 15.25
463 10457.5468491236 10457.5468491236 0.636093593261764 2.10812062685213 15.25
464 10458.7003897358 10458.7003897358 0.636093593261764 2.10812062685213 15.25
465 10459.854207927 10459.854207927 0.636093593261764 2.10812062685213 15.25
466 10461.0083036054 10461.0083036054 0.636093593261764 2.10812062685213 15.25
467 10462.1626766925 10462.1626766925 0.636093593261764 2.10812062685213 15.25
468 10463.3173271092 10463.3173271092 0.636093593261764 2.10812062685213 15.25
469 10464.4722547377 10464.4722547377 0.636093593261764 2.10812062685213 15.25
470 10465.6274594861 10465.6274594861 0.636093593261764 2.10812062685213 15.25
471 10466.7829412627 10466.7829412627 0.636093593261764 2.10812062685213 15.25
472 10467.9386999757 10467.9386999757 0.636093593261764 2.10812062685213 15.25
473 10469.0947355334 10469.0947355334 0.636093593261764 2.10812062685213 15.25
474 10470.2510478441 10470.2510478441 0.636093593261764 2.10812062685213 15.25
475 10471.4076368161 10471.4076368161 0.636093593261764 2.10812062685213 15.25
476 10472.5645023578 10472.5645023578 0.636093593261764 2.10812062685213 15.25
477 10473.7216443775 10473.7216443775 0.636093593261764 2.10812062685213 15.25
478 10474.8790627958 10474.8790627958 0.636093593261764 2.10812062685213 15.25
479 10476.0367575364 10476.0367575364 0.636093593261764 2.10812062685213 15.25
480 10477.1947284801 10477.1947284801 0.636093593261764 2.10812062685213 15.25
481 10478.3529755354 10478.3529755354 0.636093593261764 2.10812062685213 15.25
482 10479.5114986108 10479.5114986108 0.636093593261764 2.10812062685213 15.25
483 10480.6702976148 10480.6702976148 0.636093593261764 2.10812062685213 15.25
484 10481.8293724557 10481.8293724557 0.636093593261764 2.10812062685213 15.25
485 10482.9887230421 10482.9887230421 0.636093593261764 2.10812062685213 15.25
486 10484.1483492826 10484.1483492826 0.636093593261764 2.10812062685213 15.25
487 10485.3082510856 10485.3082510856 0.636093593261764 2.10812062685213 15.25
488 10486.4684283601 10486.4684283601 0.636093593261764 2.10812062685213 15.25
489 10487.6288810251 10487.6288810251 0.636093593261764 2.10812062685213 15.25
490 10488.789609007 10488.789609007 0.636093593261764 2.10812062685213 15.25
491 10489.9506121859 10489.9506121859 0.636093593261764 2.10812062685213 15.25
492 10491.1118904703 10491.1118904703 0.636093593261764 2.10812062685213 15.25
493 10492.2734437685 10492.2734437685 0.636093593261764 2.10812062685213 15.25
494 10493.4352719904 10493.4352719904 0.636093593261764 2.10812062685213 15.25
495 10494.5973750435 10494.5973750435 0.636093593261764 2.10812062685213 15.25
496 10495.7597528368 10495.7597528368 0.636093593261764 2.10812062685213 15.25
497 10496.9224052791 10496.9224052791 0.636093593261764 2.10812062685213 15.25
498 10498.0853322792 10498.0853322792 0.636093593261764 2.10812062685213 15.25
499 10499.2485337457 10499.2485337457 0.636093593261764 2.10812062685213 15.25
500 10500.4120095979 10500.4120095979 0.636093593261764 2.10812062685213 15.25
501 10501.5757597638 10501.5757597638 0.636093593261764 2.10812062685213 15.25
502 10502.7397841226 10502.7397841226 0.636093593261764 2.10812062685213 15.25
503 10503.9040825831 10503.9040825831 0.636093593261764 2.10812062685213 15.25
504 10505.0686550543 10505.0686550543 0.636093593261764 2.10812062685213 15.25
505 10506.233501445 10506.233501445 0.636093593261764 2.10812062685213 15.25
506 10507.398621664 10507.398621664 0.636093593261764 2.10812062685213 15.25
507 10508.5640156204 10508.5640156204 0.636093593261764 2.10812062685213 15.25
508 10509.729683223 10509.729683223 0.636093593261764 2.10812062685213 15.25
509 10510.8956243809 10510.8956243809 0.636093593261764 2.10812062685213 15.25
510 10512.0618390029 10512.0618390029 0.636093593261764 2.10812062685213 15.25
511 10513.2283270077 10513.2283270077 0.636093593261764 2.10812062685213 15.25
512 10514.3950883247 10514.3950883247 0.636093593261764 2.10812062685213 15.25
513 10515.5621228337 10515.5621228337 0.636093593261764 2.10812062685213 15.25
514 10516.7294304425 10516.7294304425 0.636093593261764 2.10812062685213 15.25
515 10517.8970110608 10517.8970110608 0.636093593261764 2.10812062685213 15.25
516 10519.0648645978 10519.0648645978 0.636093593261764 2.10812062685213 15.25
517 10520.2329909616 10520.2329909616 0.636093593261764 2.10812062685213 15.25
518 10521.4013900624 10521.4013900624 0.636093593261764 2.10812062685213 15.25
519 10522.5700618091 10522.5700618091 0.636093593261764 2.10812062685213 15.25
520 10523.7390061111 10523.7390061111 0.636093593261764 2.10812062685213 15.25
521 10524.9082228764 10524.9082228764 0.636093593261764 2.10812062685213 15.25
522 10526.077712024 10526.077712024 0.636093593261764 2.10812062685213 15.25
523 10527.2474734858 10527.2474734858 0.636093593261764 2.10812062685213 15.25
524 10528.4175071394 10528.4175071394 0.636093593261764 2.10812062685213 15.25
525 10529.5878128942 10529.5878128942 0.636093593261764 2.10812062685213 15.25
526 10530.7583906593 10530.7583906593 0.636093593261764 2.10812062685213 15.25
527 10531.9292403441 10531.9292403441 0.636093593261764 2.10812062685213 15.25
528 10533.1003618582 10533.1003618582 0.636093593261764 2.10812062685213 15.25
529 10534.2717551099 10534.2717551099 0.636093593261764 2.10812062685213 15.25
530 10535.4434200097 10535.4434200097 0.636093593261764 2.10812062685213 15.25
531 10536.6153564665 10536.6153564665 0.636093593261764 2.10812062685213 15.25
532 10537.7875643897 10537.7875643897 0.636093593261764 2.10812062685213 15.25
533 10538.9600436965 10538.9600436965 0.636093593261764 2.10812062685213 15.25
534 10540.1327943211 10540.1327943211 0.636093593261764 2.10812062685213 15.25
535 10541.305816141 10541.305816141 0.636093593261764 2.10812062685213 15.25
536 10542.4791090642 10542.4791090642 0.636093593261764 2.10812062685213 15.25
537 10543.6526730016 10543.6526730016 0.636093593261764 2.10812062685213 15.25
538 10544.8265078622 10544.8265078622 0.636093593261764 2.10812062685213 15.25
539 10546.0006135556 10546.0006135556 0.636093593261764 2.10812062685213 15.25
540 10547.1749899913 10547.1749899913 0.636093593261764 2.10812062685213 15.25
541 10548.3496370789 10548.3496370789 0.636093593261764 2.10812062685213 15.25
542 10549.5245547279 10549.5245547279 0.636093593261764 2.10812062685213 15.25
543 10550.699742848 10550.699742848 0.636093593261764 2.10812062685213 15.25
544 10551.8752013553 10551.8752013553 0.636093593261764 2.10812062685213 15.25
545 10553.0509301869 10553.0509301869 0.636093593261764 2.10812062685213 15.25
546 10554.2269292185 10554.2269292185 0.636093593261764 2.10812062685213 15.25
547 10555.4031983598 10555.4031983598 0.636093593261764 2.10812062685213 15.25
548 10556.5797375205 10556.5797375205 0.636093593261764 2.10812062685213 15.25
549 10557.7565466104 10557.7565466104 0.636093593261764 2.10812062685213 15.25
550 10558.9336255392 10558.9336255392 0.636093593261764 2.10812062685213 15.25
551 10560.1109742167 10560.1109742167 0.636093593261764 2.10812062685213 15.25
552 10561.2885925526 10561.2885925526 0.636093593261764 2.10812062685213 15.25
553 10562.4664804567 10562.4664804567 0.636093593261764 2.10812062685213 15.25
554 10563.644637839 10563.644637839 0.636093593261764 2.10812062685213 15.25
555 10564.8230646148 10564.8230646148 0.636093593261764 2.10812062685213 15.25
556 10566.0017607231 10566.0017607231 0.636093593261764 2.10812062685213 15.25
557 10567.1807260392 10567.1807260392 0.636093593261764 2.10812062685213 15.25
558 10568.3599604728 10568.3599604728 0.636093593261764 2.10812062685213 15.25
559 10569.5394639339 10569.5394639339 0.636093593261764 2.10812062685213 15.25
560 10570.7192363329 10570.7192363329 0.636093593261764 2.10812062685213 15.25
561 10571.8992775784 10571.8992775784 0.636093593261764 2.10812062685213 15.25
562 10573.0795875817 10573.0795875817 0.636093593261764 2.10812062685213 15.25
563 10574.2601662524 10574.2601662524 0.636093593261764 2.10812062685213 15.25
564 10575.4410135005 10575.4410135005 0.636093593261764 2.10812062685213 15.25
565 10576.6221292361 10576.6221292361 0.636093593261764 2.10812062685213 15.25
566 10577.803513374 10577.803513374 0.636093593261764 2.10812062685213 15.25
567 10578.9851658551 10578.9851658551 0.636093593261764 2.10812062685213 15.25
568 10580.1670865539 10580.1670865539 0.636093593261764 2.10812062685213 15.25
569 10581.349275381 10581.349275381 0.636093593261764 2.10812062685213 15.25
570 10582.5317322452 10582.5317322452 0.636093593261764 2.10812062685213 15.25
571 10583.7144570578 10583.7144570578 0.636093593261764 2.10812062685213 15.25
572 10584.8974497288 10584.8974497288 0.636093593261764 2.10812062685213 15.25
573 10586.0807101682 10586.0807101682 0.636093593261764 2.10812062685213 15.25
574 10587.2642382863 10587.2642382863 0.636093593261764 2.10812062685213 15.25
575 10588.4480339934 10588.4480339934 0.636093593261764 2.10812062685213 15.25
576 10589.6320971996 10589.6320971996 0.636093593261764 2.10812062685213 15.25
577 10590.816427819 10590.816427819 0.636093593261764 2.10812062685213 15.25
578 10592.0010257955 10592.0010257955 0.636093593261764 2.10812062685213 15.25
579 10593.1858910013 10593.1858910013 0.636093593261764 2.10812062685213 15.25
580 10594.3710233479 10594.3710233479 0.636093593261764 2.10812062685213 15.25
581 10595.5564227453 10595.5564227453 0.636093593261764 2.10812062685213 15.25
582 10596.7420891038 10596.7420891038 0.636093593261764 2.10812062685213 15.25
583 10597.9280223339 10597.9280223339 0.636093593261764 2.10812062685213 15.25
584 10599.114222346 10599.114222346 0.636093593261764 2.10812062685213 15.25
585 10600.3006890505 10600.3006890505 0.636093593261764 2.10812062685213 15.25
586 10601.4874223578 10601.4874223578 0.636093593261764 2.10812062685213 15.25
587 10602.6744221785 10602.6744221785 0.636093593261764 2.10812062685213 15.25
588 10603.8616884259 10603.8616884259 0.636093593261764 2.10812062685213 15.25
589 10605.0492210455 10605.0492210455 0.636093593261764 2.10812062685213 15.25
590 10606.23701991 10606.23701991 0.636093593261764 2.10812062685213 15.25
591 10607.4250849299 10607.4250849299 0.636093593261764 2.10812062685213 15.25
592 10608.6134160163 10608.6134160163 0.636093593261764 2.10812062685213 15.25
593 10609.8020130786 10609.8020130786 0.636093593261764 2.10812062685213 15.25
594 10610.9908760284 10610.9908760284 0.636093593261764 2.10812062685213 15.25
595 10612.1800047762 10612.1800047762 0.636093593261764 2.10812062685213 15.25
596 10613.3693992324 10613.3693992324 0.636093593261764 2.10812062685213 15.25
597 10614.5590593079 10614.5590593079 0.636093593261764 2.10812062685213 15.25
598 10615.7489849133 10615.7489849133 0.636093593261764 2.10812062685213 15.25
599 10616.939175961 10616.939175961 0.636093593261764 2.10812062685213 15.25
600 10618.1296323992 10618.1296323992 0.636093593261764 2.10812062685213 15.25
601 10619.3203540996 10619.3203540996 0.636093593261764 2.10812062685213 15.25
602 10620.5113409728 10620.5113409728 0.636093593261764 2.10812062685213 15.25
603 10621.7025929298 10621.7025929298 0.636093593261764 2.10812062685213 15.25
604 10622.8941098813 10622.8941098813 0.636093593261764 2.10812062685213 15.25
605 10624.0858917382 10624.0858917382 0.636093593261764 2.10812062685213 15.25
606 10625.2779384112 10625.2779384112 0.636093593261764 2.10812062685213 15.25
607 10626.4702498114 10626.4702498114 0.636093593261764 2.10812062685213 15.25
608 10627.6628258496 10627.6628258496 0.636093593261764 2.10812062685213 15.25
609 10628.8556664366 10628.8556664366 0.636093593261764 2.10812062685213 15.25
610 10630.0487714844 10630.0487714844 0.636093593261764 2.10812062685213 15.25
611 10631.242140943 10631.242140943 0.636093593261764 2.10812062685213 15.25
612 10632.4357746835 10632.4357746835 0.636093593261764 2.10812062685213 15.25
613 10633.6296726168 10633.6296726168 0.636093593261764 2.10812062685213 15.25
614 10634.8238346539 10634.8238346539 0.636093593261764 2.10812062685213 15.25
615 10636.0182607058 10636.0182607058 0.636093593261764 2.10812062685213 15.25
616 10637.2129506837 10637.2129506837 0.636093593261764 2.10812062685213 15.25
617 10638.4079044986 10638.4079044986 0.636093593261764 2.10812062685213 15.25
618 10639.6031220615 10639.6031220615 0.636093593261764 2.10812062685213 15.25
619 10640.7986032837 10640.7986032837 0.636093593261764 2.10812062685213 15.25
620 10641.9943480763 10641.9943480763 0.636093593261764 2.10812062685213 15.25
621 10643.1903563504 10643.1903563504 0.636093593261764 2.10812062685213 15.25
622 10644.3866280578 10644.3866280578 0.636093593261764 2.10812062685213 15.25
623 10645.5831630695 10645.5831630695 0.636093593261764 2.10812062685213 15.25
624 10646.7799612964 10646.7799612964 0.636093593261764 2.10812062685213 15.25
625 10647.9770226497 10647.9770226497 0.636093593261764 2.10812062685213 15.25
626 10649.1743470406 10649.1743470406 0.636093593261764 2.10812062685213 15.25
627 10650.3719343805 10650.3719343805 0.636093593261764 2.10812062685213 15.25
628 10651.5697845806 10651.5697845806 0.636093593261764 2.10812062685213 15.25
629 10652.7678975523 10652.7678975523 0.636093593261764 2.10812062685213 15.25
630 10653.9662732069 10653.9662732069 0.636093593261764 2.10812062685213 15.25
631 10655.1649114557 10655.1649114557 0.636093593261764 2.10812062685213 15.25
632 10656.3638122102 10656.3638122102 0.636093593261764 2.10812062685213 15.25
633 10657.5629754217 10657.5629754217 0.636093593261764 2.10812062685213 15.25
634 10658.7624009629 10658.7624009629 0.636093593261764 2.10812062685213 15.25
635 10659.9620887441 10659.9620887441 0.636093593261764 2.10812062685213 15.25
636 10661.1620386767 10661.1620386767 0.636093593261764 2.10812062685213 15.25
637 10662.3622506723 10662.3622506723 0.636093593261764 2.10812062685213 15.25
638 10663.5627246422 10663.5627246422 0.636093593261764 2.10812062685213 15.25
639 10664.7634604981 10664.7634604981 0.636093593261764 2.10812062685213 15.25
640 10665.9644581515 10665.9644581515 0.636093593261764 2.10812062685213 15.25
641 10667.165717514 10667.165717514 0.636093593261764 2.10812062685213 15.25
642 10668.3672384971 10668.3672384971 0.636093593261764 2.10812062685213 15.25
643 10669.5690210125 10669.5690210125 0.636093593261764 2.10812062685213 15.25
644 10670.771065011 10670.771065011 0.636093593261764 2.10812062685213 15.25
645 10671.9733703667 10671.9733703667 0.636093593261764 2.10812062685213 15.25
646 10673.1759369901 10673.1759369901 0.636093593261764 2.10812062685213 15.25
647 10674.3787647924 10674.3787647924 0.636093593261764 2.10812062685213 15.25
648 10675.5818536854 10675.5818536854 0.636093593261764 2.10812062685213 15.25
649 10676.7852035808 10676.7852035808 0.636093593261764 2.10812062685213 15.25
650 10677.9888143903 10677.9888143903 0.636093593261764 2.10812062685213 15.25
651 10679.1926860257 10679.1926860257 0.636093593261764 2.10812062685213 15.25
652 10680.3968183989 10680.3968183989 0.636093593261764 2.10812062685213 15.25
653 10681.6012114216 10681.6012114216 0.636093593261764 2.10812062685213 15.25
654 10682.8058650057 10682.8058650057 0.636093593261764 2.10812062685213 15.25
655 10684.0107791006 10684.0107791006 0.636093593261764 2.10812062685213 15.25
656 10685.2159535848 10685.2159535848 0.636093593261764 2.10812062685213 15.25
657 10686.4213883657 10686.4213883657 0.636093593261764 2.10812062685213 15.25
658 10687.6270833554 10687.6270833554 0.636093593261764 2.10812062685213 15.25
659 10688.8330384661 10688.8330384661 0.636093593261764 2.10812062685213 15.25
660 10690.0392536097 10690.0392536097 0.636093593261764 2.10812062685213 15.25
661 10691.2457286981 10691.2457286981 0.636093593261764 2.10812062685213 15.25
662 10692.4524636437 10692.4524636437 0.636093593261764 2.10812062685213 15.25
663 10693.6594583574 10693.6594583574 0.636093593261764 2.10812062685213 15.25
664 10694.8667127525 10694.8667127525 0.636093593261764 2.10812062685213 15.25
665 10696.0742267405 10696.0742267405 0.636093593261764 2.10812062685213 15.25
666 10697.28200027 10697.28200027 0.636093593261764 2.10812062685213 15.25
667 10698.4900332222 10698.4900332222 0.636093593261764 2.10812062685213 15.25
668 10699.6983255032 10699.6983255032 0.636093593261764 2.10812062685213 15.25
669 10700.9068770258 10700.9068770258 0.636093593261764 2.10812062685213 15.25
670 10702.115687702 10702.115687702 0.636093593261764 2.10812062685213 15.25
671 10703.324757444 10703.324757444 0.636093593261764 2.10812062685213 15.25
672 10704.5340861641 10704.5340861641 0.636093593261764 2.10812062685213 15.25
673 10705.7436737745 10705.7436737745 0.636093593261764 2.10812062685213 15.25
674 10706.9535201874 10706.9535201874 0.636093593261764 2.10812062685213 15.25
675 10708.1636253151 10708.1636253151 0.636093593261764 2.10812062685213 15.25
676 10709.3739890695 10709.3739890695 0.636093593261764 2.10812062685213 15.25
677 10710.5846113999 10710.5846113999 0.636093593261764 2.10812062685213 15.25
678 10711.7954921879 10711.7954921879 0.636093593261764 2.10812062685213 15.25
679 10713.0066313396 10713.0066313396 0.636093593261764 2.10812062685213 15.25
680 10714.2180287679 10714.2180287679 0.636093593261764 2.10812062685213 15.25
681 10715.4296843851 10715.4296843851 0.636093593261764 2.10812062685213 15.25
682 10716.6415981036 10716.6415981036 0.636093593261764 2.10812062685213 15.25
683 10717.8537698359 10717.8537698359 0.636093593261764 2.10812062685213 15.25
684 10719.0661994944 10719.0661994944 0.636093593261764 2.10812062685213 15.25
685 10720.2788869913 10720.2788869913 0.636093593261764 2.10812062685213 15.25
686 10721.4918322403 10721.4918322403 0.636093593261764 2.10812062685213 15.25
687 10722.7050351526 10722.7050351526 0.636093593261764 2.10812062685213 15.25
688 10723.9184956765 10723.9184956765 0.636093593261764 2.10812062685213 15.25
689 10725.1322136953 10725.1322136953 0.636093593261764 2.10812062685213 15.25
690 10726.3461891159 10726.3461891159 0.636093593261764 2.10812062685213 15.25
691 10727.5604218506 10727.5604218506 0.636093593261764 2.10812062685213 15.25
692 10728.7749118121 10728.7749118121 0.636093593261764 2.10812062685213 15.25
693 10729.9896589129 10729.9896589129 0.636093593261764 2.10812062685213 15.25
694 10731.2046630654 10731.2046630654 0.636093593261764 2.10812062685213 15.25
695 10732.4199241835 10732.4199241835 0.636093593261764 2.10812062685213 15.25
696 10733.6354421786 10733.6354421786 0.636093593261764 2.10812062685213 15.25
697 10734.8512169639 10734.8512169639 0.636093593261764 2.10812062685213 15.25
698 10736.0672484522 10736.0672484522 0.636093593261764 2.10812062685213 15.25
699 10737.2835365904 10737.2835365904 0.636093593261764 2.10812062685213 15.25
700 10738.5000812647 10738.5000812647 0.636093593261764 2.10812062685213 15.25
701 10739.7168823804 10739.7168823804 0.636093593261764 2.10812062685213 15.25
702 10740.9339398503 10740.9339398503 0.636093593261764 2.10812062685213 15.25
703 10742.1512535873 10742.1512535873 0.636093593261764 2.10812062685213 15.25
704 10743.3688235043 10743.3688235043 0.636093593261764 2.10812062685213 15.25
705 10744.5866495142 10744.5866495142 0.636093593261764 2.10812062685213 15.25
706 10745.8047315298 10745.8047315298 0.636093593261764 2.10812062685213 15.25
707 10747.0230694642 10747.0230694642 0.636093593261764 2.10812062685213 15.25
708 10748.2416632303 10748.2416632303 0.636093593261764 2.10812062685213 15.25
709 10749.4605127412 10749.4605127412 0.636093593261764 2.10812062685213 15.25
710 10750.6796179428 10750.6796179428 0.636093593261764 2.10812062685213 15.25
711 10751.8989787239 10751.8989787239 0.636093593261764 2.10812062685213 15.25
712 10753.1185949889 10753.1185949889 0.636093593261764 2.10812062685213 15.25
713 10754.3384666508 10754.3384666508 0.636093593261764 2.10812062685213 15.25
714 10755.5585936231 10755.5585936231 0.636093593261764 2.10812062685213 15.25
715 10756.7789758177 10756.7789758177 0.636093593261764 2.10812062685213 15.25
716 10757.999613149 10757.999613149 0.636093593261764 2.10812062685213 15.25
717 10759.2205055297 10759.2205055297 0.636093593261764 2.10812062685213 15.25
718 10760.441652873 10760.441652873 0.636093593261764 2.10812062685213 15.25
719 10761.6630550925 10761.6630550925 0.636093593261764 2.10812062685213 15.25
720 10762.8847121002 10762.8847121002 0.636093593261764 2.10812062685213 15.25
721 10764.1066238428 10764.1066238428 0.636093593261764 2.10812062685213 15.25
722 10765.3287902107 10765.3287902107 0.636093593261764 2.10812062685213 15.25
723 10766.5512111074 10766.5512111074 0.636093593261764 2.10812062685213 15.25
724 10767.7738864463 10767.7738864463 0.636093593261764 2.10812062685213 15.25
725 10768.9968161406 10768.9968161406 0.636093593261764 2.10812062685213 15.25
726 10770.2200001034 10770.2200001034 0.636093593261764 2.10812062685213 15.25
727 10771.4434382492 10771.4434382492 0.636093593261764 2.10812062685213 15.25
728 10772.6671304902 10772.6671304902 0.636093593261764 2.10812062685213 15.25
729 10773.8910767403 10773.8910767403 0.636093593261764 2.10812062685213 15.25
730 10775.1152769128 10775.1152769128 0.636093593261764 2.10812062685213 15.25
731 10776.3397309212 10776.3397309212 0.636093593261764 2.10812062685213 15.25
732 10777.5644387101 10777.5644387101 0.636093593261764 2.10812062685213 15.25
733 10778.7894001728 10778.7894001728 0.636093593261764 2.10812062685213 15.25
734 10780.014615212 10780.014615212 0.636093593261764 2.10812062685213 15.25
735 10781.2400837412 10781.2400837412 0.636093593261764 2.10812062685213 15.25
736 10782.4658056739 10782.4658056739 0.636093593261764 2.10812062685213 15.25
737 10783.6917809237 10783.6917809237 0.636093593261764 2.10812062685213 15.25
738 10784.9180094043 10784.9180094043 0.636093593261764 2.10812062685213 15.25
739 10786.1444910293 10786.1444910293 0.636093593261764 2.10812062685213 15.25
740 10787.3712257124 10787.3712257124 0.636093593261764 2.10812062685213 15.25
741 10788.5982133671 10788.5982133671 0.636093593261764 2.10812062685213 15.25
742 10789.8254539072 10789.8254539072 0.636093593261764 2.10812062685213 15.25
743 10791.0529472768 10791.0529472768 0.636093593261764 2.10812062685213 15.25
744 10792.280693371 10792.280693371 0.636093593261764 2.10812062685213 15.25
745 10793.5086920918 10793.5086920918 0.636093593261764 2.10812062685213 15.25
746 10794.7369433531 10794.7369433531 0.636093593261764 2.10812062685213 15.25
747 10795.9654470686 10795.9654470686 0.636093593261764 2.10812062685213 15.25
748 10797.1942031521 10797.1942031521 0.636093593261764 2.10812062685213 15.25
749 10798.4232115174 10798.4232115174 0.636093593261764 2.10812062685213 15.25
750 10799.6524720786 10799.6524720786 0.636093593261764 2.10812062685213 15.25
751 10800.8819847489 10800.8819847489 0.636093593261764 2.10812062685213 15.25
752 10802.1117494437 10802.1117494437 0.636093593261764 2.10812062685213 15.25
753 10803.3417660755 10803.3417660755 0.636093593261764 2.10812062685213 15.25
754 10804.5720345882 10804.5720345882 0.636093593261764 2.10812062685213 15.25
755 10805.8025548787 10805.8025548787 0.636093593261764 2.10812062685213 15.25
756 10807.0333268489 10807.0333268489 0.636093593261764 2.10812062685213 15.25
757 10808.2643504126 10808.2643504126 0.636093593261764 2.10812062685213 15.25
758 10809.4956254838 10809.4956254838 0.636093593261764 2.10812062685213 15.25
759 10810.7271519765 10810.7271519765 0.636093593261764 2.10812062685213 15.25
760 10811.9589298048 10811.9589298048 0.636093593261764 2.10812062685213 15.25
761 10813.1909588829 10813.1909588829 0.636093593261764 2.10812062685213 15.25
762 10814.4232391248 10814.4232391248 0.636093593261764 2.10812062685213 15.25
763 10815.6557704447 10815.6557704447 0.636093593261764 2.10812062685213 15.25
764 10816.8885527572 10816.8885527572 0.636093593261764 2.10812062685213 15.25
765 10818.1215860035 10818.1215860035 0.636093593261764 2.10812062685213 15.25
766 10819.3548700848 10819.3548700848 0.636093593261764 2.10812062685213 15.25
767 10820.5884049005 10820.5884049005 0.636093593261764 2.10812062685213 15.25
768 10821.8221903662 10821.8221903662 0.636093593261764 2.10812062685213 15.25
769 10823.0562263947 10823.0562263947 0.636093593261764 2.10812062685213 15.25
770 10824.2905129009 10824.2905129009 0.636093593261764 2.10812062685213 15.25
771 10825.5250497991 10825.5250497991 0.636093593261764 2.10812062685213 15.25
772 10826.7598370036 10826.7598370036 0.636093593261764 2.10812062685213 15.25
773 10827.9948744287 10827.9948744287 0.636093593261764 2.10812062685213 15.25
774 10829.230161989 10829.230161989 0.636093593261764 2.10812062685213 15.25
775 10830.4656995987 10830.4656995987 0.636093593261764 2.10812062685213 15.25
776 10831.7014871994 10831.7014871994 0.636093593261764 2.10812062685213 15.25
777 10832.9375246933 10832.9375246933 0.636093593261764 2.10812062685213 15.25
778 10834.173811981 10834.173811981 0.636093593261764 2.10812062685213 15.25
779 10835.4103489755 10835.4103489755 0.636093593261764 2.10812062685213 15.25
780 10836.6471355923 10836.6471355923 0.636093593261764 2.10812062685213 15.25
781 10837.8841717447 10837.8841717447 0.636093593261764 2.10812062685213 15.25
782 10839.1214573485 10839.1214573485 0.636093593261764 2.10812062685213 15.25
783 10840.3589923177 10840.3589923177 0.636093593261764 2.10812062685213 15.25
784 10841.5967765671 10841.5967765671 0.636093593261764 2.10812062685213 15.25
785 10842.8348100113 10842.8348100113 0.636093593261764 2.10812062685213 15.25
786 10844.0730925649 10844.0730925649 0.636093593261764 2.10812062685213 15.25
787 10845.3116241685 10845.3116241685 0.636093593261764 2.10812062685213 15.25
788 10846.5504047278 10846.5504047278 0.636093593261764 2.10812062685213 15.25
789 10847.7894341402 10847.7894341402 0.636093593261764 2.10812062685213 15.25
790 10849.0287123209 10849.0287123209 0.636093593261764 2.10812062685213 15.25
791 10850.2682391845 10850.2682391845 0.636093593261764 2.10812062685213 15.25
792 10851.5080146459 10851.5080146459 0.636093593261764 2.10812062685213 15.25
793 10852.7480386199 10852.7480386199 0.636093593261764 2.10812062685213 15.25
794 10853.9883110213 10853.9883110213 0.636093593261764 2.10812062685213 15.25
795 10855.2288317649 10855.2288317649 0.636093593261764 2.10812062685213 15.25
796 10856.4696007656 10856.4696007656 0.636093593261764 2.10812062685213 15.25
797 10857.7106179382 10857.7106179382 0.636093593261764 2.10812062685213 15.25
798 10858.9518832229 10858.9518832229 0.636093593261764 2.10812062685213 15.25
799 10860.1933965269 10860.1933965269 0.636093593261764 2.10812062685213 15.25
800 10861.4351577477 10861.4351577477 0.636093593261764 2.10812062685213 15.25
801 10862.6771668003 10862.6771668003 0.636093593261764 2.10812062685213 15.25
802 10863.9194235991 10863.9194235991 0.636093593261764 2.10812062685213 15.25
803 10865.1619280607 10865.1619280607 0.636093593261764 2.10812062685213 15.25
804 10866.4046800986 10866.4046800986 0.636093593261764 2.10812062685213 15.25
805 10867.6476796284 10867.6476796284 0.636093593261764 2.10812062685213 15.25
806 10868.8909265652 10868.8909265652 0.636093593261764 2.10812062685213 15.25
807 10870.1344208237 10870.1344208237 0.636093593261764 2.10812062685213 15.25
808 10871.3781623202 10871.3781623202 0.636093593261764 2.10812062685213 15.25
809 10872.6221509929 10872.6221509929 0.636093593261764 2.10812062685213 15.25
810 10873.8663867516 10873.8663867516 0.636093593261764 2.10812062685213 15.25
811 10875.110869493 10875.110869493 0.636093593261764 2.10812062685213 15.25
812 10876.3555991323 10876.3555991323 0.636093593261764 2.10812062685213 15.25
813 10877.6005755849 10877.6005755849 0.636093593261764 2.10812062685213 15.25
814 10878.8457987659 10878.8457987659 0.636093593261764 2.10812062685213 15.25
815 10880.0912685906 10880.0912685906 0.636093593261764 2.10812062685213 15.25
816 10881.3369849744 10881.3369849744 0.636093593261764 2.10812062685213 15.25
817 10882.5829478326 10882.5829478326 0.636093593261764 2.10812062685213 15.25
818 10883.8291570805 10883.8291570805 0.636093593261764 2.10812062685213 15.25
819 10885.075612633 10885.075612633 0.636093593261764 2.10812062685213 15.25
820 10886.32231443 10886.32231443 0.636093593261764 2.10812062685213 15.25
821 10887.5692623821 10887.5692623821 0.636093593261764 2.10812062685213 15.25
822 10888.8164563856 10888.8164563856 0.636093593261764 2.10812062685213 15.25
823 10890.0638963559 10890.0638963559 0.636093593261764 2.10812062685213 15.25
824 10891.3115822089 10891.3115822089 0.636093593261764 2.10812062685213 15.25
825 10892.5595138588 10892.5595138588 0.636093593261764 2.10812062685213 15.25
826 10893.8076912225 10893.8076912225 0.636093593261764 2.10812062685213 15.25
827 10895.0561142151 10895.0561142151 0.636093593261764 2.10812062685213 15.25
828 10896.304782752 10896.304782752 0.636093593261764 2.10812062685213 15.25
829 10897.5536967491 10897.5536967491 0.636093593261764 2.10812062685213 15.25
830 10898.8028561217 10898.8028561217 0.636093593261764 2.10812062685213 15.25
831 10900.0522608079 10900.0522608079 0.636093593261764 2.10812062685213 15.25
832 10901.3019107216 10901.3019107216 0.636093593261764 2.10812062685213 15.25
833 10902.551805758 10902.551805758 0.636093593261764 2.10812062685213 15.25
834 10903.8019458326 10903.8019458326 0.636093593261764 2.10812062685213 15.25
835 10905.0523308614 10905.0523308614 0.636093593261764 2.10812062685213 15.25
836 10906.3029607599 10906.3029607599 0.636093593261764 2.10812062685213 15.25
837 10907.553835444 10907.553835444 0.636093593261764 2.10812062685213 15.25
838 10908.8049548294 10908.8049548294 0.636093593261764 2.10812062685213 15.25
839 10910.056318832 10910.056318832 0.636093593261764 2.10812062685213 15.25
840 10911.3079273676 10911.3079273676 0.636093593261764 2.10812062685213 15.25
841 10912.5597803521 10912.5597803521 0.636093593261764 2.10812062685213 15.25
842 10913.8118777224 10913.8118777224 0.636093593261764 2.10812062685213 15.25
843 10915.0642193952 10915.0642193952 0.636093593261764 2.10812062685213 15.25
844 10916.3168052646 10916.3168052646 0.636093593261764 2.10812062685213 15.25
845 10917.5696352465 10917.5696352465 0.636093593261764 2.10812062685213 15.25
846 10918.8227092569 10918.8227092569 0.636093593261764 2.10812062685213 15.25
847 10920.0760272118 10920.0760272118 0.636093593261764 2.10812062685213 15.25
848 10921.3295890272 10921.3295890272 0.636093593261764 2.10812062685213 15.25
849 10922.5833946192 10922.5833946192 0.636093593261764 2.10812062685213 15.25
850 10923.8374439037 10923.8374439037 0.636093593261764 2.10812062685213 15.25
851 10925.0917367968 10925.0917367968 0.636093593261764 2.10812062685213 15.25
852 10926.3462732148 10926.3462732148 0.636093593261764 2.10812062685213 15.25
853 10927.6010530938 10927.6010530938 0.636093593261764 2.10812062685213 15.25
854 10928.8560763528 10928.8560763528 0.636093593261764 2.10812062685213 15.25
855 10930.1113428849 10930.1113428849 0.636093593261764 2.10812062685213 15.25
856 10931.3668526064 10931.3668526064 0.636093593261764 2.10812062685213 15.25
857 10932.6226054336 10932.6226054336 0.636093593261764 2.10812062685213 15.25
858 10933.8786012826 10933.8786012826 0.636093593261764 2.10812062685213 15.25
859 10935.1348400698 10935.1348400698 0.636093593261764 2.10812062685213 15.25
860 10936.3913217113 10936.3913217113 0.636093593261764 2.10812062685213 15.25
861 10937.6480461235 10937.6480461235 0.636093593261764 2.10812062685213 15.25
862 10938.9050132228 10938.9050132228 0.636093593261764 2.10812062685213 15.25
863 10940.1622229249 10940.1622229249 0.636093593261764 2.10812062685213 15.25
864 10941.4196751667 10941.4196751667 0.636093593261764 2.10812062685213 15.25
865 10942.6773698683 10942.6773698683 0.636093593261764 2.10812062685213 15.25
866 10943.9353069224 10943.9353069224 0.636093593261764 2.10812062685213 15.25
867 10945.193486246 10945.193486246 0.636093593261764 2.10812062685213 15.25
868 10946.4519077542 10946.4519077542 0.636093593261764 2.10812062685213 15.25
869 10947.7105713647 10947.7105713647 0.636093593261764 2.10812062685213 15.25
870 10948.9694769936 10948.9694769936 0.636093593261764 2.10812062685213 15.25
871 10950.2286245575 10950.2286245575 0.636093593261764 2.10812062685213 15.25
872 10951.4880139729 10951.4880139729 0.636093593261764 2.10812062685213 15.25
873 10952.7476451563 10952.7476451563 0.636093593261764 2.10812062685213 15.25
874 10954.0075180244 10954.0075180244 0.636093593261764 2.10812062685213 15.25
875 10955.2676325115 10955.2676325115 0.636093593261764 2.10812062685213 15.25
876 10956.5279885429 10956.5279885429 0.636093593261764 2.10812062685213 15.25
877 10957.7885860076 10957.7885860076 0.636093593261764 2.10812062685213 15.25
878 10959.049424824 10959.049424824 0.636093593261764 2.10812062685213 15.25
879 10960.3105049083 10960.3105049083 0.636093593261764 2.10812062685213 15.25
880 10961.5718261774 10961.5718261774 0.636093593261764 2.10812062685213 15.25
881 10962.8333885479 10962.8333885479 0.636093593261764 2.10812062685213 15.25
882 10964.0951919366 10964.0951919366 0.636093593261764 2.10812062685213 15.25
883 10965.3572362603 10965.3572362603 0.636093593261764 2.10812062685213 15.25
884 10966.6195214358 10966.6195214358 0.636093593261764 2.10812062685213 15.25
885 10967.88204738 10967.88204738 0.636093593261764 2.10812062685213 15.25
886 10969.1448140266 10969.1448140266 0.636093593261764 2.10812062685213 15.25
887 10970.4078213021 10970.4078213021 0.636093593261764 2.10812062685213 15.25
888 10971.6710690969 10971.6710690969 0.636093593261764 2.10812062685213 15.25
889 10972.9345573279 10972.9345573279 0.636093593261764 2.10812062685213 15.25
890 10974.1982859126 10974.1982859126 0.636093593261764 2.10812062685213 15.25
891 10975.4622547666 10975.4622547666 0.636093593261764 2.10812062685213 15.25
892 10976.7264638082 10976.7264638082 0.636093593261764 2.10812062685213 15.25
893 10977.990912954 10977.990912954 0.636093593261764 2.10812062685213 15.25
894 10979.255602121 10979.255602121 0.636093593261764 2.10812062685213 15.25
895 10980.5205312258 10980.5205312258 0.636093593261764 2.10812062685213 15.25
896 10981.7857001869 10981.7857001869 0.636093593261764 2.10812062685213 15.25
897 10983.0511089362 10983.0511089362 0.636093593261764 2.10812062685213 15.25
898 10984.3167574024 10984.3167574024 0.636093593261764 2.10812062685213 15.25
899 10985.5826454754 10985.5826454754 0.636093593261764 2.10812062685213 15.25
900 10986.8487730723 10986.8487730723 0.636093593261764 2.10812062685213 15.25
901 10988.1151401104 10988.1151401104 0.636093593261764 2.10812062685213 15.25
902 10989.3817465069 10989.3817465069 0.636093593261764 2.10812062685213 15.25
903 10990.6485921786 10990.6485921786 0.636093593261764 2.10812062685213 15.25
904 10991.915677044 10991.915677044 0.636093593261764 2.10812062685213 15.25
905 10993.1830010191 10993.1830010191 0.636093593261764 2.10812062685213 15.25
906 10994.4505640218 10994.4505640218 0.636093593261764 2.10812062685213 15.25
907 10995.7183659692 10995.7183659692 0.636093593261764 2.10812062685213 15.25
908 10996.9864067941 10996.9864067941 0.636093593261764 2.10812062685213 15.25
909 10998.2546864263 10998.2546864263 0.636093593261764 2.10812062685213 15.25
910 10999.523204756 10999.523204756 0.636093593261764 2.10812062685213 15.25
911 11000.7919616996 11000.7919616996 0.636093593261764 2.10812062685213 15.25
912 11002.0609571759 11002.0609571759 0.636093593261764 2.10812062685213 15.25
913 11003.330191101 11003.330191101 0.636093593261764 2.10812062685213 15.25
914 11004.599663393 11004.599663393 0.636093593261764 2.10812062685213 15.25
915 11005.8693739693 11005.8693739693 0.636093593261764 2.10812062685213 15.25
916 11007.1393227474 11007.1393227474 0.636093593261764 2.10812062685213 15.25
917 11008.4095096449 11008.4095096449 0.636093593261764 2.10812062685213 15.25
918 11009.6799345793 11009.6799345793 0.636093593261764 2.10812062685213 15.25
919 11010.9505974823 11010.9505974823 0.636093593261764 2.10812062685213 15.25
920 11012.2214982872 11012.2214982872 0.636093593261764 2.10812062685213 15.25
921 11013.492636882 11013.492636882 0.636093593261764 2.10812062685213 15.25
922 11014.7640131843 11014.7640131843 0.636093593261764 2.10812062685213 15.25
923 11016.0356271118 11016.0356271118 0.636093593261764 2.10812062685213 15.25
924 11017.3074785823 11017.3074785823 0.636093593261764 2.10812062685213 15.25
925 11018.5795675135 11018.5795675135 0.636093593261764 2.10812062685213 15.25
926 11019.8518938231 11019.8518938231 0.636093593261764 2.10812062685213 15.25
927 11021.124457429 11021.124457429 0.636093593261764 2.10812062685213 15.25
928 11022.3972582489 11022.3972582489 0.636093593261764 2.10812062685213 15.25
929 11023.6702962007 11023.6702962007 0.636093593261764 2.10812062685213 15.25
930 11024.9435712149 11024.9435712149 0.636093593261764 2.10812062685213 15.25
931 11026.2170832278 11026.2170832278 0.636093593261764 2.10812062685213 15.25
932 11027.4908321261 11027.4908321261 0.636093593261764 2.10812062685213 15.25
933 11028.7648178279 11028.7648178279 0.636093593261764 2.10812062685213 15.25
934 11030.0390402511 11030.0390402511 0.636093593261764 2.10812062685213 15.25
935 11031.313499314 11031.313499314 0.636093593261764 2.10812062685213 15.25
936 11032.5881949335 11032.5881949335 0.636093593261764 2.10812062685213 15.25
937 11033.8631270287 11033.8631270287 0.636093593261764 2.10812062685213 15.25
938 11035.1382955173 11035.1382955173 0.636093593261764 2.10812062685213 15.25
939 11036.4137003173 11036.4137003173 0.636093593261764 2.10812062685213 15.25
940 11037.6893413468 11037.6893413468 0.636093593261764 2.10812062685213 15.25
941 11038.9652185354 11038.9652185354 0.636093593261764 2.10812062685213 15.25
942 11040.241331822 11040.241331822 0.636093593261764 2.10812062685213 15.25
943 11041.5176810926 11041.5176810926 0.636093593261764 2.10812062685213 15.25
944 11042.7942662653 11042.7942662653 0.636093593261764 2.10812062685213 15.25
945 11044.0710872582 11044.0710872582 0.636093593261764 2.10812062685213 15.25
946 11045.3481439896 11045.3481439896 0.636093593261764 2.10812062685213 15.25
947 11046.6254363778 11046.6254363778 0.636093593261764 2.10812062685213 15.25
948 11047.9029643405 11047.9029643405 0.636093593261764 2.10812062685213 15.25
949 11049.1807277973 11049.1807277973 0.636093593261764 2.10812062685213 15.25
950 11050.4587266653 11050.4587266653 0.636093593261764 2.10812062685213 15.25
951 11051.7369608631 11051.7369608631 0.636093593261764 2.10812062685213 15.25
952 11053.0154303198 11053.0154303198 0.636093593261764 2.10812062685213 15.25
953 11054.2941349764 11054.2941349764 0.636093593261764 2.10812062685213 15.25
954 11055.573074718 11055.573074718 0.636093593261764 2.10812062685213 15.25
955 11056.8522494631 11056.8522494631 0.636093593261764 2.10812062685213 15.25
956 11058.1316591302 11058.1316591302 0.636093593261764 2.10812062685213 15.25
957 11059.411303638 11059.411303638 0.636093593261764 2.10812062685213 15.25
958 11060.6911829038 11060.6911829038 0.636093593261764 2.10812062685213 15.25
959 11061.9712968474 11061.9712968474 0.636093593261764 2.10812062685213 15.25
960 11063.2516453869 11063.2516453869 0.636093593261764 2.10812062685213 15.25
961 11064.5322284404 11064.5322284404 0.636093593261764 2.10812062685213 15.25
962 11065.8130459279 11065.8130459279 0.636093593261764 2.10812062685213 15.25
963 11067.0940977758 11067.0940977758 0.636093593261764 2.10812062685213 15.25
964 11068.3753839286 11068.3753839286 0.636093593261764 2.10812062685213 15.25
965 11069.6569042705 11069.6569042705 0.636093593261764 2.10812062685213 15.25
966 11070.9386587199 11070.9386587199 0.636093593261764 2.10812062685213 15.25
967 11072.2206471956 11072.2206471956 0.636093593261764 2.10812062685213 15.25
968 11073.5028696163 11073.5028696163 0.636093593261764 2.10812062685213 15.25
969 11074.7853259007 11074.7853259007 0.636093593261764 2.10812062685213 15.25
970 11076.0680159677 11076.0680159677 0.636093593261764 2.10812062685213 15.25
971 11077.3509397359 11077.3509397359 0.636093593261764 2.10812062685213 15.25
972 11078.6340971243 11078.6340971243 0.636093593261764 2.10812062685213 15.25
973 11079.9174880516 11079.9174880516 0.636093593261764 2.10812062685213 15.25
974 11081.201112445 11081.201112445 0.636093593261764 2.10812062685213 15.25
975 11082.4849702504 11082.4849702504 0.636093593261764 2.10812062685213 15.25
976 11083.7690613522 11083.7690613522 0.636093593261764 2.10812062685213 15.25
977 11085.0533856681 11085.0533856681 0.636093593261764 2.10812062685213 15.25
978 11086.3379431174 11086.3379431174 0.636093593261764 2.10812062685213 15.25
979 11087.6227336191 11087.6227336191 0.636093593261764 2.10812062685213 15.25
980 11088.9077570918 11088.9077570918 0.636093593261764 2.10812062685213 15.25
981 11090.1930134557 11090.1930134557 0.636093593261764 2.10812062685213 15.25
982 11091.4785026287 11091.4785026287 0.636093593261764 2.10812062685213 15.25
983 11092.7642245302 11092.7642245302 0.636093593261764 2.10812062685213 15.25
984 11094.0501790793 11094.0501790793 0.636093593261764 2.10812062685213 15.25
985 11095.3363662021 11095.3363662021 0.636093593261764 2.10812062685213 15.25
986 11096.6227858478 11096.6227858478 0.636093593261764 2.10812062685213 15.25
987 11097.9094378985 11097.9094378985 0.636093593261764 2.10812062685213 15.25
988 11099.1963222734 11099.1963222734 0.636093593261764 2.10812062685213 15.25
989 11100.4834388917 11100.4834388917 0.636093593261764 2.10812062685213 15.25
990 11101.7707876725 11101.7707876725 0.636093593261764 2.10812062685213 15.25
991 11103.0583685351 11103.0583685351 0.636093593261764 2.10812062685213 15.25
992 11104.3461813988 11104.3461813988 0.636093593261764 2.10812062685213 15.25
993 11105.6342261829 11105.6342261829 0.636093593261764 2.10812062685213 15.25
994 11106.9225028066 11106.9225028066 0.636093593261764 2.10812062685213 15.25
995 11108.2110111894 11108.2110111894 0.636093593261764 2.10812062685213 15.25
996 11109.4997512567 11109.4997512567 0.636093593261764 2.10812062685213 15.25
997 11110.7887229599 11110.7887229599 0.636093593261764 2.10812062685213 15.25
998 11112.0779261802 11112.0779261802 0.636093593261764 2.10812062685213 15.25
999 11113.367360837 11113.367360837 0.636093593261764 2.10812062685213 15.25
1000 11114.65702685 11114.65702685 0.636093593261764 2.10812062685213 15.25
1001 11115.9469241384 11115.9469241384 0.636093593261764 2.10812062685213 15.25
1002 11117.2370526218 11117.2370526218 0.636093593261764 2.10812062685213 15.25
1003 11118.5274122198 11118.5274122198 0.636093593261764 2.10812062685213 15.25
1004 11119.8180028514 11119.8180028514 0.636093593261764 2.10812062685213 15.25
1005 11121.1088244375 11121.1088244375 0.636093593261764 2.10812062685213 15.25
1006 11122.3998768964 11122.3998768964 0.636093593261764 2.10812062685213 15.25
1007 11123.6911601529 11123.6911601529 0.636093593261764 2.10812062685213 15.25
1008 11124.9826741614 11124.9826741614 0.636093593261764 2.10812062685213 15.25
1009 11126.2744188024 11126.2744188024 0.636093593261764 2.10812062685213 15.25
1010 11127.5663939943 11127.5663939943 0.636093593261764 2.10812062685213 15.25
1011 11128.8585996582 11128.8585996582 0.636093593261764 2.10812062685213 15.25
1012 11130.1510357133 11130.1510357133 0.636093593261764 2.10812062685213 15.25
1013 11131.4437020794 11131.4437020794 0.636093593261764 2.10812062685213 15.25
1014 11132.7365986762 11132.7365986762 0.636093593261764 2.10812062685213 15.25
1015 11134.0297254235 11134.0297254235 0.636093593261764 2.10812062685213 15.25
1016 11135.3230822412 11135.3230822412 0.636093593261764 2.10812062685213 15.25
1017 11136.6166690487 11136.6166690487 0.636093593261764 2.10812062685213 15.25
1018 11137.910485771 11137.910485771 0.636093593261764 2.10812062685213 15.25
1019 11139.2045323633 11139.2045323633 0.636093593261764 2.10812062685213 15.25
1020 11140.4988087054 11140.4988087054 0.636093593261764 2.10812062685213 15.25
1021 11141.7933147173 11141.7933147173 0.636093593261764 2.10812062685213 15.25
1022 11143.0880503185 11143.0880503185 0.636093593261764 2.10812062685213 15.25
1023 11144.3830154303 11144.3830154303 0.636093593261764 2.10812062685213 15.25
1024 11145.6782099714 11145.6782099714 0.636093593261764 2.10812062685213 15.25
1025 11146.9736338622 11146.9736338622 0.636093593261764 2.10812062685213 15.25
1026 11148.2692870228 11148.2692870228 0.636093593261764 2.10812062685213 15.25
1027 11149.5651693732 11149.5651693732 0.636093593261764 2.10812062685213 15.25
1028 11150.8612808336 11150.8612808336 0.636093593261764 2.10812062685213 15.25
1029 11152.1576213267 11152.1576213267 0.636093593261764 2.10812062685213 15.25
1030 11153.4541908114 11153.4541908114 0.636093593261764 2.10812062685213 15.25
1031 11154.7509891673 11154.7509891673 0.636093593261764 2.10812062685213 15.25
1032 11156.0480163134 11156.0480163134 0.636093593261764 2.10812062685213 15.25
1033 11157.3452721702 11157.3452721702 0.636093593261764 2.10812062685213 15.25
1034 11158.642756658 11158.642756658 0.636093593261764 2.10812062685213 15.25
1035 11159.9404696975 11159.9404696975 0.636093593261764 2.10812062685213 15.25
1036 11161.2384112076 11161.2384112076 0.636093593261764 2.10812062685213 15.25
1037 11162.53658111 11162.53658111 0.636093593261764 2.10812062685213 15.25
1038 11163.8349793246 11163.8349793246 0.636093593261764 2.10812062685213 15.25
1039 11165.1336057716 11165.1336057716 0.636093593261764 2.10812062685213 15.25
1040 11166.4324603728 11166.4324603728 0.636093593261764 2.10812062685213 15.25
1041 11167.7315430905 11167.7315430905 0.636093593261764 2.10812062685213 15.25
1042 11169.0308538018 11169.0308538018 0.636093593261764 2.10812062685213 15.25
1043 11170.3303924273 11170.3303924273 0.636093593261764 2.10812062685213 15.25
1044 11171.6301588873 11171.6301588873 0.636093593261764 2.10812062685213 15.25
1045 11172.9301531024 11172.9301531024 0.636093593261764 2.10812062685213 15.25
1046 11174.2303749931 11174.2303749931 0.636093593261764 2.10812062685213 15.25
1047 11175.5308244798 11175.5308244798 0.636093593261764 2.10812062685213 15.25
1048 11176.8315014832 11176.8315014832 0.636093593261764 2.10812062685213 15.25
1049 11178.1324059238 11178.1324059238 0.636093593261764 2.10812062685213 15.25
1050 11179.4335377222 11179.4335377222 0.636093593261764 2.10812062685213 15.25
1051 11180.7348968 11180.7348968 0.636093593261764 2.10812062685213 15.25
1052 11182.0364831202 11182.0364831202 0.636093593261764 2.10812062685213 15.25
1053 11183.3382965605 11183.3382965605 0.636093593261764 2.10812062685213 15.25
1054 11184.6403370414 11184.6403370414 0.636093593261764 2.10812062685213 15.25
1055 11185.9426044834 11185.9426044834 0.636093593261764 2.10812062685213 15.25
1056 11187.2450988073 11187.2450988073 0.636093593261764 2.10812062685213 15.25
1057 11188.5478199339 11188.5478199339 0.636093593261764 2.10812062685213 15.25
1058 11189.8507677839 11189.8507677839 0.636093593261764 2.10812062685213 15.25
1059 11191.1539422782 11191.1539422782 0.636093593261764 2.10812062685213 15.25
1060 11192.4573433376 11192.4573433376 0.636093593261764 2.10812062685213 15.25
1061 11193.7609708829 11193.7609708829 0.636093593261764 2.10812062685213 15.25
1062 11195.0648248351 11195.0648248351 0.636093593261764 2.10812062685213 15.25
1063 11196.3689051588 11196.3689051588 0.636093593261764 2.10812062685213 15.25
1064 11197.6732117321 11197.6732117321 0.636093593261764 2.10812062685213 15.25
1065 11198.9777444749 11198.9777444749 0.636093593261764 2.10812062685213 15.25
1066 11200.2825033084 11200.2825033084 0.636093593261764 2.10812062685213 15.25
1067 11201.5874881534 11201.5874881534 0.636093593261764 2.10812062685213 15.25
1068 11202.8926989309 11202.8926989309 0.636093593261764 2.10812062685213 15.25
1069 11204.1981355621 11204.1981355621 0.636093593261764 2.10812062685213 15.25
1070 11205.503797968 11205.503797968 0.636093593261764 2.10812062685213 15.25
1071 11206.8096860696 11206.8096860696 0.636093593261764 2.10812062685213 15.25
1072 11208.1157997881 11208.1157997881 0.636093593261764 2.10812062685213 15.25
1073 11209.4221390445 11209.4221390445 0.636093593261764 2.10812062685213 15.25
1074 11210.7287038032 11210.7287038032 0.636093593261764 2.10812062685213 15.25
1075 11212.035493944 11212.035493944 0.636093593261764 2.10812062685213 15.25
1076 11213.3425093863 11213.3425093863 0.636093593261764 2.10812062685213 15.25
1077 11214.6497500514 11214.6497500514 0.636093593261764 2.10812062685213 15.25
1078 11215.9572158605 11215.9572158605 0.636093593261764 2.10812062685213 15.25
1079 11217.2649067349 11217.2649067349 0.636093593261764 2.10812062685213 15.25
1080 11218.5728225959 11218.5728225959 0.636093593261764 2.10812062685213 15.25
1081 11219.8809633647 11219.8809633647 0.636093593261764 2.10812062685213 15.25
1082 11221.1893289628 11221.1893289628 0.636093593261764 2.10812062685213 15.25
1083 11222.4979193114 11222.4979193114 0.636093593261764 2.10812062685213 15.25
1084 11223.8067343321 11223.8067343321 0.636093593261764 2.10812062685213 15.25
1085 11225.1157739883 11225.1157739883 0.636093593261764 2.10812062685213 15.25
1086 11226.4250381616 11226.4250381616 0.636093593261764 2.10812062685213 15.25
1087 11227.7345267716 11227.7345267716 0.636093593261764 2.10812062685213 15.25
1088 11229.0442397394 11229.0442397394 0.636093593261764 2.10812062685213 15.25
1089 11230.3541769865 11230.3541769865 0.636093593261764 2.10812062685213 15.25
1090 11231.6643384343 11231.6643384343 0.636093593261764 2.10812062685213 15.25
1091 11232.9747240045 11232.9747240045 0.636093593261764 2.10812062685213 15.25
1092 11234.2853336185 11234.2853336185 0.636093593261764 2.10812062685213 15.25
1093 11235.5961671981 11235.5961671981 0.636093593261764 2.10812062685213 15.25
1094 11236.9072246648 11236.9072246648 0.636093593261764 2.10812062685213 15.25
1095 11238.2185059402 11238.2185059402 0.636093593261764 2.10812062685213 15.25
1096 11239.530010987 11239.530010987 0.636093593261764 2.10812062685213 15.25
1097 11240.84173969 11240.84173969 0.636093593261764 2.10812062685213 15.25
1098 11242.1536919672 11242.1536919672 0.636093593261764 2.10812062685213 15.25
1099 11243.4658677391 11243.4658677391 0.636093593261764 2.10812062685213 15.25
1100 11244.7782669288 11244.7782669288 0.636093593261764 2.10812062685213 15.25
1101 11246.0908894576 11246.0908894576 0.636093593261764 2.10812062685213 15.25
1102 11247.4037352472 11247.4037352472 0.636093593261764 2.10812062685213 15.25
1103 11248.7168042196 11248.7168042196 0.636093593261764 2.10812062685213 15.25
1104 11250.0300962966 11250.0300962966 0.636093593261764 2.10812062685213 15.25
1105 11251.3436113996 11251.3436113996 0.636093593261764 2.10812062685213 15.25
1106 11252.6573494518 11252.6573494518 0.636093593261764 2.10812062685213 15.25
1107 11253.9713104135 11253.9713104135 0.636093593261764 2.10812062685213 15.25
1108 11255.2854941728 11255.2854941728 0.636093593261764 2.10812062685213 15.25
1109 11256.5999006467 11256.5999006467 0.636093593261764 2.10812062685213 15.25
1110 11257.9145297559 11257.9145297559 0.636093593261764 2.10812062685213 15.25
1111 11259.2293814237 11259.2293814237 0.636093593261764 2.10812062685213 15.25
1112 11260.5444555718 11260.5444555718 0.636093593261764 2.10812062685213 15.25
1113 11261.8597521221 11261.8597521221 0.636093593261764 2.10812062685213 15.25
1114 11263.1752709968 11263.1752709968 0.636093593261764 2.10812062685213 15.25
1115 11264.4910121179 11264.4910121179 0.636093593261764 2.10812062685213 15.25
1116 11265.8069754077 11265.8069754077 0.636093593261764 2.10812062685213 15.25
1117 11267.1231607881 11267.1231607881 0.636093593261764 2.10812062685213 15.25
1118 11268.4395682199 11268.4395682199 0.636093593261764 2.10812062685213 15.25
1119 11269.7561975936 11269.7561975936 0.636093593261764 2.10812062685213 15.25
1120 11271.0730488246 11271.0730488246 0.636093593261764 2.10812062685213 15.25
1121 11272.3901218352 11272.3901218352 0.636093593261764 2.10812062685213 15.25
1122 11273.7074165476 11273.7074165476 0.636093593261764 2.10812062685213 15.25
1123 11275.0249328837 11275.0249328837 0.636093593261764 2.10812062685213 15.25
1124 11276.3426707673 11276.3426707673 0.636093593261764 2.10812062685213 15.25
1125 11277.6606301191 11277.6606301191 0.636093593261764 2.10812062685213 15.25
1126 11278.9788108621 11278.9788108621 0.636093593261764 2.10812062685213 15.25
1127 11280.2972129186 11280.2972129186 0.636093593261764 2.10812062685213 15.25
1128 11281.6158362116 11281.6158362116 0.636093593261764 2.10812062685213 15.25
1129 11282.9346806995 11282.9346806995 0.636093593261764 2.10812062685213 15.25
1130 11284.2537462765 11284.2537462765 0.636093593261764 2.10812062685213 15.25
1131 11285.5730328568 11285.5730328568 0.636093593261764 2.10812062685213 15.25
1132 11286.8925403629 11286.8925403629 0.636093593261764 2.10812062685213 15.25
1133 11288.2122687173 11288.2122687173 0.636093593261764 2.10812062685213 15.25
1134 11289.5322178426 11289.5322178426 0.636093593261764 2.10812062685213 15.25
1135 11290.8523876614 11290.8523876614 0.636093593261764 2.10812062685213 15.25
1136 11292.1727780962 11292.1727780962 0.636093593261764 2.10812062685213 15.25
1137 11293.4933890701 11293.4933890701 0.636093593261764 2.10812062685213 15.25
1138 11294.8142205045 11294.8142205045 0.636093593261764 2.10812062685213 15.25
1139 11296.1352723232 11296.1352723232 0.636093593261764 2.10812062685213 15.25
1140 11297.4565444849 11297.4565444849 0.636093593261764 2.10812062685213 15.25
1141 11298.778036885 11298.778036885 0.636093593261764 2.10812062685213 15.25
1142 11300.0997494373 11300.0997494373 0.636093593261764 2.10812062685213 15.25
1143 11301.4216820648 11301.4216820648 0.636093593261764 2.10812062685213 15.25
1144 11302.7438346891 11302.7438346891 0.636093593261764 2.10812062685213 15.25
1145 11304.0662072343 11304.0662072343 0.636093593261764 2.10812062685213 15.25
1146 11305.3887996232 11305.3887996232 0.636093593261764 2.10812062685213 15.25
1147 11306.7116117773 11306.7116117773 0.636093593261764 2.10812062685213 15.25
1148 11308.0346436208 11308.0346436208 0.636093593261764 2.10812062685213 15.25
1149 11309.3578950767 11309.3578950767 0.636093593261764 2.10812062685213 15.25
1150 11310.6813660665 11310.6813660665 0.636093593261764 2.10812062685213 15.25
1151 11312.0050565499 11312.0050565499 0.636093593261764 2.10812062685213 15.25
1152 11313.3289664241 11313.3289664241 0.636093593261764 2.10812062685213 15.25
1153 11314.6530956019 11314.6530956019 0.636093593261764 2.10812062685213 15.25
1154 11315.9774440065 11315.9774440065 0.636093593261764 2.10812062685213 15.25
1155 11317.3020115608 11317.3020115608 0.636093593261764 2.10812062685213 15.25
1156 11318.626798188 11318.626798188 0.636093593261764 2.10812062685213 15.25
1157 11319.951803811 11319.951803811 0.636093593261764 2.10812062685213 15.25
1158 11321.2770283531 11321.2770283531 0.636093593261764 2.10812062685213 15.25
1159 11322.6024717373 11322.6024717373 0.636093593261764 2.10812062685213 15.25
1160 11323.9281338868 11323.9281338868 0.636093593261764 2.10812062685213 15.25
1161 11325.2540147251 11325.2540147251 0.636093593261764 2.10812062685213 15.25
1162 11326.5801142084 11326.5801142084 0.636093593261764 2.10812062685213 15.25
1163 11327.9064322388 11327.9064322388 0.636093593261764 2.10812062685213 15.25
1164 11329.2329687265 11329.2329687265 0.636093593261764 2.10812062685213 15.25
1165 11330.559723596 11330.559723596 0.636093593261764 2.10812062685213 15.25
1166 11331.8866967703 11331.8866967703 0.636093593261764 2.10812062685213 15.25
1167 11333.2138881725 11333.2138881725 0.636093593261764 2.10812062685213 15.25
1168 11334.5412977261 11334.5412977261 0.636093593261764 2.10812062685213 15.25
1169 11335.8689253544 11335.8689253544 0.636093593261764 2.10812062685213 15.25
1170 11337.1967709812 11337.1967709812 0.636093593261764 2.10812062685213 15.25
1171 11338.5248345287 11338.5248345287 0.636093593261764 2.10812062685213 15.25
1172 11339.8531159215 11339.8531159215 0.636093593261764 2.10812062685213 15.25
1173 11341.181615116 11341.181615116 0.636093593261764 2.10812062685213 15.25
1174 11342.5103320147 11342.5103320147 0.636093593261764 2.10812062685213 15.25
1175 11343.8392665283 11343.8392665283 0.636093593261764 2.10812062685213 15.25
1176 11345.1684185817 11345.1684185817 0.636093593261764 2.10812062685213 15.25
1177 11346.4977880971 11346.4977880971 0.636093593261764 2.10812062685213 15.25
1178 11347.8273749986 11347.8273749986 0.636093593261764 2.10812062685213 15.25
1179 11349.1571792097 11349.1571792097 0.636093593261764 2.10812062685213 15.25
1180 11350.487200654 11350.487200654 0.636093593261764 2.10812062685213 15.25
1181 11351.8174392552 11351.8174392552 0.636093593261764 2.10812062685213 15.25
1182 11353.1478949369 11353.1478949369 0.636093593261764 2.10812062685213 15.25
1183 11354.4785676228 11354.4785676228 0.636093593261764 2.10812062685213 15.25
1184 11355.8094572687 11355.8094572687 0.636093593261764 2.10812062685213 15.25
1185 11357.1405637799 11357.1405637799 0.636093593261764 2.10812062685213 15.25
1186 11358.4718870666 11358.4718870666 0.636093593261764 2.10812062685213 15.25
1187 11359.803427053 11359.803427053 0.636093593261764 2.10812062685213 15.25
1188 11361.1351836615 11361.1351836615 0.636093593261764 2.10812062685213 15.25
1189 11362.4671568173 11362.4671568173 0.636093593261764 2.10812062685213 15.25
1190 11363.7993464439 11363.7993464439 0.636093593261764 2.10812062685213 15.25
1191 11365.131752465 11365.131752465 0.636093593261764 2.10812062685213 15.25
1192 11366.4643748046 11366.4643748046 0.636093593261764 2.10812062685213 15.25
1193 11367.7972133866 11367.7972133866 0.636093593261764 2.10812062685213 15.25
1194 11369.1302681349 11369.1302681349 0.636093593261764 2.10812062685213 15.25
1195 11370.4635390042 11370.4635390042 0.636093593261764 2.10812062685213 15.25
1196 11371.797025903 11371.797025903 0.636093593261764 2.10812062685213 15.25
1197 11373.13072874 11373.13072874 0.636093593261764 2.10812062685213 15.25
1198 11374.4646474395 11374.4646474395 0.636093593261764 2.10812062685213 15.25
1199 11375.7987819253 11375.7987819253 0.636093593261764 2.10812062685213 15.25
1200 11377.1331321217 11377.1331321217 0.636093593261764 2.10812062685213 15.25
1201 11378.4676979527 11378.4676979527 0.636093593261764 2.10812062685213 15.25
1202 11379.8024793425 11379.8024793425 0.636093593261764 2.10812062685213 15.25
1203 11381.1374762152 11381.1374762152 0.636093593261764 2.10812062685213 15.25
1204 11382.4726884949 11382.4726884949 0.636093593261764 2.10812062685213 15.25
1205 11383.808116106 11383.808116106 0.636093593261764 2.10812062685213 15.25
1206 11385.1437590024 11385.1437590024 0.636093593261764 2.10812062685213 15.25
1207 11386.4796170945 11386.4796170945 0.636093593261764 2.10812062685213 15.25
1208 11387.8156902912 11387.8156902912 0.636093593261764 2.10812062685213 15.25
1209 11389.1519785153 11389.1519785153 0.636093593261764 2.10812062685213 15.25
1210 11390.4884816925 11390.4884816925 0.636093593261764 2.10812062685213 15.25
1211 11391.8251997467 11391.8251997467 0.636093593261764 2.10812062685213 15.25
1212 11393.1621326023 11393.1621326023 0.636093593261764 2.10812062685213 15.25
1213 11394.4992801837 11394.4992801837 0.636093593261764 2.10812062685213 15.25
1214 11395.8366424152 11395.8366424152 0.636093593261764 2.10812062685213 15.25
1215 11397.1742192213 11397.1742192213 0.636093593261764 2.10812062685213 15.25
1216 11398.5120105264 11398.5120105264 0.636093593261764 2.10812062685213 15.25
1217 11399.8500162835 11399.8500162835 0.636093593261764 2.10812062685213 15.25
1218 11401.1882364062 11401.1882364062 0.636093593261764 2.10812062685213 15.25
1219 11402.5266708014 11402.5266708014 0.636093593261764 2.10812062685213 15.25
1220 11403.8653193938 11403.8653193938 0.636093593261764 2.10812062685213 15.25
1221 11405.2041821078 11405.2041821078 0.636093593261764 2.10812062685213 15.25
1222 11406.5432588682 11406.5432588682 0.636093593261764 2.10812062685213 15.25
1223 11407.8825495995 11407.8825495995 0.636093593261764 2.10812062685213 15.25
1224 11409.2220542264 11409.2220542264 0.636093593261764 2.10812062685213 15.25
1225 11410.5617726735 11410.5617726735 0.636093593261764 2.10812062685213 15.25
1226 11411.9017048656 11411.9017048656 0.636093593261764 2.10812062685213 15.25
1227 11413.2418507273 11413.2418507273 0.636093593261764 2.10812062685213 15.25
1228 11414.5822102109 11414.5822102109 0.636093593261764 2.10812062685213 15.25
1229 11415.9227832326 11415.9227832326 0.636093593261764 2.10812062685213 15.25
1230 11417.2635696973 11417.2635696973 0.636093593261764 2.10812062685213 15.25
1231 11418.6045695312 11418.6045695312 0.636093593261764 2.10812062685213 15.25
1232 11419.9457826587 11419.9457826587 0.636093593261764 2.10812062685213 15.25
1233 11421.2872090047 11421.2872090047 0.636093593261764 2.10812062685213 15.25
1234 11422.6288484939 11422.6288484939 0.636093593261764 2.10812062685213 15.25
1235 11423.9707010514 11423.9707010514 0.636093593261764 2.10812062685213 15.25
1236 11425.3127666025 11425.3127666025 0.636093593261764 2.10812062685213 15.25
1237 11426.6550450707 11426.6550450707 0.636093593261764 2.10812062685213 15.25
1238 11427.9975363825 11427.9975363825 0.636093593261764 2.10812062685213 15.25
1239 11429.3402404886 11429.3402404886 0.636093593261764 2.10812062685213 15.25
1240 11430.683157308 11430.683157308 0.636093593261764 2.10812062685213 15.25
1241 11432.0262867447 11432.0262867447 0.636093593261764 2.10812062685213 15.25
1242 11433.369628725 11433.369628725 0.636093593261764 2.10812062685213 15.25
1243 11434.7131831736 11434.7131831736 0.636093593261764 2.10812062685213 15.25
1244 11436.0569500156 11436.0569500156 0.636093593261764 2.10812062685213 15.25
1245 11437.4009291761 11437.4009291761 0.636093593261764 2.10812062685213 15.25
1246 11438.7451205803 11438.7451205803 0.636093593261764 2.10812062685213 15.25
1247 11440.0895241534 11440.0895241534 0.636093593261764 2.10812062685213 15.25
1248 11441.4341398205 11441.4341398205 0.636093593261764 2.10812062685213 15.25
1249 11442.778967507 11442.778967507 0.636093593261764 2.10812062685213 15.25
1250 11444.1240071629 11444.1240071629 0.636093593261764 2.10812062685213 15.25
1251 11445.4692587099 11445.4692587099 0.636093593261764 2.10812062685213 15.25
1252 11446.8147220525 11446.8147220525 0.636093593261764 2.10812062685213 15.25
1253 11448.1603971147 11448.1603971147 0.636093593261764 2.10812062685213 15.25
1254 11449.5062838231 11449.5062838231 0.636093593261764 2.10812062685213 15.25
1255 11450.8523821028 11450.8523821028 0.636093593261764 2.10812062685213 15.25
1256 11452.1986918789 11452.1986918789 0.636093593261764 2.10812062685213 15.25
1257 11453.5452130771 11453.5452130771 0.636093593261764 2.10812062685213 15.25
1258 11454.8919456227 11454.8919456227 0.636093593261764 2.10812062685213 15.25
1259 11456.2388894412 11456.2388894412 0.636093593261764 2.10812062685213 15.25
1260 11457.5860444581 11457.5860444581 0.636093593261764 2.10812062685213 15.25
1261 11458.9334106228 11458.9334106228 0.636093593261764 2.10812062685213 15.25
1262 11460.2809878592 11460.2809878592 0.636093593261764 2.10812062685213 15.25
1263 11461.6287760706 11461.6287760706 0.636093593261764 2.10812062685213 15.25
1264 11462.976775183 11462.976775183 0.636093593261764 2.10812062685213 15.25
1265 11464.3249851207 11464.3249851207 0.636093593261764 2.10812062685213 15.25
1266 11465.6734058106 11465.6734058106 0.636093593261764 2.10812062685213 15.25
1267 11467.0220371779 11467.0220371779 0.636093593261764 2.10812062685213 15.25
1268 11468.3708791484 11468.3708791484 0.636093593261764 2.10812062685213 15.25
1269 11469.7199316476 11469.7199316476 0.636093593261764 2.10812062685213 15.25
1270 11471.0691946014 11471.0691946014 0.636093593261764 2.10812062685213 15.25
1271 11472.418667936 11472.418667936 0.636093593261764 2.10812062685213 15.25
1272 11473.7683515983 11473.7683515983 0.636093593261764 2.10812062685213 15.25
1273 11475.1182455165 11475.1182455165 0.636093593261764 2.10812062685213 15.25
1274 11476.4683495924 11476.4683495924 0.636093593261764 2.10812062685213 15.25
1275 11477.8186637518 11477.8186637518 0.636093593261764 2.10812062685213 15.25
1276 11479.1691879205 11479.1691879205 0.636093593261764 2.10812062685213 15.25
1277 11480.5199220244 11480.5199220244 0.636093593261764 2.10812062685213 15.25
1278 11481.8708659895 11481.8708659895 0.636093593261764 2.10812062685213 15.25
1279 11483.2220197421 11483.2220197421 0.636093593261764 2.10812062685213 15.25
1280 11484.5733832063 11484.5733832063 0.636093593261764 2.10812062685213 15.25
1281 11485.9249563105 11485.9249563105 0.636093593261764 2.10812062685213 15.25
1282 11487.2767389801 11487.2767389801 0.636093593261764 2.10812062685213 15.25
1283 11488.6287311621 11488.6287311621 0.636093593261764 2.10812062685213 15.25
1284 11489.9809327852 11489.9809327852 0.636093593261764 2.10812062685213 15.25
1285 11491.3333437524 11491.3333437524 0.636093593261764 2.10812062685213 15.25
1286 11492.6859639879 11492.6859639879 0.636093593261764 2.10812062685213 15.25
1287 11494.0387934188 11494.0387934188 0.636093593261764 2.10812062685213 15.25
1288 11495.3918319721 11495.3918319721 0.636093593261764 2.10812062685213 15.25
1289 11496.7450795726 11496.7450795726 0.636093593261764 2.10812062685213 15.25
1290 11498.0985361469 11498.0985361469 0.636093593261764 2.10812062685213 15.25
1291 11499.4522016213 11499.4522016213 0.636093593261764 2.10812062685213 15.25
1292 11500.806075922 11500.806075922 0.636093593261764 2.10812062685213 15.25
1293 11502.1601589752 11502.1601589752 0.636093593261764 2.10812062685213 15.25
1294 11503.5144507276 11503.5144507276 0.636093593261764 2.10812062685213 15.25
1295 11504.8689511112 11504.8689511112 0.636093593261764 2.10812062685213 15.25
1296 11506.2236600263 11506.2236600263 0.636093593261764 2.10812062685213 15.25
1297 11507.5785773992 11507.5785773992 0.636093593261764 2.10812062685213 15.25
1298 11508.9337031563 11508.9337031563 0.636093593261764 2.10812062685213 15.25
1299 11510.2890372239 11510.2890372239 0.636093593261764 2.10812062685213 15.25
1300 11511.6445795286 11511.6445795286 0.636093593261764 2.10812062685213 15.25
1301 11513.0003299967 11513.0003299967 0.636093593261764 2.10812062685213 15.25
1302 11514.3562885547 11514.3562885547 0.636093593261764 2.10812062685213 15.25
1303 11515.7124551291 11515.7124551291 0.636093593261764 2.10812062685213 15.25
1304 11517.0688296464 11517.0688296464 0.636093593261764 2.10812062685213 15.25
1305 11518.4254120523 11518.4254120523 0.636093593261764 2.10812062685213 15.25
1306 11519.7822022821 11519.7822022821 0.636093593261764 2.10812062685213 15.25
1307 11521.1392002335 11521.1392002335 0.636093593261764 2.10812062685213 15.25
1308 11522.4964058347 11522.4964058347 0.636093593261764 2.10812062685213 15.25
1309 11523.8538190117 11523.8538190117 0.636093593261764 2.10812062685213 15.25
1310 11525.2114396911 11525.2114396911 0.636093593261764 2.10812062685213 15.25
1311 11526.5692677998 11526.5692677998 0.636093593261764 2.10812062685213 15.25
1312 11527.9273032643 11527.9273032643 0.636093593261764 2.10812062685213 15.25
1313 11529.2855460115 11529.2855460115 0.636093593261764 2.10812062685213 15.25
1314 11530.6439959679 11530.6439959679 0.636093593261764 2.10812062685213 15.25
1315 11532.0026530605 11532.0026530605 0.636093593261764 2.10812062685213 15.25
1316 11533.3615172342 11533.3615172342 0.636093593261764 2.10812062685213 15.25
1317 11534.720588426 11534.720588426 0.636093593261764 2.10812062685213 15.25
1318 11536.0798665344 11536.0798665344 0.636093593261764 2.10812062685213 15.25
1319 11537.4393514862 11537.4393514862 0.636093593261764 2.10812062685213 15.25
1320 11538.7990432084 11538.7990432084 0.636093593261764 2.10812062685213 15.25
1321 11540.1589416278 11540.1589416278 0.636093593261764 2.10812062685213 15.25
1322 11541.5190466714 11541.5190466714 0.636093593261764 2.10812062685213 15.25
1323 11542.8793582661 11542.8793582661 0.636093593261764 2.10812062685213 15.25
1324 11544.2398763389 11544.2398763389 0.636093593261764 2.10812062685213 15.25
1325 11545.6006008168 11545.6006008168 0.636093593261764 2.10812062685213 15.25
1326 11546.9615316269 11546.9615316269 0.636093593261764 2.10812062685213 15.25
1327 11548.3226687129 11548.3226687129 0.636093593261764 2.10812062685213 15.25
1328 11549.6840120151 11549.6840120151 0.636093593261764 2.10812062685213 15.25
1329 11551.0455614307 11551.0455614307 0.636093593261764 2.10812062685213 15.25
1330 11552.4073168867 11552.4073168867 0.636093593261764 2.10812062685213 15.25
1331 11553.7692783104 11553.7692783104 0.636093593261764 2.10812062685213 15.25
1332 11555.1314456284 11555.1314456284 0.636093593261764 2.10812062685213 15.25
1333 11556.4938187694 11556.4938187694 0.636093593261764 2.10812062685213 15.25
1334 11557.856397659 11557.856397659 0.636093593261764 2.10812062685213 15.25
1335 11559.2191822251 11559.2191822251 0.636093593261764 2.10812062685213 15.25
1336 11560.582172395 11560.582172395 0.636093593261764 2.10812062685213 15.25
1337 11561.9453680957 11561.9453680957 0.636093593261764 2.10812062685213 15.25
1338 11563.3087692707 11563.3087692707 0.636093593261764 2.10812062685213 15.25
1339 11564.6723758617 11564.6723758617 0.636093593261764 2.10812062685213 15.25
1340 11566.0361877662 11566.0361877662 0.636093593261764 2.10812062685213 15.25
1341 11567.400204911 11567.400204911 0.636093593261764 2.10812062685213 15.25
1342 11568.7644272236 11568.7644272236 0.636093593261764 2.10812062685213 15.25
1343 11570.1288546314 11570.1288546314 0.636093593261764 2.10812062685213 15.25
1344 11571.4934870618 11571.4934870618 0.636093593261764 2.10812062685213 15.25
1345 11572.8583244423 11572.8583244423 0.636093593261764 2.10812062685213 15.25
1346 11574.2233667004 11574.2233667004 0.636093593261764 2.10812062685213 15.25
1347 11575.5886137632 11575.5886137632 0.636093593261764 2.10812062685213 15.25
1348 11576.9540655595 11576.9540655595 0.636093593261764 2.10812062685213 15.25
1349 11578.3197220301 11578.3197220301 0.636093593261764 2.10812062685213 15.25
1350 11579.6855831209 11579.6855831209 0.636093593261764 2.10812062685213 15.25
1351 11581.051648727 11581.051648727 0.636093593261764 2.10812062685213 15.25
1352 11582.4179187762 11582.4179187762 0.636093593261764 2.10812062685213 15.25
1353 11583.7843931962 11583.7843931962 0.636093593261764 2.10812062685213 15.25
1354 11585.1510719145 11585.1510719145 0.636093593261764 2.10812062685213 15.25
1355 11586.5179548589 11586.5179548589 0.636093593261764 2.10812062685213 15.25
1356 11587.8850419572 11587.8850419572 0.636093593261764 2.10812062685213 15.25
1357 11589.252333137 11589.252333137 0.636093593261764 2.10812062685213 15.25
1358 11590.6198283262 11590.6198283262 0.636093593261764 2.10812062685213 15.25
1359 11591.9875274525 11591.9875274525 0.636093593261764 2.10812062685213 15.25
1360 11593.3554304569 11593.3554304569 0.636093593261764 2.10812062685213 15.25
1361 11594.7235372884 11594.7235372884 0.636093593261764 2.10812062685213 15.25
1362 11596.0918478396 11596.0918478396 0.636093593261764 2.10812062685213 15.25
1363 11597.4603620399 11597.4603620399 0.636093593261764 2.10812062685213 15.25
1364 11598.8290798166 11598.8290798166 0.636093593261764 2.10812062685213 15.25
1365 11600.1980010978 11600.1980010978 0.636093593261764 2.10812062685213 15.25
1366 11601.5671258114 11601.5671258114 0.636093593261764 2.10812062685213 15.25
1367 11602.9364538848 11602.9364538848 0.636093593261764 2.10812062685213 15.25
1368 11604.3059852476 11604.3059852476 0.636093593261764 2.10812062685213 15.25
1369 11605.6757198263 11605.6757198263 0.636093593261764 2.10812062685213 15.25
1370 11607.0456575494 11607.0456575494 0.636093593261764 2.10812062685213 15.25
1371 11608.4157983564 11608.4157983564 0.636093593261764 2.10812062685213 15.25
1372 11609.7861422002 11609.7861422002 0.636093593261764 2.10812062685213 15.25
1373 11611.1566889723 11611.1566889723 0.636093593261764 2.10812062685213 15.25
1374 11612.5274386017 11612.5274386017 0.636093593261764 2.10812062685213 15.25
1375 11613.8983910153 11613.8983910153 0.636093593261764 2.10812062685213 15.25
1376 11615.2695461427 11615.2695461427 0.636093593261764 2.10812062685213 15.25
1377 11616.640903912 11616.640903912 0.636093593261764 2.10812062685213 15.25
1378 11618.0124642501 11618.0124642501 0.636093593261764 2.10812062685213 15.25
1379 11619.3842270866 11619.3842270866 0.636093593261764 2.10812062685213 15.25
1380 11620.7561923494 11620.7561923494 0.636093593261764 2.10812062685213 15.25
1381 11622.1283599668 11622.1283599668 0.636093593261764 2.10812062685213 15.25
1382 11623.5007298784 11623.5007298784 0.636093593261764 2.10812062685213 15.25
1383 11624.8733020366 11624.8733020366 0.636093593261764 2.10812062685213 15.25
1384 11626.2460763349 11626.2460763349 0.636093593261764 2.10812062685213 15.25
1385 11627.6190527013 11627.6190527013 0.636093593261764 2.10812062685213 15.25
1386 11628.9922310642 11628.9922310642 0.636093593261764 2.10812062685213 15.25
1387 11630.3656113525 11630.3656113525 0.636093593261764 2.10812062685213 15.25
1388 11631.7391934933 11631.7391934933 0.636093593261764 2.10812062685213 15.25
1389 11633.1129774164 11633.1129774164 0.636093593261764 2.10812062685213 15.25
1390 11634.4869630499 11634.4869630499 0.636093593261764 2.10812062685213 15.25
1391 11635.8611503225 11635.8611503225 0.636093593261764 2.10812062685213 15.25
1392 11637.2355391625 11637.2355391625 0.636093593261764 2.10812062685213 15.25
1393 11638.6101295081 11638.6101295081 0.636093593261764 2.10812062685213 15.25
1394 11639.9849213162 11639.9849213162 0.636093593261764 2.10812062685213 15.25
1395 11641.3599144776 11641.3599144776 0.636093593261764 2.10812062685213 15.25
1396 11642.7351089211 11642.7351089211 0.636093593261764 2.10812062685213 15.25
1397 11644.1105045752 11644.1105045752 0.636093593261764 2.10812062685213 15.25
1398 11645.4861013688 11645.4861013688 0.636093593261764 2.10812062685213 15.25
1399 11646.8618992306 11646.8618992306 0.636093593261764 2.10812062685213 15.25
1400 11648.2378980892 11648.2378980892 0.636093593261764 2.10812062685213 15.25
1401 11649.6140978731 11649.6140978731 0.636093593261764 2.10812062685213 15.25
1402 11650.9904985123 11650.9904985123 0.636093593261764 2.10812062685213 15.25
1403 11652.3670999344 11652.3670999344 0.636093593261764 2.10812062685213 15.25
1404 11653.7439020771 11653.7439020771 0.636093593261764 2.10812062685213 15.25
1405 11655.1209048996 11655.1209048996 0.636093593261764 2.10812062685213 15.25
1406 11656.4981082919 11656.4981082919 0.636093593261764 2.10812062685213 15.25
1407 11657.8755121836 11657.8755121836 0.636093593261764 2.10812062685213 15.25
1408 11659.253116502 11659.253116502 0.636093593261764 2.10812062685213 15.25
1409 11660.6309211777 11660.6309211777 0.636093593261764 2.10812062685213 15.25
1410 11662.008926139 11662.008926139 0.636093593261764 2.10812062685213 15.25
1411 11663.3871313155 11663.3871313155 0.636093593261764 2.10812062685213 15.25
1412 11664.7655366348 11664.7655366348 0.636093593261764 2.10812062685213 15.25
1413 11666.1441420274 11666.1441420274 0.636093593261764 2.10812062685213 15.25
1414 11667.5229474218 11667.5229474218 0.636093593261764 2.10812062685213 15.25
1415 11668.9019527543 11668.9019527543 0.636093593261764 2.10812062685213 15.25
1416 11670.2811579871 11670.2811579871 0.636093593261764 2.10812062685213 15.25
1417 11671.6605630097 11671.6605630097 0.636093593261764 2.10812062685213 15.25
1418 11673.0401677497 11673.0401677497 0.636093593261764 2.10812062685213 15.25
1419 11674.4199721377 11674.4199721377 0.636093593261764 2.10812062685213 15.25
1420 11675.7999761026 11675.7999761026 0.636093593261764 2.10812062685213 15.25
1421 11677.1801795736 11677.1801795736 0.636093593261764 2.10812062685213 15.25
1422 11678.5605824799 11678.5605824799 0.636093593261764 2.10812062685213 15.25
1423 11679.9411847508 11679.9411847508 0.636093593261764 2.10812062685213 15.25
1424 11681.3219863156 11681.3219863156 0.636093593261764 2.10812062685213 15.25
1425 11682.7029871037 11682.7029871037 0.636093593261764 2.10812062685213 15.25
1426 11684.08418705 11684.08418705 0.636093593261764 2.10812062685213 15.25
1427 11685.4655861201 11685.4655861201 0.636093593261764 2.10812062685213 15.25
1428 11686.8471842015 11686.8471842015 0.636093593261764 2.10812062685213 15.25
1429 11688.2289812238 11688.2289812238 0.636093593261764 2.10812062685213 15.25
1430 11689.6109771159 11689.6109771159 0.636093593261764 2.10812062685213 15.25
1431 11690.9931718086 11690.9931718086 0.636093593261764 2.10812062685213 15.25
1432 11692.3755652302 11692.3755652302 0.636093593261764 2.10812062685213 15.25
1433 11693.7581573105 11693.7581573105 0.636093593261764 2.10812062685213 15.25
1434 11695.140947979 11695.140947979 0.636093593261764 2.10812062685213 15.25
1435 11696.5239371655 11696.5239371655 0.636093593261764 2.10812062685213 15.25
1436 11697.9071247993 11697.9071247993 0.636093593261764 2.10812062685213 15.25
1437 11699.2905108155 11699.2905108155 0.636093593261764 2.10812062685213 15.25
1438 11700.6740951801 11700.6740951801 0.636093593261764 2.10812062685213 15.25
1439 11702.0578777816 11702.0578777816 0.636093593261764 2.10812062685213 15.25
1440 11703.4418585491 11703.4418585491 0.636093593261764 2.10812062685213 15.25
1441 11704.8260374123 11704.8260374123 0.636093593261764 2.10812062685213 15.25
1442 11706.210414301 11706.210414301 0.636093593261764 2.10812062685213 15.25
1443 11707.5949891454 11707.5949891454 0.636093593261764 2.10812062685213 15.25
1444 11708.9797618739 11708.9797618739 0.636093593261764 2.10812062685213 15.25
1445 11710.3647324176 11710.3647324176 0.636093593261764 2.10812062685213 15.25
1446 11711.7499007059 11711.7499007059 0.636093593261764 2.10812062685213 15.25
1447 11713.1352666686 11713.1352666686 0.636093593261764 2.10812062685213 15.25
1448 11714.520830239 11714.520830239 0.636093593261764 2.10812062685213 15.25
1449 11715.9065913879 11715.9065913879 0.636093593261764 2.10812062685213 15.25
1450 11717.2925500008 11717.2925500008 0.636093593261764 2.10812062685213 15.25
1451 11718.6787060078 11718.6787060078 0.636093593261764 2.10812062685213 15.25
1452 11720.0650593388 11720.0650593388 0.636093593261764 2.10812062685213 15.25
1453 11721.4516099239 11721.4516099239 0.636093593261764 2.10812062685213 15.25
1454 11722.8383576929 11722.8383576929 0.636093593261764 2.10812062685213 15.25
1455 11724.225302576 11724.225302576 0.636093593261764 2.10812062685213 15.25
1456 11725.6124445031 11725.6124445031 0.636093593261764 2.10812062685213 15.25
1457 11726.9997834044 11726.9997834044 0.636093593261764 2.10812062685213 15.25
1458 11728.38731921 11728.38731921 0.636093593261764 2.10812062685213 15.25
1459 11729.7750518519 11729.7750518519 0.636093593261764 2.10812062685213 15.25
1460 11731.1629813039 11731.1629813039 0.636093593261764 2.10812062685213 15.25
1461 11732.5511074507 11732.5511074507 0.636093593261764 2.10812062685213 15.25
1462 11733.9394302224 11733.9394302224 0.636093593261764 2.10812062685213 15.25
1463 11735.3279495491 11735.3279495491 0.636093593261764 2.10812062685213 15.25
1464 11736.7166653612 11736.7166653612 0.636093593261764 2.10812062685213 15.25
1465 11738.1055775889 11738.1055775889 0.636093593261764 2.10812062685213 15.25
1466 11739.494686162 11739.494686162 0.636093593261764 2.10812062685213 15.25
1467 11740.8839910123 11740.8839910123 0.636093593261764 2.10812062685213 15.25
1468 11742.2734920686 11742.2734920686 0.636093593261764 2.10812062685213 15.25
1469 11743.6631892617 11743.6631892617 0.636093593261764 2.10812062685213 15.25
1470 11745.053082523 11745.053082523 0.636093593261764 2.10812062685213 15.25
1471 11746.4431718287 11746.4431718287 0.636093593261764 2.10812062685213 15.25
1472 11747.8334570625 11747.8334570625 0.636093593261764 2.10812062685213 15.25
1473 11749.2239381548 11749.2239381548 0.636093593261764 2.10812062685213 15.25
1474 11750.614615036 11750.614615036 0.636093593261764 2.10812062685213 15.25
1475 11752.0054876368 11752.0054876368 0.636093593261764 2.10812062685213 15.25
1476 11753.3965558875 11753.3965558875 0.636093593261764 2.10812062685213 15.25
1477 11754.7878197188 11754.7878197188 0.636093593261764 2.10812062685213 15.25
1478 11756.1792790611 11756.1792790611 0.636093593261764 2.10812062685213 15.25
1479 11757.5709338451 11757.5709338451 0.636093593261764 2.10812062685213 15.25
1480 11758.9627840014 11758.9627840014 0.636093593261764 2.10812062685213 15.25
1481 11760.3548294605 11760.3548294605 0.636093593261764 2.10812062685213 15.25
1482 11761.7470702006 11761.7470702006 0.636093593261764 2.10812062685213 15.25
1483 11763.1395061053 11763.1395061053 0.636093593261764 2.10812062685213 15.25
1484 11764.532137105 11764.532137105 0.636093593261764 2.10812062685213 15.25
1485 11765.9249631303 11765.9249631303 0.636093593261764 2.10812062685213 15.25
1486 11767.317984112 11767.317984112 0.636093593261764 2.10812062685213 15.25
1487 11768.7111999809 11768.7111999809 0.636093593261764 2.10812062685213 15.25
1488 11770.1046106678 11770.1046106678 0.636093593261764 2.10812062685213 15.25
1489 11771.4982161035 11771.4982161035 0.636093593261764 2.10812062685213 15.25
1490 11772.8920162187 11772.8920162187 0.636093593261764 2.10812062685213 15.25
1491 11774.286010945 11774.286010945 0.636093593261764 2.10812062685213 15.25
1492 11775.6802002111 11775.6802002111 0.636093593261764 2.10812062685213 15.25
1493 11777.0745839969 11777.0745839969 0.636093593261764 2.10812062685213 15.25
1494 11778.4691621873 11778.4691621873 0.636093593261764 2.10812062685213 15.25
1495 11779.8639347119 11779.8639347119 0.636093593261764 2.10812062685213 15.25
1496 11781.2589015016 11781.2589015016 0.636093593261764 2.10812062685213 15.25
1497 11782.6540624874 11782.6540624874 0.636093593261764 2.10812062685213 15.25
1498 11784.0494176004 11784.0494176004 0.636093593261764 2.10812062685213 15.25
1499 11785.4449667716 11785.4449667716 0.636093593261764 2.10812062685213 15.25
1500 11786.8407099316 11786.8407099316 0.636093593261764 2.10812062685213 15.25
1501 11788.2366470129 11788.2366470129 0.636093593261764 2.10812062685213 15.25
1502 11789.6327779452 11789.6327779452 0.636093593261764 2.10812062685213 15.25
1503 11791.0291026601 11791.0291026601 0.636093593261764 2.10812062685213 15.25
1504 11792.4256211339 11792.4256211339 0.636093593261764 2.10812062685213 15.25
1505 11793.8223332554 11793.8223332554 0.636093593261764 2.10812062685213 15.25
1506 11795.2192389532 11795.2192389532 0.636093593261764 2.10812062685213 15.25
1507 11796.6163381583 11796.6163381583 0.636093593261764 2.10812062685213 15.25
1508 11798.0136308021 11798.0136308021 0.636093593261764 2.10812062685213 15.25
1509 11799.4111168158 11799.4111168158 0.636093593261764 2.10812062685213 15.25
1510 11800.8087961308 11800.8087961308 0.636093593261764 2.10812062685213 15.25
1511 11802.2066686783 11802.2066686783 0.636093593261764 2.10812062685213 15.25
1512 11803.6047343897 11803.6047343897 0.636093593261764 2.10812062685213 15.25
1513 11805.0029931963 11805.0029931963 0.636093593261764 2.10812062685213 15.25
1514 11806.4014450296 11806.4014450296 0.636093593261764 2.10812062685213 15.25
1515 11807.8000898647 11807.8000898647 0.636093593261764 2.10812062685213 15.25
1516 11809.1989275935 11809.1989275935 0.636093593261764 2.10812062685213 15.25
1517 11810.5979581434 11810.5979581434 0.636093593261764 2.10812062685213 15.25
1518 11811.9971814457 11811.9971814457 0.636093593261764 2.10812062685213 15.25
1519 11813.396597432 11813.396597432 0.636093593261764 2.10812062685213 15.25
1520 11814.7962060337 11814.7962060337 0.636093593261764 2.10812062685213 15.25
1521 11816.1960071825 11816.1960071825 0.636093593261764 2.10812062685213 15.25
1522 11817.5960008099 11817.5960008099 0.636093593261764 2.10812062685213 15.25
1523 11818.9961868476 11818.9961868476 0.636093593261764 2.10812062685213 15.25
1524 11820.3965652271 11820.3965652271 0.636093593261764 2.10812062685213 15.25
1525 11821.79713588 11821.79713588 0.636093593261764 2.10812062685213 15.25
1526 11823.1978987804 11823.1978987804 0.636093593261764 2.10812062685213 15.25
1527 11824.5988538234 11824.5988538234 0.636093593261764 2.10812062685213 15.25
1528 11826.000000935 11826.000000935 0.636093593261764 2.10812062685213 15.25
1529 11827.4013400469 11827.4013400469 0.636093593261764 2.10812062685213 15.25
1530 11828.8028710908 11828.8028710908 0.636093593261764 2.10812062685213 15.25
1531 11830.2045939986 11830.2045939986 0.636093593261764 2.10812062685213 15.25
1532 11831.606508702 11831.606508702 0.636093593261764 2.10812062685213 15.25
1533 11833.0086151329 11833.0086151329 0.636093593261764 2.10812062685213 15.25
1534 11834.4109132231 11834.4109132231 0.636093593261764 2.10812062685213 15.25
1535 11835.8134029045 11835.8134029045 0.636093593261764 2.10812062685213 15.25
1536 11837.216084109 11837.216084109 0.636093593261764 2.10812062685213 15.25
1537 11838.6189568099 11838.6189568099 0.636093593261764 2.10812062685213 15.25
1538 11840.0220209045 11840.0220209045 0.636093593261764 2.10812062685213 15.25
1539 11841.4252763181 11841.4252763181 0.636093593261764 2.10812062685213 15.25
1540 11842.8287229825 11842.8287229825 0.636093593261764 2.10812062685213 15.25
1541 11844.2323608299 11844.2323608299 0.636093593261764 2.10812062685213 15.25
1542 11845.6361897923 11845.6361897923 0.636093593261764 2.10812062685213 15.25
1543 11847.0402098017 11847.0402098017 0.636093593261764 2.10812062685213 15.25
1544 11848.4444207902 11848.4444207902 0.636093593261764 2.10812062685213 15.25
1545 11849.8488226904 11849.8488226904 0.636093593261764 2.10812062685213 15.25
1546 11851.253415433 11851.253415433 0.636093593261764 2.10812062685213 15.25
1547 11852.6581989515 11852.6581989515 0.636093593261764 2.10812062685213 15.25
1548 11854.0631732172 11854.0631732172 0.636093593261764 2.10812062685213 15.25
1549 11855.4683381324 11855.4683381324 0.636093593261764 2.10812062685213 15.25
1550 11856.8736936183 11856.8736936183 0.636093593261764 2.10812062685213 15.25
1551 11858.279239609 11858.279239609 0.636093593261764 2.10812062685213 15.25
1552 11859.6849760362 11859.6849760362 0.636093593261764 2.10812062685213 15.25
1553 11861.0909028324 11861.0909028324 0.636093593261764 2.10812062685213 15.25
1554 11862.4970199297 11862.4970199297 0.636093593261764 2.10812062685213 15.25
1555 11863.9033272606 11863.9033272606 0.636093593261764 2.10812062685213 15.25
1556 11865.3098247573 11865.3098247573 0.636093593261764 2.10812062685213 15.25
1557 11866.7165123522 11866.7165123522 0.636093593261764 2.10812062685213 15.25
1558 11868.1233899779 11868.1233899779 0.636093593261764 2.10812062685213 15.25
1559 11869.5304576052 11869.5304576052 0.636093593261764 2.10812062685213 15.25
1560 11870.9377151372 11870.9377151372 0.636093593261764 2.10812062685213 15.25
1561 11872.3451624983 11872.3451624983 0.636093593261764 2.10812062685213 15.25
1562 11873.7527996193 11873.7527996193 0.636093593261764 2.10812062685213 15.25
1563 11875.1606264334 11875.1606264334 0.636093593261764 2.10812062685213 15.25
1564 11876.568642873 11876.568642873 0.636093593261764 2.10812062685213 15.25
1565 11877.9768488702 11877.9768488702 0.636093593261764 2.10812062685213 15.25
1566 11879.3852443592 11879.3852443592 0.636093593261764 2.10812062685213 15.25
1567 11880.7938292709 11880.7938292709 0.636093593261764 2.10812062685213 15.25
1568 11882.2026035386 11882.2026035386 0.636093593261764 2.10812062685213 15.25
1569 11883.6115670949 11883.6115670949 0.636093593261764 2.10812062685213 15.25
1570 11885.0207199102 11885.0207199102 0.636093593261764 2.10812062685213 15.25
1571 11886.4300618901 11886.4300618901 0.636093593261764 2.10812062685213 15.25
1572 11887.8395929572 11887.8395929572 0.636093593261764 2.10812062685213 15.25
1573 11889.2493130428 11889.2493130428 0.636093593261764 2.10812062685213 15.25
1574 11890.6592220811 11890.6592220811 0.636093593261764 2.10812062685213 15.25
1575 11892.0693200044 11892.0693200044 0.636093593261764 2.10812062685213 15.25
1576 11893.4796067455 11893.4796067455 0.636093593261764 2.10812062685213 15.25
1577 11894.8900822373 11894.8900822373 0.636093593261764 2.10812062685213 15.25
1578 11896.3007464126 11896.3007464126 0.636093593261764 2.10812062685213 15.25
1579 11897.7115992044 11897.7115992044 0.636093593261764 2.10812062685213 15.25
1580 11899.1226405459 11899.1226405459 0.636093593261764 2.10812062685213 15.25
1581 11900.533870405 11900.533870405 0.636093593261764 2.10812062685213 15.25
1582 11901.9452886919 11901.9452886919 0.636093593261764 2.10812062685213 15.25
1583 11903.3568953269 11903.3568953269 0.636093593261764 2.10812062685213 15.25
1584 11904.7686902432 11904.7686902432 0.636093593261764 2.10812062685213 15.25
1585 11906.1806733736 11906.1806733736 0.636093593261764 2.10812062685213 15.25
1586 11907.5928446513 11907.5928446513 0.636093593261764 2.10812062685213 15.25
1587 11909.0052040092 11909.0052040092 0.636093593261764 2.10812062685213 15.25
1588 11910.4177513806 11910.4177513806 0.636093593261764 2.10812062685213 15.25
1589 11911.8304866984 11911.8304866984 0.636093593261764 2.10812062685213 15.25
1590 11913.2434098959 11913.2434098959 0.636093593261764 2.10812062685213 15.25
1591 11914.6565209062 11914.6565209062 0.636093593261764 2.10812062685213 15.25
1592 11916.0698196974 11916.0698196974 0.636093593261764 2.10812062685213 15.25
1593 11917.4833061817 11917.4833061817 0.636093593261764 2.10812062685213 15.25
1594 11918.8969802776 11918.8969802776 0.636093593261764 2.10812062685213 15.25
1595 11920.3108419195 11920.3108419195 0.636093593261764 2.10812062685213 15.25
1596 11921.7248910404 11921.7248910404 0.636093593261764 2.10812062685213 15.25
1597 11923.1391275735 11923.1391275735 0.636093593261764 2.10812062685213 15.25
1598 11924.5535514522 11924.5535514522 0.636093593261764 2.10812062685213 15.25
1599 11925.9681626097 11925.9681626097 0.636093593261764 2.10812062685213 15.25
1600 11927.3829609795 11927.3829609795 0.636093593261764 2.10812062685213 15.25
1601 11928.7979464949 11928.7979464949 0.636093593261764 2.10812062685213 15.25
1602 11930.2131190893 11930.2131190893 0.636093593261764 2.10812062685213 15.25
1603 11931.6284787301 11931.6284787301 0.636093593261764 2.10812062685213 15.25
1604 11933.0440253315 11933.0440253315 0.636093593261764 2.10812062685213 15.25
1605 11934.4597588122 11934.4597588122 0.636093593261764 2.10812062685213 15.25
1606 11935.8756791059 11935.8756791059 0.636093593261764 2.10812062685213 15.25
1607 11937.2917861459 11937.2917861459 0.636093593261764 2.10812062685213 15.25
1608 11938.7080798659 11938.7080798659 0.636093593261764 2.10812062685213 15.25
1609 11940.1245601995 11940.1245601995 0.636093593261764 2.10812062685213 15.25
1610 11941.5412270802 11941.5412270802 0.636093593261764 2.10812062685213 15.25
1611 11942.9580804411 11942.9580804411 0.636093593261764 2.10812062685213 15.25
1612 11944.3751202174 11944.3751202174 0.636093593261764 2.10812062685213 15.25
1613 11945.7923463411 11945.7923463411 0.636093593261764 2.10812062685213 15.25
1614 11947.2097587797 11947.2097587797 0.636093593261764 2.10812062685213 15.25
1615 11948.6273574488 11948.6273574488 0.636093593261764 2.10812062685213 15.25
1616 11950.0451422675 11950.0451422675 0.636093593261764 2.10812062685213 15.25
1617 11951.4631131691 11951.4631131691 0.636093593261764 2.10812062685213 15.25
1618 11952.8812700873 11952.8812700873 0.636093593261764 2.10812062685213 15.25
1619 11954.2996129561 11954.2996129561 0.636093593261764 2.10812062685213 15.25
1620 11955.7181417091 11955.7181417091 0.636093593261764 2.10812062685213 15.25
1621 11957.1368562802 11957.1368562802 0.636093593261764 2.10812062685213 15.25
1622 11958.5557566033 11958.5557566033 0.636093593261764 2.10812062685213 15.25
1623 11959.9748426128 11959.9748426128 0.636093593261764 2.10812062685213 15.25
1624 11961.394114241 11961.394114241 0.636093593261764 2.10812062685213 15.25
1625 11962.8135714547 11962.8135714547 0.636093593261764 2.10812062685213 15.25
1626 11964.2332141735 11964.2332141735 0.636093593261764 2.10812062685213 15.25
1627 11965.653042314 11965.653042314 0.636093593261764 2.10812062685213 15.25
1628 11967.0730558106 11967.0730558106 0.636093593261764 2.10812062685213 15.25
1629 11968.4932545959 11968.4932545959 0.636093593261764 2.10812062685213 15.25
1630 11969.9136386054 11969.9136386054 0.636093593261764 2.10812062685213 15.25
1631 11971.3342077727 11971.3342077727 0.636093593261764 2.10812062685213 15.25
1632 11972.7549620313 11972.7549620313 0.636093593261764 2.10812062685213 15.25
1633 11974.175901317 11974.175901317 0.636093593261764 2.10812062685213 15.25
1634 11975.5970255622 11975.5970255622 0.636093593261764 2.10812062685213 15.25
1635 11977.0183347018 11977.0183347018 0.636093593261764 2.10812062685213 15.25
1636 11978.4398287 11978.4398287 0.636093593261764 2.10812062685213 15.25
1637 11979.8615074794 11979.8615074794 0.636093593261764 2.10812062685213 15.25
1638 11981.2833709562 11981.2833709562 0.636093593261764 2.10812062685213 15.25
1639 11982.7054190632 11982.7054190632 0.636093593261764 2.10812062685213 15.25
1640 11984.1276517361 11984.1276517361 0.636093593261764 2.10812062685213 15.25
1641 11985.5500689087 11985.5500689087 0.636093593261764 2.10812062685213 15.25
1642 11986.9726705153 11986.9726705153 0.636093593261764 2.10812062685213 15.25
1643 11988.3954564903 11988.3954564903 0.636093593261764 2.10812062685213 15.25
1644 11989.818426768 11989.818426768 0.636093593261764 2.10812062685213 15.25
1645 11991.2415812829 11991.2415812829 0.636093593261764 2.10812062685213 15.25
1646 11992.6649199692 11992.6649199692 0.636093593261764 2.10812062685213 15.25
1647 11994.0884427903 11994.0884427903 0.636093593261764 2.10812062685213 15.25
1648 11995.5121496719 11995.5121496719 0.636093593261764 2.10812062685213 15.25
1649 11996.9360405283 11996.9360405283 0.636093593261764 2.10812062685213 15.25
1650 11998.3601152942 11998.3601152942 0.636093593261764 2.10812062685213 15.25
1651 11999.7843739039 11999.7843739039 0.636093593261764 2.10812062685213 15.25
1652 12001.2088162921 12001.2088162921 0.636093593261764 2.10812062685213 15.25
1653 12002.6334423938 12002.6334423938 0.636093593261764 2.10812062685213 15.25
1654 12004.0582521421 12004.0582521421 0.636093593261764 2.10812062685213 15.25
1655 12005.4832454732 12005.4832454732 0.636093593261764 2.10812062685213 15.25
1656 12006.9084223211 12006.9084223211 0.636093593261764 2.10812062685213 15.25
1657 12008.3337826204 12008.3337826204 0.636093593261764 2.10812062685213 15.25
1658 12009.7593263334 12009.7593263334 0.636093593261764 2.10812062685213 15.25
1659 12011.1850533888 12011.1850533888 0.636093593261764 2.10812062685213 15.25
1660 12012.6109636998 12012.6109636998 0.636093593261764 2.10812062685213 15.25
1661 12014.0370572011 12014.0370572011 0.636093593261764 2.10812062685213 15.25
1662 12015.4633338276 12015.4633338276 0.636093593261764 2.10812062685213 15.25
1663 12016.8897935141 12016.8897935141 0.636093593261764 2.10812062685213 15.25
1664 12018.3164361952 12018.3164361952 0.636093593261764 2.10812062685213 15.25
1665 12019.743261806 12019.743261806 0.636093593261764 2.10812062685213 15.25
1666 12021.1702702812 12021.1702702812 0.636093593261764 2.10812062685213 15.25
1667 12022.5974615562 12022.5974615562 0.636093593261764 2.10812062685213 15.25
1668 12024.0248355644 12024.0248355644 0.636093593261764 2.10812062685213 15.25
1669 12025.4523922683 12025.4523922683 0.636093593261764 2.10812062685213 15.25
1670 12026.8801315988 12026.8801315988 0.636093593261764 2.10812062685213 15.25
1671 12028.3080534694 12028.3080534694 0.636093593261764 2.10812062685213 15.25
1672 12029.7361578135 12029.7361578135 0.636093593261764 2.10812062685213 15.25
1673 12031.1644445668 12031.1644445668 0.636093593261764 2.10812062685213 15.25
1674 12032.5929136642 12032.5929136642 0.636093593261764 2.10812062685213 15.25
1675 12034.0215650408 12034.0215650408 0.636093593261764 2.10812062685213 15.25
1676 12035.4503986322 12035.4503986322 0.636093593261764 2.10812062685213 15.25
1677 12036.879414372 12036.879414372 0.636093593261764 2.10812062685213 15.25
1678 12038.3086121968 12038.3086121968 0.636093593261764 2.10812062685213 15.25
1679 12039.7379920413 12039.7379920413 0.636093593261764 2.10812062685213 15.25
1680 12041.1675538657 12041.1675538657 0.636093593261764 2.10812062685213 15.25
1681 12042.5972976041 12042.5972976041 0.636093593261764 2.10812062685213 15.25
1682 12044.0272231679 12044.0272231679 0.636093593261764 2.10812062685213 15.25
1683 12045.4573304921 12045.4573304921 0.636093593261764 2.10812062685213 15.25
1684 12046.8876195122 12046.8876195122 0.636093593261764 2.10812062685213 15.25
1685 12048.3180901633 12048.3180901633 0.636093593261764 2.10812062685213 15.25
1686 12049.7487423809 12049.7487423809 0.636093593261764 2.10812062685213 15.25
1687 12051.1795761001 12051.1795761001 0.636093593261764 2.10812062685213 15.25
1688 12052.610591257 12052.610591257 0.636093593261764 2.10812062685213 15.25
1689 12054.0417877853 12054.0417877853 0.636093593261764 2.10812062685213 15.25
1690 12055.4731656219 12055.4731656219 0.636093593261764 2.10812062685213 15.25
1691 12056.9047247254 12056.9047247254 0.636093593261764 2.10812062685213 15.25
1692 12058.3364650327 12058.3364650327 0.636093593261764 2.10812062685213 15.25
1693 12059.7683864552 12059.7683864552 0.636093593261764 2.10812062685213 15.25
1694 12061.2004889269 12061.2004889269 0.636093593261764 2.10812062685213 15.25
1695 12062.6327723838 12062.6327723838 0.636093593261764 2.10812062685213 15.25
1696 12064.0652367615 12064.0652367615 0.636093593261764 2.10812062685213 15.25
1697 12065.4978819954 12065.4978819954 0.636093593261764 2.10812062685213 15.25
1698 12066.9307080213 12066.9307080213 0.636093593261764 2.10812062685213 15.25
1699 12068.3637147746 12068.3637147746 0.636093593261764 2.10812062685213 15.25
1700 12069.796902191 12069.796902191 0.636093593261764 2.10812062685213 15.25
1701 12071.2302702067 12071.2302702067 0.636093593261764 2.10812062685213 15.25
1702 12072.663818778 12072.663818778 0.636093593261764 2.10812062685213 15.25
1703 12074.0975478469 12074.0975478469 0.636093593261764 2.10812062685213 15.25
1704 12075.5314573222 12075.5314573222 0.636093593261764 2.10812062685213 15.25
1705 12076.9655471381 12076.9655471381 0.636093593261764 2.10812062685213 15.25
1706 12078.3998172318 12078.3998172318 0.636093593261764 2.10812062685213 15.25
1707 12079.8342675387 12079.8342675387 0.636093593261764 2.10812062685213 15.25
1708 12081.2688979945 12081.2688979945 0.636093593261764 2.10812062685213 15.25
1709 12082.703708535 12082.703708535 0.636093593261764 2.10812062685213 15.25
1710 12084.1386990962 12084.1386990962 0.636093593261764 2.10812062685213 15.25
1711 12085.5738696133 12085.5738696133 0.636093593261764 2.10812062685213 15.25
1712 12087.0092200238 12087.0092200238 0.636093593261764 2.10812062685213 15.25
1713 12088.4447502833 12088.4447502833 0.636093593261764 2.10812062685213 15.25
1714 12089.8804603351 12089.8804603351 0.636093593261764 2.10812062685213 15.25
1715 12091.3163500871 12091.3163500871 0.636093593261764 2.10812062685213 15.25
1716 12092.7524194753 12092.7524194753 0.636093593261764 2.10812062685213 15.25
1717 12094.1886684357 12094.1886684357 0.636093593261764 2.10812062685213 15.25
1718 12095.6250969048 12095.6250969048 0.636093593261764 2.10812062685213 15.25
1719 12097.0617048173 12097.0617048173 0.636093593261764 2.10812062685213 15.25
1720 12098.4984921105 12098.4984921105 0.636093593261764 2.10812062685213 15.25
1721 12099.9354587202 12099.9354587202 0.636093593261764 2.10812062685213 15.25
1722 12101.3726045825 12101.3726045825 0.636093593261764 2.10812062685213 15.25
1723 12102.8099296335 12102.8099296335 0.636093593261764 2.10812062685213 15.25
1724 12104.2474338291 12104.2474338291 0.636093593261764 2.10812062685213 15.25
1725 12105.6851171153 12105.6851171153 0.636093593261764 2.10812062685213 15.25
1726 12107.1229793988 12107.1229793988 0.636093593261764 2.10812062685213 15.25
1727 12108.5610206158 12108.5610206158 0.636093593261764 2.10812062685213 15.25
1728 12109.9992407026 12109.9992407026 0.636093593261764 2.10812062685213 15.25
1729 12111.4376395954 12111.4376395954 0.636093593261764 2.10812062685213 15.25
1730 12112.8762172305 12112.8762172305 0.636093593261764 2.10812062685213 15.25
1731 12114.3149735443 12114.3149735443 0.636093593261764 2.10812062685213 15.25
1732 12115.7539084731 12115.7539084731 0.636093593261764 2.10812062685213 15.25
1733 12117.1930219532 12117.1930219532 0.636093593261764 2.10812062685213 15.25
1734 12118.6323139211 12118.6323139211 0.636093593261764 2.10812062685213 15.25
1735 12120.0717843314 12120.0717843314 0.636093593261764 2.10812062685213 15.25
1736 12121.5114331334 12121.5114331334 0.636093593261764 2.10812062685213 15.25
1737 12122.9512602325 12122.9512602325 0.636093593261764 2.10812062685213 15.25
1738 12124.3912655651 12124.3912655651 0.636093593261764 2.10812062685213 15.25
1739 12125.8314490677 12125.8314490677 0.636093593261764 2.10812062685213 15.25
1740 12127.2718106769 12127.2718106769 0.636093593261764 2.10812062685213 15.25
1741 12128.7123503291 12128.7123503291 0.636093593261764 2.10812062685213 15.25
1742 12130.153067961 12130.153067961 0.636093593261764 2.10812062685213 15.25
1743 12131.5939635092 12131.5939635092 0.636093593261764 2.10812062685213 15.25
1744 12133.0350369102 12133.0350369102 0.636093593261764 2.10812062685213 15.25
1745 12134.4762881006 12134.4762881006 0.636093593261764 2.10812062685213 15.25
1746 12135.9177170341 12135.9177170341 0.636093593261764 2.10812062685213 15.25
1747 12137.3593236629 12137.3593236629 0.636093593261764 2.10812062685213 15.25
1748 12138.8011078914 12138.8011078914 0.636093593261764 2.10812062685213 15.25
1749 12140.243069656 12140.243069656 0.636093593261764 2.10812062685213 15.25
1750 12141.6852088936 12141.6852088936 0.636093593261764 2.10812062685213 15.25
1751 12143.127525541 12143.127525541 0.636093593261764 2.10812062685213 15.25
1752 12144.570019535 12144.570019535 0.636093593261764 2.10812062685213 15.25
1753 12146.0126908123 12146.0126908123 0.636093593261764 2.10812062685213 15.25
1754 12147.4555393098 12147.4555393098 0.636093593261764 2.10812062685213 15.25
1755 12148.8985649643 12148.8985649643 0.636093593261764 2.10812062685213 15.25
1756 12150.3417677127 12150.3417677127 0.636093593261764 2.10812062685213 15.25
1757 12151.7851475078 12151.7851475078 0.636093593261764 2.10812062685213 15.25
1758 12153.2287043043 12153.2287043043 0.636093593261764 2.10812062685213 15.25
1759 12154.6724380056 12154.6724380056 0.636093593261764 2.10812062685213 15.25
1760 12156.1163485484 12156.1163485484 0.636093593261764 2.10812062685213 15.25
1761 12157.56043587 12157.56043587 0.636093593261764 2.10812062685213 15.25
1762 12159.0046999071 12159.0046999071 0.636093593261764 2.10812062685213 15.25
1763 12160.449140597 12160.449140597 0.636093593261764 2.10812062685213 15.25
1764 12161.8937578766 12161.8937578766 0.636093593261764 2.10812062685213 15.25
1765 12163.3385516831 12163.3385516831 0.636093593261764 2.10812062685213 15.25
1766 12164.7835219534 12164.7835219534 0.636093593261764 2.10812062685213 15.25
1767 12166.2286686248 12166.2286686248 0.636093593261764 2.10812062685213 15.25
1768 12167.6739916488 12167.6739916488 0.636093593261764 2.10812062685213 15.25
1769 12169.1194909834 12169.1194909834 0.636093593261764 2.10812062685213 15.25
1770 12170.56516653 12170.56516653 0.636093593261764 2.10812062685213 15.25
1771 12172.0110182273 12172.0110182273 0.636093593261764 2.10812062685213 15.25
1772 12173.4570460112 12173.4570460112 0.636093593261764 2.10812062685213 15.25
1773 12174.9032498193 12174.9032498193 0.636093593261764 2.10812062685213 15.25
1774 12176.3496295889 12176.3496295889 0.636093593261764 2.10812062685213 15.25
1775 12177.7961852574 12177.7961852574 0.636093593261764 2.10812062685213 15.25
1776 12179.242916762 12179.242916762 0.636093593261764 2.10812062685213 15.25
1777 12180.6898240401 12180.6898240401 0.636093593261764 2.10812062685213 15.25
1778 12182.136907029 12182.136907029 0.636093593261764 2.10812062685213 15.25
1779 12183.5841656791 12183.5841656791 0.636093593261764 2.10812062685213 15.25
1780 12185.0315999516 12185.0315999516 0.636093593261764 2.10812062685213 15.25
1781 12186.4792097472 12186.4792097472 0.636093593261764 2.10812062685213 15.25
1782 12187.9269950034 12187.9269950034 0.636093593261764 2.10812062685213 15.25
1783 12189.3749556576 12189.3749556576 0.636093593261764 2.10812062685213 15.25
1784 12190.8230916473 12190.8230916473 0.636093593261764 2.10812062685213 15.25
1785 12192.27140291 12192.27140291 0.636093593261764 2.10812062685213 15.25
1786 12193.7198893829 12193.7198893829 0.636093593261764 2.10812062685213 15.25
1787 12195.1685510049 12195.1685510049 0.636093593261764 2.10812062685213 15.25
1788 12196.6173877121 12196.6173877121 0.636093593261764 2.10812062685213 15.25
1789 12198.0663994427 12198.0663994427 0.636093593261764 2.10812062685213 15.25
1790 12199.5155861462 12199.5155861462 0.636093593261764 2.10812062685213 15.25
1791 12200.9649477861 12200.9649477861 0.636093593261764 2.10812062685213 15.25
1792 12202.4144842623 12202.4144842623 0.636093593261764 2.10812062685213 15.25
1793 12203.8641955126 12203.8641955126 0.636093593261764 2.10812062685213 15.25
1794 12205.3140814746 12205.3140814746 0.636093593261764 2.10812062685213 15.25
1795 12206.7641420861 12206.7641420861 0.636093593261764 2.10812062685213 15.25
1796 12208.2143772848 12208.2143772848 0.636093593261764 2.10812062685213 15.25
1797 12209.6647870085 12209.6647870085 0.636093593261764 2.10812062685213 15.25
1798 12211.1153711951 12211.1153711951 0.636093593261764 2.10812062685213 15.25
1799 12212.5661297823 12212.5661297823 0.636093593261764 2.10812062685213 15.25
1800 12214.0170627076 12214.0170627076 0.636093593261764 2.10812062685213 15.25
1801 12215.4681699207 12215.4681699207 0.636093593261764 2.10812062685213 15.25
1802 12216.9194513869 12216.9194513869 0.636093593261764 2.10812062685213 15.25
1803 12218.3709070053 12218.3709070053 0.636093593261764 2.10812062685213 15.25
1804 12219.8225367139 12219.8225367139 0.636093593261764 2.10812062685213 15.25
1805 12221.2743404501 12221.2743404501 0.636093593261764 2.10812062685213 15.25
1806 12222.7263181534 12222.7263181534 0.636093593261764 2.10812062685213 15.25
1807 12224.1784697603 12224.1784697603 0.636093593261764 2.10812062685213 15.25
1808 12225.6307952094 12225.6307952094 0.636093593261764 2.10812062685213 15.25
1809 12227.0832944386 12227.0832944386 0.636093593261764 2.10812062685213 15.25
1810 12228.5359673861 12228.5359673861 0.636093593261764 2.10812062685213 15.25
1811 12229.98881399 12229.98881399 0.636093593261764 2.10812062685213 15.25
1812 12231.4418341978 12231.4418341978 0.636093593261764 2.10812062685213 15.25
1813 12232.895027978 12232.895027978 0.636093593261764 2.10812062685213 15.25
1814 12234.3483952296 12234.3483952296 0.636093593261764 2.10812062685213 15.25
1815 12235.8019358906 12235.8019358906 0.636093593261764 2.10812062685213 15.25
1816 12237.2556498978 12237.2556498978 0.636093593261764 2.10812062685213 15.25
1817 12238.7095371909 12238.7095371909 0.636093593261764 2.10812062685213 15.25
1818 12240.1635977081 12240.1635977081 0.636093593261764 2.10812062685213 15.25
1819 12241.6178313862 12241.6178313862 0.636093593261764 2.10812062685213 15.25
1820 12243.0722381651 12243.0722381651 0.636093593261764 2.10812062685213 15.25
1821 12244.5268179829 12244.5268179829 0.636093593261764 2.10812062685213 15.25
1822 12245.9815707766 12245.9815707766 0.636093593261764 2.10812062685213 15.25
1823 12247.4364964935 12247.4364964935 0.636093593261764 2.10812062685213 15.25
1824 12248.8915951059 12248.8915951059 0.636093593261764 2.10812062685213 15.25
1825 12250.3468665114 12250.3468665114 0.636093593261764 2.10812062685213 15.25
1826 12251.8023106467 12251.8023106467 0.636093593261764 2.10812062685213 15.25
1827 12253.257927451 12253.257927451 0.636093593261764 2.10812062685213 15.25
1828 12254.7137168625 12254.7137168625 0.636093593261764 2.10812062685213 15.25
1829 12256.1696788199 12256.1696788199 0.636093593261764 2.10812062685213 15.25
1830 12257.6258132617 12257.6258132617 0.636093593261764 2.10812062685213 15.25
1831 12259.0821201263 12259.0821201263 0.636093593261764 2.10812062685213 15.25
1832 12260.5385993524 12260.5385993524 0.636093593261764 2.10812062685213 15.25
1833 12261.9952508785 12261.9952508785 0.636093593261764 2.10812062685213 15.25
1834 12263.4520746496 12263.4520746496 0.636093593261764 2.10812062685213 15.25
1835 12264.9090706415 12264.9090706415 0.636093593261764 2.10812062685213 15.25
1836 12266.3662387493 12266.3662387493 0.636093593261764 2.10812062685213 15.25
1837 12267.8235789117 12267.8235789117 0.636093593261764 2.10812062685213 15.25
1838 12269.2810910673 12269.2810910673 0.636093593261764 2.10812062685213 15.25
1839 12270.7387751548 12270.7387751548 0.636093593261764 2.10812062685213 15.25
1840 12272.196631113 12272.196631113 0.636093593261764 2.10812062685213 15.25
1841 12273.6546588806 12273.6546588806 0.636093593261764 2.10812062685213 15.25
1842 12275.1128583965 12275.1128583965 0.636093593261764 2.10812062685213 15.25
1843 12276.5712295993 12276.5712295993 0.636093593261764 2.10812062685213 15.25
1844 12278.029772428 12278.029772428 0.636093593261764 2.10812062685213 15.25
1845 12279.4884868263 12279.4884868263 0.636093593261764 2.10812062685213 15.25
1846 12280.9473727732 12280.9473727732 0.636093593261764 2.10812062685213 15.25
1847 12282.4064301626 12282.4064301626 0.636093593261764 2.10812062685213 15.25
1848 12283.8656589337 12283.8656589337 0.636093593261764 2.10812062685213 15.25
1849 12285.3250590241 12285.3250590241 0.636093593261764 2.10812062685213 15.25
1850 12286.7846303742 12286.7846303742 0.636093593261764 2.10812062685213 15.25
1851 12288.2443729225 12288.2443729225 0.636093593261764 2.10812062685213 15.25
1852 12289.7042866075 12289.7042866075 0.636093593261764 2.10812062685213 15.25
1853 12291.1643713696 12291.1643713696 0.636093593261764 2.10812062685213 15.25
1854 12292.6246271464 12292.6246271464 0.636093593261764 2.10812062685213 15.25
1855 12294.0850538776 12294.0850538776 0.636093593261764 2.10812062685213 15.25
1856 12295.5456515056 12295.5456515056 0.636093593261764 2.10812062685213 15.25
1857 12297.0064200121 12297.0064200121 0.636093593261764 2.10812062685213 15.25
1858 12298.4673592913 12298.4673592913 0.636093593261764 2.10812062685213 15.25
1859 12299.9284692807 12299.9284692807 0.636093593261764 2.10812062685213 15.25
1860 12301.38974992 12301.38974992 0.636093593261764 2.10812062685213 15.25
1861 12302.8512011489 12302.8512011489 0.636093593261764 2.10812062685213 15.25
1862 12304.3128229051 12304.3128229051 0.636093593261764 2.10812062685213 15.25
1863 12305.7746151294 12305.7746151294 0.636093593261764 2.10812062685213 15.25
1864 12307.2365777605 12307.2365777605 0.636093593261764 2.10812062685213 15.25
1865 12308.6987107376 12308.6987107376 0.636093593261764 2.10812062685213 15.25
1866 12310.1610140001 12310.1610140001 0.636093593261764 2.10812062685213 15.25
1867 12311.6234874893 12311.6234874893 0.636093593261764 2.10812062685213 15.25
1868 12313.0861311908 12313.0861311908 0.636093593261764 2.10812062685213 15.25
1869 12314.5489449956 12314.5489449956 0.636093593261764 2.10812062685213 15.25
1870 12316.0119288437 12316.0119288437 0.636093593261764 2.10812062685213 15.25
1871 12317.4750826731 12317.4750826731 0.636093593261764 2.10812062685213 15.25
1872 12318.9384064245 12318.9384064245 0.636093593261764 2.10812062685213 15.25
1873 12320.4019000371 12320.4019000371 0.636093593261764 2.10812062685213 15.25
1874 12321.8655634502 12321.8655634502 0.636093593261764 2.10812062685213 15.25
1875 12323.3293966034 12323.3293966034 0.636093593261764 2.10812062685213 15.25
1876 12324.7933994361 12324.7933994361 0.636093593261764 2.10812062685213 15.25
1877 12326.257571888 12326.257571888 0.636093593261764 2.10812062685213 15.25
1878 12327.7219138995 12327.7219138995 0.636093593261764 2.10812062685213 15.25
1879 12329.186425458 12329.186425458 0.636093593261764 2.10812062685213 15.25
1880 12330.6511064553 12330.6511064553 0.636093593261764 2.10812062685213 15.25
1881 12332.1159568297 12332.1159568297 0.636093593261764 2.10812062685213 15.25
1882 12333.5809765211 12333.5809765211 0.636093593261764 2.10812062685213 15.25
1883 12335.0461654694 12335.0461654694 0.636093593261764 2.10812062685213 15.25
1884 12336.5115236147 12336.5115236147 0.636093593261764 2.10812062685213 15.25
1885 12337.9770508951 12337.9770508951 0.636093593261764 2.10812062685213 15.25
1886 12339.442747252 12339.442747252 0.636093593261764 2.10812062685213 15.25
1887 12340.9086126246 12340.9086126246 0.636093593261764 2.10812062685213 15.25
1888 12342.3746469527 12342.3746469527 0.636093593261764 2.10812062685213 15.25
1889 12343.840850176 12343.840850176 0.636093593261764 2.10812062685213 15.25
1890 12345.3072222842 12345.3072222842 0.636093593261764 2.10812062685213 15.25
1891 12346.7737631678 12346.7737631678 0.636093593261764 2.10812062685213 15.25
1892 12348.2404727662 12348.2404727662 0.636093593261764 2.10812062685213 15.25
1893 12349.7073510194 12349.7073510194 0.636093593261764 2.10812062685213 15.25
1894 12351.1743978671 12351.1743978671 0.636093593261764 2.10812062685213 15.25
1895 12352.6416132493 12352.6416132493 0.636093593261764 2.10812062685213 15.25
1896 12354.108997106 12354.108997106 0.636093593261764 2.10812062685213 15.25
1897 12355.5765493771 12355.5765493771 0.636093593261764 2.10812062685213 15.25
1898 12357.0442700027 12357.0442700027 0.636093593261764 2.10812062685213 15.25
1899 12358.5121589227 12358.5121589227 0.636093593261764 2.10812062685213 15.25
1900 12359.9802160771 12359.9802160771 0.636093593261764 2.10812062685213 15.25
1901 12361.4484414545 12361.4484414545 0.636093593261764 2.10812062685213 15.25
1902 12362.9168349491 12362.9168349491 0.636093593261764 2.10812062685213 15.25
1903 12364.3853964973 12364.3853964973 0.636093593261764 2.10812062685213 15.25
1904 12365.8541260409 12365.8541260409 0.636093593261764 2.10812062685213 15.25
1905 12367.3230235195 12367.3230235195 0.636093593261764 2.10812062685213 15.25
1906 12368.7920888733 12368.7920888733 0.636093593261764 2.10812062685213 15.25
1907 12370.2613220424 12370.2613220424 0.636093593261764 2.10812062685213 15.25
1908 12371.7307229671 12371.7307229671 0.636093593261764 2.10812062685213 15.25
1909 12373.2002915876 12373.2002915876 0.636093593261764 2.10812062685213 15.25
1910 12374.6700278441 12374.6700278441 0.636093593261764 2.10812062685213 15.25
1911 12376.139931677 12376.139931677 0.636093593261764 2.10812062685213 15.25
1912 12377.6100030733 12377.6100030733 0.636093593261764 2.10812062685213 15.25
1913 12379.0802419301 12379.0802419301 0.636093593261764 2.10812062685213 15.25
1914 12380.5506481842 12380.5506481842 0.636093593261764 2.10812062685213 15.25
1915 12382.021221776 12382.021221776 0.636093593261764 2.10812062685213 15.25
1916 12383.4919626457 12383.4919626457 0.636093593261764 2.10812062685213 15.25
1917 12384.9628707339 12384.9628707339 0.636093593261764 2.10812062685213 15.25
1918 12386.4339459809 12386.4339459809 0.636093593261764 2.10812062685213 15.25
1919 12387.9051883272 12387.9051883272 0.636093593261764 2.10812062685213 15.25
1920 12389.3765977138 12389.3765977138 0.636093593261764 2.10812062685213 15.25
1921 12390.8481740797 12390.8481740797 0.636093593261764 2.10812062685213 15.25
1922 12392.3199173667 12392.3199173667 0.636093593261764 2.10812062685213 15.25
1923 12393.7918275611 12393.7918275611 0.636093593261764 2.10812062685213 15.25
1924 12395.2639045618 12395.2639045618 0.636093593261764 2.10812062685213 15.25
1925 12396.736148305 12396.736148305 0.636093593261764 2.10812062685213 15.25
1926 12398.2085587312 12398.2085587312 0.636093593261764 2.10812062685213 15.25
1927 12399.681135781 12399.681135781 0.636093593261764 2.10812062685213 15.25
1928 12401.1538793951 12401.1538793951 0.636093593261764 2.10812062685213 15.25
1929 12402.6267895142 12402.6267895142 0.636093593261764 2.10812062685213 15.25
1930 12404.0998660794 12404.0998660794 0.636093593261764 2.10812062685213 15.25
1931 12405.57310903 12405.57310903 0.636093593261764 2.10812062685213 15.25
1932 12407.0465183081 12407.0465183081 0.636093593261764 2.10812062685213 15.25
1933 12408.520093854 12408.520093854 0.636093593261764 2.10812062685213 15.25
1934 12409.9938356529 12409.9938356529 0.636093593261764 2.10812062685213 15.25
1935 12411.4677436073 12411.4677436073 0.636093593261764 2.10812062685213 15.25
1936 12412.9418176519 12412.9418176519 0.636093593261764 2.10812062685213 15.25
1937 12414.4160577276 12414.4160577276 0.636093593261764 2.10812062685213 15.25
1938 12415.8904637751 12415.8904637751 0.636093593261764 2.10812062685213 15.25
1939 12417.3650357353 12417.3650357353 0.636093593261764 2.10812062685213 15.25
1940 12418.8397735492 12418.8397735492 0.636093593261764 2.10812062685213 15.25
1941 12420.3146771576 12420.3146771576 0.636093593261764 2.10812062685213 15.25
1942 12421.7897465016 12421.7897465016 0.636093593261764 2.10812062685213 15.25
1943 12423.264981522 12423.264981522 0.636093593261764 2.10812062685213 15.25
1944 12424.7403821599 12424.7403821599 0.636093593261764 2.10812062685213 15.25
1945 12426.2159483993 12426.2159483993 0.636093593261764 2.10812062685213 15.25
1946 12427.6916801457 12427.6916801457 0.636093593261764 2.10812062685213 15.25
1947 12429.1675773327 12429.1675773327 0.636093593261764 2.10812062685213 15.25
1948 12430.6436399013 12430.6436399013 0.636093593261764 2.10812062685213 15.25
1949 12432.1198677926 12432.1198677926 0.636093593261764 2.10812062685213 15.25
1950 12433.5962609476 12433.5962609476 0.636093593261764 2.10812062685213 15.25
1951 12435.0728193077 12435.0728193077 0.636093593261764 2.10812062685213 15.25
1952 12436.5495428138 12436.5495428138 0.636093593261764 2.10812062685213 15.25
1953 12438.0264314077 12438.0264314077 0.636093593261764 2.10812062685213 15.25
1954 12439.5034850285 12439.5034850285 0.636093593261764 2.10812062685213 15.25
1955 12440.9807036205 12440.9807036205 0.636093593261764 2.10812062685213 15.25
1956 12442.4580871645 12442.4580871645 0.636093593261764 2.10812062685213 15.25
1957 12443.9356355699 12443.9356355699 0.636093593261764 2.10812062685213 15.25
1958 12445.4133487687 12445.4133487687 0.636093593261764 2.10812062685213 15.25
1959 12446.8912267022 12446.8912267022 0.636093593261764 2.10812062685213 15.25
1960 12448.3692693119 12448.3692693119 0.636093593261764 2.10812062685213 15.25
1961 12449.847476539 12449.847476539 0.636093593261764 2.10812062685213 15.25
1962 12451.325848325 12451.325848325 0.636093593261764 2.10812062685213 15.25
1963 12452.8043846111 12452.8043846111 0.636093593261764 2.10812062685213 15.25
1964 12454.2830853389 12454.2830853389 0.636093593261764 2.10812062685213 15.25
1965 12455.7619504497 12455.7619504497 0.636093593261764 2.10812062685213 15.25
1966 12457.240979885 12457.240979885 0.636093593261764 2.10812062685213 15.25
1967 12458.7201736269 12458.7201736269 0.636093593261764 2.10812062685213 15.25
1968 12460.1995315864 12460.1995315864 0.636093593261764 2.10812062685213 15.25
1969 12461.6790536949 12461.6790536949 0.636093593261764 2.10812062685213 15.25
1970 12463.1587398939 12463.1587398939 0.636093593261764 2.10812062685213 15.25
1971 12464.638590125 12464.638590125 0.636093593261764 2.10812062685213 15.25
1972 12466.1186043298 12466.1186043298 0.636093593261764 2.10812062685213 15.25
1973 12467.5987824499 12467.5987824499 0.636093593261764 2.10812062685213 15.25
1974 12469.0791244268 12469.0791244268 0.636093593261764 2.10812062685213 15.25
1975 12470.5596302023 12470.5596302023 0.636093593261764 2.10812062685213 15.25
1976 12472.040299718 12472.040299718 0.636093593261764 2.10812062685213 15.25
1977 12473.5211329156 12473.5211329156 0.636093593261764 2.10812062685213 15.25
1978 12475.0021297759 12475.0021297759 0.636093593261764 2.10812062685213 15.25
1979 12476.4832902133 12476.4832902133 0.636093593261764 2.10812062685213 15.25
1980 12477.9646141577 12477.9646141577 0.636093593261764 2.10812062685213 15.25
1981 12479.446101551 12479.446101551 0.636093593261764 2.10812062685213 15.25
1982 12480.9277523349 12480.9277523349 0.636093593261764 2.10812062685213 15.25
1983 12482.4095664508 12482.4095664508 0.636093593261764 2.10812062685213 15.25
1984 12483.891543842 12483.891543842 0.636093593261764 2.10812062685213 15.25
1985 12485.3736844494 12485.3736844494 0.636093593261764 2.10812062685213 15.25
1986 12486.8559882138 12486.8559882138 0.636093593261764 2.10812062685213 15.25
1987 12488.3384550786 12488.3384550786 0.636093593261764 2.10812062685213 15.25
1988 12489.8210849853 12489.8210849853 0.636093593261764 2.10812062685213 15.25
1989 12491.3038779134 12491.3038779134 0.636093593261764 2.10812062685213 15.25
1990 12492.7868337806 12492.7868337806 0.636093593261764 2.10812062685213 15.25
1991 12494.2699525154 12494.2699525154 0.636093593261764 2.10812062685213 15.25
1992 12495.7532340601 12495.7532340601 0.636093593261764 2.10812062685213 15.25
1993 12497.2366783565 12497.2366783565 0.636093593261764 2.10812062685213 15.25
1994 12498.7202853467 12498.7202853467 0.636093593261764 2.10812062685213 15.25
1995 12500.2040549729 12500.2040549729 0.636093593261764 2.10812062685213 15.25
1996 12501.687987177 12501.687987177 0.636093593261764 2.10812062685213 15.25
1997 12503.1720819012 12503.1720819012 0.636093593261764 2.10812062685213 15.25
1998 12504.6563390872 12504.6563390872 0.636093593261764 2.10812062685213 15.25
1999 12506.140758679 12506.140758679 0.636093593261764 2.10812062685213 15.25
2000 12507.6253406521 12507.6253406521 0.636093593261764 2.10812062685213 15.25
2001 12509.1100849291 12509.1100849291 0.636093593261764 2.10812062685213 15.25
2002 12510.5949914372 12510.5949914372 0.636093593261764 2.10812062685213 15.25
2003 12512.0800601185 12512.0800601185 0.636093593261764 2.10812062685213 15.25
2004 12513.5652909147 12513.5652909147 0.636093593261764 2.10812062685213 15.25
2005 12515.0506837697 12515.0506837697 0.636093593261764 2.10812062685213 15.25
2006 12516.5362386243 12516.5362386243 0.636093593261764 2.10812062685213 15.25
2007 12518.0219554212 12518.0219554212 0.636093593261764 2.10812062685213 15.25
2008 12519.5078341028 12519.5078341028 0.636093593261764 2.10812062685213 15.25
2009 12520.9938746116 12520.9938746116 0.636093593261764 2.10812062685213 15.25
2010 12522.4800768898 12522.4800768898 0.636093593261764 2.10812062685213 15.25
2011 12523.966440915 12523.966440915 0.636093593261764 2.10812062685213 15.25
2012 12525.4529666104 12525.4529666104 0.636093593261764 2.10812062685213 15.25
2013 12526.9396539025 12526.9396539025 0.636093593261764 2.10812062685213 15.25
2014 12528.4265027339 12528.4265027339 0.636093593261764 2.10812062685213 15.25
2015 12529.9135130469 12529.9135130469 0.636093593261764 2.10812062685213 15.25
2016 12531.4006847842 12531.4006847842 0.636093593261764 2.10812062685213 15.25
2017 12532.8880178883 12532.8880178883 0.636093593261764 2.10812062685213 15.25
2018 12534.3755123017 12534.3755123017 0.636093593261764 2.10812062685213 15.25
2019 12535.8631679669 12535.8631679669 0.636093593261764 2.10812062685213 15.25
2020 12537.3509848267 12537.3509848267 0.636093593261764 2.10812062685213 15.25
2021 12538.8389628235 12538.8389628235 0.636093593261764 2.10812062685213 15.25
2022 12540.3271019338 12540.3271019338 0.636093593261764 2.10812062685213 15.25
2023 12541.8154020838 12541.8154020838 0.636093593261764 2.10812062685213 15.25
2024 12543.303863199 12543.303863199 0.636093593261764 2.10812062685213 15.25
2025 12544.7924852224 12544.7924852224 0.636093593261764 2.10812062685213 15.25
2026 12546.2812680953 12546.2812680953 0.636093593261764 2.10812062685213 15.25
2027 12547.770211762 12547.770211762 0.636093593261764 2.10812062685213 15.25
2028 12549.2593161647 12549.2593161647 0.636093593261764 2.10812062685213 15.25
2029 12550.7485812462 12550.7485812462 0.636093593261764 2.10812062685213 15.25
2030 12552.2380069493 12552.2380069493 0.636093593261764 2.10812062685213 15.25
2031 12553.7275932168 12553.7275932168 0.636093593261764 2.10812062685213 15.25
2032 12555.2173399916 12555.2173399916 0.636093593261764 2.10812062685213 15.25
2033 12556.7072472487 12556.7072472487 0.636093593261764 2.10812062685213 15.25
2034 12558.1973149179 12558.1973149179 0.636093593261764 2.10812062685213 15.25
2035 12559.6875429229 12559.6875429229 0.636093593261764 2.10812062685213 15.25
2036 12561.1779312064 12561.1779312064 0.636093593261764 2.10812062685213 15.25
2037 12562.6684797127 12562.6684797127 0.636093593261764 2.10812062685213 15.25
2038 12564.1591883833 12564.1591883833 0.636093593261764 2.10812062685213 15.25
2039 12565.6500571617 12565.6500571617 0.636093593261764 2.10812062685213 15.25
2040 12567.141085991 12567.141085991 0.636093593261764 2.10812062685213 15.25
2041 12568.6322748141 12568.6322748141 0.636093593261764 2.10812062685213 15.25
2042 12570.1236235741 12570.1236235741 0.636093593261764 2.10812062685213 15.25
2043 12571.6151322141 12571.6151322141 0.636093593261764 2.10812062685213 15.25
2044 12573.106800708 12573.106800708 0.636093593261764 2.10812062685213 15.25
2045 12574.5986289885 12574.5986289885 0.636093593261764 2.10812062685213 15.25
2046 12576.0906169783 12576.0906169783 0.636093593261764 2.10812062685213 15.25
2047 12577.5827646202 12577.5827646202 0.636093593261764 2.10812062685213 15.25
2048 12579.0750718588 12579.0750718588 0.636093593261764 2.10812062685213 15.25
2049 12580.5675386358 12580.5675386358 0.636093593261764 2.10812062685213 15.25
2050 12582.0601648955 12582.0601648955 0.636093593261764 2.10812062685213 15.25
2051 12583.5529505795 12583.5529505795 0.636093593261764 2.10812062685213 15.25
2052 12585.0458956327 12585.0458956327 0.636093593261764 2.10812062685213 15.25
2053 12586.5389999978 12586.5389999978 0.636093593261764 2.10812062685213 15.25
2054 12588.0322636181 12588.0322636181 0.636093593261764 2.10812062685213 15.25
2055 12589.5256864662 12589.5256864662 0.636093593261764 2.10812062685213 15.25
2056 12591.0192684783 12591.0192684783 0.636093593261764 2.10812062685213 15.25
2057 12592.5130095757 12592.5130095757 0.636093593261764 2.10812062685213 15.25
2058 12594.0069097017 12594.0069097017 0.636093593261764 2.10812062685213 15.25
2059 12595.5009687999 12595.5009687999 0.636093593261764 2.10812062685213 15.25
2060 12596.9951868135 12596.9951868135 0.636093593261764 2.10812062685213 15.25
2061 12598.4895636862 12598.4895636862 0.636093593261764 2.10812062685213 15.25
2062 12599.9840993613 12599.9840993613 0.636093593261764 2.10812062685213 15.25
2063 12601.4787937824 12601.4787937824 0.636093593261764 2.10812062685213 15.25
2064 12602.973646893 12602.973646893 0.636093593261764 2.10812062685213 15.25
2065 12604.4686586365 12604.4686586365 0.636093593261764 2.10812062685213 15.25
2066 12605.9638289844 12605.9638289844 0.636093593261764 2.10812062685213 15.25
2067 12607.4591578765 12607.4591578765 0.636093593261764 2.10812062685213 15.25
2068 12608.9546452318 12608.9546452318 0.636093593261764 2.10812062685213 15.25
2069 12610.4502909945 12610.4502909945 0.636093593261764 2.10812062685213 15.25
2070 12611.9460951082 12611.9460951082 0.636093593261764 2.10812062685213 15.25
2071 12613.4420575166 12613.4420575166 0.636093593261764 2.10812062685213 15.25
2072 12614.9381781633 12614.9381781633 0.636093593261764 2.10812062685213 15.25
2073 12616.4344569921 12616.4344569921 0.636093593261764 2.10812062685213 15.25
2074 12617.9308939467 12617.9308939467 0.636093593261764 2.10812062685213 15.25
2075 12619.4274889708 12619.4274889708 0.636093593261764 2.10812062685213 15.25
2076 12620.9242420082 12620.9242420082 0.636093593261764 2.10812062685213 15.25
2077 12622.4211530294 12622.4211530294 0.636093593261764 2.10812062685213 15.25
2078 12623.9182219761 12623.9182219761 0.636093593261764 2.10812062685213 15.25
2079 12625.4154487675 12625.4154487675 0.636093593261764 2.10812062685213 15.25
2080 12626.9128333475 12626.9128333475 0.636093593261764 2.10812062685213 15.25
2081 12628.41037566 12628.41037566 0.636093593261764 2.10812062685213 15.25
2082 12629.9080756487 12629.9080756487 0.636093593261764 2.10812062685213 15.25
2083 12631.4059332577 12631.4059332577 0.636093593261764 2.10812062685213 15.25
2084 12632.9039484309 12632.9039484309 0.636093593261764 2.10812062685213 15.25
2085 12634.4021211122 12634.4021211122 0.636093593261764 2.10812062685213 15.25
2086 12635.9004512456 12635.9004512456 0.636093593261764 2.10812062685213 15.25
2087 12637.3989387751 12637.3989387751 0.636093593261764 2.10812062685213 15.25
2088 12638.8975836698 12638.8975836698 0.636093593261764 2.10812062685213 15.25
2089 12640.396385875 12640.396385875 0.636093593261764 2.10812062685213 15.25
2090 12641.8953453083 12641.8953453083 0.636093593261764 2.10812062685213 15.25
2091 12643.3944619139 12643.3944619139 0.636093593261764 2.10812062685213 15.25
2092 12644.8937356359 12644.8937356359 0.636093593261764 2.10812062685213 15.25
2093 12646.3931664183 12646.3931664183 0.636093593261764 2.10812062685213 15.25
2094 12647.8927542049 12647.8927542049 0.636093593261764 2.10812062685213 15.25
2095 12649.3924989412 12649.3924989412 0.636093593261764 2.10812062685213 15.25
2096 12650.8924005701 12650.8924005701 0.636093593261764 2.10812062685213 15.25
2097 12652.392459036 12652.392459036 0.636093593261764 2.10812062685213 15.25
2098 12653.8926742834 12653.8926742834 0.636093593261764 2.10812062685213 15.25
2099 12655.3930462806 12655.3930462806 0.636093593261764 2.10812062685213 15.25
2100 12656.8935749744 12656.8935749744 0.636093593261764 2.10812062685213 15.25
2101 12658.3942602829 12658.3942602829 0.636093593261764 2.10812062685213 15.25
2102 12659.8951021494 12659.8951021494 0.636093593261764 2.10812062685213 15.25
2103 12661.3961005197 12661.3961005197 0.636093593261764 2.10812062685213 15.25
2104 12662.8972553366 12662.8972553366 0.636093593261764 2.10812062685213 15.25
2105 12664.3985665451 12664.3985665451 0.636093593261764 2.10812062685213 15.25
2106 12665.9000340894 12665.9000340894 0.636093593261764 2.10812062685213 15.25
2107 12667.401657914 12667.401657914 0.636093593261764 2.10812062685213 15.25
2108 12668.9034379634 12668.9034379634 0.636093593261764 2.10812062685213 15.25
2109 12670.4053741819 12670.4053741819 0.636093593261764 2.10812062685213 15.25
2110 12671.9074665362 12671.9074665362 0.636093593261764 2.10812062685213 15.25
2111 12673.4097149781 12673.4097149781 0.636093593261764 2.10812062685213 15.25
2112 12674.9121194225 12674.9121194225 0.636093593261764 2.10812062685213 15.25
2113 12676.4146798142 12676.4146798142 0.636093593261764 2.10812062685213 15.25
2114 12677.9173960975 12677.9173960975 0.636093593261764 2.10812062685213 15.25
2115 12679.4202682172 12679.4202682172 0.636093593261764 2.10812062685213 15.25
2116 12680.9232961177 12680.9232961177 0.636093593261764 2.10812062685213 15.25
2117 12682.4264797438 12682.4264797438 0.636093593261764 2.10812062685213 15.25
2118 12683.9298190399 12683.9298190399 0.636093593261764 2.10812062685213 15.25
2119 12685.4333139509 12685.4333139509 0.636093593261764 2.10812062685213 15.25
2120 12686.9369644212 12686.9369644212 0.636093593261764 2.10812062685213 15.25
2121 12688.4407704169 12688.4407704169 0.636093593261764 2.10812062685213 15.25
2122 12689.9447318919 12689.9447318919 0.636093593261764 2.10812062685213 15.25
2123 12691.4488487605 12691.4488487605 0.636093593261764 2.10812062685213 15.25
2124 12692.9531209674 12692.9531209674 0.636093593261764 2.10812062685213 15.25
2125 12694.4575484574 12694.4575484574 0.636093593261764 2.10812062685213 15.25
2126 12695.9621311754 12695.9621311754 0.636093593261764 2.10812062685213 15.25
2127 12697.4668690662 12697.4668690662 0.636093593261764 2.10812062685213 15.25
2128 12698.9717620745 12698.9717620745 0.636093593261764 2.10812062685213 15.25
2129 12700.4768101452 12700.4768101452 0.636093593261764 2.10812062685213 15.25
2130 12701.9820132232 12701.9820132232 0.636093593261764 2.10812062685213 15.25
2131 12703.4873712535 12703.4873712535 0.636093593261764 2.10812062685213 15.25
2132 12704.9928842005 12704.9928842005 0.636093593261764 2.10812062685213 15.25
2133 12706.4985520216 12706.4985520216 0.636093593261764 2.10812062685213 15.25
2134 12708.0043746297 12708.0043746297 0.636093593261764 2.10812062685213 15.25
2135 12709.5103519699 12709.5103519699 0.636093593261764 2.10812062685213 15.25
2136 12711.016483987 12711.016483987 0.636093593261764 2.10812062685213 15.25
2137 12712.5227706262 12712.5227706262 0.636093593261764 2.10812062685213 15.25
2138 12714.029211832 12714.029211832 0.636093593261764 2.10812062685213 15.25
2139 12715.5358075509 12715.5358075509 0.636093593261764 2.10812062685213 15.25
2140 12717.0425577265 12717.0425577265 0.636093593261764 2.10812062685213 15.25
2141 12718.5494623044 12718.5494623044 0.636093593261764 2.10812062685213 15.25
2142 12720.0565212298 12720.0565212298 0.636093593261764 2.10812062685213 15.25
2143 12721.5637344659 12721.5637344659 0.636093593261764 2.10812062685213 15.25
2144 12723.0711019733 12723.0711019733 0.636093593261764 2.10812062685213 15.25
2145 12724.5786236636 12724.5786236636 0.636093593261764 2.10812062685213 15.25
2146 12726.0862994821 12726.0862994821 0.636093593261764 2.10812062685213 15.25
2147 12727.594129374 12727.594129374 0.636093593261764 2.10812062685213 15.25
2148 12729.1021132845 12729.1021132845 0.636093593261764 2.10812062685213 15.25
2149 12730.6102511589 12730.6102511589 0.636093593261764 2.10812062685213 15.25
2150 12732.1185429424 12732.1185429424 0.636093593261764 2.10812062685213 15.25
2151 12733.6269885804 12733.6269885804 0.636093593261764 2.10812062685213 15.25
2152 12735.1355880182 12735.1355880182 0.636093593261764 2.10812062685213 15.25
2153 12736.6443412011 12736.6443412011 0.636093593261764 2.10812062685213 15.25
2154 12738.1532480911 12738.1532480911 0.636093593261764 2.10812062685213 15.25
2155 12739.6623086522 12739.6623086522 0.636093593261764 2.10812062685213 15.25
2156 12741.1715227946 12741.1715227946 0.636093593261764 2.10812062685213 15.25
2157 12742.6808904638 12742.6808904638 0.636093593261764 2.10812062685213 15.25
2158 12744.1904116051 12744.1904116051 0.636093593261764 2.10812062685213 15.25
2159 12745.7000861641 12745.7000861641 0.636093593261764 2.10812062685213 15.25
2160 12747.2099140863 12747.2099140863 0.636093593261764 2.10812062685213 15.25
2161 12748.719895317 12748.719895317 0.636093593261764 2.10812062685213 15.25
2162 12750.230029802 12750.230029802 0.636093593261764 2.10812062685213 15.25
2163 12751.7403174867 12751.7403174867 0.636093593261764 2.10812062685213 15.25
2164 12753.2507583167 12753.2507583167 0.636093593261764 2.10812062685213 15.25
2165 12754.7613522521 12754.7613522521 0.636093593261764 2.10812062685213 15.25
2166 12756.2720992618 12756.2720992618 0.636093593261764 2.10812062685213 15.25
2167 12757.7829992532 12757.7829992532 0.636093593261764 2.10812062685213 15.25
2168 12759.2940521723 12759.2940521723 0.636093593261764 2.10812062685213 15.25
2169 12760.8052579649 12760.8052579649 0.636093593261764 2.10812062685213 15.25
2170 12762.3166165767 12762.3166165767 0.636093593261764 2.10812062685213 15.25
2171 12763.8281279533 12763.8281279533 0.636093593261764 2.10812062685213 15.25
2172 12765.3397920405 12765.3397920405 0.636093593261764 2.10812062685213 15.25
2173 12766.8516087841 12766.8516087841 0.636093593261764 2.10812062685213 15.25
2174 12768.3635781303 12768.3635781303 0.636093593261764 2.10812062685213 15.25
2175 12769.8757000233 12769.8757000233 0.636093593261764 2.10812062685213 15.25
2176 12771.3879744246 12771.3879744246 0.636093593261764 2.10812062685213 15.25
2177 12772.9004013034 12772.9004013034 0.636093593261764 2.10812062685213 15.25
2178 12774.4129805676 12774.4129805676 0.636093593261764 2.10812062685213 15.25
2179 12775.925712163 12775.925712163 0.636093593261764 2.10812062685213 15.25
2180 12777.4385960362 12777.4385960362 0.636093593261764 2.10812062685213 15.25
2181 12778.9516321319 12778.9516321319 0.636093593261764 2.10812062685213 15.25
2182 12780.4648203956 12780.4648203956 0.636093593261764 2.10812062685213 15.25
2183 12781.9781607754 12781.9781607754 0.636093593261764 2.10812062685213 15.25
2184 12783.4916532166 12783.4916532166 0.636093593261764 2.10812062685213 15.25
2185 12785.0052976643 12785.0052976643 0.636093593261764 2.10812062685213 15.25
2186 12786.5190940649 12786.5190940649 0.636093593261764 2.10812062685213 15.25
2187 12788.033042377 12788.033042377 0.636093593261764 2.10812062685213 15.25
2188 12789.5471425736 12789.5471425736 0.636093593261764 2.10812062685213 15.25
2189 12791.0613945613 12791.0613945613 0.636093593261764 2.10812062685213 15.25
2190 12792.5757982863 12792.5757982863 0.636093593261764 2.10812062685213 15.25
2191 12794.0903536947 12794.0903536947 0.636093593261764 2.10812062685213 15.25
2192 12795.6050607325 12795.6050607325 0.636093593261764 2.10812062685213 15.25
2193 12797.1199193459 12797.1199193459 0.636093593261764 2.10812062685213 15.25
2194 12798.6349294812 12798.6349294812 0.636093593261764 2.10812062685213 15.25
2195 12800.1500910845 12800.1500910845 0.636093593261764 2.10812062685213 15.25
2196 12801.665404102 12801.665404102 0.636093593261764 2.10812062685213 15.25
2197 12803.1808684799 12803.1808684799 0.636093593261764 2.10812062685213 15.25
2198 12804.6964841755 12804.6964841755 0.636093593261764 2.10812062685213 15.25
2199 12806.2122511652 12806.2122511652 0.636093593261764 2.10812062685213 15.25
2200 12807.7281693541 12807.7281693541 0.636093593261764 2.10812062685213 15.25
2201 12809.2442386887 12809.2442386887 0.636093593261764 2.10812062685213 15.25
2202 12810.7604591152 12810.7604591152 0.636093593261764 2.10812062685213 15.25
2203 12812.27683058 12812.27683058 0.636093593261764 2.10812062685213 15.25
2204 12813.7933530295 12813.7933530295 0.636093593261764 2.10812062685213 15.25
2205 12815.3100264101 12815.3100264101 0.636093593261764 2.10812062685213 15.25
2206 12816.8268506681 12816.8268506681 0.636093593261764 2.10812062685213 15.25
2207 12818.3438257501 12818.3438257501 0.636093593261764 2.10812062685213 15.25
2208 12819.8609516019 12819.8609516019 0.636093593261764 2.10812062685213 15.25
2209 12821.378228181 12821.378228181 0.636093593261764 2.10812062685213 15.25
2210 12822.8956554657 12822.8956554657 0.636093593261764 2.10812062685213 15.25
2211 12824.4132333602 12824.4132333602 0.636093593261764 2.10812062685213 15.25
2212 12825.9309618111 12825.9309618111 0.636093593261764 2.10812062685213 15.25
2213 12827.448840765 12827.448840765 0.636093593261764 2.10812062685213 15.25
2214 12828.9668701684 12828.9668701684 0.636093593261764 2.10812062685213 15.25
2215 12830.485049968 12830.485049968 0.636093593261764 2.10812062685213 15.25
2216 12832.0033801098 12832.0033801098 0.636093593261764 2.10812062685213 15.25
2217 12833.521860542 12833.521860542 0.636093593261764 2.10812062685213 15.25
2218 12835.0404912098 12835.0404912098 0.636093593261764 2.10812062685213 15.25
2219 12836.5592720603 12836.5592720603 0.636093593261764 2.10812062685213 15.25
2220 12838.0782030481 12838.0782030481 0.636093593261764 2.10812062685213 15.25
2221 12839.5972841562 12839.5972841562 0.636093593261764 2.10812062685213 15.25
2222 12841.1165152873 12841.1165152873 0.636093593261764 2.10812062685213 15.25
2223 12842.635896388 12842.635896388 0.636093593261764 2.10812062685213 15.25
2224 12844.1554274051 12844.1554274051 0.636093593261764 2.10812062685213 15.25
2225 12845.675108286 12845.675108286 0.636093593261764 2.10812062685213 15.25
2226 12847.1949389758 12847.1949389758 0.636093593261764 2.10812062685213 15.25
2227 12848.714919423 12848.714919423 0.636093593261764 2.10812062685213 15.25
2228 12850.2350495739 12850.2350495739 0.636093593261764 2.10812062685213 15.25
2229 12851.7553293755 12851.7553293755 0.636093593261764 2.10812062685213 15.25
2230 12853.2757587745 12853.2757587745 0.636093593261764 2.10812062685213 15.25
2231 12854.7963377247 12854.7963377247 0.636093593261764 2.10812062685213 15.25
2232 12856.3170662116 12856.3170662116 0.636093593261764 2.10812062685213 15.25
2233 12857.8379441368 12857.8379441368 0.636093593261764 2.10812062685213 15.25
2234 12859.3589714473 12859.3589714473 0.636093593261764 2.10812062685213 15.25
2235 12860.8801480901 12860.8801480901 0.636093593261764 2.10812062685213 15.25
2236 12862.4014740121 12862.4014740121 0.636093593261764 2.10812062685213 15.25
2237 12863.9229491605 12863.9229491605 0.636093593261764 2.10812062685213 15.25
2238 12865.4445734822 12865.4445734822 0.636093593261764 2.10812062685213 15.25
2239 12866.9663469244 12866.9663469244 0.636093593261764 2.10812062685213 15.25
2240 12868.4882694342 12868.4882694342 0.636093593261764 2.10812062685213 15.25
2241 12870.0103409586 12870.0103409586 0.636093593261764 2.10812062685213 15.25
2242 12871.53256145 12871.53256145 0.636093593261764 2.10812062685213 15.25
2243 12873.0549308973 12873.0549308973 0.636093593261764 2.10812062685213 15.25
2244 12874.5774492008 12874.5774492008 0.636093593261764 2.10812062685213 15.25
2245 12876.1001163081 12876.1001163081 0.636093593261764 2.10812062685213 15.25
2246 12877.6229321649 12877.6229321649 0.636093593261764 2.10812062685213 15.25
2247 12879.14589672 12879.14589672 0.636093593261764 2.10812062685213 15.25
2248 12880.6690099201 12880.6690099201 0.636093593261764 2.10812062685213 15.25
2249 12882.1922717125 12882.1922717125 0.636093593261764 2.10812062685213 15.25
2250 12883.7156820445 12883.7156820445 0.636093593261764 2.10812062685213 15.25
2251 12885.2392408634 12885.2392408634 0.636093593261764 2.10812062685213 15.25
2252 12886.7629481165 12886.7629481165 0.636093593261764 2.10812062685213 15.25
2253 12888.2868037548 12888.2868037548 0.636093593261764 2.10812062685213 15.25
2254 12889.8108077702 12889.8108077702 0.636093593261764 2.10812062685213 15.25
2255 12891.3349600629 12891.3349600629 0.636093593261764 2.10812062685213 15.25
2256 12892.859260579 12892.859260579 0.636093593261764 2.10812062685213 15.25
2257 12894.3837092661 12894.3837092661 0.636093593261764 2.10812062685213 15.25
2258 12895.908306072 12895.908306072 0.636093593261764 2.10812062685213 15.25
2259 12897.4330509439 12897.4330509439 0.636093593261764 2.10812062685213 15.25
2260 12898.9579438295 12898.9579438295 0.636093593261764 2.10812062685213 15.25
2261 12900.4829846761 12900.4829846761 0.636093593261764 2.10812062685213 15.25
2262 12902.0081734314 12902.0081734314 0.636093593261764 2.10812062685213 15.25
2263 12903.5335100429 12903.5335100429 0.636093593261764 2.10812062685213 15.25
2264 12905.0589944602 12905.0589944602 0.636093593261764 2.10812062685213 15.25
2265 12906.5846266791 12906.5846266791 0.636093593261764 2.10812062685213 15.25
2266 12908.110406597 12908.110406597 0.636093593261764 2.10812062685213 15.25
2267 12909.6363341615 12909.6363341615 0.636093593261764 2.10812062685213 15.25
2268 12911.1624093202 12911.1624093202 0.636093593261764 2.10812062685213 15.25
2269 12912.6886320208 12912.6886320208 0.636093593261764 2.10812062685213 15.25
2270 12914.215002211 12914.215002211 0.636093593261764 2.10812062685213 15.25
2271 12915.7415198384 12915.7415198384 0.636093593261764 2.10812062685213 15.25
2272 12917.268184851 12917.268184851 0.636093593261764 2.10812062685213 15.25
2273 12918.7949971962 12918.7949971962 0.636093593261764 2.10812062685213 15.25
2274 12920.3219568221 12920.3219568221 0.636093593261764 2.10812062685213 15.25
2275 12921.8490636767 12921.8490636767 0.636093593261764 2.10812062685213 15.25
2276 12923.3763177594 12923.3763177594 0.636093593261764 2.10812062685213 15.25
2277 12924.903718966 12924.903718966 0.636093593261764 2.10812062685213 15.25
2278 12926.4312672439 12926.4312672439 0.636093593261764 2.10812062685213 15.25
2279 12927.9589625424 12927.9589625424 0.636093593261764 2.10812062685213 15.25
2280 12929.4868048081 12929.4868048081 0.636093593261764 2.10812062685213 15.25
2281 12931.0147939891 12931.0147939891 0.636093593261764 2.10812062685213 15.25
2282 12932.5429300336 12932.5429300336 0.636093593261764 2.10812062685213 15.25
2283 12934.0712128894 12934.0712128894 0.636093593261764 2.10812062685213 15.25
2284 12935.5996425044 12935.5996425044 0.636093593261764 2.10812062685213 15.25
2285 12937.1282188267 12937.1282188267 0.636093593261764 2.10812062685213 15.25
2286 12938.6569418043 12938.6569418043 0.636093593261764 2.10812062685213 15.25
2287 12940.185811437 12940.185811437 0.636093593261764 2.10812062685213 15.25
2288 12941.7148276211 12941.7148276211 0.636093593261764 2.10812062685213 15.25
2289 12943.2439903051 12943.2439903051 0.636093593261764 2.10812062685213 15.25
2290 12944.7732994366 12944.7732994366 0.636093593261764 2.10812062685213 15.25
2291 12946.3027549636 12946.3027549636 0.636093593261764 2.10812062685213 15.25
2292 12947.8323568344 12947.8323568344 0.636093593261764 2.10812062685213 15.25
2293 12949.3621049969 12949.3621049969 0.636093593261764 2.10812062685213 15.25
2294 12950.8919993995 12950.8919993995 0.636093593261764 2.10812062685213 15.25
2295 12952.4220399902 12952.4220399902 0.636093593261764 2.10812062685213 15.25
2296 12953.9522267172 12953.9522267172 0.636093593261764 2.10812062685213 15.25
2297 12955.4825595288 12955.4825595288 0.636093593261764 2.10812062685213 15.25
2298 12957.0130384237 12957.0130384237 0.636093593261764 2.10812062685213 15.25
2299 12958.5436633017 12958.5436633017 0.636093593261764 2.10812062685213 15.25
2300 12960.0744341085 12960.0744341085 0.636093593261764 2.10812062685213 15.25
2301 12961.605350794 12961.605350794 0.636093593261764 2.10812062685213 15.25
2302 12963.1364133049 12963.1364133049 0.636093593261764 2.10812062685213 15.25
2303 12964.6676215901 12964.6676215901 0.636093593261764 2.10812062685213 15.25
2304 12966.198975598 12966.198975598 0.636093593261764 2.10812062685213 15.25
2305 12967.7304752769 12967.7304752769 0.636093593261764 2.10812062685213 15.25
2306 12969.2621205752 12969.2621205752 0.636093593261764 2.10812062685213 15.25
2307 12970.7939114412 12970.7939114412 0.636093593261764 2.10812062685213 15.25
2308 12972.3258478236 12972.3258478236 0.636093593261764 2.10812062685213 15.25
2309 12973.8579297189 12973.8579297189 0.636093593261764 2.10812062685213 15.25
2310 12975.3901570322 12975.3901570322 0.636093593261764 2.10812062685213 15.25
2311 12976.9225297066 12976.9225297066 0.636093593261764 2.10812062685213 15.25
2312 12978.4550476912 12978.4550476912 0.636093593261764 2.10812062685213 15.25
2313 12979.987710935 12979.987710935 0.636093593261764 2.10812062685213 15.25
2314 12981.520519385 12981.520519385 0.636093593261764 2.10812062685213 15.25
2315 12983.0534729914 12983.0534729914 0.636093593261764 2.10812062685213 15.25
2316 12984.5865717021 12984.5865717021 0.636093593261764 2.10812062685213 15.25
2317 12986.1198154658 12986.1198154658 0.636093593261764 2.10812062685213 15.25
2318 12987.6532042312 12987.6532042312 0.636093593261764 2.10812062685213 15.25
2319 12989.1867379468 12989.1867379468 0.636093593261764 2.10812062685213 15.25
2320 12990.7204166087 12990.7204166087 0.636093593261764 2.10812062685213 15.25
2321 12992.2542401235 12992.2542401235 0.636093593261764 2.10812062685213 15.25
2322 12993.7882084346 12993.7882084346 0.636093593261764 2.10812062685213 15.25
2323 12995.3223214908 12995.3223214908 0.636093593261764 2.10812062685213 15.25
2324 12996.8565792408 12996.8565792408 0.636093593261764 2.10812062685213 15.25
2325 12998.3909816333 12998.3909816333 0.636093593261764 2.10812062685213 15.25
2326 12999.9255286172 12999.9255286172 0.636093593261764 2.10812062685213 15.25
2327 13001.4602201412 13001.4602201412 0.636093593261764 2.10812062685213 15.25
2328 13002.9950561541 13002.9950561541 0.636093593261764 2.10812062685213 15.25
2329 13004.5300366048 13004.5300366048 0.636093593261764 2.10812062685213 15.25
2330 13006.0651614422 13006.0651614422 0.636093593261764 2.10812062685213 15.25
2331 13007.6004306609 13007.6004306609 0.636093593261764 2.10812062685213 15.25
2332 13009.1358441709 13009.1358441709 0.636093593261764 2.10812062685213 15.25
2333 13010.6714019142 13010.6714019142 0.636093593261764 2.10812062685213 15.25
2334 13012.2071038398 13012.2071038398 0.636093593261764 2.10812062685213 15.25
2335 13013.7429498967 13013.7429498967 0.636093593261764 2.10812062685213 15.25
2336 13015.2789400337 13015.2789400337 0.636093593261764 2.10812062685213 15.25
2337 13016.8150741999 13016.8150741999 0.636093593261764 2.10812062685213 15.25
2338 13018.3513523444 13018.3513523444 0.636093593261764 2.10812062685213 15.25
2339 13019.887774416 13019.887774416 0.636093593261764 2.10812062685213 15.25
2340 13021.424340364 13021.424340364 0.636093593261764 2.10812062685213 15.25
2341 13022.9610501373 13022.9610501373 0.636093593261764 2.10812062685213 15.25
2342 13024.4979037289 13024.4979037289 0.636093593261764 2.10812062685213 15.25
2343 13026.0349010534 13026.0349010534 0.636093593261764 2.10812062685213 15.25
2344 13027.5720420502 13027.5720420502 0.636093593261764 2.10812062685213 15.25
2345 13029.1093266688 13029.1093266688 0.636093593261764 2.10812062685213 15.25
2346 13030.6467548584 13030.6467548584 0.636093593261764 2.10812062685213 15.25
2347 13032.1843265681 13032.1843265681 0.636093593261764 2.10812062685213 15.25
2348 13033.7220417473 13033.7220417473 0.636093593261764 2.10812062685213 15.25
2349 13035.2599003451 13035.2599003451 0.636093593261764 2.10812062685213 15.25
2350 13036.7979023108 13036.7979023108 0.636093593261764 2.10812062685213 15.25
2351 13038.3360475935 13038.3360475935 0.636093593261764 2.10812062685213 15.25
2352 13039.8743361427 13039.8743361427 0.636093593261764 2.10812062685213 15.25
2353 13041.4127679503 13041.4127679503 0.636093593261764 2.10812062685213 15.25
2354 13042.951342933 13042.951342933 0.636093593261764 2.10812062685213 15.25
2355 13044.4900610301 13044.4900610301 0.636093593261764 2.10812062685213 15.25
2356 13046.0289221909 13046.0289221909 0.636093593261764 2.10812062685213 15.25
2357 13047.5679263648 13047.5679263648 0.636093593261764 2.10812062685213 15.25
2358 13049.1070735012 13049.1070735012 0.636093593261764 2.10812062685213 15.25
2359 13050.6463635495 13050.6463635495 0.636093593261764 2.10812062685213 15.25
2360 13052.1857964592 13052.1857964592 0.636093593261764 2.10812062685213 15.25
2361 13053.7253721796 13053.7253721796 0.636093593261764 2.10812062685213 15.25
2362 13055.2650906604 13055.2650906604 0.636093593261764 2.10812062685213 15.25
2363 13056.8049518509 13056.8049518509 0.636093593261764 2.10812062685213 15.25
2364 13058.3449557425 13058.3449557425 0.636093593261764 2.10812062685213 15.25
2365 13059.8851022539 13059.8851022539 0.636093593261764 2.10812062685213 15.25
2366 13061.4253913238 13061.4253913238 0.636093593261764 2.10812062685213 15.25
2367 13062.9658229015 13062.9658229015 0.636093593261764 2.10812062685213 15.25
2368 13064.5063969369 13064.5063969369 0.636093593261764 2.10812062685213 15.25
2369 13066.0471133793 13066.0471133793 0.636093593261764 2.10812062685213 15.25
2370 13067.587972179 13067.587972179 0.636093593261764 2.10812062685213 15.25
2371 13069.1289732841 13069.1289732841 0.636093593261764 2.10812062685213 15.25
2372 13070.6701166458 13070.6701166458 0.636093593261764 2.10812062685213 15.25
2373 13072.2114022133 13072.2114022133 0.636093593261764 2.10812062685213 15.25
2374 13073.7528299362 13073.7528299362 0.636093593261764 2.10812062685213 15.25
2375 13075.2943998044 13075.2943998044 0.636093593261764 2.10812062685213 15.25
2376 13076.8361117398 13076.8361117398 0.636093593261764 2.10812062685213 15.25
2377 13078.3779656809 13078.3779656809 0.636093593261764 2.10812062685213 15.25
2378 13079.919961576 13079.919961576 0.636093593261764 2.10812062685213 15.25
2379 13081.4620993753 13081.4620993753 0.636093593261764 2.10812062685213 15.25
2380 13083.0043790287 13083.0043790287 0.636093593261764 2.10812062685213 15.25
2381 13084.546800486 13084.546800486 0.636093593261764 2.10812062685213 15.25
2382 13086.0893636971 13086.0893636971 0.636093593261764 2.10812062685213 15.25
2383 13087.6320686118 13087.6320686118 0.636093593261764 2.10812062685213 15.25
2384 13089.1749151801 13089.1749151801 0.636093593261764 2.10812062685213 15.25
2385 13090.7179033518 13090.7179033518 0.636093593261764 2.10812062685213 15.25
2386 13092.2610331155 13092.2610331155 0.636093593261764 2.10812062685213 15.25
2387 13093.8043043969 13093.8043043969 0.636093593261764 2.10812062685213 15.25
2388 13095.3477171316 13095.3477171316 0.636093593261764 2.10812062685213 15.25
2389 13096.8912712696 13096.8912712696 0.636093593261764 2.10812062685213 15.25
2390 13098.4349667609 13098.4349667609 0.636093593261764 2.10812062685213 15.25
2391 13099.9788035556 13099.9788035556 0.636093593261764 2.10812062685213 15.25
2392 13101.5227816036 13101.5227816036 0.636093593261764 2.10812062685213 15.25
2393 13103.066900855 13103.066900855 0.636093593261764 2.10812062685213 15.25
2394 13104.61116126 13104.61116126 0.636093593261764 2.10812062685213 15.25
2395 13106.1555627686 13106.1555627686 0.636093593261764 2.10812062685213 15.25
2396 13107.7001053315 13107.7001053315 0.636093593261764 2.10812062685213 15.25
2397 13109.2447889343 13109.2447889343 0.636093593261764 2.10812062685213 15.25
2398 13110.7896135075 13110.7896135075 0.636093593261764 2.10812062685213 15.25
2399 13112.334578985 13112.334578985 0.636093593261764 2.10812062685213 15.25
2400 13113.8796853175 13113.8796853175 0.636093593261764 2.10812062685213 15.25
2401 13115.4249324536 13115.4249324536 0.636093593261764 2.10812062685213 15.25
2402 13116.9703203445 13116.9703203445 0.636093593261764 2.10812062685213 15.25
2403 13118.5158489416 13118.5158489416 0.636093593261764 2.10812062685213 15.25
2404 13120.0615181936 13120.0615181936 0.636093593261764 2.10812062685213 15.25
2405 13121.6073280513 13121.6073280513 0.636093593261764 2.10812062685213 15.25
2406 13123.153278465 13123.153278465 0.636093593261764 2.10812062685213 15.25
2407 13124.699369385 13124.699369385 0.636093593261764 2.10812062685213 15.25
2408 13126.2456007973 13126.2456007973 0.636093593261764 2.10812062685213 15.25
2409 13127.7919726341 13127.7919726341 0.636093593261764 2.10812062685213 15.25
2410 13129.3384848284 13129.3384848284 0.636093593261764 2.10812062685213 15.25
2411 13130.8851373305 13130.8851373305 0.636093593261764 2.10812062685213 15.25
2412 13132.4319300909 13132.4319300909 0.636093593261764 2.10812062685213 15.25
2413 13133.97886306 13133.97886306 0.636093593261764 2.10812062685213 15.25
2414 13135.5259361882 13135.5259361882 0.636093593261764 2.10812062685213 15.25
2415 13137.0731494262 13137.0731494262 0.636093593261764 2.10812062685213 15.25
2416 13138.6205027242 13138.6205027242 0.636093593261764 2.10812062685213 15.25
2417 13140.167996033 13140.167996033 0.636093593261764 2.10812062685213 15.25
2418 13141.715629303 13141.715629303 0.636093593261764 2.10812062685213 15.25
2419 13143.2634025192 13143.2634025192 0.636093593261764 2.10812062685213 15.25
2420 13144.8113156158 13144.8113156158 0.636093593261764 2.10812062685213 15.25
2421 13146.3593685259 13146.3593685259 0.636093593261764 2.10812062685213 15.25
2422 13147.9075611996 13147.9075611996 0.636093593261764 2.10812062685213 15.25
2423 13149.4558935874 13149.4558935874 0.636093593261764 2.10812062685213 15.25
2424 13151.0043656401 13151.0043656401 0.636093593261764 2.10812062685213 15.25
2425 13152.5529773083 13152.5529773083 0.636093593261764 2.10812062685213 15.25
2426 13154.1017285426 13154.1017285426 0.636093593261764 2.10812062685213 15.25
2427 13155.6506192939 13155.6506192939 0.636093593261764 2.10812062685213 15.25
2428 13157.1996495128 13157.1996495128 0.636093593261764 2.10812062685213 15.25
2429 13158.74881915 13158.74881915 0.636093593261764 2.10812062685213 15.25
2430 13160.2981281888 13160.2981281888 0.636093593261764 2.10812062685213 15.25
2431 13161.8475765682 13161.8475765682 0.636093593261764 2.10812062685213 15.25
2432 13163.3971642183 13163.3971642183 0.636093593261764 2.10812062685213 15.25
2433 13164.9468910899 13164.9468910899 0.636093593261764 2.10812062685213 15.25
2434 13166.496757134 13166.496757134 0.636093593261764 2.10812062685213 15.25
2435 13168.0467623012 13168.0467623012 0.636093593261764 2.10812062685213 15.25
2436 13169.5969065425 13169.5969065425 0.636093593261764 2.10812062685213 15.25
2437 13171.1471898089 13171.1471898089 0.636093593261764 2.10812062685213 15.25
2438 13172.6976120511 13172.6976120511 0.636093593261764 2.10812062685213 15.25
2439 13174.2481732201 13174.2481732201 0.636093593261764 2.10812062685213 15.25
2440 13175.798873267 13175.798873267 0.636093593261764 2.10812062685213 15.25
2441 13177.349712174 13177.349712174 0.636093593261764 2.10812062685213 15.25
2442 13178.9006898825 13178.9006898825 0.636093593261764 2.10812062685213 15.25
2443 13180.4518063218 13180.4518063218 0.636093593261764 2.10812062685213 15.25
2444 13182.0030614428 13182.0030614428 0.636093593261764 2.10812062685213 15.25
2445 13183.5544551962 13183.5544551962 0.636093593261764 2.10812062685213 15.25
2446 13185.1059875345 13185.1059875345 0.636093593261764 2.10812062685213 15.25
2447 13186.6576584072 13186.6576584072 0.636093593261764 2.10812062685213 15.25
2448 13188.2094677659 13188.2094677659 0.636093593261764 2.10812062685213 15.25
2449 13189.7614155619 13189.7614155619 0.636093593261764 2.10812062685213 15.25
2450 13191.3135017461 13191.3135017461 0.636093593261764 2.10812062685213 15.25
2451 13192.8657262698 13192.8657262698 0.636093593261764 2.10812062685213 15.25
2452 13194.418089114 13194.418089114 0.636093593261764 2.10812062685213 15.25
2453 13195.9705902235 13195.9705902235 0.636093593261764 2.10812062685213 15.25
2454 13197.523229526 13197.523229526 0.636093593261764 2.10812062685213 15.25
2455 13199.0760069727 13199.0760069727 0.636093593261764 2.10812062685213 15.25
2456 13200.628922515 13200.628922515 0.636093593261764 2.10812062685213 15.25
2457 13202.1819761041 13202.1819761041 0.636093593261764 2.10812062685213 15.25
2458 13203.7351676913 13203.7351676913 0.636093593261764 2.10812062685213 15.25
2459 13205.2884972279 13205.2884972279 0.636093593261764 2.10812062685213 15.25
2460 13206.8419646651 13206.8419646651 0.636093593261764 2.10812062685213 15.25
2461 13208.3955699539 13208.3955699539 0.636093593261764 2.10812062685213 15.25
2462 13209.9493130471 13209.9493130471 0.636093593261764 2.10812062685213 15.25
2463 13211.5031939228 13211.5031939228 0.636093593261764 2.10812062685213 15.25
2464 13213.0572125298 13213.0572125298 0.636093593261764 2.10812062685213 15.25
2465 13214.6113687944 13214.6113687944 0.636093593261764 2.10812062685213 15.25
2466 13216.165662668 13216.165662668 0.636093593261764 2.10812062685213 15.25
2467 13217.7200941021 13217.7200941021 0.636093593261764 2.10812062685213 15.25
2468 13219.2746630482 13219.2746630482 0.636093593261764 2.10812062685213 15.25
2469 13220.8293694577 13220.8293694577 0.636093593261764 2.10812062685213 15.25
2470 13222.3842132821 13222.3842132821 0.636093593261764 2.10812062685213 15.25
2471 13223.9391944731 13223.9391944731 0.636093593261764 2.10812062685213 15.25
2472 13225.494312982 13225.494312982 0.636093593261764 2.10812062685213 15.25
2473 13227.0495687606 13227.0495687606 0.636093593261764 2.10812062685213 15.25
2474 13228.604961787 13228.604961787 0.636093593261764 2.10812062685213 15.25
2475 13230.1604920128 13230.1604920128 0.636093593261764 2.10812062685213 15.25
2476 13231.716159363 13231.716159363 0.636093593261764 2.10812062685213 15.25
2477 13233.2719637893 13233.2719637893 0.636093593261764 2.10812062685213 15.25
2478 13234.8279052433 13234.8279052433 0.636093593261764 2.10812062685213 15.25
2479 13236.3839836766 13236.3839836766 0.636093593261764 2.10812062685213 15.25
2480 13237.9401990416 13237.9401990416 0.636093593261764 2.10812062685213 15.25
2481 13239.4965512882 13239.4965512882 0.636093593261764 2.10812062685213 15.25
2482 13241.0530403699 13241.0530403699 0.636093593261764 2.10812062685213 15.25
2483 13242.6096662378 13242.6096662378 0.636093593261764 2.10812062685213 15.25
2484 13244.1664288437 13244.1664288437 0.636093593261764 2.10812062685213 15.25
2485 13245.7233281645 13245.7233281645 0.636093593261764 2.10812062685213 15.25
2486 13247.2803641552 13247.2803641552 0.636093593261764 2.10812062685213 15.25
2487 13248.8375367394 13248.8375367394 0.636093593261764 2.10812062685213 15.25
2488 13250.3948458688 13250.3948458688 0.636093593261764 2.10812062685213 15.25
2489 13251.9522914954 13251.9522914954 0.636093593261764 2.10812062685213 15.25
2490 13253.5098735709 13253.5098735709 0.636093593261764 2.10812062685213 15.25
2491 13255.0675920474 13255.0675920474 0.636093593261764 2.10812062685213 15.25
2492 13256.6254468767 13256.6254468767 0.636093593261764 2.10812062685213 15.25
2493 13258.1834380107 13258.1834380107 0.636093593261764 2.10812062685213 15.25
2494 13259.7415654014 13259.7415654014 0.636093593261764 2.10812062685213 15.25
2495 13261.2998290008 13261.2998290008 0.636093593261764 2.10812062685213 15.25
2496 13262.8582287844 13262.8582287844 0.636093593261764 2.10812062685213 15.25
2497 13264.4167647106 13264.4167647106 0.636093593261764 2.10812062685213 15.25
2498 13265.9754367009 13265.9754367009 0.636093593261764 2.10812062685213 15.25
2499 13267.534244709 13267.534244709 0.636093593261764 2.10812062685213 15.25
2500 13269.0931886854 13269.0931886854 0.636093593261764 2.10812062685213 15.25
2501 13270.6522685827 13270.6522685827 0.636093593261764 2.10812062685213 15.25
2502 13272.2114843529 13272.2114843529 0.636093593261764 2.10812062685213 15.25
2503 13273.7708359483 13273.7708359483 0.636093593261764 2.10812062685213 15.25
2504 13275.3303233208 13275.3303233208 0.636093593261764 2.10812062685213 15.25
2505 13276.8899464227 13276.8899464227 0.636093593261764 2.10812062685213 15.25
2506 13278.4497052062 13278.4497052062 0.636093593261764 2.10812062685213 15.25
2507 13280.0095996454 13280.0095996454 0.636093593261764 2.10812062685213 15.25
2508 13281.569629702 13281.569629702 0.636093593261764 2.10812062685213 15.25
2509 13283.1297952969 13283.1297952969 0.636093593261764 2.10812062685213 15.25
2510 13284.6900963821 13284.6900963821 0.636093593261764 2.10812062685213 15.25
2511 13286.2505329101 13286.2505329101 0.636093593261764 2.10812062685213 15.25
2512 13287.8111048335 13287.8111048335 0.636093593261764 2.10812062685213 15.25
2513 13289.3718121031 13289.3718121031 0.636093593261764 2.10812062685213 15.25
2514 13290.9326546729 13290.9326546729 0.636093593261764 2.10812062685213 15.25
2515 13292.4936324945 13292.4936324945 0.636093593261764 2.10812062685213 15.25
2516 13294.0547455204 13294.0547455204 0.636093593261764 2.10812062685213 15.25
2517 13295.615993703 13295.615993703 0.636093593261764 2.10812062685213 15.25
2518 13297.1773770149 13297.1773770149 0.636093593261764 2.10812062685213 15.25
2519 13298.7388954215 13298.7388954215 0.636093593261764 2.10812062685213 15.25
2520 13300.300548842 13300.300548842 0.636093593261764 2.10812062685213 15.25
2521 13301.8623372288 13301.8623372288 0.636093593261764 2.10812062685213 15.25
2522 13303.4242605343 13303.4242605343 0.636093593261764 2.10812062685213 15.25
2523 13304.9863187112 13304.9863187112 0.636093593261764 2.10812062685213 15.25
2524 13306.5485117117 13306.5485117117 0.636093593261764 2.10812062685213 15.25
2525 13308.1108394892 13308.1108394892 0.636093593261764 2.10812062685213 15.25
2526 13309.6733019943 13309.6733019943 0.636093593261764 2.10812062685213 15.25
2527 13311.2358991813 13311.2358991813 0.636093593261764 2.10812062685213 15.25
2528 13312.7986310023 13312.7986310023 0.636093593261764 2.10812062685213 15.25
2529 13314.3614974291 13314.3614974291 0.636093593261764 2.10812062685213 15.25
2530 13315.9244984289 13315.9244984289 0.636093593261764 2.10812062685213 15.25
2531 13317.4876339215 13317.4876339215 0.636093593261764 2.10812062685213 15.25
2532 13319.0509038579 13319.0509038579 0.636093593261764 2.10812062685213 15.25
2533 13320.6143081915 13320.6143081915 0.636093593261764 2.10812062685213 15.25
2534 13322.1778468748 13322.1778468748 0.636093593261764 2.10812062685213 15.25
2535 13323.7415198606 13323.7415198606 0.636093593261764 2.10812062685213 15.25
2536 13325.3053271015 13325.3053271015 0.636093593261764 2.10812062685213 15.25
2537 13326.8692685504 13326.8692685504 0.636093593261764 2.10812062685213 15.25
2538 13328.4333441599 13328.4333441599 0.636093593261764 2.10812062685213 15.25
2539 13329.9975538829 13329.9975538829 0.636093593261764 2.10812062685213 15.25
2540 13331.5618976898 13331.5618976898 0.636093593261764 2.10812062685213 15.25
2541 13333.1263755518 13333.1263755518 0.636093593261764 2.10812062685213 15.25
2542 13334.6909873856 13334.6909873856 0.636093593261764 2.10812062685213 15.25
2543 13336.2557331441 13336.2557331441 0.636093593261764 2.10812062685213 15.25
2544 13337.8206127802 13337.8206127802 0.636093593261764 2.10812062685213 15.25
2545 13339.3856262467 13339.3856262467 0.636093593261764 2.10812062685213 15.25
2546 13340.9507734961 13340.9507734961 0.636093593261764 2.10812062685213 15.25
2547 13342.5160544828 13342.5160544828 0.636093593261764 2.10812062685213 15.25
2548 13344.0814691582 13344.0814691582 0.636093593261764 2.10812062685213 15.25
2549 13345.6470174758 13345.6470174758 0.636093593261764 2.10812062685213 15.25
2550 13347.2126993885 13347.2126993885 0.636093593261764 2.10812062685213 15.25
2551 13348.7785148655 13348.7785148655 0.636093593261764 2.10812062685213 15.25
2552 13350.3444638811 13350.3444638811 0.636093593261764 2.10812062685213 15.25
2553 13351.910546351 13351.910546351 0.636093593261764 2.10812062685213 15.25
2554 13353.476762228 13353.476762228 0.636093593261764 2.10812062685213 15.25
2555 13355.0431114653 13355.0431114653 0.636093593261764 2.10812062685213 15.25
2556 13356.609594016 13356.609594016 0.636093593261764 2.10812062685213 15.25
2557 13358.1762098331 13358.1762098331 0.636093593261764 2.10812062685213 15.25
2558 13359.7429588692 13359.7429588692 0.636093593261764 2.10812062685213 15.25
2559 13361.3098410791 13361.3098410791 0.636093593261764 2.10812062685213 15.25
2560 13362.8768564144 13362.8768564144 0.636093593261764 2.10812062685213 15.25
2561 13364.4440048286 13364.4440048286 0.636093593261764 2.10812062685213 15.25
2562 13366.0112862895 13366.0112862895 0.636093593261764 2.10812062685213 15.25
2563 13367.5787007751 13367.5787007751 0.636093593261764 2.10812062685213 15.25
2564 13369.1462481993 13369.1462481993 0.636093593261764 2.10812062685213 15.25
2565 13370.7139285154 13370.7139285154 0.636093593261764 2.10812062685213 15.25
2566 13372.2817416767 13372.2817416767 0.636093593261764 2.10812062685213 15.25
2567 13373.8496876363 13373.8496876363 0.636093593261764 2.10812062685213 15.25
2568 13375.4177663477 13375.4177663477 0.636093593261764 2.10812062685213 15.25
2569 13376.9859777641 13376.9859777641 0.636093593261764 2.10812062685213 15.25
2570 13378.5543218388 13378.5543218388 0.636093593261764 2.10812062685213 15.25
2571 13380.1227985252 13380.1227985252 0.636093593261764 2.10812062685213 15.25
2572 13381.6914077767 13381.6914077767 0.636093593261764 2.10812062685213 15.25
2573 13383.2601495596 13383.2601495596 0.636093593261764 2.10812062685213 15.25
2574 13384.8290238552 13384.8290238552 0.636093593261764 2.10812062685213 15.25
2575 13386.3980305761 13386.3980305761 0.636093593261764 2.10812062685213 15.25
2576 13387.9671696757 13387.9671696757 0.636093593261764 2.10812062685213 15.25
2577 13389.5364411075 13389.5364411075 0.636093593261764 2.10812062685213 15.25
2578 13391.1058448255 13391.1058448255 0.636093593261764 2.10812062685213 15.25
2579 13392.6753807816 13392.6753807816 0.636093593261764 2.10812062685213 15.25
2580 13394.2450489308 13394.2450489308 0.636093593261764 2.10812062685213 15.25
2581 13395.8148492262 13395.8148492262 0.636093593261764 2.10812062685213 15.25
2582 13397.3847816214 13397.3847816214 0.636093593261764 2.10812062685213 15.25
2583 13398.9548460698 13398.9548460698 0.636093593261764 2.10812062685213 15.25
2584 13400.5250425359 13400.5250425359 0.636093593261764 2.10812062685213 15.25
2585 13402.0953710061 13402.0953710061 0.636093593261764 2.10812062685213 15.25
2586 13403.6658313899 13403.6658313899 0.636093593261764 2.10812062685213 15.25
2587 13405.2364236413 13405.2364236413 0.636093593261764 2.10812062685213 15.25
2588 13406.8071477142 13406.8071477142 0.636093593261764 2.10812062685213 15.25
2589 13408.3780035616 13408.3780035616 0.636093593261764 2.10812062685213 15.25
2590 13409.9489911388 13409.9489911388 0.636093593261764 2.10812062685213 15.25
2591 13411.5201103979 13411.5201103979 0.636093593261764 2.10812062685213 15.25
2592 13413.0913612931 13413.0913612931 0.636093593261764 2.10812062685213 15.25
2593 13414.6627437783 13414.6627437783 0.636093593261764 2.10812062685213 15.25
2594 13416.2342578072 13416.2342578072 0.636093593261764 2.10812062685213 15.25
2595 13417.8059033432 13417.8059033432 0.636093593261764 2.10812062685213 15.25
2596 13419.3776803746 13419.3776803746 0.636093593261764 2.10812062685213 15.25
2597 13420.9495888112 13420.9495888112 0.636093593261764 2.10812062685213 15.25
2598 13422.5216286066 13422.5216286066 0.636093593261764 2.10812062685213 15.25
2599 13424.0937997148 13424.0937997148 0.636093593261764 2.10812062685213 15.25
2600 13425.666102089 13425.666102089 0.636093593261764 2.10812062685213 15.25
2601 13427.2385356848 13427.2385356848 0.636093593261764 2.10812062685213 15.25
2602 13428.8111004545 13428.8111004545 0.636093593261764 2.10812062685213 15.25
2603 13430.3837963525 13430.3837963525 0.636093593261764 2.10812062685213 15.25
2604 13431.9566233328 13431.9566233328 0.636093593261764 2.10812062685213 15.25
2605 13433.5295813492 13433.5295813492 0.636093593261764 2.10812062685213 15.25
2606 13435.102670364 13435.102670364 0.636093593261764 2.10812062685213 15.25
2607 13436.6758903687 13436.6758903687 0.636093593261764 2.10812062685213 15.25
2608 13438.2492412717 13438.2492412717 0.636093593261764 2.10812062685213 15.25
2609 13439.8227230269 13439.8227230269 0.636093593261764 2.10812062685213 15.25
2610 13441.3963355883 13441.3963355883 0.636093593261764 2.10812062685213 15.25
2611 13442.9700789101 13442.9700789101 0.636093593261764 2.10812062685213 15.25
2612 13444.5439529462 13444.5439529462 0.636093593261764 2.10812062685213 15.25
2613 13446.1179576504 13446.1179576504 0.636093593261764 2.10812062685213 15.25
2614 13447.6920929782 13447.6920929782 0.636093593261764 2.10812062685213 15.25
2615 13449.2663588822 13449.2663588822 0.636093593261764 2.10812062685213 15.25
2616 13450.840755317 13450.840755317 0.636093593261764 2.10812062685213 15.25
2617 13452.4152822435 13452.4152822435 0.636093593261764 2.10812062685213 15.25
2618 13453.9899396567 13453.9899396567 0.636093593261764 2.10812062685213 15.25
2619 13455.5647274633 13455.5647274633 0.636093593261764 2.10812062685213 15.25
2620 13457.1396456177 13457.1396456177 0.636093593261764 2.10812062685213 15.25
2621 13458.7146940739 13458.7146940739 0.636093593261764 2.10812062685213 15.25
2622 13460.2898727863 13460.2898727863 0.636093593261764 2.10812062685213 15.25
2623 13461.8651817092 13461.8651817092 0.636093593261764 2.10812062685213 15.25
2624 13463.4406207968 13463.4406207968 0.636093593261764 2.10812062685213 15.25
2625 13465.0161900034 13465.0161900034 0.636093593261764 2.10812062685213 15.25
2626 13466.5918892834 13466.5918892834 0.636093593261764 2.10812062685213 15.25
2627 13468.1677185911 13468.1677185911 0.636093593261764 2.10812062685213 15.25
2628 13469.7436778857 13469.7436778857 0.636093593261764 2.10812062685213 15.25
2629 13471.319767166 13471.319767166 0.636093593261764 2.10812062685213 15.25
2630 13472.8959863371 13472.8959863371 0.636093593261764 2.10812062685213 15.25
2631 13474.4723353535 13474.4723353535 0.636093593261764 2.10812062685213 15.25
2632 13476.0488141696 13476.0488141696 0.636093593261764 2.10812062685213 15.25
2633 13477.6254227398 13477.6254227398 0.636093593261764 2.10812062685213 15.25
2634 13479.2021610187 13479.2021610187 0.636093593261764 2.10812062685213 15.25
2635 13480.7790289606 13480.7790289606 0.636093593261764 2.10812062685213 15.25
2636 13482.3560265202 13482.3560265202 0.636093593261764 2.10812062685213 15.25
2637 13483.9331536519 13483.9331536519 0.636093593261764 2.10812062685213 15.25
2638 13485.5104103107 13485.5104103107 0.636093593261764 2.10812062685213 15.25
2639 13487.0877964535 13487.0877964535 0.636093593261764 2.10812062685213 15.25
2640 13488.665312083 13488.665312083 0.636093593261764 2.10812062685213 15.25
2641 13490.2429571028 13490.2429571028 0.636093593261764 2.10812062685213 15.25
2642 13491.8207314676 13491.8207314676 0.636093593261764 2.10812062685213 15.25
2643 13493.398635132 13493.398635132 0.636093593261764 2.10812062685213 15.25
2644 13494.9766680507 13494.9766680507 0.636093593261764 2.10812062685213 15.25
2645 13496.5548301783 13496.5548301783 0.636093593261764 2.10812062685213 15.25
2646 13498.1331214695 13498.1331214695 0.636093593261764 2.10812062685213 15.25
2647 13499.7115418789 13499.7115418789 0.636093593261764 2.10812062685213 15.25
2648 13501.2900913614 13501.2900913614 0.636093593261764 2.10812062685213 15.25
2649 13502.8687698716 13502.8687698716 0.636093593261764 2.10812062685213 15.25
2650 13504.4475773664 13504.4475773664 0.636093593261764 2.10812062685213 15.25
2651 13506.0265138504 13506.0265138504 0.636093593261764 2.10812062685213 15.25
2652 13507.6055792265 13507.6055792265 0.636093593261764 2.10812062685213 15.25
2653 13509.1847734494 13509.1847734494 0.636093593261764 2.10812062685213 15.25
2654 13510.764096474 13510.764096474 0.636093593261764 2.10812062685213 15.25
2655 13512.343548255 13512.343548255 0.636093593261764 2.10812062685213 15.25
2656 13513.9231287474 13513.9231287474 0.636093593261764 2.10812062685213 15.25
2657 13515.5028379059 13515.5028379059 0.636093593261764 2.10812062685213 15.25
2658 13517.0826756856 13517.0826756856 0.636093593261764 2.10812062685213 15.25
2659 13518.6626420412 13518.6626420412 0.636093593261764 2.10812062685213 15.25
2660 13520.2427369278 13520.2427369278 0.636093593261764 2.10812062685213 15.25
2661 13521.8229603007 13521.8229603007 0.636093593261764 2.10812062685213 15.25
2662 13523.4033121681 13523.4033121681 0.636093593261764 2.10812062685213 15.25
2663 13524.9837924313 13524.9837924313 0.636093593261764 2.10812062685213 15.25
2664 13526.5644010452 13526.5644010452 0.636093593261764 2.10812062685213 15.25
2665 13528.145137965 13528.145137965 0.636093593261764 2.10812062685213 15.25
2666 13529.7260031455 13529.7260031455 0.636093593261764 2.10812062685213 15.25
2667 13531.306996542 13531.306996542 0.636093593261764 2.10812062685213 15.25
2668 13532.8881181093 13532.8881181093 0.636093593261764 2.10812062685213 15.25
2669 13534.4693678026 13534.4693678026 0.636093593261764 2.10812062685213 15.25
2670 13536.050745577 13536.050745577 0.636093593261764 2.10812062685213 15.25
2671 13537.6322513871 13537.6322513871 0.636093593261764 2.10812062685213 15.25
2672 13539.2138851901 13539.2138851901 0.636093593261764 2.10812062685213 15.25
2673 13540.7956469911 13540.7956469911 0.636093593261764 2.10812062685213 15.25
2674 13542.3775366954 13542.3775366954 0.636093593261764 2.10812062685213 15.25
2675 13543.9595542571 13543.9595542571 0.636093593261764 2.10812062685213 15.25
2676 13545.5416996297 13545.5416996297 0.636093593261764 2.10812062685213 15.25
2677 13547.1239727701 13547.1239727701 0.636093593261764 2.10812062685213 15.25
2678 13548.706373633 13548.706373633 0.636093593261764 2.10812062685213 15.25
2679 13550.2889021736 13550.2889021736 0.636093593261764 2.10812062685213 15.25
2680 13551.8715583467 13551.8715583467 0.636093593261764 2.10812062685213 15.25
2681 13553.4543421091 13553.4543421091 0.636093593261764 2.10812062685213 15.25
2682 13555.0372534146 13555.0372534146 0.636093593261764 2.10812062685213 15.25
2683 13556.620292219 13556.620292219 0.636093593261764 2.10812062685213 15.25
2684 13558.2034585292 13558.2034585292 0.636093593261764 2.10812062685213 15.25
2685 13559.7867522518 13559.7867522518 0.636093593261764 2.10812062685213 15.25
2686 13561.3701733393 13561.3701733393 0.636093593261764 2.10812062685213 15.25
2687 13562.9537217472 13562.9537217472 0.636093593261764 2.10812062685213 15.25
2688 13564.5373974308 13564.5373974308 0.636093593261764 2.10812062685213 15.25
2689 13566.1212003457 13566.1212003457 0.636093593261764 2.10812062685213 15.25
2690 13567.7051304477 13567.7051304477 0.636093593261764 2.10812062685213 15.25
2691 13569.2891876908 13569.2891876908 0.636093593261764 2.10812062685213 15.25
2692 13570.8733720319 13570.8733720319 0.636093593261764 2.10812062685213 15.25
2693 13572.4576834262 13572.4576834262 0.636093593261764 2.10812062685213 15.25
2694 13574.0421218289 13574.0421218289 0.636093593261764 2.10812062685213 15.25
2695 13575.6266872453 13575.6266872453 0.636093593261764 2.10812062685213 15.25
2696 13577.2113795867 13577.2113795867 0.636093593261764 2.10812062685213 15.25
2697 13578.7961988029 13578.7961988029 0.636093593261764 2.10812062685213 15.25
2698 13580.3811448498 13580.3811448498 0.636093593261764 2.10812062685213 15.25
2699 13581.966217683 13581.966217683 0.636093593261764 2.10812062685213 15.25
2700 13583.5514172583 13583.5514172583 0.636093593261764 2.10812062685213 15.25
2701 13585.1367435313 13585.1367435313 0.636093593261764 2.10812062685213 15.25
2702 13586.7221964575 13586.7221964575 0.636093593261764 2.10812062685213 15.25
2703 13588.3077759926 13588.3077759926 0.636093593261764 2.10812062685213 15.25
2704 13589.8934820923 13589.8934820923 0.636093593261764 2.10812062685213 15.25
2705 13591.4793147124 13591.4793147124 0.636093593261764 2.10812062685213 15.25
2706 13593.065273857 13593.065273857 0.636093593261764 2.10812062685213 15.25
2707 13594.6513594393 13594.6513594393 0.636093593261764 2.10812062685213 15.25
2708 13596.2375714085 13596.2375714085 0.636093593261764 2.10812062685213 15.25
2709 13597.8239097222 13597.8239097222 0.636093593261764 2.10812062685213 15.25
2710 13599.4103743344 13599.4103743344 0.636093593261764 2.10812062685213 15.25
2711 13600.9969652015 13600.9969652015 0.636093593261764 2.10812062685213 15.25
2712 13602.5836822793 13602.5836822793 0.636093593261764 2.10812062685213 15.25
2713 13604.1705255236 13604.1705255236 0.636093593261764 2.10812062685213 15.25
2714 13605.7574948903 13605.7574948903 0.636093593261764 2.10812062685213 15.25
2715 13607.3445903352 13607.3445903352 0.636093593261764 2.10812062685213 15.25
2716 13608.9318118143 13608.9318118143 0.636093593261764 2.10812062685213 15.25
2717 13610.5191593303 13610.5191593303 0.636093593261764 2.10812062685213 15.25
2718 13612.1066327999 13612.1066327999 0.636093593261764 2.10812062685213 15.25
2719 13613.6942321714 13613.6942321714 0.636093593261764 2.10812062685213 15.25
2720 13615.2819574007 13615.2819574007 0.636093593261764 2.10812062685213 15.25
2721 13616.8698084439 13616.8698084439 0.636093593261764 2.10812062685213 15.25
2722 13618.457785257 13618.457785257 0.636093593261764 2.10812062685213 15.25
2723 13620.0458877958 13620.0458877958 0.636093593261764 2.10812062685213 15.25
2724 13621.6341160166 13621.6341160166 0.636093593261764 2.10812062685213 15.25
2725 13623.2224698752 13623.2224698752 0.636093593261764 2.10812062685213 15.25
2726 13624.8109493278 13624.8109493278 0.636093593261764 2.10812062685213 15.25
2727 13626.3995543304 13626.3995543304 0.636093593261764 2.10812062685213 15.25
2728 13627.9882848844 13627.9882848844 0.636093593261764 2.10812062685213 15.25
2729 13629.5771409098 13629.5771409098 0.636093593261764 2.10812062685213 15.25
2730 13631.1661223537 13631.1661223537 0.636093593261764 2.10812062685213 15.25
2731 13632.755229172 13632.755229172 0.636093593261764 2.10812062685213 15.25
2732 13634.344461321 13634.344461321 0.636093593261764 2.10812062685213 15.25
2733 13635.9338187569 13635.9338187569 0.636093593261764 2.10812062685213 15.25
2734 13637.5233014358 13637.5233014358 0.636093593261764 2.10812062685213 15.25
2735 13639.1129093139 13639.1129093139 0.636093593261764 2.10812062685213 15.25
2736 13640.702642347 13640.702642347 0.636093593261764 2.10812062685213 15.25
2737 13642.2925004929 13642.2925004929 0.636093593261764 2.10812062685213 15.25
2738 13643.8824837062 13643.8824837062 0.636093593261764 2.10812062685213 15.25
2739 13645.4725919874 13645.4725919874 0.636093593261764 2.10812062685213 15.25
2740 13647.0628252601 13647.0628252601 0.636093593261764 2.10812062685213 15.25
2741 13648.6531834696 13648.6531834696 0.636093593261764 2.10812062685213 15.25
2742 13650.2436665724 13650.2436665724 0.636093593261764 2.10812062685213 15.25
2743 13651.8342745247 13651.8342745247 0.636093593261764 2.10812062685213 15.25
2744 13653.4250072829 13653.4250072829 0.636093593261764 2.10812062685213 15.25
2745 13655.0158648034 13655.0158648034 0.636093593261764 2.10812062685213 15.25
2746 13656.6068470426 13656.6068470426 0.636093593261764 2.10812062685213 15.25
2747 13658.1979539568 13658.1979539568 0.636093593261764 2.10812062685213 15.25
2748 13659.7891855026 13659.7891855026 0.636093593261764 2.10812062685213 15.25
2749 13661.3805416364 13661.3805416364 0.636093593261764 2.10812062685213 15.25
2750 13662.9720223567 13662.9720223567 0.636093593261764 2.10812062685213 15.25
2751 13664.5636275904 13664.5636275904 0.636093593261764 2.10812062685213 15.25
2752 13666.1553572816 13666.1553572816 0.636093593261764 2.10812062685213 15.25
2753 13667.7472113873 13667.7472113873 0.636093593261764 2.10812062685213 15.25
2754 13669.3391898623 13669.3391898623 0.636093593261764 2.10812062685213 15.25
2755 13670.9312926649 13670.9312926649 0.636093593261764 2.10812062685213 15.25
2756 13672.5235197511 13672.5235197511 0.636093593261764 2.10812062685213 15.25
2757 13674.1158710775 13674.1158710775 0.636093593261764 2.10812062685213 15.25
2758 13675.7083466006 13675.7083466006 0.636093593261764 2.10812062685213 15.25
2759 13677.3009462771 13677.3009462771 0.636093593261764 2.10812062685213 15.25
2760 13678.8936700636 13678.8936700636 0.636093593261764 2.10812062685213 15.25
2761 13680.4865179573 13680.4865179573 0.636093593261764 2.10812062685213 15.25
2762 13682.0794898884 13682.0794898884 0.636093593261764 2.10812062685213 15.25
2763 13683.6725857996 13683.6725857996 0.636093593261764 2.10812062685213 15.25
2764 13685.2658056475 13685.2658056475 0.636093593261764 2.10812062685213 15.25
2765 13686.8591493889 13686.8591493889 0.636093593261764 2.10812062685213 15.25
2766 13688.4526169804 13688.4526169804 0.636093593261764 2.10812062685213 15.25
2767 13690.0462083789 13690.0462083789 0.636093593261764 2.10812062685213 15.25
2768 13691.639923541 13691.639923541 0.636093593261764 2.10812062685213 15.25
2769 13693.2337624236 13693.2337624236 0.636093593261764 2.10812062685213 15.25
2770 13694.8277249835 13694.8277249835 0.636093593261764 2.10812062685213 15.25
2771 13696.4218111775 13696.4218111775 0.636093593261764 2.10812062685213 15.25
2772 13698.0160210012 13698.0160210012 0.636093593261764 2.10812062685213 15.25
2773 13699.6103543886 13699.6103543886 0.636093593261764 2.10812062685213 15.25
2774 13701.2048112806 13701.2048112806 0.636093593261764 2.10812062685213 15.25
2775 13702.7993916342 13702.7993916342 0.636093593261764 2.10812062685213 15.25
2776 13704.3940954061 13704.3940954061 0.636093593261764 2.10812062685213 15.25
2777 13705.9889225535 13705.9889225535 0.636093593261764 2.10812062685213 15.25
2778 13707.5838730331 13707.5838730331 0.636093593261764 2.10812062685213 15.25
2779 13709.178946802 13709.178946802 0.636093593261764 2.10812062685213 15.25
2780 13710.7741438176 13710.7741438176 0.636093593261764 2.10812062685213 15.25
2781 13712.3694640353 13712.3694640353 0.636093593261764 2.10812062685213 15.25
2782 13713.9649074138 13713.9649074138 0.636093593261764 2.10812062685213 15.25
2783 13715.5604739467 13715.5604739467 0.636093593261764 2.10812062685213 15.25
2784 13717.1561635713 13717.1561635713 0.636093593261764 2.10812062685213 15.25
2785 13718.7519762273 13718.7519762273 0.636093593261764 2.10812062685213 15.25
2786 13720.3479118716 13720.3479118716 0.636093593261764 2.10812062685213 15.25
2787 13721.9439704614 13721.9439704614 0.636093593261764 2.10812062685213 15.25
2788 13723.5401519543 13723.5401519543 0.636093593261764 2.10812062685213 15.25
2789 13725.1364563058 13725.1364563058 0.636093593261764 2.10812062685213 15.25
2790 13726.7328834746 13726.7328834746 0.636093593261764 2.10812062685213 15.25
2791 13728.3294334174 13728.3294334174 0.636093593261764 2.10812062685213 15.25
2792 13729.9261060913 13729.9261060913 0.636093593261764 2.10812062685213 15.25
2793 13731.5229014535 13731.5229014535 0.636093593261764 2.10812062685213 15.25
2794 13733.1198194974 13733.1198194974 0.636093593261764 2.10812062685213 15.25
2795 13734.7168601627 13734.7168601627 0.636093593261764 2.10812062685213 15.25
2796 13736.3140233879 13736.3140233879 0.636093593261764 2.10812062685213 15.25
2797 13737.9113091304 13737.9113091304 0.636093593261764 2.10812062685213 15.25
2798 13739.5087173473 13739.5087173473 0.636093593261764 2.10812062685213 15.25
2799 13741.1062479961 13741.1062479961 0.636093593261764 2.10812062685213 15.25
2800 13742.7039010339 13742.7039010339 0.636093593261764 2.10812062685213 15.25
2801 13744.3016764181 13744.3016764181 0.636093593261764 2.10812062685213 15.25
2802 13745.8995741055 13745.8995741055 0.636093593261764 2.10812062685213 15.25
2803 13747.497594055 13747.497594055 0.636093593261764 2.10812062685213 15.25
2804 13749.0957362225 13749.0957362225 0.636093593261764 2.10812062685213 15.25
2805 13750.6940006003 13750.6940006003 0.636093593261764 2.10812062685213 15.25
2806 13752.2923871316 13752.2923871316 0.636093593261764 2.10812062685213 15.25
2807 13753.8908957536 13753.8908957536 0.636093593261764 2.10812062685213 15.25
2808 13755.4895264237 13755.4895264237 0.636093593261764 2.10812062685213 15.25
2809 13757.0882790988 13757.0882790988 0.636093593261764 2.10812062685213 15.25
2810 13758.687153738 13758.687153738 0.636093593261764 2.10812062685213 15.25
2811 13760.2861502971 13760.2861502971 0.636093593261764 2.10812062685213 15.25
2812 13761.8852687342 13761.8852687342 0.636093593261764 2.10812062685213 15.25
2813 13763.4845090068 13763.4845090068 0.636093593261764 2.10812062685213 15.25
2814 13765.0838710724 13765.0838710724 0.636093593261764 2.10812062685213 15.25
2815 13766.6833548886 13766.6833548886 0.636093593261764 2.10812062685213 15.25
2816 13768.2829604459 13768.2829604459 0.636093593261764 2.10812062685213 15.25
2817 13769.8826876908 13769.8826876908 0.636093593261764 2.10812062685213 15.25
2818 13771.4825365591 13771.4825365591 0.636093593261764 2.10812062685213 15.25
2819 13773.0825070084 13773.0825070084 0.636093593261764 2.10812062685213 15.25
2820 13774.6825989962 13774.6825989962 0.636093593261764 2.10812062685213 15.25
2821 13776.2828124802 13776.2828124802 0.636093593261764 2.10812062685213 15.25
2822 13777.8831474182 13777.8831474182 0.636093593261764 2.10812062685213 15.25
2823 13779.4836037677 13779.4836037677 0.636093593261764 2.10812062685213 15.25
2824 13781.0841814865 13781.0841814865 0.636093593261764 2.10812062685213 15.25
2825 13782.6848805323 13782.6848805323 0.636093593261764 2.10812062685213 15.25
2826 13784.2857008622 13784.2857008622 0.636093593261764 2.10812062685213 15.25
2827 13785.886642467 13785.886642467 0.636093593261764 2.10812062685213 15.25
2828 13787.4877052951 13787.4877052951 0.636093593261764 2.10812062685213 15.25
2829 13789.0888892812 13789.0888892812 0.636093593261764 2.10812062685213 15.25
2830 13790.6901943831 13790.6901943831 0.636093593261764 2.10812062685213 15.25
2831 13792.2916205586 13792.2916205586 0.636093593261764 2.10812062685213 15.25
2832 13793.8931677656 13793.8931677656 0.636093593261764 2.10812062685213 15.25
2833 13795.4948359613 13795.4948359613 0.636093593261764 2.10812062685213 15.25
2834 13797.0966251052 13797.0966251052 0.636093593261764 2.10812062685213 15.25
2835 13798.6985351537 13798.6985351537 0.636093593261764 2.10812062685213 15.25
2836 13800.300566065 13800.300566065 0.636093593261764 2.10812062685213 15.25
2837 13801.9027177972 13801.9027177972 0.636093593261764 2.10812062685213 15.25
2838 13803.5049903384 13803.5049903384 0.636093593261764 2.10812062685213 15.25
2839 13805.1073836405 13805.1073836405 0.636093593261764 2.10812062685213 15.25
2840 13806.7098976378 13806.7098976378 0.636093593261764 2.10812062685213 15.25
2841 13808.3125322878 13808.3125322878 0.636093593261764 2.10812062685213 15.25
2842 13809.9152875483 13809.9152875483 0.636093593261764 2.10812062685213 15.25
2843 13811.5181633776 13811.5181633776 0.636093593261764 2.10812062685213 15.25
2844 13813.1211597335 13813.1211597335 0.636093593261764 2.10812062685213 15.25
2845 13814.7242765741 13814.7242765741 0.636093593261764 2.10812062685213 15.25
2846 13816.3275138575 13816.3275138575 0.636093593261764 2.10812062685213 15.25
2847 13817.9308715417 13817.9308715417 0.636093593261764 2.10812062685213 15.25
2848 13819.5343495849 13819.5343495849 0.636093593261764 2.10812062685213 15.25
2849 13821.1379479731 13821.1379479731 0.636093593261764 2.10812062685213 15.25
2850 13822.7416666635 13822.7416666635 0.636093593261764 2.10812062685213 15.25
2851 13824.3455055872 13824.3455055872 0.636093593261764 2.10812062685213 15.25
2852 13825.9494647024 13825.9494647024 0.636093593261764 2.10812062685213 15.25
2853 13827.5535439672 13827.5535439672 0.636093593261764 2.10812062685213 15.25
2854 13829.1577433398 13829.1577433398 0.636093593261764 2.10812062685213 15.25
2855 13830.7620627784 13830.7620627784 0.636093593261764 2.10812062685213 15.25
2856 13832.3665022413 13832.3665022413 0.636093593261764 2.10812062685213 15.25
2857 13833.9710616867 13833.9710616867 0.636093593261764 2.10812062685213 15.25
2858 13835.5757410728 13835.5757410728 0.636093593261764 2.10812062685213 15.25
2859 13837.180540358 13837.180540358 0.636093593261764 2.10812062685213 15.25
2860 13838.7854595268 13838.7854595268 0.636093593261764 2.10812062685213 15.25
2861 13840.3904985393 13840.3904985393 0.636093593261764 2.10812062685213 15.25
2862 13841.9956573269 13841.9956573269 0.636093593261764 2.10812062685213 15.25
2863 13843.6009358456 13843.6009358456 0.636093593261764 2.10812062685213 15.25
2864 13845.206334056 13845.206334056 0.636093593261764 2.10812062685213 15.25
2865 13846.8118519154 13846.8118519154 0.636093593261764 2.10812062685213 15.25
2866 13848.417489381 13848.417489381 0.636093593261764 2.10812062685213 15.25
2867 13850.0232464135 13850.0232464135 0.636093593261764 2.10812062685213 15.25
2868 13851.629122969 13851.629122969 0.636093593261764 2.10812062685213 15.25
2869 13853.2351190082 13853.2351190082 0.636093593261764 2.10812062685213 15.25
2870 13854.8412344874 13854.8412344874 0.636093593261764 2.10812062685213 15.25
2871 13856.4474693915 13856.4474693915 0.636093593261764 2.10812062685213 15.25
2872 13858.0538236838 13858.0538236838 0.636093593261764 2.10812062685213 15.25
2873 13859.6602972927 13859.6602972927 0.636093593261764 2.10812062685213 15.25
2874 13861.2668901765 13861.2668901765 0.636093593261764 2.10812062685213 15.25
2875 13862.8736022939 13862.8736022939 0.636093593261764 2.10812062685213 15.25
2876 13864.4804336033 13864.4804336033 0.636093593261764 2.10812062685213 15.25
2877 13866.0873840634 13866.0873840634 0.636093593261764 2.10812062685213 15.25
2878 13867.6944536327 13867.6944536327 0.636093593261764 2.10812062685213 15.25
2879 13869.3016422698 13869.3016422698 0.636093593261764 2.10812062685213 15.25
2880 13870.9089499333 13870.9089499333 0.636093593261764 2.10812062685213 15.25
2881 13872.5163765819 13872.5163765819 0.636093593261764 2.10812062685213 15.25
2882 13874.1239221973 13874.1239221973 0.636093593261764 2.10812062685213 15.25
2883 13875.731586747 13875.731586747 0.636093593261764 2.10812062685213 15.25
2884 13877.3393701578 13877.3393701578 0.636093593261764 2.10812062685213 15.25
2885 13878.9472723877 13878.9472723877 0.636093593261764 2.10812062685213 15.25
2886 13880.5552933972 13880.5552933972 0.636093593261764 2.10812062685213 15.25
2887 13882.1634331432 13882.1634331432 0.636093593261764 2.10812062685213 15.25
2888 13883.7716915851 13883.7716915851 0.636093593261764 2.10812062685213 15.25
2889 13885.3800686816 13885.3800686816 0.636093593261764 2.10812062685213 15.25
2890 13886.9885643915 13886.9885643915 0.636093593261764 2.10812062685213 15.25
2891 13888.5971786736 13888.5971786736 0.636093593261764 2.10812062685213 15.25
2892 13890.2059114867 13890.2059114867 0.636093593261764 2.10812062685213 15.25
2893 13891.8147628111 13891.8147628111 0.636093593261764 2.10812062685213 15.25
2894 13893.4237326178 13893.4237326178 0.636093593261764 2.10812062685213 15.25
2895 13895.0328208321 13895.0328208321 0.636093593261764 2.10812062685213 15.25
2896 13896.6420274127 13896.6420274127 0.636093593261764 2.10812062685213 15.25
2897 13898.2513523185 13898.2513523185 0.636093593261764 2.10812062685213 15.25
2898 13899.8607955085 13899.8607955085 0.636093593261764 2.10812062685213 15.25
2899 13901.4703569415 13901.4703569415 0.636093593261764 2.10812062685213 15.25
2900 13903.0800365765 13903.0800365765 0.636093593261764 2.10812062685213 15.25
2901 13904.6898343719 13904.6898343719 0.636093593261764 2.10812062685213 15.25
2902 13906.2997502888 13906.2997502888 0.636093593261764 2.10812062685213 15.25
2903 13907.909784283 13907.909784283 0.636093593261764 2.10812062685213 15.25
2904 13909.5199363355 13909.5199363355 0.636093593261764 2.10812062685213 15.25
2905 13911.1302064207 13911.1302064207 0.636093593261764 2.10812062685213 15.25
2906 13912.7405944608 13912.7405944608 0.636093593261764 2.10812062685213 15.25
2907 13914.3511004163 13914.3511004163 0.636093593261764 2.10812062685213 15.25
2908 13915.9617242459 13915.9617242459 0.636093593261764 2.10812062685213 15.25
2909 13917.5724659086 13917.5724659086 0.636093593261764 2.10812062685213 15.25
2910 13919.1833253634 13919.1833253634 0.636093593261764 2.10812062685213 15.25
2911 13920.7943025695 13920.7943025695 0.636093593261764 2.10812062685213 15.25
2912 13922.405397486 13922.405397486 0.636093593261764 2.10812062685213 15.25
2913 13924.0166100721 13924.0166100721 0.636093593261764 2.10812062685213 15.25
2914 13925.6279402868 13925.6279402868 0.636093593261764 2.10812062685213 15.25
2915 13927.2393881077 13927.2393881077 0.636093593261764 2.10812062685213 15.25
2916 13928.8509535126 13928.8509535126 0.636093593261764 2.10812062685213 15.25
2917 13930.4626364239 13930.4626364239 0.636093593261764 2.10812062685213 15.25
2918 13932.0744368011 13932.0744368011 0.636093593261764 2.10812062685213 15.25
2919 13933.6863546019 13933.6863546019 0.636093593261764 2.10812062685213 15.25
2920 13935.2983897873 13935.2983897873 0.636093593261764 2.10812062685213 15.25
2921 13936.9105423158 13936.9105423158 0.636093593261764 2.10812062685213 15.25
2922 13938.5228121469 13938.5228121469 0.636093593261764 2.10812062685213 15.25
2923 13940.1351992398 13940.1351992398 0.636093593261764 2.10812062685213 15.25
2924 13941.7477035538 13941.7477035538 0.636093593261764 2.10812062685213 15.25
2925 13943.3603250482 13943.3603250482 0.636093593261764 2.10812062685213 15.25
2926 13944.973063699 13944.973063699 0.636093593261764 2.10812062685213 15.25
2927 13946.5859194877 13946.5859194877 0.636093593261764 2.10812062685213 15.25
2928 13948.1988923349 13948.1988923349 0.636093593261764 2.10812062685213 15.25
2929 13949.8119822 13949.8119822 0.636093593261764 2.10812062685213 15.25
2930 13951.4251890425 13951.4251890425 0.636093593261764 2.10812062685213 15.25
2931 13953.0385128217 13953.0385128217 0.636093593261764 2.10812062685213 15.25
2932 13954.6519534971 13954.6519534971 0.636093593261764 2.10812062685213 15.25
2933 13956.2655110282 13956.2655110282 0.636093593261764 2.10812062685213 15.25
2934 13957.8791853743 13957.8791853743 0.636093593261764 2.10812062685213 15.25
2935 13959.4929764951 13959.4929764951 0.636093593261764 2.10812062685213 15.25
2936 13961.10688435 13961.10688435 0.636093593261764 2.10812062685213 15.25
2937 13962.7209089135 13962.7209089135 0.636093593261764 2.10812062685213 15.25
2938 13964.3350501705 13964.3350501705 0.636093593261764 2.10812062685213 15.25
2939 13965.9493080403 13965.9493080403 0.636093593261764 2.10812062685213 15.25
2940 13967.5636824823 13967.5636824823 0.636093593261764 2.10812062685213 15.25
2941 13969.1781734568 13969.1781734568 0.636093593261764 2.10812062685213 15.25
2942 13970.7927809216 13970.7927809216 0.636093593261764 2.10812062685213 15.25
2943 13972.4075048381 13972.4075048381 0.636093593261764 2.10812062685213 15.25
2944 13974.0223451652 13974.0223451652 0.636093593261764 2.10812062685213 15.25
2945 13975.6373018627 13975.6373018627 0.636093593261764 2.10812062685213 15.25
2946 13977.2523748902 13977.2523748902 0.636093593261764 2.10812062685213 15.25
2947 13978.8675642074 13978.8675642074 0.636093593261764 2.10812062685213 15.25
2948 13980.4828697873 13980.4828697873 0.636093593261764 2.10812062685213 15.25
2949 13982.0982916184 13982.0982916184 0.636093593261764 2.10812062685213 15.25
2950 13983.7138296183 13983.7138296183 0.636093593261764 2.10812062685213 15.25
2951 13985.3294837467 13985.3294837467 0.636093593261764 2.10812062685213 15.25
2952 13986.9452539635 13986.9452539635 0.636093593261764 2.10812062685213 15.25
2953 13988.5611402283 13988.5611402283 0.636093593261764 2.10812062685213 15.25
2954 13990.1771425004 13990.1771425004 0.636093593261764 2.10812062685213 15.25
2955 13991.7932607414 13991.7932607414 0.636093593261764 2.10812062685213 15.25
2956 13993.4094949092 13993.4094949092 0.636093593261764 2.10812062685213 15.25
2957 13995.0258449644 13995.0258449644 0.636093593261764 2.10812062685213 15.25
2958 13996.6423108667 13996.6423108667 0.636093593261764 2.10812062685213 15.25
2959 13998.2588925877 13998.2588925877 0.636093593261764 2.10812062685213 15.25
2960 13999.8755901194 13999.8755901194 0.636093593261764 2.10812062685213 15.25
2961 14001.492403378 14001.492403378 0.636093593261764 2.10812062685213 15.25
2962 14003.1093323227 14003.1093323227 0.636093593261764 2.10812062685213 15.25
2963 14004.7263769152 14004.7263769152 0.636093593261764 2.10812062685213 15.25
2964 14006.3435371137 14006.3435371137 0.636093593261764 2.10812062685213 15.25
2965 14007.9608128788 14007.9608128788 0.636093593261764 2.10812062685213 15.25
2966 14009.5782041704 14009.5782041704 0.636093593261764 2.10812062685213 15.25
2967 14011.1957109485 14011.1957109485 0.636093593261764 2.10812062685213 15.25
2968 14012.8133331731 14012.8133331731 0.636093593261764 2.10812062685213 15.25
2969 14014.4310708043 14014.4310708043 0.636093593261764 2.10812062685213 15.25
2970 14016.048923812 14016.048923812 0.636093593261764 2.10812062685213 15.25
2971 14017.6668921919 14017.6668921919 0.636093593261764 2.10812062685213 15.25
2972 14019.2849758585 14019.2849758585 0.636093593261764 2.10812062685213 15.25
2973 14020.9031747719 14020.9031747719 0.636093593261764 2.10812062685213 15.25
2974 14022.5214888916 14022.5214888916 0.636093593261764 2.10812062685213 15.25
2975 14024.1399181795 14024.1399181795 0.636093593261764 2.10812062685213 15.25
2976 14025.7584625939 14025.7584625939 0.636093593261764 2.10812062685213 15.25
2977 14027.3771220956 14027.3771220956 0.636093593261764 2.10812062685213 15.25
2978 14028.9958966442 14028.9958966442 0.636093593261764 2.10812062685213 15.25
2979 14030.6147862015 14030.6147862015 0.636093593261764 2.10812062685213 15.25
2980 14032.233790726 14032.233790726 0.636093593261764 2.10812062685213 15.25
2981 14033.8529101869 14033.8529101869 0.636093593261764 2.10812062685213 15.25
2982 14035.4721445833 14035.4721445833 0.636093593261764 2.10812062685213 15.25
2983 14037.0914938281 14037.0914938281 0.636093593261764 2.10812062685213 15.25
2984 14038.7109578817 14038.7109578817 0.636093593261764 2.10812062685213 15.25
2985 14040.3305367043 14040.3305367043 0.636093593261764 2.10812062685213 15.25
2986 14041.9502302567 14041.9502302567 0.636093593261764 2.10812062685213 15.25
2987 14043.5700384977 14043.5700384977 0.636093593261764 2.10812062685213 15.25
2988 14045.1899613891 14045.1899613891 0.636093593261764 2.10812062685213 15.25
2989 14046.8099988907 14046.8099988907 0.636093593261764 2.10812062685213 15.25
2990 14048.4301509629 14048.4301509629 0.636093593261764 2.10812062685213 15.25
2991 14050.0504175661 14050.0504175661 0.636093593261764 2.10812062685213 15.25
2992 14051.6707986673 14051.6707986673 0.636093593261764 2.10812062685213 15.25
2993 14053.2912942691 14053.2912942691 0.636093593261764 2.10812062685213 15.25
2994 14054.9119042831 14054.9119042831 0.636093593261764 2.10812062685213 15.25
2995 14056.5326286696 14056.5326286696 0.636093593261764 2.10812062685213 15.25
2996 14058.1534673892 14058.1534673892 0.636093593261764 2.10812062685213 15.25
2997 14059.7744204022 14059.7744204022 0.636093593261764 2.10812062685213 15.25
2998 14061.3954876691 14061.3954876691 0.636093593261764 2.10812062685213 15.25
2999 14063.0166691505 14063.0166691505 0.636093593261764 2.10812062685213 15.25
3000 14064.6379648068 14064.6379648068 0.636093593261764 2.10812062685213 15.25
3001 14066.2593745985 14066.2593745985 0.636093593261764 2.10812062685213 15.25
3002 14067.8808984862 14067.8808984862 0.636093593261764 2.10812062685213 15.25
3003 14069.5025364355 14069.5025364355 0.636093593261764 2.10812062685213 15.25
3004 14071.1242884524 14071.1242884524 0.636093593261764 2.10812062685213 15.25
3005 14072.7461544476 14072.7461544476 0.636093593261764 2.10812062685213 15.25
3006 14074.3681343799 14074.3681343799 0.636093593261764 2.10812062685213 15.25
3007 14075.9902282116 14075.9902282116 0.636093593261764 2.10812062685213 15.25
3008 14077.6124359023 14077.6124359023 0.636093593261764 2.10812062685213 15.25
3009 14079.2347574143 14079.2347574143 0.636093593261764 2.10812062685213 15.25
3010 14080.8571927065 14080.8571927065 0.636093593261764 2.10812062685213 15.25
3011 14082.4797417396 14082.4797417396 0.636093593261764 2.10812062685213 15.25
3012 14084.102404476 14084.102404476 0.636093593261764 2.10812062685213 15.25
3013 14085.7251808746 14085.7251808746 0.636093593261764 2.10812062685213 15.25
3014 14087.3480709002 14087.3480709002 0.636093593261764 2.10812062685213 15.25
3015 14088.9710745625 14088.9710745625 0.636093593261764 2.10812062685213 15.25
3016 14090.5941917703 14090.5941917703 0.636093593261764 2.10812062685213 15.25
3017 14092.2174224829 14092.2174224829 0.636093593261764 2.10812062685213 15.25
3018 14093.8407666626 14093.8407666626 0.636093593261764 2.10812062685213 15.25
3019 14095.4642242697 14095.4642242697 0.636093593261764 2.10812062685213 15.25
3020 14097.0877952651 14097.0877952651 0.636093593261764 2.10812062685213 15.25
3021 14098.7114796094 14098.7114796094 0.636093593261764 2.10812062685213 15.25
3022 14100.3352772637 14100.3352772637 0.636093593261764 2.10812062685213 15.25
3023 14101.9591881881 14101.9591881881 0.636093593261764 2.10812062685213 15.25
3024 14103.5832123452 14103.5832123452 0.636093593261764 2.10812062685213 15.25
3025 14105.2073496959 14105.2073496959 0.636093593261764 2.10812062685213 15.25
3026 14106.8316002541 14106.8316002541 0.636093593261764 2.10812062685213 15.25
3027 14108.4559639266 14108.4559639266 0.636093593261764 2.10812062685213 15.25
3028 14110.0804406743 14110.0804406743 0.636093593261764 2.10812062685213 15.25
3029 14111.7050304582 14111.7050304582 0.636093593261764 2.10812062685213 15.25
3030 14113.3297332393 14113.3297332393 0.636093593261764 2.10812062685213 15.25
3031 14114.9545489785 14114.9545489785 0.636093593261764 2.10812062685213 15.25
3032 14116.5794776373 14116.5794776373 0.636093593261764 2.10812062685213 15.25
3033 14118.2045191752 14118.2045191752 0.636093593261764 2.10812062685213 15.25
3034 14119.8296735548 14119.8296735548 0.636093593261764 2.10812062685213 15.25
3035 14121.4549407366 14121.4549407366 0.636093593261764 2.10812062685213 15.25
3036 14123.0803206816 14123.0803206816 0.636093593261764 2.10812062685213 15.25
3037 14124.7058134067 14124.7058134067 0.636093593261764 2.10812062685213 15.25
3038 14126.3314188172 14126.3314188172 0.636093593261764 2.10812062685213 15.25
3039 14127.9571368743 14127.9571368743 0.636093593261764 2.10812062685213 15.25
3040 14129.5829675389 14129.5829675389 0.636093593261764 2.10812062685213 15.25
3041 14131.2089107729 14131.2089107729 0.636093593261764 2.10812062685213 15.25
3042 14132.8349665356 14132.8349665356 0.636093593261764 2.10812062685213 15.25
3043 14134.46113479 14134.46113479 0.636093593261764 2.10812062685213 15.25
3044 14136.0874154965 14136.0874154965 0.636093593261764 2.10812062685213 15.25
3045 14137.7138086165 14137.7138086165 0.636093593261764 2.10812062685213 15.25
3046 14139.3403141112 14139.3403141112 0.636093593261764 2.10812062685213 15.25
3047 14140.9669319417 14140.9669319417 0.636093593261764 2.10812062685213 15.25
3048 14142.5936621234 14142.5936621234 0.636093593261764 2.10812062685213 15.25
3049 14144.2205045651 14144.2205045651 0.636093593261764 2.10812062685213 15.25
3050 14145.847459227 14145.847459227 0.636093593261764 2.10812062685213 15.25
3051 14147.4745260686 14147.4745260686 0.636093593261764 2.10812062685213 15.25
3052 14149.101705053 14149.101705053 0.636093593261764 2.10812062685213 15.25
3053 14150.7289961409 14150.7289961409 0.636093593261764 2.10812062685213 15.25
3054 14152.3563992937 14152.3563992937 0.636093593261764 2.10812062685213 15.25
3055 14153.9839144726 14153.9839144726 0.636093593261764 2.10812062685213 15.25
3056 14155.611541639 14155.611541639 0.636093593261764 2.10812062685213 15.25
3057 14157.2392807549 14157.2392807549 0.636093593261764 2.10812062685213 15.25
3058 14158.86713178 14158.86713178 0.636093593261764 2.10812062685213 15.25
3059 14160.4950947303 14160.4950947303 0.636093593261764 2.10812062685213 15.25
3060 14162.1231695155 14162.1231695155 0.636093593261764 2.10812062685213 15.25
3061 14163.7513560968 14163.7513560968 0.636093593261764 2.10812062685213 15.25
3062 14165.3796544337 14165.3796544337 0.636093593261764 2.10812062685213 15.25
3063 14167.0080644879 14167.0080644879 0.636093593261764 2.10812062685213 15.25
3064 14168.6365862211 14168.6365862211 0.636093593261764 2.10812062685213 15.25
3065 14170.2652195948 14170.2652195948 0.636093593261764 2.10812062685213 15.25
3066 14171.8939645703 14171.8939645703 0.636093593261764 2.10812062685213 15.25
3067 14173.5228211094 14173.5228211094 0.636093593261764 2.10812062685213 15.25
3068 14175.1517891734 14175.1517891734 0.636093593261764 2.10812062685213 15.25
3069 14176.780868724 14176.780868724 0.636093593261764 2.10812062685213 15.25
3070 14178.410059773 14178.410059773 0.636093593261764 2.10812062685213 15.25
3071 14180.0393622378 14180.0393622378 0.636093593261764 2.10812062685213 15.25
3072 14181.6687760734 14181.6687760734 0.636093593261764 2.10812062685213 15.25
3073 14183.298301242 14183.298301242 0.636093593261764 2.10812062685213 15.25
3074 14184.9279377051 14184.9279377051 0.636093593261764 2.10812062685213 15.25
3075 14186.5576854243 14186.5576854243 0.636093593261764 2.10812062685213 15.25
3076 14188.1875443615 14188.1875443615 0.636093593261764 2.10812062685213 15.25
3077 14189.8175144781 14189.8175144781 0.636093593261764 2.10812062685213 15.25
3078 14191.447595736 14191.447595736 0.636093593261764 2.10812062685213 15.25
3079 14193.0777880968 14193.0777880968 0.636093593261764 2.10812062685213 15.25
3080 14194.7080915222 14194.7080915222 0.636093593261764 2.10812062685213 15.25
3081 14196.3385060226 14196.3385060226 0.636093593261764 2.10812062685213 15.25
3082 14197.9690315185 14197.9690315185 0.636093593261764 2.10812062685213 15.25
3083 14199.5996679642 14199.5996679642 0.636093593261764 2.10812062685213 15.25
3084 14201.2304153216 14201.2304153216 0.636093593261764 2.10812062685213 15.25
3085 14202.8612735525 14202.8612735525 0.636093593261764 2.10812062685213 15.25
3086 14204.4922426186 14204.4922426186 0.636093593261764 2.10812062685213 15.25
3087 14206.1233224818 14206.1233224818 0.636093593261764 2.10812062685213 15.25
3088 14207.754513104 14207.754513104 0.636093593261764 2.10812062685213 15.25
3089 14209.3858144469 14209.3858144469 0.636093593261764 2.10812062685213 15.25
3090 14211.0172264725 14211.0172264725 0.636093593261764 2.10812062685213 15.25
3091 14212.6487491426 14212.6487491426 0.636093593261764 2.10812062685213 15.25
3092 14214.2803824673 14214.2803824673 0.636093593261764 2.10812062685213 15.25
3093 14215.9121263682 14215.9121263682 0.636093593261764 2.10812062685213 15.25
3094 14217.5439807993 14217.5439807993 0.636093593261764 2.10812062685213 15.25
3095 14219.1759457227 14219.1759457227 0.636093593261764 2.10812062685213 15.25
3096 14220.8080211002 14220.8080211002 0.636093593261764 2.10812062685213 15.25
3097 14222.4402068939 14222.4402068939 0.636093593261764 2.10812062685213 15.25
3098 14224.0725030658 14224.0725030658 0.636093593261764 2.10812062685213 15.25
3099 14225.7049095777 14225.7049095777 0.636093593261764 2.10812062685213 15.25
3100 14227.3374263918 14227.3374263918 0.636093593261764 2.10812062685213 15.25
3101 14228.9700534702 14228.9700534702 0.636093593261764 2.10812062685213 15.25
3102 14230.6027907747 14230.6027907747 0.636093593261764 2.10812062685213 15.25
3103 14232.2356383135 14232.2356383135 0.636093593261764 2.10812062685213 15.25
3104 14233.8685960127 14233.8685960127 0.636093593261764 2.10812062685213 15.25
3105 14235.5016638244 14235.5016638244 0.636093593261764 2.10812062685213 15.25
3106 14237.1348417107 14237.1348417107 0.636093593261764 2.10812062685213 15.25
3107 14238.7681296337 14238.7681296337 0.636093593261764 2.10812062685213 15.25
3108 14240.4015275555 14240.4015275555 0.636093593261764 2.10812062685213 15.25
3109 14242.0350354383 14242.0350354383 0.636093593261764 2.10812062685213 15.25
3110 14243.6686532442 14243.6686532442 0.636093593261764 2.10812062685213 15.25
3111 14245.3023809355 14245.3023809355 0.636093593261764 2.10812062685213 15.25
3112 14246.9362184743 14246.9362184743 0.636093593261764 2.10812062685213 15.25
3113 14248.5701658228 14248.5701658228 0.636093593261764 2.10812062685213 15.25
3114 14250.2042229876 14250.2042229876 0.636093593261764 2.10812062685213 15.25
3115 14251.8383898984 14251.8383898984 0.636093593261764 2.10812062685213 15.25
3116 14253.4726665056 14253.4726665056 0.636093593261764 2.10812062685213 15.25
3117 14255.1070527715 14255.1070527715 0.636093593261764 2.10812062685213 15.25
3118 14256.7415486584 14256.7415486584 0.636093593261764 2.10812062685213 15.25
3119 14258.3761541287 14258.3761541287 0.636093593261764 2.10812062685213 15.25
3120 14260.010869144 14260.010869144 0.636093593261764 2.10812062685213 15.25
3121 14261.6456936684 14261.6456936684 0.636093593261764 2.10812062685213 15.25
3122 14263.2806276625 14263.2806276625 0.636093593261764 2.10812062685213 15.25
3123 14264.9156710893 14264.9156710893 0.636093593261764 2.10812062685213 15.25
3124 14266.5508239111 14266.5508239111 0.636093593261764 2.10812062685213 15.25
3125 14268.1860861329 14268.1860861329 0.636093593261764 2.10812062685213 15.25
3126 14269.8214576874 14269.8214576874 0.636093593261764 2.10812062685213 15.25
3127 14271.4569385253 14271.4569385253 0.636093593261764 2.10812062685213 15.25
3128 14273.0925286073 14273.0925286073 0.636093593261764 2.10812062685213 15.25
3129 14274.7282278965 14274.7282278965 0.636093593261764 2.10812062685213 15.25
3130 14276.3640363551 14276.3640363551 0.636093593261764 2.10812062685213 15.25
3131 14277.9999539459 14277.9999539459 0.636093593261764 2.10812062685213 15.25
3132 14279.6359806311 14279.6359806311 0.636093593261764 2.10812062685213 15.25
3133 14281.2721163735 14281.2721163735 0.636093593261764 2.10812062685213 15.25
3134 14282.9083611353 14282.9083611353 0.636093593261764 2.10812062685213 15.25
3135 14284.5447148793 14284.5447148793 0.636093593261764 2.10812062685213 15.25
3136 14286.1811776089 14286.1811776089 0.636093593261764 2.10812062685213 15.25
3137 14287.8177492608 14287.8177492608 0.636093593261764 2.10812062685213 15.25
3138 14289.4544297826 14289.4544297826 0.636093593261764 2.10812062685213 15.25
3139 14291.0912191367 14291.0912191367 0.636093593261764 2.10812062685213 15.25
3140 14292.7281172858 14292.7281172858 0.636093593261764 2.10812062685213 15.25
3141 14294.3651241925 14294.3651241925 0.636093593261764 2.10812062685213 15.25
3142 14296.0022398201 14296.0022398201 0.636093593261764 2.10812062685213 15.25
3143 14297.6394641294 14297.6394641294 0.636093593261764 2.10812062685213 15.25
3144 14299.2767970848 14299.2767970848 0.636093593261764 2.10812062685213 15.25
3145 14300.9142386485 14300.9142386485 0.636093593261764 2.10812062685213 15.25
3146 14302.5517887831 14302.5517887831 0.636093593261764 2.10812062685213 15.25
3147 14304.1894474907 14304.1894474907 0.636093593261764 2.10812062685213 15.25
3148 14305.827214711 14305.827214711 0.636093593261764 2.10812062685213 15.25
3149 14307.4650903915 14307.4650903915 0.636093593261764 2.10812062685213 15.25
3150 14309.1030744933 14309.1030744933 0.636093593261764 2.10812062685213 15.25
3151 14310.7411669797 14310.7411669797 0.636093593261764 2.10812062685213 15.25
3152 14312.3793678136 14312.3793678136 0.636093593261764 2.10812062685213 15.25
3153 14314.0176769577 14314.0176769577 0.636093593261764 2.10812062685213 15.25
3154 14315.6560943748 14315.6560943748 0.636093593261764 2.10812062685213 15.25
3155 14317.2946200284 14317.2946200284 0.636093593261764 2.10812062685213 15.25
3156 14318.9332538795 14318.9332538795 0.636093593261764 2.10812062685213 15.25
3157 14320.5719958928 14320.5719958928 0.636093593261764 2.10812062685213 15.25
3158 14322.2108460681 14322.2108460681 0.636093593261764 2.10812062685213 15.25
3159 14323.8498043493 14323.8498043493 0.636093593261764 2.10812062685213 15.25
3160 14325.4888706807 14325.4888706807 0.636093593261764 2.10812062685213 15.25
3161 14327.1280450252 14327.1280450252 0.636093593261764 2.10812062685213 15.25
3162 14328.7673273458 14328.7673273458 0.636093593261764 2.10812062685213 15.25
3163 14330.4067176054 14330.4067176054 0.636093593261764 2.10812062685213 15.25
3164 14332.046215767 14332.046215767 0.636093593261764 2.10812062685213 15.25
3165 14333.6858217934 14333.6858217934 0.636093593261764 2.10812062685213 15.25
3166 14335.3255356478 14335.3255356478 0.636093593261764 2.10812062685213 15.25
3167 14336.9653572931 14336.9653572931 0.636093593261764 2.10812062685213 15.25
3168 14338.6052866924 14338.6052866924 0.636093593261764 2.10812062685213 15.25
3169 14340.2453238445 14340.2453238445 0.636093593261764 2.10812062685213 15.25
3170 14341.885468697 14341.885468697 0.636093593261764 2.10812062685213 15.25
3171 14343.5257211925 14343.5257211925 0.636093593261764 2.10812062685213 15.25
3172 14345.1660812942 14345.1660812942 0.636093593261764 2.10812062685213 15.25
3173 14346.8065489651 14346.8065489651 0.636093593261764 2.10812062685213 15.25
3174 14348.4471241683 14348.4471241683 0.636093593261764 2.10812062685213 15.25
3175 14350.0878068669 14350.0878068669 0.636093593261764 2.10812062685213 15.25
3176 14351.7285970242 14351.7285970242 0.636093593261764 2.10812062685213 15.25
3177 14353.3694946031 14353.3694946031 0.636093593261764 2.10812062685213 15.25
3178 14355.010499567 14355.010499567 0.636093593261764 2.10812062685213 15.25
3179 14356.6516118789 14356.6516118789 0.636093593261764 2.10812062685213 15.25
3180 14358.2928315364 14358.2928315364 0.636093593261764 2.10812062685213 15.25
3181 14359.9341584903 14359.9341584903 0.636093593261764 2.10812062685213 15.25
3182 14361.5755926818 14361.5755926818 0.636093593261764 2.10812062685213 15.25
3183 14363.2171340743 14363.2171340743 0.636093593261764 2.10812062685213 15.25
3184 14364.8587826309 14364.8587826309 0.636093593261764 2.10812062685213 15.25
3185 14366.5005383149 14366.5005383149 0.636093593261764 2.10812062685213 15.25
3186 14368.1424010897 14368.1424010897 0.636093593261764 2.10812062685213 15.25
3187 14369.7843709178 14369.7843709178 0.636093593261764 2.10812062685213 15.25
3188 14371.4264477643 14371.4264477643 0.636093593261764 2.10812062685213 15.25
3189 14373.0686315909 14373.0686315909 0.636093593261764 2.10812062685213 15.25
3190 14374.7109223614 14374.7109223614 0.636093593261764 2.10812062685213 15.25
3191 14376.3533200718 14376.3533200718 0.636093593261764 2.10812062685213 15.25
3192 14377.9958246771 14377.9958246771 0.636093593261764 2.10812062685213 15.25
3193 14379.6384361153 14379.6384361153 0.636093593261764 2.10812062685213 15.25
3194 14381.2811543515 14381.2811543515 0.636093593261764 2.10812062685213 15.25
3195 14382.9239793485 14382.9239793485 0.636093593261764 2.10812062685213 15.25
3196 14384.5669110703 14384.5669110703 0.636093593261764 2.10812062685213 15.25
3197 14386.2099494786 14386.2099494786 0.636093593261764 2.10812062685213 15.25
3198 14387.8530945386 14387.8530945386 0.636093593261764 2.10812062685213 15.25
3199 14389.4963462132 14389.4963462132 0.636093593261764 2.10812062685213 15.25
3200 14391.1397044653 14391.1397044653 0.636093593261764 2.10812062685213 15.25
3201 14392.78316926 14392.78316926 0.636093593261764 2.10812062685213 15.25
3202 14394.4267405902 14394.4267405902 0.636093593261764 2.10812062685213 15.25
3203 14396.0704184144 14396.0704184144 0.636093593261764 2.10812062685213 15.25
3204 14397.7142026707 14397.7142026707 0.636093593261764 2.10812062685213 15.25
3205 14399.3580933232 14399.3580933232 0.636093593261764 2.10812062685213 15.25
3206 14401.0020903337 14401.0020903337 0.636093593261764 2.10812062685213 15.25
3207 14402.6461936677 14402.6461936677 0.636093593261764 2.10812062685213 15.25
3208 14404.290403288 14404.290403288 0.636093593261764 2.10812062685213 15.25
3209 14405.9347191583 14405.9347191583 0.636093593261764 2.10812062685213 15.25
3210 14407.5791412421 14407.5791412421 0.636093593261764 2.10812062685213 15.25
3211 14409.2236695033 14409.2236695033 0.636093593261764 2.10812062685213 15.25
3212 14410.8683039053 14410.8683039053 0.636093593261764 2.10812062685213 15.25
3213 14412.5130444412 14412.5130444412 0.636093593261764 2.10812062685213 15.25
3214 14414.1578910724 14414.1578910724 0.636093593261764 2.10812062685213 15.25
3215 14415.8028437355 14415.8028437355 0.636093593261764 2.10812062685213 15.25
3216 14417.4479023943 14417.4479023943 0.636093593261764 2.10812062685213 15.25
3217 14419.0930670124 14419.0930670124 0.636093593261764 2.10812062685213 15.25
3218 14420.7383375535 14420.7383375535 0.636093593261764 2.10812062685213 15.25
3219 14422.3837139815 14422.3837139815 0.636093593261764 2.10812062685213 15.25
3220 14424.0291962601 14424.0291962601 0.636093593261764 2.10812062685213 15.25
3221 14425.674784353 14425.674784353 0.636093593261764 2.10812062685213 15.25
3222 14427.320478224 14427.320478224 0.636093593261764 2.10812062685213 15.25
3223 14428.966277837 14428.966277837 0.636093593261764 2.10812062685213 15.25
3224 14430.6121831835 14430.6121831835 0.636093593261764 2.10812062685213 15.25
3225 14432.2581942283 14432.2581942283 0.636093593261764 2.10812062685213 15.25
3226 14433.9043109067 14433.9043109067 0.636093593261764 2.10812062685213 15.25
3227 14435.5505331823 14435.5505331823 0.636093593261764 2.10812062685213 15.25
3228 14437.1968610191 14437.1968610191 0.636093593261764 2.10812062685213 15.25
3229 14438.8432943804 14438.8432943804 0.636093593261764 2.10812062685213 15.25
3230 14440.4898332318 14440.4898332318 0.636093593261764 2.10812062685213 15.25
3231 14442.1364775356 14442.1364775356 0.636093593261764 2.10812062685213 15.25
3232 14443.7832272562 14443.7832272562 0.636093593261764 2.10812062685213 15.25
3233 14445.4300823575 14445.4300823575 0.636093593261764 2.10812062685213 15.25
3234 14447.0770428036 14447.0770428036 0.636093593261764 2.10812062685213 15.25
3235 14448.7241085844 14448.7241085844 0.636093593261764 2.10812062685213 15.25
3236 14450.3712796684 14450.3712796684 0.636093593261764 2.10812062685213 15.25
3237 14452.0185559892 14452.0185559892 0.636093593261764 2.10812062685213 15.25
3238 14453.6659375106 14453.6659375106 0.636093593261764 2.10812062685213 15.25
3239 14455.3134241968 14455.3134241968 0.636093593261764 2.10812062685213 15.25
3240 14456.9610160117 14456.9610160117 0.636093593261764 2.10812062685213 15.25
3241 14458.6087129196 14458.6087129196 0.636093593261764 2.10812062685213 15.25
3242 14460.2565148843 14460.2565148843 0.636093593261764 2.10812062685213 15.25
3243 14461.9044218701 14461.9044218701 0.636093593261764 2.10812062685213 15.25
3244 14463.552433841 14463.552433841 0.636093593261764 2.10812062685213 15.25
3245 14465.2005507611 14465.2005507611 0.636093593261764 2.10812062685213 15.25
3246 14466.8487726188 14466.8487726188 0.636093593261764 2.10812062685213 15.25
3247 14468.4970993863 14468.4970993863 0.636093593261764 2.10812062685213 15.25
3248 14470.1455309955 14470.1455309955 0.636093593261764 2.10812062685213 15.25
3249 14471.7940674099 14471.7940674099 0.636093593261764 2.10812062685213 15.25
3250 14473.4427085955 14473.4427085955 0.636093593261764 2.10812062685213 15.25
3251 14475.0914545147 14475.0914545147 0.636093593261764 2.10812062685213 15.25
3252 14476.7403051324 14476.7403051324 0.636093593261764 2.10812062685213 15.25
3253 14478.3892604127 14478.3892604127 0.636093593261764 2.10812062685213 15.25
3254 14480.0383203199 14480.0383203199 0.636093593261764 2.10812062685213 15.25
3255 14481.6874848183 14481.6874848183 0.636093593261764 2.10812062685213 15.25
3256 14483.336753872 14483.336753872 0.636093593261764 2.10812062685213 15.25
3257 14484.9861274682 14484.9861274682 0.636093593261764 2.10812062685213 15.25
3258 14486.6356055822 14486.6356055822 0.636093593261764 2.10812062685213 15.25
3259 14488.2851881446 14488.2851881446 0.636093593261764 2.10812062685213 15.25
3260 14489.9348751197 14489.9348751197 0.636093593261764 2.10812062685213 15.25
3261 14491.5846664717 14491.5846664717 0.636093593261764 2.10812062685213 15.25
3262 14493.234562165 14493.234562165 0.636093593261764 2.10812062685213 15.25
3263 14494.8845621641 14494.8845621641 0.636093593261764 2.10812062685213 15.25
3264 14496.5346664333 14496.5346664333 0.636093593261764 2.10812062685213 15.25
3265 14498.1848749369 14498.1848749369 0.636093593261764 2.10812062685213 15.25
3266 14499.8351876394 14499.8351876394 0.636093593261764 2.10812062685213 15.25
3267 14501.4856045052 14501.4856045052 0.636093593261764 2.10812062685213 15.25
3268 14503.1361255197 14503.1361255197 0.636093593261764 2.10812062685213 15.25
3269 14504.7867506621 14504.7867506621 0.636093593261764 2.10812062685213 15.25
3270 14506.4374798612 14506.4374798612 0.636093593261764 2.10812062685213 15.25
3271 14508.0883130809 14508.0883130809 0.636093593261764 2.10812062685213 15.25
3272 14509.7392502873 14509.7392502873 0.636093593261764 2.10812062685213 15.25
3273 14511.3902914433 14511.3902914433 0.636093593261764 2.10812062685213 15.25
3274 14513.041436514 14513.041436514 0.636093593261764 2.10812062685213 15.25
3275 14514.6926854639 14514.6926854639 0.636093593261764 2.10812062685213 15.25
3276 14516.3440382575 14516.3440382575 0.636093593261764 2.10812062685213 15.25
3277 14517.9954948594 14517.9954948594 0.636093593261764 2.10812062685213 15.25
3278 14519.6470552343 14519.6470552343 0.636093593261764 2.10812062685213 15.25
3279 14521.2987193658 14521.2987193658 0.636093593261764 2.10812062685213 15.25
3280 14522.9504872369 14522.9504872369 0.636093593261764 2.10812062685213 15.25
3281 14524.6023587747 14524.6023587747 0.636093593261764 2.10812062685213 15.25
3282 14526.2543339438 14526.2543339438 0.636093593261764 2.10812062685213 15.25
3283 14527.9064127088 14527.9064127088 0.636093593261764 2.10812062685213 15.25
3284 14529.558595034 14529.558595034 0.636093593261764 2.10812062685213 15.25
3285 14531.2108808856 14531.2108808856 0.636093593261764 2.10812062685213 15.25
3286 14532.8632702267 14532.8632702267 0.636093593261764 2.10812062685213 15.25
3287 14534.5157630224 14534.5157630224 0.636093593261764 2.10812062685213 15.25
3288 14536.1683592376 14536.1683592376 0.636093593261764 2.10812062685213 15.25
3289 14537.8210588369 14537.8210588369 0.636093593261764 2.10812062685213 15.25
3290 14539.4738618027 14539.4738618027 0.636093593261764 2.10812062685213 15.25
3291 14541.1267681213 14541.1267681213 0.636093593261764 2.10812062685213 15.25
3292 14542.7797777182 14542.7797777182 0.636093593261764 2.10812062685213 15.25
3293 14544.4328905584 14544.4328905584 0.636093593261764 2.10812062685213 15.25
3294 14546.0861066066 14546.0861066066 0.636093593261764 2.10812062685213 15.25
3295 14547.7394258276 14547.7394258276 0.636093593261764 2.10812062685213 15.25
3296 14549.3928481863 14549.3928481863 0.636093593261764 2.10812062685213 15.25
3297 14551.0463736474 14551.0463736474 0.636093593261764 2.10812062685213 15.25
3298 14552.7000021759 14552.7000021759 0.636093593261764 2.10812062685213 15.25
3299 14554.3537337365 14554.3537337365 0.636093593261764 2.10812062685213 15.25
3300 14556.0075682943 14556.0075682943 0.636093593261764 2.10812062685213 15.25
3301 14557.6615058293 14557.6615058293 0.636093593261764 2.10812062685213 15.25
3302 14559.3155463326 14559.3155463326 0.636093593261764 2.10812062685213 15.25
3303 14560.9696897278 14560.9696897278 0.636093593261764 2.10812062685213 15.25
3304 14562.6239359797 14562.6239359797 0.636093593261764 2.10812062685213 15.25
3305 14564.2782850533 14564.2782850533 0.636093593261764 2.10812062685213 15.25
3306 14565.9327369135 14565.9327369135 0.636093593261764 2.10812062685213 15.25
3307 14567.5872915254 14567.5872915254 0.636093593261764 2.10812062685213 15.25
3308 14569.2419488539 14569.2419488539 0.636093593261764 2.10812062685213 15.25
3309 14570.896708864 14570.896708864 0.636093593261764 2.10812062685213 15.25
3310 14572.5515715208 14572.5515715208 0.636093593261764 2.10812062685213 15.25
3311 14574.2065367893 14574.2065367893 0.636093593261764 2.10812062685213 15.25
3312 14575.8616046481 14575.8616046481 0.636093593261764 2.10812062685213 15.25
3313 14577.5167750918 14577.5167750918 0.636093593261764 2.10812062685213 15.25
3314 14579.1720480424 14579.1720480424 0.636093593261764 2.10812062685213 15.25
3315 14580.827423465 14580.827423465 0.636093593261764 2.10812062685213 15.25
3316 14582.4829013246 14582.4829013246 0.636093593261764 2.10812062685213 15.25
3317 14584.1384815863 14584.1384815863 0.636093593261764 2.10812062685213 15.25
3318 14585.7941642154 14585.7941642154 0.636093593261764 2.10812062685213 15.25
3319 14587.4499491769 14587.4499491769 0.636093593261764 2.10812062685213 15.25
3320 14589.1058364359 14589.1058364359 0.636093593261764 2.10812062685213 15.25
3321 14590.7618259577 14590.7618259577 0.636093593261764 2.10812062685213 15.25
3322 14592.4179177075 14592.4179177075 0.636093593261764 2.10812062685213 15.25
3323 14594.0741116623 14594.0741116623 0.636093593261764 2.10812062685213 15.25
3324 14595.7304078204 14595.7304078204 0.636093593261764 2.10812062685213 15.25
3325 14597.386806102 14597.386806102 0.636093593261764 2.10812062685213 15.25
3326 14599.0433064724 14599.0433064724 0.636093593261764 2.10812062685213 15.25
3327 14600.6999088969 14600.6999088969 0.636093593261764 2.10812062685213 15.25
3328 14602.3566133407 14602.3566133407 0.636093593261764 2.10812062685213 15.25
3329 14604.0134197691 14604.0134197691 0.636093593261764 2.10812062685213 15.25
3330 14605.6703281474 14605.6703281474 0.636093593261764 2.10812062685213 15.25
3331 14607.3273384409 14607.3273384409 0.636093593261764 2.10812062685213 15.25
3332 14608.9844506154 14608.9844506154 0.636093593261764 2.10812062685213 15.25
3333 14610.6416646347 14610.6416646347 0.636093593261764 2.10812062685213 15.25
3334 14612.298980476 14612.298980476 0.636093593261764 2.10812062685213 15.25
3335 14613.9563981404 14613.9563981404 0.636093593261764 2.10812062685213 15.25
3336 14615.6139175468 14615.6139175468 0.636093593261764 2.10812062685213 15.25
3337 14617.2715386605 14617.2715386605 0.636093593261764 2.10812062685213 15.25
3338 14618.9292614469 14618.9292614469 0.636093593261764 2.10812062685213 15.25
3339 14620.5870858714 14620.5870858714 0.636093593261764 2.10812062685213 15.25
3340 14622.2450118995 14622.2450118995 0.636093593261764 2.10812062685213 15.25
3341 14623.9030394966 14623.9030394966 0.636093593261764 2.10812062685213 15.25
3342 14625.5611686281 14625.5611686281 0.636093593261764 2.10812062685213 15.25
3343 14627.2193992596 14627.2193992596 0.636093593261764 2.10812062685213 15.25
3344 14628.8777313565 14628.8777313565 0.636093593261764 2.10812062685213 15.25
3345 14630.5361648928 14630.5361648928 0.636093593261764 2.10812062685213 15.25
3346 14632.1946998732 14632.1946998732 0.636093593261764 2.10812062685213 15.25
3347 14633.8533362168 14633.8533362168 0.636093593261764 2.10812062685213 15.25
3348 14635.5120738873 14635.5120738873 0.636093593261764 2.10812062685213 15.25
3349 14637.1709128507 14637.1709128507 0.636093593261764 2.10812062685213 15.25
3350 14638.8298530728 14638.8298530728 0.636093593261764 2.10812062685213 15.25
3351 14640.488894519 14640.488894519 0.636093593261764 2.10812062685213 15.25
3352 14642.1480371549 14642.1480371549 0.636093593261764 2.10812062685213 15.25
3353 14643.8072809462 14643.8072809462 0.636093593261764 2.10812062685213 15.25
3354 14645.4666258585 14645.4666258585 0.636093593261764 2.10812062685213 15.25
3355 14647.1260718574 14647.1260718574 0.636093593261764 2.10812062685213 15.25
3356 14648.7856189153 14648.7856189153 0.636093593261764 2.10812062685213 15.25
3357 14650.4452670412 14650.4452670412 0.636093593261764 2.10812062685213 15.25
3358 14652.1050161507 14652.1050161507 0.636093593261764 2.10812062685213 15.25
3359 14653.7648662089 14653.7648662089 0.636093593261764 2.10812062685213 15.25
3360 14655.4248171832 14655.4248171832 0.636093593261764 2.10812062685213 15.25
3361 14657.0848690375 14657.0848690375 0.636093593261764 2.10812062685213 15.25
3362 14658.7450217383 14658.7450217383 0.636093593261764 2.10812062685213 15.25
3363 14660.4052752512 14660.4052752512 0.636093593261764 2.10812062685213 15.25
3364 14662.0656295419 14662.0656295419 0.636093593261764 2.10812062685213 15.25
3365 14663.7260845763 14663.7260845763 0.636093593261764 2.10812062685213 15.25
3366 14665.3866403201 14665.3866403201 0.636093593261764 2.10812062685213 15.25
3367 14667.0472967437 14667.0472967437 0.636093593261764 2.10812062685213 15.25
3368 14668.7080538613 14668.7080538613 0.636093593261764 2.10812062685213 15.25
3369 14670.3689115851 14670.3689115851 0.636093593261764 2.10812062685213 15.25
3370 14672.0298698816 14672.0298698816 0.636093593261764 2.10812062685213 15.25
3371 14673.6909287167 14673.6909287167 0.636093593261764 2.10812062685213 15.25
3372 14675.3520880561 14675.3520880561 0.636093593261764 2.10812062685213 15.25
3373 14677.0133478657 14677.0133478657 0.636093593261764 2.10812062685213 15.25
3374 14678.6747081115 14678.6747081115 0.636093593261764 2.10812062685213 15.25
3375 14680.3361687593 14680.3361687593 0.636093593261764 2.10812062685213 15.25
3376 14681.9977297751 14681.9977297751 0.636093593261764 2.10812062685213 15.25
3377 14683.6593911247 14683.6593911247 0.636093593261764 2.10812062685213 15.25
3378 14685.3211527776 14685.3211527776 0.636093593261764 2.10812062685213 15.25
3379 14686.9830147498 14686.9830147498 0.636093593261764 2.10812062685213 15.25
3380 14688.6449769537 14688.6449769537 0.636093593261764 2.10812062685213 15.25
3381 14690.3070393553 14690.3070393553 0.636093593261764 2.10812062685213 15.25
3382 14691.9692019206 14691.9692019206 0.636093593261764 2.10812062685213 15.25
3383 14693.6314646157 14693.6314646157 0.636093593261764 2.10812062685213 15.25
3384 14695.2938274065 14695.2938274065 0.636093593261764 2.10812062685213 15.25
3385 14696.956290259 14696.956290259 0.636093593261764 2.10812062685213 15.25
3386 14698.6188531393 14698.6188531393 0.636093593261764 2.10812062685213 15.25
3387 14700.2815160135 14700.2815160135 0.636093593261764 2.10812062685213 15.25
3388 14701.9442788476 14701.9442788476 0.636093593261764 2.10812062685213 15.25
3389 14703.6071416094 14703.6071416094 0.636093593261764 2.10812062685213 15.25
3390 14705.2701043187 14705.2701043187 0.636093593261764 2.10812062685213 15.25
3391 14706.9331668863 14706.9331668863 0.636093593261764 2.10812062685213 15.25
3392 14708.5963292776 14708.5963292776 0.636093593261764 2.10812062685213 15.25
3393 14710.2595914605 14710.2595914605 0.636093593261764 2.10812062685213 15.25
3394 14711.9229533996 14711.9229533996 0.636093593261764 2.10812062685213 15.25
3395 14713.5864150614 14713.5864150614 0.636093593261764 2.10812062685213 15.25
3396 14715.2499764123 14715.2499764123 0.636093593261764 2.10812062685213 15.25
3397 14716.9136374183 14716.9136374183 0.636093593261764 2.10812062685213 15.25
3398 14718.5773980457 14718.5773980457 0.636093593261764 2.10812062685213 15.25
3399 14720.2412582608 14720.2412582608 0.636093593261764 2.10812062685213 15.25
3400 14721.9052180297 14721.9052180297 0.636093593261764 2.10812062685213 15.25
3401 14723.5692773757 14723.5692773757 0.636093593261764 2.10812062685213 15.25
3402 14725.2334362081 14725.2334362081 0.636093593261764 2.10812062685213 15.25
3403 14726.8976944931 14726.8976944931 0.636093593261764 2.10812062685213 15.25
3404 14728.562052197 14728.562052197 0.636093593261764 2.10812062685213 15.25
3405 14730.2265092861 14730.2265092861 0.636093593261764 2.10812062685213 15.25
3406 14731.8910657268 14731.8910657268 0.636093593261764 2.10812062685213 15.25
3407 14733.5557214858 14733.5557214858 0.636093593261764 2.10812062685213 15.25
3408 14735.2204765279 14735.2204765279 0.636093593261764 2.10812062685213 15.25
3409 14736.885330821 14736.885330821 0.636093593261764 2.10812062685213 15.25
3410 14738.5502843311 14738.5502843311 0.636093593261764 2.10812062685213 15.25
3411 14740.2153370244 14740.2153370244 0.636093593261764 2.10812062685213 15.25
3412 14741.8804889228 14741.8804889228 0.636093593261764 2.10812062685213 15.25
3413 14743.5457399389 14743.5457399389 0.636093593261764 2.10812062685213 15.25
3414 14745.2110900376 14745.2110900376 0.636093593261764 2.10812062685213 15.25
3415 14746.8765391851 14746.8765391851 0.636093593261764 2.10812062685213 15.25
3416 14748.542087348 14748.542087348 0.636093593261764 2.10812062685213 15.25
3417 14750.2077344927 14750.2077344927 0.636093593261764 2.10812062685213 15.25
3418 14751.8734805857 14751.8734805857 0.636093593261764 2.10812062685213 15.25
3419 14753.5393255934 14753.5393255934 0.636093593261764 2.10812062685213 15.25
3420 14755.2052694824 14755.2052694824 0.636093593261764 2.10812062685213 15.25
3421 14756.8713122192 14756.8713122192 0.636093593261764 2.10812062685213 15.25
3422 14758.5374537703 14758.5374537703 0.636093593261764 2.10812062685213 15.25
3423 14760.2036941558 14760.2036941558 0.636093593261764 2.10812062685213 15.25
3424 14761.8700332922 14761.8700332922 0.636093593261764 2.10812062685213 15.25
3425 14763.5364711426 14763.5364711426 0.636093593261764 2.10812062685213 15.25
3426 14765.203007674 14765.203007674 0.636093593261764 2.10812062685213 15.25
3427 14766.8696428513 14766.8696428513 0.636093593261764 2.10812062685213 15.25
3428 14768.536376643 14768.536376643 0.636093593261764 2.10812062685213 15.25
3429 14770.2032090149 14770.2032090149 0.636093593261764 2.10812062685213 15.25
3430 14771.8701399338 14771.8701399338 0.636093593261764 2.10812062685213 15.25
3431 14773.5371693663 14773.5371693663 0.636093593261764 2.10812062685213 15.25
3432 14775.2042972789 14775.2042972789 0.636093593261764 2.10812062685213 15.25
3433 14776.8715236385 14776.8715236385 0.636093593261764 2.10812062685213 15.25
3434 14778.5388484637 14778.5388484637 0.636093593261764 2.10812062685213 15.25
3435 14780.2062716743 14780.2062716743 0.636093593261764 2.10812062685213 15.25
3436 14781.8737932319 14781.8737932319 0.636093593261764 2.10812062685213 15.25
3437 14783.5414131026 14783.5414131026 0.636093593261764 2.10812062685213 15.25
3438 14785.2091312549 14785.2091312549 0.636093593261764 2.10812062685213 15.25
3439 14786.8769476538 14786.8769476538 0.636093593261764 2.10812062685213 15.25
3440 14788.5448622666 14788.5448622666 0.636093593261764 2.10812062685213 15.25
3441 14790.2128750601 14790.2128750601 0.636093593261764 2.10812062685213 15.25
3442 14791.8809860011 14791.8809860011 0.636093593261764 2.10812062685213 15.25
3443 14793.5491950563 14793.5491950563 0.636093593261764 2.10812062685213 15.25
3444 14795.2175021926 14795.2175021926 0.636093593261764 2.10812062685213 15.25
3445 14796.8859074273 14796.8859074273 0.636093593261764 2.10812062685213 15.25
3446 14798.5544106835 14798.5544106835 0.636093593261764 2.10812062685213 15.25
3447 14800.2230119213 14800.2230119213 0.636093593261764 2.10812062685213 15.25
3448 14801.891711107 14801.891711107 0.636093593261764 2.10812062685213 15.25
3449 14803.5605082092 14803.5605082092 0.636093593261764 2.10812062685213 15.25
3450 14805.229403193 14805.229403193 0.636093593261764 2.10812062685213 15.25
3451 14806.898396026 14806.898396026 0.636093593261764 2.10812062685213 15.25
3452 14808.567486675 14808.567486675 0.636093593261764 2.10812062685213 15.25
3453 14810.2366751069 14810.2366751069 0.636093593261764 2.10812062685213 15.25
3454 14811.9059612888 14811.9059612888 0.636093593261764 2.10812062685213 15.25
3455 14813.5753451875 14813.5753451875 0.636093593261764 2.10812062685213 15.25
3456 14815.2448268181 14815.2448268181 0.636093593261764 2.10812062685213 15.25
3457 14816.9144061087 14816.9144061087 0.636093593261764 2.10812062685213 15.25
3458 14818.584083017 14818.584083017 0.636093593261764 2.10812062685213 15.25
3459 14820.2538575102 14820.2538575102 0.636093593261764 2.10812062685213 15.25
3460 14821.9237295552 14821.9237295552 0.636093593261764 2.10812062685213 15.25
3461 14823.593699119 14823.593699119 0.636093593261764 2.10812062685213 15.25
3462 14825.2637661687 14825.2637661687 0.636093593261764 2.10812062685213 15.25
3463 14826.9339306714 14826.9339306714 0.636093593261764 2.10812062685213 15.25
3464 14828.604192594 14828.604192594 0.636093593261764 2.10812062685213 15.25
3465 14830.2745519038 14830.2745519038 0.636093593261764 2.10812062685213 15.25
3466 14831.9450085677 14831.9450085677 0.636093593261764 2.10812062685213 15.25
3467 14833.6155625994 14833.6155625994 0.636093593261764 2.10812062685213 15.25
3468 14835.2862139303 14835.2862139303 0.636093593261764 2.10812062685213 15.25
3469 14836.9569625168 14836.9569625168 0.636093593261764 2.10812062685213 15.25
3470 14838.627808326 14838.627808326 0.636093593261764 2.10812062685213 15.25
3471 14840.2987513251 14840.2987513251 0.636093593261764 2.10812062685213 15.25
3472 14841.9697914812 14841.9697914812 0.636093593261764 2.10812062685213 15.25
3473 14843.6409287615 14843.6409287615 0.636093593261764 2.10812062685213 15.25
3474 14845.3121631326 14845.3121631326 0.636093593261764 2.10812062685213 15.25
3475 14846.9834945635 14846.9834945635 0.636093593261764 2.10812062685213 15.25
3476 14848.6549230197 14848.6549230197 0.636093593261764 2.10812062685213 15.25
3477 14850.326448469 14850.326448469 0.636093593261764 2.10812062685213 15.25
3478 14851.9980709233 14851.9980709233 0.636093593261764 2.10812062685213 15.25
3479 14853.6697903178 14853.6697903178 0.636093593261764 2.10812062685213 15.25
3480 14855.3416066078 14855.3416066078 0.636093593261764 2.10812062685213 15.25
3481 14857.0135197588 14857.0135197588 0.636093593261764 2.10812062685213 15.25
3482 14858.6855297398 14858.6855297398 0.636093593261764 2.10812062685213 15.25
3483 14860.3576365176 14860.3576365176 0.636093593261764 2.10812062685213 15.25
3484 14862.0298400595 14862.0298400595 0.636093593261764 2.10812062685213 15.25
3485 14863.7021403329 14863.7021403329 0.636093593261764 2.10812062685213 15.25
3486 14865.374537305 14865.374537305 0.636093593261764 2.10812062685213 15.25
3487 14867.0470309433 14867.0470309433 0.636093593261764 2.10812062685213 15.25
3488 14868.7196212151 14868.7196212151 0.636093593261764 2.10812062685213 15.25
3489 14870.3923081309 14870.3923081309 0.636093593261764 2.10812062685213 15.25
3490 14872.0650916293 14872.0650916293 0.636093593261764 2.10812062685213 15.25
3491 14873.737971663 14873.737971663 0.636093593261764 2.10812062685213 15.25
3492 14875.4109482009 14875.4109482009 0.636093593261764 2.10812062685213 15.25
3493 14877.0840212089 14877.0840212089 0.636093593261764 2.10812062685213 15.25
3494 14878.7571906549 14878.7571906549 0.636093593261764 2.10812062685213 15.25
3495 14880.4304565065 14880.4304565065 0.636093593261764 2.10812062685213 15.25
3496 14882.1038187311 14882.1038187311 0.636093593261764 2.10812062685213 15.25
3497 14883.7772772963 14883.7772772963 0.636093593261764 2.10812062685213 15.25
3498 14885.4508321694 14885.4508321694 0.636093593261764 2.10812062685213 15.25
3499 14887.124483318 14887.124483318 0.636093593261764 2.10812062685213 15.25
3500 14888.7982307511 14888.7982307511 0.636093593261764 2.10812062685213 15.25
3501 14890.4720744108 14890.4720744108 0.636093593261764 2.10812062685213 15.25
3502 14892.1460142493 14892.1460142493 0.636093593261764 2.10812062685213 15.25
3503 14893.8200502318 14893.8200502318 0.636093593261764 2.10812062685213 15.25
3504 14895.4941823293 14895.4941823293 0.636093593261764 2.10812062685213 15.25
3505 14897.1684105072 14897.1684105072 0.636093593261764 2.10812062685213 15.25
3506 14898.8427347336 14898.8427347336 0.636093593261764 2.10812062685213 15.25
3507 14900.5171549761 14900.5171549761 0.636093593261764 2.10812062685213 15.25
3508 14902.1916712024 14902.1916712024 0.636093593261764 2.10812062685213 15.25
3509 14903.8662833801 14903.8662833801 0.636093593261764 2.10812062685213 15.25
3510 14905.5409914769 14905.5409914769 0.636093593261764 2.10812062685213 15.25
3511 14907.2157955 14907.2157955 0.636093593261764 2.10812062685213 15.25
3512 14908.8906953954 14908.8906953954 0.636093593261764 2.10812062685213 15.25
3513 14910.5656911129 14910.5656911129 0.636093593261764 2.10812062685213 15.25
3514 14912.2407826203 14912.2407826203 0.636093593261764 2.10812062685213 15.25
3515 14913.9159698852 14913.9159698852 0.636093593261764 2.10812062685213 15.25
3516 14915.5912528753 14915.5912528753 0.636093593261764 2.10812062685213 15.25
3517 14917.2666315591 14917.2666315591 0.636093593261764 2.10812062685213 15.25
3518 14918.9421059026 14918.9421059026 0.636093593261764 2.10812062685213 15.25
3519 14920.6176758751 14920.6176758751 0.636093593261764 2.10812062685213 15.25
3520 14922.2933414441 14922.2933414441 0.636093593261764 2.10812062685213 15.25
3521 14923.9691025771 14923.9691025771 0.636093593261764 2.10812062685213 15.25
3522 14925.6449592801 14925.6449592801 0.636093593261764 2.10812062685213 15.25
3523 14927.3209115024 14927.3209115024 0.636093593261764 2.10812062685213 15.25
3524 14928.9969591923 14928.9969591923 0.636093593261764 2.10812062685213 15.25
3525 14930.6731023176 14930.6731023176 0.636093593261764 2.10812062685213 15.25
3526 14932.3493408463 14932.3493408463 0.636093593261764 2.10812062685213 15.25
3527 14934.0256747462 14934.0256747462 0.636093593261764 2.10812062685213 15.25
3528 14935.7021039852 14935.7021039852 0.636093593261764 2.10812062685213 15.25
3529 14937.3786285311 14937.3786285311 0.636093593261764 2.10812062685213 15.25
3530 14939.0552483519 14939.0552483519 0.636093593261764 2.10812062685213 15.25
3531 14940.7319634155 14940.7319634155 0.636093593261764 2.10812062685213 15.25
3532 14942.4087736899 14942.4087736899 0.636093593261764 2.10812062685213 15.25
3533 14944.0856791792 14944.0856791792 0.636093593261764 2.10812062685213 15.25
3534 14945.7626798365 14945.7626798365 0.636093593261764 2.10812062685213 15.25
3535 14947.4397756084 14947.4397756084 0.636093593261764 2.10812062685213 15.25
3536 14949.1169664629 14949.1169664629 0.636093593261764 2.10812062685213 15.25
3537 14950.794252368 14950.794252368 0.636093593261764 2.10812062685213 15.25
3538 14952.4716332918 14952.4716332918 0.636093593261764 2.10812062685213 15.25
3539 14954.1491092022 14954.1491092022 0.636093593261764 2.10812062685213 15.25
3540 14955.8266800673 14955.8266800673 0.636093593261764 2.10812062685213 15.25
3541 14957.5043458551 14957.5043458551 0.636093593261764 2.10812062685213 15.25
3542 14959.1821065337 14959.1821065337 0.636093593261764 2.10812062685213 15.25
3543 14960.8599620712 14960.8599620712 0.636093593261764 2.10812062685213 15.25
3544 14962.5379124696 14962.5379124696 0.636093593261764 2.10812062685213 15.25
3545 14964.2159576878 14964.2159576878 0.636093593261764 2.10812062685213 15.25
3546 14965.8940976675 14965.8940976675 0.636093593261764 2.10812062685213 15.25
3547 14967.572332379 14967.572332379 0.636093593261764 2.10812062685213 15.25
3548 14969.2506617899 14969.2506617899 0.636093593261764 2.10812062685213 15.25
3549 14970.9290858684 14970.9290858684 0.636093593261764 2.10812062685213 15.25
3550 14972.6076045827 14972.6076045827 0.636093593261764 2.10812062685213 15.25
3551 14974.2862179009 14974.2862179009 0.636093593261764 2.10812062685213 15.25
3552 14975.9649257912 14975.9649257912 0.636093593261764 2.10812062685213 15.25
3553 14977.6437282217 14977.6437282217 0.636093593261764 2.10812062685213 15.25
3554 14979.3226251608 14979.3226251608 0.636093593261764 2.10812062685213 15.25
3555 14981.0016166094 14981.0016166094 0.636093593261764 2.10812062685213 15.25
3556 14982.6807025272 14982.6807025272 0.636093593261764 2.10812062685213 15.25
3557 14984.3598828594 14984.3598828594 0.636093593261764 2.10812062685213 15.25
3558 14986.0391575724 14986.0391575724 0.636093593261764 2.10812062685213 15.25
3559 14987.7185266352 14987.7185266352 0.636093593261764 2.10812062685213 15.25
3560 14989.3979900161 14989.3979900161 0.636093593261764 2.10812062685213 15.25
3561 14991.0775476833 14991.0775476833 0.636093593261764 2.10812062685213 15.25
3562 14992.7571996051 14992.7571996051 0.636093593261764 2.10812062685213 15.25
3563 14994.4369457499 14994.4369457499 0.636093593261764 2.10812062685213 15.25
3564 14996.116786086 14996.116786086 0.636093593261764 2.10812062685213 15.25
3565 14997.7967205823 14997.7967205823 0.636093593261764 2.10812062685213 15.25
3566 14999.4767492366 14999.4767492366 0.636093593261764 2.10812062685213 15.25
3567 15001.1568720138 15001.1568720138 0.636093593261764 2.10812062685213 15.25
3568 15002.8370888564 15002.8370888564 0.636093593261764 2.10812062685213 15.25
3569 15004.5173997321 15004.5173997321 0.636093593261764 2.10812062685213 15.25
3570 15006.1978046094 15006.1978046094 0.636093593261764 2.10812062685213 15.25
3571 15007.8783034567 15007.8783034567 0.636093593261764 2.10812062685213 15.25
3572 15009.5588962425 15009.5588962425 0.636093593261764 2.10812062685213 15.25
3573 15011.2395829351 15011.2395829351 0.636093593261764 2.10812062685213 15.25
3574 15012.9203635031 15012.9203635031 0.636093593261764 2.10812062685213 15.25
3575 15014.6012379148 15014.6012379148 0.636093593261764 2.10812062685213 15.25
3576 15016.2822061389 15016.2822061389 0.636093593261764 2.10812062685213 15.25
3577 15017.9632681726 15017.9632681726 0.636093593261764 2.10812062685213 15.25
3578 15019.6444239845 15019.6444239845 0.636093593261764 2.10812062685213 15.25
3579 15021.3256735141 15021.3256735141 0.636093593261764 2.10812062685213 15.25
3580 15023.0070167302 15023.0070167302 0.636093593261764 2.10812062685213 15.25
3581 15024.6884536011 15024.6884536011 0.636093593261764 2.10812062685213 15.25
3582 15026.3699840955 15026.3699840955 0.636093593261764 2.10812062685213 15.25
3583 15028.0516081819 15028.0516081819 0.636093593261764 2.10812062685213 15.25
3584 15029.7333258284 15029.7333258284 0.636093593261764 2.10812062685213 15.25
3585 15031.4151370052 15031.4151370052 0.636093593261764 2.10812062685213 15.25
3586 15033.0970416793 15033.0970416793 0.636093593261764 2.10812062685213 15.25
3587 15034.7790398198 15034.7790398198 0.636093593261764 2.10812062685213 15.25
3588 15036.4611314225 15036.4611314225 0.636093593261764 2.10812062685213 15.25
3589 15038.1433164595 15038.1433164595 0.636093593261764 2.10812062685213 15.25
3590 15039.8255948689 15039.8255948689 0.636093593261764 2.10812062685213 15.25
3591 15041.5079666193 15041.5079666193 0.636093593261764 2.10812062685213 15.25
3592 15043.1904316801 15043.1904316801 0.636093593261764 2.10812062685213 15.25
3593 15044.8729900181 15044.8729900181 0.636093593261764 2.10812062685213 15.25
3594 15046.5556416037 15046.5556416037 0.636093593261764 2.10812062685213 15.25
3595 15048.2383864053 15048.2383864053 0.636093593261764 2.10812062685213 15.25
3596 15049.9212243914 15049.9212243914 0.636093593261764 2.10812062685213 15.25
3597 15051.6041555308 15051.6041555308 0.636093593261764 2.10812062685213 15.25
3598 15053.2871797922 15053.2871797922 0.636093593261764 2.10812062685213 15.25
3599 15054.97029717 15054.97029717 0.636093593261764 2.10812062685213 15.25
3600 15056.6535076402 15056.6535076402 0.636093593261764 2.10812062685213 15.25
3601 15058.3368111377 15058.3368111377 0.636093593261764 2.10812062685213 15.25
3602 15060.020207633 15060.020207633 0.636093593261764 2.10812062685213 15.25
3603 15061.7036970948 15061.7036970948 0.636093593261764 2.10812062685213 15.25
3604 15063.3872794904 15063.3872794904 0.636093593261764 2.10812062685213 15.25
3605 15065.0709547903 15065.0709547903 0.636093593261764 2.10812062685213 15.25
3606 15066.7547229621 15066.7547229621 0.636093593261764 2.10812062685213 15.25
3607 15068.4385839765 15068.4385839765 0.636093593261764 2.10812062685213 15.25
3608 15070.1225378006 15070.1225378006 0.636093593261764 2.10812062685213 15.25
3609 15071.8065844033 15071.8065844033 0.636093593261764 2.10812062685213 15.25
3610 15073.4907237789 15073.4907237789 0.636093593261764 2.10812062685213 15.25
3611 15075.174955905 15075.174955905 0.636093593261764 2.10812062685213 15.25
3612 15076.859280717 15076.859280717 0.636093593261764 2.10812062685213 15.25
3613 15078.5436981839 15078.5436981839 0.636093593261764 2.10812062685213 15.25
3614 15080.2282082746 15080.2282082746 0.636093593261764 2.10812062685213 15.25
3615 15081.9128109581 15081.9128109581 0.636093593261764 2.10812062685213 15.25
3616 15083.5975062033 15083.5975062033 0.636093593261764 2.10812062685213 15.25
3617 15085.2822939793 15085.2822939793 0.636093593261764 2.10812062685213 15.25
3618 15086.967174255 15086.967174255 0.636093593261764 2.10812062685213 15.25
3619 15088.6521469988 15088.6521469988 0.636093593261764 2.10812062685213 15.25
3620 15090.3372121815 15090.3372121815 0.636093593261764 2.10812062685213 15.25
3621 15092.0223697925 15092.0223697925 0.636093593261764 2.10812062685213 15.25
3622 15093.7076198151 15093.7076198151 0.636093593261764 2.10812062685213 15.25
3623 15095.3929621826 15095.3929621826 0.636093593261764 2.10812062685213 15.25
3624 15097.0783968642 15097.0783968642 0.636093593261764 2.10812062685213 15.25
3625 15098.7639238287 15098.7639238287 0.636093593261764 2.10812062685213 15.25
3626 15100.4495430455 15100.4495430455 0.636093593261764 2.10812062685213 15.25
3627 15102.1352544834 15102.1352544834 0.636093593261764 2.10812062685213 15.25
3628 15103.8210581118 15103.8210581118 0.636093593261764 2.10812062685213 15.25
3629 15105.5069539003 15105.5069539003 0.636093593261764 2.10812062685213 15.25
3630 15107.1929418163 15107.1929418163 0.636093593261764 2.10812062685213 15.25
3631 15108.8790218306 15108.8790218306 0.636093593261764 2.10812062685213 15.25
3632 15110.5651939322 15110.5651939322 0.636093593261764 2.10812062685213 15.25
3633 15112.2514581076 15112.2514581076 0.636093593261764 2.10812062685213 15.25
3634 15113.9378142883 15113.9378142883 0.636093593261764 2.10812062685213 15.25
3635 15115.6242624436 15115.6242624436 0.636093593261764 2.10812062685213 15.25
3636 15117.3108025426 15117.3108025426 0.636093593261764 2.10812062685213 15.25
3637 15118.9974345547 15118.9974345547 0.636093593261764 2.10812062685213 15.25
3638 15120.684158449 15120.684158449 0.636093593261764 2.10812062685213 15.25
3639 15122.3709741948 15122.3709741948 0.636093593261764 2.10812062685213 15.25
3640 15124.0578817614 15124.0578817614 0.636093593261764 2.10812062685213 15.25
3641 15125.744881118 15125.744881118 0.636093593261764 2.10812062685213 15.25
3642 15127.4319722339 15127.4319722339 0.636093593261764 2.10812062685213 15.25
3643 15129.119155097 15129.119155097 0.636093593261764 2.10812062685213 15.25
3644 15130.8064296974 15130.8064296974 0.636093593261764 2.10812062685213 15.25
3645 15132.4937959651 15132.4937959651 0.636093593261764 2.10812062685213 15.25
3646 15134.1812538688 15134.1812538688 0.636093593261764 2.10812062685213 15.25
3647 15135.8688033796 15135.8688033796 0.636093593261764 2.10812062685213 15.25
3648 15137.5564444652 15137.5564444652 0.636093593261764 2.10812062685213 15.25
3649 15139.2441770954 15139.2441770954 0.636093593261764 2.10812062685213 15.25
3650 15140.9320012392 15140.9320012392 0.636093593261764 2.10812062685213 15.25
3651 15142.6199168676 15142.6199168676 0.636093593261764 2.10812062685213 15.25
3652 15144.3079239482 15144.3079239482 0.636093593261764 2.10812062685213 15.25
3653 15145.9960224512 15145.9960224512 0.636093593261764 2.10812062685213 15.25
3654 15147.6842123621 15147.6842123621 0.636093593261764 2.10812062685213 15.25
3655 15149.3724936759 15149.3724936759 0.636093593261764 2.10812062685213 15.25
3656 15151.0608663204 15151.0608663204 0.636093593261764 2.10812062685213 15.25
3657 15152.7493302649 15152.7493302649 0.636093593261764 2.10812062685213 15.25
3658 15154.4378854791 15154.4378854791 0.636093593261764 2.10812062685213 15.25
3659 15156.1265319323 15156.1265319323 0.636093593261764 2.10812062685213 15.25
3660 15157.8152695941 15157.8152695941 0.636093593261764 2.10812062685213 15.25
3661 15159.504098434 15159.504098434 0.636093593261764 2.10812062685213 15.25
3662 15161.1930184215 15161.1930184215 0.636093593261764 2.10812062685213 15.25
3663 15162.8820295262 15162.8820295262 0.636093593261764 2.10812062685213 15.25
3664 15164.5711317176 15164.5711317176 0.636093593261764 2.10812062685213 15.25
3665 15166.2603249798 15166.2603249798 0.636093593261764 2.10812062685213 15.25
3666 15167.9496093113 15167.9496093113 0.636093593261764 2.10812062685213 15.25
3667 15169.6389846383 15169.6389846383 0.636093593261764 2.10812062685213 15.25
3668 15171.3284509297 15171.3284509297 0.636093593261764 2.10812062685213 15.25
3669 15173.018008157 15173.018008157 0.636093593261764 2.10812062685213 15.25
3670 15174.7076562879 15174.7076562879 0.636093593261764 2.10812062685213 15.25
3671 15176.3973952928 15176.3973952928 0.636093593261764 2.10812062685213 15.25
3672 15178.0872251413 15178.0872251413 0.636093593261764 2.10812062685213 15.25
3673 15179.7771458035 15179.7771458035 0.636093593261764 2.10812062685213 15.25
3674 15181.4671572475 15181.4671572475 0.636093593261764 2.10812062685213 15.25
3675 15183.1572594447 15183.1572594447 0.636093593261764 2.10812062685213 15.25
3676 15184.8474523769 15184.8474523769 0.636093593261764 2.10812062685213 15.25
3677 15186.5377360463 15186.5377360463 0.636093593261764 2.10812062685213 15.25
3678 15188.2281103775 15188.2281103775 0.636093593261764 2.10812062685213 15.25
3679 15189.91857534 15189.91857534 0.636093593261764 2.10812062685213 15.25
3680 15191.6091309038 15191.6091309038 0.636093593261764 2.10812062685213 15.25
3681 15193.2997770384 15193.2997770384 0.636093593261764 2.10812062685213 15.25
3682 15194.9905137138 15194.9905137138 0.636093593261764 2.10812062685213 15.25
3683 15196.6813408997 15196.6813408997 0.636093593261764 2.10812062685213 15.25
3684 15198.3722585658 15198.3722585658 0.636093593261764 2.10812062685213 15.25
3685 15200.063266682 15200.063266682 0.636093593261764 2.10812062685213 15.25
3686 15201.754365218 15201.754365218 0.636093593261764 2.10812062685213 15.25
3687 15203.4455541548 15203.4455541548 0.636093593261764 2.10812062685213 15.25
3688 15205.1368334981 15205.1368334981 0.636093593261764 2.10812062685213 15.25
3689 15206.8282031709 15206.8282031709 0.636093593261764 2.10812062685213 15.25
3690 15208.5196631429 15208.5196631429 0.636093593261764 2.10812062685213 15.25
3691 15210.211213384 15210.211213384 0.636093593261764 2.10812062685213 15.25
3692 15211.9028538641 15211.9028538641 0.636093593261764 2.10812062685213 15.25
3693 15213.5945845531 15213.5945845531 0.636093593261764 2.10812062685213 15.25
3694 15215.286405421 15215.286405421 0.636093593261764 2.10812062685213 15.25
3695 15216.9783164376 15216.9783164376 0.636093593261764 2.10812062685213 15.25
3696 15218.6703175728 15218.6703175728 0.636093593261764 2.10812062685213 15.25
3697 15220.3624087967 15220.3624087967 0.636093593261764 2.10812062685213 15.25
3698 15222.0545900884 15222.0545900884 0.636093593261764 2.10812062685213 15.25
3699 15223.7468614574 15223.7468614574 0.636093593261764 2.10812062685213 15.25
3700 15225.439222825 15225.439222825 0.636093593261764 2.10812062685213 15.25
3701 15227.131674161 15227.131674161 0.636093593261764 2.10812062685213 15.25
3702 15228.8242154355 15228.8242154355 0.636093593261764 2.10812062685213 15.25
3703 15230.5168466186 15230.5168466186 0.636093593261764 2.10812062685213 15.25
3704 15232.2095676802 15232.2095676802 0.636093593261764 2.10812062685213 15.25
3705 15233.9023785904 15233.9023785904 0.636093593261764 2.10812062685213 15.25
3706 15235.5952793192 15235.5952793192 0.636093593261764 2.10812062685213 15.25
3707 15237.2882698361 15237.2882698361 0.636093593261764 2.10812062685213 15.25
3708 15238.9813501129 15238.9813501129 0.636093593261764 2.10812062685213 15.25
3709 15240.6745201256 15240.6745201256 0.636093593261764 2.10812062685213 15.25
3710 15242.3677798877 15242.3677798877 0.636093593261764 2.10812062685213 15.25
3711 15244.0611293189 15244.0611293189 0.636093593261764 2.10812062685213 15.25
3712 15245.7545683892 15245.7545683892 0.636093593261764 2.10812062685213 15.25
3713 15247.4480970683 15247.4480970683 0.636093593261764 2.10812062685213 15.25
3714 15249.141715328 15249.141715328 0.636093593261764 2.10812062685213 15.25
3715 15250.8354231367 15250.8354231367 0.636093593261764 2.10812062685213 15.25
3716 15252.5292204651 15252.5292204651 0.636093593261764 2.10812062685213 15.25
3717 15254.2231072835 15254.2231072835 0.636093593261764 2.10812062685213 15.25
3718 15255.9170835621 15255.9170835621 0.636093593261764 2.10812062685213 15.25
3719 15257.6111492709 15257.6111492709 0.636093593261764 2.10812062685213 15.25
3720 15259.3053043862 15259.3053043862 0.636093593261764 2.10812062685213 15.25
3721 15260.9995489244 15260.9995489244 0.636093593261764 2.10812062685213 15.25
3722 15262.6938828037 15262.6938828037 0.636093593261764 2.10812062685213 15.25
3723 15264.3883059943 15264.3883059943 0.636093593261764 2.10812062685213 15.25
3724 15266.0828184658 15266.0828184658 0.636093593261764 2.10812062685213 15.25
3725 15267.7774201902 15267.7774201902 0.636093593261764 2.10812062685213 15.25
3726 15269.4721111361 15269.4721111361 0.636093593261764 2.10812062685213 15.25
3727 15271.1668912744 15271.1668912744 0.636093593261764 2.10812062685213 15.25
3728 15272.8617605754 15272.8617605754 0.636093593261764 2.10812062685213 15.25
3729 15274.5567190093 15274.5567190093 0.636093593261764 2.10812062685213 15.25
3730 15276.2517665465 15276.2517665465 0.636093593261764 2.10812062685213 15.25
3731 15277.9469031609 15277.9469031609 0.636093593261764 2.10812062685213 15.25
3732 15279.6421288739 15279.6421288739 0.636093593261764 2.10812062685213 15.25
3733 15281.3374436013 15281.3374436013 0.636093593261764 2.10812062685213 15.25
3734 15283.0328473135 15283.0328473135 0.636093593261764 2.10812062685213 15.25
3735 15284.7283399808 15284.7283399808 0.636093593261764 2.10812062685213 15.25
3736 15286.4239215736 15286.4239215736 0.636093593261764 2.10812062685213 15.25
3737 15288.1195920624 15288.1195920624 0.636093593261764 2.10812062685213 15.25
3738 15289.8153514175 15289.8153514175 0.636093593261764 2.10812062685213 15.25
3739 15291.51119961 15291.51119961 0.636093593261764 2.10812062685213 15.25
3740 15293.207136608 15293.207136608 0.636093593261764 2.10812062685213 15.25
3741 15294.9031623854 15294.9031623854 0.636093593261764 2.10812062685213 15.25
3742 15296.5992769122 15296.5992769122 0.636093593261764 2.10812062685213 15.25
3743 15298.2954802146 15298.2954802146 0.636093593261764 2.10812062685213 15.25
3744 15299.991772205 15299.991772205 0.636093593261764 2.10812062685213 15.25
3745 15301.6881528562 15301.6881528562 0.636093593261764 2.10812062685213 15.25
3746 15303.3846221364 15303.3846221364 0.636093593261764 2.10812062685213 15.25
3747 15305.0811800172 15305.0811800172 0.636093593261764 2.10812062685213 15.25
3748 15306.7778264705 15306.7778264705 0.636093593261764 2.10812062685213 15.25
3749 15308.4745614649 15308.4745614649 0.636093593261764 2.10812062685213 15.25
3750 15310.1713849716 15310.1713849716 0.636093593261764 2.10812062685213 15.25
3751 15311.8682969613 15311.8682969613 0.636093593261764 2.10812062685213 15.25
3752 15313.5652974044 15313.5652974044 0.636093593261764 2.10812062685213 15.25
3753 15315.2623862716 15315.2623862716 0.636093593261764 2.10812062685213 15.25
3754 15316.9595635917 15316.9595635917 0.636093593261764 2.10812062685213 15.25
3755 15318.6568292771 15318.6568292771 0.636093593261764 2.10812062685213 15.25
3756 15320.3541832984 15320.3541832984 0.636093593261764 2.10812062685213 15.25
3757 15322.0516256263 15322.0516256263 0.636093593261764 2.10812062685213 15.25
3758 15323.7491562314 15323.7491562314 0.636093593261764 2.10812062685213 15.25
3759 15325.4467750844 15325.4467750844 0.636093593261764 2.10812062685213 15.25
3760 15327.144482156 15327.144482156 0.636093593261764 2.10812062685213 15.25
3761 15328.8422774168 15328.8422774168 0.636093593261764 2.10812062685213 15.25
3762 15330.5401608375 15330.5401608375 0.636093593261764 2.10812062685213 15.25
3763 15332.2381323889 15332.2381323889 0.636093593261764 2.10812062685213 15.25
3764 15333.9361920417 15333.9361920417 0.636093593261764 2.10812062685213 15.25
3765 15335.6343398231 15335.6343398231 0.636093593261764 2.10812062685213 15.25
3766 15337.3325756491 15337.3325756491 0.636093593261764 2.10812062685213 15.25
3767 15339.0308994887 15339.0308994887 0.636093593261764 2.10812062685213 15.25
3768 15340.7293113127 15340.7293113127 0.636093593261764 2.10812062685213 15.25
3769 15342.4278110918 15342.4278110918 0.636093593261764 2.10812062685213 15.25
3770 15344.1263987969 15344.1263987969 0.636093593261764 2.10812062685213 15.25
3771 15345.8250743987 15345.8250743987 0.636093593261764 2.10812062685213 15.25
3772 15347.523837868 15347.523837868 0.636093593261764 2.10812062685213 15.25
3773 15349.2226891752 15349.2226891752 0.636093593261764 2.10812062685213 15.25
3774 15350.9216282927 15350.9216282927 0.636093593261764 2.10812062685213 15.25
3775 15352.6206551903 15352.6206551903 0.636093593261764 2.10812062685213 15.25
3776 15354.3197698925 15354.3197698925 0.636093593261764 2.10812062685213 15.25
3777 15356.0189723205 15356.0189723205 0.636093593261764 2.10812062685213 15.25
3778 15357.7182624412 15357.7182624412 0.636093593261764 2.10812062685213 15.25
3779 15359.4176402254 15359.4176402254 0.636093593261764 2.10812062685213 15.25
3780 15361.1171056441 15361.1171056441 0.636093593261764 2.10812062685213 15.25
3781 15362.8166586676 15362.8166586676 0.636093593261764 2.10812062685213 15.25
3782 15364.5162992692 15364.5162992692 0.636093593261764 2.10812062685213 15.25
3783 15366.2160274163 15366.2160274163 0.636093593261764 2.10812062685213 15.25
3784 15367.9158430821 15367.9158430821 0.636093593261764 2.10812062685213 15.25
3785 15369.6157462371 15369.6157462371 0.636093593261764 2.10812062685213 15.25
3786 15371.3157368522 15371.3157368522 0.636093593261764 2.10812062685213 15.25
3787 15373.0158149515 15373.0158149515 0.636093593261764 2.10812062685213 15.25
3788 15374.7159804582 15374.7159804582 0.636093593261764 2.10812062685213 15.25
3789 15376.416233338 15376.416233338 0.636093593261764 2.10812062685213 15.25
3790 15378.1165735619 15378.1165735619 0.636093593261764 2.10812062685213 15.25
3791 15379.8170011009 15379.8170011009 0.636093593261764 2.10812062685213 15.25
3792 15381.5175159262 15381.5175159262 0.636093593261764 2.10812062685213 15.25
3793 15383.2181180087 15383.2181180087 0.636093593261764 2.10812062685213 15.25
3794 15384.9188073195 15384.9188073195 0.636093593261764 2.10812062685213 15.25
3795 15386.6195838297 15386.6195838297 0.636093593261764 2.10812062685213 15.25
3796 15388.3204475098 15388.3204475098 0.636093593261764 2.10812062685213 15.25
3797 15390.0213983326 15390.0213983326 0.636093593261764 2.10812062685213 15.25
3798 15391.7224363188 15391.7224363188 0.636093593261764 2.10812062685213 15.25
3799 15393.4235613953 15393.4235613953 0.636093593261764 2.10812062685213 15.25
3800 15395.1247735278 15395.1247735278 0.636093593261764 2.10812062685213 15.25
3801 15396.8260726859 15396.8260726859 0.636093593261764 2.10812062685213 15.25
3802 15398.5274588411 15398.5274588411 0.636093593261764 2.10812062685213 15.25
3803 15400.2289319648 15400.2289319648 0.636093593261764 2.10812062685213 15.25
3804 15401.930492028 15401.930492028 0.636093593261764 2.10812062685213 15.25
3805 15403.6321390019 15403.6321390019 0.636093593261764 2.10812062685213 15.25
3806 15405.3338728578 15405.3338728578 0.636093593261764 2.10812062685213 15.25
3807 15407.0356935668 15407.0356935668 0.636093593261764 2.10812062685213 15.25
3808 15408.7376011002 15408.7376011002 0.636093593261764 2.10812062685213 15.25
3809 15410.4395954782 15410.4395954782 0.636093593261764 2.10812062685213 15.25
3810 15412.1416766325 15412.1416766325 0.636093593261764 2.10812062685213 15.25
3811 15413.8438445248 15413.8438445248 0.636093593261764 2.10812062685213 15.25
3812 15415.5460991265 15415.5460991265 0.636093593261764 2.10812062685213 15.25
3813 15417.2484404088 15417.2484404088 0.636093593261764 2.10812062685213 15.25
3814 15418.9508683431 15418.9508683431 0.636093593261764 2.10812062685213 15.25
3815 15420.6533829 15420.6533829 0.636093593261764 2.10812062685213 15.25
3816 15422.3559840526 15422.3559840526 0.636093593261764 2.10812062685213 15.25
3817 15424.0586717705 15424.0586717705 0.636093593261764 2.10812062685213 15.25
3818 15425.7614460256 15425.7614460256 0.636093593261764 2.10812062685213 15.25
3819 15427.4643067893 15427.4643067893 0.636093593261764 2.10812062685213 15.25
3820 15429.1672540801 15429.1672540801 0.636093593261764 2.10812062685213 15.25
3821 15430.8702878333 15430.8702878333 0.636093593261764 2.10812062685213 15.25
3822 15432.5734080091 15432.5734080091 0.636093593261764 2.10812062685213 15.25
3823 15434.276614579 15434.276614579 0.636093593261764 2.10812062685213 15.25
3824 15435.9799075143 15435.9799075143 0.636093593261764 2.10812062685213 15.25
3825 15437.6832867864 15437.6832867864 0.636093593261764 2.10812062685213 15.25
3826 15439.3867523668 15439.3867523668 0.636093593261764 2.10812062685213 15.25
3827 15441.0903042268 15441.0903042268 0.636093593261764 2.10812062685213 15.25
3828 15442.793942338 15442.793942338 0.636093593261764 2.10812062685213 15.25
3829 15444.4976666724 15444.4976666724 0.636093593261764 2.10812062685213 15.25
3830 15446.2014771997 15446.2014771997 0.636093593261764 2.10812062685213 15.25
3831 15447.9053739386 15447.9053739386 0.636093593261764 2.10812062685213 15.25
3832 15449.6093568275 15449.6093568275 0.636093593261764 2.10812062685213 15.25
3833 15451.3134258249 15451.3134258249 0.636093593261764 2.10812062685213 15.25
3834 15453.0175809023 15453.0175809023 0.636093593261764 2.10812062685213 15.25
3835 15454.7218220313 15454.7218220313 0.636093593261764 2.10812062685213 15.25
3836 15456.4261491834 15456.4261491834 0.636093593261764 2.10812062685213 15.25
3837 15458.1305623301 15458.1305623301 0.636093593261764 2.10812062685213 15.25
3838 15459.835061443 15459.835061443 0.636093593261764 2.10812062685213 15.25
3839 15461.5396464936 15461.5396464936 0.636093593261764 2.10812062685213 15.25
3840 15463.2443174536 15463.2443174536 0.636093593261764 2.10812062685213 15.25
3841 15464.9490742946 15464.9490742946 0.636093593261764 2.10812062685213 15.25
3842 15466.6539170319 15466.6539170319 0.636093593261764 2.10812062685213 15.25
3843 15468.358845608 15468.358845608 0.636093593261764 2.10812062685213 15.25
3844 15470.0638599798 15470.0638599798 0.636093593261764 2.10812062685213 15.25
3845 15471.768960119 15471.768960119 0.636093593261764 2.10812062685213 15.25
3846 15473.4741459973 15473.4741459973 0.636093593261764 2.10812062685213 15.25
3847 15475.1794175863 15475.1794175863 0.636093593261764 2.10812062685213 15.25
3848 15476.8847748576 15476.8847748576 0.636093593261764 2.10812062685213 15.25
3849 15478.590217783 15478.590217783 0.636093593261764 2.10812062685213 15.25
3850 15480.2957463341 15480.2957463341 0.636093593261764 2.10812062685213 15.25
3851 15482.0013604826 15482.0013604826 0.636093593261764 2.10812062685213 15.25
3852 15483.7070602003 15483.7070602003 0.636093593261764 2.10812062685213 15.25
3853 15485.4128455009 15485.4128455009 0.636093593261764 2.10812062685213 15.25
3854 15487.1187163305 15487.1187163305 0.636093593261764 2.10812062685213 15.25
3855 15488.8246726445 15488.8246726445 0.636093593261764 2.10812062685213 15.25
3856 15490.5307144146 15490.5307144146 0.636093593261764 2.10812062685213 15.25
3857 15492.2368416125 15492.2368416125 0.636093593261764 2.10812062685213 15.25
3858 15493.9430542106 15493.9430542106 0.636093593261764 2.10812062685213 15.25
3859 15495.649352179 15495.649352179 0.636093593261764 2.10812062685213 15.25
3860 15497.3557354912 15497.3557354912 0.636093593261764 2.10812062685213 15.25
3861 15499.0622041185 15499.0622041185 0.636093593261764 2.10812062685213 15.25
3862 15500.7687580326 15500.7687580326 0.636093593261764 2.10812062685213 15.25
3863 15502.4753972054 15502.4753972054 0.636093593261764 2.10812062685213 15.25
3864 15504.1821216491 15504.1821216491 0.636093593261764 2.10812062685213 15.25
3865 15505.8889313133 15505.8889313133 0.636093593261764 2.10812062685213 15.25
3866 15507.5958261518 15507.5958261518 0.636093593261764 2.10812062685213 15.25
3867 15509.3028061364 15509.3028061364 0.636093593261764 2.10812062685213 15.25
3868 15511.009871239 15511.009871239 0.636093593261764 2.10812062685213 15.25
3869 15512.7170214316 15512.7170214316 0.636093593261764 2.10812062685213 15.25
3870 15514.4242566859 15514.4242566859 0.636093593261764 2.10812062685213 15.25
3871 15516.131576974 15516.131576974 0.636093593261764 2.10812062685213 15.25
3872 15517.8389822678 15517.8389822678 0.636093593261764 2.10812062685213 15.25
3873 15519.5464725392 15519.5464725392 0.636093593261764 2.10812062685213 15.25
3874 15521.2540477601 15521.2540477601 0.636093593261764 2.10812062685213 15.25
3875 15522.9617079407 15522.9617079407 0.636093593261764 2.10812062685213 15.25
3876 15524.6694530352 15524.6694530352 0.636093593261764 2.10812062685213 15.25
3877 15526.3772829953 15526.3772829953 0.636093593261764 2.10812062685213 15.25
3878 15528.0851977928 15528.0851977928 0.636093593261764 2.10812062685213 15.25
3879 15529.7931973999 15529.7931973999 0.636093593261764 2.10812062685213 15.25
3880 15531.5012817878 15531.5012817878 0.636093593261764 2.10812062685213 15.25
3881 15533.2094509305 15533.2094509305 0.636093593261764 2.10812062685213 15.25
3882 15534.9177047982 15534.9177047982 0.636093593261764 2.10812062685213 15.25
3883 15536.6260433635 15536.6260433635 0.636093593261764 2.10812062685213 15.25
3884 15538.3344665985 15538.3344665985 0.636093593261764 2.10812062685213 15.25
3885 15540.0429744752 15540.0429744752 0.636093593261764 2.10812062685213 15.25
3886 15541.7515670022 15541.7515670022 0.636093593261764 2.10812062685213 15.25
3887 15543.4602441374 15543.4602441374 0.636093593261764 2.10812062685213 15.25
3888 15545.1690058306 15545.1690058306 0.636093593261764 2.10812062685213 15.25
3889 15546.8778520546 15546.8778520546 0.636093593261764 2.10812062685213 15.25
3890 15548.5867827797 15548.5867827797 0.636093593261764 2.10812062685213 15.25
3891 15550.2957979798 15550.2957979798 0.636093593261764 2.10812062685213 15.25
3892 15552.0048976265 15552.0048976265 0.636093593261764 2.10812062685213 15.25
3893 15553.714081692 15553.714081692 0.636093593261764 2.10812062685213 15.25
3894 15555.4233501484 15555.4233501484 0.636093593261764 2.10812062685213 15.25
3895 15557.1327029678 15557.1327029678 0.636093593261764 2.10812062685213 15.25
3896 15558.8421401226 15558.8421401226 0.636093593261764 2.10812062685213 15.25
3897 15560.5516616194 15560.5516616194 0.636093593261764 2.10812062685213 15.25
3898 15562.26126742 15562.26126742 0.636093593261764 2.10812062685213 15.25
3899 15563.9709574726 15563.9709574726 0.636093593261764 2.10812062685213 15.25
3900 15565.6807317493 15565.6807317493 0.636093593261764 2.10812062685213 15.25
3901 15567.3905902224 15567.3905902224 0.636093593261764 2.10812062685213 15.25
3902 15569.1005328642 15569.1005328642 0.636093593261764 2.10812062685213 15.25
3903 15570.810559647 15570.810559647 0.636093593261764 2.10812062685213 15.25
3904 15572.5206705435 15572.5206705435 0.636093593261764 2.10812062685213 15.25
3905 15574.2308655244 15574.2308655244 0.636093593261764 2.10812062685213 15.25
3906 15575.9411445637 15575.9411445637 0.636093593261764 2.10812062685213 15.25
3907 15577.6515076331 15577.6515076331 0.636093593261764 2.10812062685213 15.25
3908 15579.3619547378 15579.3619547378 0.636093593261764 2.10812062685213 15.25
3909 15581.0724858431 15581.0724858431 0.636093593261764 2.10812062685213 15.25
3910 15582.7831008956 15582.7831008956 0.636093593261764 2.10812062685213 15.25
3911 15584.4937998675 15584.4937998675 0.636093593261764 2.10812062685213 15.25
3912 15586.2045827312 15586.2045827312 0.636093593261764 2.10812062685213 15.25
3913 15587.9154494592 15587.9154494592 0.636093593261764 2.10812062685213 15.25
3914 15589.6264000238 15589.6264000238 0.636093593261764 2.10812062685213 15.25
3915 15591.3374343974 15591.3374343974 0.636093593261764 2.10812062685213 15.25
3916 15593.0485525524 15593.0485525524 0.636093593261764 2.10812062685213 15.25
3917 15594.7597544613 15594.7597544613 0.636093593261764 2.10812062685213 15.25
3918 15596.4710400964 15596.4710400964 0.636093593261764 2.10812062685213 15.25
3919 15598.1824094613 15598.1824094613 0.636093593261764 2.10812062685213 15.25
3920 15599.893862525 15599.893862525 0.636093593261764 2.10812062685213 15.25
3921 15601.6053992323 15601.6053992323 0.636093593261764 2.10812062685213 15.25
3922 15603.3170195557 15603.3170195557 0.636093593261764 2.10812062685213 15.25
3923 15605.0287234676 15605.0287234676 0.636093593261764 2.10812062685213 15.25
3924 15606.7405109407 15606.7405109407 0.636093593261764 2.10812062685213 15.25
3925 15608.4523819467 15608.4523819467 0.636093593261764 2.10812062685213 15.25
3926 15610.16433646 15610.16433646 0.636093593261764 2.10812062685213 15.25
3927 15611.8763744513 15611.8763744513 0.636093593261764 2.10812062685213 15.25
3928 15613.5884958938 15613.5884958938 0.636093593261764 2.10812062685213 15.25
3929 15615.30070076 15615.30070076 0.636093593261764 2.10812062685213 15.25
3930 15617.0129890513 15617.0129890513 0.636093593261764 2.10812062685213 15.25
3931 15618.7253607413 15618.7253607413 0.636093593261764 2.10812062685213 15.25
3932 15620.4378157733 15620.4378157733 0.636093593261764 2.10812062685213 15.25
3933 15622.1503541182 15622.1503541182 0.636093593261764 2.10812062685213 15.25
3934 15623.8629757503 15623.8629757503 0.636093593261764 2.10812062685213 15.25
3935 15625.5756806416 15625.5756806416 0.636093593261764 2.10812062685213 15.25
3936 15627.2884687647 15627.2884687647 0.636093593261764 2.10812062685213 15.25
3937 15629.0013400929 15629.0013400929 0.636093593261764 2.10812062685213 15.25
3938 15630.714294597 15630.714294597 0.636093593261764 2.10812062685213 15.25
3939 15632.4273322515 15632.4273322515 0.636093593261764 2.10812062685213 15.25
3940 15634.1404530285 15634.1404530285 0.636093593261764 2.10812062685213 15.25
3941 15635.8536569276 15635.8536569276 0.636093593261764 2.10812062685213 15.25
3942 15637.5669439262 15637.5669439262 0.636093593261764 2.10812062685213 15.25
3943 15639.2803139654 15639.2803139654 0.636093593261764 2.10812062685213 15.25
3944 15640.9937670177 15640.9937670177 0.636093593261764 2.10812062685213 15.25
3945 15642.707303056 15642.707303056 0.636093593261764 2.10812062685213 15.25
3946 15644.420922053 15644.420922053 0.636093593261764 2.10812062685213 15.25
3947 15646.1346239813 15646.1346239813 0.636093593261764 2.10812062685213 15.25
3948 15647.8484088139 15647.8484088139 0.636093593261764 2.10812062685213 15.25
3949 15649.5622765233 15649.5622765233 0.636093593261764 2.10812062685213 15.25
3950 15651.2762270824 15651.2762270824 0.636093593261764 2.10812062685213 15.25
3951 15652.9902604645 15652.9902604645 0.636093593261764 2.10812062685213 15.25
3952 15654.704376666 15654.704376666 0.636093593261764 2.10812062685213 15.25
3953 15656.4185756697 15656.4185756697 0.636093593261764 2.10812062685213 15.25
3954 15658.1328574143 15658.1328574143 0.636093593261764 2.10812062685213 15.25
3955 15659.8472218726 15659.8472218726 0.636093593261764 2.10812062685213 15.25
3956 15661.5616690174 15661.5616690174 0.636093593261764 2.10812062685213 15.25
3957 15663.2761988216 15663.2761988216 0.636093593261764 2.10812062685213 15.25
3958 15664.9908112581 15664.9908112581 0.636093593261764 2.10812062685213 15.25
3959 15666.7055062997 15666.7055062997 0.636093593261764 2.10812062685213 15.25
3960 15668.4202839198 15668.4202839198 0.636093593261764 2.10812062685213 15.25
3961 15670.1351440897 15670.1351440897 0.636093593261764 2.10812062685213 15.25
3962 15671.8500867839 15671.8500867839 0.636093593261764 2.10812062685213 15.25
3963 15673.5651119983 15673.5651119983 0.636093593261764 2.10812062685213 15.25
3964 15675.2802197176 15675.2802197176 0.636093593261764 2.10812062685213 15.25
3965 15676.9954098795 15676.9954098795 0.636093593261764 2.10812062685213 15.25
3966 15678.7106824568 15678.7106824568 0.636093593261764 2.10812062685213 15.25
3967 15680.4260374226 15680.4260374226 0.636093593261764 2.10812062685213 15.25
3968 15682.1414747504 15682.1414747504 0.636093593261764 2.10812062685213 15.25
3969 15683.8569944119 15683.8569944119 0.636093593261764 2.10812062685213 15.25
3970 15685.5725963796 15685.5725963796 0.636093593261764 2.10812062685213 15.25
3971 15687.2882806289 15687.2882806289 0.636093593261764 2.10812062685213 15.25
3972 15689.004047132 15689.004047132 0.636093593261764 2.10812062685213 15.25
3973 15690.719895861 15690.719895861 0.636093593261764 2.10812062685213 15.25
3974 15692.4358268105 15692.4358268105 0.636093593261764 2.10812062685213 15.25
3975 15694.1518399707 15694.1518399707 0.636093593261764 2.10812062685213 15.25
3976 15695.8679352752 15695.8679352752 0.636093593261764 2.10812062685213 15.25
3977 15697.5841126994 15697.5841126994 0.636093593261764 2.10812062685213 15.25
3978 15699.300372214 15699.300372214 0.636093593261764 2.10812062685213 15.25
3979 15701.0167137945 15701.0167137945 0.636093593261764 2.10812062685213 15.25
3980 15702.7331374116 15702.7331374116 0.636093593261764 2.10812062685213 15.25
3981 15704.4496430407 15704.4496430407 0.636093593261764 2.10812062685213 15.25
3982 15706.1662306525 15706.1662306525 0.636093593261764 2.10812062685213 15.25
3983 15707.8829002227 15707.8829002227 0.636093593261764 2.10812062685213 15.25
3984 15709.5996517219 15709.5996517219 0.636093593261764 2.10812062685213 15.25
3985 15711.3164851457 15711.3164851457 0.636093593261764 2.10812062685213 15.25
3986 15713.0334004842 15713.0334004842 0.636093593261764 2.10812062685213 15.25
3987 15714.7503976724 15714.7503976724 0.636093593261764 2.10812062685213 15.25
3988 15716.4674766829 15716.4674766829 0.636093593261764 2.10812062685213 15.25
3989 15718.18463749 15718.18463749 0.636093593261764 2.10812062685213 15.25
3990 15719.9018800664 15719.9018800664 0.636093593261764 2.10812062685213 15.25
3991 15721.6192043851 15721.6192043851 0.636093593261764 2.10812062685213 15.25
3992 15723.3366104195 15723.3366104195 0.636093593261764 2.10812062685213 15.25
3993 15725.0540981428 15725.0540981428 0.636093593261764 2.10812062685213 15.25
3994 15726.7716675281 15726.7716675281 0.636093593261764 2.10812062685213 15.25
3995 15728.4893185488 15728.4893185488 0.636093593261764 2.10812062685213 15.25
3996 15730.2070511958 15730.2070511958 0.636093593261764 2.10812062685213 15.25
3997 15731.9248654659 15731.9248654659 0.636093593261764 2.10812062685213 15.25
3998 15733.6427612911 15733.6427612911 0.636093593261764 2.10812062685213 15.25
3999 15735.3607386448 15735.3607386448 0.636093593261764 2.10812062685213 15.25
4000 15737.0787975002 15737.0787975002 0.636093593261764 2.10812062685213 15.25
4001 15738.7969378306 15738.7969378306 0.636093593261764 2.10812062685213 15.25
4002 15740.5151596094 15740.5151596094 0.636093593261764 2.10812062685213 15.25
4003 15742.2334628098 15742.2334628098 0.636093593261764 2.10812062685213 15.25
4004 15743.9518474053 15743.9518474053 0.636093593261764 2.10812062685213 15.25
4005 15745.6703133697 15745.6703133697 0.636093593261764 2.10812062685213 15.25
4006 15747.3888606747 15747.3888606747 0.636093593261764 2.10812062685213 15.25
4007 15749.1074893113 15749.1074893113 0.636093593261764 2.10812062685213 15.25
4008 15750.8261992794 15750.8261992794 0.636093593261764 2.10812062685213 15.25
4009 15752.5449905093 15752.5449905093 0.636093593261764 2.10812062685213 15.25
4010 15754.2638629746 15754.2638629746 0.636093593261764 2.10812062685213 15.25
4011 15755.9828166485 15755.9828166485 0.636093593261764 2.10812062685213 15.25
4012 15757.7018515045 15757.7018515045 0.636093593261764 2.10812062685213 15.25
4013 15759.4209675161 15759.4209675161 0.636093593261764 2.10812062685213 15.25
4014 15761.1401646566 15761.1401646566 0.636093593261764 2.10812062685213 15.25
4015 15762.8594428996 15762.8594428996 0.636093593261764 2.10812062685213 15.25
4016 15764.5788022184 15764.5788022184 0.636093593261764 2.10812062685213 15.25
4017 15766.2982425861 15766.2982425861 0.636093593261764 2.10812062685213 15.25
4018 15768.0177639919 15768.0177639919 0.636093593261764 2.10812062685213 15.25
4019 15769.7373664383 15769.7373664383 0.636093593261764 2.10812062685213 15.25
4020 15771.4570498545 15771.4570498545 0.636093593261764 2.10812062685213 15.25
4021 15773.1768142141 15773.1768142141 0.636093593261764 2.10812062685213 15.25
4022 15774.8966594906 15774.8966594906 0.636093593261764 2.10812062685213 15.25
4023 15776.6165856575 15776.6165856575 0.636093593261764 2.10812062685213 15.25
4024 15778.3365926884 15778.3365926884 0.636093593261764 2.10812062685213 15.25
4025 15780.0566805568 15780.0566805568 0.636093593261764 2.10812062685213 15.25
4026 15781.7768492363 15781.7768492363 0.636093593261764 2.10812062685213 15.25
4027 15783.4970987005 15783.4970987005 0.636093593261764 2.10812062685213 15.25
4028 15785.2174289229 15785.2174289229 0.636093593261764 2.10812062685213 15.25
4029 15786.9378398896 15786.9378398896 0.636093593261764 2.10812062685213 15.25
4030 15788.6583316089 15788.6583316089 0.636093593261764 2.10812062685213 15.25
4031 15790.3789040061 15790.3789040061 0.636093593261764 2.10812062685213 15.25
4032 15792.0995570566 15792.0995570566 0.636093593261764 2.10812062685213 15.25
4033 15793.8202907335 15793.8202907335 0.636093593261764 2.10812062685213 15.25
4034 15795.5411050104 15795.5411050104 0.636093593261764 2.10812062685213 15.25
4035 15797.2619998608 15797.2619998608 0.636093593261764 2.10812062685213 15.25
4036 15798.9829752587 15798.9829752587 0.636093593261764 2.10812062685213 15.25
4037 15800.7040311775 15800.7040311775 0.636093593261764 2.10812062685213 15.25
4038 15802.4251675904 15802.4251675904 0.636093593261764 2.10812062685213 15.25
4039 15804.1463844728 15804.1463844728 0.636093593261764 2.10812062685213 15.25
4040 15805.8676818068 15805.8676818068 0.636093593261764 2.10812062685213 15.25
4041 15807.5890596056 15807.5890596056 0.636093593261764 2.10812062685213 15.25
4042 15809.310517794 15809.310517794 0.636093593261764 2.10812062685213 15.25
4043 15811.0320563456 15811.0320563456 0.636093593261764 2.10812062685213 15.25
4044 15812.7536752349 15812.7536752349 0.636093593261764 2.10812062685213 15.25
4045 15814.4753744338 15814.4753744338 0.636093593261764 2.10812062685213 15.25
4046 15816.1971539178 15816.1971539178 0.636093593261764 2.10812062685213 15.25
4047 15817.9190136596 15817.9190136596 0.636093593261764 2.10812062685213 15.25
4048 15819.6409536347 15819.6409536347 0.636093593261764 2.10812062685213 15.25
4049 15821.3629738152 15821.3629738152 0.636093593261764 2.10812062685213 15.25
4050 15823.0850741754 15823.0850741754 0.636093593261764 2.10812062685213 15.25
4051 15824.8072546974 15824.8072546974 0.636093593261764 2.10812062685213 15.25
4052 15826.5295153977 15826.5295153977 0.636093593261764 2.10812062685213 15.25
4053 15828.2518561992 15828.2518561992 0.636093593261764 2.10812062685213 15.25
4054 15829.9742770758 15829.9742770758 0.636093593261764 2.10812062685213 15.25
4055 15831.6967780013 15831.6967780013 0.636093593261764 2.10812062685213 15.25
4056 15833.4193589497 15833.4193589497 0.636093593261764 2.10812062685213 15.25
4057 15835.1420198949 15835.1420198949 0.636093593261764 2.10812062685213 15.25
4058 15836.8647608106 15836.8647608106 0.636093593261764 2.10812062685213 15.25
4059 15838.5875816708 15838.5875816708 0.636093593261764 2.10812062685213 15.25
4060 15840.3104824495 15840.3104824495 0.636093593261764 2.10812062685213 15.25
4061 15842.0334631205 15842.0334631205 0.636093593261764 2.10812062685213 15.25
4062 15843.7565236643 15843.7565236643 0.636093593261764 2.10812062685213 15.25
4063 15845.4796641009 15845.4796641009 0.636093593261764 2.10812062685213 15.25
4064 15847.2028843517 15847.2028843517 0.636093593261764 2.10812062685213 15.25
4065 15848.9261843907 15848.9261843907 0.636093593261764 2.10812062685213 15.25
4066 15850.6495641918 15850.6495641918 0.636093593261764 2.10812062685213 15.25
4067 15852.3730237289 15852.3730237289 0.636093593261764 2.10812062685213 15.25
4068 15854.0965629756 15854.0965629756 0.636093593261764 2.10812062685213 15.25
4069 15855.8201819076 15855.8201819076 0.636093593261764 2.10812062685213 15.25
4070 15857.5438804971 15857.5438804971 0.636093593261764 2.10812062685213 15.25
4071 15859.2676587193 15859.2676587193 0.636093593261764 2.10812062685213 15.25
4072 15860.9915165465 15860.9915165465 0.636093593261764 2.10812062685213 15.25
4073 15862.7154539593 15862.7154539593 0.636093593261764 2.10812062685213 15.25
4074 15864.4394709807 15864.4394709807 0.636093593261764 2.10812062685213 15.25
4075 15866.1635675311 15866.1635675311 0.636093593261764 2.10812062685213 15.25
4076 15867.8877435827 15867.8877435827 0.636093593261764 2.10812062685213 15.25
4077 15869.6119991114 15869.6119991114 0.636093593261764 2.10812062685213 15.25
4078 15871.3363340906 15871.3363340906 0.636093593261764 2.10812062685213 15.25
4079 15873.0607484946 15873.0607484946 0.636093593261764 2.10812062685213 15.25
4080 15874.7852422974 15874.7852422974 0.636093593261764 2.10812062685213 15.25
4081 15876.5098154732 15876.5098154732 0.636093593261764 2.10812062685213 15.25
4082 15878.234467996 15878.234467996 0.636093593261764 2.10812062685213 15.25
4083 15879.95919984 15879.95919984 0.636093593261764 2.10812062685213 15.25
4084 15881.6840109818 15881.6840109818 0.636093593261764 2.10812062685213 15.25
4085 15883.4089014499 15883.4089014499 0.636093593261764 2.10812062685213 15.25
4086 15885.1338711617 15885.1338711617 0.636093593261764 2.10812062685213 15.25
4087 15886.8589200915 15886.8589200915 0.636093593261764 2.10812062685213 15.25
4088 15888.5840482133 15888.5840482133 0.636093593261764 2.10812062685213 15.25
4089 15890.3092555015 15890.3092555015 0.636093593261764 2.10812062685213 15.25
4090 15892.0345419307 15892.0345419307 0.636093593261764 2.10812062685213 15.25
4091 15893.7599074735 15893.7599074735 0.636093593261764 2.10812062685213 15.25
4092 15895.4853521059 15895.4853521059 0.636093593261764 2.10812062685213 15.25
4093 15897.2108758015 15897.2108758015 0.636093593261764 2.10812062685213 15.25
4094 15898.9364785352 15898.9364785352 0.636093593261764 2.10812062685213 15.25
4095 15900.6621602801 15900.6621602801 0.636093593261764 2.10812062685213 15.25
4096 15902.3879210701 15902.3879210701 0.636093593261764 2.10812062685213 15.25
4097 15904.1137608205 15904.1137608205 0.636093593261764 2.10812062685213 15.25
4098 15905.8396795055 15905.8396795055 0.636093593261764 2.10812062685213 15.25
4099 15907.5656770994 15907.5656770994 0.636093593261764 2.10812062685213 15.25
4100 15909.2917535771 15909.2917535771 0.636093593261764 2.10812062685213 15.25
4101 15911.0179089112 15911.0179089112 0.636093593261764 2.10812062685213 15.25
4102 15912.7441430777 15912.7441430777 0.636093593261764 2.10812062685213 15.25
4103 15914.4704560505 15914.4704560505 0.636093593261764 2.10812062685213 15.25
4104 15916.1968478039 15916.1968478039 0.636093593261764 2.10812062685213 15.25
4105 15917.9233183122 15917.9233183122 0.636093593261764 2.10812062685213 15.25
4106 15919.6498675499 15919.6498675499 0.636093593261764 2.10812062685213 15.25
4107 15921.3764955493 15921.3764955493 0.636093593261764 2.10812062685213 15.25
4108 15923.103202228 15923.103202228 0.636093593261764 2.10812062685213 15.25
4109 15924.8299875592 15924.8299875592 0.636093593261764 2.10812062685213 15.25
4110 15926.5568515168 15926.5568515168 0.636093593261764 2.10812062685213 15.25
4111 15928.2837940769 15928.2837940769 0.636093593261764 2.10812062685213 15.25
4112 15930.0108152122 15930.0108152122 0.636093593261764 2.10812062685213 15.25
4113 15931.7379148977 15931.7379148977 0.636093593261764 2.10812062685213 15.25
4114 15933.4650931079 15933.4650931079 0.636093593261764 2.10812062685213 15.25
4115 15935.1923498167 15935.1923498167 0.636093593261764 2.10812062685213 15.25
4116 15936.9196850003 15936.9196850003 0.636093593261764 2.10812062685213 15.25
4117 15938.6470986314 15938.6470986314 0.636093593261764 2.10812062685213 15.25
4118 15940.3745907414 15940.3745907414 0.636093593261764 2.10812062685213 15.25
4119 15942.1021612515 15942.1021612515 0.636093593261764 2.10812062685213 15.25
4120 15943.8298101338 15943.8298101338 0.636093593261764 2.10812062685213 15.25
4121 15945.557537361 15945.557537361 0.636093593261764 2.10812062685213 15.25
4122 15947.2853429096 15947.2853429096 0.636093593261764 2.10812062685213 15.25
4123 15949.0132267528 15949.0132267528 0.636093593261764 2.10812062685213 15.25
4124 15950.7411888669 15950.7411888669 0.636093593261764 2.10812062685213 15.25
4125 15952.4692292248 15952.4692292248 0.636093593261764 2.10812062685213 15.25
4126 15954.1973478016 15954.1973478016 0.636093593261764 2.10812062685213 15.25
4127 15955.9255445719 15955.9255445719 0.636093593261764 2.10812062685213 15.25
4128 15957.6538195103 15957.6538195103 0.636093593261764 2.10812062685213 15.25
4129 15959.382172646 15959.382172646 0.636093593261764 2.10812062685213 15.25
4130 15961.1106039037 15961.1106039037 0.636093593261764 2.10812062685213 15.25
4131 15962.8391132533 15962.8391132533 0.636093593261764 2.10812062685213 15.25
4132 15964.5677006695 15964.5677006695 0.636093593261764 2.10812062685213 15.25
4133 15966.2963661269 15966.2963661269 0.636093593261764 2.10812062685213 15.25
4134 15968.0251096002 15968.0251096002 0.636093593261764 2.10812062685213 15.25
4135 15969.753931064 15969.753931064 0.636093593261764 2.10812062685213 15.25
4136 15971.482830493 15971.482830493 0.636093593261764 2.10812062685213 15.25
4137 15973.2118078612 15973.2118078612 0.636093593261764 2.10812062685213 15.25
4138 15974.9408631453 15974.9408631453 0.636093593261764 2.10812062685213 15.25
4139 15976.669996318 15976.669996318 0.636093593261764 2.10812062685213 15.25
4140 15978.3992074068 15978.3992074068 0.636093593261764 2.10812062685213 15.25
4141 15980.1284963415 15980.1284963415 0.636093593261764 2.10812062685213 15.25
4142 15981.8578630903 15981.8578630903 0.636093593261764 2.10812062685213 15.25
4143 15983.587307626 15983.587307626 0.636093593261764 2.10812062685213 15.25
4144 15985.3168299252 15985.3168299252 0.636093593261764 2.10812062685213 15.25
4145 15987.0464299621 15987.0464299621 0.636093593261764 2.10812062685213 15.25
4146 15988.7761077115 15988.7761077115 0.636093593261764 2.10812062685213 15.25
4147 15990.5058631481 15990.5058631481 0.636093593261764 2.10812062685213 15.25
4148 15992.2356962467 15992.2356962467 0.636093593261764 2.10812062685213 15.25
4149 15993.9656069821 15993.9656069821 0.636093593261764 2.10812062685213 15.25
4150 15995.6955953286 15995.6955953286 0.636093593261764 2.10812062685213 15.25
4151 15997.4256613132 15997.4256613132 0.636093593261764 2.10812062685213 15.25
4152 15999.1558048673 15999.1558048673 0.636093593261764 2.10812062685213 15.25
4153 16000.8860259576 16000.8860259576 0.636093593261764 2.10812062685213 15.25
4154 16002.6163245588 16002.6163245588 0.636093593261764 2.10812062685213 15.25
4155 16004.3467006453 16004.3467006453 0.636093593261764 2.10812062685213 15.25
4156 16006.0771541936 16006.0771541936 0.636093593261764 2.10812062685213 15.25
4157 16007.807685177 16007.807685177 0.636093593261764 2.10812062685213 15.25
4158 16009.5382935707 16009.5382935707 0.636093593261764 2.10812062685213 15.25
4159 16011.2689793498 16011.2689793498 0.636093593261764 2.10812062685213 15.25
4160 16012.9997424892 16012.9997424892 0.636093593261764 2.10812062685213 15.25
4161 16014.7305829638 16014.7305829638 0.636093593261764 2.10812062685213 15.25
4162 16016.4615007971 16016.4615007971 0.636093593261764 2.10812062685213 15.25
4163 16018.1924959262 16018.1924959262 0.636093593261764 2.10812062685213 15.25
4164 16019.9235683152 16019.9235683152 0.636093593261764 2.10812062685213 15.25
4165 16021.6547179392 16021.6547179392 0.636093593261764 2.10812062685213 15.25
4166 16023.3859447731 16023.3859447731 0.636093593261764 2.10812062685213 15.25
4167 16025.1172487919 16025.1172487919 0.636093593261764 2.10812062685213 15.25
4168 16026.8486299705 16026.8486299705 0.636093593261764 2.10812062685213 15.25
4169 16028.580088284 16028.580088284 0.636093593261764 2.10812062685213 15.25
4170 16030.3116237067 16030.3116237067 0.636093593261764 2.10812062685213 15.25
4171 16032.0432362155 16032.0432362155 0.636093593261764 2.10812062685213 15.25
4172 16033.7749257836 16033.7749257836 0.636093593261764 2.10812062685213 15.25
4173 16035.506692433 16035.506692433 0.636093593261764 2.10812062685213 15.25
4174 16037.238536106 16037.238536106 0.636093593261764 2.10812062685213 15.25
4175 16038.9704567634 16038.9704567634 0.636093593261764 2.10812062685213 15.25
4176 16040.702454381 16040.702454381 0.636093593261764 2.10812062685213 15.25
4177 16042.4345289336 16042.4345289336 0.636093593261764 2.10812062685213 15.25
4178 16044.1666803965 16044.1666803965 0.636093593261764 2.10812062685213 15.25
4179 16045.8989087448 16045.8989087448 0.636093593261764 2.10812062685213 15.25
4180 16047.6312139534 16047.6312139534 0.636093593261764 2.10812062685213 15.25
4181 16049.3635959976 16049.3635959976 0.636093593261764 2.10812062685213 15.25
4182 16051.0960548525 16051.0960548525 0.636093593261764 2.10812062685213 15.25
4183 16052.8285904931 16052.8285904931 0.636093593261764 2.10812062685213 15.25
4184 16054.5612029393 16054.5612029393 0.636093593261764 2.10812062685213 15.25
4185 16056.2938921364 16056.2938921364 0.636093593261764 2.10812062685213 15.25
4186 16058.0266580447 16058.0266580447 0.636093593261764 2.10812062685213 15.25
4187 16059.7595006394 16059.7595006394 0.636093593261764 2.10812062685213 15.25
4188 16061.4924198956 16061.4924198956 0.636093593261764 2.10812062685213 15.25
4189 16063.2254157887 16063.2254157887 0.636093593261764 2.10812062685213 15.25
4190 16064.9584882937 16064.9584882937 0.636093593261764 2.10812062685213 15.25
4191 16066.6916373859 16066.6916373859 0.636093593261764 2.10812062685213 15.25
4192 16068.4248630404 16068.4248630404 0.636093593261764 2.10812062685213 15.25
4193 16070.1581652326 16070.1581652326 0.636093593261764 2.10812062685213 15.25
4194 16071.8915439376 16071.8915439376 0.636093593261764 2.10812062685213 15.25
4195 16073.6249991741 16073.6249991741 0.636093593261764 2.10812062685213 15.25
4196 16075.35853089 16075.35853089 0.636093593261764 2.10812062685213 15.25
4197 16077.0921390445 16077.0921390445 0.636093593261764 2.10812062685213 15.25
4198 16078.8258236117 16078.8258236117 0.636093593261764 2.10812062685213 15.25
4199 16080.5595845693 16080.5595845693 0.636093593261764 2.10812062685213 15.25
4200 16082.2934218913 16082.2934218913 0.636093593261764 2.10812062685213 15.25
4201 16084.027335553 16084.027335553 0.636093593261764 2.10812062685213 15.25
4202 16085.7613255299 16085.7613255299 0.636093593261764 2.10812062685213 15.25
4203 16087.4953917977 16087.4953917977 0.636093593261764 2.10812062685213 15.25
4204 16089.2295343306 16089.2295343306 0.636093593261764 2.10812062685213 15.25
4205 16090.9637531046 16090.9637531046 0.636093593261764 2.10812062685213 15.25
4206 16092.698048136 16092.698048136 0.636093593261764 2.10812062685213 15.25
4207 16094.4324193777 16094.4324193777 0.636093593261764 2.10812062685213 15.25
4208 16096.1668667865 16096.1668667865 0.636093593261764 2.10812062685213 15.25
4209 16097.9013903378 16097.9013903378 0.636093593261764 2.10812062685213 15.25
4210 16099.6359900071 16099.6359900071 0.636093593261764 2.10812062685213 15.25
4211 16101.3706657696 16101.3706657696 0.636093593261764 2.10812062685213 15.25
4212 16103.1054176008 16103.1054176008 0.636093593261764 2.10812062685213 15.25
4213 16104.8402454762 16104.8402454762 0.636093593261764 2.10812062685213 15.25
4214 16106.5751493711 16106.5751493711 0.636093593261764 2.10812062685213 15.25
4215 16108.310129261 16108.310129261 0.636093593261764 2.10812062685213 15.25
4216 16110.0451851213 16110.0451851213 0.636093593261764 2.10812062685213 15.25
4217 16111.7803169668 16111.7803169668 0.636093593261764 2.10812062685213 15.25
4218 16113.5155247539 16113.5155247539 0.636093593261764 2.10812062685213 15.25
4219 16115.2508084378 16115.2508084378 0.636093593261764 2.10812062685213 15.25
4220 16116.9861679941 16116.9861679941 0.636093593261764 2.10812062685213 15.25
4221 16118.7216033981 16118.7216033981 0.636093593261764 2.10812062685213 15.25
4222 16120.4571146254 16120.4571146254 0.636093593261764 2.10812062685213 15.25
4223 16122.1927016515 16122.1927016515 0.636093593261764 2.10812062685213 15.25
4224 16123.928364452 16123.928364452 0.636093593261764 2.10812062685213 15.25
4225 16125.6641030024 16125.6641030024 0.636093593261764 2.10812062685213 15.25
4226 16127.3999172781 16127.3999172781 0.636093593261764 2.10812062685213 15.25
4227 16129.1358072548 16129.1358072548 0.636093593261764 2.10812062685213 15.25
4228 16130.8717729449 16130.8717729449 0.636093593261764 2.10812062685213 15.25
4229 16132.6078143098 16132.6078143098 0.636093593261764 2.10812062685213 15.25
4230 16134.3439313023 16134.3439313023 0.636093593261764 2.10812062685213 15.25
4231 16136.080123898 16136.080123898 0.636093593261764 2.10812062685213 15.25
4232 16137.8163920726 16137.8163920726 0.636093593261764 2.10812062685213 15.25
4233 16139.5527358016 16139.5527358016 0.636093593261764 2.10812062685213 15.25
4234 16141.2891550607 16141.2891550607 0.636093593261764 2.10812062685213 15.25
4235 16143.0256498255 16143.0256498255 0.636093593261764 2.10812062685213 15.25
4236 16144.7622200717 16144.7622200717 0.636093593261764 2.10812062685213 15.25
4237 16146.4988657747 16146.4988657747 0.636093593261764 2.10812062685213 15.25
4238 16148.235586911 16148.235586911 0.636093593261764 2.10812062685213 15.25
4239 16149.9723834896 16149.9723834896 0.636093593261764 2.10812062685213 15.25
4240 16151.7092554771 16151.7092554771 0.636093593261764 2.10812062685213 15.25
4241 16153.4462028242 16153.4462028242 0.636093593261764 2.10812062685213 15.25
4242 16155.1832255067 16155.1832255067 0.636093593261764 2.10812062685213 15.25
4243 16156.9203235002 16156.9203235002 0.636093593261764 2.10812062685213 15.25
4244 16158.6574967805 16158.6574967805 0.636093593261764 2.10812062685213 15.25
4245 16160.3947453232 16160.3947453232 0.636093593261764 2.10812062685213 15.25
4246 16162.1320691047 16162.1320691047 0.636093593261764 2.10812062685213 15.25
4247 16163.8694680989 16163.8694680989 0.636093593261764 2.10812062685213 15.25
4248 16165.6069422834 16165.6069422834 0.636093593261764 2.10812062685213 15.25
4249 16167.3444916333 16167.3444916333 0.636093593261764 2.10812062685213 15.25
4250 16169.0821161578 16169.0821161578 0.636093593261764 2.10812062685213 15.25
4251 16170.8198158254 16170.8198158254 0.636093593261764 2.10812062685213 15.25
4252 16172.5575905859 16172.5575905859 0.636093593261764 2.10812062685213 15.25
4253 16174.2954404148 16174.2954404148 0.636093593261764 2.10812062685213 15.25
4254 16176.0333652876 16176.0333652876 0.636093593261764 2.10812062685213 15.25
4255 16177.7713651817 16177.7713651817 0.636093593261764 2.10812062685213 15.25
4256 16179.5094400711 16179.5094400711 0.636093593261764 2.10812062685213 15.25
4257 16181.2475899324 16181.2475899324 0.636093593261764 2.10812062685213 15.25
4258 16182.9858147414 16182.9858147414 0.636093593261764 2.10812062685213 15.25
4259 16184.7241144744 16184.7241144744 0.636093593261764 2.10812062685213 15.25
4260 16186.4624891056 16186.4624891056 0.636093593261764 2.10812062685213 15.25
4261 16188.2009386443 16188.2009386443 0.636093593261764 2.10812062685213 15.25
4262 16189.9394630621 16189.9394630621 0.636093593261764 2.10812062685213 15.25
4263 16191.6780623063 16191.6780623063 0.636093593261764 2.10812062685213 15.25
4264 16193.4167363545 16193.4167363545 0.636093593261764 2.10812062685213 15.25
4265 16195.155485181 16195.155485181 0.636093593261764 2.10812062685213 15.25
4266 16196.8943087623 16196.8943087623 0.636093593261764 2.10812062685213 15.25
4267 16198.6332070741 16198.6332070741 0.636093593261764 2.10812062685213 15.25
4268 16200.3721800926 16200.3721800926 0.636093593261764 2.10812062685213 15.25
4269 16202.1112277935 16202.1112277935 0.636093593261764 2.10812062685213 15.25
4270 16203.8503501524 16203.8503501524 0.636093593261764 2.10812062685213 15.25
4271 16205.5895471468 16205.5895471468 0.636093593261764 2.10812062685213 15.25
4272 16207.3288187803 16207.3288187803 0.636093593261764 2.10812062685213 15.25
4273 16209.0681650306 16209.0681650306 0.636093593261764 2.10812062685213 15.25
4274 16210.8075858433 16210.8075858433 0.636093593261764 2.10812062685213 15.25
4275 16212.5470811944 16212.5470811944 0.636093593261764 2.10812062685213 15.25
4276 16214.2866510598 16214.2866510598 0.636093593261764 2.10812062685213 15.25
4277 16216.0262954157 16216.0262954157 0.636093593261764 2.10812062685213 15.25
4278 16217.766014238 16217.766014238 0.636093593261764 2.10812062685213 15.25
4279 16219.5058075027 16219.5058075027 0.636093593261764 2.10812062685213 15.25
4280 16221.245675186 16221.245675186 0.636093593261764 2.10812062685213 15.25
4281 16222.9856172638 16222.9856172638 0.636093593261764 2.10812062685213 15.25
4282 16224.7256337122 16224.7256337122 0.636093593261764 2.10812062685213 15.25
4283 16226.4657245348 16226.4657245348 0.636093593261764 2.10812062685213 15.25
4284 16228.2058897124 16228.2058897124 0.636093593261764 2.10812062685213 15.25
4285 16229.9461291889 16229.9461291889 0.636093593261764 2.10812062685213 15.25
4286 16231.6864429404 16231.6864429404 0.636093593261764 2.10812062685213 15.25
4287 16233.4268309429 16233.4268309429 0.636093593261764 2.10812062685213 15.25
4288 16235.1672931727 16235.1672931727 0.636093593261764 2.10812062685213 15.25
4289 16236.9078296058 16236.9078296058 0.636093593261764 2.10812062685213 15.25
4290 16238.6484402183 16238.6484402183 0.636093593261764 2.10812062685213 15.25
4291 16240.3891249865 16240.3891249865 0.636093593261764 2.10812062685213 15.25
4292 16242.1298838864 16242.1298838864 0.636093593261764 2.10812062685213 15.25
4293 16243.8707168943 16243.8707168943 0.636093593261764 2.10812062685213 15.25
4294 16245.611624012 16245.611624012 0.636093593261764 2.10812062685213 15.25
4295 16247.352605224 16247.352605224 0.636093593261764 2.10812062685213 15.25
4296 16249.0936604725 16249.0936604725 0.636093593261764 2.10812062685213 15.25
4297 16250.8347897337 16250.8347897337 0.636093593261764 2.10812062685213 15.25
4298 16252.5759929832 16252.5759929832 0.636093593261764 2.10812062685213 15.25
4299 16254.317270199 16254.317270199 0.636093593261764 2.10812062685213 15.25
4300 16256.0586213555 16256.0586213555 0.636093593261764 2.10812062685213 15.25
4301 16257.8000464297 16257.8000464297 0.636093593261764 2.10812062685213 15.25
4302 16259.5415453977 16259.5415453977 0.636093593261764 2.10812062685213 15.25
4303 16261.2831182358 16261.2831182358 0.636093593261764 2.10812062685213 15.25
4304 16263.0247649202 16263.0247649202 0.636093593261764 2.10812062685213 15.25
4305 16264.7664854506 16264.7664854506 0.636093593261764 2.10812062685213 15.25
4306 16266.5082798163 16266.5082798163 0.636093593261764 2.10812062685213 15.25
4307 16268.2501479573 16268.2501479573 0.636093593261764 2.10812062685213 15.25
4308 16269.9920898498 16269.9920898498 0.636093593261764 2.10812062685213 15.25
4309 16271.7341054701 16271.7341054701 0.636093593261764 2.10812062685213 15.25
4310 16273.4761947946 16273.4761947946 0.636093593261764 2.10812062685213 15.25
4311 16275.2183577995 16275.2183577995 0.636093593261764 2.10812062685213 15.25
4312 16276.9605944613 16276.9605944613 0.636093593261764 2.10812062685213 15.25
4313 16278.7029047563 16278.7029047563 0.636093593261764 2.10812062685213 15.25
4314 16280.4452886613 16280.4452886613 0.636093593261764 2.10812062685213 15.25
4315 16282.1877461511 16282.1877461511 0.636093593261764 2.10812062685213 15.25
4316 16283.9302772252 16283.9302772252 0.636093593261764 2.10812062685213 15.25
4317 16285.6728818763 16285.6728818763 0.636093593261764 2.10812062685213 15.25
4318 16287.4155600424 16287.4155600424 0.636093593261764 2.10812062685213 15.25
4319 16289.1583116994 16289.1583116994 0.636093593261764 2.10812062685213 15.25
4320 16290.9011368254 16290.9011368254 0.636093593261764 2.10812062685213 15.25
4321 16292.6440353951 16292.6440353951 0.636093593261764 2.10812062685213 15.25
4322 16294.3870073856 16294.3870073856 0.636093593261764 2.10812062685213 15.25
4323 16296.1300527738 16296.1300527738 0.636093593261764 2.10812062685213 15.25
4324 16297.8731715344 16297.8731715344 0.636093593261764 2.10812062685213 15.25
4325 16299.6163636456 16299.6163636456 0.636093593261764 2.10812062685213 15.25
4326 16301.3596290834 16301.3596290834 0.636093593261764 2.10812062685213 15.25
4327 16303.102967844 16303.102967844 0.636093593261764 2.10812062685213 15.25
4328 16304.846379924 16304.846379924 0.636093593261764 2.10812062685213 15.25
4329 16306.5898652601 16306.5898652601 0.636093593261764 2.10812062685213 15.25
4330 16308.3334238287 16308.3334238287 0.636093593261764 2.10812062685213 15.25
4331 16310.0770556063 16310.0770556063 0.636093593261764 2.10812062685213 15.25
4332 16311.8207605694 16311.8207605694 0.636093593261764 2.10812062685213 15.25
4333 16313.5645386945 16313.5645386945 0.636093593261764 2.10812062685213 15.25
4334 16315.3083899582 16315.3083899582 0.636093593261764 2.10812062685213 15.25
4335 16317.0523143371 16317.0523143371 0.636093593261764 2.10812062685213 15.25
4336 16318.7963118077 16318.7963118077 0.636093593261764 2.10812062685213 15.25
4337 16320.5403823465 16320.5403823465 0.636093593261764 2.10812062685213 15.25
4338 16322.2845259481 16322.2845259481 0.636093593261764 2.10812062685213 15.25
4339 16324.0287426131 16324.0287426131 0.636093593261764 2.10812062685213 15.25
4340 16325.773032276 16325.773032276 0.636093593261764 2.10812062685213 15.25
4341 16327.5173949136 16327.5173949136 0.636093593261764 2.10812062685213 15.25
4342 16329.2618305024 16329.2618305024 0.636093593261764 2.10812062685213 15.25
4343 16331.006339019 16331.006339019 0.636093593261764 2.10812062685213 15.25
4344 16332.7509204401 16332.7509204401 0.636093593261764 2.10812062685213 15.25
4345 16334.4955747424 16334.4955747424 0.636093593261764 2.10812062685213 15.25
4346 16336.2403019024 16336.2403019024 0.636093593261764 2.10812062685213 15.25
4347 16337.9851018969 16337.9851018969 0.636093593261764 2.10812062685213 15.25
4348 16339.7299747024 16339.7299747024 0.636093593261764 2.10812062685213 15.25
4349 16341.4749203113 16341.4749203113 0.636093593261764 2.10812062685213 15.25
4350 16343.2199387289 16343.2199387289 0.636093593261764 2.10812062685213 15.25
4351 16344.9650298876 16344.9650298876 0.636093593261764 2.10812062685213 15.25
4352 16346.7101937642 16346.7101937642 0.636093593261764 2.10812062685213 15.25
4353 16348.4554303354 16348.4554303354 0.636093593261764 2.10812062685213 15.25
4354 16350.2007395778 16350.2007395778 0.636093593261764 2.10812062685213 15.25
4355 16351.9461214683 16351.9461214683 0.636093593261764 2.10812062685213 15.25
4356 16353.6915759834 16353.6915759834 0.636093593261764 2.10812062685213 15.25
4357 16355.4371031001 16355.4371031001 0.636093593261764 2.10812062685213 15.25
4358 16357.182702795 16357.182702795 0.636093593261764 2.10812062685213 15.25
4359 16358.9283750449 16358.9283750449 0.636093593261764 2.10812062685213 15.25
4360 16360.6741198403 16360.6741198403 0.636093593261764 2.10812062685213 15.25
4361 16362.4199371898 16362.4199371898 0.636093593261764 2.10812062685213 15.25
4362 16364.1658270259 16364.1658270259 0.636093593261764 2.10812062685213 15.25
4363 16365.9117893236 16365.9117893236 0.636093593261764 2.10812062685213 15.25
4364 16367.6578240602 16367.6578240602 0.636093593261764 2.10812062685213 15.25
4365 16369.4039312125 16369.4039312125 0.636093593261764 2.10812062685213 15.25
4366 16371.1501107575 16371.1501107575 0.636093593261764 2.10812062685213 15.25
4367 16372.896362672 16372.896362672 0.636093593261764 2.10812062685213 15.25
4368 16374.6426869321 16374.6426869321 0.636093593261764 2.10812062685213 15.25
4369 16376.3890835165 16376.3890835165 0.636093593261764 2.10812062685213 15.25
4370 16378.1355524004 16378.1355524004 0.636093593261764 2.10812062685213 15.25
4371 16379.8820935731 16379.8820935731 0.636093593261764 2.10812062685213 15.25
4372 16381.6287070475 16381.6287070475 0.636093593261764 2.10812062685213 15.25
4373 16383.3753927525 16383.3753927525 0.636093593261764 2.10812062685213 15.25
4374 16385.1221506651 16385.1221506651 0.636093593261764 2.10812062685213 15.25
4375 16386.8689807628 16386.8689807628 0.636093593261764 2.10812062685213 15.25
4376 16388.6158830206 16388.6158830206 0.636093593261764 2.10812062685213 15.25
4377 16390.3628574173 16390.3628574173 0.636093593261764 2.10812062685213 15.25
4378 16392.1099039292 16392.1099039292 0.636093593261764 2.10812062685213 15.25
4379 16393.8570225333 16393.8570225333 0.636093593261764 2.10812062685213 15.25
4380 16395.6042132065 16395.6042132065 0.636093593261764 2.10812062685213 15.25
4381 16397.3514759258 16397.3514759258 0.636093593261764 2.10812062685213 15.25
4382 16399.0988106784 16399.0988106784 0.636093593261764 2.10812062685213 15.25
4383 16400.8462174801 16400.8462174801 0.636093593261764 2.10812062685213 15.25
4384 16402.5936962594 16402.5936962594 0.636093593261764 2.10812062685213 15.25
4385 16404.3412469928 16404.3412469928 0.636093593261764 2.10812062685213 15.25
4386 16406.0888696571 16406.0888696571 0.636093593261764 2.10812062685213 15.25
4387 16407.8365642295 16407.8365642295 0.636093593261764 2.10812062685213 15.25
4388 16409.584330687 16409.584330687 0.636093593261764 2.10812062685213 15.25
4389 16411.3321690065 16411.3321690065 0.636093593261764 2.10812062685213 15.25
4390 16413.0800791651 16413.0800791651 0.636093593261764 2.10812062685213 15.25
4391 16414.82806114 16414.82806114 0.636093593261764 2.10812062685213 15.25
4392 16416.576114908 16416.576114908 0.636093593261764 2.10812062685213 15.25
4393 16418.3242404542 16418.3242404542 0.636093593261764 2.10812062685213 15.25
4394 16420.0724377998 16420.0724377998 0.636093593261764 2.10812062685213 15.25
4395 16421.82070687 16421.82070687 0.636093593261764 2.10812062685213 15.25
4396 16423.5690476411 16423.5690476411 0.636093593261764 2.10812062685213 15.25
4397 16425.317460092 16425.317460092 0.636093593261764 2.10812062685213 15.25
4398 16427.0659441981 16427.0659441981 0.636093593261764 2.10812062685213 15.25
4399 16428.8144999371 16428.8144999371 0.636093593261764 2.10812062685213 15.25
4400 16430.5631272861 16430.5631272861 0.636093593261764 2.10812062685213 15.25
4401 16432.3118262223 16432.3118262223 0.636093593261764 2.10812062685213 15.25
4402 16434.0605967227 16434.0605967227 0.636093593261764 2.10812062685213 15.25
4403 16435.8094387652 16435.8094387652 0.636093593261764 2.10812062685213 15.25
4404 16437.5583523311 16437.5583523311 0.636093593261764 2.10812062685213 15.25
4405 16439.3073374473 16439.3073374473 0.636093593261764 2.10812062685213 15.25
4406 16441.0563940366 16441.0563940366 0.636093593261764 2.10812062685213 15.25
4407 16442.805522076 16442.805522076 0.636093593261764 2.10812062685213 15.25
4408 16444.5547215427 16444.5547215427 0.636093593261764 2.10812062685213 15.25
4409 16446.303992414 16446.303992414 0.636093593261764 2.10812062685213 15.25
4410 16448.0533346671 16448.0533346671 0.636093593261764 2.10812062685213 15.25
4411 16449.8027482792 16449.8027482792 0.636093593261764 2.10812062685213 15.25
4412 16451.5522332275 16451.5522332275 0.636093593261764 2.10812062685213 15.25
4413 16453.3017894899 16453.3017894899 0.636093593261764 2.10812062685213 15.25
4414 16455.0514170413 16455.0514170413 0.636093593261764 2.10812062685213 15.25
4415 16456.8011158666 16456.8011158666 0.636093593261764 2.10812062685213 15.25
4416 16458.5508859924 16458.5508859924 0.636093593261764 2.10812062685213 15.25
4417 16460.3007273407 16460.3007273407 0.636093593261764 2.10812062685213 15.25
4418 16462.0506398888 16462.0506398888 0.636093593261764 2.10812062685213 15.25
4419 16463.8006236141 16463.8006236141 0.636093593261764 2.10812062685213 15.25
4420 16465.5506784938 16465.5506784938 0.636093593261764 2.10812062685213 15.25
4421 16467.3008045052 16467.3008045052 0.636093593261764 2.10812062685213 15.25
4422 16469.0510016257 16469.0510016257 0.636093593261764 2.10812062685213 15.25
4423 16470.8012698325 16470.8012698325 0.636093593261764 2.10812062685213 15.25
4424 16472.5516091031 16472.5516091031 0.636093593261764 2.10812062685213 15.25
4425 16474.3020194154 16474.3020194154 0.636093593261764 2.10812062685213 15.25
4426 16476.0525007466 16476.0525007466 0.636093593261764 2.10812062685213 15.25
4427 16477.8030531325 16477.8030531325 0.636093593261764 2.10812062685213 15.25
4428 16479.5536764916 16479.5536764916 0.636093593261764 2.10812062685213 15.25
4429 16481.3043708012 16481.3043708012 0.636093593261764 2.10812062685213 15.25
4430 16483.0551360387 16483.0551360387 0.636093593261764 2.10812062685213 15.25
4431 16484.8059721816 16484.8059721816 0.636093593261764 2.10812062685213 15.25
4432 16486.5568792073 16486.5568792073 0.636093593261764 2.10812062685213 15.25
4433 16488.307857093 16488.307857093 0.636093593261764 2.10812062685213 15.25
4434 16490.0589058164 16490.0589058164 0.636093593261764 2.10812062685213 15.25
4435 16491.8100253548 16491.8100253548 0.636093593261764 2.10812062685213 15.25
4436 16493.5612156856 16493.5612156856 0.636093593261764 2.10812062685213 15.25
4437 16495.3124767864 16495.3124767864 0.636093593261764 2.10812062685213 15.25
4438 16497.0638086946 16497.0638086946 0.636093593261764 2.10812062685213 15.25
4439 16498.8152113276 16498.8152113276 0.636093593261764 2.10812062685213 15.25
4440 16500.566684663 16500.566684663 0.636093593261764 2.10812062685213 15.25
4441 16502.3182286782 16502.3182286782 0.636093593261764 2.10812062685213 15.25
4442 16504.0698433501 16504.0698433501 0.636093593261764 2.10812062685213 15.25
4443 16505.8215286579 16505.8215286579 0.636093593261764 2.10812062685213 15.25
4444 16507.5732845781 16507.5732845781 0.636093593261764 2.10812062685213 15.25
4445 16509.325111087 16509.325111087 0.636093593261764 2.10812062685213 15.25
4446 16511.0770081638 16511.0770081638 0.636093593261764 2.10812062685213 15.25
4447 16512.8289757855 16512.8289757855 0.636093593261764 2.10812062685213 15.25
4448 16514.5810139296 16514.5810139296 0.636093593261764 2.10812062685213 15.25
4449 16516.333122632 16516.333122632 0.636093593261764 2.10812062685213 15.25
4450 16518.0853018139 16518.0853018139 0.636093593261764 2.10812062685213 15.25
4451 16519.8375514508 16519.8375514508 0.636093593261764 2.10812062685213 15.25
4452 16521.5898715205 16521.5898715205 0.636093593261764 2.10812062685213 15.25
4453 16523.3422620005 16523.3422620005 0.636093593261764 2.10812062685213 15.25
4454 16525.0947228684 16525.0947228684 0.636093593261764 2.10812062685213 15.25
4455 16526.8472541019 16526.8472541019 0.636093593261764 2.10812062685213 15.25
4456 16528.5998556784 16528.5998556784 0.636093593261764 2.10812062685213 15.25
4457 16530.3525275751 16530.3525275751 0.636093593261764 2.10812062685213 15.25
4458 16532.105269772 16532.105269772 0.636093593261764 2.10812062685213 15.25
4459 16533.8580822432 16533.8580822432 0.636093593261764 2.10812062685213 15.25
4460 16535.6109650245 16535.6109650245 0.636093593261764 2.10812062685213 15.25
4461 16537.363918042 16537.363918042 0.636093593261764 2.10812062685213 15.25
4462 16539.1169412672 16539.1169412672 0.636093593261764 2.10812062685213 15.25
4463 16540.8700346798 16540.8700346798 0.636093593261764 2.10812062685213 15.25
4464 16542.6231982567 16542.6231982567 0.636093593261764 2.10812062685213 15.25
4465 16544.3764319757 16544.3764319757 0.636093593261764 2.10812062685213 15.25
4466 16546.1297358145 16546.1297358145 0.636093593261764 2.10812062685213 15.25
4467 16547.8831097507 16547.8831097507 0.636093593261764 2.10812062685213 15.25
4468 16549.6365537621 16549.6365537621 0.636093593261764 2.10812062685213 15.25
4469 16551.3900678264 16551.3900678264 0.636093593261764 2.10812062685213 15.25
4470 16553.1436519214 16553.1436519214 0.636093593261764 2.10812062685213 15.25
4471 16554.8973060789 16554.8973060789 0.636093593261764 2.10812062685213 15.25
4472 16556.6510302285 16556.6510302285 0.636093593261764 2.10812062685213 15.25
4473 16558.4048243421 16558.4048243421 0.636093593261764 2.10812062685213 15.25
4474 16560.1586883973 16560.1586883973 0.636093593261764 2.10812062685213 15.25
4475 16561.912622372 16561.912622372 0.636093593261764 2.10812062685213 15.25
4476 16563.666626244 16563.666626244 0.636093593261764 2.10812062685213 15.25
4477 16565.4206999916 16565.4206999916 0.636093593261764 2.10812062685213 15.25
4478 16567.1748435908 16567.1748435908 0.636093593261764 2.10812062685213 15.25
4479 16568.9290570212 16568.9290570212 0.636093593261764 2.10812062685213 15.25
4480 16570.6833402602 16570.6833402602 0.636093593261764 2.10812062685213 15.25
4481 16572.4376932854 16572.4376932854 0.636093593261764 2.10812062685213 15.25
4482 16574.1921161271 16574.1921161271 0.636093593261764 2.10812062685213 15.25
4483 16575.9466087187 16575.9466087187 0.636093593261764 2.10812062685213 15.25
4484 16577.7011710301 16577.7011710301 0.636093593261764 2.10812062685213 15.25
4485 16579.4558030392 16579.4558030392 0.636093593261764 2.10812062685213 15.25
4486 16581.2105047232 16581.2105047232 0.636093593261764 2.10812062685213 15.25
4487 16582.965276062 16582.965276062 0.636093593261764 2.10812062685213 15.25
4488 16584.7201170314 16584.7201170314 0.636093593261764 2.10812062685213 15.25
4489 16586.4750276101 16586.4750276101 0.636093593261764 2.10812062685213 15.25
4490 16588.230007776 16588.230007776 0.636093593261764 2.10812062685213 15.25
4491 16589.9850575069 16589.9850575069 0.636093593261764 2.10812062685213 15.25
4492 16591.7401767808 16591.7401767808 0.636093593261764 2.10812062685213 15.25
4493 16593.4953656256 16593.4953656256 0.636093593261764 2.10812062685213 15.25
4494 16595.2506239795 16595.2506239795 0.636093593261764 2.10812062685213 15.25
4495 16597.0059518108 16597.0059518108 0.636093593261764 2.10812062685213 15.25
4496 16598.7613490956 16598.7613490956 0.636093593261764 2.10812062685213 15.25
4497 16600.5168158138 16600.5168158138 0.636093593261764 2.10812062685213 15.25
4498 16602.2723519426 16602.2723519426 0.636093593261764 2.10812062685213 15.25
4499 16604.0279574602 16604.0279574602 0.636093593261764 2.10812062685213 15.25
4500 16605.7836323444 16605.7836323444 0.636093593261764 2.10812062685213 15.25
4501 16607.5393765727 16607.5393765727 0.636093593261764 2.10812062685213 15.25
4502 16609.2951901248 16609.2951901248 0.636093593261764 2.10812062685213 15.25
4503 16611.0510729771 16611.0510729771 0.636093593261764 2.10812062685213 15.25
4504 16612.8070251568 16612.8070251568 0.636093593261764 2.10812062685213 15.25
4505 16614.5630466042 16614.5630466042 0.636093593261764 2.10812062685213 15.25
4506 16616.3191372869 16616.3191372869 0.636093593261764 2.10812062685213 15.25
4507 16618.0752971825 16618.0752971825 0.636093593261764 2.10812062685213 15.25
4508 16619.8315262689 16619.8315262689 0.636093593261764 2.10812062685213 15.25
4509 16621.5878245243 16621.5878245243 0.636093593261764 2.10812062685213 15.25
4510 16623.3441919268 16623.3441919268 0.636093593261764 2.10812062685213 15.25
4511 16625.1006284544 16625.1006284544 0.636093593261764 2.10812062685213 15.25
4512 16626.8571340852 16626.8571340852 0.636093593261764 2.10812062685213 15.25
4513 16628.6137087972 16628.6137087972 0.636093593261764 2.10812062685213 15.25
4514 16630.3703525687 16630.3703525687 0.636093593261764 2.10812062685213 15.25
4515 16632.1270654242 16632.1270654242 0.636093593261764 2.10812062685213 15.25
4516 16633.8838473091 16633.8838473091 0.636093593261764 2.10812062685213 15.25
4517 16635.6406981879 16635.6406981879 0.636093593261764 2.10812062685213 15.25
4518 16637.3976180386 16637.3976180386 0.636093593261764 2.10812062685213 15.25
4519 16639.1546068393 16639.1546068393 0.636093593261764 2.10812062685213 15.25
4520 16640.9116645683 16640.9116645683 0.636093593261764 2.10812062685213 15.25
4521 16642.6687912038 16642.6687912038 0.636093593261764 2.10812062685213 15.25
4522 16644.4259867237 16644.4259867237 0.636093593261764 2.10812062685213 15.25
4523 16646.1832511065 16646.1832511065 0.636093593261764 2.10812062685213 15.25
4524 16647.9405843302 16647.9405843302 0.636093593261764 2.10812062685213 15.25
4525 16649.6979863731 16649.6979863731 0.636093593261764 2.10812062685213 15.25
4526 16651.4554572573 16651.4554572573 0.636093593261764 2.10812062685213 15.25
4527 16653.2129969335 16653.2129969335 0.636093593261764 2.10812062685213 15.25
4528 16654.9706053634 16654.9706053634 0.636093593261764 2.10812062685213 15.25
4529 16656.7282825253 16656.7282825253 0.636093593261764 2.10812062685213 15.25
4530 16658.486028397 16658.486028397 0.636093593261764 2.10812062685213 15.25
4531 16660.2438429583 16660.2438429583 0.636093593261764 2.10812062685213 15.25
4532 16662.0017261859 16662.0017261859 0.636093593261764 2.10812062685213 15.25
4533 16663.7596780586 16663.7596780586 0.636093593261764 2.10812062685213 15.25
4534 16665.5176985545 16665.5176985545 0.636093593261764 2.10812062685213 15.25
4535 16667.2757876521 16667.2757876521 0.636093593261764 2.10812062685213 15.25
4536 16669.0339453296 16669.0339453296 0.636093593261764 2.10812062685213 15.25
4537 16670.7921716075 16670.7921716075 0.636093593261764 2.10812062685213 15.25
4538 16672.5504664406 16672.5504664406 0.636093593261764 2.10812062685213 15.25
4539 16674.3088297874 16674.3088297874 0.636093593261764 2.10812062685213 15.25
4540 16676.0672616279 16676.0672616279 0.636093593261764 2.10812062685213 15.25
4541 16677.8257619399 16677.8257619399 0.636093593261764 2.10812062685213 15.25
4542 16679.5843307024 16679.5843307024 0.636093593261764 2.10812062685213 15.25
4543 16681.3429678918 16681.3429678918 0.636093593261764 2.10812062685213 15.25
4544 16683.1016734884 16683.1016734884 0.636093593261764 2.10812062685213 15.25
4545 16684.8604474698 16684.8604474698 0.636093593261764 2.10812062685213 15.25
4546 16686.6192898146 16686.6192898146 0.636093593261764 2.10812062685213 15.25
4547 16688.378200501 16688.378200501 0.636093593261764 2.10812062685213 15.25
4548 16690.1371795479 16690.1371795479 0.636093593261764 2.10812062685213 15.25
4549 16691.8962269132 16691.8962269132 0.636093593261764 2.10812062685213 15.25
4550 16693.6553425554 16693.6553425554 0.636093593261764 2.10812062685213 15.25
4551 16695.4145264528 16695.4145264528 0.636093593261764 2.10812062685213 15.25
4552 16697.1737785839 16697.1737785839 0.636093593261764 2.10812062685213 15.25
4553 16698.9330989272 16698.9330989272 0.636093593261764 2.10812062685213 15.25
4554 16700.692487461 16700.692487461 0.636093593261764 2.10812062685213 15.25
4555 16702.4519441645 16702.4519441645 0.636093593261764 2.10812062685213 15.25
4556 16704.2114690143 16704.2114690143 0.636093593261764 2.10812062685213 15.25
4557 16705.9710619906 16705.9710619906 0.636093593261764 2.10812062685213 15.25
4558 16707.7307230713 16707.7307230713 0.636093593261764 2.10812062685213 15.25
4559 16709.4904522729 16709.4904522729 0.636093593261764 2.10812062685213 15.25
4560 16711.2502495583 16711.2502495583 0.636093593261764 2.10812062685213 15.25
4561 16713.0101148836 16713.0101148836 0.636093593261764 2.10812062685213 15.25
4562 16714.7700482273 16714.7700482273 0.636093593261764 2.10812062685213 15.25
4563 16716.5300495679 16716.5300495679 0.636093593261764 2.10812062685213 15.25
4564 16718.2901188846 16718.2901188846 0.636093593261764 2.10812062685213 15.25
4565 16720.050256154 16720.050256154 0.636093593261764 2.10812062685213 15.25
4566 16721.8104613565 16721.8104613565 0.636093593261764 2.10812062685213 15.25
4567 16723.5707344695 16723.5707344695 0.636093593261764 2.10812062685213 15.25
4568 16725.3310754733 16725.3310754733 0.636093593261764 2.10812062685213 15.25
4569 16727.0914843447 16727.0914843447 0.636093593261764 2.10812062685213 15.25
4570 16728.8519610991 16728.8519610991 0.636093593261764 2.10812062685213 15.25
4571 16730.6125057029 16730.6125057029 0.636093593261764 2.10812062685213 15.25
4572 16732.3731181107 16732.3731181107 0.636093593261764 2.10812062685213 15.25
4573 16734.133798301 16734.133798301 0.636093593261764 2.10812062685213 15.25
4574 16735.8945462524 16735.8945462524 0.636093593261764 2.10812062685213 15.25
4575 16737.6553619435 16737.6553619435 0.636093593261764 2.10812062685213 15.25
4576 16739.416245353 16739.416245353 0.636093593261764 2.10812062685213 15.25
4577 16741.1771964595 16741.1771964595 0.636093593261764 2.10812062685213 15.25
4578 16742.9382152416 16742.9382152416 0.636093593261764 2.10812062685213 15.25
4579 16744.6993016786 16744.6993016786 0.636093593261764 2.10812062685213 15.25
4580 16746.4604557473 16746.4604557473 0.636093593261764 2.10812062685213 15.25
4581 16748.2216774626 16748.2216774626 0.636093593261764 2.10812062685213 15.25
4582 16749.9829667942 16749.9829667942 0.636093593261764 2.10812062685213 15.25
4583 16751.7443236947 16751.7443236947 0.636093593261764 2.10812062685213 15.25
4584 16753.5057481428 16753.5057481428 0.636093593261764 2.10812062685213 15.25
4585 16755.2672401173 16755.2672401173 0.636093593261764 2.10812062685213 15.25
4586 16757.0287995967 16757.0287995967 0.636093593261764 2.10812062685213 15.25
4587 16758.7904265599 16758.7904265599 0.636093593261764 2.10812062685213 15.25
4588 16760.5521209856 16760.5521209856 0.636093593261764 2.10812062685213 15.25
4589 16762.3138828524 16762.3138828524 0.636093593261764 2.10812062685213 15.25
4590 16764.0757121391 16764.0757121391 0.636093593261764 2.10812062685213 15.25
4591 16765.8376088245 16765.8376088245 0.636093593261764 2.10812062685213 15.25
4592 16767.5995729194 16767.5995729194 0.636093593261764 2.10812062685213 15.25
4593 16769.3616043988 16769.3616043988 0.636093593261764 2.10812062685213 15.25
4594 16771.1237032131 16771.1237032131 0.636093593261764 2.10812062685213 15.25
4595 16772.8858693412 16772.8858693412 0.636093593261764 2.10812062685213 15.25
4596 16774.6481027618 16774.6481027618 0.636093593261764 2.10812062685213 15.25
4597 16776.4104034536 16776.4104034536 0.636093593261764 2.10812062685213 15.25
4598 16778.1727713956 16778.1727713956 0.636093593261764 2.10812062685213 15.25
4599 16779.9352065664 16779.9352065664 0.636093593261764 2.10812062685213 15.25
4600 16781.697708945 16781.697708945 0.636093593261764 2.10812062685213 15.25
4601 16783.4602785095 16783.4602785095 0.636093593261764 2.10812062685213 15.25
4602 16785.2229152405 16785.2229152405 0.636093593261764 2.10812062685213 15.25
4603 16786.9856191455 16786.9856191455 0.636093593261764 2.10812062685213 15.25
4604 16788.7483902037 16788.7483902037 0.636093593261764 2.10812062685213 15.25
4605 16790.5112283638 16790.5112283638 0.636093593261764 2.10812062685213 15.25
4606 16792.2741336047 16792.2741336047 0.636093593261764 2.10812062685213 15.25
4607 16794.0371059053 16794.0371059053 0.636093593261764 2.10812062685213 15.25
4608 16795.8001452445 16795.8001452445 0.636093593261764 2.10812062685213 15.25
4609 16797.563251601 16797.563251601 0.636093593261764 2.10812062685213 15.25
4610 16799.3264249539 16799.3264249539 0.636093593261764 2.10812062685213 15.25
4611 16801.089665282 16801.089665282 0.636093593261764 2.10812062685213 15.25
4612 16802.8529725643 16802.8529725643 0.636093593261764 2.10812062685213 15.25
4613 16804.6163467796 16804.6163467796 0.636093593261764 2.10812062685213 15.25
4614 16806.3797879347 16806.3797879347 0.636093593261764 2.10812062685213 15.25
4615 16808.1432960141 16808.1432960141 0.636093593261764 2.10812062685213 15.25
4616 16809.9068709627 16809.9068709627 0.636093593261764 2.10812062685213 15.25
4617 16811.6705127602 16811.6705127602 0.636093593261764 2.10812062685213 15.25
4618 16813.4342213855 16813.4342213855 0.636093593261764 2.10812062685213 15.25
4619 16815.1979968175 16815.1979968175 0.636093593261764 2.10812062685213 15.25
4620 16816.9618390353 16816.9618390353 0.636093593261764 2.10812062685213 15.25
4621 16818.7257480178 16818.7257480178 0.636093593261764 2.10812062685213 15.25
4622 16820.489723744 16820.489723744 0.636093593261764 2.10812062685213 15.25
4623 16822.253766193 16822.253766193 0.636093593261764 2.10812062685213 15.25
4624 16824.0178753437 16824.0178753437 0.636093593261764 2.10812062685213 15.25
4625 16825.7820512011 16825.7820512011 0.636093593261764 2.10812062685213 15.25
4626 16827.5462937529 16827.5462937529 0.636093593261764 2.10812062685213 15.25
4627 16829.3106029434 16829.3106029434 0.636093593261764 2.10812062685213 15.25
4628 16831.0749787524 16831.0749787524 0.636093593261764 2.10812062685213 15.25
4629 16832.8394211571 16832.8394211571 0.636093593261764 2.10812062685213 15.25
4630 16834.6039301384 16834.6039301384 0.636093593261764 2.10812062685213 15.25
4631 16836.3685056747 16836.3685056747 0.636093593261764 2.10812062685213 15.25
4632 16838.1331477451 16838.1331477451 0.636093593261764 2.10812062685213 15.25
4633 16839.8978563287 16839.8978563287 0.636093593261764 2.10812062685213 15.25
4634 16841.6626314046 16841.6626314046 0.636093593261764 2.10812062685213 15.25
4635 16843.4274729518 16843.4274729518 0.636093593261764 2.10812062685213 15.25
4636 16845.1923809738 16845.1923809738 0.636093593261764 2.10812062685213 15.25
4637 16846.9573554616 16846.9573554616 0.636093593261764 2.10812062685213 15.25
4638 16848.7223963582 16848.7223963582 0.636093593261764 2.10812062685213 15.25
4639 16850.4875036426 16850.4875036426 0.636093593261764 2.10812062685213 15.25
4640 16852.252677294 16852.252677294 0.636093593261764 2.10812062685213 15.25
4641 16854.0179172915 16854.0179172915 0.636093593261764 2.10812062685213 15.25
4642 16855.7832236143 16855.7832236143 0.636093593261764 2.10812062685213 15.25
4643 16857.5485962415 16857.5485962415 0.636093593261764 2.10812062685213 15.25
4644 16859.3140351524 16859.3140351524 0.636093593261764 2.10812062685213 15.25
4645 16861.079540326 16861.079540326 0.636093593261764 2.10812062685213 15.25
4646 16862.8451117416 16862.8451117416 0.636093593261764 2.10812062685213 15.25
4647 16864.6107494008 16864.6107494008 0.636093593261764 2.10812062685213 15.25
4648 16866.3764532985 16866.3764532985 0.636093593261764 2.10812062685213 15.25
4649 16868.1422233758 16868.1422233758 0.636093593261764 2.10812062685213 15.25
4650 16869.9080596119 16869.9080596119 0.636093593261764 2.10812062685213 15.25
4651 16871.673961986 16871.673961986 0.636093593261764 2.10812062685213 15.25
4652 16873.4399304774 16873.4399304774 0.636093593261764 2.10812062685213 15.25
4653 16875.2059650653 16875.2059650653 0.636093593261764 2.10812062685213 15.25
4654 16876.9720657289 16876.9720657289 0.636093593261764 2.10812062685213 15.25
4655 16878.7382324474 16878.7382324474 0.636093593261764 2.10812062685213 15.25
4656 16880.5044652003 16880.5044652003 0.636093593261764 2.10812062685213 15.25
4657 16882.2707639667 16882.2707639667 0.636093593261764 2.10812062685213 15.25
4658 16884.0371287459 16884.0371287459 0.636093593261764 2.10812062685213 15.25
4659 16885.8035595378 16885.8035595378 0.636093593261764 2.10812062685213 15.25
4660 16887.5700562811 16887.5700562811 0.636093593261764 2.10812062685213 15.25
4661 16889.3366189551 16889.3366189551 0.636093593261764 2.10812062685213 15.25
4662 16891.1032475392 16891.1032475392 0.636093593261764 2.10812062685213 15.25
4663 16892.8699420125 16892.8699420125 0.636093593261764 2.10812062685213 15.25
4664 16894.6367023546 16894.6367023546 0.636093593261764 2.10812062685213 15.25
4665 16896.4035285446 16896.4035285446 0.636093593261764 2.10812062685213 15.25
4666 16898.170420562 16898.170420562 0.636093593261764 2.10812062685213 15.25
4667 16899.937378386 16899.937378386 0.636093593261764 2.10812062685213 15.25
4668 16901.7044019961 16901.7044019961 0.636093593261764 2.10812062685213 15.25
4669 16903.4714913898 16903.4714913898 0.636093593261764 2.10812062685213 15.25
4670 16905.2386465708 16905.2386465708 0.636093593261764 2.10812062685213 15.25
4671 16907.0058674759 16907.0058674759 0.636093593261764 2.10812062685213 15.25
4672 16908.7731540846 16908.7731540846 0.636093593261764 2.10812062685213 15.25
4673 16910.5405063763 16910.5405063763 0.636093593261764 2.10812062685213 15.25
4674 16912.3079243303 16912.3079243303 0.636093593261764 2.10812062685213 15.25
4675 16914.0754079261 16914.0754079261 0.636093593261764 2.10812062685213 15.25
4676 16915.8429571432 16915.8429571432 0.636093593261764 2.10812062685213 15.25
4677 16917.6105719608 16917.6105719608 0.636093593261764 2.10812062685213 15.25
4678 16919.3782523586 16919.3782523586 0.636093593261764 2.10812062685213 15.25
4679 16921.1459983165 16921.1459983165 0.636093593261764 2.10812062685213 15.25
4680 16922.9138098285 16922.9138098285 0.636093593261764 2.10812062685213 15.25
4681 16924.6816869038 16924.6816869038 0.636093593261764 2.10812062685213 15.25
4682 16926.449629477 16926.449629477 0.636093593261764 2.10812062685213 15.25
4683 16928.217637527 16928.217637527 0.636093593261764 2.10812062685213 15.25
4684 16929.9857110357 16929.9857110357 0.636093593261764 2.10812062685213 15.25
4685 16931.753849979 16931.753849979 0.636093593261764 2.10812062685213 15.25
4686 16933.5220543386 16933.5220543386 0.636093593261764 2.10812062685213 15.25
4687 16935.2903240937 16935.2903240937 0.636093593261764 2.10812062685213 15.25
4688 16937.0586592237 16937.0586592237 0.636093593261764 2.10812062685213 15.25
4689 16938.827059708 16938.827059708 0.636093593261764 2.10812062685213 15.25
4690 16940.5955255263 16940.5955255263 0.636093593261764 2.10812062685213 15.25
4691 16942.364056672 16942.364056672 0.636093593261764 2.10812062685213 15.25
4692 16944.1326531575 16944.1326531575 0.636093593261764 2.10812062685213 15.25
4693 16945.9013149155 16945.9013149155 0.636093593261764 2.10812062685213 15.25
4694 16947.6700419251 16947.6700419251 0.636093593261764 2.10812062685213 15.25
4695 16949.4388341676 16949.4388341676 0.636093593261764 2.10812062685213 15.25
4696 16951.2076916208 16951.2076916208 0.636093593261764 2.10812062685213 15.25
4697 16952.9766142648 16952.9766142648 0.636093593261764 2.10812062685213 15.25
4698 16954.7456020793 16954.7456020793 0.636093593261764 2.10812062685213 15.25
4699 16956.5146550433 16956.5146550433 0.636093593261764 2.10812062685213 15.25
4700 16958.2837731382 16958.2837731382 0.636093593261764 2.10812062685213 15.25
4701 16960.0529563418 16960.0529563418 0.636093593261764 2.10812062685213 15.25
4702 16961.8222046464 16961.8222046464 0.636093593261764 2.10812062685213 15.25
4703 16963.5915180681 16963.5915180681 0.636093593261764 2.10812062685213 15.25
4704 16965.3608965381 16965.3608965381 0.636093593261764 2.10812062685213 15.25
4705 16967.1303400364 16967.1303400364 0.636093593261764 2.10812062685213 15.25
4706 16968.8998485411 16968.8998485411 0.636093593261764 2.10812062685213 15.25
4707 16970.6694220335 16970.6694220335 0.636093593261764 2.10812062685213 15.25
4708 16972.4390604928 16972.4390604928 0.636093593261764 2.10812062685213 15.25
4709 16974.2087638986 16974.2087638986 0.636093593261764 2.10812062685213 15.25
4710 16975.9785322305 16975.9785322305 0.636093593261764 2.10812062685213 15.25
4711 16977.7483654684 16977.7483654684 0.636093593261764 2.10812062685213 15.25
4712 16979.5182635918 16979.5182635918 0.636093593261764 2.10812062685213 15.25
4713 16981.2882265909 16981.2882265909 0.636093593261764 2.10812062685213 15.25
4714 16983.0582544854 16983.0582544854 0.636093593261764 2.10812062685213 15.25
4715 16984.8283472046 16984.8283472046 0.636093593261764 2.10812062685213 15.25
4716 16986.5985047283 16986.5985047283 0.636093593261764 2.10812062685213 15.25
4717 16988.3687270363 16988.3687270363 0.636093593261764 2.10812062685213 15.25
4718 16990.1390141082 16990.1390141082 0.636093593261764 2.10812062685213 15.25
4719 16991.9093659238 16991.9093659238 0.636093593261764 2.10812062685213 15.25
4720 16993.6797824629 16993.6797824629 0.636093593261764 2.10812062685213 15.25
4721 16995.4502637053 16995.4502637053 0.636093593261764 2.10812062685213 15.25
4722 16997.2208096306 16997.2208096306 0.636093593261764 2.10812062685213 15.25
4723 16998.9914202189 16998.9914202189 0.636093593261764 2.10812062685213 15.25
4724 17000.7620954582 17000.7620954582 0.636093593261764 2.10812062685213 15.25
4725 17002.5328353716 17002.5328353716 0.636093593261764 2.10812062685213 15.25
4726 17004.3036398879 17004.3036398879 0.636093593261764 2.10812062685213 15.25
4727 17006.0745089861 17006.0745089861 0.636093593261764 2.10812062685213 15.25
4728 17007.8454426463 17007.8454426463 0.636093593261764 2.10812062685213 15.25
4729 17009.6164408481 17009.6164408481 0.636093593261764 2.10812062685213 15.25
4730 17011.3875035715 17011.3875035715 0.636093593261764 2.10812062685213 15.25
4731 17013.1586307963 17013.1586307963 0.636093593261764 2.10812062685213 15.25
4732 17014.9298225024 17014.9298225024 0.636093593261764 2.10812062685213 15.25
4733 17016.7010786695 17016.7010786695 0.636093593261764 2.10812062685213 15.25
4734 17018.4723992777 17018.4723992777 0.636093593261764 2.10812062685213 15.25
4735 17020.2437843128 17020.2437843128 0.636093593261764 2.10812062685213 15.25
4736 17022.0152338033 17022.0152338033 0.636093593261764 2.10812062685213 15.25
4737 17023.7867476744 17023.7867476744 0.636093593261764 2.10812062685213 15.25
4738 17025.5583259055 17025.5583259055 0.636093593261764 2.10812062685213 15.25
4739 17027.3299684783 17027.3299684783 0.636093593261764 2.10812062685213 15.25
4740 17029.1016753708 17029.1016753708 0.636093593261764 2.10812062685213 15.25
4741 17030.8734465637 17030.8734465637 0.636093593261764 2.10812062685213 15.25
4742 17032.6452820367 17032.6452820367 0.636093593261764 2.10812062685213 15.25
4743 17034.4171817699 17034.4171817699 0.636093593261764 2.10812062685213 15.25
4744 17036.1891457433 17036.1891457433 0.636093593261764 2.10812062685213 15.25
4745 17037.9611739367 17037.9611739367 0.636093593261764 2.10812062685213 15.25
4746 17039.7332663344 17039.7332663344 0.636093593261764 2.10812062685213 15.25
4747 17041.5054229686 17041.5054229686 0.636093593261764 2.10812062685213 15.25
4748 17043.2776437628 17043.2776437628 0.636093593261764 2.10812062685213 15.25
4749 17045.0499286969 17045.0499286969 0.636093593261764 2.10812062685213 15.25
4750 17046.8222777511 17046.8222777511 0.636093593261764 2.10812062685213 15.25
4751 17048.5946909046 17048.5946909046 0.636093593261764 2.10812062685213 15.25
4752 17050.3671681392 17050.3671681392 0.636093593261764 2.10812062685213 15.25
4753 17052.1397094333 17052.1397094333 0.636093593261764 2.10812062685213 15.25
4754 17053.9123147673 17053.9123147673 0.636093593261764 2.10812062685213 15.25
4755 17055.6849841214 17055.6849841214 0.636093593261764 2.10812062685213 15.25
4756 17057.4577174755 17057.4577174755 0.636093593261764 2.10812062685213 15.25
4757 17059.230514811 17059.230514811 0.636093593261764 2.10812062685213 15.25
4758 17061.0033761669 17061.0033761669 0.636093593261764 2.10812062685213 15.25
4759 17062.7763014624 17062.7763014624 0.636093593261764 2.10812062685213 15.25
4760 17064.5492906782 17064.5492906782 0.636093593261764 2.10812062685213 15.25
4761 17066.3223437938 17066.3223437938 0.636093593261764 2.10812062685213 15.25
4762 17068.0954607911 17068.0954607911 0.636093593261764 2.10812062685213 15.25
4763 17069.8686416483 17069.8686416483 0.636093593261764 2.10812062685213 15.25
4764 17071.6418863462 17071.6418863462 0.636093593261764 2.10812062685213 15.25
4765 17073.4151948642 17073.4151948642 0.636093593261764 2.10812062685213 15.25
4766 17075.1885671843 17075.1885671843 0.636093593261764 2.10812062685213 15.25
4767 17076.9620032848 17076.9620032848 0.636093593261764 2.10812062685213 15.25
4768 17078.7355031465 17078.7355031465 0.636093593261764 2.10812062685213 15.25
4769 17080.5090668102 17080.5090668102 0.636093593261764 2.10812062685213 15.25
4770 17082.2826941953 17082.2826941953 0.636093593261764 2.10812062685213 15.25
4771 17084.0563852827 17084.0563852827 0.636093593261764 2.10812062685213 15.25
4772 17085.8301400505 17085.8301400505 0.636093593261764 2.10812062685213 15.25
4773 17087.6039584808 17087.6039584808 0.636093593261764 2.10812062685213 15.25
4774 17089.3778405532 17089.3778405532 0.636093593261764 2.10812062685213 15.25
4775 17091.1517862478 17091.1517862478 0.636093593261764 2.10812062685213 15.25
4776 17092.9257955449 17092.9257955449 0.636093593261764 2.10812062685213 15.25
4777 17094.6998684246 17094.6998684246 0.636093593261764 2.10812062685213 15.25
4778 17096.4740048671 17096.4740048671 0.636093593261764 2.10812062685213 15.25
4779 17098.2482048527 17098.2482048527 0.636093593261764 2.10812062685213 15.25
4780 17100.02246842 17100.02246842 0.636093593261764 2.10812062685213 15.25
4781 17101.7967954931 17101.7967954931 0.636093593261764 2.10812062685213 15.25
4782 17103.5711860507 17103.5711860507 0.636093593261764 2.10812062685213 15.25
4783 17105.345640071 17105.345640071 0.636093593261764 2.10812062685213 15.25
4784 17107.1201575361 17107.1201575361 0.636093593261764 2.10812062685213 15.25
4785 17108.8947384257 17108.8947384257 0.636093593261764 2.10812062685213 15.25
4786 17110.66938272 17110.66938272 0.636093593261764 2.10812062685213 15.25
4787 17112.4440903987 17112.4440903987 0.636093593261764 2.10812062685213 15.25
4788 17114.218861444 17114.218861444 0.636093593261764 2.10812062685213 15.25
4789 17115.9936958342 17115.9936958342 0.636093593261764 2.10812062685213 15.25
4790 17117.7685935503 17117.7685935503 0.636093593261764 2.10812062685213 15.25
4791 17119.5435546292 17119.5435546292 0.636093593261764 2.10812062685213 15.25
4792 17121.3185789988 17121.3185789988 0.636093593261764 2.10812062685213 15.25
4793 17123.0936666352 17123.0936666352 0.636093593261764 2.10812062685213 15.25
4794 17124.8688175188 17124.8688175188 0.636093593261764 2.10812062685213 15.25
4795 17126.6440316298 17126.6440316298 0.636093593261764 2.10812062685213 15.25
4796 17128.4193089492 17128.4193089492 0.636093593261764 2.10812062685213 15.25
4797 17130.1946494556 17130.1946494556 0.636093593261764 2.10812062685213 15.25
4798 17131.970053131 17131.970053131 0.636093593261764 2.10812062685213 15.25
4799 17133.7455199559 17133.7455199559 0.636093593261764 2.10812062685213 15.25
4800 17135.5210499089 17135.5210499089 0.636093593261764 2.10812062685213 15.25
4801 17137.296642972 17137.296642972 0.636093593261764 2.10812062685213 15.25
4802 17139.07229918 17139.07229918 0.636093593261764 2.10812062685213 15.25
4803 17140.8480184644 17140.8480184644 0.636093593261764 2.10812062685213 15.25
4804 17142.6238007996 17142.6238007996 0.636093593261764 2.10812062685213 15.25
4805 17144.3996461659 17144.3996461659 0.636093593261764 2.10812062685213 15.25
4806 17146.1755545439 17146.1755545439 0.636093593261764 2.10812062685213 15.25
4807 17147.9515259139 17147.9515259139 0.636093593261764 2.10812062685213 15.25
4808 17149.7275602564 17149.7275602564 0.636093593261764 2.10812062685213 15.25
4809 17151.5036575517 17151.5036575517 0.636093593261764 2.10812062685213 15.25
4810 17153.2798177803 17153.2798177803 0.636093593261764 2.10812062685213 15.25
4811 17155.0560409228 17155.0560409228 0.636093593261764 2.10812062685213 15.25
4812 17156.83232696 17156.83232696 0.636093593261764 2.10812062685213 15.25
4813 17158.6086759232 17158.6086759232 0.636093593261764 2.10812062685213 15.25
4814 17160.3850877506 17160.3850877506 0.636093593261764 2.10812062685213 15.25
4815 17162.1615624137 17162.1615624137 0.636093593261764 2.10812062685213 15.25
4816 17163.9380998924 17163.9380998924 0.636093593261764 2.10812062685213 15.25
4817 17165.7147001689 17165.7147001689 0.636093593261764 2.10812062685213 15.25
4818 17167.4913632219 17167.4913632219 0.636093593261764 2.10812062685213 15.25
4819 17169.2680890326 17169.2680890326 0.636093593261764 2.10812062685213 15.25
4820 17171.0448775814 17171.0448775814 0.636093593261764 2.10812062685213 15.25
4821 17172.8217288489 17172.8217288489 0.636093593261764 2.10812062685213 15.25
4822 17174.5986428157 17174.5986428157 0.636093593261764 2.10812062685213 15.25
4823 17176.3756194622 17176.3756194622 0.636093593261764 2.10812062685213 15.25
4824 17178.1526588196 17178.1526588196 0.636093593261764 2.10812062685213 15.25
4825 17179.9297608282 17179.9297608282 0.636093593261764 2.10812062685213 15.25
4826 17181.7069254588 17181.7069254588 0.636093593261764 2.10812062685213 15.25
4827 17183.4841526903 17183.4841526903 0.636093593261764 2.10812062685213 15.25
4828 17185.2614425049 17185.2614425049 0.636093593261764 2.10812062685213 15.25
4829 17187.0387948826 17187.0387948826 0.636093593261764 2.10812062685213 15.25
4830 17188.8162098041 17188.8162098041 0.636093593261764 2.10812062685213 15.25
4831 17190.5936872499 17190.5936872499 0.636093593261764 2.10812062685213 15.25
4832 17192.3712272007 17192.3712272007 0.636093593261764 2.10812062685213 15.25
4833 17194.148829637 17194.148829637 0.636093593261764 2.10812062685213 15.25
4834 17195.9264945395 17195.9264945395 0.636093593261764 2.10812062685213 15.25
4835 17197.704221937 17197.704221937 0.636093593261764 2.10812062685213 15.25
4836 17199.4820117747 17199.4820117747 0.636093593261764 2.10812062685213 15.25
4837 17201.2598640205 17201.2598640205 0.636093593261764 2.10812062685213 15.25
4838 17203.037778655 17203.037778655 0.636093593261764 2.10812062685213 15.25
4839 17204.8157556589 17204.8157556589 0.636093593261764 2.10812062685213 15.25
4840 17206.5937950129 17206.5937950129 0.636093593261764 2.10812062685213 15.25
4841 17208.3718966976 17208.3718966976 0.636093593261764 2.10812062685213 15.25
4842 17210.1500606937 17210.1500606937 0.636093593261764 2.10812062685213 15.25
4843 17211.9282869818 17211.9282869818 0.636093593261764 2.10812062685213 15.25
4844 17213.7065755428 17213.7065755428 0.636093593261764 2.10812062685213 15.25
4845 17215.4849263578 17215.4849263578 0.636093593261764 2.10812062685213 15.25
4846 17217.2633394522 17217.2633394522 0.636093593261764 2.10812062685213 15.25
4847 17219.0418147767 17219.0418147767 0.636093593261764 2.10812062685213 15.25
4848 17220.8203522968 17220.8203522968 0.636093593261764 2.10812062685213 15.25
4849 17222.5989519933 17222.5989519933 0.636093593261764 2.10812062685213 15.25
4850 17224.3776138469 17224.3776138469 0.636093593261764 2.10812062685213 15.25
4851 17226.1563378383 17226.1563378383 0.636093593261764 2.10812062685213 15.25
4852 17227.9351239484 17227.9351239484 0.636093593261764 2.10812062685213 15.25
4853 17229.7139721577 17229.7139721577 0.636093593261764 2.10812062685213 15.25
4854 17231.4928824478 17231.4928824478 0.636093593261764 2.10812062685213 15.25
4855 17233.2718547969 17233.2718547969 0.636093593261764 2.10812062685213 15.25
4856 17235.0508891896 17235.0508891896 0.636093593261764 2.10812062685213 15.25
4857 17236.8299856486 17236.8299856486 0.636093593261764 2.10812062685213 15.25
4858 17238.6091441273 17238.6091441273 0.636093593261764 2.10812062685213 15.25
4859 17240.3883645901 17240.3883645901 0.636093593261764 2.10812062685213 15.25
4860 17242.1676470178 17242.1676470178 0.636093593261764 2.10812062685213 15.25
4861 17243.9469913912 17243.9469913912 0.636093593261764 2.10812062685213 15.25
4862 17245.726397691 17245.726397691 0.636093593261764 2.10812062685213 15.25
4863 17247.5058658988 17247.5058658988 0.636093593261764 2.10812062685213 15.25
4864 17249.2853959935 17249.2853959935 0.636093593261764 2.10812062685213 15.25
4865 17251.0649879573 17251.0649879573 0.636093593261764 2.10812062685213 15.25
4866 17252.8446417722 17252.8446417722 0.636093593261764 2.10812062685213 15.25
4867 17254.6243574171 17254.6243574171 0.636093593261764 2.10812062685213 15.25
4868 17256.4041349158 17256.4041349158 0.636093593261764 2.10812062685213 15.25
4869 17258.1839742259 17258.1839742259 0.636093593261764 2.10812062685213 15.25
4870 17259.9638753094 17259.9638753094 0.636093593261764 2.10812062685213 15.25
4871 17261.7438381471 17261.7438381471 0.636093593261764 2.10812062685213 15.25
4872 17263.5238627199 17263.5238627199 0.636093593261764 2.10812062685213 15.25
4873 17265.3039490088 17265.3039490088 0.636093593261764 2.10812062685213 15.25
4874 17267.0840969947 17267.0840969947 0.636093593261764 2.10812062685213 15.25
4875 17268.8643066584 17268.8643066584 0.636093593261764 2.10812062685213 15.25
4876 17270.6445779809 17270.6445779809 0.636093593261764 2.10812062685213 15.25
4877 17272.4249109432 17272.4249109432 0.636093593261764 2.10812062685213 15.25
4878 17274.2053055261 17274.2053055261 0.636093593261764 2.10812062685213 15.25
4879 17275.985761751 17275.985761751 0.636093593261764 2.10812062685213 15.25
4880 17277.7662795792 17277.7662795792 0.636093593261764 2.10812062685213 15.25
4881 17279.5468589709 17279.5468589709 0.636093593261764 2.10812062685213 15.25
4882 17281.3274999071 17281.3274999071 0.636093593261764 2.10812062685213 15.25
4883 17283.1082023689 17283.1082023689 0.636093593261764 2.10812062685213 15.25
4884 17284.888966337 17284.888966337 0.636093593261764 2.10812062685213 15.25
4885 17286.6697917927 17286.6697917927 0.636093593261764 2.10812062685213 15.25
4886 17288.4506787167 17288.4506787167 0.636093593261764 2.10812062685213 15.25
4887 17290.2316270903 17290.2316270903 0.636093593261764 2.10812062685213 15.25
4888 17292.0126368943 17292.0126368943 0.636093593261764 2.10812062685213 15.25
4889 17293.7937081098 17293.7937081098 0.636093593261764 2.10812062685213 15.25
4890 17295.5748407556 17295.5748407556 0.636093593261764 2.10812062685213 15.25
4891 17297.3560347983 17297.3560347983 0.636093593261764 2.10812062685213 15.25
4892 17299.1372901955 17299.1372901955 0.636093593261764 2.10812062685213 15.25
4893 17300.9186069283 17300.9186069283 0.636093593261764 2.10812062685213 15.25
4894 17302.6999849779 17302.6999849779 0.636093593261764 2.10812062685213 15.25
4895 17304.4814243252 17304.4814243252 0.636093593261764 2.10812062685213 15.25
4896 17306.2629249513 17306.2629249513 0.636093593261764 2.10812062685213 15.25
4897 17308.0444868373 17308.0444868373 0.636093593261764 2.10812062685213 15.25
4898 17309.8261099642 17309.8261099642 0.636093593261764 2.10812062685213 15.25
4899 17311.6077943133 17311.6077943133 0.636093593261764 2.10812062685213 15.25
4900 17313.3895398655 17313.3895398655 0.636093593261764 2.10812062685213 15.25
4901 17315.171346638 17315.171346638 0.636093593261764 2.10812062685213 15.25
4902 17316.9532146009 17316.9532146009 0.636093593261764 2.10812062685213 15.25
4903 17318.7351437104 17318.7351437104 0.636093593261764 2.10812062685213 15.25
4904 17320.5171339475 17320.5171339475 0.636093593261764 2.10812062685213 15.25
4905 17322.2991852927 17322.2991852927 0.636093593261764 2.10812062685213 15.25
4906 17324.0812977291 17324.0812977291 0.636093593261764 2.10812062685213 15.25
4907 17325.8634712359 17325.8634712359 0.636093593261764 2.10812062685213 15.25
4908 17327.6457057948 17327.6457057948 0.636093593261764 2.10812062685213 15.25
4909 17329.4280013872 17329.4280013872 0.636093593261764 2.10812062685213 15.25
4910 17331.2103579941 17331.2103579941 0.636093593261764 2.10812062685213 15.25
4911 17332.9927755966 17332.9927755966 0.636093593261764 2.10812062685213 15.25
4912 17334.7752542103 17334.7752542103 0.636093593261764 2.10812062685213 15.25
4913 17336.557793809 17336.557793809 0.636093593261764 2.10812062685213 15.25
4914 17338.340394347 17338.340394347 0.636093593261764 2.10812062685213 15.25
4915 17340.1230558054 17340.1230558054 0.636093593261764 2.10812062685213 15.25
4916 17341.9057781655 17341.9057781655 0.636093593261764 2.10812062685213 15.25
4917 17343.6885614086 17343.6885614086 0.636093593261764 2.10812062685213 15.25
4918 17345.4714055157 17345.4714055157 0.636093593261764 2.10812062685213 15.25
4919 17347.2543104683 17347.2543104683 0.636093593261764 2.10812062685213 15.25
4920 17349.0372762474 17349.0372762474 0.636093593261764 2.10812062685213 15.25
4921 17350.8203028344 17350.8203028344 0.636093593261764 2.10812062685213 15.25
4922 17352.6033902111 17352.6033902111 0.636093593261764 2.10812062685213 15.25
4923 17354.3865383887 17354.3865383887 0.636093593261764 2.10812062685213 15.25
4924 17356.169747348 17356.169747348 0.636093593261764 2.10812062685213 15.25
4925 17357.9530170401 17357.9530170401 0.636093593261764 2.10812062685213 15.25
4926 17359.7363474465 17359.7363474465 0.636093593261764 2.10812062685213 15.25
4927 17361.5197385483 17361.5197385483 0.636093593261764 2.10812062685213 15.25
4928 17363.3031903269 17363.3031903269 0.636093593261764 2.10812062685213 15.25
4929 17365.0867027636 17365.0867027636 0.636093593261764 2.10812062685213 15.25
4930 17366.8702758391 17366.8702758391 0.636093593261764 2.10812062685213 15.25
4931 17368.6539095365 17368.6539095365 0.636093593261764 2.10812062685213 15.25
4932 17370.4376038353 17370.4376038353 0.636093593261764 2.10812062685213 15.25
4933 17372.2213587174 17372.2213587174 0.636093593261764 2.10812062685213 15.25
4934 17374.0051741943 17374.0051741943 0.636093593261764 2.10812062685213 15.25
4935 17375.7890502484 17375.7890502484 0.636093593261764 2.10812062685213 15.25
4936 17377.5729868298 17377.5729868298 0.636093593261764 2.10812062685213 15.25
4937 17379.3569839201 17379.3569839201 0.636093593261764 2.10812062685213 15.25
4938 17381.1410415005 17381.1410415005 0.636093593261764 2.10812062685213 15.25
4939 17382.9251595529 17382.9251595529 0.636093593261764 2.10812062685213 15.25
4940 17384.7093380571 17384.7093380571 0.636093593261764 2.10812062685213 15.25
4941 17386.4935769961 17386.4935769961 0.636093593261764 2.10812062685213 15.25
4942 17388.2778763507 17388.2778763507 0.636093593261764 2.10812062685213 15.25
4943 17390.0622361024 17390.0622361024 0.636093593261764 2.10812062685213 15.25
4944 17391.8466562326 17391.8466562326 0.636093593261764 2.10812062685213 15.25
4945 17393.6311367502 17393.6311367502 0.636093593261764 2.10812062685213 15.25
4946 17395.4156776428 17395.4156776428 0.636093593261764 2.10812062685213 15.25
4947 17397.2002788581 17397.2002788581 0.636093593261764 2.10812062685213 15.25
4948 17398.9849403775 17398.9849403775 0.636093593261764 2.10812062685213 15.25
4949 17400.7696621826 17400.7696621826 0.636093593261764 2.10812062685213 15.25
4950 17402.5544442548 17402.5544442548 0.636093593261764 2.10812062685213 15.25
4951 17404.3392865755 17404.3392865755 0.636093593261764 2.10812062685213 15.25
4952 17406.1241891261 17406.1241891261 0.636093593261764 2.10812062685213 15.25
4953 17407.9091518882 17407.9091518882 0.636093593261764 2.10812062685213 15.25
4954 17409.6941748433 17409.6941748433 0.636093593261764 2.10812062685213 15.25
4955 17411.4792579727 17411.4792579727 0.636093593261764 2.10812062685213 15.25
4956 17413.2644012838 17413.2644012838 0.636093593261764 2.10812062685213 15.25
4957 17415.0496047678 17415.0496047678 0.636093593261764 2.10812062685213 15.25
4958 17416.8348683708 17416.8348683708 0.636093593261764 2.10812062685213 15.25
4959 17418.6201920742 17418.6201920742 0.636093593261764 2.10812062685213 15.25
4960 17420.4055758595 17420.4055758595 0.636093593261764 2.10812062685213 15.25
4961 17422.1910197089 17422.1910197089 0.636093593261764 2.10812062685213 15.25
4962 17423.9765236021 17423.9765236021 0.636093593261764 2.10812062685213 15.25
4963 17425.7620875224 17425.7620875224 0.636093593261764 2.10812062685213 15.25
4964 17427.5477114509 17427.5477114509 0.636093593261764 2.10812062685213 15.25
4965 17429.333395369 17429.333395369 0.636093593261764 2.10812062685213 15.25
4966 17431.1191392589 17431.1191392589 0.636093593261764 2.10812062685213 15.25
4967 17432.9049431243 17432.9049431243 0.636093593261764 2.10812062685213 15.25
4968 17434.690806962 17434.690806962 0.636093593261764 2.10812062685213 15.25
4969 17436.4767307157 17436.4767307157 0.636093593261764 2.10812062685213 15.25
4970 17438.2627143669 17438.2627143669 0.636093593261764 2.10812062685213 15.25
4971 17440.0487578966 17440.0487578966 0.636093593261764 2.10812062685213 15.25
4972 17441.8348612883 17441.8348612883 0.636093593261764 2.10812062685213 15.25
4973 17443.6210245217 17443.6210245217 0.636093593261764 2.10812062685213 15.25
4974 17445.4072475791 17445.4072475791 0.636093593261764 2.10812062685213 15.25
4975 17447.193530442 17447.193530442 0.636093593261764 2.10812062685213 15.25
4976 17448.9798730922 17448.9798730922 0.636093593261764 2.10812062685213 15.25
4977 17450.7662755112 17450.7662755112 0.636093593261764 2.10812062685213 15.25
4978 17452.5527377021 17452.5527377021 0.636093593261764 2.10812062685213 15.25
4979 17454.339259665 17454.339259665 0.636093593261764 2.10812062685213 15.25
4980 17456.1258413418 17456.1258413418 0.636093593261764 2.10812062685213 15.25
4981 17457.9124827146 17457.9124827146 0.636093593261764 2.10812062685213 15.25
4982 17459.6991837633 17459.6991837633 0.636093593261764 2.10812062685213 15.25
4983 17461.4859444715 17461.4859444715 0.636093593261764 2.10812062685213 15.25
4984 17463.2727648202 17463.2727648202 0.636093593261764 2.10812062685213 15.25
4985 17465.0596447917 17465.0596447917 0.636093593261764 2.10812062685213 15.25
4986 17466.8465843659 17466.8465843659 0.636093593261764 2.10812062685213 15.25
4987 17468.6335835263 17468.6335835263 0.636093593261764 2.10812062685213 15.25
4988 17470.420642254 17470.420642254 0.636093593261764 2.10812062685213 15.25
4989 17472.2077605503 17472.2077605503 0.636093593261764 2.10812062685213 15.25
4990 17473.9949384192 17473.9949384192 0.636093593261764 2.10812062685213 15.25
4991 17475.7821758005 17475.7821758005 0.636093593261764 2.10812062685213 15.25
4992 17477.5694726761 17477.5694726761 0.636093593261764 2.10812062685213 15.25
4993 17479.3568290277 17479.3568290277 0.636093593261764 2.10812062685213 15.25
4994 17481.144244837 17481.144244837 0.636093593261764 2.10812062685213 15.25
4995 17482.9317200858 17482.9317200858 0.636093593261764 2.10812062685213 15.25
4996 17484.7192547553 17484.7192547553 0.636093593261764 2.10812062685213 15.25
4997 17486.5068488291 17486.5068488291 0.636093593261764 2.10812062685213 15.25
4998 17488.2945022871 17488.2945022871 0.636093593261764 2.10812062685213 15.25
4999 17490.0822151117 17490.0822151117 0.636093593261764 2.10812062685213 15.25
5000 17491.8699873019 17491.8699873019 0.636093593261764 2.10812062685213 15.25
5001 17493.6578188665 17493.6578188665 0.636093593261764 2.10812062685213 15.25
5002 17495.4457097431 17495.4457097431 0.636093593261764 2.10812062685213 15.25
5003 17497.233659913 17497.233659913 0.636093593261764 2.10812062685213 15.25
5004 17499.0216693598 17499.0216693598 0.636093593261764 2.10812062685213 15.25
5005 17500.8097380634 17500.8097380634 0.636093593261764 2.10812062685213 15.25
5006 17502.5978660064 17502.5978660064 0.636093593261764 2.10812062685213 15.25
5007 17504.3860531706 17504.3860531706 0.636093593261764 2.10812062685213 15.25
5008 17506.1742995377 17506.1742995377 0.636093593261764 2.10812062685213 15.25
5009 17507.9626050898 17507.9626050898 0.636093593261764 2.10812062685213 15.25
5010 17509.7509698093 17509.7509698093 0.636093593261764 2.10812062685213 15.25
5011 17511.5393936915 17511.5393936915 0.636093593261764 2.10812062685213 15.25
5012 17513.3278767508 17513.3278767508 0.636093593261764 2.10812062685213 15.25
5013 17515.1164189225 17515.1164189225 0.636093593261764 2.10812062685213 15.25
5014 17516.9050201885 17516.9050201885 0.636093593261764 2.10812062685213 15.25
5015 17518.6936805306 17518.6936805306 0.636093593261764 2.10812062685213 15.25
5016 17520.4823999309 17520.4823999309 0.636093593261764 2.10812062685213 15.25
5017 17522.2711783711 17522.2711783711 0.636093593261764 2.10812062685213 15.25
5018 17524.0600158333 17524.0600158333 0.636093593261764 2.10812062685213 15.25
5019 17525.8489122993 17525.8489122993 0.636093593261764 2.10812062685213 15.25
5020 17527.6378677516 17527.6378677516 0.636093593261764 2.10812062685213 15.25
5021 17529.4268821705 17529.4268821705 0.636093593261764 2.10812062685213 15.25
5022 17531.2159555525 17531.2159555525 0.636093593261764 2.10812062685213 15.25
5023 17533.0050879146 17533.0050879146 0.636093593261764 2.10812062685213 15.25
5024 17534.7942791902 17534.7942791902 0.636093593261764 2.10812062685213 15.25
5025 17536.5835293614 17536.5835293614 0.636093593261764 2.10812062685213 15.25
5026 17538.3728384101 17538.3728384101 0.636093593261764 2.10812062685213 15.25
5027 17540.1622063183 17540.1622063183 0.636093593261764 2.10812062685213 15.25
5028 17541.951633068 17541.951633068 0.636093593261764 2.10812062685213 15.25
5029 17543.7411186411 17543.7411186411 0.636093593261764 2.10812062685213 15.25
5030 17545.5306630197 17545.5306630197 0.636093593261764 2.10812062685213 15.25
5031 17547.3202661857 17547.3202661857 0.636093593261764 2.10812062685213 15.25
5032 17549.1099281212 17549.1099281212 0.636093593261764 2.10812062685213 15.25
5033 17550.8996488193 17550.8996488193 0.636093593261764 2.10812062685213 15.25
5034 17552.6894283012 17552.6894283012 0.636093593261764 2.10812062685213 15.25
5035 17554.4792664994 17554.4792664994 0.636093593261764 2.10812062685213 15.25
5036 17556.2691633939 17556.2691633939 0.636093593261764 2.10812062685213 15.25
5037 17558.0591189686 17558.0591189686 0.636093593261764 2.10812062685213 15.25
5038 17559.8491332051 17559.8491332051 0.636093593261764 2.10812062685213 15.25
5039 17561.6392060853 17561.6392060853 0.636093593261764 2.10812062685213 15.25
5040 17563.4293375914 17563.4293375914 0.636093593261764 2.10812062685213 15.25
5041 17565.2195277054 17565.2195277054 0.636093593261764 2.10812062685213 15.25
5042 17567.0097764093 17567.0097764093 0.636093593261764 2.10812062685213 15.25
5043 17568.8000836853 17568.8000836853 0.636093593261764 2.10812062685213 15.25
5044 17570.5904495247 17570.5904495247 0.636093593261764 2.10812062685213 15.25
5045 17572.3808739526 17572.3808739526 0.636093593261764 2.10812062685213 15.25
5046 17574.1713568994 17574.1713568994 0.636093593261764 2.10812062685213 15.25
5047 17575.9618983456 17575.9618983456 0.636093593261764 2.10812062685213 15.25
5048 17577.7524982749 17577.7524982749 0.636093593261764 2.10812062685213 15.25
5049 17579.543156669 17579.543156669 0.636093593261764 2.10812062685213 15.25
